source_timestamp_sec,Fx,Fy,Fz
1783619907.519444942,-0.006993070,-0.013112282,0.025259841
1783619907.520886898,-0.007125231,-0.014248291,0.019540677
1783619907.522486210,-0.004225594,-0.012507129,0.023393744
1783619907.528890848,-0.009376274,-0.007556335,0.026690855
1783619907.529933691,-0.008190049,-0.006075117,0.023832608
1783619907.530987978,-0.008468894,-0.011206845,0.024875313
1783619907.532553196,-0.007648767,-0.009667980,0.021979484
1783619907.534381866,-0.004917635,-0.017037209,0.018363661
1783619907.536419392,-0.007400249,-0.015315049,0.024046968
1783619907.537658930,-0.003865770,-0.011596996,0.023979943
1783619907.539333582,-0.005058130,-0.010159968,0.027126412
1783619907.541275501,-0.008848686,-0.009342086,0.024540881
1783619907.542593002,-0.006216475,-0.013745902,0.021237413
1783619907.544132710,-0.008503876,-0.011041730,0.024948479
1783619907.545803070,-0.008145802,-0.016670118,0.021953093
1783619907.547535181,-0.005533094,-0.010558265,0.025596976
1783619907.554036140,-0.006203971,-0.013795338,0.023760602
1783619907.555549622,-0.005637043,-0.011709964,0.019897884
1783619907.556733847,-0.003877910,-0.009867371,0.018574413
1783619907.557841539,-0.004422901,-0.009060574,0.017645754
1783619907.559213877,-0.009733627,-0.005289775,0.017782603
1783619907.560995817,-0.008214395,-0.003207016,0.024130351
1783619907.562577009,-0.010026411,-0.012785342,0.018724942
1783619907.564561129,-0.009666349,-0.005204189,0.017831926
1783619907.566289186,-0.006644508,-0.009064269,0.018614657
1783619907.567473888,-0.008939457,-0.007548331,0.016647760
1783619907.569200754,-0.013051814,-0.007807528,0.018542420
1783619907.571040392,-0.010263966,-0.004535669,0.019404315
1783619907.572649240,-0.009659812,-0.009220730,0.014451229
1783619907.578731298,-0.009135270,-0.012472907,0.017781697
1783619907.579790115,-0.009615917,-0.010876341,0.019873716
1783619907.580989361,-0.006560750,-0.009299903,0.021098236
1783619907.582623482,-0.005968317,-0.008707091,0.022712793
1783619907.584157228,-0.008812105,-0.013140061,0.018728160
1783619907.586032391,-0.008900599,-0.007472873,0.019225117
1783619907.591329575,-0.011059480,-0.011622949,0.016769252
1783619907.592543364,-0.007800439,-0.002251374,0.022204097
1783619907.594186068,-0.006064876,-0.007173268,0.019782326
1783619907.595987082,-0.009883243,-0.013002051,0.016180880
1783619907.597469091,-0.006363652,-0.008104639,0.021749465
1783619907.603917122,-0.009324044,-0.009794486,0.020511271
1783619907.605214596,-0.005769842,-0.011507005,0.022508766
1783619907.606369019,-0.004221793,-0.010757076,0.020566927
1783619907.607508421,-0.008189479,-0.013813595,0.022257530
1783619907.609308481,-0.006545249,-0.015719889,0.022676370
1783619907.610894442,-0.007543617,-0.010521095,0.026629701
1783619907.616277456,-0.007686728,-0.008887532,0.023716440
1783619907.617599487,-0.003982193,-0.006897446,0.026478454
1783619907.619326115,-0.005903404,-0.007126859,0.022355066
1783619907.620770216,-0.003983078,-0.008142628,0.018250075
1783619907.622627258,-0.006085699,-0.008172384,0.019236088
1783619907.627293825,-0.006220326,-0.001357500,0.022859767
1783619907.628444672,-0.003097772,-0.006486561,0.020470573
1783619907.629529238,-0.003741001,-0.003095563,0.024781510
1783619907.631081820,-0.004963613,-0.005623696,0.022004359
1783619907.632509708,-0.006825635,-0.008550504,0.017679308
1783619907.634205103,-0.006751498,-0.011288761,0.020008835
1783619907.635826826,-0.007096515,-0.006858637,0.017307286
1783619907.637542963,-0.006957250,-0.009704010,0.019605987
1783619907.641274214,-0.007669163,-0.006234761,0.016317486
1783619907.642678499,-0.006705871,-0.011208809,0.020043738
1783619907.644107342,-0.006326613,-0.009265509,0.023705330
1783619907.645893097,-0.005336847,-0.007705867,0.020836131
1783619907.647558451,-0.003324638,-0.007436039,0.022444832
1783619907.653937340,-0.004843507,-0.012217575,0.020993725
1783619907.655221224,-0.006070853,-0.008090855,0.019270923
1783619907.656370163,-0.005218325,-0.010419637,0.020636956
1783619907.657492399,-0.008498753,-0.010424127,0.019036351
1783619907.659156084,-0.008724080,-0.007194409,0.021928057
1783619907.660965919,-0.012058754,-0.009794134,0.020158162
1783619907.666315556,-0.008649278,-0.005743659,0.022655437
1783619907.667599678,-0.015261599,-0.010656797,0.024265260
1783619907.669354200,-0.015665697,-0.008889397,0.028980447
1783619907.671005011,-0.016912731,-0.011324785,0.026232470
1783619907.672460318,-0.016585717,-0.013036369,0.026614583
1783619907.678735495,-0.014548113,-0.006105730,0.029294983
1783619907.679791927,-0.011852905,-0.006733325,0.031800550
1783619907.680882215,-0.013816101,-0.009597228,0.030016714
1783619907.682486296,-0.014026810,-0.010647248,0.031965972
1783619907.684259176,-0.014023638,-0.004211894,0.038048507
1783619907.685950994,-0.012507151,-0.003196162,0.033635085
1783619907.689672470,-0.010377869,-0.007271822,0.029197402
1783619907.690782309,-0.011584726,-0.009895290,0.026390879
1783619907.692552328,-0.010475048,-0.004518459,0.026881252
1783619907.694103003,-0.010065641,-0.006525464,0.027171087
1783619907.696583986,-0.008606010,-0.009459023,0.024443190
1783619907.697658300,-0.010574797,-0.005951738,0.023645572
1783619907.699240685,-0.009426077,-0.007247340,0.023065183
1783619907.704193115,-0.012541189,-0.002103819,0.028045663
1783619907.705842495,-0.014197687,-0.006562441,0.021608600
1783619907.707467079,-0.014103347,-0.010747602,0.020698172
1783619907.709258795,-0.017015898,-0.006785170,0.023693908
1783619907.710797787,-0.015217877,-0.001218317,0.025674553
1783619907.716380358,-0.018126761,-0.007975320,0.026683815
1783619907.717430353,-0.018056043,-0.002298534,0.033452520
1783619907.719410419,-0.020953094,0.003038711,0.036042635
1783619907.720839024,-0.022224806,0.003212532,0.036037341
1783619907.722443581,-0.021792201,-0.001061708,0.038808707
1783619907.728804827,-0.024430818,-0.007048768,0.037787485
1783619907.729864597,-0.026681451,-0.003765981,0.041829398
1783619907.730922937,-0.025024974,-0.001929786,0.045529671
1783619907.732474804,-0.023122960,-0.002548084,0.049158718
1783619907.734267473,-0.026025128,-0.000296257,0.048912127
1783619907.735872746,-0.028710778,-0.007370574,0.047294197
1783619907.741510391,-0.025661393,-0.001865687,0.044240597
1783619907.742634535,-0.027106366,-0.010629977,0.049556212
1783619907.744219065,-0.026281811,-0.006111718,0.052054421
1783619907.745785713,-0.022301166,-0.006966004,0.051992461
1783619907.747566700,-0.023981960,-0.005942630,0.053706858
1783619907.750556946,-0.020972415,-0.008100097,0.056563953
1783619907.751532316,-0.022541241,-0.009019842,0.053417470
1783619907.752586126,-0.021389745,-0.006381913,0.056201108
1783619907.754374981,-0.024314306,-0.005207332,0.055369036
1783619907.755793095,-0.026124885,-0.006831999,0.051743703
1783619907.757638216,-0.023091684,-0.006318789,0.052332350
1783619907.759161949,-0.026778650,-0.008369597,0.049708838
1783619907.760844707,-0.025580370,-0.001703191,0.050862869
1783619907.765274763,-0.025020235,-0.005097853,0.051561795
1783619907.766349792,-0.029006407,-0.004075576,0.049228097
1783619907.767469645,-0.033773751,-0.004415730,0.054944051
1783619907.769322634,-0.031985673,0.000454363,0.056530737
1783619907.770838499,-0.034631372,0.001208978,0.056704378
1783619907.772439003,-0.031720592,-0.000754261,0.057106464
1783619907.774172783,-0.036369151,0.005709780,0.064080250
1783619907.778845310,-0.035897850,0.004299325,0.067078273
1783619907.780043840,-0.037763670,0.004785713,0.070974841
1783619907.781157017,-0.038422666,0.001848256,0.071804080
1783619907.782496929,-0.040602150,0.000608041,0.072257047
1783619907.784272909,-0.037672611,0.007133174,0.076049572
1783619907.785977125,-0.039650669,0.003217830,0.073888938
1783619907.791287422,-0.039947017,0.001295022,0.077838258
1783619907.792605162,-0.041683489,0.005264834,0.079939059
1783619907.794148207,-0.041364575,0.005517339,0.082684844
1783619907.795867443,-0.041582502,0.004299579,0.079511016
1783619907.797581911,-0.040312192,0.006765302,0.077258856
1783619907.804107904,-0.042336099,0.006728985,0.078374390
1783619907.805374384,-0.043571730,0.006919285,0.076012701
1783619907.806524992,-0.047458252,0.004798402,0.073418231
1783619907.807640791,-0.048306940,0.007442077,0.074769729
1783619907.809206724,-0.047507876,0.004095068,0.075622208
1783619907.810758352,-0.045762187,0.010302547,0.076750287
1783619907.816320658,-0.042980566,0.008403370,0.077018552
1783619907.817614794,-0.046930872,0.010962763,0.079567273
1783619907.819365501,-0.045165300,0.003295501,0.076834523
1783619907.821002483,-0.049451200,0.004720682,0.078720792
1783619907.822444916,-0.051711294,0.002314223,0.078726909
1783619907.826449156,-0.045423885,0.005356006,0.080659488
1783619907.827501297,-0.041276777,0.001510635,0.082562845
1783619907.829235315,-0.036189658,0.001794506,0.081779639
1783619907.831120014,-0.036352246,0.003780407,0.084086828
1783619907.832475901,-0.030962543,0.000704527,0.078916084
1783619907.834148407,-0.030619897,-0.002127066,0.078710868
1783619907.835838795,-0.027574013,-0.001620688,0.081617783
1783619907.841394186,-0.025953645,0.001879150,0.084865209
1783619907.842561722,-0.024716555,0.003297267,0.084495053
1783619907.844271183,-0.017928345,-0.001765537,0.079467535
1783619907.845846653,-0.012101634,-0.002109412,0.079540773
1783619907.847479343,-0.012362582,0.003884303,0.081615551
1783619907.853930235,-0.006888493,-0.004741920,0.078370638
1783619907.855193853,0.003035350,0.001665331,0.081055084
1783619907.856323719,0.006064578,-0.005636993,0.078519598
1783619907.857451200,0.013414451,-0.004112465,0.079555098
1783619907.859255552,0.016876202,-0.005614625,0.080044525
1783619907.860795736,0.021947872,-0.010228855,0.080094076
1783619907.866281033,0.026651790,-0.010395502,0.085189797
1783619907.867562056,0.037267149,-0.010660277,0.081335850
1783619907.869298935,0.041374267,-0.010177034,0.080216480
1783619907.870961428,0.043970332,-0.009354027,0.082000643
1783619907.872434139,0.049566086,-0.004919455,0.081586030
1783619907.878927231,0.048994315,-0.009112184,0.078146861
1783619907.880195618,0.060294102,0.004039345,0.078665892
1783619907.881342411,0.071008851,0.018109839,0.086463479
1783619907.882437706,0.072900704,0.025349089,0.089221929
1783619907.884226561,0.084782991,0.036305678,0.094422434
1783619907.885930300,0.091299179,0.047097215,0.099534863
1783619907.891382933,0.098091141,0.063831060,0.107071880
1783619907.892520666,0.147212732,0.121416391,0.147757380
1783619907.894110203,0.156820413,0.125141781,0.172733152
1783619907.895901918,0.168291853,0.143704433,0.181001534
1783619907.897567511,0.168973756,0.171366815,0.180179931
1783619907.903858185,0.171819870,0.188737895,0.190464821
1783619907.905102968,0.196327415,0.221410997,0.210337999
1783619907.906435490,0.201686904,0.236303154,0.220100697
1783619907.907669306,0.201966818,0.242249142,0.223161362
1783619907.909191370,0.214923226,0.251984317,0.232857915
1783619907.910877466,0.204725121,0.256541135,0.237316724
1783619907.912550211,0.218299863,0.264263366,0.245961643
1783619907.916306973,0.220465006,0.275186826,0.253992404
1783619907.917433500,0.215397808,0.285297425,0.269810573
1783619907.919214010,0.235401724,0.281622435,0.262171951
1783619907.921013355,0.221344021,0.292667385,0.277081393
1783619907.922472954,0.240866133,0.281781064,0.284908849
1783619907.924312830,0.215244750,0.292594793,0.295973637
1783619907.928790569,0.237030688,0.292023843,0.282615275
1783619907.929899454,0.229060958,0.305568283,0.302699869
1783619907.931007385,0.230590478,0.310875387,0.310547579
1783619907.932572365,0.225936736,0.310685819,0.326381473
1783619907.934131145,0.234523271,0.305701482,0.312317780
1783619907.936067104,0.222692913,0.311036631,0.331853834
1783619907.941312075,0.235723516,0.317170179,0.330944244
1783619907.942686081,0.221888714,0.322837756,0.348095013
1783619907.944314003,0.233341248,0.320393550,0.348348366
1783619907.945870399,0.220551985,0.319249790,0.357520995
1783619907.947565317,0.231280100,0.320608614,0.356386542
1783619907.951306820,0.222667312,0.315405678,0.367760722
1783619907.952546597,0.217379899,0.323690104,0.372799997
1783619907.954144478,0.218533991,0.327389571,0.384058034
1783619907.955806494,0.225934836,0.333669375,0.378353942
1783619907.957473040,0.228026978,0.336854715,0.388716232
1783619907.959127188,0.220052734,0.340559569,0.396433168
1783619907.960768223,0.215858607,0.335049598,0.399024206
1783619907.966307640,0.216747718,0.341110570,0.406114169
1783619907.967648506,0.220015959,0.346212238,0.401927128
1783619907.969160795,0.221824032,0.344414386,0.412989517
1783619907.970872402,0.203625850,0.342869675,0.425943235
1783619907.972656727,0.240593709,0.345122626,0.411225743
1783619907.978920460,0.199242413,0.347121532,0.430854419
1783619907.979963779,0.208194909,0.395952049,0.440888719
1783619907.981033325,0.232568357,0.411901610,0.442112631
1783619907.982631683,0.235407713,0.427960376,0.460386039
1783619907.984350920,0.234986143,0.429626153,0.464668719
1783619907.985910416,0.251785710,0.435427401,0.460975731
1783619907.987460613,0.244280736,0.446043106,0.476560471
1783619907.991439581,0.262965606,0.449965331,0.477502901
1783619907.992510319,0.270877163,0.464738126,0.480515761
1783619907.994306326,0.263166396,0.482924088,0.497185707
1783619907.995846510,0.285594434,0.488379312,0.501529449
1783619907.997549295,0.271686541,0.506125592,0.519921361
1783619908.003869295,0.301454464,0.512870674,0.522599773
1783619908.005201101,0.305040664,0.564583469,0.562984422
1783619908.006337404,0.301853101,0.583136756,0.572982349
1783619908.007432699,0.306171441,0.593837639,0.585772538
1783619908.009241581,0.320317485,0.612074494,0.600140357
1783619908.010790110,0.322650535,0.629194718,0.617749946
1783619908.014039993,0.321358944,0.647136004,0.644739217
1783619908.015127182,0.317074197,0.667119985,0.661077995
1783619908.016123772,0.307278332,0.694744822,0.683429599
1783619908.017570972,0.316042890,0.719530341,0.705064299
1783619908.019371748,0.305668870,0.745572431,0.733686646
1783619908.020800114,0.300134947,0.775699212,0.750115570
1783619908.022583723,0.313890318,0.805838760,0.764982046
1783619908.028748512,0.316706550,0.820839705,0.786196559
1783619908.029809952,0.339884392,0.901704108,0.836765518
1783619908.030869484,0.356145923,0.927978230,0.858535019
1783619908.032655716,0.406735041,0.943004463,0.869927187
1783619908.034197330,0.398273876,0.988590579,0.883202782
1783619908.035944700,0.419165008,1.002891278,0.893111391
1783619908.041303396,0.406710733,1.055293126,0.921031884
1783619908.042578936,0.443292809,1.088957180,0.952845825
1783619908.044222832,0.517724565,1.092151405,0.950375850
1783619908.045854568,0.501277277,1.135320915,0.962487789
1783619908.047428608,0.496780774,1.163683024,0.997207536
1783619908.053997040,0.507476074,1.180368991,1.006338620
1783619908.055287600,0.561982751,1.277397137,1.065300505
1783619908.056433201,0.523222198,1.302902955,1.098120003
1783619908.057510614,0.551680183,1.312953566,1.109579072
1783619908.059272766,0.493210367,1.343640793,1.154163269
1783619908.060806990,0.520472315,1.372807219,1.163041682
1783619908.066372871,0.480869613,1.411218001,1.185312404
1783619908.067565441,0.512887678,1.458405006,1.227211163
1783619908.069379091,0.502860221,1.488603448,1.250176634
1783619908.070778847,0.527318242,1.521528999,1.266882058
1783619908.072650909,0.531554524,1.549288750,1.289154978
1783619908.076508045,0.553011949,1.595537441,1.316504304
1783619908.077474117,0.597705406,1.699167733,1.375129416
1783619908.079190731,0.594923710,1.741227678,1.397557580
1783619908.080923796,0.600312429,1.780833489,1.423523987
1783619908.082508087,0.609824591,1.832014386,1.443070845
1783619908.084105968,0.611168284,1.864395436,1.455804673
1783619908.085824728,0.621006958,1.902940373,1.475830126
1783619908.091342449,0.633544590,1.953857744,1.491344582
1783619908.092614889,0.665883729,2.077108756,1.533136454
1783619908.094369411,0.666771325,2.119337195,1.551098838
1783619908.096033812,0.671175259,2.156304682,1.565110955
1783619908.097661495,0.670091455,2.191634657,1.584510563
1783619908.104000568,0.670826569,2.229921129,1.607326066
1783619908.105269194,0.700311425,2.331184581,1.655770994
1783619908.106427193,0.708501940,2.362145236,1.669935629
1783619908.107549191,0.715705925,2.388726684,1.681825575
1783619908.109137535,0.714595557,2.423560046,1.694882622
1783619908.110934973,0.719119005,2.450692385,1.710163119
1783619908.116461992,0.712352971,2.479948239,1.728492249
1783619908.117504835,0.734756108,2.559382280,1.756721396
1783619908.119415045,0.733164383,2.579022730,1.773593306
1783619908.120833874,0.746606124,2.607381715,1.784670527
1783619908.122627735,0.744605482,2.631550530,1.792376807
1783619908.128793001,0.736859546,2.652047074,1.810112603
1783619908.129851103,0.765262373,2.714807588,1.838727955
1783619908.130918741,0.777036847,2.736709100,1.849152748
1783619908.132481575,0.781628959,2.756207314,1.864066515
1783619908.134241104,0.785782423,2.777408636,1.873178206
1783619908.136028290,0.781203795,2.786777369,1.890958655
1783619908.139430046,0.786743963,2.801118532,1.901417293
1783619908.141398907,0.791900599,2.818199637,1.906998314
1783619908.142543793,0.807818205,2.847165413,1.915557672
1783619908.144224644,0.798423216,2.845823179,1.930207502
1783619908.145792484,0.807845795,2.857930151,1.931034004
1783619908.147615910,0.803669099,2.865530065,1.943270893
1783619908.153879881,0.795754353,2.859723883,1.961978081
1783619908.155217648,0.812084629,2.876978453,1.985565648
1783619908.156348228,0.816696230,2.889388705,1.997816526
1783619908.157444715,0.828682265,2.901231470,2.007752010
1783619908.159237623,0.829432604,2.908536427,2.022348767
1783619908.160769701,0.835007959,2.917266622,2.036358965
1783619908.166264296,0.829219405,2.917511388,2.051447323
1783619908.167532444,0.847778425,2.948025373,2.052542769
1783619908.169281483,0.848578460,2.950418059,2.059819946
1783619908.170961142,0.855824454,2.955167724,2.070763007
1783619908.172447681,0.866997682,2.965963400,2.070649648
1783619908.178731203,0.867124324,2.960709029,2.081430186
1783619908.179770470,0.890185660,2.980807402,2.083900886
1783619908.180826902,0.887916225,2.973886086,2.084458824
1783619908.182585239,0.891031748,2.977066806,2.087223599
1783619908.184106112,0.890534899,2.980889108,2.093977793
1783619908.185831070,0.881249055,2.971758254,2.099420568
1783619908.191329002,0.888512787,2.976889137,2.108336599
1783619908.192437410,0.892121841,2.973789702,2.100343252
1783619908.194237709,0.894758750,2.982541007,2.097613416
1783619908.195781469,0.892660166,2.976984713,2.101297330
1783619908.197441816,0.892745895,2.977756459,2.093593965
1783619908.200815201,0.893940589,2.974658506,2.096898253
1783619908.203901052,0.894252212,2.959420315,2.084968295
1783619908.205157995,0.897661991,2.960572482,2.068865508
1783619908.206286192,0.896171193,2.953938770,2.061585784
1783619908.207652807,0.887803663,2.936145450,2.065385824
1783619908.209205151,0.890376757,2.929989665,2.054286794
1783619908.210956812,0.888994301,2.912002813,2.045445330
1783619908.216320992,0.884668027,2.896771405,2.049865063
1783619908.217619896,0.880607185,2.879235635,2.040138007
1783619908.219381094,0.876784603,2.867724953,2.035829892
1783619908.220794916,0.876080832,2.859429705,2.032828874
1783619908.222630262,0.870494036,2.846494706,2.028896190
1783619908.228775978,0.873693098,2.839586497,2.038696328
1783619908.229806185,0.872780970,2.803663789,2.008663672
1783619908.230868101,0.872149654,2.792096314,2.003621086
1783619908.232461691,0.871569403,2.782422261,2.004347000
1783619908.234323978,0.873918967,2.764808378,1.999933135
1783619908.235821724,0.874332649,2.756657035,1.998089492
1783619908.241253138,0.880996451,2.734565501,2.003142157
1783619908.242574215,0.877590036,2.708325235,1.996095838
1783619908.244129658,0.871390504,2.687707675,1.994837561
1783619908.246429205,0.878454077,2.665743762,1.998788714
1783619908.247545481,0.866953341,2.622287071,1.989007882
1783619908.249192715,0.868272313,2.590350750,1.990368653
1783619908.253946781,0.869774820,2.569421897,1.987188831
1783619908.255233526,0.859664088,2.527492073,1.980636070
1783619908.256373405,0.857978197,2.499343612,1.973942816
1783619908.257485390,0.853940422,2.474598194,1.967346683
1783619908.259278059,0.855161996,2.446407386,1.963828011
1783619908.260806799,0.852922716,2.415017636,1.962703366
1783619908.266323328,0.859524827,2.386736065,1.957955310
1783619908.267659903,0.848945738,2.338588577,1.943442118
1783619908.269259930,0.846959423,2.316758376,1.944057229
1783619908.270910740,0.845862943,2.291848734,1.931204167
1783619908.272461891,0.845022680,2.269035023,1.927867796
1783619908.277508259,0.845178569,2.247621334,1.927198098
1783619908.279245138,0.837837343,2.212106884,1.917735745
1783619908.281043768,0.843730291,2.192598359,1.924087297
1783619908.282618761,0.841048555,2.184175730,1.915125046
1783619908.284308195,0.847335879,2.170988018,1.919845065
1783619908.285903692,0.857524658,2.163797248,1.923732590
1783619908.291227818,0.851724635,2.156196170,1.924891667
1783619908.292583704,0.849669710,2.148992450,1.931902659
1783619908.294189215,0.856401502,2.142011121,1.932839038
1783619908.295826435,0.855523647,2.136399841,1.939604448
1783619908.297524691,0.856946868,2.137180796,1.939035256
1783619908.303811312,0.858862030,2.136111114,1.939274906
1783619908.305069447,0.847089055,2.159871638,1.949007797
1783619908.306213140,0.844854463,2.166524823,1.955143957
1783619908.307575464,0.847629678,2.172044131,1.961664257
1783619908.309201002,0.846849055,2.180090879,1.968805577
1783619908.310762644,0.852684194,2.191575245,1.977324008
1783619908.316221714,0.856523140,2.195757476,1.984142503
1783619908.317504168,0.856761377,2.203946142,2.002020301
1783619908.319324493,0.861814316,2.211516141,2.005680879
1783619908.320980787,0.867253164,2.223489996,2.018961478
1783619908.322443724,0.862231024,2.228797675,2.027448019
1783619908.328889847,0.874371459,2.243387510,2.038017480
1783619908.329956055,0.872388055,2.274577374,2.084996584
1783619908.331042051,0.872378560,2.283873612,2.098779541
1783619908.332593203,0.881210366,2.289806752,2.107024773
1783619908.334152699,0.884564930,2.298220403,2.112101811
1783619908.335863590,0.888938643,2.304386441,2.127889846
1783619908.339668036,0.895154080,2.304494129,2.130340846
1783619908.341440439,0.896030703,2.314036164,2.143928233
1783619908.342586994,0.902837933,2.327408643,2.156204938
1783619908.344221830,0.907849984,2.334571306,2.165646359
1783619908.345772028,0.907510089,2.336580662,2.169923200
1783619908.347550392,0.916039432,2.347345667,2.182284152
1783619908.354129314,0.921485982,2.350952155,2.189674751
1783619908.355546713,0.913968029,2.372805913,2.215719218
1783619908.356718302,0.909308834,2.376003865,2.227883932
1783619908.357855797,0.906016589,2.376091748,2.233984997
1783619908.359189749,0.910213504,2.384061532,2.240458056
1783619908.360966921,0.912541464,2.392593538,2.248342293
1783619908.362524748,0.920661687,2.394629839,2.255294265
1783619908.366385698,0.924368199,2.409612150,2.266121881
1783619908.367445230,0.922248847,2.428779588,2.272620216
1783619908.369381189,0.931707336,2.438546628,2.278235989
1783619908.370986700,0.932054900,2.452816166,2.286629574
1783619908.372663498,0.939058589,2.455362091,2.289847426
1783619908.378717184,0.953263888,2.465292923,2.290185116
1783619908.379768848,0.950893356,2.485928935,2.306376187
1783619908.380853176,0.953779255,2.493158860,2.307511037
1783619908.382609844,0.955567206,2.500712406,2.312463867
1783619908.384190321,0.962483714,2.504609420,2.318827267
1783619908.385957003,0.965387602,2.503655965,2.321758309
1783619908.391468525,0.964473746,2.509062298,2.331568805
1783619908.392593861,0.965907706,2.526480364,2.356876829
1783619908.394207239,0.976530873,2.531630046,2.361337845
1783619908.395762205,0.977833356,2.548885066,2.371937452
1783619908.397516966,0.986649329,2.562843123,2.378877609
1783619908.400964022,0.995051491,2.572719036,2.386791248
1783619908.403913975,0.994953816,2.582818233,2.395173948
1783619908.405136585,0.990343213,2.593746838,2.403543380
1783619908.406278133,0.987697188,2.597734235,2.411383561
1783619908.407644033,0.991846415,2.601343659,2.408748138
1783619908.409214497,0.986855028,2.599321705,2.409187775
1783619908.410779715,0.989442310,2.611501195,2.409639332
1783619908.416310310,0.993144224,2.615153547,2.410846752
1783619908.417484283,0.991438598,2.617727915,2.420372222
1783619908.419491291,0.982487352,2.617748729,2.422708587
1783619908.421149969,0.981724137,2.619324076,2.428819838
1783619908.422695875,0.987131391,2.625459493,2.421987392
1783619908.424160719,0.985768863,2.626032768,2.427580946
1783619908.425819159,0.987641536,2.642261584,2.424415669
1783619908.428847790,0.995960963,2.647441641,2.426707879
1783619908.429986238,1.002109853,2.662990426,2.435724650
1783619908.431060553,1.004017702,2.670276183,2.440659593
1783619908.432643890,1.008260929,2.677314716,2.430670230
1783619908.434210062,1.011579661,2.683451393,2.434311468
1783619908.435949802,1.017006921,2.699798796,2.439742844
1783619908.441251040,1.021959634,2.707474557,2.442063609
1783619908.442583799,1.028285266,2.721176337,2.447182573
1783619908.444128990,1.029656061,2.730998195,2.441719048
1783619908.445815802,1.030679741,2.735384164,2.447584654
1783619908.447525501,1.033115749,2.738020860,2.439402297
1783619908.454005957,1.029702791,2.749260354,2.439983540
1783619908.455318928,1.056756849,2.764094607,2.443923525
1783619908.456449986,1.063496290,2.772507719,2.444402252
1783619908.457539797,1.066609045,2.784361620,2.449970388
1783619908.459134579,1.071122108,2.799157217,2.448493691
1783619908.460908890,1.070459074,2.811045496,2.452121914
1783619908.466306448,1.073564187,2.828105307,2.459872775
1783619908.467640877,1.085519589,2.864164980,2.466315811
1783619908.469414234,1.087493240,2.884312930,2.472163121
1783619908.470889568,1.086069247,2.906918380,2.479957280
1783619908.472478390,1.084325869,2.933304982,2.480743863
1783619908.477664471,1.079155000,2.961771661,2.487555735
1783619908.479127884,1.079135734,3.049100353,2.513891122
1783619908.480798006,1.073879683,3.085213641,2.526274710
1783619908.482552767,1.073577355,3.121824818,2.527278592
1783619908.484228611,1.078003052,3.163508413,2.541412934
1783619908.485991478,1.077137051,3.197195230,2.545613377
1783619908.491291046,1.079377242,3.236142765,2.554040138
1783619908.492465258,1.103719183,3.384926738,2.577036995
1783619908.494102001,1.102828068,3.434575856,2.589697540
1783619908.495884895,1.102187074,3.484593060,2.603398743
1783619908.497582912,1.108159056,3.535803335,2.614127502
1783619908.503823996,1.108612560,3.592389439,2.629247977
1783619908.505106688,1.150098222,3.832733317,2.680326463
1783619908.506247997,1.169322706,3.893778310,2.687324140
1783619908.507662535,1.173661974,3.959955232,2.699195939
1783619908.509253740,1.192693384,4.017865798,2.714769466
1783619908.510805130,1.198337570,4.085498265,2.724721414
1783619908.512481689,1.222554456,4.149710766,2.741829956
1783619908.516317606,1.229830362,4.220325822,2.756639254
1783619908.517634392,1.244793615,4.288684538,2.771330767
1783619908.519172192,1.259560485,4.359854394,2.798823974
1783619908.520852327,1.281270021,4.418584860,2.814846549
1783619908.522470236,1.292452982,4.504909386,2.839619485
1783619908.524534941,1.301996933,4.582545441,2.865249882
1783619908.528806686,1.335509586,4.657210190,2.894554217
1783619908.529861689,1.451646200,4.911086936,2.972569598
1783619908.530939817,1.499050773,5.002148796,3.009637434
1783619908.532490969,1.514125175,5.101736277,3.054102978
1783619908.534275770,1.523365284,5.205073776,3.097761505
1783619908.536056757,1.531955682,5.312248529,3.150341818
1783619908.539974928,1.575129279,5.412463012,3.196293279
1783619908.541052818,1.672273338,5.622227981,3.290212719
1783619908.542683363,1.730762139,5.740960437,3.347980933
1783619908.544348001,1.746428323,5.860028631,3.420494763
1783619908.545909166,1.809052171,5.986322444,3.478178806
1783619908.547471285,1.836575135,6.127703997,3.548487666
1783619908.554185629,1.859958128,6.272303589,3.630422077
1783619908.555924892,2.097407666,6.727075454,3.836066838
1783619908.557586670,2.119864141,6.887047411,3.931041677
1783619908.559138298,2.098046898,7.052062603,4.047236497
1783619908.560931444,2.085344066,7.204006249,4.177420615
1783619908.566300869,2.163864485,7.366751276,4.247966613
1783619908.567593098,2.488512899,7.964404353,4.560254668
1783619908.569365740,2.439876612,8.110551869,4.730178800
1783619908.570911884,2.510759667,8.273609910,4.821588378
1783619908.572608709,2.454852098,8.422563622,5.003654549
1783619908.578873634,2.369492614,8.567928352,5.208399378
1783619908.579930782,2.634345572,9.088700063,5.514769858
1783619908.581013918,2.712185794,9.263357060,5.595306865
1783619908.582581043,2.681582478,9.425160051,5.778482922
1783619908.584107161,2.626533263,9.595262412,5.994256306
1783619908.586110353,2.595066322,9.741214947,6.171327640
1783619908.591243029,2.672471885,9.921002842,6.246784010
1783619908.592606068,2.848595697,10.262390483,6.387689860
1783619908.594211578,2.811234187,10.383861679,6.552112733
1783619908.595851183,2.755754747,10.495588267,6.755629074
1783619908.597555876,2.830313267,10.644830066,6.822991591
1783619908.602102518,2.774296938,10.724658706,7.030996055
1783619908.603252649,2.935068129,11.109392860,7.278413361
1783619908.604226828,2.986261802,11.232624285,7.350694576
1783619908.605978012,3.044005091,11.356712416,7.387677761
1783619908.607585430,3.008186818,11.450556927,7.537379385
1783619908.609131336,2.995703815,11.532608519,7.677185569
1783619908.610787153,2.975508214,11.608120037,7.832988674
1783619908.616242886,3.037002068,11.741346058,7.907410570
1783619908.617559910,3.130896250,11.962687048,8.012394380
1783619908.619264841,3.107588237,12.015164763,8.162550920
1783619908.620978594,3.143829460,12.127976591,8.198512151
1783619908.622598410,3.123354815,12.192076377,8.310407429
1783619908.628906250,3.113061094,12.234211433,8.456040324
1783619908.629965305,3.263634198,12.600092813,8.648506322
1783619908.631015778,3.293422330,12.689014953,8.697338193
1783619908.632588387,3.283984780,12.743648188,8.810840946
1783619908.634225607,3.279099644,12.781405230,8.935846864
1783619908.636064768,3.297937451,12.885822230,8.958395345
1783619908.641398907,3.300557863,12.926838235,9.081724106
1783619908.642515421,3.338005633,13.199895872,9.191557121
1783619908.644293547,3.318014202,13.255896279,9.288832291
1783619908.645829916,3.312647255,13.266487613,9.422002309
1783619908.647505760,3.330573025,13.356999468,9.438101561
1783619908.653994560,3.322874201,13.368745255,9.574474969
1783619908.655305386,3.348156002,13.620391079,9.673360013
1783619908.656466484,3.359700814,13.698050704,9.722404650
1783619908.657621384,3.374851574,13.771778044,9.775301096
1783619908.659177065,3.366418017,13.812936911,9.894489696
1783619908.660966873,3.363713129,13.847694725,10.007789348
1783619908.663949013,3.371258494,13.854813450,10.158319067
1783619908.665097713,3.378844447,13.944658579,10.204449365
1783619908.666196108,3.385768622,14.021566208,10.244043737
1783619908.667636633,3.394951687,14.126197734,10.230363599
1783619908.669345140,3.390730942,14.199491249,10.250616248
1783619908.670992613,3.379667871,14.213043008,10.327688622
1783619908.672490835,3.372088931,14.266999941,10.338979893
1783619908.674157619,3.337094543,14.276751313,10.418161803
1783619908.678997993,3.309871703,14.266327784,10.506543028
1783619908.680128813,3.281893130,14.352905891,10.489468925
1783619908.681208849,3.271160928,14.387759517,10.495538168
1783619908.682511091,3.243669084,14.378271444,10.566883461
1783619908.684296846,3.229033357,14.390786022,10.609852933
1783619908.685875416,3.220479508,14.430641227,10.597154238
1783619908.691290855,3.177477564,14.435190000,10.646539423
1783619908.692616701,3.177983851,14.499963395,10.650466562
1783619908.694174290,3.133836096,14.519341109,10.669436068
1783619908.695843220,3.091375431,14.529110768,10.699735809
1783619908.697533607,3.096852054,14.563205470,10.693047424
1783619908.703991413,3.056169579,14.575190737,10.724888598
1783619908.705262423,3.072987289,14.633060507,10.767543378
1783619908.706434488,3.074330361,14.640408523,10.779879682
1783619908.707527637,3.068499628,14.652759257,10.808165088
1783619908.709316492,3.015533200,14.669321998,10.874619835
1783619908.710890532,3.028846150,14.714254509,10.906403196
1783619908.716530085,3.021451069,14.774148718,10.938268715
1783619908.717720270,3.115885045,14.889967478,11.071206138
1783619908.719275713,3.138613444,14.916311192,11.099593351
1783619908.720872402,3.145730793,14.945649918,11.114851623
1783619908.722657681,3.150750164,14.965868181,11.124054413
1783619908.726541519,3.131720136,14.980729141,11.133921246
1783619908.727657795,3.153569805,14.930655233,11.141205706
1783619908.729166985,3.184962192,14.878245618,11.148545830
1783619908.730928421,3.153922038,14.823695697,11.125426637
1783619908.732519388,3.170401324,14.740380120,11.111239390
1783619908.734310627,3.152488530,14.652629803,11.075776108
1783619908.735958576,3.142336462,14.539540303,11.039734360
1783619908.737482548,3.115157263,14.435663903,10.980696736
1783619908.741315603,3.107426827,14.294132259,10.942907890
1783619908.742527962,3.122232098,14.130200347,10.900046137
1783619908.744139194,3.089357674,13.989939429,10.808203973
1783619908.745900393,3.076951024,13.830910383,10.712723334
1783619908.747595787,3.079404044,13.630073685,10.644561481
1783619908.753979683,3.058617957,13.455331220,10.517810523
1783619908.755223751,2.959908900,12.480831915,10.135865890
1783619908.756377697,2.918828045,12.210141768,10.023205274
1783619908.757565498,2.880048285,11.948393653,9.914064396
1783619908.759233236,2.859370104,11.711663854,9.738902382
1783619908.760924816,2.826276387,11.470085950,9.574553426
1783619908.762622595,2.795836430,11.196779507,9.457973935
1783619908.766357660,2.771673341,10.956390416,9.301535955
1783619908.767436981,2.740356117,10.713034669,9.183498138
1783619908.769231558,2.734201772,10.499880846,9.043356951
1783619908.770875216,2.700155512,10.277847607,8.935872528
1783619908.772506952,2.703848787,10.110365472,8.784954829
1783619908.778834105,2.707084731,9.945202401,8.679798158
1783619908.779912710,2.550669809,9.365519268,8.455385653
1783619908.780980825,2.520152127,9.252288312,8.411544657
1783619908.782516718,2.562525427,9.194848002,8.279848945
1783619908.784281969,2.605687403,9.149589517,8.153036132
1783619908.785818338,2.585124507,9.059801395,8.104057968
1783619908.788877726,2.613324209,8.984810852,8.012169552
1783619908.789804220,2.587804835,8.893282918,7.957313674
1783619908.790766716,2.551065173,8.796484967,7.895863916
1783619908.792512178,2.527505932,8.720791027,7.806092105
1783619908.794303417,2.544265931,8.655901872,7.679711831
1783619908.796432734,2.551357077,8.552116881,7.580257374
1783619908.797490597,2.504520891,8.454602042,7.489749806
1783619908.799137831,2.501893911,8.342044750,7.393820038
1783619908.803834677,2.447768241,8.197765194,7.326908341
1783619908.805165291,2.348780918,7.948490457,7.169516538
1783619908.806330204,2.296795030,7.805965840,7.101972149
1783619908.807489157,2.254028962,7.667577760,7.042896241
1783619908.809303284,2.247876703,7.570365261,6.933433469
1783619908.810835361,2.243773249,7.475477174,6.827196942
1783619908.816275358,2.245977522,7.363505922,6.739153137
1783619908.817556620,2.173459644,7.142855513,6.594434140
1783619908.819392920,2.168635929,7.045237697,6.475904414
1783619908.820830822,2.130282444,6.917010946,6.408098576
1783619908.822662115,2.130831747,6.835776260,6.310097245
1783619908.828878403,2.138168829,6.728696307,6.227498596
1783619908.829937220,1.967098285,6.321992938,5.993802538
1783619908.831003666,1.937646614,6.223107318,5.956248513
1783619908.832536221,1.945794329,6.159321434,5.886513471
1783619908.834324598,1.982403246,6.090479645,5.823138432
1783619908.835911751,1.949490037,5.998943371,5.805605588
1783619908.841436148,1.983634938,5.932772751,5.773443696
1783619908.842525482,1.925363260,5.782700810,5.736339183
1783619908.844321012,1.959944550,5.766475627,5.711109017
1783619908.845849037,1.995781022,5.739271905,5.702960723
1783619908.847500563,1.991914243,5.728449943,5.707854787
1783619908.851022005,2.042063565,5.705298676,5.692878004
1783619908.852644682,2.037540679,5.704235346,5.704393350
1783619908.854423285,2.037176856,5.707214897,5.707732331
1783619908.855987787,2.040588225,5.707289345,5.719755383
1783619908.857477427,2.120982937,5.714655986,5.693144976
1783619908.859201431,2.207250689,5.710058003,5.683980237
1783619908.860970259,2.206097199,5.717166750,5.692890160
1783619908.866486073,2.300346066,5.710920279,5.688117686
1783619908.867767096,2.334500021,5.749200460,5.733381559
1783619908.869432449,2.343277925,5.763594635,5.744503946
1783619908.870799065,2.438139784,5.758600801,5.732362415
1783619908.872544527,2.442728202,5.780838898,5.739313256
1783619908.874262094,2.530460336,5.775070829,5.718877634
1783619908.875808716,2.612652781,5.762734555,5.708133320
1783619908.878956556,2.618050408,5.768068940,5.711597133
1783619908.880122900,2.606456644,5.782747649,5.704696861
1783619908.881214142,2.609781026,5.788579948,5.709974115
1783619908.882650614,2.675870885,5.777260240,5.693565596
1783619908.884217501,2.658741978,5.781785669,5.688726433
1783619908.886007309,2.708995649,5.764801086,5.669137001
1783619908.887506962,2.757112538,5.746145700,5.654053736
1783619908.891405106,2.753516420,5.744068108,5.644673775
1783619908.892471790,2.739123337,5.745111714,5.638467329
1783619908.894273281,2.766587545,5.725069776,5.630700271
1783619908.895798683,2.806413601,5.700179101,5.617638760
1783619908.897493839,2.782317000,5.693011133,5.605574795
1783619908.903944492,2.807816679,5.662674917,5.589522504
1783619908.905338287,2.745711530,5.590430751,5.487554454
1783619908.906515360,2.720140556,5.571554551,5.460041343
1783619908.907623291,2.710478359,5.539113199,5.427226804
1783619908.909179688,2.711384696,5.493055643,5.401567265
1783619908.910958290,2.700325038,5.436272671,5.377342380
1783619908.913159847,2.703979548,5.396564103,5.337429537
1783619908.914215803,2.679658626,5.369927847,5.298920657
1783619908.916392803,2.651217233,5.344565855,5.258330136
1783619908.917475700,2.611554552,5.311401981,5.233114955
1783619908.919340134,2.607826121,5.270126683,5.184351895
1783619908.920964718,2.562976883,5.233354132,5.161317180
1783619908.922509432,2.535037381,5.189587921,5.130869120
1783619908.928499699,2.531397983,5.166303439,5.088594428
1783619908.929587841,2.462989477,5.061938874,4.985334917
1783619908.931015491,2.426686361,5.030187537,4.972239506
1783619908.932626963,2.407294929,4.998977499,4.956703641
1783619908.934217215,2.398379742,4.966781134,4.926816457
1783619908.935937881,2.366601520,4.946077743,4.914403403
1783619908.937551498,2.369224587,4.930196572,4.892334441
1783619908.941356659,2.347368640,4.913965581,4.871007846
1783619908.942434788,2.320774837,4.895114829,4.868801450
1783619908.944237709,2.316189072,4.871376872,4.862116620
1783619908.945785284,2.313498505,4.855949073,4.840322271
1783619908.947456360,2.291838312,4.835718848,4.846807305
1783619908.953997135,2.291397734,4.823483715,4.832284915
1783619908.955284119,2.266538268,4.762970679,4.836289697
1783619908.956455946,2.268330179,4.748771227,4.835832906
1783619908.957577229,2.274285604,4.733010505,4.837508654
1783619908.959141731,2.288686895,4.716470986,4.843463618
1783619908.960786104,2.293803308,4.689785102,4.840540540
1783619908.962461948,2.300564798,4.679945952,4.834169981
1783619908.966535091,2.303685502,4.673198877,4.835958969
1783619908.967590570,2.315126804,4.645072344,4.833315701
1783619908.969386816,2.316705857,4.643061812,4.821908303
1783619908.970994473,2.319737716,4.620346067,4.805273808
1783619908.972573996,2.328788141,4.616341554,4.796871368
1783619908.975853205,2.324551896,4.619319725,4.784853964
1783619908.979032516,2.316392321,4.601745026,4.772307758
1783619908.980113506,2.316237852,4.580072206,4.757280032
1783619908.981178999,2.310751170,4.573039404,4.747403619
1783619908.982507467,2.298008880,4.568864429,4.737257052
1783619908.984282970,2.301322450,4.565196186,4.721097066
1783619908.985825777,2.303504042,4.551130577,4.700302630
1783619908.990997553,2.292420151,4.547680352,4.687401021
1783619908.992622137,2.284417831,4.526865385,4.652840609
1783619908.994168043,2.281868251,4.520028000,4.632339216
1783619908.995791197,2.271807566,4.514664157,4.612688211
1783619908.997659206,2.271072690,4.505199189,4.583699468
1783619909.004058838,2.258420502,4.496310300,4.566402606
1783619909.005383968,2.221110685,4.450810728,4.493976790
1783619909.006515980,2.210792978,4.444838999,4.475649703
1783619909.007666111,2.200460543,4.433641781,4.458623136
1783619909.009238243,2.195362009,4.430187131,4.436144064
1783619909.010802746,2.186957735,4.425057846,4.414815245
1783619909.012447119,2.172657981,4.414376429,4.391363373
1783619909.016397953,2.164374701,4.412092600,4.379632357
1783619909.017464399,2.149425563,4.399799679,4.329736774
1783619909.019276142,2.134765388,4.399811552,4.313701879
1783619909.020910501,2.132749931,4.396217804,4.283991956
1783619909.022492409,2.127419884,4.402219407,4.261185174
1783619909.028949022,2.113026010,4.408631497,4.246446736
1783619909.030042410,2.100124638,4.462397894,4.184078400
1783619909.031134129,2.094355463,4.480022222,4.167713359
1783619909.032486439,2.086870546,4.502230080,4.149116073
1783619909.034278393,2.096434555,4.532529191,4.129529149
1783619909.035884857,2.098381521,4.566703663,4.101226233
1783619909.037496090,2.095997858,4.587803898,4.080810524
1783619909.041492701,2.103832651,4.625624870,4.064422285
1783619909.042692423,2.125303085,4.711621977,4.024068068
1783619909.044295788,2.128516598,4.751287336,4.021832791
1783619909.045800209,2.145637464,4.801739238,4.004254862
1783619909.047565222,2.163591215,4.859602694,4.006636110
1783619909.053889513,2.165310692,4.908029437,4.017742534
1783619909.055136442,2.232581439,5.104642019,4.052583449
1783619909.056453466,2.267450152,5.174941505,4.059730979
1783619909.057725430,2.296659186,5.246819866,4.074807364
1783619909.059267759,2.311617335,5.327485427,4.105133767
1783619909.060932636,2.351678593,5.397998500,4.116983011
1783619909.062606812,2.377806835,5.486967083,4.138325640
1783619909.064175606,2.384299699,5.573664505,4.173525049
1783619909.066274643,2.429227260,5.657375642,4.195305444
1783619909.067435741,2.484038724,5.751120534,4.205931333
1783619909.069375277,2.490667430,5.837648495,4.245966970
1783619909.070877552,2.550405081,5.931941888,4.261011029
1783619909.072464466,2.568621026,6.038127988,4.292286022
1783619909.074152708,2.569340116,6.131983239,4.337295891
1783619909.078891993,2.624048565,6.231942933,4.375478907
1783619909.079948187,2.755718045,6.432209932,4.435026371
1783619909.080991030,2.823821396,6.528837641,4.479307639
1783619909.082514286,2.837234337,6.644508934,4.520178703
1783619909.084287167,2.847327698,6.777954354,4.555321593
1783619909.085870743,2.918522224,6.878144076,4.599391412
1783619909.091428518,2.901744236,7.017826619,4.667538538
1783619909.092492104,3.063973623,7.273371485,4.739241141
1783619909.094278097,3.073591655,7.447431419,4.789420622
1783619909.095801115,3.038951722,7.624357013,4.861306747
1783619909.097455502,3.138850149,7.781743568,4.889779261
1783619909.100551128,3.100630984,7.951963491,4.977404363
1783619909.101678133,3.301788116,8.232381802,5.034942602
1783619909.102657318,3.386918712,8.415548555,5.140001412
1783619909.104283333,3.462807598,8.589733973,5.178457889
1783619909.105951309,3.411295772,8.772245447,5.272131751
1783619909.107632399,3.510921902,8.926856043,5.286342205
1783619909.109152794,3.499380820,9.122752998,5.311695015
1783619909.110800982,3.455504378,9.305886397,5.401678983
1783619909.115420818,3.518324009,9.475546596,5.465933436
1783619909.116840363,3.671568715,9.826150082,5.605500236
1783619909.118560314,3.789821087,10.018454635,5.631110702
1783619909.120293617,3.875067425,10.198316539,5.698676971
1783619909.121961117,3.974793864,10.377884701,5.773087236
1783619909.123401642,3.935260826,10.580145427,5.866518522
1783619909.124476194,4.057232612,10.764382348,5.892183713
1783619909.125787497,4.143662076,10.928913410,5.955239837
1783619909.127533674,4.126226980,11.125050717,6.015657364
1783619909.129207611,4.101960123,11.323457859,6.090829577
1783619909.130841255,4.045811358,11.507058735,6.196743796
1783619909.132515192,4.152532860,11.677628217,6.220625252
1783619909.134162188,4.130225329,11.869244492,6.303042389
1783619909.136048555,4.072764233,12.042590319,6.413722362
1783619909.141321898,4.137472430,12.201231461,6.465741044
1783619909.142447472,4.286906298,12.502059167,6.546547552
1783619909.144269466,4.266492583,12.668010400,6.613959766
1783619909.145834684,4.188740747,12.818760904,6.729792118
1783619909.147493601,4.317110707,12.990923432,6.772493387
1783619909.153907299,4.169030964,13.065801131,6.868535738
1783619909.155189276,4.393158872,13.577974694,7.009742211
1783619909.156319380,4.441564115,13.700505782,7.058240701
1783619909.157677889,4.321749158,13.822461338,7.215605961
1783619909.159267187,4.386441073,13.953341769,7.246062379
1783619909.160849810,4.294989269,14.084983043,7.386937693
1783619909.166291952,4.181424478,14.202702759,7.586271867
1783619909.167649508,4.386474022,14.632828661,7.782667214
1783619909.169205666,4.294178801,14.750276557,7.994391548
1783619909.170892477,4.376350318,14.909461265,8.042255304
1783619909.172435999,4.297494361,15.024290710,8.229523869
1783619909.176522493,4.224273606,15.121459000,8.438915242
1783619909.177598715,4.293436092,15.257215273,8.503153683
1783619909.179136515,4.350022244,15.392551316,8.543915470
1783619909.180789709,4.284732754,15.465451096,8.740513821
1783619909.182509661,4.329161913,15.596907853,8.783916788
1783619909.184164524,4.262950502,15.668833606,8.956254535
1783619909.185949802,4.220425640,15.721619289,9.146816478
1783619909.191329002,4.260652015,15.839689755,9.205118252
1783619909.192451000,4.398540410,16.345218649,9.406925528
1783619909.194254875,4.349548835,16.425250969,9.571837276
1783619909.195791245,4.322430964,16.486057113,9.756159669
1783619909.197490931,4.326971063,16.612336846,9.767626055
1783619909.204074621,4.305283771,16.656118973,9.935397995
1783619909.205361366,4.343416919,16.937746985,10.013700535
1783619909.206527948,4.362817038,17.004621048,10.039622666
1783619909.207707405,4.383031232,17.062921971,10.064168350
1783619909.209294558,4.331772251,17.069197301,10.181827661
1783619909.210857391,4.296469666,17.071163058,10.291876432
1783619909.212524414,4.284398788,17.036087074,10.420642301
1783619909.216280222,4.295087669,17.061907749,10.430817785
1783619909.217579842,4.286204400,17.100960493,10.401775682
1783619909.219369411,4.252538117,17.073213067,10.504086296
1783619909.220976353,4.242004052,17.027520958,10.619049038
1783619909.222630739,4.221550343,17.070918292,10.606856010
1783619909.228939295,4.214994443,17.036237542,10.720606394
1783619909.230013847,4.226509735,17.270124713,10.785450272
1783619909.231086493,4.238865501,17.346751374,10.820794966
1783619909.232654572,4.229201937,17.375342507,10.929563507
1783619909.234176159,4.249480192,17.395558140,11.046086811
1783619909.235984564,4.230986537,17.485882596,11.064175363
1783619909.238892794,4.252930542,17.504042772,11.182357975
1783619909.239869833,4.265590300,17.578932984,11.219911344
1783619909.240813971,4.277519250,17.644576812,11.244639606
1783619909.242566109,4.258904961,17.719090026,11.257490646
1783619909.244142771,4.257409956,17.734841853,11.351177532
1783619909.246500969,4.251307418,17.712018926,11.430152073
1783619909.247584105,4.227197573,17.749758803,11.443720998
1783619909.249133348,4.243647346,17.731217054,11.495394865
1783619909.254065275,4.237245702,17.739795956,11.497964219
1783619909.255422592,4.203665950,17.755243999,11.520529242
1783619909.256591558,4.200342281,17.763691470,11.522561063
1783619909.257724524,4.204173248,17.765965778,11.519120707
1783619909.259293318,4.176666521,17.729331120,11.575427572
1783619909.260855675,4.143559426,17.696795830,11.612214118
1783619909.262503386,4.138816496,17.670030133,11.610327270
1783619909.266293287,4.126465210,17.643654877,11.596463185
1783619909.267567635,4.080326063,17.591872583,11.596768361
1783619909.269461155,4.032451920,17.529678360,11.581150853
1783619909.270816803,4.004623409,17.457000389,11.533204152
1783619909.272535324,3.936578778,17.364157221,11.499329262
1783619909.274100304,3.895631301,17.275778893,11.406550584
1783619909.278764248,3.854533653,17.153348851,11.330770782
1783619909.279879570,3.675066467,16.662134866,11.109976179
1783619909.280967236,3.627431066,16.478056216,11.026633718
1783619909.282523155,3.559689068,16.283335170,10.929535819
1783619909.284311295,3.500572036,16.089634996,10.829838022
1783619909.285877705,3.451211187,15.889859989,10.748773775
1783619909.287504911,3.425918046,15.703673079,10.626508292
1783619909.291493416,3.378685558,15.489982453,10.552791953
1783619909.292664528,3.270295374,15.035194315,10.420751107
1783619909.294276237,3.263645376,14.832933211,10.289874234
1783619909.295847416,3.191613811,14.577912586,10.223964082
1783619909.297650099,3.175597951,14.345193581,10.101982137
1783619909.300285339,3.190806885,14.114691737,9.949054901
1783619909.301291943,3.143672819,13.845212392,9.851427905
1783619909.302457094,3.101375072,13.579670109,9.756202153
1783619909.304241180,3.029779067,13.280468075,9.674118941
1783619909.305904388,3.046030547,13.013367856,9.501314195
1783619909.307564497,2.972931185,12.710544907,9.423495255
1783619909.309129715,2.980046897,12.448943305,9.285643142
1783619909.310787201,3.015895954,12.202685770,9.133302806
1783619909.315981627,2.978437552,11.925270899,9.056363937
1783619909.317549229,2.919595705,11.406226583,8.949763912
1783619909.319318056,2.960080448,11.183913940,8.850987278
1783619909.320895910,3.022124932,10.964678291,8.734832624
1783619909.322507620,3.000878725,10.733468149,8.679282828
1783619909.328963518,3.072153172,10.525045219,8.575670771
1783619909.330102921,3.039306686,9.695344312,8.372470143
1783619909.331193686,3.039487887,9.507899118,8.328137364
1783619909.332555056,3.105268926,9.331634560,8.237644576
1783619909.334336042,3.153228070,9.150185493,8.162850056
1783619909.335923672,3.144276160,8.980402075,8.119915939
1783619909.337478399,3.194582937,8.831301734,8.066243665
1783619909.341333389,3.186872618,8.693082294,8.052474780
1783619909.342664957,3.186213357,8.589373021,8.052061528
1783619909.344202995,3.261531659,8.492454503,8.023613436
1783619909.345845699,3.325883521,8.414093737,7.999820183
1783619909.347572565,3.338424957,8.353096757,7.985937645
1783619909.354036093,3.403637050,8.300494266,7.944564169
1783619909.355417252,3.405613779,8.143211691,7.802898282
1783619909.356564999,3.395271227,8.105099860,7.752895812
1783619909.357658148,3.377435590,8.062530209,7.696279684
1783619909.359220982,3.406419892,8.005657719,7.617955887
1783619909.360774994,3.430321166,7.934787077,7.540339745
1783619909.362494230,3.441662207,7.864144707,7.468536443
1783619909.366297007,3.407121631,7.781529785,7.405016016
1783619909.367595911,3.366376012,7.701075712,7.339159786
1783619909.369232655,3.365042333,7.605616695,7.263286513
1783619909.370906115,3.319403555,7.517496304,7.194973444
1783619909.372487545,3.317569610,7.423894629,7.115171760
1783619909.377516031,3.314391146,7.328464488,7.046263615
1783619909.379247427,3.176230327,7.057814851,6.835684197
1783619909.381169319,3.168681087,6.955169501,6.753397604
1783619909.382477283,3.104181820,6.867465537,6.671397356
1783619909.384146690,3.082513296,6.772351509,6.577546932
1783619909.385934114,3.072907645,6.664033681,6.483380260
1783619909.391333818,3.019178181,6.568171593,6.392286882
1783619909.392448902,2.825203394,6.290382568,6.142738924
1783619909.394159555,2.816415523,6.235003748,6.097927352
1783619909.395959139,2.787900997,6.194225896,6.054524199
1783619909.397642136,2.711144803,6.153224336,6.034867356
1783619909.404074907,2.709198812,6.101335767,5.999425300
1783619909.405342817,2.564447432,5.991248741,5.905237943
1783619909.406458855,2.533421989,5.958750308,5.866217752
1783619909.407582283,2.506627933,5.924488959,5.830591579
1783619909.409179926,2.476109757,5.896828247,5.799090265
1783619909.410948753,2.444148257,5.862421046,5.775708036
1783619909.416282654,2.463975447,5.829276471,5.745065192
1783619909.417572975,2.360921594,5.779266954,5.718620648
1783619909.419152498,2.381433314,5.755465215,5.679613673
1783619909.420998812,2.363930571,5.702632270,5.654884384
1783619909.422455311,2.291725389,5.671712715,5.654076077
1783619909.428771496,2.320985237,5.635098662,5.608180304
1783619909.429852009,2.196439465,5.555702992,5.579392380
1783619909.430913687,2.180797883,5.544924606,5.587497035
1783619909.432452679,2.199382329,5.526556876,5.597354565
1783619909.434265614,2.221097095,5.505046783,5.598022337
1783619909.435861588,2.213807890,5.504255785,5.598255416
1783619909.440042973,2.269164373,5.509738298,5.577321804
1783619909.441089153,2.262792634,5.515413819,5.581712333
1783619909.442642927,2.243532912,5.500218178,5.599482286
1783619909.444211960,2.283584928,5.485007518,5.594025510
1783619909.445831060,2.334161341,5.478426017,5.567386580
1783619909.447438240,2.317983820,5.456303503,5.577759301
1783619909.453989029,2.367750319,5.442146178,5.556675655
1783619909.455348253,2.354961029,5.368327273,5.555654697
1783619909.456540823,2.351647113,5.346748826,5.542722592
1783619909.457647800,2.353497107,5.326975645,5.533403163
1783619909.459219456,2.390586556,5.294709522,5.506551173
1783619909.460779905,2.428690597,5.279120219,5.479404527
1783619909.466315508,2.452805138,5.275890049,5.449684181
1783619909.467670918,2.446077290,5.231206205,5.417579543
1783619909.469339609,2.461733573,5.213130922,5.383962312
1783619909.470786333,2.466139645,5.186129360,5.355315504
1783619909.472647905,2.487721406,5.163106376,5.310677667
1783619909.478909016,2.494821435,5.150449111,5.282628886
1783619909.479961157,2.470203016,5.074156462,5.222856530
1783619909.481006622,2.457104115,5.058500418,5.221611736
1783619909.482587337,2.477448074,5.057801916,5.178575684
1783619909.484135628,2.474366784,5.045613207,5.165341711
1783619909.485963821,2.474363231,5.029890962,5.136699274
1783619909.491463661,2.475691119,5.015340258,5.117589582
1783619909.492551088,2.455569476,4.963818536,5.084002574
1783619909.494122028,2.448558623,4.949193194,5.067370986
1783619909.495904684,2.452744426,4.941567748,5.034274930
1783619909.497644901,2.451783864,4.923996312,5.017912927
1783619909.503199577,2.440492619,4.908956026,5.003116727
1783619909.504338264,2.411211715,4.867659133,4.976079105
1783619909.505880833,2.407073522,4.859646996,4.953148736
1783619909.507648468,2.418958107,4.860881143,4.923767803
1783619909.509176970,2.415552094,4.852524891,4.904064967
1783619909.510923386,2.428876324,4.851236403,4.876018261
1783619909.516338587,2.424773111,4.843252580,4.876903295
1783619909.517543554,2.418014084,4.810570496,4.856060062
1783619909.519251347,2.410368136,4.798313134,4.851193961
1783619909.520899296,2.417607702,4.792563193,4.812042836
1783619909.522497892,2.418891224,4.786187699,4.769292574
1783619909.524165154,2.408265028,4.781559512,4.735831942
1783619909.528906584,2.399086867,4.769071905,4.712710106
1783619909.529981375,2.363767508,4.724352070,4.622429362
1783619909.531035423,2.342077091,4.698729411,4.589838906
1783619909.532587051,2.335436076,4.692720293,4.541481321
1783619909.534218550,2.314164677,4.678524487,4.507197717
1783619909.535820246,2.300153210,4.652101692,4.469864418
1783619909.541368961,2.275002707,4.619833737,4.432905658
1783619909.542498112,2.232607393,4.554738248,4.382793457
1783619909.544314146,2.227137160,4.535604537,4.342743323
1783619909.545860767,2.204974773,4.505156486,4.308545220
1783619909.547551155,2.193247894,4.477234888,4.270700817
1783619909.549589157,2.176099261,4.449839927,4.236579936
1783619909.550929308,2.156522444,4.418077485,4.203399298
1783619909.553993464,2.134102651,4.382664130,4.174708858
1783619909.555279016,2.101725585,4.318259794,4.118515769
1783619909.556465626,2.083023608,4.288750059,4.088916716
1783619909.557625771,2.062972181,4.257371581,4.062095011
1783619909.559195995,2.053110611,4.227818087,4.019699198
1783619909.560768843,2.044500175,4.205611833,3.979510134
1783619909.565330267,2.029864527,4.169139520,3.945505159
1783619909.566323280,1.993645971,4.115816464,3.889112137
1783619909.567577124,1.986327659,4.092270649,3.855786340
1783619909.569180965,1.974691340,4.063080465,3.827704436
1783619909.570864916,1.973594553,4.048119611,3.791840879
1783619909.572542429,1.971679736,4.030441344,3.768194151
1783619909.574188709,1.970561564,4.017011273,3.741179629
1783619909.578891277,1.962800347,4.005802271,3.725573183
1783619909.580029011,1.956720006,3.995352303,3.692721803
1783619909.581326485,1.951523788,4.000670189,3.680446408
1783619909.583027840,1.944021020,4.004406020,3.674769044
1783619909.584779739,1.957536915,4.012552242,3.665575749
1783619909.586201906,1.953842476,4.019708827,3.654857149
1783619909.587688446,1.960282023,4.032615123,3.650301990
1783619909.589306593,1.975317866,4.039063932,3.650210949
1783619909.591302872,1.992317652,4.041237987,3.657226228
1783619909.592630386,2.005976393,4.058489161,3.655487036
1783619909.594188690,2.032854885,4.064363957,3.657112414
1783619909.595851898,2.046605019,4.068828780,3.660784923
1783619909.597541094,2.060425418,4.089209647,3.651664047
1783619909.603909254,2.073564952,4.098642566,3.660688330
1783619909.605254650,2.111597174,4.200873916,3.686988650
1783619909.606401205,2.127319941,4.247828402,3.705817725
1783619909.607537270,2.142456942,4.298475103,3.730994208
1783619909.609087229,2.180331186,4.345005453,3.751239117
1783619909.610869646,2.211845364,4.394617904,3.771708500
1783619909.612802267,2.242113205,4.456557143,3.798506159
1783619909.616457224,2.270857799,4.523475854,3.815478036
1783619909.617540836,2.336929014,4.679547853,3.837062919
1783619909.619134903,2.366063440,4.747870061,3.854396897
1783619909.620763302,2.404962290,4.829153004,3.876265286
1783619909.622560024,2.440183057,4.910189059,3.896232683
1783619909.628578424,2.459092248,4.980822196,3.920293408
1783619909.629708290,2.554908885,5.241789445,3.995829118
1783619909.630984068,2.591034618,5.340742048,4.009695829
1783619909.632482290,2.627317596,5.431392121,4.039625734
1783619909.634282827,2.661171811,5.526208468,4.071716574
1783619909.635914803,2.681046322,5.622767689,4.113813897
1783619909.637554169,2.724494392,5.713890792,4.131519770
1783619909.639131308,2.740894767,5.808905958,4.172495472
1783619909.641510487,2.786201776,5.897798010,4.202336745
1783619909.642616987,2.836277138,5.984529432,4.220580925
1783619909.644156933,2.859735361,6.079365000,4.264916810
1783619909.645966053,2.878210286,6.183459001,4.291964954
1783619909.647461891,2.944904429,6.286283748,4.311393781
1783619909.654093742,2.960951082,6.400877264,4.354311233
1783619909.655371189,3.191440034,6.752538979,4.472965356
1783619909.656541586,3.270183869,6.883439951,4.523464699
1783619909.657658815,3.362435012,7.014644677,4.597725612
1783619909.659251690,3.398726083,7.155270498,4.658016395
1783619909.660848141,3.416779844,7.347572545,4.701386410
1783619909.662458658,3.434250711,7.516798283,4.755552229
1783619909.666420460,3.533067822,7.658456581,4.808004013
1783619909.667487144,3.758585435,7.987383505,4.874636828
1783619909.669294596,3.783163130,8.198348994,4.881645795
1783619909.670906544,3.926925503,8.394971052,4.920285707
1783619909.672454596,3.926799128,8.629489802,4.943072756
1783619909.678778172,3.903574996,8.867113524,4.994271376
1783619909.679872990,4.267176252,9.481938535,5.079785652
1783619909.680936813,4.391759847,9.705931185,5.135593958
1783619909.682476759,4.377896786,9.995482891,5.138857273
1783619909.684273958,4.375845969,10.293743192,5.152005084
1783619909.685781240,4.495389228,10.501275821,5.218420324
1783619909.689949274,4.466028363,10.758458347,5.286338787
1783619909.690910339,4.649981391,11.169862276,5.408113406
1783619909.692661047,4.777471332,11.387000573,5.384699156
1783619909.694213390,4.733308245,11.657432518,5.397317245
1783619909.696543217,4.658583250,11.881745333,5.484133256
1783619909.697596312,4.761370509,12.099164421,5.465675464
1783619909.699153423,4.680337728,12.313299726,5.570359728
1783619909.704000950,4.754679076,12.487602887,5.632133625
1783619909.705371857,4.953025057,12.877567398,5.660152151
1783619909.706578016,5.043476370,13.058705848,5.726062231
1783619909.707746744,5.132413539,13.230225089,5.789461138
1783619909.709109783,5.042218212,13.481575990,5.856046609
1783619909.710928202,5.004007181,13.708871730,5.913104534
1783619909.712456703,4.976102271,13.907434553,6.028235772
1783619909.716316700,5.058632973,14.068678320,6.094039133
1783619909.717642307,5.142835749,14.255965966,6.102036628
1783619909.719180584,5.108334136,14.446378540,6.237947667
1783619909.720911741,5.181529725,14.606283992,6.255188050
1783619909.722529173,5.132105463,14.813735477,6.342130505
1783619909.728934050,5.141959992,15.020283461,6.469143964
1783619909.729991198,5.467104185,15.683924371,6.629585985
1783619909.731055975,5.545773136,15.826451981,6.686818346
1783619909.732594728,5.472227849,16.000994530,6.789492249
1783619909.734173775,5.410445984,16.147199706,6.950842955
1783619909.736013889,5.455293595,16.301668591,6.980950347
1783619909.741427898,5.389022558,16.425136018,7.151244318
1783619909.742504597,5.504988406,16.704423976,7.222660334
1783619909.744292974,5.375275801,16.835355194,7.367837570
1783619909.745827675,5.284441119,16.949142029,7.557777400
1783619909.747503281,5.315834393,17.095715848,7.577439841
1783619909.752207994,5.226029026,17.206717837,7.780367818
1783619909.753699303,5.468435061,17.603016859,7.949464021
1783619909.754689693,5.555474352,17.739002051,8.018011052
1783619909.755914688,5.640379076,17.867009202,8.082761451
1783619909.757670879,5.690026990,18.017969088,8.116781362
1783619909.759280682,5.582916165,18.134160882,8.312960607
1783619909.760811567,5.477667107,18.236775263,8.501049592
1783619909.762454510,5.390461488,18.311975764,8.732877517
1783619909.766393185,5.456125378,18.398533339,8.780069601
1783619909.767525911,5.506079669,18.498176753,8.778566841
1783619909.769340992,5.400123731,18.536623339,9.002069169
1783619909.770921946,5.451923894,18.623879677,8.995588240
1783619909.772513866,5.338044169,18.675049518,9.149652238
1783619909.778935909,5.240217909,18.682844904,9.362215363
1783619909.779997349,5.424090003,18.930022886,9.439387744
1783619909.781043530,5.458181983,18.975382372,9.474343697
1783619909.782614231,5.359797771,19.018591113,9.615291094
1783619909.784217358,5.270188859,19.028941876,9.801245021
1783619909.786017895,5.304486965,19.114137373,9.769065867
1783619909.791442871,5.224361996,19.130006919,9.948489177
1783619909.792497158,5.294963174,19.269524189,9.955266704
1783619909.794275999,5.195319468,19.308887260,10.047895276
1783619909.795818090,5.120214071,19.316739787,10.182762444
1783619909.797498465,5.129333453,19.381610248,10.138055719
1783619909.804100513,5.048699529,19.368892964,10.239629119
1783619909.805439234,5.055903363,19.380444632,10.138448537
1783619909.806587696,5.041908716,19.360730719,10.122548605
1783619909.807693720,5.020606904,19.330277386,10.106590269
1783619909.809257507,4.884397613,19.282858092,10.133491078
1783619909.810804367,4.743116539,19.237978294,10.157891073
1783619909.812478781,4.642887571,19.166428099,10.195672088
1783619909.816353321,4.618046485,19.102820600,10.168776989
1783619909.817436218,4.526182498,18.994089246,10.080810151
1783619909.819241047,4.437517198,18.903386466,10.083258530
1783619909.820860147,4.365163402,18.834717633,10.017656766
1783619909.822622061,4.240895358,18.744493708,9.998151012
1783619909.828921080,4.152678329,18.637076464,9.966445319
1783619909.830071211,3.984291438,18.245338381,9.801961823
1783619909.831137657,3.946746948,18.101550334,9.749332467
1783619909.832450390,3.866735117,17.946415576,9.719599794
1783619909.834255695,3.770500039,17.789460060,9.670415172
1783619909.835800648,3.710249243,17.628355073,9.625989826
1783619909.841424704,3.667031631,17.465100213,9.572175534
1783619909.842522383,3.579689192,16.912825113,9.435488254
1783619909.844116688,3.546709833,16.726800121,9.368787732
1783619909.845927477,3.496389335,16.537113581,9.292167633
1783619909.847617388,3.446912871,16.327023282,9.227323734
1783619909.854071379,3.425270527,16.123153325,9.130631009
1783619909.855353117,3.332220426,15.472151584,8.923763001
1783619909.856514692,3.303213188,15.243191191,8.852100641
1783619909.857643843,3.269510669,15.016189882,8.783691783
1783619909.859209776,3.225950747,14.809819320,8.676209147
1783619909.860980511,3.185536852,14.607868129,8.567825796
1783619909.862549305,3.158303201,14.404640271,8.475582788
1783619909.866484165,3.115038616,14.193598771,8.422386809
1783619909.867609739,3.040840786,13.808270589,8.325870210
1783619909.869154930,3.004439677,13.628226688,8.279479696
1783619909.870787144,2.987405998,13.495202375,8.187652209
1783619909.872587442,2.980354031,13.368447147,8.083767934
1783619909.876474142,2.957870050,13.231599475,7.990581312
1783619909.877615690,2.861069684,12.922362049,7.864496694
1783619909.879246712,2.812869523,12.769677573,7.762914147
1783619909.881011963,2.777549280,12.606736659,7.650326352
1783619909.882567406,2.717164050,12.454836013,7.556360302
1783619909.884375095,2.681114341,12.318464040,7.424018026
1783619909.886082411,2.628186966,12.145861105,7.369808110
1783619909.887525320,2.600469755,11.997576486,7.279339424
1783619909.891470671,2.547364427,11.829695566,7.225660322
1783619909.892632484,2.455347318,11.520775312,7.091598013
1783619909.894218445,2.424646204,11.380220113,7.004788841
1783619909.895782709,2.372829663,11.241271238,6.920515231
1783619909.897550583,2.353342856,11.119233123,6.806793166
1783619909.904068708,2.338510063,10.978792540,6.709103027
1783619909.905345201,2.222887540,10.549128843,6.532496625
1783619909.906484127,2.192520209,10.405073206,6.478318688
1783619909.907622337,2.148029777,10.256597028,6.429827099
1783619909.909197807,2.136030220,10.139136057,6.337756686
1783619909.910976410,2.122544239,10.011604234,6.241735486
1783619909.916332722,2.113516505,9.880521378,6.173120771
1783619909.917695522,2.033938751,9.630634781,6.082370072
1783619909.919238091,2.028733622,9.525851741,6.005410139
1783619909.920865297,1.995153523,9.422879018,5.951735342
1783619909.922702551,1.984213610,9.315905547,5.866888837
1783619909.928859711,1.974426068,9.223544674,5.799708471
1783619909.929910898,1.805591665,8.791277854,5.590911369
1783619909.930967093,1.778605918,8.693788780,5.556017336
1783619909.932529211,1.765715583,8.605827652,5.493725762
1783619909.934320688,1.754214624,8.524896828,5.437385927
1783619909.935859680,1.733048146,8.432368051,5.406546971
1783619909.938072205,1.737758376,8.359475755,5.358543442
1783619909.939259291,1.720692063,8.285128577,5.327575821
1783619909.941340208,1.701459516,8.220293730,5.294052660
1783619909.942549706,1.677155025,8.152483869,5.246674318
1783619909.944262743,1.683695719,8.095891254,5.188650417
1783619909.945843697,1.657266752,8.029664497,5.137920662
1783619909.947454453,1.654499917,7.969340119,5.071299802
1783619909.952719450,1.657326579,7.903545713,5.000792646
1783619909.954368114,1.593265723,7.756824221,4.901158867
1783619909.955784559,1.559788083,7.677107942,4.852119731
1783619909.957593203,1.542532922,7.600946425,4.798928275
1783619909.959329128,1.532526919,7.522236723,4.733338681
1783619909.960974693,1.518935270,7.454136006,4.670593796
1783619909.966424942,1.485497263,7.374353685,4.633916877
1783619909.967529058,1.389318682,7.183526619,4.534427446
1783619909.969358444,1.393899068,7.138970942,4.484748807
1783619909.970973969,1.359438521,7.088001813,4.450742545
1783619909.972523689,1.363827466,7.038412301,4.409183844
1783619909.978948593,1.368811122,6.988959681,4.360099224
1783619909.980011225,1.279446413,6.768649745,4.239546892
1783619909.981061220,1.255611011,6.714158060,4.208833740
1783619909.982630968,1.253607090,6.654557954,4.161635306
1783619909.984227896,1.260109657,6.599458399,4.102346653
1783619909.986016512,1.226448513,6.545590139,4.078812932
1783619909.991457701,1.243134298,6.498007022,4.017711945
1783619909.992529392,1.188594207,6.393726278,3.964480876
1783619909.994308472,1.204043615,6.351286821,3.923678323
1783619909.995843649,1.228573549,6.327063666,3.873407868
1783619909.997515440,1.199426882,6.287787572,3.858443602
1783619910.003916264,1.222688981,6.262302471,3.811063214
1783619910.005209684,1.128668790,6.137656461,3.715076496
1783619910.006401539,1.110513590,6.108066124,3.697304086
1783619910.007511139,1.092947386,6.083199008,3.677332360
1783619910.009331942,1.117741539,6.056656307,3.634036197
1783619910.010871649,1.138432374,6.030273636,3.587807117
1783619910.014720440,1.161287959,5.999674543,3.538591245
1783619910.016427040,1.138642509,5.961813214,3.508250621
1783619910.017527103,1.091348935,5.884976892,3.467322119
1783619910.019318342,1.118229776,5.855685061,3.415280439
1783619910.020912886,1.098908592,5.815118197,3.400020102
1783619910.022498131,1.122060873,5.781417306,3.362598935
1783619910.028934002,1.154383017,5.747063467,3.324341197
1783619910.030011415,1.132034023,5.642144851,3.293941567
1783619910.031098843,1.124399553,5.597159738,3.287005159
1783619910.032670498,1.150801035,5.564978460,3.256798901
1783619910.034242392,1.185123737,5.536033737,3.217850640
1783619910.036041260,1.178484881,5.499398628,3.210423686
1783619910.041558027,1.204823478,5.474024415,3.180164743
1783619910.042641401,1.198414785,5.405362053,3.167862741
1783619910.044205189,1.224868839,5.391878036,3.140921035
1783619910.045832396,1.212621756,5.373235118,3.136405208
1783619910.047425985,1.233153712,5.353262913,3.110577559
1783619910.054038286,1.247264688,5.335903980,3.084623764
1783619910.055315018,1.223160352,5.272122597,3.061218724
1783619910.056483984,1.216731085,5.258273529,3.047415140
1783619910.057580471,1.205440237,5.232641437,3.042597954
1783619910.059160233,1.219483333,5.216333010,3.015365346
1783619910.060955048,1.232083989,5.196416757,2.990966452
1783619910.066516399,1.241571107,5.171554901,2.968543579
1783619910.067641497,1.212216663,5.101462925,2.943411227
1783619910.069160461,1.197224221,5.074019807,2.934064597
1783619910.070789814,1.209896924,5.057386978,2.913734725
1783619910.072558165,1.217305332,5.035162752,2.888932955
1783619910.076573610,1.226579425,5.017678341,2.875799472
1783619910.077558279,1.207811308,4.993744575,2.870289946
1783619910.079223633,1.192749579,4.976842037,2.861378495
1783619910.080816507,1.208337011,4.972477744,2.851580243
1783619910.082501173,1.193647363,4.974529400,2.843840808
1783619910.084306717,1.204688784,4.964200903,2.826229829
1783619910.085937500,1.200856301,4.963643983,2.825289680
1783619910.091510296,1.211606487,4.954554084,2.818921932
1783619910.092663527,1.205987166,4.938566554,2.820206125
1783619910.094270706,1.218380481,4.944338768,2.805361271
1783619910.095863342,1.215987613,4.947566217,2.790951646
1783619910.097456694,1.224947906,4.952135478,2.770562841
1783619910.103975058,1.228700215,4.945878681,2.746987184
1783619910.105226040,1.208255478,4.947817739,2.714391991
1783619910.106436253,1.206948529,4.948467726,2.721559210
1783619910.107547522,1.200402703,4.947986666,2.724462494
1783619910.109133959,1.210395514,4.956141525,2.722080009
1783619910.110904694,1.222683016,4.970413971,2.715102905
1783619910.116425514,1.232515405,4.980739655,2.717390888
1783619910.117511272,1.247264375,5.021695033,2.753451306
1783619910.119279146,1.257557988,5.033040495,2.750669772
1783619910.120871305,1.267157137,5.048230416,2.751096257
1783619910.122675180,1.283803099,5.067978175,2.743168355
1783619910.128977060,1.294647857,5.080417449,2.740410925
1783619910.130023479,1.307050192,5.115971041,2.750490105
1783619910.131080389,1.311210645,5.123827648,2.748143883
1783619910.132605791,1.323757908,5.139109482,2.732853278
1783619910.134180069,1.333006439,5.159939259,2.726014677
1783619910.135946035,1.334057033,5.165675009,2.712906117
1783619910.138118505,1.338772978,5.177964531,2.700543575
1783619910.139139175,1.334061308,5.183125099,2.698840361
1783619910.141345501,1.338739879,5.193438427,2.694668675
1783619910.142541647,1.340170480,5.195089448,2.677269744
1783619910.144243717,1.343067208,5.207050764,2.665539114
1783619910.145802259,1.342791270,5.215548322,2.649286423
1783619910.147615671,1.342617607,5.219517674,2.628246286
1783619910.153700113,1.341553197,5.230040947,2.614271198
1783619910.155039072,1.321972238,5.255743200,2.589024846
1783619910.156447172,1.323273947,5.269718462,2.576897246
1783619910.157722950,1.319747959,5.288240832,2.570131709
1783619910.159308910,1.317954062,5.305451428,2.555656265
1783619910.160784006,1.315197835,5.328126020,2.537450553
1783619910.162480116,1.314203299,5.363041623,2.517617199
1783619910.164143085,1.308241880,5.392839374,2.505830970
1783619910.166520596,1.303960552,5.425398550,2.496433132
1783619910.167745829,1.300868115,5.464937793,2.488739494
1783619910.169330597,1.307639556,5.505174691,2.483676401
1783619910.171001911,1.316495669,5.556511629,2.459180649
1783619910.172593832,1.315256010,5.608765676,2.442495315
1783619910.174152136,1.319418107,5.659532184,2.427872090
1783619910.178880215,1.327172866,5.708124983,2.415911274
1783619910.179930687,1.355092511,5.812170082,2.393376256
1783619910.180977583,1.363622626,5.880055822,2.392565585
1783619910.182539940,1.366387409,5.938302663,2.381272724
1783619910.184367418,1.370181005,6.005224161,2.369352611
1783619910.185944557,1.383182280,6.071789839,2.370536176
1783619910.191429377,1.384516719,6.153014737,2.362801809
1783619910.192502737,1.426889980,6.306090523,2.366603353
1783619910.194303751,1.431288585,6.389039769,2.359198859
1783619910.195844889,1.437893749,6.481553800,2.355698320
1783619910.197498322,1.470124747,6.572684073,2.355049621
1783619910.200599432,1.480536149,6.678702162,2.348502788
1783619910.201732635,1.575340113,6.878161819,2.353242368
1783619910.202752113,1.627952380,6.988095527,2.360096707
1783619910.204290867,1.695081474,7.103680071,2.369593813
1783619910.206013680,1.727164277,7.219917896,2.387863015
1783619910.207473755,1.797166458,7.332595457,2.414009989
1783619910.209182262,1.826860868,7.478781304,2.442904951
1783619910.210853577,1.896991522,7.664061044,2.453467658
1783619910.216452599,1.950346588,7.750553983,2.442192676
1783619910.217759371,2.106792874,8.118146967,2.569676169
1783619910.219269991,2.205347971,8.265563661,2.565981432
1783619910.220854044,2.231302971,8.415617972,2.605421633
1783619910.222585917,2.258926485,8.562068838,2.653820321
1783619910.228904486,2.266389841,8.716345207,2.715581431
1783619910.230042934,2.586974328,9.284787922,2.823257272
1783619910.231140614,2.656352216,9.426380244,2.852677492
1783619910.232497931,2.664998652,9.585814729,2.916263301
1783619910.234336853,2.685396476,9.756262345,3.003563287
1783619910.235818624,2.750753604,9.905182094,3.042767734
1783619910.241459846,2.750241441,10.094329289,3.117658432
1783619910.242509365,2.920799710,10.438725433,3.195898540
1783619910.244296789,2.932279118,10.616359225,3.284030252
1783619910.245863914,2.950776942,10.788128343,3.364952961
1783619910.247580051,3.052735502,10.966064153,3.402889362
1783619910.253961086,3.065717005,11.150822045,3.495749977
1783619910.255259037,3.408712952,11.824565108,3.640606744
1783619910.256425142,3.501553178,11.998044425,3.674551646
1783619910.257534266,3.590584723,12.180946860,3.727893518
1783619910.259100676,3.619664782,12.359101336,3.818551443
1783619910.260902643,3.652671467,12.541335124,3.922346307
1783619910.266520262,3.668826717,12.741462514,4.034582219
1783619910.267952919,3.983267472,13.335777362,4.192392430
1783619910.269238472,4.062869716,13.500403952,4.263034532
1783619910.270914078,4.101219967,13.719898630,4.365352251
1783619910.272498608,4.150171472,13.914462139,4.470292612
1783619910.274260044,4.203623816,14.112317889,4.577075145
1783619910.278495789,4.292985089,14.328911708,4.619166706
1783619910.279460430,4.491874752,14.717899506,4.686156801
1783619910.280795574,4.595499324,14.891495129,4.715596378
1783619910.282597303,4.634086413,15.084660493,4.814674364
1783619910.284316778,4.657933551,15.257545075,4.913322494
1783619910.285827398,4.743500159,15.431433590,4.951278715
1783619910.291503668,4.749835627,15.590671531,5.060567134
1783619910.292624712,4.930935221,15.981237880,5.155483994
1783619910.294222593,4.924019513,16.103919593,5.264611581
1783619910.295775652,4.992621264,16.224204850,5.292313890
1783619910.297549248,4.994460149,16.338415048,5.404825381
1783619910.303905249,4.974776009,16.448356522,5.541817388
1783619910.305184364,5.174467797,16.843390056,5.639029900
1783619910.306409597,5.235593927,16.980655021,5.672581929
1783619910.307514906,5.299572387,17.112845491,5.712272123
1783619910.309326410,5.280913086,17.247333197,5.874761966
1783619910.310874701,5.244575137,17.358231753,6.049912069
1783619910.316419601,5.197050359,17.452428764,6.260548161
1783619910.317507744,5.361162411,17.789992742,6.357177287
1783619910.319278479,5.285306238,17.857450195,6.595438515
1783619910.320859194,5.330506710,17.966608074,6.614761145
1783619910.322422743,5.237459744,18.024543497,6.845683648
1783619910.325725317,5.143949654,18.071759854,7.091028655
1783619910.326787949,5.181266304,18.183008872,7.120953574
1783619910.327721119,5.223502944,18.272571380,7.149932343
1783619910.329151630,5.257366526,18.392194238,7.169302993
1783619910.330812693,5.172958251,18.445302430,7.432550607
1783619910.332496881,5.201145022,18.568877653,7.453852572
1783619910.334273100,5.091680543,18.624232312,7.708109324
1783619910.335911512,5.129053555,18.724985069,7.731917299
1783619910.340727091,5.039430773,18.757842685,7.990578483
1783619910.341742516,5.104424650,18.944580285,8.042834997
1783619910.342849255,5.121311999,19.040528546,8.063791505
1783619910.344191790,5.152269634,19.118606024,8.092985314
1783619910.345774412,5.048400854,19.137350476,8.352581644
1783619910.347601175,4.950232713,19.134964122,8.607477289
1783619910.354089975,4.883553099,19.120257109,8.849671763
1783619910.355430365,4.950424039,19.249745117,8.872378807
1783619910.356606483,4.977192035,19.278212841,8.880532231
1783619910.357736111,5.002318089,19.292992348,8.891375755
1783619910.359089851,4.914595886,19.245564403,9.109338371
1783619910.360902071,4.834738641,19.179472193,9.321406499
1783619910.362474918,4.778316833,19.100322087,9.530741716
1783619910.366320372,4.797083586,19.103302539,9.555423572
1783619910.367440701,4.782514883,19.109549660,9.548393652
1783619910.369300365,4.739856405,19.036862420,9.742226312
1783619910.370946646,4.720896056,19.041342574,9.725497123
1783619910.372563124,4.663971301,18.977429952,9.871012387
1783619910.378814936,4.622505894,18.908555697,10.005668647
1783619910.379883528,4.557032703,18.824511477,9.894567993
1783619910.380939722,4.543618894,18.798819495,9.873673097
1783619910.382553816,4.480678777,18.703267940,9.989228011
1783619910.384106636,4.435705755,18.616717058,10.097164571
1783619910.385921717,4.418946385,18.585944016,10.071098801
1783619910.388448477,4.387184968,18.503950169,10.158094664
1783619910.389466524,4.383025346,18.464467441,10.132414017
1783619910.391453505,4.376917996,18.421090169,10.101467294
1783619910.392562628,4.353271133,18.389919093,10.065464473
1783619910.394147396,4.312272769,18.287958634,10.124666646
1783619910.395936012,4.257589611,18.191513254,10.164486636
1783619910.397629261,4.226377979,18.133337559,10.130647050
1783619910.403561115,4.170108676,18.023111862,10.152922567
1783619910.404664516,4.089436814,17.764804333,10.010601241
1783619910.405838013,4.050636311,17.659675835,9.966819595
1783619910.407498360,3.991589045,17.521515804,9.967719029
1783619910.409236908,3.916271519,17.387580750,9.958728616
1783619910.410967350,3.850531940,17.248150449,9.935396361
1783619910.416477919,3.818013034,17.117482276,9.880965054
1783619910.417748690,3.748686386,16.826567623,9.777196202
1783619910.419292927,3.723997760,16.670113412,9.723041269
1783619910.420928717,3.659378675,16.493935335,9.685514491
1783619910.422507286,3.602079862,16.308647463,9.637646300
1783619910.424151897,3.550252182,16.127976496,9.556989715
1783619910.428924084,3.517661640,15.929412229,9.496503461
1783619910.429963350,3.424611604,15.263104899,9.282861205
1783619910.431032419,3.396271487,15.039524794,9.208000130
1783619910.432565451,3.348912964,14.812295869,9.122307323
1783619910.434108973,3.313827167,14.608179535,9.019251906
1783619910.435950279,3.290269994,14.360769622,8.945865905
1783619910.441459417,3.255861991,14.143658171,8.837345614
1783619910.442558289,3.208545440,13.632731802,8.678243980
1783619910.444160938,3.177561621,13.405724818,8.560631958
1783619910.445947886,3.147622272,13.170015135,8.443479770
1783619910.447590113,3.121607098,12.906778501,8.358524664
1783619910.449506283,3.096737448,12.680942126,8.237035585
1783619910.454104424,3.065679154,12.420228932,8.149656138
1783619910.455442190,2.979985712,11.665082740,7.879572256
1783619910.456629038,2.953599108,11.432142841,7.791766064
1783619910.457738400,2.921654245,11.202934961,7.702523223
1783619910.459312916,2.897484999,11.001981204,7.570778245
1783619910.460885763,2.872132985,10.811634937,7.441074919
1783619910.462529898,2.842433719,10.635199503,7.325963766
1783619910.466508389,2.793570099,10.433897891,7.249346949
1783619910.467612743,2.710969471,10.065830629,7.106536853
1783619910.469179869,2.652748263,9.889569600,7.049338595
1783619910.470817089,2.622387377,9.752883832,6.935243056
1783619910.472615004,2.582921599,9.609161968,6.821489375
1783619910.478749990,2.534532716,9.455861387,6.722229675
1783619910.479881287,2.373923445,8.985494158,6.500279613
1783619910.480991125,2.318657570,8.831960085,6.425859750
1783619910.482560158,2.288952821,8.714863363,6.294912649
1783619910.484116077,2.241732851,8.590285586,6.178599815
1783619910.485934019,2.192021566,8.449034445,6.086153969
1783619910.491531849,2.150594829,8.316540202,5.964700621
1783619910.492725372,1.985329189,7.889515323,5.730751754
1783619910.494308949,1.953919616,7.768879044,5.629727571
1783619910.495891094,1.899840154,7.629617327,5.543772914
1783619910.497635603,1.874279186,7.514692919,5.425334126
1783619910.504163027,1.846509060,7.397830014,5.334459232
1783619910.505561352,1.682768151,6.987641380,5.133674960
1783619910.506712198,1.642268575,6.861917239,5.080435072
1783619910.507802486,1.600445726,6.733848332,5.033947335
1783619910.509179592,1.574772376,6.643816497,4.940441107
1783619910.510968685,1.565146243,6.557830555,4.862476731
1783619910.512542725,1.540226758,6.465518357,4.790837137
1783619910.516449690,1.510210864,6.354208512,4.747691782
1783619910.517624140,1.439397172,6.163342988,4.670330541
1783619910.519167900,1.407101463,6.073321100,4.642113507
1783619910.520785809,1.392059934,6.003302053,4.559131010
1783619910.522579908,1.388564305,5.943480888,4.479610217
1783619910.526469231,1.377303392,5.871385364,4.425240503
1783619910.527503729,1.324320394,5.724797342,4.383045625
1783619910.529165506,1.300494117,5.674604300,4.351400289
1783619910.530809879,1.308509468,5.633245793,4.305636216
1783619910.532490969,1.297962851,5.596043493,4.284190950
1783619910.534304142,1.309751180,5.582563116,4.234202909
1783619910.535977840,1.309738572,5.553035172,4.225027756
1783619910.541512012,1.329304391,5.543176264,4.196408164
1783619910.542700291,1.314193253,5.517043372,4.158749384
1783619910.544147491,1.315022687,5.502282735,4.146015741
1783619910.545985460,1.324250509,5.510564749,4.101798200
1783619910.547601223,1.333836136,5.531684954,4.065554344
1783619910.554122686,1.343439524,5.535975918,4.030260130
1783619910.555488586,1.296022844,5.527888066,3.975284753
1783619910.556640387,1.278742690,5.509909141,3.954365894
1783619910.557737589,1.266197188,5.501954316,3.945031005
1783619910.559164524,1.262503385,5.508588972,3.899810326
1783619910.560784101,1.261676835,5.505076285,3.862698299
1783619910.562591314,1.257339157,5.511136130,3.823303257
1783619910.566426992,1.240764483,5.489604950,3.809936719
1783619910.567542076,1.220993574,5.484551463,3.790761648
1783619910.569146633,1.201694767,5.462787549,3.779695892
1783619910.570808172,1.198576968,5.464215183,3.737360363
1783619910.572592974,1.190627008,5.464490832,3.692733773
1783619910.578966379,1.195837958,5.444299774,3.652278355
1783619910.580048084,1.111036289,5.329683439,3.544433554
1783619910.581107616,1.089477592,5.300105888,3.520642264
1783619910.582661390,1.092762847,5.295077649,3.469840105
1783619910.584197044,1.099758085,5.279587595,3.430065471
1783619910.586049557,1.084322493,5.260143025,3.404718840
1783619910.589621305,1.104760928,5.252883126,3.376377933
1783619910.590831995,1.101821344,5.237594974,3.375099400
1783619910.592589617,1.101770377,5.217662118,3.370057764
1783619910.594136715,1.092301058,5.208953523,3.349213388
1783619910.595986128,1.111653873,5.210987069,3.298625810
1783619910.597554684,1.133678606,5.219215302,3.239887180
1783619910.599191189,1.167944273,5.208079835,3.198729429
1783619910.603977680,1.169142465,5.191876178,3.193484681
1783619910.605336666,1.152786121,5.169112789,3.147584624
1783619910.606501102,1.148628041,5.166019865,3.143147337
1783619910.607673883,1.145767929,5.165919387,3.136682066
1783619910.609279871,1.171514722,5.189272592,3.090194665
1783619910.610845804,1.206904955,5.211218715,3.047306474
1783619910.612514019,1.243519968,5.226716300,3.030974674
1783619910.616456032,1.247154868,5.226784801,3.035757399
1783619910.617722034,1.246642551,5.244921100,3.021130987
1783619910.619215488,1.246397417,5.247333191,3.024163456
1783619910.620863199,1.277552626,5.274317141,2.973864802
1783619910.622448921,1.311499289,5.292620375,2.924138033
1783619910.628884554,1.342174929,5.300040090,2.890504919
1783619910.629943132,1.333831541,5.284163062,2.844251781
1783619910.630997419,1.332859123,5.270366061,2.836583867
1783619910.632555008,1.360814751,5.280175012,2.770787150
1783619910.634129286,1.389181650,5.276575747,2.735961641
1783619910.635991812,1.377994683,5.280754544,2.698754744
1783619910.641502380,1.411336895,5.274717182,2.665541360
1783619910.642566204,1.393545348,5.263255245,2.633745697
1783619910.644133091,1.424840571,5.257743204,2.604941369
1783619910.645936012,1.454500364,5.263781270,2.550932633
1783619910.647611618,1.446212795,5.268020722,2.513040318
1783619910.651259899,1.477935134,5.252887297,2.480222674
1783619910.652807236,1.466188609,5.237004550,2.459841272
1783619910.654454708,1.448489655,5.233893779,2.416184522
1783619910.655894041,1.441027980,5.215568250,2.407174544
1783619910.657465696,1.457315654,5.222744965,2.343721233
1783619910.659247398,1.475001974,5.213174304,2.283514690
1783619910.660779715,1.488837280,5.203062136,2.252951140
1783619910.666461229,1.482851303,5.185266822,2.245194116
1783619910.667864561,1.460315058,5.143445511,2.209632071
1783619910.669113159,1.454082113,5.124512879,2.207699690
1783619910.670776606,1.467660987,5.121507643,2.162723295
1783619910.672571659,1.482929366,5.117461227,2.114752674
1783619910.674139500,1.499608162,5.106371734,2.096865999
1783619910.678938627,1.493033585,5.084994493,2.085627889
1783619910.679996729,1.464850386,5.051824078,2.046663940
1783619910.681047916,1.451784007,5.030757512,2.034128887
1783619910.682640791,1.462244770,5.018381529,1.994105693
1783619910.684321642,1.478256839,5.006460988,1.973728847
1783619910.685857534,1.474900054,4.991736476,1.957249176
1783619910.691447496,1.481033219,4.975485132,1.934939510
1783619910.692523956,1.462633553,4.913320953,1.903830198
1783619910.694310904,1.471638149,4.891892627,1.883935006
1783619910.695859671,1.484183504,4.869141877,1.867523273
1783619910.697565556,1.482186565,4.846880114,1.856311670
1783619910.704133987,1.494308819,4.825143021,1.844354670
1783619910.705495834,1.499065212,4.774734725,1.833761923
1783619910.706672668,1.502074570,4.762625639,1.835975064
1783619910.707794666,1.505705787,4.757120627,1.828221593
1783619910.709129095,1.528696677,4.737490464,1.826565694
1783619910.710915327,1.549915542,4.733692245,1.827013230
1783619910.712516546,1.560438766,4.732277356,1.824296292
1783619910.716475725,1.558755622,4.725150558,1.822809838
1783619910.717649221,1.569565533,4.735098604,1.835063130
1783619910.719130039,1.565973401,4.737757304,1.838846658
1783619910.720991611,1.587161404,4.739986448,1.841683531
1783619910.722543955,1.604506874,4.743618612,1.853217485
1783619910.728945494,1.618191357,4.750819753,1.853742537
1783619910.730049372,1.641961179,4.789405807,1.874556218
1783619910.731114864,1.649147506,4.804475820,1.883374082
1783619910.732661486,1.671398512,4.818117557,1.898900524
1783619910.734278679,1.689319938,4.836872387,1.900577874
1783619910.735979080,1.705467682,4.858487950,1.913754690
1783619910.741560936,1.721954144,4.894361079,1.922065340
1783619910.742631912,1.760597878,5.023790985,1.966273637
1783619910.744204521,1.785979293,5.078817575,1.977907279
1783619910.745990992,1.811411451,5.125694509,1.999381350
1783619910.747665167,1.829049501,5.175446554,2.010053129
1783619910.754046202,1.850747168,5.237957906,2.019813050
1783619910.755303383,1.901496590,5.433520906,2.042826756
1783619910.756447315,1.915849576,5.509906211,2.054174267
1783619910.757586241,1.933619710,5.586841688,2.059643308
1783619910.759151220,1.961128344,5.655290090,2.076060906
1783619910.760966539,1.989549077,5.734606683,2.094714237
1783619910.766489267,2.005634910,5.821110045,2.103590096
1783619910.767639875,2.077828838,6.092771526,2.116112346
1783619910.769139051,2.095013989,6.191099149,2.107367036
1783619910.770975113,2.119742661,6.290238434,2.113175629
1783619910.772539377,2.140555986,6.388154467,2.126303583
1783619910.775513887,2.161964617,6.502860779,2.109579378
1783619910.776544571,2.197178687,6.641753348,2.121830745
1783619910.777508020,2.223750701,6.748426222,2.101636824
1783619910.779198885,2.271023571,6.864561686,2.099585255
1783619910.780827045,2.290122775,6.991889274,2.114088383
1783619910.782501698,2.356101742,7.112510078,2.121516235
1783619910.784381866,2.386568447,7.245913080,2.151747720
1783619910.785950899,2.459614874,7.377438409,2.142084758
1783619910.790984631,2.486590358,7.519475513,2.166037642
1783619910.792703390,2.637192192,7.777829924,2.195511656
1783619910.794177294,2.669485002,7.924027487,2.227838238
1783619910.795831442,2.749509762,8.065953251,2.270208145
1783619910.797512531,2.776454213,8.227937375,2.344167796
1783619910.804088831,2.806083100,8.391688690,2.399930902
1783619910.805382252,3.128791177,9.042369805,2.527764234
1783619910.806632519,3.219012588,9.217407833,2.545599926
1783619910.807785749,3.311002231,9.391612045,2.545909457
1783619910.809233665,3.340327972,9.577876846,2.600239450
1783619910.810832977,3.358185278,9.774944892,2.654880166
1783619910.812637091,3.372550834,9.955723755,2.730996359
1783619910.816441774,3.457936872,10.136178882,2.743698174
1783619910.817634344,3.538360944,10.305625876,2.778811146
1783619910.819132090,3.629914171,10.486303856,2.784592819
1783619910.820970058,3.646099931,10.672773385,2.883409172
1783619910.822663784,3.649598087,10.850579269,2.985785673
1783619910.824146986,3.739000817,11.040669392,3.022437974
1783619910.828939438,3.748447780,11.240643216,3.108796050
1783619910.830010176,4.039201855,11.882527640,3.247674636
1783619910.831064939,4.146112919,12.118661110,3.285680202
1783619910.832653522,4.175462872,12.365278092,3.421489593
1783619910.834290504,4.213494703,12.630994221,3.526600689
1783619910.835999250,4.328317095,12.882513627,3.595543834
1783619910.841485977,4.371515968,13.149560630,3.714060068
1783619910.842561245,4.612063265,13.658361694,3.859676143
1783619910.844105482,4.664790299,13.912990613,3.982258294
1783619910.845903873,4.697208146,14.130713152,4.107300539
1783619910.847622633,4.842273289,14.383872838,4.162461409
1783619910.851745367,4.889877674,14.628577353,4.275654383
1783619910.852858543,5.242799886,15.310205752,4.384359008
1783619910.854134083,5.348751473,15.548124268,4.452280607
1783619910.855850697,5.385003949,15.787537260,4.566858127
1783619910.857477903,5.488223751,16.002239217,4.639812643
1783619910.859332323,5.503921544,16.223295839,4.789181296
1783619910.860982418,5.528898054,16.440289636,4.909517741
1783619910.866427183,5.631957568,16.646258937,4.944590710
1783619910.867676735,5.826224045,17.033561250,5.048994171
1783619910.869330883,5.928328353,17.232229275,5.082720389
1783619910.870958090,5.925365823,17.418376420,5.235346612
1783619910.872499943,5.925280845,17.586897761,5.376563527
1783619910.874180079,5.928561118,17.749456593,5.495616782
1783619910.878954172,6.009501342,17.911109932,5.529162852
1783619910.879998922,6.246905700,18.346732215,5.657881064
1783619910.881076574,6.324132886,18.495920987,5.687576393
1783619910.882664919,6.317512183,18.622647434,5.816457997
1783619910.884312630,6.311169432,18.749102719,5.928768918
1783619910.886045694,6.382284237,18.879576339,5.978600006
1783619910.891512632,6.366194909,18.983058431,6.078751776
1783619910.892593622,6.474734202,19.200992331,6.133912635
1783619910.894149303,6.449935375,19.303545338,6.229326208
1783619910.895913363,6.394927182,19.403254912,6.346422621
1783619910.897632360,6.426969894,19.489013505,6.373483070
1783619910.904057264,6.360049462,19.581080367,6.497332578
1783619910.905298710,6.449915629,19.923356778,6.576097202
1783619910.906466961,6.467470526,19.998284517,6.588694570
1783619910.907598972,6.493640504,20.055533886,6.605032397
1783619910.909155607,6.383651804,20.108127974,6.765739151
1783619910.910933733,6.264999913,20.141332374,6.942214210
1783619910.913097620,6.155716097,20.175209319,7.130430030
1783619910.914184809,6.166492689,20.235286289,7.147633381
1783619910.917030334,6.185158967,20.289641612,7.167286981
1783619910.918514490,6.187921133,20.352647950,7.202190198
1783619910.919736624,6.208806619,20.418577394,7.211752592
1783619910.920840979,6.232272384,20.489854155,7.225499441
1783619910.922437906,6.101920200,20.525007163,7.417822955
1783619910.924202919,5.970095429,20.542184902,7.617064466
1783619910.928031921,5.841955527,20.558459792,7.803094838
1783619910.929217339,5.831980166,20.635867486,7.795762143
1783619910.930852890,5.689476107,20.629407550,7.995305038
1783619910.932512760,5.674445597,20.659225193,8.013639348
1783619910.934446573,5.521897099,20.654059935,8.234940988
1783619910.936000586,5.524050949,20.683871692,8.243146162
1783619910.941588402,5.384286079,20.670707503,8.454367358
1783619910.942742109,5.376554316,20.739911480,8.439646512
1783619910.944330454,5.375436668,20.749880878,8.416175148
1783619910.945779085,5.200139829,20.710774527,8.587142706
1783619910.947649956,5.038572772,20.660483966,8.769155771
1783619910.949289560,4.889513401,20.592390908,8.934382081
1783619910.954041958,4.863118287,20.566209287,8.909503898
1783619910.955367804,4.818740680,20.496778335,8.845095496
1783619910.956514359,4.801968776,20.459623694,8.820667064
1783619910.957648993,4.784406225,20.419982834,8.794491843
1783619910.959342003,4.644177816,20.333996860,8.949048688
1783619910.960933447,4.504958342,20.236729341,9.087829533
1783619910.962510824,4.384026203,20.139349780,9.209551961
1783619910.966577768,4.362800236,20.061649439,9.174658630
1783619910.967899084,4.301744123,19.870662128,9.097723340
1783619910.969125986,4.278676380,19.752907308,9.046263413
1783619910.970766783,4.157527064,19.602554212,9.135396833
1783619910.972595215,4.036118934,19.456165680,9.206038821
1783619910.974160433,3.932713096,19.306089248,9.267846851
1783619910.978943110,3.894620977,19.179929554,9.221948764
1783619910.980013847,3.803474120,18.909610652,9.124041488
1783619910.981077671,3.755862144,18.766568724,9.069753108
1783619910.982671499,3.653370182,18.588766557,9.103259698
1783619910.984327078,3.565232241,18.418259890,9.112731447
1783619910.985783815,3.513939517,18.269813522,9.059361637
1783619910.989526272,3.442276979,18.093085624,9.049411500
1783619910.991474867,3.398795084,17.939286805,8.987540867
1783619910.992554903,3.302785138,17.589403353,8.855435489
1783619910.994114161,3.231442994,17.401303115,8.828035784
1783619910.995904684,3.159675409,17.191996146,8.790145841
1783619910.997597933,3.098739650,16.985544130,8.720499377
1783619911.004075527,3.044186810,16.761765201,8.658228464
1783619911.005401134,2.882274785,16.047998511,8.438715251
1783619911.006550789,2.830331334,15.792046376,8.356979143
1783619911.007664680,2.777176451,15.526518851,8.268963003
1783619911.009256840,2.703550800,15.255252035,8.176949946
1783619911.010809183,2.638128950,14.971614511,8.076477008
1783619911.012485743,2.592183915,14.691226538,7.943520667
1783619911.016491890,2.524037120,14.387791067,7.834889599
1783619911.017702341,2.374330747,13.762164313,7.634670667
1783619911.019309759,2.312927373,13.448528375,7.531098879
1783619911.020959616,2.259983846,13.164280045,7.401582095
1783619911.022584438,2.213511733,12.889954659,7.281359467
1783619911.024156094,2.181948621,12.640694773,7.143751054
1783619911.028990984,2.146231343,12.367482735,7.062478064
1783619911.030042648,2.065213707,11.848155096,6.919517676
1783619911.031091213,2.034134079,11.610967864,6.846232737
1783619911.032622337,2.021648014,11.408942709,6.707322118
1783619911.034240723,2.005088128,11.222157162,6.564509345
1783619911.035842419,1.971561107,11.006186279,6.495575736
1783619911.041566610,1.953690480,10.827162065,6.345872167
1783619911.042685986,1.855428148,10.227904567,6.139522792
1783619911.044244766,1.826445034,10.072297092,6.019023517
1783619911.045776129,1.787197408,9.887621577,5.972167028
1783619911.047534943,1.758882559,9.757656594,5.863848667
1783619911.051141977,1.734221144,9.626911926,5.762495442
1783619911.052661419,1.695837126,9.462741413,5.723107213
1783619911.054314613,1.661397498,9.305629406,5.686712676
1783619911.055996180,1.643865579,9.190620191,5.584873940
1783619911.057484388,1.610487022,9.042503815,5.547140162
1783619911.059232235,1.591069779,8.951368008,5.455349129
1783619911.060772181,1.581849900,8.869962069,5.361784269
1783619911.066616297,1.546498638,8.753321800,5.337873835
1783619911.067818880,1.485362989,8.473031855,5.276266058
1783619911.069326639,1.468269485,8.394818209,5.257691041
1783619911.070793390,1.449734704,8.319837785,5.242147425
1783619911.072495461,1.451952100,8.286165523,5.170346505
1783619911.074102163,1.455124066,8.242865161,5.098351485
1783619911.075876713,1.454243226,8.197207153,5.025926111
1783619911.078940630,1.433447198,8.138218536,5.008680245
1783619911.079994202,1.389799637,7.992841996,4.965095509
1783619911.081043482,1.378836841,7.919213049,4.941015918
1783619911.082617998,1.368999720,7.867108572,4.865504482
1783619911.084265709,1.370262368,7.820720371,4.800541920
1783619911.085937977,1.348953921,7.732863060,4.778428974
1783619911.091494322,1.342612894,7.671448093,4.708894571
1783619911.092537165,1.295309615,7.482692862,4.657835790
1783619911.094308615,1.290587065,7.410801984,4.590868366
1783619911.095866203,1.277839676,7.323603310,4.521286702
1783619911.097531557,1.246670076,7.220824551,4.494176643
1783619911.104044914,1.231162714,7.129516773,4.423822331
1783619911.105303764,1.121607097,6.662322535,4.283391936
1783619911.106444836,1.094686484,6.549484327,4.243217588
1783619911.107563496,1.070671101,6.428506863,4.203869279
1783619911.109164715,1.060168921,6.326940171,4.123900477
1783619911.110969067,1.045470862,6.227964163,4.050583263
1783619911.116457939,1.034079206,6.129019333,3.983917782
1783619911.117720842,0.947134330,5.832545504,3.866598284
1783619911.119190931,0.912938433,5.759978083,3.841492898
1783619911.120785236,0.907885612,5.715579134,3.783947828
1783619911.122567892,0.901291374,5.678728688,3.730113171
1783619911.128619432,0.904596325,5.641875671,3.680720193
1783619911.129734516,0.889287361,5.561777586,3.618429860
1783619911.131015778,0.887324860,5.551784987,3.590071114
1783619911.132507086,0.889105667,5.533901177,3.573772278
1783619911.134396553,0.902735177,5.540211075,3.526268477
1783619911.136103630,0.913977815,5.537438450,3.496119489
1783619911.137573004,0.906209901,5.537016158,3.474241211
1783619911.139149904,0.920585347,5.542082006,3.442092534
1783619911.141490698,0.907076629,5.541237272,3.438696152
1783619911.142587662,0.895067859,5.555464780,3.425297437
1783619911.144156456,0.904793225,5.560803373,3.406023497
1783619911.145924330,0.912358338,5.589258175,3.380819253
1783619911.147630692,0.899511924,5.611112272,3.371365627
1783619911.154066324,0.913339457,5.629814902,3.366845610
1783619911.155311108,0.921211149,5.695576015,3.401081238
1783619911.156447887,0.932649553,5.720980116,3.420094309
1783619911.157533884,0.941621617,5.735861266,3.436195062
1783619911.159133911,0.960976113,5.778456309,3.403155051
1783619911.161001682,0.975552763,5.829899139,3.371161001
1783619911.162497044,0.994147918,5.848151279,3.361558218
1783619911.166523695,0.997510181,5.874908197,3.373065399
1783619911.167777538,0.990785898,5.928922633,3.360763932
1783619911.169269323,0.982114856,5.951067822,3.369527857
1783619911.170851231,0.978948512,5.995088335,3.322210300
1783619911.172635078,0.978752886,6.042848375,3.273748255
1783619911.174537182,0.991985366,6.066418746,3.263286969
1783619911.178960085,0.987623186,6.069013687,3.263604092
1783619911.180011272,0.962139399,6.105033158,3.235567247
1783619911.181091547,0.960010431,6.099911735,3.246885049
1783619911.182638407,0.960296197,6.135189148,3.191378197
1783619911.184267998,0.978350918,6.136370308,3.167266938
1783619911.185936451,0.955292596,6.163519323,3.129825158
1783619911.190535784,0.978946994,6.170953304,3.103213978
1783619911.191498041,0.969852619,6.175756053,3.109653325
1783619911.192570448,0.946101414,6.203367823,3.077383432
1783619911.194139719,0.966984438,6.213378009,3.048496117
1783619911.195933342,0.978196372,6.248900037,2.972301163
1783619911.197606802,0.945713053,6.281120571,2.939851385
1783619911.204080343,0.982480791,6.295787169,2.898829072
1783619911.205374718,0.951168348,6.346236255,2.867688312
1783619911.206547737,0.950694983,6.356596978,2.879374035
1783619911.207692385,0.952576484,6.373849537,2.886112201
1783619911.209272385,0.983421730,6.409064271,2.825254934
1783619911.210798979,1.009244648,6.435731756,2.763879187
1783619911.212477207,1.059359931,6.454802815,2.735136194
1783619911.216509819,1.061347232,6.456723773,2.740640385
1783619911.217701197,1.044832460,6.483138082,2.716824161
1783619911.219162464,1.044517967,6.474633971,2.715814013
1783619911.220796347,1.069705552,6.494743093,2.644604868
1783619911.222591877,1.100592429,6.511250962,2.577109370
1783619911.228943348,1.148202388,6.514096247,2.536142375
1783619911.230005980,1.122335419,6.500461116,2.491399412
1783619911.231068850,1.120210373,6.491215134,2.483999273
1783619911.232603073,1.145496987,6.498287734,2.416734486
1783619911.234235764,1.186020469,6.488636961,2.380574640
1783619911.236094952,1.163427635,6.508226347,2.349466871
1783619911.241524935,1.206138763,6.506355834,2.316267394
1783619911.242621183,1.187744889,6.525746389,2.295700685
1783619911.244193077,1.232671689,6.527484884,2.264857904
1783619911.245754719,1.212849366,6.543233046,2.244852880
1783619911.247517347,1.239512105,6.543111373,2.194950176
1783619911.251147032,1.276454558,6.542127899,2.163693120
1783619911.252717495,1.270637836,6.525252266,2.150532933
1783619911.254364729,1.254340565,6.518756842,2.124599179
1783619911.255814314,1.245264021,6.506545653,2.115412002
1783619911.257648945,1.271266588,6.492309129,2.065860142
1783619911.259235859,1.297379872,6.477011783,2.019029592
1783619911.260771513,1.328160559,6.462956728,1.986598302
1783619911.266495943,1.321852338,6.443607299,1.979704473
1783619911.267650366,1.308676382,6.382575751,1.953228175
1783619911.269198418,1.294147619,6.362808883,1.935087620
1783619911.270826101,1.321096233,6.343701458,1.897998913
1783619911.272643805,1.344708351,6.329804942,1.871640658
1783619911.274207115,1.378882595,6.314119970,1.851731672
1783619911.278998375,1.386440356,6.294256689,1.843262261
1783619911.280142307,1.396768132,6.237498048,1.835509457
1783619911.281248808,1.399904016,6.216795784,1.832223028
1783619911.282597303,1.441984814,6.195529520,1.828704571
1783619911.284297466,1.451906342,6.189019750,1.831938786
1783619911.285970926,1.493088211,6.184601036,1.831052949
1783619911.291481018,1.527487069,6.170790293,1.825456408
1783619911.292519331,1.547351521,6.172846800,1.837031721
1783619911.294287920,1.582658801,6.168184128,1.831473378
1783619911.295820236,1.612653271,6.175835995,1.831795315
1783619911.297550917,1.625472706,6.179200470,1.837156591
1783619911.304096699,1.648413437,6.185191714,1.833030150
1783619911.305363178,1.688141689,6.236582994,1.851619478
1783619911.306527376,1.695403656,6.246013961,1.863509005
1783619911.307644844,1.703263221,6.264228039,1.872019963
1783619911.309218407,1.728755489,6.277937512,1.885746077
1783619911.310760498,1.758162620,6.283832390,1.900172880
1783619911.316446304,1.779328677,6.299550569,1.906839052
1783619911.317738771,1.814276670,6.350773846,1.932000666
1783619911.319219112,1.826243549,6.369134930,1.942572948
1783619911.320803404,1.840617616,6.382397279,1.948544671
1783619911.322581291,1.863009167,6.399871760,1.966137936
1783619911.328494787,1.878258129,6.429298739,1.970457311
1783619911.329420567,1.912351420,6.531721583,2.000926950
1783619911.330939293,1.937280326,6.564846624,2.017743035
1783619911.332481384,1.966596082,6.598750771,2.037980713
1783619911.334295273,1.992882769,6.634677668,2.056210637
1783619911.335862160,2.011156803,6.674577636,2.063411714
1783619911.341574669,2.032796170,6.717721014,2.074231550
1783619911.342665434,2.109298352,6.852815026,2.115532096
1783619911.344312668,2.130932189,6.904686841,2.124870541
1783619911.345885992,2.152038593,6.950230840,2.152461833
1783619911.347443104,2.176677019,7.002081033,2.183136845
1783619911.354151249,2.182007681,7.054269462,2.186248090
1783619911.355563641,2.250328071,7.254230695,2.193406508
1783619911.356758118,2.273094647,7.334170995,2.179496691
1783619911.357869148,2.295942684,7.412654046,2.163070828
1783619911.359250784,2.318793414,7.490294099,2.186967897
1783619911.360800505,2.334448866,7.577850882,2.180678974
1783619911.362585783,2.359192588,7.663030827,2.206691314
1783619911.366506577,2.382749189,7.756805210,2.193415649
1783619911.367748976,2.452396494,7.954217918,2.205905358
1783619911.369307756,2.483398669,8.060594980,2.192558252
1783619911.370928288,2.506528033,8.159312299,2.233955242
1783619911.372507572,2.522228527,8.246020983,2.286157374
1783619911.374185085,2.528750221,8.360997080,2.292568122
1783619911.378957987,2.561737813,8.467334511,2.267032137
1783619911.380060196,2.635556791,8.655717428,2.275529582
1783619911.381143808,2.675727472,8.755952010,2.251884471
1783619911.382459164,2.676374642,8.851808355,2.258696982
1783619911.384358883,2.691231585,8.920076767,2.330874338
1783619911.385872126,2.741735457,8.991067813,2.370070360
1783619911.390914917,2.742938617,9.078513352,2.389696444
1783619911.392490864,2.868331283,9.245348284,2.361480703
1783619911.394312620,2.890440309,9.367495873,2.474819493
1783619911.395913601,2.884724809,9.508001515,2.524426956
1783619911.397558451,2.959605221,9.620556850,2.564228011
1783619911.404121161,2.972936308,9.762787940,2.608013730
1783619911.405415058,3.312362057,10.386240610,2.663147599
1783619911.406594515,3.397521241,10.572868239,2.661853871
1783619911.407725811,3.488564662,10.726282735,2.645041790
1783619911.409291744,3.527900098,10.886948285,2.770906244
1783619911.410851479,3.565264070,11.051343010,2.905033607
1783619911.412496090,3.581585962,11.238075151,2.989586443
1783619911.416499138,3.657881771,11.433873820,3.012453943
1783619911.417746305,3.855203462,11.801206362,3.080090408
1783619911.419217348,3.958104455,11.996164628,3.081450702
1783619911.420820236,3.994935036,12.177042452,3.231588574
1783619911.422577620,4.007365759,12.386629407,3.347047763
1783619911.424341679,4.116047130,12.564163200,3.404262225
1783619911.428973436,4.110919470,12.764763045,3.509254157
1783619911.430028915,4.300279071,13.141681332,3.586892617
1783619911.431086302,4.382672080,13.314510258,3.593253971
1783619911.432657003,4.409327273,13.472993519,3.737004469
1783619911.434333801,4.393344361,13.647034658,3.845427125
1783619911.435796738,4.488629180,13.790319364,3.915006291
1783619911.441463470,4.469798371,13.966008383,4.027319774
1783619911.442509174,4.638092750,14.283375177,4.112376303
1783619911.444302320,4.644262314,14.432175720,4.274839016
1783619911.445833921,4.620907180,14.608780781,4.401466478
1783619911.447534800,4.718225702,14.764070114,4.475940710
1783619911.453209877,4.678929634,14.893150925,4.570277537
1783619911.454432011,4.945568217,15.457723518,4.627581369
1783619911.455975294,5.056534267,15.580077023,4.697300396
1783619911.457648516,5.072301805,15.688146921,4.874645967
1783619911.459203243,5.071172532,15.838344788,4.977432210
1783619911.461004019,5.101885714,15.940096938,5.166095103
1783619911.466507673,5.170194629,16.071875599,5.194704453
1783619911.467854977,5.439282729,16.462391824,5.358782625
1783619911.469177008,5.503406768,16.595348415,5.382834749
1783619911.470918655,5.532386660,16.671725650,5.588151223
1783619911.472496510,5.514911540,16.784116047,5.689197021
1783619911.474270582,5.537860573,16.841487415,5.880903545
1783619911.478920221,5.592698505,16.952573842,5.893778411
1783619911.479973316,5.808486400,17.235941619,6.081179362
1783619911.481042385,5.877735956,17.380759578,6.112037452
1783619911.482605219,5.911829429,17.456488022,6.330175589
1783619911.484221697,5.902019597,17.597837716,6.448191163
1783619911.485837698,6.025791413,17.694049138,6.585137095
1783619911.491590977,6.021319713,17.858558116,6.699741152
1783619911.492753267,6.218757921,18.098608289,6.837435945
1783619911.494134665,6.295156527,18.248417046,6.859826962
1783619911.495924950,6.348715009,18.325948469,7.053115919
1783619911.497513056,6.396802906,18.403741948,7.250634003
1783619911.500006914,6.387935960,18.525357361,7.361362285
1783619911.501277924,6.520104694,18.776830127,7.438552329
1783619911.504035711,6.586752856,18.906428305,7.473044119
1783619911.505271196,6.687606924,18.977534136,7.589011368
1783619911.506423712,6.745895176,19.100398168,7.620752420
1783619911.507578611,6.812713531,19.223833585,7.649258071
1783619911.509166002,6.838778518,19.300747389,7.861545140
1783619911.510936022,6.850675073,19.368637034,8.093272588
1783619911.514901400,6.805924935,19.498840131,8.252491145
1783619911.515928268,6.867264795,19.632122570,8.292456405
1783619911.517598391,6.988140675,19.744004112,8.400975011
1783619911.519331932,6.973243562,19.820312086,8.655024191
1783619911.520846367,6.897175900,19.939452318,8.835375790
1783619911.522499561,7.004214479,20.030494814,8.931271711
1783619911.529029369,6.907353122,20.121471501,9.132869059
1783619911.530182600,7.114852847,20.472567848,9.262998851
1783619911.531305075,7.147641184,20.545977809,9.282908237
1783619911.532643795,7.010576385,20.590860282,9.494418341
1783619911.534301281,7.061670303,20.632509143,9.575583527
1783619911.535831213,6.936608397,20.638411896,9.851916748
1783619911.537503958,6.781240793,20.671027327,10.075914273
1783619911.541512012,6.801511511,20.749548562,10.094820959
1783619911.542570591,6.864227894,20.871687183,10.173803620
1783619911.544117212,6.714142458,20.891068650,10.402712391
1783619911.545913458,6.574377716,20.869772204,10.684981179
1783619911.547627687,6.600274979,20.905087477,10.746158197
1783619911.554179192,6.464425658,20.893171762,10.983769035
1783619911.555885315,6.548992530,21.002975203,11.083016494
1783619911.557508945,6.398959693,20.952818362,11.356752460
1783619911.559306145,6.252467375,20.892802740,11.617971241
1783619911.560849428,6.132629336,20.831852260,11.822761992
1783619911.566724062,6.146087897,20.848004224,11.834785012
1783619911.568196774,6.124066523,20.847672852,11.874303323
1783619911.569448233,6.113981317,20.856818398,11.866866367
1783619911.570861101,5.988392986,20.807232660,12.042849522
1783619911.572448015,5.950861223,20.815667757,12.063466457
1783619911.574245214,5.800915755,20.759367416,12.259865703
1783619911.576554537,5.705170879,20.717126408,12.413622310
1783619911.577596188,5.699003308,20.723798014,12.402050316
1783619911.579269648,5.647286943,20.732914772,12.412931324
1783619911.580914021,5.544212593,20.667092554,12.546583517
1783619911.582697392,5.478967725,20.656156911,12.557406487
1783619911.584598303,5.339817624,20.581272747,12.685203094
1783619911.586062431,5.312707738,20.558973553,12.666743235
1783619911.587773561,5.220711579,20.479586613,12.771754866
1783619911.591619968,5.193841108,20.458059466,12.744657924
1783619911.592959642,5.115340316,20.367719991,12.689426591
1783619911.594132423,5.091828310,20.311545985,12.651072025
1783619911.596024752,4.965497693,20.180823608,12.720615959
1783619911.597569227,4.848687296,20.053080172,12.776480687
1783619911.599127054,4.772790315,19.926629104,12.813114235
1783619911.604150772,4.743489631,19.836730911,12.766401797
1783619911.605855227,4.645209809,19.652085785,12.686320708
1783619911.607463360,4.545693596,19.522720502,12.696635769
1783619911.609320402,4.453390361,19.405364892,12.704459279
1783619911.610888004,4.383222580,19.273422688,12.674455329
1783619911.616503716,4.338083811,19.160822393,12.608511384
1783619911.617877483,4.132650114,18.646833793,12.366322630
1783619911.619362354,4.087225702,18.503050016,12.302453816
1783619911.620927334,4.000307145,18.341247410,12.269566474
1783619911.622483253,3.923900968,18.194936668,12.224536802
1783619911.624155283,3.877835303,18.027932831,12.166990767
1783619911.628993034,3.831339567,17.877062732,12.094425812
1783619911.630147696,3.716572442,17.559158246,11.937394839
1783619911.631241560,3.674581724,17.397739379,11.860459140
1783619911.632607698,3.627455515,17.232270072,11.786322631
1783619911.634364605,3.558199493,17.064376087,11.710639547
1783619911.635866880,3.495176935,16.890148962,11.632571759
1783619911.637448788,3.467196540,16.708783298,11.537712798
1783619911.639504433,3.419976273,16.514310188,11.455509512
1783619911.641530991,3.376899405,16.323267586,11.370849335
1783619911.642660856,3.305876864,16.109883264,11.280387223
1783619911.644244909,3.281785885,15.910080368,11.163082304
1783619911.645778418,3.210360661,15.689395102,11.066054397
1783619911.647554159,3.169991067,15.476604861,10.941179476
1783619911.654108047,3.156636241,15.264196324,10.809988349
1783619911.655468702,2.980129782,14.538630024,10.494116563
1783619911.656645060,2.930391395,14.278093434,10.376357020
1783619911.657790899,2.875298347,14.019300640,10.258629238
1783619911.659124374,2.831101428,13.767823570,10.103286416
1783619911.660901546,2.794866475,13.533312754,9.950181215
1783619911.662436008,2.782443273,13.285616701,9.775757425
1783619911.666515589,2.738245445,13.016749091,9.663399238
1783619911.667751551,2.659915085,12.762633898,9.546394973
1783619911.669201374,2.606591417,12.501971325,9.430399594
1783619911.670918226,2.572171111,12.280738295,9.261764169
1783619911.672656059,2.536632403,12.065860855,9.075056398
1783619911.674355030,2.514021047,11.842460841,8.903848605
1783619911.678967476,2.450276774,11.594273150,8.786790207
1783619911.680027008,2.244132923,10.855263383,8.419627402
1783619911.681105852,2.179839195,10.618606280,8.301498038
1783619911.682447672,2.153310009,10.410834173,8.132567303
1783619911.684367180,2.126435562,10.220326605,7.950217096
1783619911.685815334,2.065917368,10.009106843,7.835692476
1783619911.691511393,2.039531327,9.835311112,7.694772667
1783619911.692588806,1.941165663,9.451058558,7.527170503
1783619911.694143534,1.935307247,9.312608505,7.410167246
1783619911.695927858,1.934513555,9.202249500,7.283823428
1783619911.697601795,1.915371521,9.058227090,7.215212440
1783619911.702192307,1.923543138,8.966534869,7.119980671
1783619911.703399897,1.878046672,8.624019701,6.973865077
1783619911.704376459,1.868211783,8.528441458,6.930494715
1783619911.705900669,1.892060542,8.462246064,6.848383308
1783619911.707506418,1.935128406,8.440860549,6.708936693
1783619911.709283113,1.960577618,8.404864658,6.599023933
1783619911.710824490,1.961151417,8.343308592,6.514326264
1783619911.716601610,1.938120709,8.256429886,6.481514088
1783619911.718192577,1.912798331,8.104366519,6.386490831
1783619911.719415188,1.870400884,7.904724880,6.324393622
1783619911.720847607,1.865539006,7.836915935,6.255107801
1783619911.722661734,1.881957368,7.788391554,6.154876339
1783619911.724199295,1.869815319,7.711453780,6.100585825
1783619911.729014397,1.871867153,7.638604292,6.032423005
1783619911.730226517,1.833560910,7.450092032,5.935718824
1783619911.731315851,1.814472277,7.344043095,5.892704466
1783619911.732659340,1.808649091,7.255897603,5.815599726
1783619911.734212160,1.795754817,7.159311630,5.736568751
1783619911.735948086,1.791269273,7.081780366,5.631138672
1783619911.737574339,1.782623070,6.981849862,5.548772098
1783619911.741545200,1.744301273,6.856526554,5.494475233
1783619911.742606640,1.692249280,6.629638165,5.354131048
1783619911.744164944,1.680413475,6.530891825,5.268178436
1783619911.745938540,1.667689653,6.437816171,5.154116286
1783619911.747611284,1.636382742,6.324049021,5.065642088
1783619911.754130363,1.622164330,6.216082372,4.971764857
1783619911.755451679,1.492124457,5.867058576,4.741948617
1783619911.756603479,1.441540585,5.751258859,4.670585669
1783619911.757715940,1.395531643,5.637639276,4.595073514
1783619911.759278774,1.365725662,5.546447088,4.488063915
1783619911.760849714,1.337892592,5.456179842,4.377644978
1783619911.762522221,1.313003846,5.359823321,4.283900997
1783619911.764554024,1.263100347,5.262552218,4.218118344
1783619911.766533136,1.228091482,5.180961878,4.167272505
1783619911.767820597,1.188838419,5.121706229,4.106038031
1783619911.769295692,1.152712889,5.055778389,4.062065660
1783619911.770881653,1.148576540,5.040307990,4.004696313
1783619911.772434235,1.142837360,5.033993973,3.942510454
1783619911.778981686,1.148095766,5.033115649,3.904153428
1783619911.780049086,1.125973480,5.026259858,3.844912511
1783619911.781238079,1.120962859,5.025994203,3.828282179
1783619911.782618284,1.127273933,5.040456035,3.798415133
1783619911.784320593,1.120517871,5.051443738,3.772965671
1783619911.786013126,1.125063854,5.071256516,3.738604847
1783619911.787468910,1.134342415,5.090530858,3.716002988
1783619911.791467190,1.122704357,5.086452258,3.712410094
1783619911.792603493,1.109866879,5.091373036,3.695014269
1783619911.794151306,1.119412672,5.097520874,3.679913519
1783619911.795949936,1.132979230,5.108885828,3.649987010
1783619911.797644138,1.130090075,5.116692557,3.633775161
1783619911.804108143,1.146083224,5.130532566,3.616495429
1783619911.805354595,1.130401523,5.130976436,3.593356875
1783619911.806497335,1.123223009,5.126579035,3.591751682
1783619911.807638645,1.118121697,5.116607984,3.581904016
1783619911.809201241,1.127748205,5.131818274,3.540410212
1783619911.810973883,1.144445095,5.137303876,3.492473314
1783619911.812434912,1.156325873,5.134637982,3.451182872
1783619911.816672802,1.149680377,5.113304532,3.434005583
1783619911.817936897,1.138229364,5.079189098,3.394620037
1783619911.819135904,1.132354474,5.053436313,3.374267468
1783619911.820984125,1.150530425,5.061546827,3.321392722
1783619911.822550535,1.172431361,5.058161567,3.269074286
1783619911.824193478,1.195656110,5.046831876,3.223112305
1783619911.826766729,1.194428709,5.034894344,3.210444136
1783619911.827789068,1.188486088,5.014464762,3.195060668
1783619911.829179525,1.186816910,5.005806344,3.175950547
1783619911.830853701,1.217213782,5.003215522,3.121696694
1783619911.832533598,1.217023022,4.998136539,3.090650816
1783619911.834461927,1.248109537,4.994594135,3.017901797
1783619911.836018562,1.244745873,4.972071431,3.003770284
1783619911.841550827,1.267159935,4.953047161,2.956567256
1783619911.842680454,1.239656969,4.873325805,2.874799817
1783619911.844272137,1.254921391,4.845797103,2.816373388
1783619911.845808744,1.246489400,4.826046573,2.767851342
1783619911.847612381,1.262790010,4.819396229,2.689694830
1783619911.854086399,1.278970095,4.798923210,2.642166368
1783619911.855341434,1.235580198,4.733743420,2.579627131
1783619911.856454372,1.233723332,4.709832166,2.568442382
1783619911.857576132,1.226984901,4.685255134,2.555021622
1783619911.859135866,1.240451333,4.699647514,2.481775254
1783619911.860908985,1.264950315,4.718565200,2.406246128
1783619911.866599560,1.285142413,4.700289715,2.373855147
1783619911.867892504,1.275974824,4.679427527,2.329104566
1783619911.869340658,1.270883710,4.679778582,2.335798077
1783619911.870892286,1.296916455,4.705993156,2.271047383
1783619911.872466564,1.316685013,4.724262839,2.205170932
1783619911.874133110,1.343424827,4.722355790,2.185747766
1783619911.879035711,1.342448191,4.714322866,2.187981603
1783619911.880181313,1.320869422,4.740209459,2.148039920
1783619911.881284714,1.317764064,4.740004509,2.141991559
1783619911.882633924,1.342618250,4.740131711,2.111692303
1783619911.884322405,1.327867696,4.762477702,2.056465303
1783619911.886007547,1.352598284,4.794533867,1.976822516
1783619911.887442350,1.370910339,4.794375790,1.945881739
1783619911.891483307,1.361124785,4.800703803,1.940907411
1783619911.892563581,1.343707969,4.819605437,1.883524435
1783619911.894140959,1.352286403,4.821495104,1.853491859
1783619911.895915985,1.364789726,4.830601512,1.792088322
1783619911.897608995,1.352415478,4.840644355,1.750779683
1783619911.903213978,1.365722982,4.840644085,1.728693869
1783619911.904417276,1.335288689,4.827922214,1.703939695
1783619911.905928373,1.321705344,4.842540806,1.662984202
1783619911.907516003,1.327042493,4.854931847,1.614392336
1783619911.909271479,1.335361098,4.871528965,1.572004587
1783619911.910805464,1.339766048,4.877494196,1.553879150
1783619911.916653633,1.339269233,4.892387526,1.548744333
1783619911.917999983,1.334955640,4.949950406,1.520101614
1783619911.919240236,1.327637435,4.985388573,1.513786075
1783619911.920869350,1.338482817,5.016459875,1.485830598
1783619911.922661304,1.353750250,5.063378184,1.468101790
1783619911.924214602,1.363972522,5.098704518,1.451202308
1783619911.929020166,1.358050474,5.143165320,1.447388539
1783619911.930191517,1.349208063,5.278233755,1.413940749
1783619911.931298018,1.343295277,5.327742847,1.402574972
1783619911.932621479,1.348007553,5.373464411,1.382344229
1783619911.934365034,1.344291288,5.421192640,1.377439244
1783619911.935815573,1.348155187,5.466855718,1.372181018
1783619911.937499285,1.349851842,5.527101932,1.356091829
1783619911.941513062,1.341964612,5.589912125,1.349142600
1783619911.942604065,1.354602546,5.720271199,1.338147256
1783619911.944122791,1.360444284,5.786150632,1.322539508
1783619911.945957899,1.365687797,5.848774415,1.330930942
1783619911.947622776,1.377800705,5.916537261,1.334644724
1783619911.949532509,1.377978674,5.990935113,1.326774239
1783619911.950972795,1.386105247,6.062909509,1.304270170
1783619911.954008579,1.397083896,6.132276964,1.286388674
1783619911.955293894,1.415564787,6.210484199,1.287092213
1783619911.956458569,1.428753083,6.281216440,1.262906732
1783619911.957600355,1.448081859,6.351252883,1.231917580
1783619911.959197521,1.457077397,6.420924401,1.238648196
1783619911.960995436,1.466012306,6.490653631,1.256505503
1783619911.962451220,1.468297069,6.568080773,1.243056315
1783619911.964812517,1.492168051,6.641739578,1.223491423
1783619911.965755463,1.526382693,6.709064732,1.198484810
1783619911.967662096,1.564625471,6.767954960,1.221464316
1783619911.969141006,1.594680553,6.823972593,1.264754723
1783619911.970846653,1.616758751,6.911762844,1.288654092
1783619911.972533941,1.670854107,6.991203619,1.335096252
1783619911.979031801,1.696117399,7.080453718,1.374131266
1783619911.980202913,1.873029636,7.394215765,1.437709954
1783619911.981312990,1.932666549,7.531371790,1.455697627
1783619911.982635498,1.953648742,7.664288973,1.504288666
1783619911.984385967,2.033556467,7.794920709,1.562792106
1783619911.985845804,2.075580878,7.928483032,1.673430298
1783619911.987437487,2.104751600,8.089725014,1.745126897
1783619911.991480112,2.175996388,8.248999747,1.766593313
1783619911.992535114,2.346218803,8.578446224,1.866257440
1783619911.994321108,2.392128594,8.733584455,1.989099876
1783619911.995927334,2.421685721,8.927325052,2.078182792
1783619911.997642040,2.519072776,9.113631254,2.150038210
1783619912.004130602,2.553453970,9.313720230,2.237954193
1783619912.005808115,2.844106359,9.936291343,2.382190822
1783619912.007437706,2.884312252,10.136971021,2.524035462
1783619912.009216309,2.925009963,10.330464447,2.664153822
1783619912.010756731,2.961247886,10.542937374,2.763875689
1783619912.016602516,3.023576360,10.719166969,2.793806185
1783619912.017907143,3.414871577,11.524945476,2.982102238
1783619912.019348621,3.504454515,11.736360374,3.022531736
1783619912.020939112,3.546255999,11.916337219,3.177497916
1783619912.022499084,3.580511492,12.111773611,3.345966738
1783619912.024133205,3.604330433,12.320577763,3.466765860
1783619912.027529955,3.704276098,12.526706959,3.516465673
1783619912.029215097,3.819513844,12.721078429,3.607433122
1783619912.030766010,3.843924440,12.923945895,3.724877172
1783619912.032442093,3.961315322,13.119536522,3.812897046
1783619912.034446001,4.000502409,13.304807906,3.978422195
1783619912.036015034,4.102310506,13.506892596,4.020969355
1783619912.041508913,4.130003867,13.703282467,4.143165640
1783619912.042620897,4.524035508,14.498691264,4.409370375
1783619912.044243813,4.554272532,14.712558006,4.549817599
1783619912.045788288,4.663385691,14.907497646,4.654299266
1783619912.047607183,4.703880620,15.103647620,4.831355385
1783619912.054096222,4.743972954,15.329243871,4.969583387
1783619912.055354118,5.064804182,15.914891905,5.148582124
1783619912.056474686,5.167641444,16.111154101,5.199347583
1783619912.057570457,5.264782847,16.281468117,5.247532950
1783619912.059128523,5.294123716,16.464132847,5.406443707
1783619912.060906887,5.315096252,16.620400978,5.580820523
1783619912.066561699,5.330687489,16.788890293,5.708392661
1783619912.067792177,5.588968657,17.265812821,5.900766623
1783619912.069248915,5.673489365,17.430142836,5.952023266
1783619912.070813417,5.698930476,17.582915878,6.110495599
1783619912.072616339,5.733324011,17.744796528,6.265814429
1783619912.075526953,5.769757897,17.921900281,6.390571530
1783619912.076546431,5.870555111,18.100206807,6.445321055
1783619912.077484131,5.973233281,18.287498184,6.494291394
1783619912.079280376,6.072008075,18.449590456,6.574169694
1783619912.080871105,6.104961620,18.624902445,6.688108205
1783619912.082523108,6.188566890,18.776635239,6.765649672
1783619912.084432602,6.212288883,18.926359936,6.901762971
1783619912.085949659,6.261548168,19.092695599,6.943931300
1783619912.091111898,6.298564142,19.229395414,7.064111933
1783619912.092677355,6.429114717,19.501099372,7.178437846
1783619912.094279528,6.418002892,19.619579731,7.345599188
1783619912.095818520,6.400602846,19.754055069,7.508147961
1783619912.097494602,6.480668848,19.892894404,7.595761852
1783619912.104085922,6.465543234,20.035042023,7.771139412
1783619912.105344057,6.778653821,20.630046782,7.982853007
1783619912.106469631,6.842591205,20.760900917,8.012052739
1783619912.107977629,6.903579129,20.896718506,8.040244956
1783619912.109246969,6.839662743,21.002046208,8.201569932
1783619912.110969782,6.889537666,21.096970501,8.263954767
1783619912.112650394,6.811426188,21.167606159,8.475539674
1783619912.114197254,6.737602343,21.232424011,8.661335700
1783619912.116581202,6.774354330,21.313595604,8.676123123
1783619912.117843866,6.796618924,21.353923962,8.734264962
1783619912.119263411,6.814452277,21.397557000,8.737479150
1783619912.120869637,6.685692432,21.376084920,8.966644381
1783619912.122595549,6.541233690,21.331145067,9.191312812
1783619912.124118328,6.537849453,21.324539231,9.183780223
1783619912.128997087,6.406257099,21.263685166,9.348530552
1783619912.130053759,6.376318531,21.164165172,9.351863817
1783619912.131098986,6.361842579,21.112811777,9.333057329
1783619912.132651091,6.215300994,21.003480028,9.551376218
1783619912.134380341,6.094954240,20.906560816,9.715601152
1783619912.135788202,6.077808683,20.859660485,9.750747712
1783619912.138066530,5.971153295,20.770801229,9.911318328
1783619912.139193535,5.968013822,20.728873641,9.889757140
1783619912.141503096,5.970453677,20.684234058,9.868304890
1783619912.142565489,5.947717898,20.613053223,9.889987815
1783619912.144146681,5.834300479,20.498999060,10.028277276
1783619912.145948887,5.709529169,20.371062022,10.210793593
1783619912.147646189,5.669872990,20.280280968,10.221547674
1783619912.153206587,5.562106596,20.150775889,10.335528105
1783619912.154312611,5.509294905,19.988723168,10.262308242
1783619912.155763626,5.462361332,19.903637391,10.268644774
1783619912.157563210,5.330209904,19.748172224,10.433023474
1783619912.159175634,5.204802755,19.602368846,10.581165039
1783619912.160811901,5.107324478,19.480967438,10.671852426
1783619912.166534185,5.091325595,19.418111488,10.627893455
1783619912.167850971,4.993915357,19.080881565,10.487590424
1783619912.169140339,4.964564843,18.976874250,10.443080271
1783619912.170879126,4.854312266,18.791579168,10.539606105
1783619912.172513008,4.752200349,18.611750718,10.599161670
1783619912.174319983,4.643331712,18.423556304,10.659263964
1783619912.178957701,4.609263422,18.275279683,10.587721998
1783619912.180022001,4.533420415,17.929933375,10.464895315
1783619912.181072950,4.495391779,17.743136004,10.381392910
1783619912.182641745,4.380323191,17.500672540,10.405740896
1783619912.184153557,4.336239970,17.300508075,10.317047516
1783619912.185837984,4.228406095,17.057206847,10.322356088
1783619912.191561699,4.127614609,16.827109214,10.308222020
1783619912.192622185,4.015706289,16.190366176,10.065947671
1783619912.194158554,3.931253967,15.949148956,10.019989082
1783619912.195937872,3.853338756,15.712238435,9.973466992
1783619912.197628260,3.818604922,15.489413974,9.895863169
1783619912.204127312,3.744066571,15.254830678,9.821085184
1783619912.205437183,3.621461601,14.563712626,9.529309875
1783619912.206620455,3.575398477,14.319674996,9.424976181
1783619912.207738400,3.534193914,14.083216594,9.321439240
1783619912.209300995,3.462181723,13.832574798,9.241962478
1783619912.210868359,3.390212303,13.591822037,9.147035058
1783619912.212438107,3.328125306,13.348237462,9.041567574
1783619912.216538906,3.279631303,13.090962470,8.929666997
1783619912.217851877,3.199217281,12.579113653,8.689380982
1783619912.219297409,3.151561547,12.325592385,8.577257812
1783619912.220916986,3.092823239,12.072260122,8.440832979
1783619912.222458363,3.041391916,11.839746795,8.309895553
1783619912.224129677,2.988194872,11.609951953,8.164932330
1783619912.228987932,2.944716870,11.362658631,8.051248542
1783619912.230047941,2.865074796,10.871893927,7.816498455
1783619912.231106043,2.823570457,10.639080377,7.700522470
1783619912.232648134,2.782405852,10.430316942,7.559900399
1783619912.234151125,2.741554478,10.204691717,7.454616106
1783619912.235828400,2.704382632,10.006771730,7.309913046
1783619912.241532564,2.669735334,9.815149785,7.181970758
1783619912.242646456,2.565188924,9.201057380,6.855045022
1783619912.244200706,2.525783926,9.022601580,6.729289510
1783619912.245794296,2.493509462,8.824378195,6.610553553
1783619912.247595549,2.467460095,8.663542509,6.471496408
1783619912.254109144,2.435501813,8.499773186,6.339700739
1783619912.255390167,2.303116003,7.951293501,6.054963848
1783619912.256564140,2.263208604,7.782688018,5.986768699
1783619912.257659435,2.225952799,7.630351239,5.920826470
1783619912.259209633,2.198694671,7.506370744,5.821258139
1783619912.260793209,2.175850261,7.387467371,5.722343001
1783619912.262470961,2.156988342,7.254711229,5.644279707
1783619912.266480207,2.131077999,7.115863134,5.595856336
1783619912.267713785,2.105559416,6.988938580,5.531548567
1783619912.269139528,2.077058949,6.861035394,5.486711646
1783619912.270954370,2.064203760,6.761555969,5.390614100
1783619912.272561312,2.053309922,6.661393008,5.300263686
1783619912.275520086,2.028589875,6.567393399,5.216876645
1783619912.276591539,1.967918934,6.355450046,5.105485429
1783619912.277574301,1.939420253,6.259228015,5.055938392
1783619912.279252529,1.903093879,6.170385104,4.995393144
1783619912.280828476,1.881076328,6.092051840,4.925734872
1783619912.282510996,1.853147689,6.025461573,4.873985020
1783619912.284425735,1.823707650,5.986895702,4.803049330
1783619912.285933256,1.796223518,5.910069338,4.774956344
1783619912.290986776,1.773550367,5.858760625,4.725544271
1783619912.292532206,1.726241688,5.756031875,4.660673158
1783619912.294304848,1.713049736,5.725711532,4.611176677
1783619912.296608925,1.696078322,5.688246580,4.567025075
1783619912.297688961,1.651021651,5.590123472,4.493859886
1783619912.299242258,1.632495129,5.553106205,4.437298770
1783619912.304065943,1.603611971,5.498280426,4.403690985
1783619912.305278540,1.553086012,5.398533688,4.326687966
1783619912.306383610,1.526943910,5.346102683,4.295725571
1783619912.307519197,1.498437123,5.289575553,4.271019339
1783619912.309106112,1.486352215,5.257082542,4.203482338
1783619912.310889006,1.464825148,5.216189065,4.136152439
1783619912.316520452,1.438525432,5.176550254,4.087060551
1783619912.317764521,1.373594254,5.054607809,3.996172750
1783619912.319192171,1.342100394,4.995017058,3.958380186
1783619912.320790291,1.322483297,4.946526647,3.885378557
1783619912.322798252,1.302445217,4.902414502,3.820776267
1783619912.324118853,1.272580376,4.839075113,3.782236074
1783619912.329009056,1.255341814,4.788317411,3.722162716
1783619912.330100775,1.180472988,4.613385995,3.598459965
1783619912.331175089,1.160920047,4.559189176,3.570085032
1783619912.332544088,1.145584138,4.519593023,3.517173078
1783619912.334318399,1.129993353,4.471111956,3.480937937
1783619912.335814476,1.126807665,4.440149921,3.424388453
1783619912.337445974,1.112016179,4.403651733,3.375941037
1783619912.341504335,1.097173737,4.348676867,3.341524671
1783619912.342557430,1.078425363,4.308310415,3.298192752
1783619912.344117165,1.072513114,4.274272062,3.253148243
1783619912.345891953,1.062730838,4.244443147,3.200951968
1783619912.347604513,1.047283363,4.213179985,3.163394949
1783619912.353101254,1.037032299,4.180110378,3.123860666
1783619912.354255915,0.992725376,4.083778786,3.048232749
1783619912.355983019,0.980847220,4.058115552,3.025203132
1783619912.357534170,0.977823550,4.054725422,2.984979683
1783619912.359394789,0.973541802,4.050981638,2.940458789
1783619912.360802174,0.959117378,4.029398575,2.926281014
1783619912.366383314,0.963184718,4.022511794,2.892178797
1783619912.367677689,0.938959187,3.949083711,2.823005782
1783619912.369190693,0.926470536,3.932977054,2.811585411
1783619912.370795488,0.934270089,3.933516331,2.765948535
1783619912.372580290,0.943734202,3.942831107,2.719991385
1783619912.378991604,0.947636287,3.939875684,2.679778058
1783619912.380033255,0.922559776,3.921424734,2.641104420
1783619912.381095409,0.914564324,3.913590117,2.632550659
1783619912.382659912,0.925228615,3.940502359,2.580108992
1783619912.384504557,0.934246412,3.950580378,2.544856748
1783619912.386034489,0.933311894,3.966220686,2.520359188
1783619912.387525797,0.947412820,3.982375248,2.492328440
1783619912.391497135,0.939968461,3.978646733,2.491505971
1783619912.392599821,0.932090723,3.992575660,2.466925699
1783619912.394155979,0.947014562,4.006516074,2.436231698
1783619912.395951986,0.960889339,4.029738198,2.376669696
1783619912.397629261,0.950482858,4.037890485,2.348282096
1783619912.399528265,0.963362368,4.045208239,2.314391027
1783619912.404093504,0.954338263,4.033925126,2.309500346
1783619912.405359507,0.942985531,4.044566286,2.266676264
1783619912.406558990,0.931088283,4.029497939,2.262004395
1783619912.407665968,0.923937228,4.027059644,2.254269460
1783619912.409240007,0.927943953,4.042454417,2.189504568
1783619912.410783768,0.938860483,4.063410326,2.116963949
1783619912.415588856,0.944051610,4.058326341,2.075814758
1783619912.416572094,0.929966689,4.034912699,2.059481562
1783619912.417834997,0.915172748,4.044304187,2.018371294
1783619912.419285059,0.902690324,4.027651100,2.008124950
1783619912.420879602,0.910606319,4.045377924,1.945639988
1783619912.422436953,0.916742195,4.057024001,1.883022316
1783619912.429007530,0.923600377,4.053579788,1.846659696
1783619912.430073500,0.903639291,4.050283021,1.802305555
1783619912.431203365,0.895848621,4.056559611,1.801561185
1783619912.432537556,0.905704305,4.065839889,1.766407953
1783619912.434312820,0.898846514,4.085967704,1.740937522
1783619912.435792208,0.907269351,4.115111339,1.688098873
1783619912.437448740,0.913766595,4.136997642,1.660552152
1783619912.441464901,0.907275157,4.159960261,1.655988175
1783619912.442529202,0.901044057,4.186019869,1.623713548
1783619912.444316387,0.908964911,4.237612463,1.575966631
1783619912.445857525,0.915372859,4.273657304,1.544790788
1783619912.447550774,0.907239198,4.327819993,1.518229392
1783619912.454182863,0.911616131,4.371064505,1.490417190
1783619912.455591202,0.859289412,4.596549130,1.446791917
1783619912.456786156,0.847197284,4.655947267,1.438273040
1783619912.457944870,0.832822949,4.717529166,1.430830024
1783619912.459266901,0.826747792,4.795214412,1.392144028
1783619912.460818291,0.828079563,4.872656837,1.363821740
1783619912.462623358,0.820493251,4.953419469,1.326791130
1783619912.466408968,0.813828698,5.033983345,1.319081667
1783619912.467645645,0.799733688,5.118336107,1.306544759
1783619912.469226360,0.787916393,5.197626838,1.296922163
1783619912.470851898,0.780580566,5.284431409,1.266953676
1783619912.472629786,0.766721917,5.368423196,1.246153486
1783619912.478522301,0.764568514,5.459502246,1.218486934
1783619912.479456186,0.752115758,5.800833828,1.175210702
1783619912.480762959,0.738413206,5.884490889,1.174962760
1783619912.482541084,0.716221322,5.973093434,1.170261674
1783619912.484389305,0.704413975,6.051543518,1.172478735
1783619912.485838175,0.719516439,6.128178414,1.170432744
1783619912.491529942,0.733358247,6.197601187,1.190410520
1783619912.492610693,0.732388900,6.388246653,1.161903972
1783619912.494236469,0.738520978,6.464910618,1.146789705
1783619912.495780230,0.735677935,6.537692701,1.173492337
1783619912.497587681,0.717964784,6.618080243,1.200518280
1783619912.504099369,0.718120787,6.704460493,1.190744702
1783619912.505372286,0.802051791,7.045305887,1.182636490
1783619912.506504774,0.830650622,7.136505896,1.174314508
1783619912.507594585,0.859668973,7.241612655,1.167676359
1783619912.509180069,0.857271775,7.341713642,1.216438505
1783619912.510764360,0.854705039,7.439743621,1.273673974
1783619912.512473106,0.860437386,7.551632924,1.284074941
1783619912.516566277,0.896823976,7.664235305,1.286204030
1783619912.517999887,0.935757391,7.782274066,1.332019616
1783619912.519160986,0.979986050,7.902663635,1.335725987
1783619912.520773649,0.991501998,8.018136568,1.397435955
1783619912.522536516,1.014289211,8.148718778,1.488242433
1783619912.524168015,1.029528670,8.293172341,1.530911169
1783619912.528974771,1.085238801,8.451245220,1.545709954
1783619912.530041695,1.276498718,8.972434094,1.655599976
1783619912.531097412,1.348515237,9.161401553,1.692542177
1783619912.532626390,1.377795155,9.334497034,1.815908236
1783619912.534412146,1.423610539,9.530872730,1.913534793
1783619912.535854340,1.498305813,9.714701714,1.972888943
1783619912.541296959,1.534644905,9.902139570,2.051640426
1783619912.542477131,1.705442062,10.297558177,2.098431266
1783619912.544334888,1.804993990,10.494008485,2.180523977
1783619912.545774221,1.859597634,10.681726479,2.307935248
1783619912.547466993,1.896221422,10.867779224,2.398036596
1783619912.549140692,2.000532251,11.040045082,2.473176141
1783619912.554135799,2.023545625,11.223628606,2.568085258
1783619912.555417538,2.265912802,11.758233756,2.712187555
1783619912.556556702,2.341523700,11.948241817,2.755878789
1783619912.557692051,2.411524062,12.134716131,2.787473280
1783619912.559283018,2.461736317,12.310127382,2.930145680
1783619912.560831070,2.503976281,12.486067163,3.061612735
1783619912.562465429,2.535026737,12.665550453,3.165096416
1783619912.566462278,2.614491547,12.863704294,3.201182798
1783619912.567792416,2.803532157,13.252140742,3.302258670
1783619912.569303751,2.884441363,13.461340938,3.346840642
1783619912.570900202,2.926466087,13.638966745,3.488527460
1783619912.572432756,2.984605348,13.833700967,3.639219526
1783619912.574230194,3.016870663,14.031608135,3.756631539
1783619912.579025030,3.099563174,14.234970316,3.810928612
1783619912.580148697,3.277927699,14.626343100,3.964072094
1783619912.581223011,3.366899222,14.830954037,4.027967519
1783619912.582531214,3.412175110,15.020234990,4.162088616
1783619912.584244490,3.517880516,15.207817361,4.248266885
1783619912.585979462,3.576670144,15.396284987,4.413406397
1783619912.587489367,3.622756856,15.567780789,4.534881850
1783619912.591536999,3.711281750,15.758703752,4.585682321
1783619912.592612982,3.875691386,16.137480787,4.723311608
1783619912.594161510,3.908960527,16.321020319,4.837778365
1783619912.595963955,3.946016349,16.496686452,4.995070536
1783619912.597630978,4.023169534,16.685104537,5.077905089
1783619912.603995085,4.049982983,16.885529882,5.205215365
1783619912.605129719,4.282995710,17.541879243,5.403733257
1783619912.606329203,4.369469313,17.745969727,5.477463225
1783619912.607465029,4.456522709,17.944128534,5.528165826
1783619912.609097958,4.493632204,18.123910202,5.677524249
1783619912.610822201,4.544919331,18.327300245,5.794755899
1783619912.612490654,4.624793433,18.526946167,5.880518567
1783619912.616488695,4.667929436,18.712471022,5.998212435
1783619912.617796421,4.735757631,18.883532882,6.081834873
1783619912.619308710,4.803475273,19.059201612,6.126769631
1783619912.620920181,4.836081822,19.208225715,6.268458774
1783619912.622460604,4.861309358,19.352417014,6.410743464
1783619912.624108315,4.898001370,19.505465255,6.524811944
1783619912.628954887,4.962963339,19.664811817,6.574981145
1783619912.629999638,5.187282657,20.104779404,6.743821499
1783619912.631065607,5.254193299,20.246001724,6.785415455
1783619912.632648945,5.273311115,20.353289311,6.932913522
1783619912.634165287,5.340858045,20.468650575,6.967019282
1783619912.635889053,5.344904163,20.551955193,7.120193131
1783619912.641494751,5.353878643,20.635475318,7.245216151
1783619912.642560720,5.493301713,20.847820377,7.353067214
1783619912.644316435,5.479186474,20.876442281,7.517378908
1783619912.645840645,5.459343419,20.901766302,7.665313198
1783619912.647585392,5.490973444,20.952693733,7.719234114
1783619912.654182911,5.468650366,20.980661434,7.876136206
1783619912.655611753,5.544723634,21.191712997,7.978952645
1783619912.656779766,5.567248846,21.270810906,7.997244329
1783619912.657885313,5.592728898,21.353603900,8.008624181
1783619912.659227371,5.536332247,21.403789655,8.178300301
1783619912.660766840,5.485376447,21.441310743,8.331948963
1783619912.662602901,5.421077370,21.469121655,8.505226780
1783619912.664653063,5.430443719,21.532270994,8.509292608
1783619912.665794611,5.435611736,21.590830728,8.518030633
1783619912.667510986,5.435160358,21.648507710,8.555494501
1783619912.669240713,5.382232798,21.662448120,8.757663200
1783619912.670791149,5.341352079,21.665042858,8.943197964
1783619912.672449589,5.367805465,21.715265437,8.976932297
1783619912.679018497,5.327057974,21.724085835,9.161185646
1783619912.680088758,5.393975915,21.826393549,9.188486292
1783619912.681156635,5.401884632,21.833439826,9.178403171
1783619912.682494640,5.342688323,21.778119518,9.334909410
1783619912.684229374,5.341020483,21.761682993,9.333975698
1783619912.685894012,5.266054425,21.680537071,9.488989936
1783619912.691498756,5.201971671,21.587597668,9.634967676
1783619912.692593098,5.172992209,21.483530979,9.577212057
1783619912.694122553,5.084317179,21.359382669,9.698943982
1783619912.695966482,4.984625299,21.221317083,9.831163168
1783619912.697438002,4.942870818,21.134199795,9.795941087
1783619912.704107285,4.849836547,20.987122239,9.910523680
1783619912.705397129,4.665605597,20.522713731,9.709880620
1783619912.706537962,4.628610540,20.398719162,9.647825547
1783619912.707687378,4.589025820,20.265439970,9.580398279
1783619912.709269524,4.476667766,20.067378814,9.671237005
1783619912.710828066,4.371316272,19.862758643,9.740744915
1783619912.712494612,4.279691927,19.650240501,9.780743244
1783619912.716403961,4.227564228,19.490191129,9.700775670
1783619912.717644215,4.152959990,19.306321676,9.627082459
1783619912.719328165,4.061467953,19.080610941,9.659243601
1783619912.720898867,3.992796469,18.889163503,9.588111431
1783619912.722470999,3.895119421,18.651609557,9.621106496
1783619912.727567196,3.821202310,18.419179891,9.618550183
1783619912.729219675,3.650240952,17.816141523,9.357295760
1783619912.730781555,3.581938573,17.563805670,9.349418867
1783619912.732456207,3.513911268,17.346581280,9.269192423
1783619912.734416246,3.440424890,17.095649147,9.262323007
1783619912.735855579,3.397608966,16.872286066,9.169704512
1783619912.741546631,3.342421787,16.614181396,9.141138567
1783619912.742620707,3.208980557,15.920399745,8.856774531
1783619912.744223595,3.162526045,15.644474321,8.803398863
1783619912.745773792,3.105248819,15.399661677,8.708008313
1783619912.747573614,3.037616891,15.135139313,8.654186903
1783619912.754163265,2.987774255,14.861478506,8.588002938
1783619912.756030083,2.748662119,13.888494478,8.202317376
1783619912.757592678,2.679741360,13.652255857,8.147292049
1783619912.759117842,2.623087229,13.424186812,8.075742423
1783619912.760975122,2.561810652,13.215008324,7.997487033
1783619912.766494036,2.505995949,13.018362624,7.910322927
1783619912.767792702,2.328197966,12.435850342,7.625850346
1783619912.769257307,2.270268268,12.243081323,7.526838789
1783619912.770822287,2.204904104,12.050995783,7.427880771
1783619912.772604465,2.142490431,11.870139999,7.320379535
1783619912.774632692,2.092108781,11.681539575,7.218601139
1783619912.775804520,2.038442690,11.497467123,7.130475637
1783619912.778996706,1.983749040,11.292907883,7.043524843
1783619912.780041695,1.881119544,10.926787426,6.878100403
1783619912.781117201,1.835893759,10.744832357,6.800262088
1783619912.782456398,1.803278204,10.565993314,6.705223999
1783619912.784217834,1.755024177,10.393569024,6.610424152
1783619912.785846710,1.711250905,10.239114978,6.498936303
1783619912.789569139,1.681520766,10.077099300,6.394089372
1783619912.791503429,1.642785156,9.895304073,6.308100934
1783619912.792564631,1.565251897,9.548613724,6.121727423
1783619912.794114828,1.529023483,9.372288515,6.002710499
1783619912.795884609,1.488840310,9.215552010,5.873724900
1783619912.797598124,1.450810138,9.038635351,5.773010884
1783619912.804115295,1.420867428,8.886240141,5.673983154
1783619912.805546284,1.311398431,8.363559895,5.462982742
1783619912.806707144,1.284281522,8.190604663,5.405471481
1783619912.807814598,1.271561549,8.025246314,5.356471596
1783619912.809146881,1.258040585,7.888000001,5.264168246
1783619912.810927629,1.259813882,7.744873624,5.170919549
1783619912.812500000,1.246501481,7.593034502,5.089100865
1783619912.816457510,1.228553779,7.434544870,5.037549479
1783619912.817788363,1.192985455,7.127652720,4.905212660
1783619912.819231987,1.174363902,6.965010868,4.848405296
1783619912.820814371,1.168529015,6.824186010,4.752311354
1783619912.822561264,1.180408517,6.697438719,4.658258243
1783619912.829061747,1.165872588,6.562758808,4.564502389
1783619912.830216169,1.097260293,6.127459154,4.370165930
1783619912.831315517,1.081662208,5.991947246,4.314399358
1783619912.832643986,1.073070497,5.871943305,4.239364553
1783619912.834159851,1.062320095,5.751768052,4.189090959
1783619912.835900784,1.052661231,5.653544503,4.117209200
1783619912.837453127,1.053327557,5.558909876,4.050293352
1783619912.841519356,1.030382295,5.459168259,4.007368832
1783619912.842581749,0.992673989,5.260724571,3.916552416
1783619912.844130039,0.983195469,5.182392113,3.852483150
1783619912.845934629,0.985645524,5.116727375,3.787406014
1783619912.847588301,0.959863581,5.026726551,3.739775895
1783619912.850523710,0.954688664,4.950395930,3.679293075
1783619912.851654053,0.942773055,4.875631868,3.647752641
1783619912.852666378,0.926331093,4.808256415,3.617622848
1783619912.854303122,0.914120763,4.753904036,3.582878734
1783619912.855998516,0.904430442,4.709726647,3.546750042
1783619912.857521296,0.890827997,4.665434791,3.530884378
1783619912.859282017,0.886055164,4.623256572,3.496859402
1783619912.860841036,0.886182662,4.598382033,3.476838194
1783619912.866150618,0.875757236,4.564507485,3.468505731
1783619912.867691994,0.863124940,4.509137844,3.450501189
1783619912.869143963,0.854417047,4.494731178,3.447766656
1783619912.870976210,0.868365339,4.489939746,3.419974295
1783619912.872556448,0.876449635,4.491197982,3.399645390
1783619912.878971100,0.882557180,4.483485827,3.382259506
1783619912.880022764,0.857570129,4.438966477,3.332429577
1783619912.881120682,0.846679733,4.425413646,3.315138194
1783619912.882465601,0.846390345,4.412988518,3.286451693
1783619912.884232283,0.836872451,4.394592227,3.266434529
1783619912.885930300,0.833846405,4.384281083,3.233155414
1783619912.887512922,0.832704418,4.366905377,3.203695331
1783619912.891617298,0.816618386,4.350644393,3.184153529
1783619912.892660379,0.789137399,4.297189141,3.140127225
1783619912.894191504,0.789010630,4.282702552,3.110224596
1783619912.895985126,0.790873864,4.267504347,3.067066623
1783619912.897433996,0.782910244,4.238512452,3.040608569
1783619912.904114723,0.779249795,4.222090862,3.001067897
1783619912.905395746,0.745305594,4.139596636,2.921187489
1783619912.906549215,0.729645657,4.112519370,2.889444983
1783619912.907653093,0.714807342,4.077615072,2.858082934
1783619912.909206629,0.716571976,4.058245686,2.807362538
1783619912.910764933,0.719836718,4.046703484,2.758362461
1783619912.912992001,0.726093269,4.024232799,2.715567395
1783619912.916541338,0.710657832,3.990698036,2.700907763
1783619912.917907238,0.698862164,3.973471140,2.677836684
1783619912.919347763,0.694455869,3.949884623,2.655467616
1783619912.920895100,0.704120703,3.939248362,2.606603868
1783619912.922453880,0.714348532,3.938100634,2.552007027
1783619912.929034233,0.720988247,3.928923778,2.499465354
1783619912.930193663,0.654155162,3.880346463,2.384514700
1783619912.931289196,0.640405603,3.864514608,2.353033891
1783619912.932668447,0.645471243,3.862721839,2.308596605
1783619912.934188843,0.629568520,3.854753959,2.274983083
1783619912.935860395,0.640357514,3.868250518,2.219763694
1783619912.937521935,0.649882164,3.858456529,2.169894338
1783619912.941464901,0.631434118,3.851136688,2.148460239
1783619912.942506313,0.620650152,3.842252533,2.119378805
1783619912.944331884,0.631049763,3.858479341,2.061810441
1783619912.945926189,0.637884669,3.848956169,2.008909062
1783619912.947622776,0.623422933,3.849292229,1.978089692
1783619912.954106331,0.635434629,3.861469278,1.936639599
1783619912.955411673,0.595955486,3.845498443,1.877156795
1783619912.956564426,0.591780863,3.844260828,1.873443926
1783619912.957660675,0.588403500,3.841524115,1.870225644
1783619912.959245205,0.617667643,3.861867291,1.822676503
1783619912.960803509,0.636912271,3.867741724,1.801913610
1783619912.962464809,0.645803487,3.878716023,1.787103426
1783619912.966548443,0.668789150,3.901652133,1.764856544
1783619912.967941284,0.676639000,3.908479676,1.753965987
1783619912.969140053,0.684109846,3.928687748,1.761793465
1783619912.970799685,0.722018087,3.956306856,1.724797337
1783619912.972593307,0.759653139,3.983892531,1.692757614
1783619912.974133968,0.789895329,4.005257974,1.676824649
1783619912.979019165,0.792807426,4.018786680,1.677962363
1783619912.980110645,0.800520743,4.067576582,1.666787503
1783619912.981226683,0.799549654,4.081724121,1.668177350
1783619912.982546806,0.817780906,4.093879008,1.648521434
1783619912.984361887,0.815198961,4.109570715,1.625588032
1783619912.985776901,0.836720208,4.122504214,1.589415268
1783619912.987441301,0.850569908,4.131274787,1.575483229
1783619912.990876675,0.849014022,4.133413952,1.578978556
1783619912.992595434,0.842985126,4.143729231,1.566126694
1783619912.994155884,0.863923112,4.147323528,1.541849109
1783619912.995833158,0.879650779,4.145643085,1.533794318
1783619912.997493267,0.874887989,4.142718966,1.521027167
1783619913.004136086,0.893394470,4.143781867,1.512086855
1783619913.005969763,0.879202762,4.158287973,1.512266526
1783619913.007611752,0.892306069,4.149656000,1.491117958
1783619913.009296179,0.912024922,4.151566411,1.477755830
1783619913.010832310,0.928278659,4.142592823,1.468614394
1783619913.016446114,0.924836215,4.152753186,1.470507752
1783619913.017676592,0.923933138,4.161104884,1.480258491
1783619913.019098997,0.923021903,4.162572423,1.486614332
1783619913.020902395,0.949450247,4.174238540,1.489048346
1783619913.022513151,0.975357056,4.179541362,1.493292429
1783619913.029055834,0.999191971,4.190123095,1.499662741
1783619913.030152082,1.011297039,4.247580420,1.528005533
1783619913.031254292,1.013715270,4.261545882,1.528703634
1783619913.032579184,1.043270568,4.283754339,1.526196123
1783619913.034420013,1.049878770,4.317418519,1.539660258
1783619913.035931587,1.079250915,4.341491150,1.544209597
1783619913.037578821,1.106303457,4.365571114,1.549354453
1783619913.041471720,1.117308379,4.400908975,1.556842811
1783619913.042567253,1.137417617,4.462615454,1.587733447
1783619913.044170856,1.165246514,4.483733136,1.605997292
1783619913.045965910,1.198593733,4.520341019,1.632716979
1783619913.047621250,1.211762802,4.545680952,1.653652708
1783619913.053682566,1.235426168,4.573165711,1.669614048
1783619913.054857254,1.278563372,4.670335382,1.710189130
1783619913.055849075,1.296265851,4.716019071,1.716997134
1783619913.057725906,1.309052223,4.753821456,1.735670049
1783619913.059106827,1.334070233,4.789475343,1.741614975
1783619913.060916424,1.356901089,4.830153866,1.763739653
1783619913.062437296,1.373506226,4.877123092,1.778628229
1783619913.066549301,1.399786354,4.929339020,1.791169575
1783619913.067896605,1.428451787,5.040060592,1.828954759
1783619913.069344997,1.450619187,5.104477825,1.843737816
1783619913.070922852,1.476417462,5.162192512,1.870156991
1783619913.072475672,1.507172130,5.222453474,1.902965994
1783619913.074133873,1.529813137,5.297307213,1.930419433
1783619913.079024553,1.554075916,5.379902444,1.946784293
1783619913.080159187,1.615772047,5.547912517,1.987209182
1783619913.081259012,1.647373373,5.639372560,2.001380718
1783619913.082622051,1.679808341,5.734584218,2.021754939
1783619913.084151506,1.716875273,5.836256776,2.048249583
1783619913.086006880,1.751949414,5.939399367,2.086775764
1783619913.087646008,1.782438958,6.048616011,2.109500747
1783619913.091549397,1.822836153,6.165052583,2.115364781
1783619913.092679501,1.897130498,6.417641455,2.141147611
1783619913.094256878,1.930437696,6.541861333,2.157205296
1783619913.095804930,1.971027040,6.676319015,2.175776665
1783619913.097617388,2.009761819,6.808889774,2.215385522
1783619913.100188255,2.053990602,6.947419091,2.240296807
1783619913.101266146,2.105682784,7.096852558,2.239469127
1783619913.104022741,2.172226467,7.251505584,2.232732664
1783619913.105172634,2.240735427,7.414041750,2.255202909
1783619913.106301546,2.317250025,7.569010447,2.259408035
1783619913.107672691,2.374978439,7.715237295,2.300166396
1783619913.109231234,2.452074181,7.859239662,2.318527685
1783619913.110769749,2.510538512,8.007489038,2.401602362
1783619913.115032673,2.562978998,8.154540380,2.456447632
1783619913.116271257,2.740318931,8.469063173,2.471915285
1783619913.117787361,2.828154384,8.615862215,2.516862172
1783619913.119185925,2.919504611,8.785729243,2.527828171
1783619913.120922327,2.969953687,8.947922616,2.631282949
1783619913.122651577,3.008097254,9.136888519,2.726752179
1783619913.124319077,3.092928271,9.319693016,2.773957497
1783619913.129024744,3.131065392,9.506668745,2.877947450
1783619913.130148172,3.326175946,9.895687043,2.985326262
1783619913.131258965,3.431697334,10.101072086,3.017825366
1783619913.132598400,3.455858738,10.309623048,3.135108088
1783619913.134145498,3.556862370,10.510966209,3.194229799
1783619913.135792255,3.577728894,10.706114064,3.328171203
1783619913.137466908,3.586349514,10.921951469,3.443246971
1783619913.141520739,3.679359333,11.119438536,3.466209452
1783619913.142604828,3.771760107,11.311515401,3.525312799
1783619913.144148111,3.767286412,11.520575067,3.630427702
1783619913.145962477,3.756630499,11.716156168,3.766952398
1783619913.147667885,3.849527279,11.892534823,3.840966344
1783619913.154122353,3.839778925,12.101406189,3.947871959
1783619913.155400991,4.159820339,12.833737288,4.119921453
1783619913.156558752,4.248921986,13.020829237,4.146215053
1783619913.157710791,4.328170745,13.203356223,4.168443869
1783619913.159271002,4.317714712,13.366448155,4.339856757
1783619913.160850048,4.306908769,13.525520398,4.492315746
1783619913.162532568,4.288841219,13.699129065,4.604417902
1783619913.166571856,4.358534727,13.886203249,4.640628147
1783619913.167967081,4.434035484,14.040268317,4.722099036
1783619913.169095516,4.503700132,14.208131745,4.752642757
1783619913.170898199,4.523030999,14.358361873,4.905175358
1783619913.172487974,4.484634180,14.509172459,5.071813709
1783619913.174158335,4.466263740,14.699862025,5.189254841
1783619913.177047014,4.537723689,14.876001657,5.232190274
1783619913.178069592,4.670780044,15.213260397,5.302022681
1783619913.179311752,4.752729960,15.354086785,5.398264018
1783619913.180901289,4.729822992,15.517723609,5.517522954
1783619913.182560682,4.807748039,15.654223974,5.614161032
1783619913.184458733,4.798662682,15.767246373,5.793727839
1783619913.185920238,4.867451536,15.916608118,5.832067036
1783619913.191522837,4.849533008,16.048883872,5.949659382
1783619913.192784071,5.054635929,16.415312318,6.119942017
1783619913.194219112,5.117698399,16.540184619,6.154208612
1783619913.195864201,5.107575170,16.647633223,6.336487981
1783619913.197451353,5.091736368,16.741659516,6.528478939
1783619913.199141502,5.087814488,16.866944433,6.650472881
1783619913.204132318,5.145202095,16.995288320,6.693455943
1783619913.205868483,5.273588782,17.206947685,6.855672253
1783619913.207614899,5.273198794,17.301010008,7.057270662
1783619913.209108353,5.277292494,17.413492836,7.175239849
1783619913.210876703,5.279862599,17.485084745,7.365599357
1783619913.216502905,5.340058929,17.599970852,7.404767176
1783619913.217818022,5.559412763,17.953704287,7.615321866
1783619913.219225407,5.614367855,18.043729451,7.649136845
1783619913.220819950,5.590991081,18.076560265,7.827388058
1783619913.222613573,5.553898626,18.096719600,8.008157707
1783619913.224106073,5.510262232,18.145474003,8.119502844
1783619913.229022026,5.543263684,18.196383782,8.138418635
1783619913.230147362,5.593817710,18.267683222,8.241455107
1783619913.231221437,5.621406740,18.307472606,8.257414097
1783619913.232564688,5.549944484,18.329615194,8.383855394
1783619913.234366655,5.574790250,18.338514186,8.465551338
1783619913.235972881,5.500699228,18.328219440,8.662295356
1783619913.239201069,5.425025095,18.338657824,8.809971415
1783619913.241490602,5.457682552,18.381086275,8.842297910
1783619913.242577791,5.506427731,18.453406888,8.954516080
1783619913.244174719,5.422294555,18.477259063,9.115086975
1783619913.245932817,5.328967431,18.465212978,9.317503790
1783619913.247614384,5.342633476,18.489993528,9.377521202
1783619913.254164219,5.248735782,18.482123249,9.523445971
1783619913.256028891,5.268170880,18.492813680,9.569437254
1783619913.257651329,5.167736895,18.439116746,9.726342217
1783619913.259285450,5.035139524,18.360908020,9.889635233
1783619913.260849714,4.925891117,18.297726188,9.997991892
1783619913.266577244,4.915763249,18.262628336,9.978558555
1783619913.267885685,4.835499679,18.062519732,9.885577560
1783619913.269304037,4.817686337,18.008108839,9.858887821
1783619913.270876408,4.679891452,17.889923716,9.981213691
1783619913.272628307,4.553993297,17.780895386,10.098037699
1783619913.279039860,4.448738462,17.670501148,10.183719762
1783619913.280164957,4.384579017,17.455756762,10.096497786
1783619913.281256199,4.372460334,17.381280901,10.055156863
1783619913.282556057,4.270070298,17.261477387,10.124848449
1783619913.284334898,4.228457862,17.175709463,10.100709559
1783619913.286000967,4.106484113,17.044444008,10.168604603
1783619913.287491560,4.025330115,16.913165663,10.213848320
1783619913.291492701,3.997859439,16.824820609,10.160671316
1783619913.292572498,3.939260035,16.727991187,10.128001604
1783619913.294101715,3.856159268,16.589658716,10.158675643
1783619913.295881271,3.754392213,16.458746755,10.185020561
1783619913.297548532,3.698633489,16.362766337,10.149450790
1783619913.301584005,3.628940401,16.228177273,10.152626321
1783619913.302817345,3.566907306,16.026809445,10.034456323
1783619913.304479122,3.503411341,15.913910686,9.993956926
1783619913.305930138,3.473746172,15.800329412,9.931100267
1783619913.307543278,3.380636578,15.657155583,9.942817759
1783619913.309281588,3.289379046,15.507212270,9.931832183
1783619913.310824394,3.229893857,15.354759625,9.901354080
1783619913.316708088,3.187652151,15.222397266,9.839451992
1783619913.317784548,3.086307187,14.765259561,9.615338258
1783619913.319258213,3.026602950,14.597529807,9.540088870
1783619913.320866585,2.957331124,14.412907835,9.485745903
1783619913.322444677,2.903345639,14.227144588,9.417175805
1783619913.324205637,2.837924936,14.030130954,9.349461985
1783619913.329004288,2.789959620,13.835748877,9.262958165
1783619913.330042601,2.629965207,13.203813004,9.003951842
1783619913.331109047,2.585433401,12.990803876,8.917453277
1783619913.332823753,2.545012935,12.781882196,8.840504330
1783619913.334369421,2.494797846,12.576245862,8.761677933
1783619913.335891008,2.441438575,12.369454902,8.681293857
1783619913.337495565,2.386418489,12.177295176,8.600954561
1783619913.339165926,2.347530546,11.984521093,8.495435743
1783619913.341534615,2.305452367,11.782982484,8.401246786
1783619913.342602253,2.249531804,11.579042524,8.314408953
1783619913.344144821,2.208380526,11.382360567,8.196955321
1783619913.345933437,2.155732097,11.196127473,8.078082776
1783619913.347793102,2.102976743,10.996734157,7.982924072
1783619913.349282503,2.065047447,10.817673823,7.862661286
1783619913.354146242,2.014147423,10.627785167,7.776046494
1783619913.356009960,1.908842767,10.238130311,7.609480513
1783619913.357569218,1.883043331,10.086542431,7.501737201
1783619913.359264851,1.860339834,9.936496523,7.383902152
1783619913.360808611,1.835888795,9.786386335,7.273225734
1783619913.363100290,1.803613367,9.621873788,7.203136155
1783619913.364103079,1.767107908,9.464700832,7.129997029
1783619913.366535664,1.735995006,9.304942697,7.054633422
1783619913.367856264,1.708151191,9.159525195,6.968074980
1783619913.369307995,1.674557106,9.001019546,6.892192924
1783619913.370855331,1.672855959,8.878450408,6.765506500
1783619913.372576714,1.663954649,8.747165075,6.645284529
1783619913.378493786,1.654605375,8.617314655,6.521392396
1783619913.379423857,1.527766912,7.994882445,6.234680374
1783619913.380945444,1.502116429,7.851473869,6.161206686
1783619913.382467985,1.488649766,7.747517707,6.053349041
1783619913.384347916,1.485895244,7.638067938,5.959773616
1783619913.385994673,1.479835564,7.518581561,5.863428363
1783619913.391580582,1.446409783,7.385367182,5.811865218
1783619913.392775536,1.392136503,7.126238121,5.703470337
1783619913.394120216,1.368191876,7.004432219,5.657160707
1783619913.395944357,1.374610072,6.912880588,5.553972546
1783619913.397514582,1.381144580,6.812535693,5.451570584
1783619913.404162407,1.379976764,6.710366783,5.361996363
1783619913.405770063,1.291386074,6.249409621,5.153996817
1783619913.407609940,1.298236253,6.168096557,5.067581032
1783619913.409338474,1.312268913,6.107037243,4.996150198
1783619913.410782576,1.297125507,6.018196649,4.974503415
1783619913.416606426,1.307657853,5.947865209,4.919392744
1783619913.417923689,1.291348438,5.700178397,4.812359402
1783619913.419121742,1.280464390,5.643199065,4.781984269
1783619913.420918703,1.307185508,5.623165649,4.722725119
1783619913.422449350,1.330073250,5.592692308,4.660476097
1783619913.424133539,1.339760359,5.561333628,4.610144526
1783619913.429051876,1.324946600,5.515826034,4.584655935
1783619913.430251360,1.306617680,5.432754709,4.519776756
1783619913.431345701,1.288834356,5.387004123,4.494384072
1783619913.432425261,1.271792440,5.344364228,4.471771933
1783619913.434217215,1.279267455,5.314906580,4.418285325
1783619913.435899973,1.287472938,5.296970850,4.371571518
1783619913.437467575,1.292127673,5.268808674,4.333312228
1783619913.440974474,1.278919733,5.235336984,4.315902117
1783619913.442557335,1.274812192,5.213836288,4.289571823
1783619913.444086790,1.290750785,5.207279033,4.242369113
1783619913.446666718,1.293879891,5.186421047,4.207400900
1783619913.447749138,1.283428314,5.147255404,4.176407890
1783619913.449310064,1.287354488,5.139278401,4.153245132
1783619913.454040527,1.283978935,5.117359100,4.145258753
1783619913.455242634,1.277117458,5.093427123,4.127040586
1783619913.456372976,1.269188030,5.080748639,4.117732715
1783619913.457531929,1.266764074,5.066570045,4.116037169
1783619913.459164381,1.276613806,5.060335276,4.082058946
1783619913.460954189,1.294941796,5.066684874,4.051247755
1783619913.466509342,1.303391416,5.054470890,4.035320456
1783619913.467864752,1.299782854,5.017683918,4.008930581
1783619913.469346046,1.298415188,4.997249134,4.006568901
1783619913.470895290,1.308808225,4.995270651,3.977915562
1783619913.472471476,1.323531699,4.985757156,3.945347846
1783619913.479033232,1.333716522,4.971523846,3.923152044
1783619913.480211973,1.310788560,4.898430386,3.868039690
1783619913.481322289,1.296874904,4.866594261,3.848656456
1783619913.482643604,1.304536169,4.842728895,3.809400666
1783619913.484478235,1.291591327,4.814587246,3.781099275
1783619913.485938549,1.300190416,4.808205911,3.734493585
1783619913.487565994,1.314538460,4.785076836,3.697565541
1783619913.491545200,1.304769000,4.758508111,3.678607359
1783619913.492609501,1.282192814,4.707328911,3.630868740
1783619913.494146585,1.296928884,4.689567415,3.586846308
1783619913.495942593,1.317748949,4.674162559,3.534391404
1783619913.497599363,1.303215817,4.658406667,3.506328035
1783619913.502365589,1.325001127,4.642018898,3.465551119
1783619913.503501654,1.305871251,4.580650557,3.433563358
1783619913.504449606,1.299475338,4.547725960,3.421349288
1783619913.505877733,1.288174167,4.520743709,3.403664934
1783619913.507444382,1.317073702,4.517421745,3.355288404
1783619913.509320736,1.347005047,4.512716045,3.308892003
1783619913.510875940,1.375812690,4.497167732,3.272201564
1783619913.516494274,1.366852902,4.472511944,3.261089316
1783619913.517830849,1.347200818,4.442561903,3.222643163
1783619913.519302845,1.338787564,4.420704303,3.207709582
1783619913.520897388,1.364534887,4.418275042,3.155067281
1783619913.522435904,1.392014931,4.414097584,3.109609543
1783619913.529062510,1.424053050,4.397299774,3.069783257
1783619913.530256510,1.400967109,4.350205221,3.041034297
1783619913.531352997,1.400187594,4.344613357,3.038934965
1783619913.532445192,1.397799973,4.337120279,3.040006013
1783619913.534322977,1.423582240,4.343904309,2.995497610
1783619913.535786867,1.453395048,4.344508786,2.967708898
1783619913.537611008,1.474985966,4.354218166,2.921040480
1783619913.541545868,1.463334992,4.353585012,2.915346419
1783619913.542591810,1.446194008,4.368195870,2.893457626
1783619913.544117928,1.473749728,4.375783429,2.866886405
1783619913.545912027,1.494368960,4.392644993,2.824314337
1783619913.547623396,1.475262454,4.407728605,2.802157743
1783619913.554180861,1.500563402,4.413752056,2.783633182
1783619913.555834293,1.484709588,4.443436804,2.761628300
1783619913.557445288,1.500442147,4.464343009,2.726330695
1783619913.559249401,1.520059932,4.478451683,2.694430303
1783619913.560816050,1.543614618,4.481855121,2.682392846
1783619913.562794685,1.545194403,4.485167913,2.683262429
1783619913.566551447,1.546056479,4.483239392,2.689586963
1783619913.568120480,1.551985082,4.507055887,2.688805592
1783619913.569551468,1.553198826,4.507617196,2.696967555
1783619913.570894241,1.558657492,4.510924109,2.704262414
1783619913.572536707,1.579340797,4.530774385,2.685138667
1783619913.574230194,1.609217355,4.540186117,2.682263883
1783619913.575907946,1.609607373,4.558809860,2.674532172
1783619913.578564405,1.628390769,4.568316317,2.670474907
1783619913.579640627,1.634352284,4.593724402,2.679547070
1783619913.580895185,1.630522609,4.619426882,2.670594111
1783619913.582718849,1.651476550,4.631712745,2.664522040
1783619913.584529400,1.649796232,4.665153980,2.657327522
1783619913.585923195,1.655535781,4.686311991,2.656843310
1783619913.587443352,1.671699031,4.712442583,2.647834368
1783619913.589135885,1.693415699,4.727615900,2.647512726
1783619913.591687679,1.697654669,4.746152178,2.655651219
1783619913.592840433,1.696963941,4.770044362,2.651566814
1783619913.594188213,1.706356062,4.785621945,2.658234738
1783619913.595780611,1.724940487,4.806087953,2.652246306
1783619913.597563267,1.738475705,4.824452981,2.653306428
1783619913.604124546,1.757369091,4.849132803,2.651558175
1783619913.605978966,1.773774181,4.921311252,2.658655763
1783619913.607622385,1.782860037,4.946260505,2.648933285
1783619913.609261751,1.795538852,4.978207222,2.640247463
1783619913.610846043,1.810036266,5.018342225,2.639524393
1783619913.616541624,1.813545122,5.056377672,2.641878236
1783619913.617822647,1.860010517,5.255435024,2.655355015
1783619913.619230509,1.872207476,5.306800101,2.654582089
1783619913.620779991,1.885034200,5.365773218,2.655407853
1783619913.622531652,1.902141002,5.416873333,2.658137442
1783619913.624770403,1.919476137,5.482515499,2.660531111
1783619913.625852108,1.933282953,5.542886578,2.658368901
1783619913.629044294,1.943192216,5.606901901,2.653991565
1783619913.630222082,1.948233914,5.663591322,2.655958942
1783619913.631334782,1.957159365,5.735687380,2.648039186
1783619913.632695436,1.967666480,5.804587751,2.634620777
1783619913.634267092,1.967475737,5.871967460,2.639078205
1783619913.635890484,1.977017679,5.944637592,2.642665495
1783619913.637498617,1.986625608,6.020367729,2.623318430
1783619913.640017033,2.003303916,6.107114352,2.612690441
1783619913.641097307,2.013642461,6.187230887,2.601987181
1783619913.642504454,2.025318878,6.264600707,2.615909889
1783619913.644262791,2.040692758,6.357877735,2.605435104
1783619913.645922184,2.062803199,6.447648585,2.617505990
1783619913.647610188,2.076968073,6.538468069,2.626493177
1783619913.649242401,2.099164613,6.640989932,2.616925964
1783619913.654179335,2.126892297,6.749641272,2.604175667
1783619913.656006098,2.194668921,6.953395239,2.605455967
1783619913.657567739,2.216439509,7.059060501,2.623661401
1783619913.659422636,2.232005411,7.157316466,2.639793969
1783619913.660822392,2.268671315,7.284777806,2.627927968
1783619913.666557789,2.271341605,7.389709149,2.617435017
1783619913.667805910,2.412095247,7.785740109,2.591350229
1783619913.669216394,2.455369582,7.860956049,2.572792865
1783619913.670809984,2.467300096,7.924663823,2.607444566
1783619913.672605515,2.470956443,7.986418786,2.648416656
1783619913.678998232,2.466282665,8.053489218,2.657459274
1783619913.680086136,2.691073642,8.289798402,2.657442633
1783619913.681164980,2.754913548,8.390865851,2.632493320
1783619913.682516813,2.754050218,8.497757617,2.650173807
1783619913.684293270,2.850893865,8.595123946,2.666113834
1783619913.685947418,2.838127271,8.717106605,2.741701639
1783619913.691578388,2.807636828,8.852618801,2.808995987
1783619913.692784786,3.013740597,9.209059464,2.911336247
1783619913.694156408,3.075847790,9.343523801,2.948349481
1783619913.695923805,3.043447219,9.479834439,3.077387811
1783619913.697484732,3.011419118,9.628797835,3.204465271
1783619913.700606585,2.961685250,9.791887693,3.316438892
1783619913.701705933,3.040273877,9.939419728,3.362949985
1783619913.702673435,3.117325758,10.089480334,3.405889543
1783619913.704291105,3.220663566,10.231086976,3.483515438
1783619913.705933332,3.124738278,10.411980474,3.620598485
1783619913.707605839,3.232512855,10.551334319,3.693096300
1783619913.709296703,3.222202249,10.706073411,3.818067323
1783619913.710838079,3.201716607,10.873613189,3.922704970
1783619913.715535402,3.290213631,11.039521526,3.964357330
1783619913.716668367,3.449318801,11.375544708,4.035254375
1783619913.717877388,3.570924333,11.541051988,4.123841210
1783619913.719266415,3.657882728,11.717229099,4.147925331
1783619913.720818520,3.650642323,11.884561300,4.266944145
1783619913.722616911,3.639839858,12.043177904,4.403188251
1783619913.729034424,3.631874820,12.217599748,4.494712731
1783619913.730209589,3.877006727,12.682921175,4.628098160
1783619913.731369019,3.941686792,12.825772281,4.652203641
1783619913.732454300,4.012530314,12.966578263,4.685362410
1783619913.734285355,3.985536686,13.106544611,4.818487409
1783619913.735911608,3.966246336,13.248488296,4.950268339
1783619913.737477303,3.934603578,13.395758218,5.054811477
1783619913.741475821,4.002701467,13.543568065,5.102091301
1783619913.742563248,4.091844622,13.680248166,5.180923736
1783619913.744104624,4.072145752,13.828489069,5.288250886
1783619913.745902777,4.080978554,13.959156529,5.434684454
1783619913.747596264,4.180120491,14.076904930,5.520500518
1783619913.754158974,4.173399555,14.214683212,5.614887060
1783619913.756011486,4.472561972,14.654418011,5.821329036
1783619913.757638216,4.462333695,14.722086338,5.979436654
1783619913.759307384,4.459396439,14.788233343,6.145165044
1783619913.760864019,4.442254040,14.887312206,6.243286153
1783619913.762509584,4.506859542,14.995726384,6.296081829
1783619913.766611576,4.572250482,15.111797763,6.349937315
1783619913.767915487,4.745729066,15.338122569,6.535700382
1783619913.769322157,4.833729020,15.478584491,6.588915564
1783619913.770852327,4.869503908,15.583464348,6.785899116
1783619913.772629023,4.907889055,15.676784687,6.978936433
1783619913.777519703,4.921753863,15.817665742,7.079598803
1783619913.779342413,5.187484836,16.156253908,7.352556350
1783619913.780959129,5.189424076,16.262663193,7.471425785
1783619913.782604218,5.282315267,16.315198107,7.630971449
1783619913.784133196,5.282101872,16.401377815,7.740464661
1783619913.785833597,5.373180044,16.436677364,7.891876794
1783619913.791505575,5.328708568,16.517790279,8.012880055
1783619913.792547703,5.529197285,16.617472222,8.239312660
1783619913.794111967,5.498768459,16.661678382,8.329962343
1783619913.795919180,5.474651131,16.635196807,8.521269791
1783619913.797575951,5.530012668,16.620087647,8.642879095
1783619913.804109097,5.460048315,16.641947668,8.760679455
1783619913.805375576,5.611537527,16.736488552,8.987250963
1783619913.806502104,5.647677650,16.765514229,9.015275999
1783619913.807593346,5.676097817,16.797603448,9.044677266
1783619913.809228897,5.616101065,16.756687301,9.221081170
1783619913.810791731,5.551361260,16.723964803,9.388841380
1783619913.812456846,5.453300599,16.724837738,9.495004487
1783619913.816660881,5.461969731,16.735501794,9.495221341
1783619913.817959785,5.485469333,16.697944669,9.544285492
1783619913.819099426,5.484681610,16.694068018,9.534969035
1783619913.820918083,5.380995839,16.644077831,9.677143764
1783619913.822447300,5.274339937,16.581446866,9.811047213
1783619913.825017214,5.159100932,16.544934756,9.897530267
1783619913.826002836,5.138687608,16.518939863,9.882547946
1783619913.829030275,5.125393075,16.490547846,9.876293655
1783619913.830118895,5.122632695,16.445856926,9.899463365
1783619913.831216574,5.114856971,16.417021484,9.876426621
1783619913.832583189,4.991352903,16.359705745,9.948730764
1783619913.834115982,4.982911904,16.295549529,9.958070130
1783619913.835965872,4.857022618,16.211603765,10.052020303
1783619913.840105772,4.736945383,16.139993548,10.108573412
1783619913.841298103,4.689469946,16.029334523,10.049050462
1783619913.842777491,4.656111407,15.963026954,10.035715053
1783619913.844118357,4.626913170,15.899556856,9.999311563
1783619913.845852613,4.502388486,15.797775491,10.061685154
1783619913.847592115,4.388997773,15.701963275,10.096361251
1783619913.849118710,4.357258566,15.626635584,10.072081838
1783619913.850810289,4.251538960,15.535793468,10.091826114
1783619913.854101181,4.220486962,15.458998558,10.045966725
1783619913.855840206,4.174100027,15.368353748,10.007854315
1783619913.857625484,4.051438822,15.255058816,10.029789908
1783619913.859149694,3.948494295,15.129742814,10.019202553
1783619913.860949278,3.832930564,15.000654100,10.026606836
1783619913.866705179,3.785485182,14.876631426,9.962081070
1783619913.867974043,3.576630184,14.319598107,9.689136272
1783619913.869101286,3.522263769,14.168449623,9.611310776
1783619913.870952606,3.407604824,13.993031091,9.576850120
1783619913.872495651,3.301432191,13.807298289,9.536048817
1783619913.874107599,3.216895962,13.627772549,9.460799535
1783619913.879046202,3.168582890,13.449843369,9.370892078
1783619913.880202770,3.045027750,13.068816470,9.188541379
1783619913.881289482,2.995396348,12.883889259,9.100324270
1783619913.882630825,2.922753019,12.691815444,9.030456895
1783619913.884134054,2.854338913,12.498567689,8.958302919
1783619913.885898590,2.780548193,12.300260316,8.899009296
1783619913.887551785,2.725620511,12.106967326,8.822446900
1783619913.891547918,2.685447333,11.922879467,8.751802767
1783619913.892640114,2.604592742,11.538409491,8.603323015
1783619913.894191027,2.565710198,11.349126149,8.524803832
1783619913.895778418,2.516141784,11.165155801,8.452382431
1783619913.897559166,2.476921565,10.977720865,8.377500127
1783619913.901088715,2.446978264,10.803063743,8.289937177
1783619913.904065371,2.413296097,10.628171015,8.202602334
1783619913.905278206,2.344379270,10.276148897,8.045737368
1783619913.906407118,2.310093699,10.112319228,7.962491137
1783619913.907561302,2.280382188,9.945970606,7.878875810
1783619913.909118652,2.254749957,9.785280757,7.791858322
1783619913.910900593,2.236488650,9.634869847,7.694987503
1783619913.916575909,2.221172723,9.485821628,7.603397121
1783619913.917645216,2.150532994,9.159691552,7.430729283
1783619913.919100761,2.115487607,9.000918660,7.344304809
1783619913.920925379,2.101886121,8.849576062,7.240017900
1783619913.922500134,2.087737149,8.699440245,7.129938039
1783619913.924154997,2.070043739,8.546465451,7.032637153
1783619913.928994894,2.028861290,8.384164454,6.947855806
1783619913.930057764,1.907757499,7.892553946,6.675601000
1783619913.931112528,1.851735111,7.735245708,6.593081146
1783619913.932450771,1.823005393,7.574024210,6.490495510
1783619913.934268713,1.776336812,7.425369377,6.397164646
1783619913.935861826,1.756123570,7.289660377,6.285734501
1783619913.941640377,1.726206343,7.154455534,6.185947595
1783619913.942703009,1.583427202,6.736903746,5.916889997
1783619913.944231510,1.550152803,6.606864936,5.810802826
1783619913.945758820,1.508336863,6.476281386,5.711544432
1783619913.947527170,1.492130445,6.368960407,5.601881206
1783619913.954113007,1.465264803,6.254631008,5.509465046
1783619913.955400229,1.364243225,5.907877835,5.312814477
1783619913.956545591,1.336043603,5.801673454,5.267964205
1783619913.957638979,1.311963675,5.701402787,5.231670040
1783619913.959192753,1.323670377,5.634998898,5.180959563
1783619913.960752249,1.356362999,5.583061564,5.126965977
1783619913.963759899,1.373213956,5.541121488,5.094127010
1783619913.964999914,1.372820534,5.481463218,5.075119703
1783619913.966274738,1.380371745,5.442910008,5.071901788
1783619913.967532396,1.384615784,5.410984229,5.064506204
1783619913.969328880,1.399567294,5.391424885,5.037097329
1783619913.970806837,1.416275722,5.376878882,5.007223158
1783619913.972517490,1.430998185,5.366264344,4.980658139
1783619913.974183798,1.462653391,5.370239377,4.932401281
1783619913.978967905,1.471792649,5.362536626,4.903524747
1783619913.980147123,1.465333765,5.328609372,4.857567922
1783619913.981289625,1.448994225,5.308201989,4.849855660
1783619913.982656002,1.446244764,5.285542932,4.817805759
1783619913.984197140,1.445266554,5.274121713,4.789592228
1783619913.985822916,1.451795825,5.268042755,4.742692393
1783619913.987478733,1.453171175,5.249261936,4.711689199
1783619913.991473913,1.446608754,5.211342812,4.697276432
1783619913.992588997,1.446422003,5.196669811,4.672614443
1783619913.994187117,1.451219387,5.179840784,4.646592810
1783619913.995799780,1.450013184,5.166982716,4.619032707
1783619913.997458935,1.468439714,5.157722723,4.579001501
1783619914.004117250,1.469781789,5.141276402,4.561301170
1783619914.005422831,1.453172807,5.055587754,4.498572361
1783619914.006580591,1.435687333,5.027389466,4.475484970
1783619914.007700682,1.426120229,4.991151974,4.452785068
1783619914.009264946,1.430021060,4.978265882,4.405758794
1783619914.010842323,1.430238643,4.955027771,4.351543177
1783619914.012526989,1.421705645,4.916630347,4.312678251
1783619914.016690254,1.406437827,4.872966244,4.286335244
1783619914.017999887,1.375156893,4.785652602,4.216668295
1783619914.019142151,1.354002927,4.729774678,4.182438097
1783619914.020962238,1.347589606,4.688125611,4.123468591
1783619914.022476673,1.344450687,4.656315968,4.058617442
1783619914.025683403,1.345727504,4.608535660,4.002907747
1783619914.026781082,1.316696950,4.546317258,3.966488473
1783619914.027766943,1.298663671,4.485931896,3.928043018
1783619914.029120922,1.280376024,4.431018823,3.887555840
1783619914.030775070,1.266337226,4.383687865,3.841933329
1783619914.032592773,1.264042521,4.350626182,3.774315058
1783619914.034186840,1.265099548,4.307164552,3.717655761
1783619914.035897017,1.246588744,4.258536201,3.666052783
1783619914.040687323,1.243846791,4.214847556,3.609552969
1783619914.041628361,1.198188402,4.118821200,3.547701551
1783619914.042692661,1.176664140,4.091839841,3.515516466
1783619914.044250488,1.191161274,4.070830328,3.466756826
1783619914.045780420,1.179574859,4.041176632,3.441706923
1783619914.047558784,1.198792777,4.033443075,3.396710364
1783619914.054123163,1.223726199,4.023830942,3.361416581
1783619914.055930138,1.221548900,3.972092890,3.327713397
1783619914.057636261,1.241452419,3.980678106,3.296718555
1783619914.059291601,1.262802146,3.976776102,3.256200078
1783619914.060844898,1.293414476,3.986097897,3.224695614
1783619914.066628695,1.288364130,3.972704812,3.217663480
1783619914.067919493,1.274383043,3.938100271,3.162481121
1783619914.069349051,1.270352559,3.938423859,3.152030259
1783619914.070882559,1.290813007,3.951429346,3.107395954
1783619914.072468758,1.311697613,3.956216466,3.053746217
1783619914.074134588,1.331740272,3.956403222,3.015272470
1783619914.079056501,1.325576734,3.946732820,3.001959024
1783619914.080235958,1.307676491,3.931231502,2.960809743
1783619914.081336737,1.298011883,3.915380559,2.945298504
1783619914.082665920,1.317081837,3.905883088,2.916204540
1783619914.084182024,1.313524833,3.900706693,2.885731233
1783619914.085806847,1.326005977,3.900335290,2.835310935
1783619914.087635517,1.340972991,3.894321503,2.801070336
1783619914.091567755,1.328425219,3.873754280,2.792941432
1783619914.092641830,1.312390753,3.848574243,2.751001317
1783619914.094223976,1.324404572,3.834619083,2.723779102
1783619914.095818520,1.317790898,3.826779158,2.699690603
1783619914.097428799,1.333058389,3.828269993,2.653533407
1783619914.103682518,1.345393395,3.815988583,2.634535763
1783619914.104785442,1.318850437,3.770319287,2.611605219
1783619914.105932951,1.316182182,3.776162897,2.580217222
1783619914.107551098,1.328367824,3.771411139,2.551439195
1783619914.109294176,1.337414505,3.778301439,2.506377893
1783619914.110809326,1.336294342,3.791192135,2.479273533
1783619914.116601706,1.349570646,3.786159612,2.455607625
1783619914.117861748,1.338693993,3.790536607,2.432188098
1783619914.119327068,1.336232537,3.786785109,2.429964703
1783619914.120854616,1.353086519,3.798488883,2.397636475
1783619914.122617245,1.373386476,3.813444412,2.365282609
1783619914.129081488,1.385585436,3.811392537,2.353492586
1783619914.130985260,1.400625088,3.830151562,2.327695139
1783619914.132469177,1.401142189,3.845752065,2.308776143
1783619914.134182930,1.419095585,3.848316119,2.297208968
1783619914.135900497,1.423549648,3.867839555,2.285865022
1783619914.141655445,1.435096206,3.878775042,2.274535700
1783619914.142726183,1.461269863,3.914638992,2.273248430
1783619914.144282341,1.480729431,3.928251142,2.270291940
1783619914.145814419,1.483436677,3.945906054,2.259146600
1783619914.147605896,1.500854934,3.966631068,2.241400957
1783619914.150122404,1.512684647,3.982889962,2.237273102
1783619914.151242733,1.519149288,3.995528477,2.238728180
1783619914.154081345,1.530127006,4.017689884,2.244641572
1783619914.155857086,1.542333605,4.044772583,2.233019241
1783619914.157659769,1.558323615,4.080010805,2.219717837
1783619914.159334183,1.570056043,4.102259840,2.207859488
1783619914.160902262,1.585498872,4.130050390,2.201093142
1783619914.165724993,1.590907424,4.152224803,2.204038928
1783619914.166960478,1.608998831,4.247965994,2.223508577
1783619914.168271542,1.609549630,4.276239260,2.220658231
1783619914.169466496,1.611693232,4.302231708,2.229928522
1783619914.170898199,1.625799019,4.336783122,2.229882002
1783619914.172501087,1.634258073,4.373798303,2.231262847
1783619914.174300194,1.648073430,4.411143308,2.236265152
1783619914.179029703,1.654758400,4.450933872,2.233288983
1783619914.180079222,1.674628766,4.528420825,2.256911625
1783619914.181197166,1.684533733,4.576048210,2.267216962
1783619914.182617188,1.694240563,4.624797841,2.273475769
1783619914.184151649,1.708729651,4.676535777,2.286824976
1783619914.185989380,1.727384491,4.731697407,2.301934115
1783619914.187434196,1.740034216,4.792271594,2.305236869
1783619914.191677094,1.759926432,4.850286107,2.313099903
1783619914.192776442,1.802793214,4.989646905,2.337341153
1783619914.194089651,1.822429074,5.069209775,2.343106305
1783619914.195857763,1.845434561,5.143056907,2.358791902
1783619914.197657585,1.865750048,5.227876492,2.380484529
1783619914.204115629,1.885822220,5.323079162,2.384501469
1783619914.205397844,1.963285738,5.603375557,2.428888687
1783619914.206590414,1.988723284,5.699406068,2.431860848
1783619914.207700014,2.015887583,5.800756132,2.433689220
1783619914.209269285,2.036793426,5.899931798,2.454535292
1783619914.210816860,2.058800834,5.985108371,2.475117477
1783619914.212488174,2.072508023,6.083507055,2.476029039
1783619914.216734886,2.103713720,6.187069008,2.476053106
1783619914.218207359,2.133311101,6.283766249,2.499072535
1783619914.219396353,2.202115712,6.507908378,2.505943926
1783619914.220788002,2.223488784,6.631873283,2.517471153
1783619914.222563982,2.238056659,6.741314457,2.560979633
1783619914.224308491,2.257928355,6.858085620,2.613781620
1783619914.228687286,2.300210756,6.988084590,2.631745069
1783619914.229726791,2.400008353,7.234462409,2.667806243
1783619914.230877638,2.449331719,7.344387214,2.710678962
1783619914.232471704,2.468979258,7.460224227,2.738602963
1783619914.234314680,2.538076117,7.592550894,2.784804258
1783619914.235883474,2.564066789,7.685241556,2.828792425
1783619914.241604567,2.584381493,7.796931818,2.860076928
1783619914.242754221,2.785383930,8.123785760,2.915079364
1783619914.244092464,2.842996552,8.240271187,2.924449857
1783619914.245896101,2.848082335,8.354576103,2.992123893
1783619914.247470617,2.877377573,8.478923946,3.066645955
1783619914.254172087,2.886423645,8.612118326,3.122459164
1783619914.256039143,3.108705736,8.984800583,3.214011352
1783619914.257621527,3.129639552,9.127060739,3.308136682
1783619914.259143591,3.144587944,9.273371569,3.380940304
1783619914.260964155,3.147119353,9.406564019,3.486754287
1783619914.266721010,3.230699726,9.542790080,3.521253110
1783619914.267948627,3.573091631,10.087150009,3.691209548
1783619914.269097090,3.655739649,10.240468618,3.734099788
1783619914.270931482,3.676446876,10.397720679,3.843230621
1783619914.272502661,3.686996787,10.563452485,3.961396900
1783619914.274149418,3.694469053,10.754229788,4.053196818
1783619914.279023886,3.795681885,10.931686120,4.095354793
1783619914.280125856,3.978580182,11.297656473,4.217221173
1783619914.281201124,4.075422240,11.470041980,4.261774399
1783619914.282600403,4.071671522,11.664967375,4.346116150
1783619914.284108877,4.184973218,11.829378633,4.406552816
1783619914.285983801,4.202380696,12.008156061,4.518958121
1783619914.290984869,4.205647540,12.190459902,4.609863359
1783619914.292573690,4.406572891,12.513632708,4.697980858
1783619914.294140816,4.411834417,12.663196325,4.814860628
1783619914.295785189,4.406330094,12.829911912,4.920525057
1783619914.297478437,4.504339889,12.974642828,4.981219772
1783619914.304112911,4.504653216,13.134024094,5.088776816
1783619914.305388927,4.859652505,13.723354968,5.288967872
1783619914.306538105,4.938931249,13.877702537,5.333342171
1783619914.307896376,5.027272048,14.036272629,5.376022700
1783619914.309387684,5.024387492,14.187328000,5.514271143
1783619914.310971022,5.017925220,14.340040148,5.634542705
1783619914.312520981,5.118349177,14.480954743,5.710168544
1783619914.316728830,5.126542697,14.643030209,5.832198996
1783619914.318048239,5.303697631,14.934375778,5.956919708
1783619914.319200754,5.386085201,15.079440215,6.016772139
1783619914.320823669,5.395716809,15.226425186,6.158456276
1783619914.322674036,5.415643002,15.376984149,6.313439475
1783619914.324239969,5.424192853,15.536378343,6.437453173
1783619914.329002619,5.512424005,15.693909141,6.489008977
1783619914.330056190,5.703033874,16.019842433,6.624917863
1783619914.331108093,5.805874070,16.190029280,6.675942804
1783619914.332432985,5.830913944,16.361734743,6.797697739
1783619914.334294319,5.937452747,16.526051410,6.864376434
1783619914.335984230,5.974306987,16.685795435,6.999750652
1783619914.338026047,5.995807732,16.846913427,7.114471590
1783619914.339112282,6.085849288,17.002836444,7.158818420
1783619914.341694355,6.167905674,17.153357538,7.197175856
1783619914.342842579,6.257422974,17.263205158,7.263440182
1783619914.344227314,6.334071149,17.394011321,7.307656334
1783619914.345856428,6.334602061,17.502800335,7.439623581
1783619914.347474575,6.332983234,17.618018324,7.573535797
1783619914.349147081,6.336773452,17.729709417,7.681517128
1783619914.354116201,6.400183845,17.842958574,7.727937571
1783619914.355216503,6.542405209,18.068000659,7.818564408
1783619914.356443644,6.609180070,18.166482463,7.887852131
1783619914.357740879,6.676415710,18.284476713,7.940745020
1783619914.359230518,6.674645693,18.381506276,8.044261296
1783619914.361001730,6.724527827,18.466728898,8.107869901
1783619914.362634897,6.710715362,18.544802754,8.241778866
1783619914.364102125,6.670359136,18.620951563,8.364517461
1783619914.366859674,6.714774899,18.699991246,8.393346297
1783619914.368334532,6.753693656,18.751012181,8.437580493
1783619914.369609594,6.787644854,18.803935335,8.463809486
1783619914.371038914,6.725200408,18.833883138,8.584344408
1783619914.372433424,6.744366981,18.850283222,8.626834042
1783619914.374290705,6.651856456,18.843955735,8.779243309
1783619914.379096031,6.552621505,18.833363168,8.909871633
1783619914.380382061,6.560070453,18.808264980,8.956063044
1783619914.381560802,6.556075510,18.794335117,8.954803015
1783619914.382709503,6.552890537,18.778635622,8.956376117
1783619914.384409904,6.427731281,18.725611667,9.120166385
1783619914.386079550,6.421640300,18.700280157,9.116080825
1783619914.387633801,6.292380402,18.642839082,9.280262616
1783619914.389307976,6.174043328,18.590126343,9.410503316
1783619914.391610384,6.174185180,18.563093877,9.404736995
1783619914.392732143,6.159721208,18.507580031,9.418338853
1783619914.394109964,6.149570411,18.471087293,9.401999379
1783619914.395987988,6.002016394,18.376441274,9.553106556
1783619914.397664070,5.855244878,18.280798917,9.707670603
1783619914.399243832,5.710528658,18.187399339,9.809321109
1783619914.401338339,5.687394657,18.136471977,9.793091846
1783619914.403100014,5.672335992,18.088106227,9.764426948
1783619914.404631376,5.642167228,18.036521272,9.745458125
1783619914.406552792,5.613901149,17.968052325,9.763776676
1783619914.408379555,5.598935698,17.919975514,9.725741167
1783619914.410189867,5.569458205,17.870476141,9.688468621
1783619914.411990643,5.429664000,17.786754984,9.775234078
1783619914.413771391,5.385600307,17.706194798,9.779281526
1783619914.415537357,5.346216286,17.647564125,9.736883760
1783619914.417823315,5.311677112,17.585212943,9.699656577
1783619914.419762135,5.163978912,17.486266024,9.775394557
1783619914.421208620,5.110530686,17.390609774,9.777247166
1783619914.422670364,5.076712850,17.322137379,9.729441319
1783619914.424304008,4.929221995,17.198536696,9.833620797
1783619914.425918102,4.778834294,17.075616500,9.933066777
1783619914.427542210,4.641860320,16.967112816,9.979377666
1783619914.429164171,4.585675122,16.857681799,9.969577283
1783619914.431020260,4.446800247,16.723058718,10.044601153
1783619914.432513475,4.307711331,16.587263508,10.109683222
1783619914.434454441,4.261829954,16.482854414,10.052601723
1783619914.435939074,4.121355664,16.335867656,10.100252086
1783619914.437589884,4.006869379,16.205003146,10.097199330
1783619914.441738367,3.957521467,16.090969176,10.030607742
1783619914.442886353,3.792647096,15.687163751,9.865503149
1783619914.444263458,3.729880009,15.542433229,9.788019397
1783619914.445839167,3.593964063,15.352573772,9.787229558
1783619914.447479010,3.463585715,15.154110896,9.767622433
1783619914.449351549,3.354707603,14.968421817,9.698414881
1783619914.454212666,3.283326012,14.783433453,9.599599712
1783619914.455978632,3.115709306,14.356691627,9.403971717
1783619914.457524538,3.004035197,14.139977743,9.308183241
1783619914.459234715,2.903346898,13.903892210,9.214336458
1783619914.460848093,2.786069239,13.653101433,9.128218801
1783619914.463648796,2.686245900,13.422467279,9.000226383
1783619914.464806318,2.526524792,12.942476704,8.742814886
1783619914.466036797,2.447285275,12.698223557,8.618944845
1783619914.467912197,2.355221193,12.443529652,8.514070037
1783619914.469262123,2.283354869,12.198463354,8.394101863
1783619914.471031189,2.184490817,11.945289018,8.284447282
1783619914.472698212,2.110867945,11.714516069,8.154736138
1783619914.474316120,2.027219481,11.465635261,8.062079942
1783619914.478658915,1.969821087,11.247159774,7.928176529
1783619914.479794502,1.849236837,10.787375312,7.733862064
1783619914.480775118,1.797062737,10.558898119,7.632108989
1783619914.482681513,1.734846621,10.333254238,7.544941873
1783619914.484223366,1.700815285,10.134786618,7.425418707
1783619914.486016035,1.643566951,9.921276816,7.342899466
1783619914.487651348,1.601304613,9.727675332,7.233406298
1783619914.489256382,1.582859936,9.546279014,7.114003652
1783619914.491675854,1.547565478,9.340065270,7.017331042
1783619914.493151665,1.500139278,9.151138244,6.926856888
1783619914.494411707,1.465652972,8.965853395,6.839932725
1783619914.496035814,1.454845125,8.805521757,6.719559413
1783619914.497586489,1.411568288,8.632978702,6.639733565
1783619914.499430895,1.394773814,8.477244732,6.523116421
1783619914.500844240,1.354272316,8.316613720,6.456076532
1783619914.502570391,1.347910463,8.164947382,6.355639720
1783619914.504370689,1.312688848,8.025675549,6.278216130
1783619914.505774736,1.277181701,7.881336655,6.216904563
1783619914.507632017,1.267558593,7.767267274,6.112319135
1783619914.509316206,1.268039035,7.662350658,6.025904615
1783619914.510913610,1.282559695,7.558440488,5.936213456
1783619914.516698599,1.256281982,7.449988028,5.873430468
1783619914.517974138,1.179877246,7.123823633,5.677067352
1783619914.519125462,1.154865997,7.025694198,5.621943538
1783619914.520970821,1.158172169,6.947643611,5.528644087
1783619914.522574663,1.167533144,6.879841587,5.426152704
1783619914.524112940,1.168252117,6.796959558,5.347260602
1783619914.529187202,1.143173376,6.685505367,5.292313700
1783619914.530972719,1.091352459,6.494409244,5.165399861
1783619914.532542467,1.095987264,6.398323972,5.089318411
1783619914.534280539,1.068941203,6.307975735,5.022183348
1783619914.535808802,1.067241523,6.212723824,4.940665702
1783619914.537433863,1.040109471,6.119163394,4.867281710
1783619914.540543795,1.035568732,6.019543148,4.783155761
1783619914.541572094,0.981511270,5.792778912,4.671557684
1783619914.542730808,0.955178035,5.703379400,4.606358151
1783619914.544117451,0.923855663,5.584348011,4.559883680
1783619914.545925140,0.912888846,5.503937033,4.472797360
1783619914.547472000,0.908379817,5.424424464,4.387021217
1783619914.554222822,0.906708341,5.328993618,4.310933233
1783619914.555920839,0.826126671,5.018815657,4.127708039
1783619914.557599545,0.819614317,4.931837343,4.033473969
1783619914.559153080,0.807217668,4.849646165,3.964322779
1783619914.560931444,0.801428200,4.775875639,3.888804357
1783619914.566762686,0.779665361,4.689677903,3.852511892
1783619914.568127155,0.737282333,4.420993722,3.752507610
1783619914.569283009,0.740831300,4.375490725,3.744912981
1783619914.570893049,0.765670604,4.354079739,3.708091015
1783619914.572450161,0.788142066,4.333093252,3.690814133
1783619914.574187517,0.810758418,4.316047051,3.653266710
1783619914.579113722,0.818685097,4.291957521,3.649801227
1783619914.580831528,0.837126633,4.254268153,3.624471514
1783619914.582675457,0.853241980,4.260024938,3.592174420
1783619914.584251404,0.863158557,4.248557449,3.571543053
1783619914.585958719,0.864372149,4.240602389,3.546905466
1783619914.591622829,0.871315558,4.230424656,3.523961499
1783619914.592754602,0.856003083,4.179756540,3.481019154
1783619914.594112396,0.851154054,4.165347364,3.466937211
1783619914.595922947,0.860841199,4.152267794,3.434539503
1783619914.597495079,0.872132554,4.145535691,3.402034840
1783619914.602222443,0.881586684,4.133026919,3.385418145
1783619914.603373289,0.880405636,4.071600610,3.375790381
1783619914.604360104,0.875077853,4.051517524,3.372194771
1783619914.605854034,0.879119770,4.037336958,3.358301946
1783619914.607485056,0.888768001,4.032707171,3.330093907
1783619914.609124184,0.896689399,4.019480689,3.309903189
1783619914.610922575,0.903231543,4.009786927,3.277583027
1783619914.616590977,0.901544777,3.989807059,3.258608833
1783619914.617885590,0.896457985,3.953094593,3.220096002
1783619914.619326830,0.891964097,3.927459065,3.200506721
1783619914.620887041,0.901654758,3.918299999,3.171386319
1783619914.622440815,0.914775626,3.911370036,3.143579829
1783619914.629008055,0.934947618,3.888524505,3.125770790
1783619914.630053520,0.938179624,3.802383532,3.078804557
1783619914.631100178,0.937694121,3.783507312,3.070718680
1783619914.632439137,0.956372732,3.775148169,3.045742296
1783619914.634316683,0.951785057,3.761251441,3.023640784
1783619914.635919094,0.975327553,3.773873672,2.981580551
1783619914.641686916,0.990031103,3.766586404,2.954985753
1783619914.642758131,0.984603510,3.767819548,2.929365378
1783619914.644300222,1.010370265,3.779694158,2.889693330
1783619914.645826578,1.002768612,3.789044808,2.873091694
1783619914.647634745,1.041907988,3.819035623,2.826711865
1783619914.654163837,1.071975376,3.830569740,2.815295219
1783619914.655982733,1.099923456,3.869154441,2.833414425
1783619914.657545805,1.143840041,3.903263102,2.788215912
1783619914.659322023,1.180536819,3.941101507,2.743125113
1783619914.660870075,1.219325634,3.967062136,2.733208494
1783619914.663580656,1.224278264,3.966198540,2.740128751
1783619914.664749384,1.230738209,3.975906268,2.754209519
1783619914.665941000,1.232720123,3.989562585,2.762591821
1783619914.667551994,1.248294398,4.023712141,2.728682563
1783619914.669156313,1.254781480,4.024640143,2.738111820
1783619914.670862913,1.294360435,4.066949535,2.677567140
1783619914.672596931,1.339793126,4.108053880,2.617724179
1783619914.674294233,1.375296003,4.122495481,2.596166718
1783619914.679050684,1.383462249,4.135942676,2.603268644
1783619914.680242062,1.401176383,4.181208696,2.578754833
1783619914.681346178,1.402385170,4.190768541,2.582806252
1783619914.682612419,1.411062317,4.202628770,2.582988391
1783619914.684196949,1.442906448,4.239750260,2.522802943
1783619914.685858250,1.473994038,4.263559742,2.499502190
1783619914.687469721,1.484678960,4.295067956,2.461010553
1783619914.691570997,1.505729436,4.310891805,2.437358267
1783619914.692631245,1.513627534,4.358905285,2.404073506
1783619914.694147110,1.545899687,4.371118757,2.381035956
1783619914.695993662,1.570397126,4.412251356,2.336336026
1783619914.697464943,1.575459423,4.445847616,2.311260683
1783619914.704255581,1.597556531,4.471039458,2.288735044
1783619914.705938101,1.609033062,4.550495749,2.282299840
1783619914.707593679,1.646898537,4.581852694,2.252035056
1783619914.709118605,1.672535133,4.607328703,2.238070991
1783619914.710968018,1.702991361,4.640999396,2.220693379
1783619914.716634035,1.713420231,4.672097019,2.230560983
1783619914.718011141,1.754479346,4.798156064,2.296535143
1783619914.719159126,1.766187119,4.835372979,2.307667722
1783619914.720758915,1.806824440,4.868657831,2.307618318
1783619914.722516537,1.836191473,4.907893279,2.310226254
1783619914.724120140,1.863616079,4.947815923,2.305134410
1783619914.727061987,1.873061499,4.997109726,2.305637445
1783619914.728060961,1.881715392,5.041393174,2.312246472
1783619914.729308367,1.899414104,5.089450076,2.329037136
1783619914.730870008,1.921393116,5.142415335,2.319456822
1783619914.732583284,1.932183459,5.191369602,2.340240343
1783619914.734215498,1.957859612,5.243394774,2.333581201
1783619914.735931635,1.973186630,5.295034202,2.351915969
1783619914.741565943,1.992823506,5.339700919,2.343698768
1783619914.742655754,2.020091821,5.441856186,2.363960443
1783619914.744176388,2.032834678,5.496533384,2.350927447
1783619914.745940208,2.052234162,5.530009641,2.363281466
1783619914.747638464,2.063123965,5.571853004,2.379225283
1783619914.754134893,2.073328333,5.629503101,2.366395054
1783619914.755982161,2.126308117,5.832934642,2.356234971
1783619914.757548332,2.146162477,5.878254436,2.375075292
1783619914.759323597,2.165114248,5.922181363,2.399979495
1783619914.760876417,2.177075137,5.981214166,2.400553736
1783619914.766524315,2.191767816,6.045888649,2.388887762
1783619914.767783880,2.250935470,6.252210523,2.416000152
1783619914.769208431,2.278587871,6.329530091,2.425316506
1783619914.770837307,2.292724288,6.398701389,2.469173801
1783619914.772618771,2.311658103,6.469353153,2.519336913
1783619914.779009581,2.328198098,6.560430086,2.544142123
1783619914.780071735,2.466789935,6.969405560,2.598607132
1783619914.781121254,2.521808153,7.093605565,2.634038980
1783619914.782442808,2.537524236,7.213584848,2.657198546
1783619914.784225225,2.583996131,7.316160228,2.681648028
1783619914.785791159,2.607681032,7.430430225,2.740134790
1783619914.788561106,2.632770032,7.551451443,2.767132799
1783619914.789708614,2.685973578,7.675929339,2.781886343
1783619914.790877104,2.743945569,7.797693357,2.782034159
1783619914.792569160,2.802590712,7.903095350,2.816648147
1783619914.794301748,2.831628508,8.012800105,2.881776714
1783619914.795950651,2.849179829,8.123727366,2.912941283
1783619914.797542334,2.911334918,8.223519674,2.952119950
1783619914.799235821,2.943672488,8.345961016,2.985619719
1783619914.804085016,3.006672242,8.466316606,2.995655645
1783619914.805930376,3.134783567,8.696746096,3.043289162
1783619914.807538509,3.168284729,8.812150289,3.115738820
1783619914.809190273,3.189150060,8.932383724,3.157735732
1783619914.810860395,3.253195361,9.039956477,3.198748422
1783619914.816760302,3.279055485,9.177174957,3.250750201
1783619914.818014145,3.559244441,9.720734783,3.341641934
1783619914.819183588,3.641996733,9.871857548,3.361704045
1783619914.820882082,3.675116134,10.017475430,3.446183400
1783619914.822473526,3.691750486,10.169770982,3.514456901
1783619914.824244261,3.714324589,10.334133466,3.615460253
1783619914.829025745,3.790925514,10.500251927,3.636426535
1783619914.830062389,3.950326995,10.799158884,3.709803232
1783619914.831106186,4.024305534,10.966093298,3.732861054
1783619914.832461119,4.043737567,11.124824695,3.804783517
1783619914.834217548,4.134695662,11.278776340,3.851206500
1783619914.835860014,4.146356653,11.433815794,3.959669294
1783619914.841636658,4.149443446,11.596724822,4.047125199
1783619914.842689753,4.312785520,11.918701769,4.148228259
1783619914.844217300,4.331356368,12.094590661,4.256606363
1783619914.845776081,4.428342652,12.263239679,4.330388912
1783619914.847543716,4.461337459,12.440310438,4.461156045
1783619914.850533962,4.498966061,12.611877662,4.561272092
1783619914.851721287,4.698366637,12.970462203,4.647336684
1783619914.852725744,4.798471596,13.138398099,4.683421328
1783619914.854401588,4.901683419,13.302196972,4.750754888
1783619914.855858088,4.996261959,13.461562104,4.789864248
1783619914.857432604,5.027182403,13.610430854,4.916564314
1783619914.859309912,5.046317649,13.750255080,5.061142545
1783619914.860870838,5.051825888,13.893572707,5.152527356
1783619914.865447760,5.144697799,14.040160733,5.200989386
1783619914.866602898,5.303084846,14.308562997,5.267391068
1783619914.867824316,5.377587171,14.415796162,5.325285902
1783619914.869234562,5.456644335,14.541158593,5.344546140
1783619914.870784998,5.463087521,14.644471213,5.461515602
1783619914.872578382,5.475735021,14.756304681,5.581357894
1783619914.879054308,5.490429437,14.872528765,5.660872678
1783619914.880270720,5.687341858,15.191719924,5.745924862
1783619914.881359339,5.757392851,15.302025491,5.765683827
1783619914.882512808,5.818644124,15.405003206,5.784124388
1783619914.884334564,5.817786917,15.490305140,5.900843145
1783619914.885913372,5.814918694,15.573944727,6.009082614
1783619914.887468338,5.809294722,15.660442807,6.086742707
1783619914.891618252,5.858511942,15.742746784,6.113884237
1783619914.892667770,5.943502785,15.894137025,6.162522257
1783619914.894237995,5.914928537,15.969981626,6.233982864
1783619914.895869255,5.949035194,16.040275139,6.276689523
1783619914.897566795,5.920981484,16.106049869,6.380329928
1783619914.904158115,5.897837470,16.175617167,6.451696428
1783619914.905982733,5.991156526,16.375091651,6.521543828
1783619914.907557487,5.972899341,16.425593326,6.635947179
1783619914.909121513,5.936654868,16.485754490,6.724347819
1783619914.910920382,5.899392663,16.529202146,6.865449248
1783619914.916567564,5.927503180,16.599847549,6.882906898
1783619914.917813778,6.036427427,16.812432847,7.007616467
1783619914.919250727,6.061412128,16.852977677,7.023750122
1783619914.920823336,5.991308527,16.854178663,7.179127434
1783619914.922602654,5.888731476,16.848099465,7.345529811
1783619914.927156925,5.822329286,16.851058200,7.471915543
1783619914.928124428,5.838593441,16.834202711,7.464579508
1783619914.929363251,5.835634157,16.795418824,7.519483605
1783619914.930833101,5.837655725,16.775696094,7.514238070
1783619914.932626009,5.725958401,16.718195252,7.717351809
1783619914.934183836,5.620883603,16.671182921,7.845947401
1783619914.935790777,5.619471485,16.623961440,7.922456210
1783619914.941692114,5.509797107,16.574528186,8.051105715
1783619914.942770720,5.505722006,16.454686858,8.098425716
1783619914.944316626,5.385885193,16.399698019,8.211781542
1783619914.945857048,5.370339284,16.331624694,8.274627546
1783619914.947641134,5.236505624,16.228665414,8.463425509
1783619914.954151630,5.113555348,16.164050709,8.564492647
1783619914.955957890,5.053813909,16.010836868,8.558231584
1783619914.957587242,4.915965025,15.895533062,8.727625671
1783619914.959204435,4.788766625,15.823485607,8.817756027
1783619914.960774183,4.764884425,15.747485613,8.871225116
1783619914.966609716,4.645202892,15.674332979,8.953172167
1783619914.967883825,4.565139319,15.481962620,8.912859211
1783619914.969321489,4.539262642,15.430672720,8.883989233
1783619914.970888615,4.420411906,15.312454176,9.006472006
1783619914.972519398,4.299130141,15.201275451,9.120109620
1783619914.974195004,4.182686797,15.114618575,9.169332280
1783619914.978988647,4.149839051,15.048076038,9.125222042
1783619914.980182409,4.081672669,14.867550346,9.090473223
1783619914.981320858,4.052952848,14.798458787,9.038536959
1783619914.982546329,4.012416451,14.712930016,8.995520660
1783619914.984158516,3.891717214,14.571238773,9.068617396
1783619914.985820055,3.782911994,14.465117226,9.085072561
1783619914.987604141,3.680189111,14.323725920,9.133241981
1783619914.989527225,3.640349018,14.227916455,9.075861851
1783619914.991636515,3.602189475,14.135287171,9.015169270
1783619914.992709398,3.555200346,14.012097625,8.995854240
1783619914.994254351,3.453859369,13.894978123,8.989635656
1783619914.995821714,3.396646821,13.771571535,8.953744125
1783619914.997575998,3.293808620,13.616698742,8.959072646
1783619915.004136086,3.197946906,13.492971389,8.925885871
1783619915.005803108,3.027691466,13.084701201,8.722033659
1783619915.007463217,2.920482914,12.911397796,8.693446032
1783619915.009112120,2.837370581,12.750567055,8.630181723
1783619915.010795832,2.758278917,12.582254751,8.557608124
1783619915.016573906,2.679798414,12.410799414,8.479406228
1783619915.017884254,2.463863695,11.858249325,8.192738681
1783619915.019319534,2.393926447,11.675180908,8.092339157
1783619915.020893335,2.313925310,11.478978593,8.015630166
1783619915.022495508,2.235234159,11.287570966,7.927108640
1783619915.024138689,2.186048979,11.101758253,7.830956646
1783619915.029026747,2.125348748,10.911410473,7.736112657
1783619915.030061007,1.936645954,10.363862561,7.484657305
1783619915.031127453,1.881232600,10.174183086,7.407848376
1783619915.032518148,1.853918291,10.005930551,7.312911932
1783619915.034231186,1.788980849,9.824771608,7.239602708
1783619915.035833359,1.752023683,9.657264560,7.153921017
1783619915.041685104,1.739076617,9.495125759,7.054964241
1783619915.042788982,1.613339916,9.016839287,6.851747819
1783619915.044140577,1.586720078,8.867933301,6.787312462
1783619915.045919180,1.577063962,8.730662843,6.698144116
1783619915.047483444,1.575101613,8.605330202,6.600382481
1783619915.053498507,1.584793745,8.480906679,6.499047627
1783619915.054646730,1.503852509,8.081851698,6.291156133
1783619915.055830002,1.468212793,7.958199745,6.220522880
1783619915.057464600,1.485664675,7.853067723,6.119386299
1783619915.059244156,1.492639411,7.751166645,6.009517412
1783619915.060805559,1.465842993,7.622869819,5.927432485
1783619915.066717863,1.475874616,7.522213470,5.825652520
1783619915.068018675,1.421898493,7.272195063,5.686407640
1783619915.069213152,1.398039275,7.148049721,5.623754971
1783619915.070837498,1.414424517,7.056013329,5.512819911
1783619915.072642803,1.426654255,6.948067749,5.406308743
1783619915.074198484,1.436527265,6.842243560,5.322847784
1783619915.079041004,1.407224518,6.725740780,5.259271311
1783619915.080085039,1.318557957,6.358798757,5.046619300
1783619915.081138849,1.281635674,6.222332359,4.967945732
1783619915.082511663,1.279685580,6.100627761,4.876373452
1783619915.084314823,1.244633339,5.976783223,4.796532502
1783619915.085901499,1.240659861,5.871904845,4.696890407
1783619915.091622591,1.230544188,5.760393129,4.594662337
1783619915.092679739,1.112862954,5.378631459,4.411689337
1783619915.094207287,1.110952606,5.267713127,4.335904179
1783619915.095782280,1.078998119,5.161473281,4.272885370
1783619915.097573757,1.090810529,5.065384709,4.187560558
1783619915.104135513,1.091786135,4.971947358,4.111266134
1783619915.105996609,1.001590951,4.709273345,3.974889094
1783619915.107615471,1.005501047,4.643402151,3.914787313
1783619915.109195709,0.999783780,4.587347100,3.875859948
1783619915.110975742,1.017091085,4.555161860,3.835295071
1783619915.113719225,1.003470700,4.504113224,3.831787281
1783619915.114793062,0.990856676,4.433775400,3.821799607
1783619915.115998745,0.990848747,4.397234643,3.818190808
1783619915.117607117,1.003822958,4.381728498,3.802422121
1783619915.119318008,1.027706978,4.374072683,3.775751831
1783619915.120896339,1.037719261,4.367957660,3.762466681
1783619915.122441769,1.071017924,4.372399629,3.721710903
1783619915.128479481,1.089618831,4.379197093,3.698338919
1783619915.129408360,1.083899824,4.367045009,3.672533533
1783619915.130981922,1.082745508,4.363199880,3.659913880
1783619915.132607698,1.098373056,4.367584459,3.628423002
1783619915.134201765,1.110892728,4.366471569,3.615418362
1783619915.135915995,1.104434613,4.353300121,3.599187612
1783619915.141621828,1.104250864,4.346118444,3.580584376
1783619915.142692804,1.082389804,4.288874378,3.552283928
1783619915.144240856,1.088501501,4.271397910,3.535976301
1783619915.145879507,1.087118974,4.259823758,3.519844313
1783619915.147428751,1.097937336,4.255558601,3.491420232
1783619915.154189587,1.111908969,4.244013670,3.474293792
1783619915.156008005,1.103899919,4.194578810,3.434430819
1783619915.157594681,1.116289250,4.186074222,3.404307925
1783619915.159155846,1.123705093,4.168894551,3.375238896
1783619915.160801172,1.113337157,4.155658886,3.351382395
1783619915.166802406,1.119580657,4.136897993,3.332226724
1783619915.168085098,1.098316169,4.038151730,3.276671776
1783619915.169230700,1.097740058,4.002951617,3.261580303
1783619915.170832396,1.107331962,3.993802900,3.229297475
1783619915.172636747,1.109168079,3.973600249,3.200140110
1783619915.174203396,1.122198580,3.954496324,3.172517982
1783619915.179054260,1.116035042,3.925017363,3.158144751
1783619915.180855036,1.115740894,3.886004760,3.109481099
1783619915.182665348,1.106557846,3.862011219,3.087821492
1783619915.184190989,1.114304575,3.839304314,3.068093875
1783619915.185804367,1.109536551,3.819945651,3.048372173
1783619915.190314531,1.109470785,3.799673534,3.028292604
1783619915.191242456,1.087875030,3.726592345,2.994012381
1783619915.192439556,1.075355826,3.716888649,2.984046262
1783619915.194248199,1.081193807,3.705007879,2.964255754
1783619915.195799112,1.085020972,3.706054344,2.959956765
1783619915.197455406,1.076427279,3.690051446,2.947518149
1783619915.204164028,1.086469704,3.690707623,2.940931768
1783619915.206038475,1.081061872,3.668401189,2.947020424
1783619915.207662106,1.093962051,3.677919576,2.938603036
1783619915.209184408,1.109112035,3.685120648,2.930689201
1783619915.210956812,1.125332248,3.690399326,2.921288633
1783619915.216707706,1.128073518,3.695632626,2.927289861
1783619915.217967749,1.120342724,3.707305874,2.928601978
1783619915.219125986,1.117976484,3.702066276,2.929125357
1783619915.220968008,1.133511571,3.718778310,2.907676400
1783619915.222537994,1.152085004,3.721493818,2.889685813
1783619915.224137545,1.149111780,3.726273912,2.878058378
1783619915.225871086,1.175482010,3.737431265,2.864397920
1783619915.228985310,1.173060801,3.741409216,2.864735907
1783619915.230081081,1.175698809,3.741961796,2.854628158
1783619915.231148005,1.182161245,3.748444153,2.861247701
1783619915.232655525,1.206050339,3.756862685,2.846549687
1783619915.234129906,1.211361116,3.767520745,2.844132000
1783619915.235754728,1.237495729,3.784225947,2.827122217
1783619915.237468004,1.265426148,3.794763073,2.812491805
1783619915.241620541,1.269587924,3.800051459,2.813940853
1783619915.242899895,1.276150676,3.810318818,2.814042147
1783619915.244292021,1.281419535,3.817839216,2.812407169
1783619915.245838881,1.306901722,3.835025121,2.796936138
1783619915.247597694,1.337242014,3.852828388,2.777315096
1783619915.253096342,1.363451814,3.871751517,2.766732215
1783619915.254250765,1.368070716,3.918457330,2.772480435
1783619915.256012440,1.370918209,3.939827705,2.766161642
1783619915.257624388,1.397705672,3.959311179,2.747443381
1783619915.259188890,1.423457173,3.982433256,2.736401984
1783619915.260785103,1.429498377,4.010106056,2.737511089
1783619915.266781569,1.457775319,4.033396081,2.725258619
1783619915.268066406,1.492362339,4.191740469,2.748292420
1783619915.269252300,1.502068068,4.239537710,2.759305849
1783619915.270899773,1.536628949,4.292622908,2.750914916
1783619915.272491932,1.561695616,4.338205745,2.747303956
1783619915.274284363,1.597706815,4.397165102,2.748648203
1783619915.279040813,1.605549349,4.447340766,2.766217448
1783619915.280103207,1.627054086,4.565683995,2.790829180
1783619915.281153917,1.636749614,4.621416499,2.806847593
1783619915.282540798,1.661015019,4.684970188,2.808699342
1783619915.284303188,1.674799700,4.752533252,2.828663646
1783619915.285900354,1.702985319,4.814107355,2.828134247
1783619915.291664839,1.730047842,4.887533331,2.832834340
1783619915.292721510,1.768109501,5.045396432,2.866229774
1783619915.294251204,1.805525248,5.130410429,2.876546965
1783619915.295817137,1.822516784,5.211640136,2.896294589
1783619915.297595024,1.851126617,5.298571225,2.908046512
1783619915.304156780,1.879757387,5.393261542,2.920388470
1783619915.305786610,1.996538213,5.781808307,2.986605014
1783619915.307649136,2.032465013,5.887852595,2.993503623
1783619915.309134245,2.064971528,5.994031654,2.996869928
1783619915.310912609,2.092442447,6.103180023,3.015234435
1783619915.314284086,2.134410513,6.211671875,3.028631200
1783619915.316866159,2.224189114,6.402842886,3.051587655
1783619915.318244457,2.322105902,6.596872533,3.075585742
1783619915.319402218,2.375952205,6.693798594,3.091910845
1783619915.320792675,2.415489578,6.789516947,3.111144062
1783619915.322584867,2.457538946,6.889405504,3.140314230
1783619915.324115038,2.513653843,6.983375032,3.167778451
1783619915.329072237,2.548476963,7.082237831,3.198859208
1783619915.330860138,2.653992703,7.271813954,3.275159406
1783619915.332581997,2.732370185,7.368145104,3.310017977
1783619915.334309101,2.775508954,7.473470000,3.355694006
1783619915.335854292,2.851015216,7.563796144,3.389754639
1783619915.341654539,2.888161625,7.663119419,3.436847240
1783619915.342692137,3.198867281,8.061375312,3.569100501
1783619915.344236851,3.225907678,8.181273027,3.639153022
1783619915.345789194,3.302560750,8.294424622,3.680180842
1783619915.347602844,3.333820145,8.406062873,3.753720133
1783619915.354252815,3.370223822,8.546318696,3.831247117
1783619915.355887890,3.623513752,8.947964059,3.964272121
1783619915.357470036,3.655330231,9.099243635,4.040961609
1783619915.359157801,3.681940376,9.240345074,4.108166090
1783619915.361027002,3.715381981,9.382789526,4.180157267
1783619915.366701841,3.795825037,9.519217482,4.209003894
1783619915.368062019,4.092653953,10.062835371,4.362661109
1783619915.369186163,4.180408937,10.206237221,4.404976054
1783619915.370758057,4.202391445,10.369710696,4.505299360
1783619915.372504473,4.218901986,10.511848469,4.611578909
1783619915.374115229,4.239855684,10.664088275,4.704955218
1783619915.376467943,4.326504070,10.809760662,4.749030270
1783619915.377416611,4.403800905,10.948074823,4.799069572
1783619915.379470825,4.491361031,11.083236871,4.853773323
1783619915.380871534,4.571643387,11.222257204,4.903319950
1783619915.382722378,4.596702181,11.352448902,5.010253970
1783619915.384206772,4.616624759,11.492811451,5.105102312
1783619915.385844231,4.704083461,11.612561331,5.172322397
1783619915.391457081,4.730378227,11.749481904,5.268252083
1783619915.392548800,4.897599423,11.996709745,5.377522539
1783619915.394093752,4.924290210,12.123783080,5.471617298
1783619915.395859241,4.952753849,12.224340973,5.583545065
1783619915.397503138,5.031606723,12.312902341,5.647783132
1783619915.404136181,5.047872737,12.416975530,5.727256037
1783619915.405966997,5.337329816,12.848873053,5.951367557
1783619915.407566786,5.364262002,12.953512879,6.098520759
1783619915.409110308,5.397942939,13.079125969,6.194527060
1783619915.410894394,5.438011233,13.176913469,6.340569455
1783619915.416780233,5.523698227,13.287367938,6.378753716
1783619915.418079376,5.842535810,13.700159608,6.550887351
1783619915.419241428,5.907064819,13.794205654,6.571598234
1783619915.420836926,5.920623270,13.856789544,6.698637656
1783619915.422645569,5.933390442,13.910304178,6.836401348
1783619915.424131155,5.982871618,14.009517790,6.868319991
1783619915.429083109,5.985024144,14.104348930,6.952519299
1783619915.430861950,6.054617908,14.263654974,7.134291164
1783619915.432586908,6.112834053,14.313818220,7.253614520
1783619915.434155226,6.123901008,14.418043542,7.336164933
1783619915.435840607,6.183538806,14.477410408,7.448752487
1783619915.439578772,6.195537700,14.576371761,7.518267435
1783619915.441590548,6.291350151,14.756626850,7.574497263
1783619915.442667007,6.348049815,14.848346860,7.702164713
1783619915.444212914,6.363611814,14.931532805,7.734961374
1783619915.445978880,6.364956791,14.938149192,7.878317988
1783619915.447644234,6.397740658,14.952582387,7.969722785
1783619915.454208851,6.377527671,14.998538958,8.011735800
1783619915.455900192,6.401414738,15.048395640,8.111337195
1783619915.457479000,6.348867353,15.023277999,8.243235130
1783619915.459147215,6.293476534,15.035754448,8.303830859
1783619915.460891724,6.230598481,15.004139265,8.448911400
1783619915.466769695,6.244747540,15.019796387,8.462143150
1783619915.468111277,6.226584935,14.956371887,8.533588798
1783619915.469224215,6.212283216,14.924580777,8.509271727
1783619915.470944405,6.118127743,14.842527044,8.616086849
1783619915.472519875,6.022544618,14.785080053,8.654898902
1783619915.474248648,5.906547994,14.679977816,8.757278106
1783619915.478973866,5.879377917,14.618741094,8.726081928
1783619915.480136395,5.813828250,14.445332262,8.718387388
1783619915.481215477,5.785946378,14.372135058,8.680836850
1783619915.482624769,5.681138377,14.290382859,8.713809471
1783619915.484162569,5.648095284,14.183263097,8.728024618
1783619915.485835552,5.539799191,14.072052714,8.813949584
1783619915.487520218,5.428451942,13.973342692,8.839982146
1783619915.491605520,5.401323513,13.900466070,8.799356392
1783619915.492638350,5.366837318,13.786090727,8.798327891
1783619915.494170189,5.247246873,13.683608334,8.828154411
1783619915.495933294,5.123177286,13.551538196,8.888245062
1783619915.497604132,5.087248284,13.439720488,8.880372721
1783619915.501743555,4.962894553,13.334714266,8.893656977
1783619915.503044128,4.829100255,13.050649001,8.714110280
1783619915.504127264,4.789649014,12.960979809,8.656031726
1783619915.506009817,4.754107271,12.832915528,8.622840962
1783619915.507474899,4.635191563,12.694373080,8.649350733
1783619915.509168148,4.512185093,12.583762395,8.651563143
1783619915.510968208,4.476817535,12.462187779,8.615229412
1783619915.516813278,4.350842345,12.335342754,8.602652633
1783619915.518192530,4.198573545,11.956895142,8.390855284
1783619915.519359827,4.141187232,11.830143910,8.314095232
1783619915.520755291,4.010446189,11.679925872,8.287397012
1783619915.522631645,3.893328590,11.516823367,8.255911203
1783619915.524156094,3.844752988,11.363000848,8.184127835
1783619915.529016495,3.724241595,11.205103975,8.134234219
1783619915.530050993,3.613396513,10.878915105,7.943600806
1783619915.531108379,3.552724391,10.717587757,7.837061786
1783619915.532529116,3.429585824,10.543950448,7.776640331
1783619915.534372330,3.377510983,10.367792837,7.678902771
1783619915.535975695,3.275614918,10.182693516,7.616283612
1783619915.541510344,3.163074720,10.000462495,7.546520065
1783619915.542602539,3.051441463,9.651114290,7.355674352
1783619915.544110060,2.954243424,9.473384285,7.287488124
1783619915.545897484,2.872878478,9.293973786,7.211621042
1783619915.547566414,2.833050693,9.124986774,7.125140832
1783619915.554192781,2.756859619,8.961643013,7.056401704
1783619915.555840969,2.607863899,8.359767727,6.724710531
1783619915.557506561,2.566675398,8.212745626,6.653159672
1783619915.559143305,2.510352346,8.075676447,6.586086221
1783619915.560801983,2.489195386,7.938573349,6.511560506
1783619915.562805891,2.435534229,7.806633776,6.437413772
1783619915.566671848,2.395904855,7.682992742,6.362381458
1783619915.568193197,2.294779566,7.308657022,6.133350857
1783619915.569473982,2.252461287,7.194595357,6.053514276
1783619915.570954323,2.201732105,7.075648977,5.973161622
1783619915.572463512,2.178899654,6.955790867,5.889762621
1783619915.574127913,2.152552139,6.845035036,5.810297717
1783619915.575790882,2.110716935,6.745576930,5.727402966
1783619915.578090429,2.066309998,6.632949739,5.654210658
1783619915.579167843,2.023587250,6.537393453,5.578237262
1783619915.580864191,2.001438673,6.426174330,5.511335248
1783619915.582743406,1.980094785,6.328806397,5.440614276
1783619915.584240198,1.937671602,6.230022007,5.381987001
1783619915.585849047,1.922146072,6.142857065,5.324338193
1783619915.587599516,1.887665731,6.060045973,5.257813913
1783619915.591701984,1.850863526,5.975710835,5.212589710
1783619915.592849731,1.803661665,5.809357271,5.111779175
1783619915.594327927,1.773485756,5.734683866,5.060509138
1783619915.595806599,1.772005087,5.668805019,4.996656953
1783619915.597452879,1.744681448,5.606478168,4.932032887
1783619915.599341393,1.734227785,5.533246744,4.859503214
1783619915.604129314,1.705834162,5.470063249,4.809851427
1783619915.605862617,1.646096981,5.311401204,4.692108858
1783619915.607637882,1.634389203,5.236228557,4.616853950
1783619915.609210014,1.606763004,5.166535550,4.537287985
1783619915.610766649,1.578820819,5.074778557,4.475717905
1783619915.616676807,1.549431032,5.000008158,4.397768671
1783619915.617948294,1.396908853,4.631195224,4.137804167
1783619915.619105816,1.358910252,4.545654952,4.077490941
1783619915.620971918,1.339718999,4.471432348,4.003927044
1783619915.622508287,1.317071680,4.392734132,3.931414093
1783619915.624177217,1.286890227,4.333373938,3.869494733
1783619915.629045010,1.253935047,4.257963658,3.830596086
1783619915.630121469,1.186490600,4.126956025,3.754086765
1783619915.631200075,1.158377768,4.070696819,3.724522545
1783619915.632695675,1.146443664,4.025129017,3.676172583
1783619915.634115696,1.127316184,3.974610814,3.646861350
1783619915.635941505,1.120234506,3.932727513,3.597033322
1783619915.640682936,1.108618421,3.888961835,3.552036898
1783619915.641707182,1.069001593,3.804267320,3.497695237
1783619915.642834187,1.054773287,3.761463259,3.459480289
1783619915.644160986,1.034191394,3.717635879,3.435632967
1783619915.645917177,1.035846418,3.694873954,3.401470088
1783619915.647475719,1.034993070,3.663058221,3.355948298
1783619915.654163361,1.036088125,3.639067203,3.319264747
1783619915.655986547,0.993170541,3.543105989,3.259849454
1783619915.657563210,0.995606534,3.525552180,3.231997673
1783619915.659151554,0.997178929,3.507272530,3.213587307
1783619915.660938740,0.996322864,3.487380491,3.186685841
1783619915.666807413,0.987424228,3.467922719,3.171348817
1783619915.668042898,0.943658417,3.377667842,3.104518604
1783619915.669165611,0.928369244,3.353792638,3.082231125
1783619915.670759201,0.931671939,3.335988150,3.048240921
1783619915.672502756,0.928697943,3.324699541,3.021583626
1783619915.674197674,0.922869127,3.303144610,2.997415090
1783619915.679083586,0.920338182,3.289887020,2.971116874
1783619915.680836439,0.909519584,3.243716827,2.919931119
1783619915.682618856,0.901336801,3.216215644,2.896921840
1783619915.684353590,0.895643771,3.191299532,2.872806500
1783619915.685955286,0.887043744,3.169832125,2.859873329
1783619915.688337803,0.886002750,3.141655053,2.833223634
1783619915.689351797,0.864165994,3.087830888,2.806897848
1783619915.691704512,0.858498844,3.056610340,2.797918543
1783619915.692860126,0.861860111,3.031495852,2.772426828
1783619915.694239378,0.852368499,3.003336884,2.758549762
1783619915.695807695,0.859069203,2.987988873,2.725810425
1783619915.697609425,0.860644868,2.966960994,2.695279331
1783619915.703900099,0.862548948,2.945960896,2.665637650
1783619915.705040455,0.849041862,2.873069081,2.615664353
1783619915.706240892,0.846367555,2.855564697,2.590838377
1783619915.707715988,0.842389822,2.837435434,2.578315445
1783619915.709279299,0.847635080,2.825012032,2.553613030
1783619915.710886717,0.859764824,2.820313307,2.535499257
1783619915.712449312,0.855806236,2.802464634,2.514141123
1783619915.716800213,0.853573836,2.790417789,2.505722065
1783619915.718093634,0.854018267,2.772698208,2.485795047
1783619915.719240904,0.851268154,2.767973108,2.480374631
1783619915.720915079,0.855087085,2.764250106,2.470164300
1783619915.722652197,0.850792568,2.759890998,2.462718244
1783619915.724257708,0.854686044,2.758544656,2.443421943
1783619915.725863934,0.860009973,2.754719181,2.431647463
1783619915.729016066,0.858764821,2.749641947,2.423742580
1783619915.730110645,0.857363624,2.754469423,2.414297452
1783619915.731184959,0.851115809,2.748852575,2.405149807
1783619915.732689857,0.851285601,2.743260195,2.392830165
1783619915.734139919,0.845548583,2.745986506,2.384125008
1783619915.735793352,0.848974433,2.747165949,2.367639759
1783619915.737474918,0.844909501,2.741346207,2.355786175
1783619915.741697073,0.846316079,2.732491144,2.338392705
1783619915.742807388,0.839082772,2.731391418,2.331667621
1783619915.744145393,0.839129990,2.725261830,2.327007171
1783619915.745907068,0.838120790,2.726491756,2.312107614
1783619915.747438431,0.838354841,2.713422438,2.289814659
1783619915.749808073,0.845065883,2.712060822,2.279263205
1783619915.750867844,0.839556204,2.694994376,2.268832180
1783619915.754088402,0.844192482,2.684475082,2.257778948
1783619915.755766630,0.836412115,2.656096503,2.230672451
1783619915.757563353,0.835514044,2.649965248,2.211359862
1783619915.759250641,0.842840619,2.643026043,2.194669205
1783619915.760805130,0.832283554,2.625517308,2.186202415
1783619915.764869213,0.840564497,2.625697836,2.167637720
1783619915.765983105,0.836616035,2.599779095,2.150458688
1783619915.767694712,0.834964413,2.592211777,2.144655155
1783619915.769100189,0.839019101,2.582862244,2.118829215
1783619915.770908117,0.851952286,2.577097460,2.100465221
1783619915.772578716,0.853634632,2.569081282,2.087517393
1783619915.779032707,0.863164850,2.558785728,2.064958860
1783619915.780079603,0.845587911,2.516509022,2.028775232
1783619915.781152010,0.841607623,2.508420113,2.018983756
1783619915.782698393,0.848547307,2.505477375,2.006776376
1783619915.784133911,0.847717460,2.497335853,1.995318475
1783619915.785940886,0.850013993,2.496009818,1.976739054
1783619915.791659594,0.858747259,2.495951937,1.963913122
1783619915.792718410,0.843985620,2.476945854,1.955089264
1783619915.794251442,0.859712266,2.488375199,1.943251982
1783619915.795873165,0.856599592,2.479865640,1.939927521
1783619915.797556400,0.867278663,2.486865972,1.924130083
1783619915.804152966,0.880798106,2.490425332,1.911925525
1783619915.805893898,0.875053256,2.485049405,1.900694788
1783619915.807446003,0.888236367,2.483279622,1.881244252
1783619915.809303284,0.893261928,2.486377737,1.865299500
1783619915.810844660,0.894600387,2.480263024,1.864863831
1783619915.816776514,0.900859398,2.485392073,1.848865448
1783619915.818043470,0.899639906,2.460544087,1.829139371
1783619915.819186926,0.895835584,2.456874010,1.825316038
1783619915.820777655,0.908173004,2.451673962,1.803740284
1783619915.822551012,0.920044108,2.456251157,1.786567295
1783619915.824096680,0.928495513,2.451987448,1.770928007
1783619915.826591015,0.924668957,2.438050598,1.763381903
1783619915.827737093,0.921803009,2.439062271,1.760934613
1783619915.829279661,0.920764255,2.425769947,1.750165679
1783619915.830823660,0.932449528,2.424945168,1.728313153
1783619915.832639933,0.926752750,2.419308613,1.725359682
1783619915.834313869,0.936361382,2.418635148,1.706059305
1783619915.835930586,0.928234275,2.408215638,1.698331052
1783619915.841670275,0.934460183,2.400752277,1.676631492
1783619915.842758656,0.919234413,2.378972525,1.650676899
1783619915.844316006,0.928173893,2.379780816,1.629765037
1783619915.845905304,0.920740528,2.367012127,1.620415700
1783619915.847440004,0.925808570,2.364770591,1.603586454
1783619915.854176998,0.930926220,2.356144288,1.587123149
1783619915.855972290,0.922010535,2.338964568,1.562326071
1783619915.857592821,0.926912699,2.338779292,1.553336471
1783619915.859165192,0.932285716,2.337075329,1.540490598
1783619915.860952377,0.942101449,2.339808491,1.528338100
1783619915.866721392,0.938705945,2.333223020,1.524103860
1783619915.867983580,0.942352044,2.324865858,1.509937791
1783619915.869120359,0.941634149,2.320804676,1.506394039
1783619915.870943308,0.945012908,2.319348666,1.497135166
1783619915.872510195,0.953669132,2.321667060,1.492819392
1783619915.874193907,0.965324604,2.327271665,1.488194500
1783619915.879079819,0.962194838,2.327363842,1.483996170
1783619915.880871058,0.969402161,2.329448217,1.474371052
1783619915.882698536,0.971890257,2.330768768,1.478661616
1783619915.884241581,0.984078694,2.336184869,1.476017839
1783619915.885832787,0.987958546,2.332674135,1.477157667
1783619915.889378548,0.996720212,2.339231351,1.479449524
1783619915.891632318,1.005246949,2.344625317,1.493165448
1783619915.892704010,1.011702511,2.339868081,1.495324842
1783619915.894238710,1.017925704,2.342595860,1.492499554
1783619915.895785093,1.021969058,2.342002127,1.485905574
1783619915.897571802,1.026082997,2.343986375,1.476335080
1783619915.904151440,1.034967852,2.343481814,1.476803575
1783619915.905868530,1.033506706,2.346956450,1.470566221
1783619915.907654285,1.032002987,2.348167919,1.464538989
1783619915.909197569,1.035080049,2.350024336,1.461972333
1783619915.910980225,1.036465671,2.353178394,1.458786447
1783619915.916651249,1.035571294,2.349198053,1.462125196
1783619915.917934418,1.023207923,2.349046810,1.462987943
1783619915.919347048,1.019455941,2.340413129,1.467174969
1783619915.920953751,1.021263232,2.339128823,1.462778544
1783619915.922501802,1.023058766,2.324764165,1.457573574
1783619915.924168587,1.021572648,2.326063366,1.454791178
1783619915.929045439,1.019863679,2.315534288,1.453284629
1783619915.930805683,1.015298251,2.299330927,1.445265548
1783619915.932602167,1.012464564,2.294369786,1.445996705
1783619915.934285402,1.005791148,2.288440654,1.434101386
1783619915.935908079,1.001631861,2.283828430,1.435506251
1783619915.941530704,1.002100096,2.282973485,1.432044663
1783619915.942585230,0.991806240,2.278826900,1.434679185
1783619915.944116592,0.987269546,2.270627571,1.425832312
1783619915.945896864,0.985903061,2.271629895,1.422752507
1783619915.947593927,0.979274399,2.259956246,1.422595549
1783619915.951015711,0.977792305,2.256941195,1.418277129
1783619915.954073906,0.966011210,2.244035039,1.409551142
1783619915.955258131,0.958197122,2.228339872,1.405005563
1783619915.956373215,0.956184306,2.228272369,1.400346516
1783619915.957457542,0.954567427,2.222249490,1.398768999
1783619915.959275246,0.948868014,2.213270782,1.392822901
1783619915.960841417,0.951247896,2.207961698,1.390156532
1783619915.966749430,0.945564239,2.200689885,1.384630200
1783619915.968106031,0.941351318,2.192631867,1.380582564
1783619915.969268322,0.940510962,2.183287089,1.375484107
1783619915.970869541,0.940033769,2.180211335,1.371032296
1783619915.972441196,0.937112782,2.174832744,1.365612595
1783619915.974219561,0.933649535,2.166590689,1.359315982
1783619915.979045630,0.927987142,2.160507798,1.352354842
1783619915.980102539,0.925531979,2.151537170,1.333776488
1783619915.981154919,0.926271010,2.146267662,1.327746062
1783619915.983063221,0.928623232,2.146278497,1.319737180
1783619915.984516382,0.928626254,2.145083888,1.319458397
1783619915.985975504,0.930967367,2.144842036,1.317173995
1783619915.987565517,0.932810169,2.134693444,1.308067376
1783619915.991724014,0.938761613,2.132902395,1.307044967
1783619915.992903948,0.939819145,2.132141797,1.300166173
1783619915.994261742,0.940799343,2.124805473,1.298285744
1783619915.995805025,0.938959245,2.122494741,1.289529196
1783619915.997616529,0.942336566,2.116670991,1.286338779
1783619915.999321699,0.944446497,2.108268696,1.276238937
1783619916.004096985,0.946894237,2.108421441,1.276787452
1783619916.005764723,0.944653668,2.101601401,1.270171971
1783619916.007608414,0.941583755,2.095817869,1.263880024
1783619916.009190083,0.940915586,2.087057938,1.261402515
1783619916.010964632,0.943490692,2.090623549,1.253434598
1783619916.014220476,0.941311596,2.088617216,1.257123009
1783619916.017453671,0.938563231,2.075052842,1.245046516
1783619916.018868923,0.929988318,2.061411798,1.237861190
1783619916.020004034,0.927825174,2.052297273,1.233413258
1783619916.021100998,0.923899146,2.042049494,1.226271332
1783619916.022421598,0.922769205,2.030862059,1.219107072
1783619916.024167538,0.924259029,2.027609293,1.210405912
1783619916.025761604,0.919766455,2.018296418,1.206875416
1783619916.029106617,0.911787549,2.007503344,1.199504556
1783619916.030847788,0.912376789,1.998863884,1.193387185
1783619916.032521009,0.909508513,1.990663278,1.188887275
1783619916.034238100,0.902994317,1.979316252,1.185173891
1783619916.035833359,0.895756518,1.967625100,1.178695982
1783619916.041640282,0.898141393,1.962532369,1.172938558
1783619916.042701006,0.884187385,1.930803704,1.162697453
1783619916.044248104,0.884780673,1.920983465,1.161471313
1783619916.045836449,0.881955226,1.915684490,1.163712840
1783619916.047635794,0.881071975,1.901247026,1.160704145
1783619916.054199934,0.880453543,1.895396095,1.158294711
1783619916.055990934,0.866099032,1.875184574,1.150674534
1783619916.057558298,0.863507022,1.863020755,1.148209860
1783619916.059220314,0.862618636,1.866889392,1.144617647
1783619916.060763836,0.853101574,1.853979471,1.136869337
1783619916.066788435,0.848250355,1.841609127,1.130621307
1783619916.068098307,0.828587829,1.827350922,1.120462602
1783619916.069224119,0.828247055,1.823909071,1.118594429
1783619916.070825100,0.829748194,1.821112461,1.112999979
1783619916.072631836,0.819108914,1.812492664,1.108347263
1783619916.074213505,0.813287700,1.803445126,1.106500937
1783619916.077364683,0.809848348,1.798427615,1.100892377
1783619916.078420162,0.802313183,1.788859120,1.098094722
1783619916.079364777,0.801267667,1.788619806,1.099753938
1783619916.080912352,0.794155059,1.776522680,1.089155750
1783619916.082696676,0.789600788,1.767078864,1.085656374
1783619916.084145069,0.788476172,1.766430358,1.086712681
1783619916.085819483,0.780284112,1.760388570,1.082560137
1783619916.091591597,0.770702614,1.760497096,1.077702558
1783619916.092640162,0.761446324,1.744279897,1.069574143
1783619916.094167471,0.762528567,1.739105403,1.071140997
1783619916.095951319,0.758501890,1.736312632,1.061484275
1783619916.097624779,0.752116791,1.729257360,1.053591252
1783619916.104132414,0.746988349,1.729077610,1.052008258
1783619916.105872869,0.734656749,1.702497396,1.035426271
1783619916.107428789,0.726292328,1.691802996,1.028682310
1783619916.109208107,0.724318458,1.684803972,1.023580549
1783619916.110777855,0.721581412,1.670603982,1.020130367
1783619916.116823435,0.714172737,1.663074785,1.016760312
1783619916.118084908,0.694081372,1.627694342,0.997368370
1783619916.119209290,0.689488972,1.620921565,0.993902794
1783619916.120807648,0.686990486,1.607564297,0.981309243
1783619916.122584820,0.688563102,1.600345788,0.978910823
1783619916.124131441,0.689935928,1.596114275,0.970117987
1783619916.129082441,0.680905686,1.581350618,0.962438300
1783619916.130196810,0.675273794,1.562539135,0.962341859
1783619916.131293535,0.672891625,1.552568553,0.960302722
1783619916.132546186,0.670502697,1.542701290,0.958300545
1783619916.134294987,0.664617142,1.537287554,0.953649312
1783619916.135884523,0.664305938,1.533122583,0.953144425
1783619916.137432098,0.664518476,1.523789569,0.947500490
1783619916.140127420,0.659046757,1.518307044,0.942380525
1783619916.141152859,0.660988013,1.512299429,0.939567687
1783619916.142435312,0.653450098,1.505545342,0.939352609
1783619916.144268513,0.652591571,1.498875468,0.937992224
1783619916.145889044,0.650398825,1.492536700,0.932242110
1783619916.147545815,0.646430465,1.491578597,0.934434165
1783619916.154215097,0.643164071,1.482697544,0.928976802
1783619916.155903339,0.634469814,1.470413053,0.921410530
1783619916.157567263,0.634336593,1.465889945,0.925559045
1783619916.159131527,0.635709557,1.461549203,0.920717066
1783619916.160803318,0.626174614,1.451733489,0.927117167
1783619916.166813850,0.630355763,1.452725089,0.924191440
1783619916.168107986,0.620514222,1.433472430,0.918994139
1783619916.169251442,0.615917283,1.427923530,0.917416431
1783619916.170875311,0.611797561,1.427955214,0.913725588
1783619916.172460556,0.613566243,1.427851618,0.909408932
1783619916.174250603,0.608763913,1.420643571,0.902785662
1783619916.179046392,0.608327209,1.424298209,0.906391032
1783619916.180815220,0.606677617,1.410097990,0.900207026
1783619916.182659626,0.598095307,1.410607913,0.904529266
1783619916.184205294,0.599786206,1.408473615,0.901461778
1783619916.185796022,0.591784247,1.399344639,0.898732942
1783619916.191693306,0.590630892,1.398947839,0.895120085
1783619916.192781210,0.579269119,1.385971540,0.887488899
1783619916.194100857,0.576395254,1.382892915,0.888136614
1783619916.195880413,0.572081931,1.376262501,0.886988041
1783619916.197439909,0.567820210,1.367474567,0.880042402
1783619916.201878309,0.565230353,1.361740004,0.876860157
1783619916.202949286,0.559187987,1.350580198,0.863325415
1783619916.204337835,0.551641244,1.339940301,0.871415804
1783619916.205972910,0.545291914,1.340355776,0.865403127
1783619916.207649231,0.543475839,1.329540213,0.865209992
1783619916.209215403,0.545962050,1.330262756,0.861600908
1783619916.210978746,0.538182905,1.319070714,0.857519511
1783619916.216869354,0.540341465,1.320607767,0.846778506
1783619916.218180180,0.530451081,1.298261582,0.847052306
1783619916.219327688,0.525516703,1.288195739,0.844455630
1783619916.220932484,0.519695569,1.281528257,0.841173276
1783619916.222474575,0.519759193,1.278754940,0.841184027
1783619916.224258900,0.516900215,1.266584376,0.840384770
1783619916.229049683,0.515103454,1.262489135,0.837373439
1783619916.230816841,0.510941762,1.254797225,0.829789291
1783619916.232588530,0.506730596,1.254143538,0.831461313
1783619916.234187841,0.510997145,1.249413023,0.830440585
1783619916.235888720,0.504706049,1.245010926,0.824943312
1783619916.241670609,0.501669263,1.248179052,0.825971565
1783619916.242708921,0.494247161,1.232725425,0.817536550
1783619916.244287014,0.493606636,1.227895519,0.815707371
1783619916.245817900,0.489690724,1.222279920,0.821467132
1783619916.247656107,0.489212678,1.221586366,0.819377884
1783619916.254158497,0.492324058,1.221830153,0.819123952
1783619916.255902290,0.494083003,1.220347685,0.824970743
1783619916.257457495,0.490057455,1.219723205,0.827567960
1783619916.259157419,0.492038583,1.218252911,0.825316496
1783619916.260922909,0.487142704,1.221447220,0.826299431
1783619916.263214588,0.488857256,1.224403091,0.827443240
1783619916.264326811,0.487787175,1.224012297,0.824988760
1783619916.266703606,0.487283568,1.227668949,0.827392696
1783619916.268427610,0.487426419,1.232346357,0.823689431
1783619916.269639492,0.486617758,1.219379419,0.814929962
1783619916.270996809,0.484852620,1.224768521,0.815417793
1783619916.272543907,0.477626364,1.219979430,0.818873730
1783619916.274251938,0.477470653,1.216358587,0.819364200
1783619916.278198242,0.477243302,1.217788169,0.820910090
1783619916.279157162,0.476991161,1.213662147,0.820007866
1783619916.280895710,0.472808487,1.204571681,0.821095329
1783619916.282515764,0.470895181,1.210672147,0.821622410
1783619916.284311533,0.472800443,1.203481973,0.819821981
1783619916.285796165,0.474860771,1.203458014,0.822310393
1783619916.291708469,0.476408850,1.206578335,0.821452415
1783619916.292808056,0.475002130,1.198311700,0.816241972
1783619916.294131756,0.468586043,1.191004381,0.812903409
1783619916.295889139,0.465594776,1.188189611,0.811838813
1783619916.297652245,0.468293836,1.194847240,0.813130592
1783619916.304117680,0.464597202,1.188188981,0.809658868
1783619916.305830002,0.456465877,1.174638317,0.802273879
1783619916.307419062,0.455133995,1.172314068,0.802035028
1783619916.309207201,0.455752064,1.173509147,0.798976682
1783619916.310821295,0.448438044,1.170813672,0.798946478
1783619916.316728354,0.452555591,1.166343007,0.793938627
1783619916.317997932,0.444036591,1.163608715,0.791258669
1783619916.319133520,0.441879385,1.166101048,0.790925763
1783619916.320959806,0.438988978,1.155132222,0.791422204
1783619916.322545290,0.436498047,1.159720900,0.793997516
1783619916.324113131,0.436370238,1.154210054,0.789957309
1783619916.329104424,0.436051810,1.153377499,0.792321042
1783619916.331004858,0.430981414,1.145368573,0.787760334
1783619916.332514286,0.427351829,1.144243893,0.785975089
1783619916.334166527,0.423126781,1.141319227,0.785028191
1783619916.335893393,0.426103518,1.141739033,0.782355727
1783619916.341022015,0.424083427,1.138696717,0.775111918
1783619916.342664242,0.417218043,1.131355877,0.777265757
1783619916.344307423,0.416841441,1.127664751,0.779483624
1783619916.345904350,0.416665636,1.125379790,0.783023263
1783619916.347554445,0.417574082,1.121032821,0.779629731
1783619916.354170799,0.415552398,1.117956858,0.776501286
1783619916.356060743,0.414393822,1.115421262,0.772590430
1783619916.357423544,0.416409215,1.114210176,0.768980922
1783619916.359113693,0.415238158,1.111301720,0.768237233
1783619916.360920191,0.416025898,1.114914977,0.765113969
1783619916.366787910,0.416189429,1.110705648,0.763878225
1783619916.368137360,0.408526128,1.106101154,0.761880901
1783619916.369292736,0.412195487,1.105536936,0.761603234
1783619916.370916843,0.410737200,1.112154050,0.763213270
1783619916.372517347,0.404948643,1.106467633,0.759138123
1783619916.374212503,0.415745385,1.109035640,0.756847341
1783619916.379094839,0.415133449,1.112617829,0.758297028
1783619916.380922079,0.416679682,1.106623859,0.756845969
1783619916.382811546,0.412174284,1.106530265,0.755102368
1783619916.384135485,0.417471514,1.110736009,0.753527877
1783619916.385858774,0.415515354,1.105391899,0.757404964
1783619916.387519836,0.419522804,1.109372266,0.757612274
1783619916.391542912,0.416193844,1.117194770,0.758123428
1783619916.392609835,0.418674516,1.117267890,0.761171620
1783619916.394169092,0.417995795,1.111066881,0.759527202
1783619916.395972252,0.417415308,1.115385760,0.759997636
1783619916.397639513,0.412646161,1.116210980,0.763114988
1783619916.402401924,0.414462486,1.123106751,0.763159858
1783619916.403537750,0.414558473,1.124205130,0.763744640
1783619916.404489040,0.412452267,1.122363346,0.759372531
1783619916.405919313,0.412063708,1.121376839,0.761105134
1783619916.407485962,0.414403909,1.122821224,0.761818699
1783619916.409104109,0.411354387,1.118944617,0.761245788
1783619916.410977602,0.413208765,1.124392163,0.760034654
1783619916.416869164,0.413267700,1.124442694,0.755979934
1783619916.418256283,0.413266775,1.118981919,0.753510878
1783619916.419430494,0.411094036,1.117084354,0.757269434
1783619916.420806408,0.406569402,1.114387042,0.755375648
1783619916.422636271,0.409140370,1.113823750,0.759575047
1783619916.424173594,0.405656268,1.109309714,0.759042196
1783619916.428997040,0.406705095,1.117571715,0.760378023
1783619916.430037975,0.406918756,1.106916650,0.756158709
1783619916.431077719,0.401548445,1.102028865,0.749683428
1783619916.432560205,0.404703426,1.103046431,0.751296618
1783619916.434129953,0.401965867,1.096246493,0.748276910
1783619916.435792208,0.397765958,1.090919305,0.741177261
1783619916.437431097,0.397774626,1.085885527,0.738923467
1783619916.441554546,0.396771047,1.086248015,0.732676228
1783619916.442588806,0.398714666,1.089721692,0.731903539
1783619916.444110870,0.391129759,1.084761742,0.732486925
1783619916.445879936,0.392284200,1.079560377,0.732012219
1783619916.447538376,0.391171373,1.072429328,0.727952377
1783619916.454254627,0.395501575,1.070508034,0.723343358
1783619916.455809116,0.395464235,1.057111267,0.709148844
1783619916.457446337,0.387772215,1.054340882,0.707996397
1783619916.459107876,0.381025379,1.048208118,0.706252420
1783619916.460759878,0.377303025,1.040516859,0.699740339
1783619916.463403463,0.379712106,1.037478556,0.693760627
1783619916.464444399,0.377802290,1.027773113,0.691190616
1783619916.466857195,0.372914578,1.023127811,0.683351292
1783619916.468208790,0.373021237,1.020955673,0.684283927
1783619916.469366789,0.368041731,1.018376008,0.685920356
1783619916.470987558,0.364847665,1.020586111,0.684598257
1783619916.472581148,0.361121992,1.015456798,0.687665111
1783619916.474113226,0.359521204,1.011199206,0.681254013
1783619916.478462219,0.363395081,1.005451416,0.682521351
1783619916.479460716,0.356496929,1.001536556,0.682712639
1783619916.480872393,0.353745991,0.998734795,0.678738519
1783619916.482538700,0.362135442,0.999017584,0.678304695
1783619916.484298468,0.362219299,0.993753987,0.677002298
1783619916.485857964,0.358433045,0.986876813,0.672538022
1783619916.491734743,0.361932387,0.992237144,0.673836900
1783619916.492877960,0.354108155,0.989738818,0.674500387
1783619916.494268894,0.351269427,0.983978435,0.673433996
1783619916.495830297,0.353162154,0.986227040,0.675751326
1783619916.497615099,0.354749414,0.986410344,0.680793081
1783619916.499201298,0.355269400,0.981386791,0.678234053
1783619916.504130840,0.351760967,0.986235747,0.682494700
1783619916.505765915,0.353217557,0.983166527,0.683696698
1783619916.507561445,0.350676232,0.983005047,0.680360039
1783619916.509211302,0.350566485,0.979473626,0.679100953
1783619916.510799646,0.349739174,0.976779003,0.674355024
1783619916.516822338,0.360040745,0.984846805,0.675183355
1783619916.518093586,0.350062214,0.969473997,0.670963568
1783619916.519213200,0.346687151,0.965636076,0.673916832
1783619916.520805120,0.350160302,0.962479649,0.669321139
1783619916.522628069,0.349489780,0.963114497,0.668483738
1783619916.524187803,0.351912041,0.968565747,0.664005167
1783619916.529062033,0.352444482,0.964931241,0.657476932
1783619916.530842543,0.348389348,0.963521844,0.654394666
1783619916.532646894,0.347771653,0.961545369,0.651735231
1783619916.534286976,0.345722797,0.956080137,0.646312570
1783619916.535970211,0.343236670,0.959829910,0.647001872
1783619916.540373087,0.338943429,0.952969564,0.644215307
1783619916.541309595,0.344771305,0.956765838,0.641700136
1783619916.542510271,0.340777489,0.954833722,0.639742956
1783619916.544153214,0.337974593,0.952632198,0.637903988
1783619916.545959234,0.339934931,0.950630863,0.639678674
1783619916.547448397,0.342552583,0.956355215,0.644135547
1783619916.554219723,0.338096551,0.949806447,0.641311972
1783619916.555911779,0.342934391,0.947877217,0.642980348
1783619916.557514906,0.341626466,0.941988296,0.640872592
1783619916.559082508,0.339555710,0.946106409,0.640654516
1783619916.560837030,0.342058537,0.944754040,0.640883662
1783619916.566865683,0.344432458,0.943567900,0.641550840
1783619916.568262815,0.339294161,0.928268655,0.629710017
1783619916.569393635,0.340864462,0.924067004,0.626556845
1783619916.570758343,0.335967399,0.923098264,0.624580817
1783619916.572567463,0.331687475,0.921523201,0.622912368
1783619916.574108601,0.329635858,0.921334451,0.621491465
1783619916.579214811,0.329287971,0.922451976,0.620367196
1783619916.580963850,0.331616255,0.915248775,0.612077919
1783619916.582738638,0.328737412,0.907419611,0.612348952
1783619916.584248304,0.324734355,0.904146032,0.604370354
1783619916.586050034,0.328760229,0.906021487,0.604743983
1783619916.591773510,0.330990132,0.897343075,0.600818599
1783619916.592838526,0.316903955,0.889343225,0.606660642
1783619916.594146490,0.313953623,0.885638681,0.608228437
1783619916.595928431,0.313835891,0.891343820,0.612255425
1783619916.597484350,0.311228954,0.881465250,0.608993234
1783619916.601428986,0.313115064,0.886090245,0.610633696
1783619916.602570534,0.307713196,0.882701913,0.610577173
1783619916.604543447,0.306411510,0.877474196,0.612863342
1783619916.605959892,0.307898127,0.879732875,0.612398686
1783619916.607533455,0.308343634,0.876237692,0.615812731
1783619916.609290600,0.306181482,0.876174711,0.616037077
1783619916.610880852,0.304513089,0.874820625,0.613394179
1783619916.616739273,0.306070512,0.868461880,0.609744294
1783619916.617868185,0.304818086,0.866740493,0.611971536
1783619916.619364023,0.296562580,0.859468065,0.609906191
1783619916.620935917,0.293352760,0.858796736,0.608316753
1783619916.622522116,0.297789618,0.856861652,0.607785351
1783619916.624257565,0.298824880,0.858795583,0.609275389
1783619916.629155159,0.300067598,0.858574282,0.604603045
1783619916.630885124,0.295833846,0.855954748,0.605120035
1783619916.632725477,0.298628329,0.855676354,0.605870407
1783619916.634143353,0.297025551,0.854638284,0.603933043
1783619916.635822296,0.296223121,0.853170516,0.600504336
1783619916.641713858,0.294172704,0.851499801,0.601033277
1783619916.642758369,0.289881377,0.851336286,0.595287460
1783619916.644311666,0.288692400,0.853355227,0.592303653
1783619916.645869493,0.285048224,0.852563581,0.595067868
1783619916.647661924,0.288091658,0.855717894,0.594377720
1783619916.654185057,0.285903887,0.853988556,0.594730736
1783619916.655921698,0.284684759,0.857815301,0.593400653
1783619916.657478094,0.286628404,0.857146973,0.599004857
1783619916.659174442,0.286116440,0.853361110,0.594720448
1783619916.660947323,0.287853967,0.856686178,0.595513772
1783619916.662755013,0.290474595,0.856492290,0.595853858
1783619916.666869402,0.290054572,0.858053226,0.599714714
1783619916.668175697,0.286768069,0.854658663,0.596591458
1783619916.669388294,0.284620007,0.848535933,0.596274856
1783619916.670769691,0.288414087,0.850127829,0.595174861
1783619916.672555208,0.287228345,0.847468862,0.595785222
1783619916.674088717,0.286258973,0.848832822,0.596224677
1783619916.677529097,0.282102329,0.843046544,0.594857763
1783619916.679269791,0.281717431,0.845778802,0.595378583
1783619916.680830956,0.281352424,0.848918316,0.592869599
1783619916.682732582,0.280891692,0.841833415,0.594598124
1783619916.684196711,0.282459473,0.842932831,0.594315204
1783619916.685791016,0.281853588,0.835435876,0.594383013
1783619916.691692114,0.278667706,0.837843646,0.593911970
1783619916.692794561,0.274786781,0.840139210,0.593228868
1783619916.694114208,0.272605644,0.838350959,0.592923469
1783619916.695892334,0.273588380,0.843946958,0.593543733
1783619916.697468042,0.279846396,0.847564755,0.591231207
1783619916.704235315,0.275086254,0.841663000,0.593242016
1783619916.705904245,0.272727740,0.847045078,0.602727081
1783619916.707450628,0.272093914,0.840983131,0.607699675
1783619916.709244967,0.271298864,0.840791605,0.606129153
1783619916.710791111,0.268749139,0.840349764,0.602906016
1783619916.716805458,0.272725446,0.840062238,0.606374556
1783619916.718099594,0.272738436,0.832164749,0.605822945
1783619916.719245911,0.270702768,0.833152268,0.609888330
1783619916.720854998,0.272056687,0.836090458,0.612506299
1783619916.722657919,0.269564559,0.836844932,0.610038941
1783619916.724235773,0.273558648,0.832201896,0.609325292
1783619916.729110241,0.273493552,0.834253459,0.607916815
1783619916.730906487,0.281040997,0.835517719,0.607005728
1783619916.732527733,0.282729516,0.833062907,0.605792858
1783619916.734233618,0.287442870,0.832287157,0.609921659
1783619916.735834360,0.283666036,0.833276742,0.607050757
1783619916.739358187,0.281802126,0.824626816,0.608789713
1783619916.741693258,0.287174290,0.824830987,0.612463046
1783619916.742882252,0.282246124,0.825265888,0.609666946
1783619916.744313955,0.281408594,0.829912710,0.610184734
1783619916.745985985,0.283463494,0.830916610,0.611644841
1783619916.747593641,0.281040962,0.828985739,0.605547610
1783619916.749428034,0.279149479,0.829051287,0.603567938
1783619916.754159689,0.274393632,0.833454636,0.606429023
1783619916.756150246,0.273236254,0.835709259,0.605873485
1783619916.757635593,0.269330818,0.828578595,0.598757041
1783619916.759262800,0.270085420,0.828915506,0.599946457
1783619916.760842323,0.269038414,0.831237465,0.602571223
1783619916.762531042,0.265562528,0.827154926,0.602432212
1783619916.766825438,0.266374334,0.824081188,0.601587036
1783619916.768149614,0.263218004,0.823202677,0.597061113
1783619916.769285917,0.264597358,0.821515140,0.599565967
1783619916.770937681,0.262134524,0.823558976,0.598123324
1783619916.772585869,0.141305265,0.827954059,0.663873899
1783619916.774137259,0.120938165,0.866814124,0.690884606
1783619916.779019356,0.221452272,0.883748911,0.625352069
1783619916.780062437,0.203464277,0.855954732,0.629686715
1783619916.781113386,0.235081755,0.846557542,0.623755790
1783619916.782655716,0.237531600,0.857433953,0.632025605
1783619916.784298182,0.244138606,0.860678443,0.639496615
1783619916.785862207,0.252510963,0.876056874,0.642394639
1783619916.791687012,0.250928461,0.876402434,0.640314647
1783619916.792767048,0.263053471,0.873703965,0.638533348
1783619916.794302702,0.267442677,0.864577432,0.633847041
1783619916.795833826,0.264366233,0.859564165,0.626549675
1783619916.797605753,0.268888691,0.853388145,0.618657739
1783619916.800866365,0.272129665,0.855260066,0.618651870
1783619916.804051876,0.271472963,0.842666372,0.613794309
1783619916.805160284,0.274863239,0.841529127,0.609289351
1783619916.806301117,0.277657109,0.839247138,0.611003152
1783619916.807632685,0.280428692,0.835008863,0.614352523
1783619916.809165716,0.276310449,0.834910037,0.605488269
1783619916.810933828,0.277416909,0.830108965,0.601712332
1783619916.815690279,0.269475443,0.818017888,0.587594243
1783619916.816878557,0.273776285,0.811677466,0.584753787
1783619916.818060875,0.266353122,0.805379161,0.577522261
1783619916.819178343,0.266116404,0.796974440,0.572492842
1783619916.820783377,0.267330811,0.793428252,0.569460331
1783619916.822554588,0.268246057,0.790912538,0.564577947
1783619916.824102640,0.267440120,0.781331644,0.556217199
1783619916.829102993,0.269511844,0.777438049,0.551749938
1783619916.830778599,0.262994956,0.769944231,0.544831779
1783619916.832674742,0.267166253,0.765702863,0.541948209
1783619916.834248066,0.266373400,0.765053778,0.536542516
1783619916.835937738,0.256000378,0.756031454,0.531972338
1783619916.841664314,0.261702717,0.760017256,0.528582616
1783619916.842711449,0.255321989,0.757854900,0.524134465
1783619916.844276905,0.252190041,0.758345179,0.527143305
1783619916.845836163,0.254044823,0.767435267,0.534836968
1783619916.847648144,0.249103063,0.765978364,0.537154960
1783619916.854130268,0.253003888,0.769886083,0.537148559
1783619916.855803967,0.257677854,0.779433176,0.539625039
1783619916.857564926,0.252567308,0.774668029,0.542699035
1783619916.859202385,0.252419252,0.770300603,0.535079086
1783619916.860977650,0.250445148,0.768354956,0.535212242
1783619916.866653681,0.252834153,0.765818030,0.538237523
1783619916.867930174,0.247444584,0.765519668,0.534448669
1783619916.869346619,0.248848478,0.765928054,0.539610375
1783619916.870922804,0.243294874,0.762042644,0.538230308
1783619916.872449636,0.242529607,0.757384779,0.532247436
1783619916.874125004,0.239839431,0.753872444,0.534091969
1783619916.877389193,0.238667977,0.749505190,0.531803788
1783619916.878435135,0.236076482,0.744869076,0.535335137
1783619916.879368782,0.238432737,0.746435282,0.531411330
1783619916.880766392,0.234414118,0.740194251,0.529185872
1783619916.882671833,0.233890753,0.743413989,0.532706910
1783619916.884168386,0.227867432,0.741812535,0.529797704
1783619916.885792017,0.232489891,0.742079804,0.530056300
1783619916.891689301,0.232237797,0.739714081,0.524916325
1783619916.892864466,0.226124545,0.735266984,0.520925957
1783619916.894228935,0.229082867,0.735537856,0.520051497
1783619916.895777225,0.222153079,0.724596653,0.515915684
1783619916.897551775,0.222050759,0.720906339,0.510939735
1783619916.899187088,0.222254885,0.714621449,0.508590779
1783619916.904035091,0.220072218,0.705753685,0.503889198
1783619916.905153990,0.215521940,0.696509396,0.495103302
1783619916.906243801,0.216839255,0.696040359,0.494376377
1783619916.907592058,0.220471927,0.694108020,0.490832081
1783619916.909172297,0.214443451,0.691095454,0.488085575
1783619916.910764694,0.215500852,0.687820670,0.487435328
1783619916.916822672,0.215528688,0.686660369,0.487083281
1783619916.918118715,0.218044116,0.689540864,0.487650980
1783619916.919259310,0.215837068,0.686035307,0.484859474
1783619916.920851707,0.213941781,0.689887945,0.489409060
1783619916.922628641,0.215816115,0.691075668,0.490895536
1783619916.924151897,0.217115366,0.692471960,0.490179081
1783619916.929043770,0.218507666,0.695199641,0.492723272
1783619916.930086851,0.217971677,0.698581050,0.497405478
1783619916.931137323,0.221359705,0.700162311,0.499916508
1783619916.932662249,0.221120754,0.698389618,0.497847506
1783619916.934288502,0.217121686,0.697523323,0.498397066
1783619916.935850382,0.221710468,0.703291855,0.500568987
1783619916.940093517,0.223363658,0.700807968,0.501395785
1783619916.941035032,0.221227618,0.702164501,0.501577175
1783619916.942477465,0.219911306,0.703290570,0.500758394
1783619916.944111109,0.220538515,0.702631816,0.502345116
1783619916.945769310,0.212549469,0.701282144,0.499077788
1783619916.947642326,0.218699530,0.702101467,0.499307936
1783619916.954128265,0.217756738,0.696121491,0.497244227
1783619916.955912590,0.213949223,0.692794691,0.493097972
1783619916.957515001,0.209798421,0.691230636,0.492517875
1783619916.959192753,0.208397827,0.687484192,0.489466921
1783619916.960966110,0.210679850,0.688404096,0.484661756
1783619916.966670036,0.210103708,0.687633618,0.487120303
1783619916.967979193,0.208019862,0.670216289,0.468078174
1783619916.969129562,0.200144042,0.668214028,0.471201992
1783619916.971006393,0.198444277,0.666752471,0.474426208
1783619916.972562313,0.197274276,0.668818438,0.475915062
1783619916.974147558,0.198156467,0.669328779,0.474662579
1783619916.979094982,0.198757838,0.669076859,0.475540835
1783619916.980849266,0.200482299,0.668187776,0.476778649
1783619916.982568741,0.199552278,0.664823561,0.471787371
1783619916.984271526,0.198040042,0.659114205,0.467490966
1783619916.985866785,0.195535131,0.661053504,0.463189901
1783619916.991765738,0.190744051,0.655131921,0.458815809
1783619916.992995262,0.185288946,0.653958233,0.457546674
1783619916.994123936,0.185546955,0.647982421,0.457791511
1783619916.995951414,0.185647958,0.652297711,0.460130433
1783619916.997502089,0.182457541,0.653825306,0.462603058
1783619916.999383211,0.182357683,0.654592313,0.459120767
1783619917.002528191,0.184103657,0.651517041,0.457852106
1783619917.004416943,0.184697517,0.657024557,0.459906149
1783619917.005852222,0.180994441,0.658165232,0.470054726
1783619917.007535458,0.181775485,0.660105506,0.462276728
1783619917.009151220,0.184489290,0.659043102,0.459339753
1783619917.010842800,0.180423086,0.653632425,0.460680924
1783619917.016852856,0.183276003,0.661413527,0.457724800
1783619917.018248558,0.182631981,0.671799287,0.466200871
1783619917.019416571,0.177153789,0.667014578,0.463859018
1783619917.020772934,0.181932203,0.667089367,0.466297428
1783619917.022624016,0.181037086,0.664893047,0.463307918
1783619917.024169683,0.183938245,0.680027253,0.467963115
1783619917.029047966,0.182102269,0.673421584,0.465980098
1783619917.030788183,0.179557413,0.675168283,0.464383922
1783619917.032672405,0.181216853,0.676866794,0.462571495
1783619917.034297943,0.184063057,0.678136905,0.460931259
1783619917.035977602,0.178956633,0.677422639,0.456010462
1783619917.041728735,0.179784673,0.677811971,0.455911575
1783619917.042851686,0.177824625,0.674441869,0.451200797
1783619917.044156790,0.174626388,0.678350792,0.450607533
1783619917.045943975,0.179217642,0.680865746,0.446936869
1783619917.047469854,0.174293965,0.676009989,0.445256277
1783619917.054171085,0.175847506,0.674990725,0.446807722
1783619917.055913687,0.171023355,0.680212240,0.448227909
1783619917.057476759,0.180918717,0.676712488,0.444680353
1783619917.059249640,0.175101925,0.674667750,0.441416789
1783619917.060821295,0.174559192,0.674789526,0.439798361
1783619917.064511061,0.173470685,0.664910773,0.436932170
1783619917.065870285,0.172149358,0.660506465,0.436022772
1783619917.067734241,0.174196641,0.659462472,0.435992928
1783619917.069157600,0.170589324,0.660180783,0.436360807
1783619917.070956707,0.169256323,0.659595026,0.437531762
1783619917.072516680,0.173331020,0.658837206,0.434007586
1783619917.079165936,0.172059131,0.651106231,0.429794400
1783619917.080948353,0.166731919,0.652842662,0.422989568
1783619917.082613707,0.167728322,0.651240466,0.424969912
1783619917.084133625,0.167032226,0.650827205,0.423753979
1783619917.085821629,0.168707360,0.652305749,0.420850586
1783619917.091708660,0.162888725,0.649620297,0.421631854
1783619917.092756510,0.158752778,0.644716517,0.411853912
1783619917.094298601,0.159822951,0.640834667,0.409389617
1783619917.095911741,0.156852073,0.643366959,0.410630950
1783619917.097523212,0.159041117,0.644271216,0.409160597
1783619917.099282026,0.156801603,0.645903403,0.408634874
1783619917.104125023,0.157834895,0.645393176,0.407963377
1783619917.105835676,0.155175769,0.642455747,0.406870947
1783619917.107665777,0.156707135,0.646363593,0.410814892
1783619917.109244823,0.152788405,0.647094537,0.408672859
1783619917.110814095,0.154701323,0.649995501,0.406307538
1783619917.116730452,0.153509031,0.644104513,0.400999923
1783619917.118012905,0.157192753,0.646784601,0.402027178
1783619917.119153500,0.158822322,0.652771813,0.405274913
1783619917.120766401,0.155941954,0.651770229,0.399234910
1783619917.122561693,0.158082299,0.650849463,0.399420283
1783619917.124105930,0.156088594,0.652887168,0.399062170
1783619917.126640081,0.158217527,0.657388830,0.398092872
1783619917.127686501,0.156417150,0.652912587,0.394520185
1783619917.129347801,0.150548582,0.653537362,0.395458410
1783619917.130900383,0.150838979,0.653421805,0.396993783
1783619917.132568121,0.151579908,0.660288679,0.397817854
1783619917.134188652,0.152855730,0.661452737,0.402481695
1783619917.135787010,0.155092942,0.659923109,0.403403153
1783619917.141763926,0.155382175,0.663808231,0.406063696
1783619917.142845631,0.151949641,0.666240749,0.401589494
1783619917.144153595,0.151694748,0.666127095,0.405688537
1783619917.145919085,0.151187892,0.663220536,0.402802372
1783619917.147481203,0.149914146,0.662887119,0.401923196
1783619917.154138088,0.152833397,0.660559391,0.405134358
1783619917.155797720,0.153039378,0.661179568,0.402523755
1783619917.157649279,0.152145499,0.663270132,0.399084580
1783619917.159347296,0.150176791,0.661042818,0.401422006
1783619917.160892010,0.147468914,0.659631998,0.401234460
1783619917.166786671,0.153107297,0.661402477,0.404725429
1783619917.168084145,0.149428538,0.649795093,0.401298688
1783619917.169239283,0.146357829,0.653817950,0.404742201
1783619917.170842648,0.143310351,0.642108210,0.401308113
1783619917.172664404,0.144722200,0.641596542,0.401064821
1783619917.174219847,0.144819661,0.642766534,0.401966918
1783619917.179082870,0.148068419,0.639496094,0.401537881
1783619917.180879116,0.145860419,0.630698488,0.396051074
1783619917.182557344,0.141931762,0.635408030,0.397697426
1783619917.184117317,0.142302924,0.632919462,0.396201300
1783619917.185806990,0.146858109,0.630589544,0.395479022
1783619917.191666126,0.140541362,0.627766201,0.392113261
1783619917.192786932,0.138743995,0.637812050,0.390919574
1783619917.194096088,0.137568729,0.639936331,0.389981200
1783619917.195919514,0.133846635,0.635353802,0.387380217
1783619917.197464466,0.136352037,0.637193281,0.387652270
1783619917.202852249,0.137819765,0.637190884,0.389800156
1783619917.204450607,0.138994846,0.642227623,0.391636025
1783619917.205974102,0.139577819,0.643248775,0.392057459
1783619917.207447529,0.142801840,0.650722254,0.395314790
1783619917.209165812,0.145643220,0.650137155,0.396653005
1783619917.210968018,0.146604726,0.650098138,0.395041616
1783619917.217051744,0.145401000,0.653952269,0.395032755
1783619917.218419075,0.146284768,0.654102811,0.397466745
1783619917.219561815,0.147591363,0.649976908,0.398540669
1783619917.220896959,0.154181120,0.647527286,0.398734162
1783619917.222476721,0.148204587,0.649518478,0.400531503
1783619917.224247932,0.147043701,0.649995027,0.402064368
1783619917.229148865,0.148526295,0.645918947,0.403053749
1783619917.230846643,0.149165177,0.649103356,0.403271907
1783619917.232643127,0.153693423,0.649811694,0.402185227
1783619917.234244347,0.151571625,0.650121682,0.397672424
1783619917.235942602,0.154593537,0.638645114,0.403153092
1783619917.241672516,0.149433920,0.642375009,0.401876222
1783619917.242750883,0.149256511,0.643508576,0.397748225
1783619917.244317055,0.148150932,0.640698252,0.395148260
1783619917.245854378,0.145806173,0.634808570,0.394070444
1783619917.247646093,0.146852397,0.643375773,0.394641699
1783619917.249190092,0.142396801,0.633651524,0.391694513
1783619917.254111290,0.147335096,0.633778810,0.392669689
1783619917.255794287,0.140862861,0.634562098,0.388656103
1783619917.257593632,0.138108514,0.636886335,0.388035662
1783619917.259304762,0.141256773,0.634899775,0.384527555
1783619917.260844469,0.135729537,0.637882778,0.390600278
1783619917.264446497,0.138433632,0.639403985,0.386694004
1783619917.266869068,0.130774854,0.629103246,0.383051221
1783619917.268164396,0.128523756,0.628800279,0.380486330
1783619917.269327402,0.128384715,0.624468592,0.380579653
1783619917.270948648,0.126119312,0.627196679,0.378554147
1783619917.272556782,0.128462708,0.626201302,0.378627937
1783619917.274327993,0.124663478,0.624434789,0.378566603
1783619917.279055357,0.128810643,0.624921708,0.376014362
1783619917.280878782,0.122775389,0.621461243,0.376569247
1783619917.282682657,0.118183078,0.615772227,0.370741322
1783619917.284177303,0.120666961,0.614920061,0.373559626
1783619917.285930157,0.118433580,0.609502144,0.366738911
1783619917.291603327,0.116189054,0.611820036,0.369039974
1783619917.292661190,0.111409699,0.595202072,0.352709730
1783619917.294190168,0.106653033,0.591601109,0.354870376
1783619917.295758009,0.103974511,0.590147738,0.354939428
1783619917.297591448,0.108744654,0.595363062,0.354895296
1783619917.304194450,0.104645396,0.586105938,0.354792673
1783619917.305891037,0.098711924,0.590850119,0.354692101
1783619917.307444334,0.098295852,0.583973022,0.354499134
1783619917.309276581,0.097499171,0.571817938,0.348840414
1783619917.310843468,0.093245200,0.579528269,0.354722248
1783619917.316822290,0.092698729,0.575786734,0.352535520
1783619917.318158388,0.076575323,0.562329634,0.348381254
1783619917.319316149,0.071773586,0.558259495,0.348670741
1783619917.320958614,0.065687927,0.562268422,0.356802653
1783619917.322522402,0.058868881,0.558746476,0.354039168
1783619917.324281693,0.049882292,0.554010593,0.354211822
1783619917.326854467,0.046090571,0.550411272,0.348354027
1783619917.327940226,0.044686041,0.540206973,0.345348737
1783619917.329153299,0.043234206,0.532772651,0.345193609
1783619917.330967188,0.046825773,0.533798854,0.347125227
1783619917.332620144,0.146197071,0.502892561,0.267705753
1783619917.334117174,-0.002525168,0.535058991,0.399937209
1783619917.335819483,0.216332657,0.412955429,0.181678652
1783619917.341808796,0.076057729,0.457385664,0.300054550
1783619917.343135595,0.213510081,0.367173040,0.152945729
1783619917.344481230,0.140663360,0.391055314,0.219448960
1783619917.345951557,0.204257703,0.364248206,0.154288262
1783619917.347732067,0.149762390,0.379538405,0.197386934
1783619917.349405527,0.186650741,0.362805474,0.158350844
1783619917.351072073,0.155358248,0.379281290,0.187523978
1783619917.354032278,0.169700971,0.361240722,0.163624208
1783619917.355179310,0.150144605,0.367534477,0.175483377
1783619917.356272697,0.160876022,0.362452927,0.161487885
1783619917.357673883,0.152336868,0.367827119,0.167262296
1783619917.359236717,0.153700246,0.350838050,0.160781380
1783619917.360776186,0.153554205,0.356534719,0.161174089
1783619917.366847038,0.153844333,0.352427505,0.159865291
1783619917.368174076,0.153529079,0.353143116,0.153688405
1783619917.369321823,0.149416253,0.346398537,0.154637191
1783619917.370944262,0.155666859,0.347706885,0.154538637
1783619917.372527838,0.149155803,0.346231114,0.148722547
1783619917.374158144,0.143281885,0.342268068,0.149387298
1783619917.379061937,0.148165921,0.343169884,0.148225854
1783619917.380848169,0.148137893,0.329107945,0.142486096
1783619917.382542610,0.114228240,0.338262022,0.167031971
1783619917.384268999,0.095499343,0.333591706,0.171358237
1783619917.385869741,0.086142051,0.328250321,0.174681262
1783619917.388974667,0.093980976,0.322565271,0.170687281
1783619917.390024662,0.099458623,0.316694769,0.163597058
1783619917.391014576,0.101737740,0.314631692,0.162850133
1783619917.392643452,0.096893935,0.312289543,0.161739659
1783619917.394167662,0.098424997,0.307903385,0.157711641
1783619917.395809174,0.096869828,0.312317293,0.158318759
1783619917.397480011,0.089192945,0.312597744,0.153220497
1783619917.404140711,0.088759988,0.323294265,0.161121326
1783619917.405942678,0.079637157,0.300147604,0.162228171
1783619917.407485485,0.086515430,0.307217764,0.165907695
1783619917.409311295,0.078994131,0.307080092,0.161912978
1783619917.410953760,0.075778950,0.301398556,0.155877581
1783619917.416934490,0.073519554,0.305322427,0.160342045
1783619917.418179512,0.068108659,0.299357742,0.161836641
1783619917.419311285,0.057133934,0.288957952,0.156658223
1783619917.420947075,0.043266855,0.291265775,0.168993884
1783619917.422469378,0.062866780,0.275878125,0.140027204
1783619917.424156189,0.060057828,0.267696074,0.144065422
1783619917.425853968,0.065662350,0.259572600,0.143299136
1783619917.429094553,0.040779452,0.264323788,0.157228666
1783619917.430883408,0.055997540,0.255453416,0.130388364
1783619917.432554722,0.049336392,0.262815731,0.137689807
1783619917.434283733,0.045606986,0.257785668,0.137421802
1783619917.435930252,0.040813160,0.249959334,0.132926912
1783619917.441717386,0.046360268,0.247807745,0.125081576
1783619917.442779064,0.028449238,0.230940077,0.122794860
1783619917.444100857,0.022711923,0.222257286,0.119678483
1783619917.445899010,0.025359364,0.221491090,0.122784077
1783619917.447470427,0.021418795,0.221907122,0.121808890
1783619917.449226856,0.016835078,0.218182838,0.119612114
1783619917.454136133,0.016809372,0.207060557,0.122526568
1783619917.455895901,0.008985129,0.202544935,0.115882601
1783619917.457449913,0.007078698,0.198719868,0.111797309
1783619917.459223986,0.005558779,0.195695952,0.115916527
1783619917.460766315,0.000712527,0.198750559,0.119100302
1783619917.465647697,0.001208007,0.186845413,0.113617734
1783619917.466864586,-0.009211999,0.181558019,0.117682699
1783619917.468079329,-0.008822286,0.178961293,0.113511128
1783619917.469227791,-0.007002845,0.173679914,0.108858473
1783619917.470827818,-0.019700210,0.183002398,0.120246887
1783619917.472635269,-0.008638217,0.176836990,0.115412526
1783619917.474169731,-0.015775991,0.171818706,0.113017402
1783619917.479155779,-0.013547695,0.169460775,0.104987912
1783619917.480909586,-0.018146573,0.167464891,0.101843759
1783619917.482766151,-0.029500003,0.171105450,0.117124314
1783619917.484232187,-0.021364831,0.163400138,0.104770554
1783619917.485919952,-0.032284845,0.170337769,0.109878527
1783619917.491737366,-0.028603916,0.167972484,0.100183613
1783619917.492807865,-0.027034802,0.138708124,0.106414653
1783619917.494092703,-0.037311552,0.139195025,0.099044968
1783619917.495868206,0.009813853,0.136375015,0.120152870
1783619917.497495174,-0.007826147,0.147975246,0.157687811
1783619917.499171019,0.011650456,0.130060272,0.108366172
1783619917.504130602,-0.007939319,0.128313828,0.100313275
1783619917.505995750,-0.022951838,0.139600809,0.046629734
1783619917.507471561,-0.009106322,0.112418954,0.016194831
1783619917.509299040,-0.021212308,0.103051393,0.033403211
1783619917.510836124,-0.018079911,0.090606910,0.031777490
1783619917.516802311,-0.028519619,0.090661411,0.038852200
1783619917.518107891,-0.019279453,0.069740374,0.035157633
1783619917.519233942,-0.022281232,0.073034245,0.029741291
1783619917.520857334,-0.021230174,0.072785821,0.025555333
1783619917.522437096,-0.013751539,0.076251303,0.042747552
1783619917.524212122,-0.013542139,0.081671689,0.044695176
1783619917.527334213,-0.020725930,0.078259241,0.041547257
1783619917.528295994,-0.026032307,0.071421239,0.039598214
1783619917.529235363,-0.025011470,0.065441558,0.038696323
1783619917.530795574,-0.027000544,0.071625020,0.046488118
1783619917.532703400,-0.008846164,0.072401200,0.046267553
1783619917.534267664,-0.011776680,0.066889694,0.049987233
1783619917.535961628,0.003942977,0.057306772,0.035668770
1783619917.541727543,-0.005380266,0.045021280,0.036346072
1783619917.542798042,0.025855724,0.017417650,0.029902982
1783619917.544095993,0.021021459,0.022478155,0.042554807
1783619917.545885801,0.016311894,0.025278586,0.044977564
1783619917.547450304,0.015889149,0.019102363,0.030311662
1783619917.554207087,0.018521276,0.017124742,0.031275711
1783619917.555997372,0.014770413,0.013713348,0.030343724
1783619917.557577133,0.015490836,0.013524188,0.032918605
1783619917.559217930,0.017848586,0.016493981,0.035464546
1783619917.560770988,0.015816633,0.015227118,0.031174439
1783619917.566878796,0.016950189,0.016674678,0.030220521
1783619917.568252802,0.009458683,0.020260736,0.015438026
1783619917.569435596,0.027103091,0.013384573,0.020926440
1783619917.570806265,0.008136203,0.014574502,0.018433875
1783619917.572613955,0.023351257,0.011573822,0.017458191
1783619917.574174404,0.009961727,0.011091613,0.010797432
1783619917.579052687,0.017541432,0.013106556,0.017596241
1783619917.580820799,0.013383691,0.007999902,0.011722372
1783619917.582777023,0.011934440,0.009323608,0.008430341
1783619917.584455729,0.013035566,0.007792035,0.008564941
1783619917.585827589,0.011647860,0.005878107,0.007614434
1783619917.590148211,0.006026123,0.006174541,0.007822732
1783619917.591191053,0.004659764,-0.004664590,-0.000163437
1783619917.592474699,0.005700240,-0.000803221,0.004559020
1783619917.594112873,0.006118534,-0.004842582,0.000712915
1783619917.596016884,0.005833383,0.001984112,0.003537183
1783619917.597504377,0.003601027,-0.002769139,0.003379517
1783619917.599215984,0.005319114,-0.000483881,0.003375871
1783619917.604135275,0.005809825,-0.001730159,-0.001231101
1783619917.605860710,0.005279461,-0.001901622,-0.000006240
1783619917.607436657,0.005187538,-0.001171318,0.001760366
1783619917.609311104,0.006330920,0.000768961,0.002893214
1783619917.610881567,0.006523914,-0.003880643,0.000080832
1783619917.616775990,0.006520840,-0.002871035,-0.001858664
1783619917.618055820,0.003519177,-0.000643093,-0.000363044
1783619917.619180441,0.004690446,-0.002277226,0.001218624
1783619917.620764494,0.008004716,0.000497170,0.001627775
1783619917.622463226,0.003735885,-0.005477106,-0.003267879
1783619917.624225140,0.006505106,-0.001307337,-0.002001872
1783619917.629104376,0.008882451,-0.004427939,0.001261367
1783619917.630828142,0.006671883,-0.003779051,-0.003433379
1783619917.632723331,0.008329920,-0.004439091,-0.001167016
1783619917.634276390,0.008652213,-0.009082691,-0.004031315
1783619917.635878086,0.006542600,-0.001312612,-0.001847156
1783619917.641704798,0.004364029,-0.005672048,-0.000672516
1783619917.642790318,0.007640431,-0.002850014,-0.000128937
1783619917.644114256,0.008041791,-0.007604829,-0.003038012
1783619917.645878077,0.010373103,-0.000329106,0.001555388
1783619917.647426844,0.004518284,-0.006365506,-0.002294675
1783619917.652864218,0.007464465,-0.000389553,0.001477220
1783619917.654426813,0.006924129,-0.005527762,-0.002941023
1783619917.655824423,0.008562553,-0.000260827,-0.004827562
1783619917.657424927,0.009177394,-0.001246317,-0.004013138
1783619917.659310818,0.007926101,0.001015280,-0.003982635
1783619917.660943508,0.004692761,-0.003338645,-0.004292038
1783619917.666831732,0.008277293,0.002582204,-0.001627655
1783619917.668105364,0.009039702,-0.004386220,-0.005936840
1783619917.669276476,0.006772212,-0.000206305,-0.003456124
1783619917.670897484,0.004920543,-0.005732900,-0.005753939
1783619917.672501802,0.007763166,0.001838914,-0.002094720
1783619917.674279451,0.006522558,-0.001744258,-0.005698742
1783619917.679029226,0.006778156,-0.000500027,-0.007540499
1783619917.680081606,0.007790998,-0.007473581,-0.007843588
1783619917.681149244,0.010260488,-0.001317859,-0.006415026
1783619917.682657719,0.007808207,-0.000000186,-0.001839459
1783619917.684326649,0.006225062,-0.002635806,-0.006247957
1783619917.685899973,0.007286028,-0.000844217,-0.002366198
1783619917.691662788,0.004965635,-0.001713630,-0.001826127
1783619917.692717791,0.003962399,-0.005323252,-0.005506992
1783619917.694229364,0.005249894,-0.002381579,-0.003512589
1783619917.695770741,0.008495715,-0.003107867,-0.004896616
1783619917.697540283,0.009495248,0.000506111,-0.001124677
1783619917.699730635,0.008861589,0.001508143,-0.004516393
1783619917.700911283,0.009355076,-0.001034802,-0.003469987
1783619917.704214096,0.005423263,0.001043640,-0.001271285
1783619917.705873013,0.008094931,-0.003903282,-0.005374550
1783619917.707641363,0.008600223,-0.001388691,-0.002370231
1783619917.709310532,0.008914486,0.003627150,0.002208800
1783619917.710841894,0.008063711,-0.001914107,0.001202842
1783619917.714355946,0.005618018,-0.002587603,-0.000866648
1783619917.716826200,0.005479131,-0.005962888,-0.003068532
1783619917.718074083,0.003593949,-0.004425685,-0.006297059
1783619917.719204187,0.008444778,-0.006076515,-0.000116094
1783619917.720779419,0.006132227,-0.005393784,-0.003972192
1783619917.722526789,0.004335554,-0.003610134,-0.003012272
1783619917.724123478,0.010938314,-0.003440592,-0.000666601
1783619917.729144573,0.009861137,0.000128772,-0.002498935
1783619917.730856419,0.008701327,-0.001232523,-0.002179141
1783619917.732748985,0.007224133,-0.003777603,-0.002649888
1783619917.734134674,0.008812127,0.000211279,0.000166401
1783619917.735823154,0.008525050,-0.006008949,-0.002583483
1783619917.741688013,0.010657468,-0.001490079,0.003386012
1783619917.742748022,0.005299682,-0.005542642,0.001230156
1783619917.744260073,0.009367697,-0.004169515,0.001396533
1783619917.745909691,0.010956151,0.001272090,0.006575118
1783619917.747502089,0.009019379,-0.006959835,0.000883231
1783619917.749166727,0.007808449,-0.006496275,0.001010476
1783619917.754223108,0.010619047,-0.004726672,0.001287215
1783619917.755827188,0.006024788,-0.006495939,-0.004621273
1783619917.757602453,0.008276271,-0.000514724,-0.002967167
1783619917.759303093,0.007117473,-0.001905693,-0.002713576
1783619917.760860920,0.007504215,-0.002436524,-0.004357560
1783619917.766944170,0.005411402,-0.000529088,-0.003418455
1783619917.768357515,0.003868022,-0.004521216,-0.003656279
1783619917.769489050,0.003886207,-0.004415308,-0.006226474
1783619917.770833492,0.005020839,-0.003202660,-0.006555938
1783619917.772630453,0.007394066,-0.003785014,-0.009266720
1783619917.774127245,0.004173584,-0.003381804,-0.005502958
1783619917.776923180,0.007514156,-0.002282976,-0.006880255
1783619917.777951241,0.002500441,-0.002141739,-0.006272670
1783619917.779379606,0.007215832,-0.001876265,-0.002639217
1783619917.780986309,-0.002593094,-0.005415023,-0.001202530
1783619917.782692194,0.006099341,-0.006842573,-0.002074822
1783619917.784178495,0.007005812,-0.000274913,-0.000278316
1783619917.785884619,0.005353459,-0.000551977,-0.003405404
1783619917.791792631,0.005083703,-0.001878395,-0.001612171
1783619917.792966604,0.006755625,-0.001182185,-0.000907522
1783619917.794297218,0.002730533,-0.002690132,-0.003833108
1783619917.795829296,0.005485481,-0.002301348,-0.003203176
1783619917.797690392,0.003663635,-0.000781351,-0.006523184
1783619917.799281836,0.005014596,-0.001371045,-0.006653356
1783619917.804182768,0.003033694,-0.002993264,-0.005400646
1783619917.805813313,0.003147532,-0.004850985,-0.005262260
1783619917.807606936,0.004283601,-0.010114954,-0.003201551
1783619917.809343815,0.005912183,-0.009371343,-0.005117363
1783619917.810884476,0.009167072,-0.008437822,-0.001300636
1783619917.816859722,0.005984040,-0.011003840,-0.004902360
1783619917.818150759,0.010627794,-0.004291445,-0.000983543
1783619917.819262505,0.004496130,-0.005502961,-0.002807415
1783619917.820818663,0.006741732,-0.007715302,-0.001182596
1783619917.822581768,0.007610352,-0.009156210,0.000634730
1783619917.824086428,0.007612911,-0.008923853,-0.001899455
1783619917.829214811,0.013590721,-0.006021631,-0.000278866
1783619917.830887318,0.012207566,-0.002114490,0.002080186
1783619917.832685232,0.008257376,-0.004151504,0.004176158
1783619917.834151983,0.010309028,-0.006757051,-0.001412445
1783619917.835811615,0.009073707,-0.005103323,0.000921589
1783619917.839141130,0.009932157,-0.006263044,-0.002415917
1783619917.841742992,0.007764163,-0.001759175,0.005693042
1783619917.842782021,0.005624634,-0.008577688,-0.003371845
1783619917.844314814,0.011652431,-0.006126498,0.003330233
1783619917.845869541,0.009192157,-0.005366349,0.003456754
1783619917.847655296,0.007624117,-0.008798591,-0.001843619
1783619917.854243279,0.006715320,-0.007462927,-0.001090331
1783619917.855780363,0.009996401,-0.006417293,0.000164691
1783619917.857659817,0.006102485,-0.007971250,-0.000159419
1783619917.859215975,0.010477479,-0.005895365,0.003326214
1783619917.860777378,0.009496860,0.005423718,0.006643988
1783619917.866945982,0.009176902,-0.005026344,0.000964010
1783619917.868225574,0.011812063,-0.002889382,-0.001225952
1783619917.869370461,0.007023246,-0.009063867,-0.003445992
1783619917.870765209,0.010645395,-0.002397596,-0.001092559
1783619917.872586727,0.011210015,-0.005103078,-0.000115536
1783619917.874121428,0.012660709,-0.002512188,0.000448077
1783619917.879105568,0.009019602,-0.003004347,-0.001768331
1783619917.880849600,0.008258835,-0.004637160,-0.005689782
1783619917.882523537,0.007476324,-0.005164228,-0.004802376
1783619917.884284973,0.006069491,-0.001688109,0.000003703
1783619917.885887146,0.008858965,-0.001012748,-0.004502352
1783619917.891734838,0.006081491,-0.001589616,0.000039684
1783619917.892779350,0.007900549,0.001829156,-0.001389823
1783619917.894308805,0.006493045,0.002513395,-0.001227921
1783619917.895857096,0.003220247,-0.004237207,-0.010289683
1783619917.897442579,0.007710978,-0.003835521,-0.006614317
1783619917.901907206,0.003778855,-0.000745399,-0.006513998
1783619917.902961969,0.007755676,-0.005751469,-0.006523842
1783619917.904156923,0.006326032,-0.010034542,-0.004252995
1783619917.905829906,0.004202898,-0.008047683,-0.005941486
1783619917.907639503,0.008167056,-0.005153774,-0.000715682
1783619917.909275293,0.008866444,-0.009270547,-0.004667785
1783619917.910819530,0.012160473,-0.010301900,-0.003435430
1783619917.916876793,0.012075226,-0.014965761,-0.006482708
1783619917.918233156,0.035244942,-0.019150322,-0.000058570
1783619917.919477463,0.036040297,-0.021761969,-0.008382215
1783619917.920852184,0.046244804,-0.031089397,-0.007414986
1783619917.922440529,0.054883048,-0.027606062,-0.010485629
1783619917.924226999,0.066631305,-0.037650297,-0.011257799
1783619917.929099083,0.069421479,-0.042524666,-0.011299214
1783619917.930889606,0.083273296,-0.051278184,-0.000359908
1783619917.932600975,0.085887828,-0.054081425,-0.005759635
1783619917.934129477,0.090960848,-0.052993906,0.003749846
1783619917.935827732,0.095701249,-0.051452317,0.005425610
1783619917.941735744,0.098011477,-0.053788712,0.009590287
1783619917.942779541,0.102816781,-0.058326800,0.003251741
1783619917.944323301,0.103397010,-0.054779863,0.004392002
1783619917.945896387,0.101833035,-0.050515447,0.001582196
1783619917.947452784,0.109560234,-0.057122372,-0.001689951
1783619917.949163675,0.114405801,-0.059140173,-0.004904843
1783619917.954161167,0.121622517,-0.063291888,-0.006498404
1783619917.955780506,0.124571010,-0.059136744,-0.008574496
1783619917.957603693,0.128333824,-0.059182944,-0.006797835
1783619917.959360123,0.126123196,-0.065216007,-0.011095177
1783619917.960898399,0.121821303,-0.068227760,-0.016530820
1783619917.964266062,0.119504622,-0.063064347,-0.028044781
1783619917.966807604,0.120510616,-0.050817786,-0.021000242
1783619917.968042612,0.124079133,-0.044463747,-0.012238297
1783619917.969192982,0.129563106,-0.045116499,-0.011909545
1783619917.970869303,0.134229068,-0.041776851,-0.003753695
1783619917.972482681,0.135360930,-0.038798692,-0.001595083
1783619917.974256516,0.137962241,-0.044768925,0.002707520
1783619917.979178190,0.140078642,-0.038605643,0.004407582
1783619917.980956793,0.145765823,-0.035259794,0.007318855
1783619917.982605934,0.152682617,-0.027734919,0.011801270
1783619917.984118462,0.151665874,-0.019588349,0.017061706
1783619917.985809088,0.154283073,-0.024163450,0.011599027
1783619917.991771460,0.155140815,-0.015850225,0.013173971
1783619917.992838860,0.158257877,-0.016434152,0.018318737
1783619917.994158506,0.163048051,-0.012869603,0.013214154
1783619917.996077538,0.155173699,-0.011844721,0.009986343
1783619917.997928143,0.157316298,-0.009205140,0.009351799
1783619917.999477625,0.161718802,-0.006991779,0.007445111
1783619918.000973225,0.147949390,-0.007169866,0.008903560
1783619918.002493143,0.153472566,-0.009831116,0.005120009
1783619918.004444122,0.156329218,-0.008111166,0.004017864
1783619918.005857706,0.142270932,-0.006592427,0.013239713
1783619918.007655621,0.147288546,-0.012126364,0.009983040
1783619918.009254217,0.150429992,-0.014044810,-0.001158739
1783619918.010875225,0.139577525,-0.004885864,-0.001131731
1783619918.016930103,0.145194446,-0.003627172,-0.003425660
1783619918.018269777,0.150396154,-0.006334499,-0.012264802
1783619918.019419670,0.117874084,-0.003047413,0.002801689
1783619918.020789623,0.146343975,-0.017427318,-0.022805401
1783619918.022604704,0.116123091,0.000051375,-0.006764239
1783619918.024140120,0.120832747,-0.007025082,-0.002251706
1783619918.029146910,0.135780379,0.006570653,0.007614020
1783619918.030802727,0.136147474,0.002971433,0.000148669
1783619918.032683372,0.110365805,0.003224357,0.006680147
1783619918.034197807,0.124295950,-0.000988624,-0.007145739
1783619918.035916567,0.119524262,0.005711414,0.007013439
1783619918.040568113,0.113463689,0.003585416,0.004681900
1783619918.041589499,0.108891944,-0.005512040,0.010206780
1783619918.042722464,0.110928536,0.000993162,0.013129757
1783619918.044307232,0.106046676,-0.003928830,0.021112965
1783619918.045813084,0.112291418,-0.004299315,0.015076307
1783619918.047574997,0.100507123,-0.008213099,0.016230282
1783619918.054146528,0.091966735,-0.018717244,0.021758259
1783619918.055924654,0.102587622,0.001803424,0.001306141
1783619918.057539225,0.109487273,0.007436965,-0.007061758
1783619918.059265137,0.100334060,0.009538830,0.000929631
1783619918.060808420,0.102313590,0.002534080,0.002852296
1783619918.066807985,0.108303785,-0.004798605,-0.000405022
1783619918.068080664,0.100867444,-0.005303002,-0.029897675
1783619918.069219351,0.091197196,0.002370907,-0.021551199
1783619918.070835829,0.104142433,-0.011938379,-0.030087471
1783619918.072472572,0.104373194,-0.011887356,-0.033940724
1783619918.074254990,0.103923910,-0.012857207,-0.033172872
1783619918.079125643,0.109262519,-0.010151092,-0.032419618
1783619918.080908298,0.116734430,-0.023969088,-0.042628440
1783619918.082540751,0.117848628,-0.027071962,-0.040632756
1783619918.084211588,0.123366339,-0.022373425,-0.040905060
1783619918.085779667,0.127881502,-0.031820735,-0.048877040
1783619918.091607094,0.130909163,-0.033828023,-0.048472704
1783619918.092722416,0.139287167,-0.033795339,-0.052640548
1783619918.094302654,0.137894468,-0.034899810,-0.057356055
1783619918.095859766,0.140739903,-0.037367605,-0.061280102
1783619918.097672939,0.140033684,-0.031886051,-0.060557930
1783619918.102262735,0.144007622,-0.034018244,-0.062794756
1783619918.103297472,0.144655429,-0.029457506,-0.062302817
1783619918.104226112,0.140005299,-0.037501205,-0.071612161
1783619918.105882406,0.148477792,-0.032669129,-0.068084128
1783619918.107444048,0.151194808,-0.021998915,-0.070844634
1783619918.109246254,0.154889747,-0.014135224,-0.063387099
1783619918.110869408,0.154253800,-0.007969466,-0.058840861
1783619918.116730690,0.162257364,-0.003771852,-0.059673539
1783619918.118112564,0.175486008,0.010643748,-0.050645618
1783619918.119240046,0.177310718,0.020476870,-0.048581084
1783619918.120855093,0.184325664,0.031944286,-0.042986890
1783619918.122449636,0.189028798,0.035550256,-0.042080299
1783619918.124221802,0.192312511,0.049350228,-0.031761920
1783619918.129065990,0.194170735,0.054285430,-0.022564294
1783619918.130806923,0.223320042,0.096955803,-0.002788529
1783619918.132758617,0.230735028,0.107779231,0.003053289
1783619918.134256124,0.237704295,0.128026300,0.008871086
1783619918.135816574,0.247905014,0.142544664,0.010208991
1783619918.141631126,0.252892229,0.157049375,0.022863360
1783619918.142666101,0.277795213,0.205134788,0.048289734
1783619918.144211292,0.281610957,0.220869642,0.061325369
1783619918.145988703,0.288927762,0.236112359,0.072666760
1783619918.147684336,0.296200238,0.249963924,0.081770062
1783619918.154137135,0.300372220,0.268304200,0.100179417
1783619918.155783415,0.330257065,0.340798414,0.164944174
1783619918.157583714,0.335127330,0.363162409,0.180687471
1783619918.159275532,0.341876337,0.382504329,0.201147421
1783619918.160813808,0.345989692,0.399356810,0.221156064
1783619918.163816452,0.348999865,0.413327877,0.239196913
1783619918.165069342,0.364487346,0.444938544,0.271250970
1783619918.166324139,0.367392285,0.465880087,0.288617184
1783619918.167452574,0.371996823,0.482537442,0.310134337
1783619918.169328213,0.373411792,0.492802208,0.324618639
1783619918.170786142,0.376002111,0.509101183,0.330741716
1783619918.172475576,0.367838468,0.522304332,0.352755330
1783619918.174133778,0.376141639,0.530628525,0.377292543
1783619918.178566217,0.397620070,0.541333573,0.398075067
1783619918.179564714,0.388638664,0.568297832,0.437449643
1783619918.181071043,0.392673735,0.592325278,0.455272504
1783619918.182545424,0.388129464,0.601620409,0.470538307
1783619918.184313059,0.385920440,0.621249497,0.487628600
1783619918.185855389,0.382781109,0.636497434,0.500336713
1783619918.187464237,0.383662354,0.655262860,0.520636750
1783619918.191797972,0.381251443,0.664885390,0.532452210
1783619918.192995310,0.381929364,0.697760040,0.563969849
1783619918.194110870,0.384270395,0.711421701,0.575765127
1783619918.195907593,0.383536343,0.729801858,0.589257873
1783619918.197504520,0.389227495,0.757104689,0.594965818
1783619918.199351549,0.392371577,0.782800789,0.603452837
1783619918.204102993,0.397686704,0.821510178,0.615441335
1783619918.205918312,0.406379962,0.887823502,0.625883913
1783619918.207582235,0.416588225,0.925415891,0.632172351
1783619918.209258318,0.424177568,0.948737349,0.635407514
1783619918.210837841,0.421852649,0.979637494,0.649534642
1783619918.216779709,0.427019396,1.000864441,0.653779328
1783619918.218086004,0.519073070,1.076774302,0.671844676
1783619918.219226360,0.550964753,1.105451085,0.670777245
1783619918.220852375,0.572039808,1.129006398,0.673185721
1783619918.222637177,0.579509679,1.162507411,0.671412342
1783619918.224192619,0.579133728,1.175258523,0.691565487
1783619918.229135513,0.590515209,1.206781858,0.706064359
1783619918.230949879,0.608212292,1.258327601,0.706136479
1783619918.232604504,0.594968215,1.281031425,0.710028670
1783619918.234221697,0.641265007,1.291576301,0.711180808
1783619918.235806227,0.609758285,1.319060022,0.733514610
1783619918.240506887,0.639329782,1.340418038,0.731791698
1783619918.241482258,0.635482041,1.416121893,0.778304638
1783619918.242653608,0.663174601,1.418830980,0.770024573
1783619918.244198084,0.637082065,1.444564664,0.798658361
1783619918.245750189,0.653224995,1.458382920,0.795304720
1783619918.247552395,0.614307517,1.495553966,0.851368296
1783619918.254222870,0.630937521,1.507017054,0.843717908
1783619918.255938530,0.588194085,1.563810442,0.915877150
1783619918.257534981,0.522588543,1.593980954,0.978740076
1783619918.259283304,0.500468197,1.622732639,1.008226695
1783619918.260848284,0.459395008,1.640401459,1.038854247
1783619918.266757488,0.454123444,1.661519971,1.054702384
1783619918.268028975,0.413120291,1.737662364,1.157263201
1783619918.269174099,0.419994333,1.761270538,1.174796646
1783619918.270850182,0.419778955,1.777212778,1.197283734
1783619918.272466183,0.431672552,1.790100519,1.208511637
1783619918.274245501,0.440921752,1.806502991,1.224580240
1783619918.279076815,0.450446832,1.820951771,1.234664733
1783619918.280837059,0.471927470,1.838578543,1.268024976
1783619918.282474041,0.490308018,1.851560974,1.281425756
1783619918.284239292,0.500256773,1.867384859,1.297348902
1783619918.285817623,0.518198553,1.869849961,1.306430039
1783619918.291684628,0.533948536,1.886816187,1.321068511
1783619918.292744398,0.585218168,1.914927493,1.346936453
1783619918.294294596,0.597649197,1.919089138,1.357481719
1783619918.295824289,0.615989452,1.922917782,1.371788677
1783619918.297653437,0.621822293,1.925151284,1.389074562
1783619918.302514315,0.639599600,1.929460862,1.395134448
1783619918.304130316,0.652610629,1.946476734,1.436970155
1783619918.305808306,0.658425695,1.947040753,1.444097356
1783619918.307596684,0.664789197,1.951045327,1.460551770
1783619918.309296131,0.664374797,1.957914497,1.469000474
1783619918.310842514,0.666768952,1.957922901,1.477101245
1783619918.316771507,0.661954574,1.958772703,1.482704034
1783619918.318059921,0.669488351,1.964162025,1.498606951
1783619918.319198132,0.676057362,1.971648383,1.505851555
1783619918.320816040,0.674757981,1.970344083,1.517804398
1783619918.322603703,0.671721231,1.976270777,1.532084223
1783619918.324155331,0.661321782,1.984682252,1.539069173
1783619918.329143524,0.667566980,1.993636853,1.540816415
1783619918.330943346,0.664210942,2.012983635,1.572435874
1783619918.332613230,0.670791621,2.020742118,1.578741581
1783619918.334261417,0.667782646,2.028923720,1.585292214
1783619918.336272717,0.663137493,2.037992307,1.595300398
1783619918.337872744,0.666505317,2.037596505,1.594443391
1783619918.339460373,0.666726506,2.049268394,1.603859070
1783619918.340861797,0.661419590,2.052427358,1.608847436
1783619918.342571497,0.667990898,2.052355387,1.613445260
1783619918.344159126,0.661314827,2.060827659,1.621337924
1783619918.345854998,0.657748846,2.066868316,1.625197789
1783619918.347559214,0.660910556,2.063710607,1.632499202
1783619918.354237318,0.657676684,2.075685898,1.642044225
1783619918.355894804,0.686247482,2.099377823,1.671821060
1783619918.357512236,0.688900678,2.104637424,1.679553082
1783619918.359154701,0.685451031,2.114624506,1.693225548
1783619918.360804319,0.697346880,2.119241830,1.700199577
1783619918.364626408,0.695640417,2.123677016,1.709461694
1783619918.365818977,0.714585415,2.129690978,1.723224831
1783619918.367441177,0.729731493,2.146328024,1.734260418
1783619918.369274139,0.733478200,2.139514894,1.738856654
1783619918.370897532,0.732192912,2.147225731,1.749488649
1783619918.372563362,0.741596218,2.149029450,1.752576268
1783619918.379057884,0.741893991,2.150576092,1.764969719
1783619918.380859375,0.761093271,2.156436718,1.792660779
1783619918.382531404,0.775082539,2.164209151,1.794175873
1783619918.384228230,0.775907304,2.162310719,1.803526638
1783619918.385804892,0.788260316,2.169044320,1.806091263
1783619918.391558886,0.788328242,2.161367111,1.812260935
1783619918.392651796,0.797702695,2.149974575,1.822331696
1783619918.394186974,0.795349239,2.135849473,1.824006641
1783619918.395841360,0.801602448,2.130747189,1.831806907
1783619918.397712708,0.800749104,2.119584364,1.824991433
1783619918.404207945,0.798060222,2.106872289,1.835368617
1783619918.405882120,0.799287544,2.085466466,1.842531022
1783619918.407469511,0.806176902,2.078035957,1.846810002
1783619918.409296513,0.809062701,2.073736452,1.849932127
1783619918.410859346,0.814339838,2.074400585,1.856043845
1783619918.416788816,0.812026826,2.064362686,1.864509532
1783619918.418048143,0.821819971,2.048286205,1.868279632
1783619918.419181108,0.828903929,2.048751263,1.867676663
1783619918.420786619,0.829813325,2.047160601,1.868876947
1783619918.422611713,0.831959512,2.041679232,1.870167729
1783619918.424121380,0.835165556,2.031939901,1.869034193
1783619918.426480055,0.831774547,2.024055796,1.864970272
1783619918.427560091,0.832668994,2.015631947,1.862522906
1783619918.429120779,0.827479887,2.004787343,1.854273259
1783619918.430917025,0.828274561,2.000485028,1.856054647
1783619918.432612658,0.834571916,1.996007716,1.850440389
1783619918.434151173,0.829065030,1.981809280,1.849222250
1783619918.435822010,0.825235208,1.973161015,1.838046885
1783619918.441443920,0.825949077,1.963337954,1.843773558
1783619918.442645550,0.821181221,1.947673669,1.836396190
1783619918.444229364,0.818422796,1.945039591,1.842683076
1783619918.445771694,0.818262862,1.946934586,1.837887819
1783619918.447559595,0.823143288,1.939307890,1.834322073
1783619918.454314947,0.819328990,1.932609813,1.832939039
1783619918.456006765,0.815939504,1.917982959,1.813174690
1783619918.457588673,0.812981600,1.914452931,1.812635117
1783619918.459256887,0.812034082,1.904269540,1.812414773
1783619918.460843801,0.807253355,1.896151623,1.801749405
1783619918.466917276,0.806231912,1.889613451,1.798254409
1783619918.468310356,0.789953244,1.876741248,1.779917674
1783619918.469472885,0.780469130,1.868470512,1.776081782
1783619918.470848322,0.778905140,1.865344636,1.780438150
1783619918.472666502,0.776962287,1.867094230,1.780432568
1783619918.474217176,0.774183746,1.862671441,1.775908825
1783619918.479171515,0.770617360,1.858671781,1.775145836
1783619918.480943918,0.767148295,1.856225558,1.776258980
1783619918.482722282,0.762700069,1.850609146,1.769378248
1783619918.484196424,0.761346158,1.843654383,1.768148638
1783619918.485869169,0.755127835,1.844486312,1.767541207
1783619918.488308191,0.754324387,1.841770261,1.761738534
1783619918.489386559,0.748343914,1.831111181,1.754770136
1783619918.491724968,0.737619866,1.826225170,1.751645231
1783619918.492769241,0.738829507,1.822422025,1.748570725
1783619918.494088411,0.730421060,1.814876993,1.746234941
1783619918.495852232,0.728087663,1.815245668,1.746090453
1783619918.497675896,0.723808489,1.810070811,1.743504636
1783619918.504295588,0.726605319,1.803841570,1.748022258
1783619918.506022215,0.715717914,1.793172238,1.749514956
1783619918.507613420,0.712393340,1.793891763,1.747943823
1783619918.509219885,0.707660562,1.786341121,1.749432207
1783619918.510791779,0.707282934,1.791519481,1.750857628
1783619918.516797066,0.708448669,1.787732083,1.757935771
1783619918.518063784,0.700663108,1.795857202,1.770539496
1783619918.519242048,0.696745983,1.796695943,1.780315700
1783619918.520877361,0.694860797,1.803305122,1.780871492
1783619918.522637606,0.696081481,1.807413424,1.786407961
1783619918.524197102,0.701041403,1.818753057,1.795603348
1783619918.529092073,0.698224455,1.816897223,1.801157242
1783619918.530861139,0.714604193,1.833487353,1.814005333
1783619918.532640696,0.719667090,1.840444936,1.817501890
1783619918.534186840,0.732247436,1.854602544,1.827041074
1783619918.535955667,0.733958336,1.864062729,1.834958653
1783619918.541724920,0.738526764,1.879058812,1.845878917
1783619918.542811394,0.740127474,1.931645478,1.901049227
1783619918.544096708,0.736658734,1.947969563,1.915528975
1783619918.545867205,0.737271482,1.960279945,1.926166523
1783619918.547654390,0.745985975,1.978312078,1.936503767
1783619918.549688816,0.751213115,1.991189505,1.950361093
1783619918.550889492,0.753100921,2.005678095,1.969632714
1783619918.554253817,0.760408462,2.025396032,1.987408668
1783619918.555797338,0.761799109,2.045055198,1.998956710
1783619918.557492256,0.765586666,2.063195222,2.011346099
1783619918.559190750,0.780018314,2.086539861,2.030406096
1783619918.560868502,0.780359443,2.103701740,2.040710434
1783619918.565004110,0.791542761,2.133710453,2.054603250
1783619918.566242695,0.806116079,2.180732518,2.088546462
1783619918.567570448,0.815795405,2.213777926,2.105154264
1783619918.569197893,0.833372953,2.248963659,2.128093117
1783619918.570937872,0.830946156,2.278718921,2.138852311
1783619918.572608948,0.841944471,2.311256158,2.156787403
1783619918.579128504,0.850142125,2.346382581,2.171353827
1783619918.580859184,0.881028554,2.494711389,2.242052576
1783619918.582502365,0.886804095,2.545559220,2.248903983
1783619918.584167480,0.903999037,2.606271869,2.279715153
1783619918.585886240,0.913507941,2.651313525,2.295599804
1783619918.591807842,0.924486481,2.703917660,2.318136362
1783619918.592870951,0.996644341,2.965155960,2.428296872
1783619918.594153643,1.020121090,3.041572812,2.461380405
1783619918.595934868,1.037636845,3.130045306,2.480607535
1783619918.597486973,1.054007377,3.222608325,2.503683941
1783619918.599132776,1.071187404,3.316774195,2.534250354
1783619918.604171038,1.093097105,3.405846446,2.570436661
1783619918.605785608,1.152556626,3.614103882,2.648939913
1783619918.607537746,1.166894303,3.721955777,2.685607449
1783619918.609282970,1.195022938,3.822335679,2.727959519
1783619918.610840082,1.234251976,3.943266853,2.762741478
1783619918.616868734,1.257423129,4.056777179,2.809033218
1783619918.618231297,1.392296870,4.413546551,2.951756445
1783619918.619410276,1.504138356,4.652626781,3.029611367
1783619918.620767593,1.542807880,4.781706906,3.094582448
1783619918.622550726,1.567586435,4.913629307,3.113085461
1783619918.624313116,1.588250610,5.063886583,3.156490910
1783619918.626199722,1.669042735,5.211255137,3.215458654
1783619918.629196882,1.747136557,5.360069849,3.260197083
1783619918.631005526,1.773942671,5.535408833,3.318844588
1783619918.632690668,1.865877774,5.718874133,3.372133163
1783619918.634183168,1.889581365,5.901365486,3.447751616
1783619918.635852814,1.987045864,6.076538183,3.489420409
1783619918.641554832,2.012027142,6.271060766,3.564761704
1783619918.642631054,2.316645929,6.866946137,3.756675159
1783619918.644191504,2.334838135,7.100354869,3.871583630
1783619918.645967007,2.338000836,7.313424509,4.006955149
1783619918.647675753,2.454454109,7.496564053,4.072726128
1783619918.654092789,2.436670887,7.730349465,4.221294347
1783619918.655985832,2.705034975,8.557910036,4.658452141
1783619918.657573938,2.818267378,8.750904012,4.768762467
1783619918.659229040,2.721459983,8.951047080,4.977321962
1783619918.660772085,2.836541081,9.126665554,5.099676517
1783619918.666818619,2.731995588,9.312310479,5.323587213
1783619918.668093204,3.087654044,10.085499914,5.776657004
1783619918.669216633,3.182537460,10.292919734,5.888378314
1783619918.670845509,3.131024508,10.448242814,6.167048585
1783619918.672487497,3.041213485,10.621505191,6.441291878
1783619918.674269915,3.017066501,10.766011326,6.729325547
1783619918.679205894,3.107086058,10.972953941,6.852543415
1783619918.681045294,3.180522742,11.347298477,7.257500344
1783619918.682637453,3.329816967,11.543697259,7.389355349
1783619918.684104204,3.253175429,11.710918780,7.663092906
1783619918.685795069,3.392119474,11.924108591,7.773553293
1783619918.691813231,3.330470109,12.072056578,8.039941005
1783619918.692914248,3.694731203,12.896886202,8.457935559
1783619918.694220781,3.760769844,13.073046101,8.544477960
1783619918.695797920,3.727551545,13.175760336,8.796929866
1783619918.697592258,3.699925819,13.261249126,9.058294993
1783619918.699210882,3.606711840,13.351874138,9.326035410
1783619918.703043938,3.651579033,13.517099528,9.428475208
1783619918.704161644,3.702439935,13.654727158,9.529443803
1783619918.705857515,3.842531210,13.806465516,9.565110652
1783619918.707510948,3.628039996,13.817242188,9.925310493
1783619918.709256649,3.675236607,13.897861824,10.068991180
1783619918.710809231,3.705160625,14.039982776,10.111191950
1783619918.716827393,3.729416414,14.087099736,10.254562168
1783619918.718224049,3.866335783,14.426555263,10.452374244
1783619918.719379187,3.892241080,14.472457952,10.501587976
1783619918.720947981,3.892325574,14.487776265,10.609722017
1783619918.722483397,3.902688092,14.471595922,10.750941922
1783619918.724200010,3.903459545,14.477988133,10.855683495
1783619918.729257584,3.919526970,14.512825115,10.903382007
1783619918.730956316,3.956389969,14.614282318,10.957219947
1783619918.732466221,3.954693375,14.613447069,11.050345145
1783619918.734258413,3.958270818,14.587927600,11.165660584
1783619918.735845089,3.993660731,14.639350960,11.168225220
1783619918.741721392,3.986963257,14.617562004,11.259118067
1783619918.742783308,4.004693718,14.739718949,11.326975062
1783619918.744310379,3.987679199,14.740458083,11.405586457
1783619918.745861053,3.994342404,14.795917843,11.401640178
1783619918.747671604,3.998632701,14.825073233,11.435285641
1783619918.754262924,3.962450903,14.839203304,11.480128501
1783619918.755962849,3.966530326,14.969765870,11.486145953
1783619918.757510900,3.958464482,15.010526483,11.492749943
1783619918.759242058,3.900275243,15.030747907,11.531316841
1783619918.760813236,3.927193172,15.072169841,11.496983812
1783619918.765383482,3.866402065,15.089668054,11.530143180
1783619918.766499043,3.840851387,15.150659998,11.529404791
1783619918.767516613,3.831163777,15.164889660,11.517700344
1783619918.769260883,3.856894741,15.196239590,11.464904317
1783619918.770836115,3.815839711,15.214902925,11.425561459
1783619918.772601843,3.768753500,15.234217750,11.363793602
1783619918.779214859,3.683730268,15.212318556,11.355963493
1783619918.780812979,3.657152952,15.094168327,11.176122321
1783619918.782500505,3.606632575,15.059048405,11.090639345
1783619918.784156561,3.515673669,14.998921240,11.047799941
1783619918.785850525,3.517276519,14.946992013,10.931930840
1783619918.791739702,3.431409913,14.863603783,10.876867056
1783619918.792816401,3.319311797,14.450344019,10.562223431
1783619918.794128418,3.283210729,14.308717319,10.481123215
1783619918.795926332,3.214112665,14.196718155,10.354044938
1783619918.797629595,3.141280147,14.070236240,10.220636291
1783619918.799148798,3.085100627,13.912293555,10.131118868
1783619918.804229975,3.052052293,13.740324266,10.052791874
1783619918.805834770,2.986395708,13.418100572,9.864960512
1783619918.807635546,2.944083938,13.293784454,9.734246084
1783619918.809278250,2.920857072,13.140653934,9.662750581
1783619918.810818911,2.887090445,13.016455372,9.568145063
1783619918.816892385,2.872980625,12.872211712,9.510187137
1783619918.818287611,2.753631347,12.368215799,9.325084257
1783619918.819450617,2.737053703,12.245728788,9.284388966
1783619918.820816994,2.742141577,12.136236041,9.216694446
1783619918.822627068,2.732341778,12.048661501,9.097526787
1783619918.824149132,2.690776207,11.957054087,9.012487051
1783619918.827397585,2.700798006,11.833931003,8.927773248
1783619918.828505754,2.674307777,11.698635264,8.870896208
1783619918.829514027,2.643175189,11.541834352,8.808310083
1783619918.830808640,2.607588199,11.397371295,8.752377754
1783619918.832711458,2.560619735,11.280358269,8.653528687
1783619918.834178686,2.544114628,11.183049225,8.538334811
1783619918.835969210,2.527113869,11.080114763,8.412686370
1783619918.837521315,2.528831489,10.936772932,8.328314765
1783619918.841778755,2.495390506,10.774289194,8.276347366
1783619918.842844009,2.449338947,10.642979506,8.180379604
1783619918.844187737,2.413633484,10.482767536,8.127208654
1783619918.845972300,2.402860415,10.372096508,7.995020703
1783619918.847565651,2.392148338,10.274201754,7.861478476
1783619918.849172831,2.394721403,10.130811469,7.757118661
1783619918.854226589,2.365052318,9.966696339,7.704066185
1783619918.855814457,2.216095248,9.484423294,7.472611767
1783619918.857474566,2.187693472,9.366285802,7.318033903
1783619918.859271288,2.181748980,9.215499276,7.205426826
1783619918.860833883,2.107550715,9.068724455,7.101715502
1783619918.866657019,2.100203361,8.910839046,6.982625661
1783619918.867939711,1.930917579,8.388794979,6.726084647
1783619918.869360209,1.878004396,8.208902295,6.652055884
1783619918.870931149,1.846406892,8.078015921,6.492368459
1783619918.872520924,1.805017381,7.944736629,6.336730929
1783619918.874105692,1.790502375,7.787465988,6.215320322
1783619918.879239321,1.733350379,7.605971492,6.144103665
1783619918.880833387,1.537895158,7.148631697,5.932516713
1783619918.882580757,1.502604391,7.047215782,5.814195974
1783619918.884234190,1.492019226,6.950548923,5.725012671
1783619918.885781765,1.423794708,6.839257823,5.672280268
1783619918.888372898,1.421228808,6.760837259,5.589374214
1783619918.889538527,1.372526576,6.665900262,5.563170102
1783619918.891748190,1.331908662,6.574464134,5.536462216
1783619918.892830610,1.282361242,6.495687655,5.491737894
1783619918.894147396,1.255030968,6.420862488,5.476286149
1783619918.895950556,1.260865268,6.397113434,5.407368511
1783619918.897574425,1.280215094,6.384863022,5.341786621
1783619918.899141550,1.307998182,6.351244857,5.286873919
1783619918.904257536,1.288442340,6.306729648,5.273581379
1783619918.905860662,1.235636086,6.192333802,5.241376777
1783619918.907643557,1.265345843,6.180044800,5.170383958
1783619918.909277439,1.298914415,6.167825443,5.122615006
1783619918.910816669,1.274633490,6.138625596,5.103703012
1783619918.916900396,1.299054737,6.112778801,5.041612717
1783619918.918157101,1.229647550,5.942016054,4.976595675
1783619918.919324398,1.214437551,5.905109988,4.971304513
1783619918.920778990,1.241013610,5.885123162,4.928324658
1783619918.922610044,1.269502213,5.870610957,4.886150370
1783619918.924183130,1.263528694,5.848460552,4.868545392
1783619918.929068327,1.298488985,5.837055379,4.831514086
1783619918.930819511,1.328748397,5.803889988,4.777174691
1783619918.932527542,1.321640338,5.776999733,4.762920564
1783619918.934236288,1.358570630,5.780661037,4.712835428
1783619918.935911894,1.348896738,5.753599281,4.694443610
1783619918.941819668,1.387213742,5.744278009,4.644004302
1783619918.942869663,1.316655558,5.617479001,4.542675883
1783619918.944161177,1.301860801,5.579596637,4.519384403
1783619918.945977688,1.335772163,5.560824023,4.457115498
1783619918.947629929,1.369282176,5.541611392,4.390704812
1783619918.949203014,1.399957686,5.512004962,4.335615915
1783619918.954287767,1.378250484,5.469809598,4.316707086
1783619918.955912352,1.345811905,5.387930234,4.276066250
1783619918.957461834,1.381294556,5.367161034,4.221414334
1783619918.959255695,1.418056990,5.342501134,4.180460853
1783619918.960788488,1.399934658,5.321099102,4.158338150
1783619918.965530396,1.429811217,5.299485044,4.124773176
1783619918.966627836,1.366589349,5.213328203,4.059627198
1783619918.967592716,1.346781894,5.189710781,4.038143855
1783619918.969295740,1.335019776,5.180637259,4.011569739
1783619918.970864058,1.357173702,5.175169894,3.958300346
1783619918.972654343,1.387407149,5.174591023,3.910096863
1783619918.979229450,1.408082439,5.168174496,3.878706679
1783619918.980966330,1.387361666,5.145056861,3.859810814
1783619918.982656717,1.422448249,5.155215444,3.815995225
1783619918.984294415,1.458103062,5.151829543,3.792845367
1783619918.985843897,1.467724554,5.146306384,3.766473898
1783619918.991864681,1.478711791,5.157563680,3.754984769
1783619918.992923975,1.455966304,5.130705162,3.710439761
1783619918.994222164,1.453760625,5.115049010,3.710298404
1783619918.995793581,1.477958691,5.124513567,3.657460609
1783619918.997706413,1.490442448,5.133022531,3.606520686
1783619918.999384165,1.485270591,5.109896622,3.596468210
1783619919.004079103,1.492823582,5.091796752,3.576581115
1783619919.005995989,1.494615130,5.064623746,3.516668694
1783619919.007451296,1.488737136,5.058087970,3.482836662
1783619919.009274483,1.489240814,5.036429163,3.458860402
1783619919.010891914,1.482409038,5.032720648,3.414911623
1783619919.016853809,1.485327445,5.017155275,3.386438436
1783619919.018147707,1.431353398,4.940202996,3.298749431
1783619919.019280910,1.420940533,4.919770433,3.291193985
1783619919.020904541,1.428014741,4.921505054,3.233025353
1783619919.022489548,1.421271274,4.909689070,3.209974491
1783619919.024269581,1.420242631,4.909058335,3.158731043
1783619919.026755333,1.414851784,4.886707317,3.160816455
1783619919.027790308,1.403736303,4.869946974,3.159325198
1783619919.029169083,1.400343860,4.855582749,3.157377547
1783619919.031011820,1.407036226,4.859300621,3.110375889
1783619919.032692909,1.410657401,4.866081976,3.073669343
1783619919.034160137,1.406024520,4.861739541,3.051871003
1783619919.035859823,1.403658995,4.865841349,3.014900314
1783619919.041750669,1.400709200,4.863417168,2.987544352
1783619919.042885542,1.373594415,4.871634010,2.933405023
1783619919.044234514,1.368098087,4.870575582,2.922583377
1783619919.045807600,1.367650487,4.894762572,2.882012180
1783619919.047606945,1.371551213,4.919274048,2.843126946
1783619919.049219608,1.371968569,4.929535276,2.821394409
1783619919.054226637,1.367005672,4.930752866,2.813249849
1783619919.055840015,1.362985731,4.953693741,2.778468587
1783619919.057434082,1.364888846,4.964693845,2.745596769
1783619919.059256077,1.363258557,4.966726951,2.735755378
1783619919.060825586,1.361277685,4.976106285,2.723576877
1783619919.067010880,1.357333377,4.973725916,2.709647489
1783619919.068377495,1.344105454,4.970404633,2.686496656
1783619919.069519997,1.335245961,4.972974927,2.684169223
1783619919.070894241,1.330341001,4.972596713,2.662248726
1783619919.072481871,1.331351789,4.979528928,2.654278716
1783619919.074321508,1.325346152,4.984226861,2.637941013
1783619919.079228401,1.322672075,4.980669831,2.627115454
1783619919.080872536,1.321268799,4.978779593,2.617685338
1783619919.082482100,1.317381643,4.974829485,2.606140660
1783619919.084149122,1.321615959,4.980683008,2.599340636
1783619919.085847616,1.317670077,4.969458082,2.592080293
1783619919.088457108,1.320531503,4.966531278,2.580326041
1783619919.089476585,1.323092307,4.974738947,2.553743515
1783619919.091792107,1.318977189,4.983042391,2.543367568
1783619919.092850685,1.316311260,4.986324067,2.536382471
1783619919.094152451,1.310268103,5.000141931,2.527491790
1783619919.095935106,1.315297476,5.011015294,2.528639705
1783619919.097597361,1.314983226,5.010238353,2.531289533
1783619919.099108219,1.312855438,5.032003393,2.522783767
1783619919.103443384,1.310300088,5.051341612,2.513281099
1783619919.104488134,1.314737022,5.082748099,2.499061810
1783619919.105973244,1.322099914,5.103470076,2.504782276
1783619919.107581854,1.325971964,5.130078274,2.524922069
1783619919.109147549,1.328564943,5.163120453,2.514075642
1783619919.110807896,1.332335978,5.197101898,2.523992441
1783619919.116915226,1.325351687,5.238018937,2.508127310
1783619919.118338585,1.359001930,5.477972487,2.505030531
1783619919.119535685,1.368612851,5.556706051,2.505224329
1783619919.120891809,1.381132810,5.635310105,2.509290990
1783619919.122461796,1.396287996,5.692338636,2.536093162
1783619919.124223948,1.404574939,5.748922652,2.573776958
1783619919.129193306,1.414124073,5.821812609,2.577736494
1783619919.130971193,1.435739964,5.930828576,2.607752326
1783619919.132605791,1.459426708,5.982554784,2.644773882
1783619919.134145498,1.455166516,6.048935911,2.661293916
1783619919.135825396,1.481007733,6.103261100,2.699592103
1783619919.141720295,1.492371670,6.183554702,2.715798447
1783619919.142806292,1.657002343,6.468557431,2.820732003
1783619919.144126415,1.711444902,6.547620007,2.835998270
1783619919.145884991,1.746001527,6.613583633,2.900350683
1783619919.147720098,1.774853971,6.680383020,2.957729256
1783619919.150298357,1.792699942,6.767148294,2.998734972
1783619919.151432037,1.855412556,6.852601513,3.026266826
1783619919.152538776,1.916818415,6.947610394,3.050822438
1783619919.154168606,1.988197816,7.046517999,3.079879297
1783619919.155806065,2.081160613,7.129979510,3.127637687
1783619919.157640457,2.130879622,7.239075942,3.204608325
1783619919.159261942,2.146965746,7.367877843,3.260189886
1783619919.160803795,2.245259960,7.477296742,3.306565755
1783619919.165877819,2.254211914,7.620183444,3.366975076
1783619919.167707920,2.442548196,7.886744817,3.447962954
1783619919.169295073,2.483955990,8.021314510,3.523377383
1783619919.170810461,2.493613739,8.177663518,3.591394729
1783619919.172433615,2.616308871,8.299860541,3.631839956
1783619919.179257870,2.616699578,8.460254206,3.701131672
1783619919.181050062,3.047067021,9.094732106,3.767199002
1783619919.182545185,3.101584013,9.269025045,3.916715828
1783619919.184135914,3.069685950,9.506836122,4.050919383
1783619919.185796499,3.215297874,9.639041721,4.068480193
1783619919.191729069,3.201155031,9.806034394,4.148794568
1783619919.192814112,3.610338459,10.502005628,4.331615123
1783619919.194108009,3.689755952,10.693154630,4.380902964
1783619919.195849657,3.742809120,10.864538179,4.494214517
1783619919.197475910,3.800515000,11.032722102,4.621209028
1783619919.199130535,3.769167954,11.233540983,4.761193402
1783619919.204224348,3.871780796,11.427793831,4.794297725
1783619919.205796242,4.146911435,11.773730049,4.899516231
1783619919.207548618,4.153121526,11.922051180,5.092401927
1783619919.209350109,4.057246630,12.091586152,5.304746198
1783619919.210896254,4.216135857,12.237513165,5.390625438
1783619919.212737083,4.096200833,12.397778634,5.632152897
1783619919.216900349,4.177326134,12.572164390,5.693296241
1783619919.218167543,4.468537698,13.051022888,5.902988390
1783619919.219317198,4.570327120,13.256229098,6.007282505
1783619919.220921993,4.510066511,13.402227091,6.318702481
1783619919.222477674,4.375317547,13.545375953,6.625164666
1783619919.224236488,4.300486616,13.648009627,6.959289967
1783619919.228098631,4.384995693,13.833617970,7.027591919
1783619919.229143858,4.467804673,14.021029898,7.072558396
1783619919.230977535,4.392932995,14.080134489,7.404105850
1783619919.232667685,4.507717675,14.222542226,7.476717887
1783619919.234141111,4.385392483,14.312121970,7.786227666
1783619919.235816479,4.495689638,14.445557544,7.862255100
1783619919.241731882,4.383768699,14.513880476,8.155041666
1783619919.242791414,4.628209522,15.061479454,8.435158378
1783619919.244139910,4.685137201,15.184843665,8.482799013
1783619919.245943546,4.593046022,15.200533765,8.786414655
1783619919.247591734,4.514668981,15.208931529,9.057047267
1783619919.249174118,4.437014352,15.234776277,9.303719210
1783619919.254243612,4.478841870,15.334497528,9.350382555
1783619919.255838871,4.563239830,15.518101127,9.443780659
1783619919.257617235,4.502369895,15.521407203,9.675397683
1783619919.259320498,4.447928556,15.518022788,9.870659906
1783619919.260804415,4.487029115,15.600579783,9.914916676
1783619919.266962528,4.435195147,15.609956329,10.104736625
1783619919.268388987,4.547245511,15.954656987,10.294100459
1783619919.269555092,4.573578094,16.045924049,10.341211390
1783619919.271001816,4.529261182,16.070014731,10.516123017
1783619919.272603989,4.546295381,16.154736260,10.544568025
1783619919.274157286,4.499102469,16.191259884,10.695385065
1783619919.279268026,4.463937124,16.201845100,10.848839276
1783619919.280969381,4.503024551,16.361757177,10.910881155
1783619919.282524586,4.478458000,16.404996002,11.046838651
1783619919.284138203,4.461480910,16.428026918,11.204025061
1783619919.285805702,4.493797068,16.538272557,11.229707854
1783619919.290227890,4.485938190,16.567552866,11.377197542
1783619919.291248083,4.593517040,16.787253212,11.488350867
1783619919.292529583,4.613417080,16.864440592,11.474817325
1783619919.294095516,4.596247663,16.851807773,11.582999992
1783619919.295826674,4.567589468,16.857778227,11.638203573
1783619919.297555447,4.573483625,16.892971360,11.598497975
1783619919.304241180,4.535608535,16.830312272,11.700779098
1783619919.305996418,4.530080911,16.804449707,11.615603289
1783619919.307600021,4.487471129,16.756406916,11.633463427
1783619919.309262276,4.464818619,16.683871333,11.672724848
1783619919.310799122,4.442125222,16.669395505,11.608151036
1783619919.316935301,4.425467090,16.577379322,11.636887873
1783619919.318191528,4.365180592,16.328931831,11.431836683
1783619919.319323778,4.346065861,16.244504490,11.377685618
1783619919.320949793,4.295877237,16.152358627,11.330170725
1783619919.322535515,4.272358021,16.029050204,11.308763566
1783619919.324323416,4.226246302,15.933276138,11.243961221
1783619919.329241991,4.196643856,15.835400471,11.177111035
1783619919.330797911,4.103097953,15.665821137,11.015582463
1783619919.332700968,4.050653454,15.574701316,10.947581900
1783619919.334154606,4.018611893,15.480745691,10.887394102
1783619919.335936069,3.969545385,15.399620327,10.819041105
1783619919.341856718,3.965144587,15.292135285,10.780453177
1783619919.343040228,3.805641258,14.904041114,10.539748379
1783619919.344131947,3.779843134,14.789256842,10.481066901
1783619919.345944166,3.752058905,14.681470800,10.404060656
1783619919.347530365,3.728375167,14.568426845,10.318853432
1783619919.349131346,3.704881338,14.430648966,10.251252128
1783619919.351114511,3.717761522,14.286494973,10.172309383
1783619919.354255915,3.692371865,14.137643434,10.106757076
1783619919.355772018,3.621929668,13.994706881,10.019993014
1783619919.357649088,3.591162696,13.841184469,9.914464227
1783619919.359385490,3.601709401,13.669744187,9.826763379
1783619919.360952616,3.528156279,13.502328485,9.736140096
1783619919.366951466,3.525215524,13.314998055,9.636095276
1783619919.368421793,3.284482014,12.476681774,9.263861253
1783619919.369663954,3.229163946,12.248126958,9.157993842
1783619919.370786905,3.171559278,12.031063815,9.061913714
1783619919.372605801,3.126590651,11.839135816,8.918297354
1783619919.374139309,3.080341109,11.635946895,8.767572430
1783619919.379238605,3.063612858,11.430979652,8.618603590
1783619919.380786180,2.922195020,10.994007575,8.403725816
1783619919.382763863,2.882858375,10.813395339,8.252516861
1783619919.384161711,2.871447573,10.621372169,8.106215931
1783619919.385855913,2.788577532,10.415434023,8.006488154
1783619919.391722679,2.765967798,10.221226451,7.853385622
1783619919.392773390,2.496812343,9.372722373,7.443670531
1783619919.394324541,2.471927963,9.196958561,7.296708750
1783619919.395860910,2.390686126,9.001137494,7.203338646
1783619919.397511721,2.347580875,8.850678463,7.067054538
1783619919.399185419,2.327827733,8.701262450,6.951022675
1783619919.404187679,2.268098177,8.537531015,6.886926634
1783619919.405809402,2.150027736,8.257898270,6.784122983
1783619919.407597303,2.132672791,8.176116241,6.682419113
1783619919.409322739,2.126791560,8.083670472,6.581208707
1783619919.410878897,2.073729519,7.986355724,6.522271692
1783619919.414482594,2.076552141,7.907924471,6.416619901
1783619919.416786194,2.005548817,7.716354400,6.321974343
1783619919.418009758,1.920388998,7.544767242,6.208868185
1783619919.419167757,1.882739716,7.444853801,6.166494760
1783619919.420791864,1.873178589,7.390494185,6.068033604
1783619919.422592402,1.859125459,7.339479744,5.961516412
1783619919.424126387,1.864744405,7.270835476,5.885834843
1783619919.429335356,1.826479688,7.171282598,5.836338027
1783619919.431093216,1.742355811,7.010392938,5.749041907
1783619919.432716370,1.749960450,6.950296622,5.679558628
1783619919.434141397,1.731188924,6.893631729,5.627669315
1783619919.435887575,1.727120965,6.857779179,5.538185022
1783619919.441767693,1.751930308,6.798176897,5.474274050
1783619919.442843914,1.689532493,6.566444202,5.370385141
1783619919.444130659,1.676327389,6.507565603,5.350570130
1783619919.445893049,1.699278295,6.469397108,5.273892595
1783619919.447491407,1.734498479,6.446754301,5.213900998
1783619919.449134111,1.740861470,6.403405718,5.181262584
1783619919.454132080,1.730314338,6.349309113,5.169923848
1783619919.455918789,1.708852644,6.239195596,5.113473642
1783619919.457529545,1.730284883,6.207252982,5.067131629
1783619919.459273100,1.746730023,6.169548834,5.038663999
1783619919.460839272,1.747147110,6.135789819,5.006368704
1783619919.466909647,1.771892965,6.098797278,4.982503589
1783619919.468313694,1.777405564,5.962780693,4.915799670
1783619919.469499111,1.776453003,5.923521109,4.896967755
1783619919.470880985,1.802230479,5.895163036,4.863142128
1783619919.472468138,1.799105460,5.884594529,4.817980445
1783619919.474246740,1.817945407,5.869433670,4.761588604
1783619919.476421118,1.824400521,5.832885593,4.720864364
1783619919.477494240,1.805492396,5.795390054,4.689614250
1783619919.479299545,1.786140196,5.768676597,4.669643558
1783619919.480953693,1.770007159,5.758163746,4.625697080
1783619919.482573748,1.775836238,5.749259929,4.569093549
1783619919.484231234,1.781128712,5.734643804,4.553439020
1783619919.485885859,1.771169209,5.731653252,4.518162040
1783619919.491714478,1.776164894,5.716971137,4.501481885
1783619919.492887259,1.736474267,5.697558587,4.455701205
1783619919.494220734,1.719085152,5.677208265,4.437454475
1783619919.495761871,1.719125445,5.678576583,4.385404532
1783619919.497704029,1.715505373,5.686507743,4.332284044
1783619919.499196768,1.719343459,5.672805917,4.303786946
1783619919.504222393,1.708292813,5.653603350,4.283689221
1783619919.505830288,1.655250556,5.605872718,4.214650649
1783619919.507482529,1.648467540,5.596267104,4.160709902
1783619919.509430885,1.648067082,5.568899359,4.125709799
1783619919.510755062,1.614025680,5.541198462,4.082861826
1783619919.516827345,1.618072558,5.505874223,4.049982308
1783619919.518132687,1.531309366,5.360551996,3.946141070
1783619919.519299269,1.516518768,5.319245977,3.923551338
1783619919.520894527,1.525571919,5.283131771,3.873389276
1783619919.522606134,1.537162399,5.252705312,3.839675244
1783619919.524147272,1.515989680,5.224384721,3.807917759
1783619919.529252052,1.525173543,5.183005606,3.762072248
1783619919.530819178,1.489402793,5.111266458,3.704052528
1783619919.532729387,1.497697377,5.075433592,3.651121400
1783619919.534171581,1.510803620,5.029381004,3.607960883
1783619919.535880804,1.487602847,4.992434876,3.572441825
1783619919.537630320,1.500647784,4.955059561,3.530920120
1783619919.541804314,1.487559515,4.912702189,3.509343605
1783619919.542915106,1.438367200,4.826041827,3.453007816
1783619919.544262171,1.423363853,4.794953356,3.450828594
1783619919.545823336,1.445336236,4.775277772,3.421828397
1783619919.547714472,1.462844079,4.757715974,3.394905949
1783619919.549325705,1.486024303,4.738480272,3.387781155
1783619919.552909374,1.485242006,4.722887250,3.385999928
1783619919.554138184,1.482645510,4.708424657,3.377756116
1783619919.555788517,1.479961444,4.694887991,3.361332097
1783619919.557567120,1.496523702,4.689618266,3.342262993
1783619919.559283972,1.520181504,4.674803954,3.327657586
1783619919.560826778,1.511247029,4.667493639,3.306555065
1783619919.566896915,1.525671039,4.658161911,3.295578904
1783619919.568269014,1.509538306,4.631056482,3.239140011
1783619919.569428682,1.507138096,4.631139878,3.233392177
1783619919.570796013,1.527664536,4.623921366,3.224940614
1783619919.572594166,1.544311947,4.629118738,3.209378413
1783619919.574119806,1.541143039,4.626020165,3.200303322
1783619919.579116344,1.556052471,4.629700930,3.194707256
1783619919.580957174,1.562819679,4.639299087,3.170385436
1783619919.582653284,1.563209310,4.648465494,3.160275038
1783619919.584125519,1.575158796,4.659995991,3.152492406
1783619919.585841894,1.574828108,4.669378566,3.148847457
1783619919.591729879,1.587092791,4.683879214,3.148613112
1783619919.592803001,1.603383136,4.741766312,3.167371669
1783619919.594091892,1.599720077,4.755970193,3.172843189
1783619919.595882416,1.611418056,4.780271886,3.164264924
1783619919.597522259,1.623513115,4.801821764,3.156231923
1783619919.604280710,1.631177900,4.829310947,3.153653867
1783619919.606003523,1.642662560,4.951758148,3.147458383
1783619919.607601166,1.660126524,4.989263974,3.129646071
1783619919.609319687,1.669891969,5.032379700,3.126442424
1783619919.610861540,1.678187750,5.070424957,3.128528686
1783619919.614629745,1.681238058,5.109438820,3.124392063
1783619919.616379023,1.693053964,5.202020533,3.137450050
1783619919.617530346,1.689093705,5.247318806,3.146352079
1783619919.619175911,1.699418282,5.306025216,3.158640036
1783619919.620920658,1.701592211,5.361598708,3.161480522
1783619919.622648001,1.703778640,5.423495135,3.162899398
1783619919.624323368,1.708407777,5.484528976,3.177802431
1783619919.629375458,1.714020990,5.557762525,3.184970402
1783619919.630871296,1.752894243,5.773887490,3.214892834
1783619919.632499933,1.761160924,5.862194606,3.219508967
1783619919.634199381,1.772666506,5.929433064,3.234907378
1783619919.635780573,1.785597064,5.999829943,3.247516745
1783619919.641829491,1.788086615,6.087278035,3.251369887
1783619919.642898321,1.870376828,6.393122389,3.299826770
1783619919.644196510,1.893526471,6.473165360,3.304038233
1783619919.645776510,1.899052894,6.543768454,3.319392399
1783619919.647643089,1.911149080,6.615916579,3.337194667
1783619919.649111032,1.907700525,6.711079996,3.333147214
1783619919.654237986,1.924241081,6.795486197,3.334903925
1783619919.655836821,1.967977046,6.960509440,3.358852796
1783619919.657630682,1.957438601,7.047565101,3.384089373
1783619919.659378290,1.950796060,7.149590950,3.375803966
1783619919.660767317,1.994246491,7.222775469,3.404637522
1783619919.666869640,1.991368767,7.335426586,3.399749218
1783619919.668188810,2.220960340,7.675785204,3.463093610
1783619919.669340134,2.290062549,7.765807036,3.475520684
1783619919.670948505,2.312635362,7.847542670,3.520136137
1783619919.672496319,2.315679321,7.964153667,3.539773873
1783619919.674273729,2.328606798,8.048478294,3.599620950
1783619919.679263592,2.393585497,8.152825128,3.633710262
1783619919.680976868,2.585513354,8.352970433,3.714511953
1783619919.682501554,2.592391355,8.486209163,3.806032189
1783619919.684089184,2.573980163,8.637552271,3.863734335
1783619919.685770988,2.672851431,8.752087968,3.931198706
1783619919.690654516,2.685779870,8.944377875,4.007218981
1783619919.691814184,2.990960477,9.493165116,4.186069176
1783619919.693062544,3.138493666,9.671051617,4.258216945
1783619919.694298506,3.274225616,9.874237152,4.311983169
1783619919.695994854,3.324384005,10.095326112,4.403295964
1783619919.697652102,3.476410658,10.311024596,4.448128405
1783619919.699395657,3.518829163,10.541274496,4.544322022
1783619919.700892210,3.637334052,10.757507312,4.582437166
1783619919.704288721,3.640285397,11.002884749,4.638369606
1783619919.705894470,3.825788074,11.198426274,4.713692368
1783619919.707417011,3.797711269,11.416832763,4.838828726
1783619919.709252119,3.795041598,11.644368250,4.931601930
1783619919.710798502,3.937287554,11.836569781,5.017797546
1783619919.716932774,3.924365374,12.078327124,5.154899306
1783619919.718215942,4.439052271,13.034009041,5.499887188
1783619919.719376087,4.576632969,13.299241627,5.578378963
1783619919.720983267,4.629114327,13.552733436,5.746541064
1783619919.722651720,4.634966488,13.830746860,5.895968479
1783619919.724192381,4.802955100,14.050929451,5.995039093
1783619919.729209661,4.787512946,14.304725653,6.142870220
1783619919.730783463,5.067315173,14.747200627,6.307346187
1783619919.732577801,5.097201303,14.937563486,6.480724956
1783619919.734264851,5.082217129,15.128543750,6.627601870
1783619919.735811949,5.223122526,15.296539559,6.715166252
1783619919.741800308,5.201174360,15.470545527,6.868241855
1783619919.742870569,5.556663959,16.106853268,7.148674309
1783619919.744204998,5.637467289,16.253795089,7.196437919
1783619919.745982885,5.627467749,16.359961132,7.398334795
1783619919.747634888,5.605845897,16.454489180,7.624077798
1783619919.749192715,5.524763720,16.567447634,7.842813200
1783619919.752870798,5.596261997,16.704799918,7.897910460
1783619919.754185915,5.680132547,16.844422764,7.958616326
1783619919.755809784,5.789861706,16.944740199,8.047573452
1783619919.757624626,5.727689206,17.011706567,8.325659679
1783619919.759388208,5.619651104,17.103147135,8.576695102
1783619919.760953903,5.717218625,17.187808054,8.663078781
1783619919.766829967,5.603884595,17.246037342,8.913755032
1783619919.768160343,5.856743983,17.562248931,9.117791875
1783619919.769345760,5.907746378,17.628388736,9.161265126
1783619919.770984650,5.815938009,17.597950811,9.458594538
1783619919.772546053,5.695666119,17.590211896,9.719108656
1783619919.774323463,5.620289336,17.547871094,9.999613503
1783619919.779210567,5.664137923,17.595738057,10.025878917
1783619919.781069517,5.631838220,17.574529170,10.296903473
1783619919.782610416,5.673149862,17.532608456,10.353942567
1783619919.784356594,5.586142569,17.518193162,10.539011681
1783619919.785915613,5.629836038,17.499523463,10.585885596
1783619919.791737795,5.526343574,17.417997247,10.766653504
1783619919.792777777,5.610481646,17.362600687,10.774169631
1783619919.794307232,5.496679392,17.284381939,10.947034568
1783619919.795849085,5.547290382,17.260205994,10.969879644
1783619919.797480106,5.493001312,17.176512859,11.146074185
1783619919.804327726,5.408904350,17.124144887,11.297869818
1783619919.805857182,5.542745423,17.107945338,11.309710298
1783619919.807492495,5.491449107,17.031456801,11.417487598
1783619919.809129715,5.404311210,16.969440660,11.506214641
1783619919.810793638,5.439219689,16.920273215,11.477733445
1783619919.814541578,5.348452362,16.835538757,11.538182617
1783619919.816785336,5.313823377,16.726456793,11.460748538
1783619919.818017244,5.315301913,16.638707115,11.429019155
1783619919.819161177,5.288519213,16.557930627,11.383906334
1783619919.820764542,5.207755171,16.439069694,11.432707547
1783619919.822553873,5.134908721,16.325932149,11.465031740
1783619919.824107885,5.054943583,16.240421608,11.476771147
1783619919.829215288,5.029455576,16.169634015,11.429944758
1783619919.830931425,4.958689574,15.949616059,11.290584471
1783619919.832548141,4.886428799,15.830744079,11.287439963
1783619919.834168673,4.816675235,15.729100192,11.256599729
1783619919.835830212,4.766539410,15.626813581,11.213592738
1783619919.841786623,4.694785240,15.510608252,11.170039408
1783619919.842840910,4.558313209,15.157496408,10.981964677
1783619919.844137192,4.512587721,15.032662484,10.907808144
1783619919.845927000,4.437631801,14.891454707,10.857128001
1783619919.847641945,4.361227424,14.742196428,10.787502638
1783619919.849195242,4.305647028,14.604159349,10.695262769
1783619919.854220152,4.256374156,14.439232632,10.604578530
1783619919.855776787,4.099176634,13.931682201,10.345335724
1783619919.857539415,4.031569377,13.751166260,10.245387457
1783619919.859282970,3.964922575,13.567859948,10.127806360
1783619919.860832214,3.893261517,13.368009330,10.030478059
1783619919.866841793,3.831392249,13.176709631,9.898301115
1783619919.868110657,3.604463601,12.501587138,9.543073883
1783619919.869240522,3.521936808,12.265047451,9.422534283
1783619919.870838642,3.440418321,12.050403702,9.286006492
1783619919.872618198,3.362738509,11.838564638,9.148995799
1783619919.874172211,3.298237567,11.638157461,9.018248007
1783619919.876518726,3.233302283,11.421892876,8.929917290
1783619919.877828598,3.174545804,11.203199871,8.835295203
1783619919.879338503,3.116307614,11.001498231,8.746095930
1783619919.880997419,3.066280288,10.819903803,8.607413382
1783619919.882559538,3.014983741,10.630195971,8.512070291
1783619919.884325981,2.966268800,10.472178303,8.376955537
1783619919.885889053,2.918634923,10.291691082,8.279548301
1783619919.891772032,2.873224868,10.136381982,8.131580490
1783619919.892812490,2.635235369,9.391425332,7.716317225
1783619919.894113302,2.575245717,9.209595026,7.619878536
1783619919.895900011,2.525201358,9.075632195,7.488717981
1783619919.897551537,2.474202743,8.940187563,7.348256234
1783619919.904210091,2.431345912,8.804827850,7.235600789
1783619919.905763626,2.287043575,8.345872851,7.033744826
1783619919.907566786,2.268425393,8.254612231,6.912277939
1783619919.909291744,2.237513771,8.154648695,6.805557134
1783619919.910865784,2.195405638,8.023848060,6.728620924
1783619919.916842937,2.171077990,7.930932360,6.634980590
1783619919.918107033,2.002622494,7.446249066,6.362327378
1783619919.919243574,1.961620460,7.329891515,6.300884783
1783619919.920848131,1.941622703,7.256652417,6.181704038
1783619919.922446012,1.913136550,7.156240418,6.074094772
1783619919.924312353,1.889855623,7.076722034,5.964580149
1783619919.929234982,1.837923913,6.950219698,5.895757449
1783619919.930819988,1.750093630,6.728068042,5.761496593
1783619919.932596684,1.725336702,6.643714560,5.654005847
1783619919.934368849,1.699738470,6.542093137,5.555699377
1783619919.935903072,1.656157200,6.427321835,5.489583738
1783619919.939482689,1.637642646,6.333118910,5.400741991
1783619919.941695690,1.556299097,6.095207889,5.288298393
1783619919.942748547,1.489860904,5.884745391,5.154911592
1783619919.944291592,1.482925245,5.806597109,5.073853226
1783619919.945833683,1.447298149,5.723882493,5.007843237
1783619919.947705030,1.439183534,5.647513038,4.916642862
1783619919.954266071,1.423344341,5.570101242,4.840872267
1783619919.955913782,1.312398838,5.297000618,4.669044751
1783619919.957456112,1.294137516,5.234271645,4.587247792
1783619919.959307432,1.285172416,5.172310779,4.526319977
1783619919.960839033,1.253903505,5.100438931,4.477186959
1783619919.966663837,1.249441027,5.038407140,4.415136844
1783619919.967948437,1.169937059,4.833047070,4.278657657
1783619919.969356060,1.142821272,4.771022519,4.241268391
1783619919.970949888,1.135649492,4.734948202,4.172263237
1783619919.972521782,1.131839174,4.707728096,4.112204747
1783619919.974183321,1.128360359,4.672842162,4.069771726
1783619919.979134083,1.112946138,4.638840606,4.047918532
1783619919.980981112,1.090005906,4.585713944,3.980839699
1783619919.982540131,1.084100492,4.572672846,3.954147723
1783619919.984281301,1.096436115,4.571487942,3.924455463
1783619919.985843420,1.087946013,4.569304499,3.903276208
1783619919.991791725,1.103094642,4.564193239,3.871941182
1783619919.992864847,1.062616584,4.522034617,3.792251733
1783619919.994185686,1.050264583,4.500886751,3.770818714
1783619919.995959997,1.046615697,4.501482166,3.716800987
1783619919.997690916,1.047129588,4.501749771,3.668392546
1783619919.999104738,1.047901810,4.481109596,3.633654073
1783619920.002050400,1.027478642,4.464058437,3.617710717
1783619920.003123045,1.014660850,4.439811741,3.595573540
1783619920.004192114,0.997716630,4.414109700,3.575580370
1783619920.005916119,0.977036457,4.404522204,3.546502441
1783619920.007482767,0.976399819,4.405548336,3.498903632
1783619920.009310961,0.983129707,4.390397994,3.461935739
1783619920.010847807,0.968018422,4.384692272,3.429492638
1783619920.018236399,0.980836568,4.380319773,3.401816705
1783619920.019443512,0.940883090,4.348469499,3.359455814
1783619920.020958662,0.922198845,4.345890248,3.320004108
1783619920.022580385,0.923880567,4.359340266,3.267308463
1783619920.024121761,0.929882392,4.351951880,3.234016199
1783619920.025857210,0.929338874,4.361387083,3.175387955
1783619920.029287100,0.917933191,4.353041847,3.168128605
1783619920.031110287,0.886387710,4.342905030,3.129874095
1783619920.032620907,0.891989642,4.352402740,3.080393692
1783619920.034247398,0.902440456,4.345769553,3.052855801
1783619920.035971403,0.887386069,4.346281199,3.021565855
1783619920.041827202,0.906248886,4.343191637,2.993863621
1783619920.042873383,0.883037973,4.325148649,2.963576897
1783619920.044169188,0.885924201,4.323744768,2.963292743
1783619920.045957565,0.906848058,4.355358221,2.919339367
1783619920.047678232,0.932766992,4.380024579,2.874291767
1783619920.049200296,0.962956079,4.385290581,2.853535155
1783619920.054144144,0.968154490,4.387440687,2.852669918
1783619920.055927038,0.994376637,4.410482636,2.806559854
1783619920.057612181,0.990064356,4.433011776,2.789158794
1783619920.059271574,1.017075423,4.449047031,2.770729651
1783619920.060807705,1.008537295,4.467540767,2.755423678
1783619920.063415051,1.039311012,4.488847038,2.740596993
1783619920.064575434,1.047091975,4.502709908,2.751253372
1783619920.066828489,1.048919979,4.506037386,2.757789874
1783619920.068015337,1.044800081,4.533264974,2.748107454
1783619920.069129944,1.047869215,4.550531916,2.762222643
1783619920.070950985,1.073864509,4.580995103,2.726507813
1783619920.072544575,1.098680373,4.609192024,2.691552456
1783619920.074177504,1.123751282,4.630528968,2.676130539
1783619920.078504801,1.133001091,4.639619408,2.686795118
1783619920.079463005,1.151646899,4.657421547,2.696967093
1783619920.080956936,1.148660769,4.670602661,2.682277822
1783619920.082444429,1.172195190,4.678764277,2.665319342
1783619920.084253788,1.190020014,4.694959328,2.627730416
1783619920.085781097,1.185134248,4.697644645,2.612855681
1783619920.091770649,1.202689432,4.699340497,2.594504109
1783619920.092820168,1.199275601,4.706843030,2.582844948
1783619920.094150782,1.195528253,4.704281135,2.580825354
1783619920.095971584,1.203250471,4.712513019,2.555402744
1783619920.097682714,1.215386469,4.723307503,2.531072243
1783619920.099236012,1.217136984,4.730372786,2.511709278
1783619920.104280472,1.216862370,4.730804885,2.511807216
1783619920.105872631,1.234224642,4.732979772,2.513807243
1783619920.107651472,1.249320943,4.756126821,2.498182914
1783619920.109313488,1.263519400,4.768245429,2.495271594
1783619920.110906839,1.274302915,4.790928888,2.499611044
1783619920.116936922,1.289399151,4.814663242,2.502561692
1783619920.118206024,1.348564728,4.931172071,2.548150121
1783619920.119333982,1.361245410,4.969567999,2.559806127
1783619920.120917559,1.380845691,5.009692491,2.563827739
1783619920.122467518,1.391777569,5.048379285,2.569784006
1783619920.124219418,1.407699245,5.086518295,2.575792910
1783619920.129210711,1.419777635,5.129570652,2.588677091
1783619920.130972862,1.444719644,5.221576562,2.624586133
1783619920.132446289,1.459804344,5.271967979,2.638970818
1783619920.134126663,1.478931053,5.333106653,2.655598626
1783619920.135812283,1.497717332,5.379444803,2.681791857
1783619920.139970541,1.509186878,5.432279491,2.699811152
1783619920.140991211,1.563561804,5.622901472,2.771539961
1783619920.142541647,1.581267398,5.679226498,2.799399670
1783619920.144213915,1.604432530,5.753015778,2.822240549
1783619920.145859957,1.614062271,5.831788471,2.833908845
1783619920.147699594,1.635697152,5.904533469,2.864079556
1783619920.154264927,1.652838343,5.993733139,2.871245583
1783619920.155941963,1.712796526,6.261255955,2.936472539
1783619920.157486439,1.728954492,6.353887542,2.969645659
1783619920.159264326,1.740065000,6.467910095,2.982375104
1783619920.160823107,1.771014054,6.562352237,3.014186341
1783619920.166941643,1.780788393,6.667187878,3.020501028
1783619920.168201447,1.897387500,7.074039891,3.080053126
1783619920.169318199,1.924067078,7.167572624,3.084176189
1783619920.170977831,1.939094488,7.256914021,3.118078854
1783619920.172552109,1.948914762,7.353058307,3.123761503
1783619920.174094915,1.979424622,7.436146749,3.158648396
1783619920.179230213,1.987443965,7.529543192,3.163141144
1783619920.180866957,2.059124606,7.698466003,3.211705192
1783619920.182544231,2.069269068,7.775188231,3.260101299
1783619920.184371471,2.083864357,7.863310076,3.272921758
1783619920.185935497,2.133303203,7.929079326,3.315305468
1783619920.191862106,2.137192695,8.007821851,3.335600850
1783619920.192934513,2.358458334,8.270918848,3.401443996
1783619920.194244385,2.421285094,8.341424688,3.406407352
1783619920.195792198,2.474019065,8.393298628,3.432336346
1783619920.197672844,2.483042055,8.449548777,3.498021266
1783619920.199193001,2.488633759,8.532826930,3.537481836
1783619920.204146385,2.543314125,8.614577574,3.551738301
1783619920.205858231,2.666613909,8.748585877,3.605199322
1783619920.207503319,2.692071678,8.822352619,3.694643468
1783619920.209285975,2.716776262,8.912519081,3.761742369
1783619920.210832834,2.800685094,8.982445008,3.822163060
1783619920.216657639,2.824897507,9.089831015,3.892358308
1783619920.217797756,3.072745897,9.425651074,3.986763905
1783619920.219257593,3.171233818,9.537883198,4.048443336
1783619920.220827818,3.212942028,9.656515533,4.149376897
1783619920.222649813,3.260070931,9.780806061,4.260810309
1783619920.224206686,3.278689363,9.915866489,4.351132770
1783619920.229285717,3.357388240,10.076019652,4.395108119
1783619920.231095076,3.640908447,10.571214175,4.539766852
1783619920.232691526,3.684122881,10.735949830,4.668231945
1783619920.234303236,3.720557028,10.925096260,4.774968560
1783619920.235854387,3.828626751,11.109678958,4.852694542
1783619920.241683245,3.858920360,11.301217786,4.965663677
1783619920.242726564,4.175242825,11.922695602,5.158168881
1783619920.244287968,4.219612968,12.137739721,5.294985179
1783619920.245836020,4.343328818,12.349739993,5.385804580
1783619920.247576952,4.417164348,12.542394747,5.549770179
1783619920.249124765,4.459588985,12.752386716,5.693619114
1783619920.254246712,4.576184518,12.979502188,5.750612743
1783619920.255836487,4.925218530,13.624923328,5.951250347
1783619920.257615089,4.984750416,13.808766436,6.107777209
1783619920.259319782,5.042898573,14.003084854,6.253831025
1783619920.260858536,5.173339548,14.191911874,6.326144196
1783619920.267014980,5.222974717,14.378491504,6.470187332
1783619920.268335104,5.606889179,15.131224793,6.760371529
1783619920.269469261,5.694549280,15.325109136,6.826154345
1783619920.270853758,5.722769669,15.510078280,6.997077533
1783619920.272637129,5.765484624,15.644001042,7.186405473
1783619920.274188995,5.864899041,15.778296420,7.268295591
1783619920.278323650,5.867601113,15.930887602,7.417517729
1783619920.279389858,5.944059389,16.087981691,7.466757066
1783619920.280851603,6.013832533,16.239974217,7.502237828
1783619920.282478094,6.109130573,16.347771000,7.571887361
1783619920.284317493,6.136505771,16.425017010,7.723464119
1783619920.285848141,6.169293803,16.498708045,7.868817837
1783619920.287506819,6.155412064,16.581915445,7.979205374
1783619920.291869640,6.191803858,16.680946087,8.004552859
1783619920.293031216,6.307856893,16.896125512,8.073670497
1783619920.294178724,6.325271225,16.955596658,8.078837676
1783619920.295770407,6.326502743,16.962657321,8.195056475
1783619920.297723293,6.320083032,16.956719316,8.307612641
1783619920.299125195,6.324768408,16.994475062,8.315409498
1783619920.304258585,6.265386193,17.003156825,8.411487345
1783619920.305811882,6.309852206,16.995062961,8.447854764
1783619920.307570696,6.281773052,16.943253927,8.579173352
1783619920.309342384,6.197868431,16.915767711,8.707756362
1783619920.310906649,6.243246470,16.881942274,8.739050142
1783619920.316833735,6.156071896,16.854562219,8.889149355
1783619920.318106890,6.222532138,16.837024075,8.938864739
1783619920.319241047,6.235908576,16.831937502,8.945064495
1783619920.320835590,6.186464077,16.756819137,9.099353182
1783619920.322621107,6.131797602,16.681995447,9.261757466
1783619920.324169397,6.034496953,16.616922860,9.411241258
1783619920.329263449,6.038657129,16.601288463,9.413279946
1783619920.330955744,6.099425465,16.572953315,9.440581298
1783619920.332502604,6.037063644,16.507290958,9.612360235
1783619920.334118128,5.946162220,16.462369941,9.779794466
1783619920.335786819,5.985113825,16.469179270,9.787052250
1783619920.339567423,5.901117248,16.420185290,9.944989022
1783619920.340848207,5.918703939,16.450057060,9.930946016
1783619920.342661858,5.955406769,16.449602136,9.917654535
1783619920.344336033,5.854270775,16.394484548,10.064880032
1783619920.345793486,5.865697466,16.383069652,10.051043056
1783619920.347637415,5.785116431,16.305486378,10.176418377
1783619920.349336624,5.775104048,16.284419090,10.154922089
1783619920.350826740,5.668095690,16.189339888,10.266404096
1783619920.354197979,5.652966267,16.159616769,10.234756128
1783619920.355782509,5.626954789,16.069802999,10.161879090
1783619920.357636690,5.535928915,15.957361809,10.253163369
1783619920.359392643,5.440048566,15.845284223,10.331782200
1783619920.360820532,5.429269526,15.781774797,10.271750313
1783619920.366967678,5.340962525,15.668068015,10.330361541
1783619920.368301630,5.195641231,15.378409409,10.080464130
1783619920.369465113,5.149488996,15.283840486,10.014870132
1783619920.370880842,5.042192393,15.133559886,10.049933270
1783619920.372535944,4.988093145,15.030582100,9.980370009
1783619920.374127150,4.876242349,14.876117339,9.991700726
1783619920.379275084,4.782216845,14.718213518,9.997626630
1783619920.380966425,4.679706832,14.478269891,9.844047746
1783619920.382453918,4.579717864,14.319274001,9.823002190
1783619920.384152174,4.499484897,14.147711701,9.789454642
1783619920.385882139,4.425164463,14.007234452,9.704453856
1783619920.391796589,4.342930890,13.832088598,9.654704667
1783619920.392889977,4.062107058,13.150216864,9.279901068
1783619920.394201517,3.990453483,12.954812361,9.171253456
1783619920.395981550,3.881061014,12.744713954,9.107676762
1783619920.397701502,3.777074525,12.529645750,9.015205355
1783619920.399101257,3.686637205,12.305669890,8.911257929
1783619920.404280186,3.591341088,12.081431202,8.797324084
1783619920.405852795,3.376551818,11.602131864,8.550397018
1783619920.407639027,3.263268625,11.358762000,8.416621111
1783619920.409333944,3.171927724,11.109217132,8.273578810
1783619920.410898209,3.044383491,10.851892943,8.141303107
1783619920.415578604,2.956449380,10.595750184,7.979030628
1783619920.416803360,2.619265818,9.772587909,7.563117991
1783619920.417807102,2.503850191,9.497577319,7.420494246
1783619920.419404507,2.380059043,9.237610436,7.280605303
1783619920.420833588,2.272903775,8.972678061,7.145629704
1783619920.422652006,2.170909064,8.750677733,6.993608607
1783619920.424191952,2.082683009,8.528416579,6.826544762
1783619920.429224491,2.007272754,8.312158279,6.659691608
1783619920.430848122,1.820565175,7.857464731,6.412676915
1783619920.432477713,1.751417005,7.667847233,6.255847975
1783619920.434099197,1.698678915,7.487281766,6.084300950
1783619920.435798407,1.615402331,7.288115926,5.970908865
1783619920.441790819,1.572203961,7.116559559,5.817452095
1783619920.442829609,1.321893661,6.437077637,5.471084858
1783619920.444114208,1.275560091,6.288055929,5.409245023
1783619920.445897341,1.252694361,6.186790147,5.303361499
1783619920.447586060,1.239702686,6.093182479,5.196744341
1783619920.449117184,1.211076643,5.967710744,5.131396497
1783619920.454272032,1.202619258,5.872605623,5.027474247
1783619920.455836058,1.148997878,5.666137875,4.912656485
1783619920.457609177,1.154229902,5.615876463,4.816642924
1783619920.459236145,1.158875009,5.552283405,4.721856196
1783619920.460829020,1.148118883,5.483123016,4.680686825
1783619920.467019081,1.148204117,5.426564933,4.586765204
1783619920.468400002,1.068855541,5.139917962,4.420419192
1783619920.469569683,1.056815239,5.068051409,4.377644262
1783619920.470937490,1.057512159,5.020263964,4.303096905
1783619920.472530127,1.040561191,4.958101233,4.262211913
1783619920.474312782,1.045786730,4.921915786,4.197036334
1783619920.477484703,1.052524728,4.874253148,4.133487612
1783619920.479232550,1.034905317,4.811460222,4.103452269
1783619920.481085300,1.015332863,4.750967132,4.063909806
1783619920.482752800,1.020427583,4.716781121,4.006058932
1783619920.484143972,1.005118059,4.658345724,3.979029074
1783619920.485962629,1.002412020,4.622837709,3.919837907
1783619920.491797209,1.001970637,4.584290845,3.869343263
1783619920.492883444,0.951142299,4.380436416,3.758443239
1783619920.494179964,0.940878555,4.341841473,3.737603756
1783619920.495956182,0.943839337,4.309129037,3.686835298
1783619920.497690916,0.942400065,4.280250074,3.646473742
1783619920.499108076,0.938805348,4.253716385,3.617236722
1783619920.504279613,0.922232506,4.209048619,3.598146197
1783619920.505817175,0.890144623,4.125793083,3.553633590
1783619920.507594824,0.893273630,4.100785916,3.510937801
1783619920.509481192,0.891044146,4.073687944,3.472552866
1783619920.510787964,0.874565028,4.041710068,3.448779008
1783619920.516903162,0.880365996,4.011149761,3.410104248
1783619920.518180132,0.845302641,3.909588606,3.334628754
1783619920.519315004,0.831389232,3.881538887,3.316604315
1783619920.520939112,0.832339262,3.882639647,3.285328968
1783619920.522507906,0.838641156,3.877334155,3.260332991
1783619920.524297714,0.821889407,3.867830811,3.242038390
1783619920.529238224,0.830498468,3.861858514,3.220362014
1783619920.530932188,0.812520544,3.849407772,3.198052050
1783619920.532703876,0.820066751,3.852441030,3.169073128
1783619920.534165859,0.825000834,3.864604418,3.152858266
1783619920.535843611,0.818576877,3.863666468,3.135996965
1783619920.539246798,0.827090714,3.864762626,3.121121412
1783619920.541835785,0.825360631,3.858065290,3.113010747
1783619920.542918921,0.818536857,3.863950155,3.086558462
1783619920.544230223,0.817399026,3.859734773,3.082138658
1783619920.545803308,0.815622627,3.877822699,3.044583225
1783619920.547541618,0.819142876,3.894191011,3.010799535
1783619920.549277306,0.825125010,3.903261238,2.994390323
1783619920.554366827,0.826536912,3.900717102,2.993808550
1783619920.555858135,0.815800144,3.918093956,2.966394058
1783619920.557422876,0.815414949,3.938621826,2.928954026
1783619920.559302330,0.825418784,3.946176602,2.919897198
1783619920.560894251,0.820627483,3.959932021,2.894622763
1783619920.566954851,0.829061444,3.963456147,2.886010424
1783619920.568355083,0.823645744,3.977423023,2.850320153
1783619920.569613218,0.825792716,3.971742862,2.850802165
1783619920.570929527,0.830070465,3.964558649,2.851004176
1783619920.572699785,0.830499847,3.984198434,2.814391764
1783619920.574144125,0.839332344,3.975979998,2.799745824
1783619920.575872183,0.825097395,3.981872360,2.761299516
1783619920.579232693,0.836174941,3.972457911,2.737771693
1783619920.580955505,0.816591390,3.984531417,2.702222404
1783619920.582549095,0.819046245,3.999063967,2.650949081
1783619920.584203720,0.825673342,3.991609112,2.624605922
1783619920.585943699,0.809974165,3.994855281,2.588521544
1783619920.591767788,0.821481644,3.989393707,2.561392851
1783619920.592806101,0.803097094,3.960482567,2.519369957
1783619920.594106197,0.797538465,3.952106857,2.516201056
1783619920.595861912,0.796412822,3.967834139,2.472796089
1783619920.597609043,0.802410511,3.988828148,2.430964853
1783619920.599139452,0.811027172,3.989951410,2.417120642
1783619920.604239464,0.811186355,3.988849332,2.416681324
1783619920.605822802,0.793917376,4.003257960,2.404687183
1783619920.607623100,0.802594098,4.028813707,2.373810905
1783619920.609377146,0.818147673,4.046369938,2.361545795
1783619920.610950470,0.810035501,4.059792099,2.349952407
1783619920.615434170,0.828970802,4.083790417,2.341560169
1783619920.616551399,0.842779662,4.114801596,2.371313321
1783619920.617510557,0.845983375,4.121230774,2.383073047
1783619920.619113922,0.854457134,4.151309924,2.380072234
1783619920.620960712,0.872845035,4.182008647,2.355739604
1783619920.622510433,0.898102680,4.216674268,2.336758223
1783619920.624148846,0.925265052,4.234273714,2.327245386
1783619920.629222631,0.933268361,4.248236618,2.338805010
1783619920.630848408,0.949389375,4.300985333,2.352048540
1783619920.632455826,0.965613347,4.326438165,2.332123016
1783619920.634175301,0.992536239,4.365849072,2.325527894
1783619920.635981798,1.001246049,4.394053533,2.334031766
1783619920.641794443,1.025878740,4.434652304,2.322645346
1783619920.642864704,1.064825314,4.590692979,2.389785612
1783619920.644148111,1.079723786,4.632812333,2.406868982
1783619920.645941496,1.106239599,4.693533731,2.398488148
1783619920.647745609,1.130640662,4.743874026,2.392617589
1783619920.649130344,1.153726481,4.808783079,2.390819023
1783619920.654244661,1.167748138,4.859780883,2.402656216
1783619920.655789614,1.201748100,4.980453530,2.428054010
1783619920.657586098,1.226507721,5.041754152,2.431329975
1783619920.659414291,1.253980116,5.120499692,2.420908326
1783619920.660955191,1.272208373,5.192133954,2.442818451
1783619920.666863441,1.299784611,5.276202497,2.442195228
1783619920.668184519,1.388895301,5.611636027,2.507967997
1783619920.669322014,1.418248105,5.707402891,2.524689041
1783619920.670945168,1.454470608,5.803989904,2.554865646
1783619920.672491789,1.489819624,5.906748375,2.563387731
1783619920.674286127,1.527230754,6.014740323,2.603370138
1783619920.677642107,1.564615979,6.118688885,2.620271572
1783619920.679193020,1.606018046,6.230279481,2.639951684
1783619920.680903912,1.647922116,6.320866247,2.678739001
1783619920.682561636,1.692434000,6.406830898,2.718788213
1783619920.684363842,1.723776391,6.518010113,2.730748978
1783619920.685929298,1.777381102,6.615197442,2.781384851
1783619920.691767216,1.808947907,6.736794397,2.798917759
1783619920.692808390,2.037882296,7.202383602,2.881176667
1783619920.694280624,2.101527574,7.324833234,2.895306067
1783619920.695848942,2.157338296,7.439835362,2.974997753
1783619920.697557449,2.216443298,7.553293180,3.062366259
1783619920.699181795,2.262174104,7.697547418,3.103574078
1783619920.704279184,2.338141611,7.847039725,3.135126096
1783619920.705923557,2.520536180,8.105267250,3.247622938
1783619920.707462311,2.563917666,8.233647669,3.352789534
1783619920.709431648,2.615893369,8.374841585,3.401786518
1783619920.710773230,2.708487402,8.516434441,3.459181503
1783619920.717056513,2.763642814,8.666057687,3.514263439
1783619920.718413591,3.144727560,9.280794373,3.603728506
1783619920.719537497,3.248024904,9.446444765,3.622758822
1783619920.720913887,3.308072628,9.607734281,3.696543275
1783619920.722508907,3.422956440,9.768041543,3.763636328
1783619920.724291086,3.502356653,9.927140279,3.890271641
1783619920.729267836,3.568955422,10.120179488,3.990798281
1783619920.731076002,3.826135284,10.507870258,4.080783015
1783619920.732543230,3.897494960,10.677259257,4.220618827
1783619920.734102488,3.954438470,10.853257583,4.315275323
1783619920.735754013,4.082216475,11.032135860,4.376443278
1783619920.740321159,4.129284829,11.208216135,4.478129945
1783619920.741362095,4.448949703,11.854075488,4.594749864
1783619920.742604971,4.561262190,12.050828729,4.693669893
1783619920.744237185,4.604518343,12.264152055,4.848953873
1783619920.745788574,4.725328620,12.463034711,4.951928629
1783619920.747566462,4.784285726,12.642755980,5.147028704
1783619920.754315376,4.827762273,12.840201231,5.298318231
1783619920.756048203,5.140068302,13.430404075,5.477607250
1783619920.757619143,5.189510486,13.569027034,5.647740337
1783619920.759339809,5.215538619,13.724782203,5.783622748
1783619920.760873318,5.314338033,13.865915554,5.855075142
1783619920.766842604,5.323566435,13.994132378,5.983489520
1783619920.768125296,5.524450205,14.348113307,6.110080495
1783619920.769258499,5.572481539,14.447944673,6.137623425
1783619920.770870924,5.570750491,14.503756925,6.306676664
1783619920.772535563,5.554761188,14.571575979,6.436902256
1783619920.774316788,5.555798322,14.611307097,6.587664657
1783619920.779229879,5.588834582,14.686401032,6.613564007
1783619920.780989170,5.707074357,14.899575544,6.712334804
1783619920.782679796,5.700383175,14.924344189,6.847778160
1783619920.784128189,5.678924959,14.968311150,6.947297574
1783619920.785796404,5.716575216,15.013328665,6.996681038
1783619920.787565947,5.698353565,15.045113880,7.092467243
1783619920.791762829,5.719725511,15.108443755,7.119626136
1783619920.792821884,5.784700016,15.199597609,7.199562663
1783619920.794146538,5.818972583,15.261571685,7.228453929
1783619920.795919895,5.828139450,15.290971124,7.357801559
1783619920.797632456,5.838474178,15.325386125,7.488084624
1783619920.799138784,5.842283222,15.370645691,7.582242572
1783619920.802858353,5.876073451,15.439691302,7.609746834
1783619920.804182291,5.942068042,15.546217066,7.651393393
1783619920.805990458,5.940741656,15.555686975,7.755514777
1783619920.807419777,5.971355683,15.572119685,7.793760745
1783619920.809325933,5.955531303,15.584286752,7.863636497
1783619920.810873032,5.974883896,15.600440960,7.908270598
1783619920.816903591,5.949336036,15.592423828,7.982933512
1783619920.818204403,5.976509373,15.573482095,8.010941958
1783619920.819390535,5.972754974,15.557203645,8.002736950
1783619920.820783377,5.923758492,15.503443943,8.069102917
1783619920.822627783,5.870669794,15.425849871,8.166778777
1783619920.824168921,5.856483350,15.364149876,8.167939268
1783619920.829235077,5.785220299,15.285804461,8.243979097
1783619920.830906391,5.713877152,15.086191839,8.204199487
1783619920.832673311,5.645363170,14.969513406,8.300439300
1783619920.834121704,5.565989076,14.873852254,8.373637357
1783619920.835831881,5.549250360,14.790557986,8.365623436
1783619920.841795683,5.473322358,14.685021824,8.436507042
1783619920.842840433,5.346355383,14.396895376,8.312220411
1783619920.844146729,5.308662700,14.321671636,8.274540200
1783619920.845911503,5.218257114,14.195523364,8.373807031
1783619920.847680569,5.132472781,14.068058191,8.468767922
1783619920.849207640,5.036458789,13.958815623,8.532561151
1783619920.854248047,4.998438349,13.892889976,8.487494405
1783619920.855917692,4.942311124,13.732873600,8.411411378
1783619920.857480526,4.858088523,13.595006386,8.486328094
1783619920.859401226,4.753637033,13.474318350,8.529547926
1783619920.860957861,4.725559648,13.367037406,8.492856884
1783619920.865118742,4.617400113,13.236369199,8.528287550
1783619920.866229296,4.453787464,12.912792259,8.303719109
1783619920.867523670,4.415538489,12.774516723,8.252987043
1783619920.869150639,4.297510276,12.616429377,8.263089985
1783619920.870877028,4.197568208,12.431046978,8.287052411
1783619920.872509718,4.159853031,12.280280292,8.224965159
1783619920.879266977,4.046471293,12.104283043,8.217507300
1783619920.880958080,3.881844149,11.641843888,8.000896954
1783619920.882510185,3.778382949,11.462190794,7.979886742
1783619920.884118795,3.742837246,11.302641340,7.904827688
1783619920.885878086,3.662313637,11.106085158,7.883215854
1783619920.891727209,3.567524831,10.936676544,7.840762809
1783619920.892769814,3.351755713,10.281935391,7.457499382
1783619920.894297600,3.253932728,10.105592133,7.399282765
1783619920.895869017,3.197657470,9.923227953,7.308078636
1783619920.897650957,3.113222773,9.725055480,7.246282214
1783619920.899184942,3.022486154,9.538670099,7.165943895
1783619920.904244184,2.949839614,9.357816469,7.069960302
1783619920.905781984,2.813034081,8.983408783,6.870843089
1783619920.907589436,2.734174090,8.793584590,6.789741723
1783619920.909419060,2.646665942,8.613534615,6.701079896
1783619920.910762787,2.580500330,8.422314065,6.598975765
1783619920.916935682,2.498855580,8.238189024,6.497048887
1783619920.918265820,2.215317837,7.515650355,6.111299303
1783619920.919388056,2.148465493,7.339395542,6.012036285
1783619920.920979500,2.074084301,7.176946620,5.914256699
1783619920.922544718,2.009804619,7.011910849,5.818602130
1783619920.924093485,1.941137394,6.852433933,5.733646098
1783619920.927551746,1.888689132,6.699829307,5.636972506
1783619920.929174185,1.829241126,6.555765105,5.554670107
1783619920.931051493,1.766666651,6.408453081,5.478878740
1783619920.932513714,1.719376000,6.283937426,5.392165715
1783619920.934273005,1.677556850,6.170769023,5.302015718
1783619920.935905457,1.626987470,6.057115813,5.242283302
1783619920.941881657,1.599079614,5.962147812,5.159208575
1783619920.943048477,1.430387557,5.579480683,4.935611183
1783619920.944162130,1.396397815,5.500552496,4.882702173
1783619920.945944309,1.378198371,5.447519431,4.813912661
1783619920.947722197,1.357240713,5.406376486,4.739582905
1783619920.949137926,1.325046953,5.330146887,4.694333890
1783619920.954226732,1.312893348,5.284981527,4.615568254
1783619920.955801964,1.231288170,5.158337065,4.530989141
1783619920.957595587,1.206289443,5.117256109,4.461666187
1783619920.959347725,1.189932709,5.068369927,4.397307798
1783619920.960901022,1.147896513,5.005827644,4.350388898
1783619920.966888666,1.128754713,4.966352997,4.287481261
1783619920.968167782,0.975072490,4.712684757,4.119477957
1783619920.969295502,0.943822528,4.655748635,4.081210667
1783619920.970922709,0.919075103,4.619212504,4.015913119
1783619920.972520351,0.911494835,4.575312046,3.947609618
1783619920.974287510,0.896846582,4.539191716,3.875137202
1783619920.979249239,0.866779510,4.470399217,3.829335984
1783619920.981070757,0.791008565,4.332276473,3.743876529
1783619920.982493162,0.770556049,4.285792552,3.672198453
1783619920.984149218,0.769288464,4.232455913,3.616298516
1783619920.985812902,0.732095030,4.165384168,3.569085531
1783619920.989924908,0.726192319,4.108114820,3.512830883
1783619920.990930796,0.672418142,3.974483240,3.444286043
1783619920.992429018,0.642736771,3.915665243,3.400674297
1783619920.994252205,0.629530026,3.868748982,3.338995821
1783619920.995800018,0.621307747,3.819722678,3.291322864
1783619920.997656584,0.595652267,3.760550629,3.250399494
1783619921.004261494,0.593056924,3.716910778,3.207998283
1783619921.005868196,0.527441222,3.526245947,3.121098096
1783619921.007550001,0.531772514,3.503765879,3.078448232
1783619921.009155750,0.543368149,3.470244601,3.045023590
1783619921.010842085,0.535970700,3.444227175,3.024645880
1783619921.016967058,0.551633339,3.425981715,2.998407918
1783619921.018307209,0.525349798,3.323431326,2.926837039
1783619921.019462585,0.519685453,3.295397878,2.909680535
1783619921.020865202,0.530639067,3.284245450,2.871808468
1783619921.022655010,0.541247391,3.280639669,2.841723356
1783619921.024189234,0.530112765,3.262704710,2.815066540
1783619921.029188395,0.541993419,3.245728266,2.780824644
1783619921.031077147,0.529924516,3.210445408,2.728005197
1783619921.032666922,0.523615659,3.196656106,2.710609408
1783619921.034122705,0.528981558,3.177931357,2.686890974
1783619921.035799742,0.519378001,3.162075063,2.660392237
1783619921.041832209,0.529194822,3.148545101,2.637158268
1783619921.042956829,0.515074840,3.078655199,2.576856803
1783619921.044268847,0.513902142,3.058667789,2.557784784
1783619921.045836210,0.520907173,3.053261759,2.529899594
1783619921.047594786,0.526078855,3.048232659,2.498460537
1783619921.049267054,0.535173561,3.035722795,2.473881205
1783619921.051246166,0.530978056,3.019308802,2.459757652
1783619921.054256201,0.523560475,3.000416748,2.437515599
1783619921.055842400,0.518827394,2.977570436,2.416307697
1783619921.057596684,0.517819447,2.962811801,2.382771897
1783619921.059409857,0.522682061,2.946560617,2.357714388
1783619921.060950994,0.514352493,2.924665865,2.332839316
1783619921.066914558,0.514605213,2.902327060,2.308163313
1783619921.068041086,0.489252496,2.841135711,2.254597444
1783619921.069205999,0.479509549,2.834238523,2.240213990
1783619921.070838213,0.478059883,2.821293175,2.219223578
1783619921.072598696,0.475869257,2.814656308,2.199485339
1783619921.074098110,0.461877802,2.803901240,2.185482488
1783619921.079319715,0.460148293,2.804030767,2.173495463
1783619921.080916405,0.442250661,2.787496025,2.171689074
1783619921.082634687,0.448206867,2.788088649,2.158171237
1783619921.084198952,0.451019250,2.795248051,2.146301572
1783619921.085854292,0.450216906,2.794121079,2.141704351
1783619921.091797352,0.457080025,2.801728424,2.134253943
1783619921.092839479,0.459099699,2.806185746,2.136381811
1783619921.094112873,0.458399986,2.817573084,2.143771698
1783619921.095894337,0.470710013,2.836343022,2.129378735
1783619921.097764492,0.481108570,2.843675806,2.120930211
1783619921.099352360,0.492698219,2.856645849,2.106952730
1783619921.104259253,0.494798641,2.859826646,2.115565062
1783619921.105845213,0.491654256,2.866423856,2.120488742
1783619921.107421160,0.508395190,2.874808354,2.104587729
1783619921.109324694,0.525286529,2.888048344,2.102134645
1783619921.110873222,0.529968094,2.884539897,2.105034896
1783619921.113455534,0.549685434,2.899674184,2.096803032
1783619921.114594221,0.555619788,2.903365927,2.102710771
1783619921.116865158,0.558932117,2.904715021,2.105879325
1783619921.118067741,0.559018939,2.910876917,2.118574964
1783619921.119196415,0.564718252,2.918251348,2.126345722
1783619921.120800972,0.587631548,2.934850219,2.119103625
1783619921.122611284,0.612521979,2.951048652,2.103734748
1783619921.124173641,0.633334560,2.957511147,2.095213358
1783619921.128560066,0.633173129,2.964332405,2.094340410
1783619921.129786968,0.637058321,2.967526342,2.093938875
1783619921.131205082,0.635947432,2.977257670,2.089392045
1783619921.132593870,0.635548370,2.982801314,2.094632302
1783619921.134367466,0.651784882,2.992828558,2.074668937
1783619921.135812044,0.648851916,2.992513150,2.075503402
1783619921.137523413,0.668461526,3.009382560,2.055629623
1783619921.141762972,0.687002254,3.018656729,2.045141105
1783619921.142881393,0.683882305,3.032217293,2.053865406
1783619921.144223690,0.683256754,3.035170343,2.057987342
1783619921.145791531,0.700652199,3.052474786,2.040953798
1783619921.147551298,0.716954401,3.069154785,2.022392698
1783619921.149216413,0.737080500,3.081387984,2.015448818
1783619921.154259920,0.740062088,3.085215264,2.022379222
1783619921.155807018,0.743229121,3.097207708,2.028043019
1783619921.157591820,0.763551279,3.118917505,2.018216996
1783619921.159512043,0.787215862,3.143085267,2.011889993
1783619921.160866499,0.792056683,3.150660180,2.015914622
1783619921.167090893,0.815717097,3.171578992,2.001018764
1783619921.168398142,0.843867056,3.208808699,2.017196183
1783619921.169548988,0.851387528,3.218610691,2.019609065
1783619921.170916557,0.871010336,3.230046986,2.016697463
1783619921.172454834,0.878661865,3.244141726,2.019988422
1783619921.174220085,0.900167594,3.266873659,2.015889111
1783619921.179229975,0.926459041,3.282167072,2.023395226
1783619921.181013584,0.952396565,3.319173867,2.042798650
1783619921.182454586,0.976850552,3.347501224,2.040944192
1783619921.184120178,0.997419642,3.376184334,2.044317437
1783619921.185779333,1.009863994,3.401686163,2.052456275
1783619921.190734625,1.034725612,3.433134342,2.058353672
1783619921.191743374,1.086876272,3.528708382,2.097463245
1783619921.192866087,1.101366407,3.574120423,2.115120970
1783619921.194206953,1.112054824,3.621057104,2.125115901
1783619921.195948601,1.133870225,3.678836485,2.127016948
1783619921.197505236,1.153547591,3.738063731,2.134317421
1783619921.199152708,1.177307487,3.794039206,2.146745878
1783619921.204287291,1.193685982,3.853720551,2.167887155
1783619921.205944061,1.235609677,3.995321855,2.208796294
1783619921.207581758,1.253354375,4.073491484,2.226619025
1783619921.209290266,1.273364623,4.148527670,2.241873162
1783619921.210841179,1.295570478,4.228884467,2.266055701
1783619921.216869831,1.319801393,4.317685860,2.291837470
1783619921.218110800,1.447157746,4.681446847,2.386677283
1783619921.219263077,1.483419255,4.779652420,2.413622327
1783619921.220859766,1.512273752,4.883903539,2.438214552
1783619921.222434759,1.543873219,4.988060980,2.466783741
1783619921.224318027,1.574944988,5.099379114,2.498627606
1783619921.229268074,1.615967119,5.217432614,2.525689100
1783619921.230952978,1.701599201,5.461887344,2.585437727
1783619921.232644558,1.730277859,5.588049454,2.620029299
1783619921.234388590,1.767109835,5.722582526,2.653722787
1783619921.235941887,1.813467831,5.858911893,2.687886312
1783619921.241834402,1.861487547,6.001751766,2.731534145
1783619921.243042469,2.101724771,6.603446774,2.885179498
1783619921.244135857,2.166547773,6.753658378,2.916185558
1783619921.245945692,2.215716649,6.914722289,2.969056858
1783619921.247483492,2.265327612,7.091289990,3.025078700
1783619921.249142885,2.332200351,7.258940725,3.061982657
1783619921.252870083,2.383462838,7.438559784,3.122202887
1783619921.254245996,2.467307441,7.625271186,3.167521007
1783619921.255865097,2.550681559,7.810118056,3.216108533
1783619921.257653475,2.592921095,8.007673401,3.275757353
1783619921.259404659,2.648723610,8.204415482,3.347769374
1783619921.260960102,2.742325413,8.413360883,3.404988937
1783619921.266909838,2.802253963,8.625912216,3.476830179
1783619921.268231392,3.255126054,9.500010045,3.661781132
1783619921.269383907,3.371759392,9.720201658,3.702792796
1783619921.270759583,3.433226981,9.951305575,3.798536311
1783619921.272582293,3.492909810,10.168792448,3.890642655
1783619921.274138212,3.596789184,10.381970843,3.951668853
1783619921.279245377,3.651050444,10.598994693,4.052990071
1783619921.280987024,3.861297234,11.059137835,4.185792363
1783619921.282677174,3.889144342,11.269428527,4.307900456
1783619921.284416437,3.926720031,11.475463496,4.409737878
1783619921.285766840,4.016633478,11.677817399,4.478106587
1783619921.287510872,4.068224631,11.897971096,4.591711297
1783619921.291778803,4.173219568,12.115278595,4.634667827
1783619921.292848825,4.382594291,12.545925916,4.720219283
1783619921.294143915,4.474785027,12.754089168,4.751403158
1783619921.295908928,4.494268798,12.940373349,4.872934060
1783619921.297502995,4.517088050,13.126872043,4.993032634
1783619921.299166679,4.591320172,13.313046775,5.032465417
1783619921.304281473,4.599028344,13.482554038,5.142345083
1783619921.305995941,4.799762993,14.004341339,5.292426335
1783619921.307557821,4.804935921,14.178201653,5.447965102
1783619921.309407473,4.828752473,14.359937131,5.581448261
1783619921.310947418,4.908171484,14.546095380,5.654047611
1783619921.313597679,4.945639029,14.739016930,5.794793180
1783619921.314775944,5.030565504,14.934872541,5.847559231
1783619921.316114902,5.123470900,15.121481268,5.895142735
1783619921.317711353,5.202810801,15.310045196,5.965337047
1783619921.319153070,5.288062977,15.490982346,6.003765504
1783619921.320957661,5.310703498,15.649332004,6.147250188
1783619921.322496414,5.324731322,15.803598315,6.291597430
1783619921.328499317,5.358294150,15.952574580,6.415053927
1783619921.329511881,5.656552450,16.514572150,6.600820592
1783619921.331179857,5.714676545,16.623826565,6.649723059
1783619921.332723856,5.727396902,16.716996587,6.753898941
1783619921.334105253,5.778575635,16.816938715,6.798213261
1783619921.335864305,5.773336480,16.886961297,6.928377475
1783619921.341813087,5.759789734,16.954696619,7.042395542
1783619921.342991590,5.896167248,17.200418726,7.137759597
1783619921.344195366,5.951277791,17.284466372,7.172613266
1783619921.345782280,5.925361617,17.358016639,7.344652896
1783619921.347595453,5.914870046,17.435305178,7.502189887
1783619921.349299431,5.967099076,17.536469193,7.556635588
1783619921.354238510,5.952172307,17.617621416,7.728328484
1783619921.355767250,6.058272947,17.820113075,7.808827611
1783619921.357511759,6.019141560,17.863465310,7.991819961
1783619921.359420300,5.969840363,17.896471200,8.162028320
1783619921.360978603,5.992838599,17.953546703,8.192514031
1783619921.366978168,5.929753282,17.966503456,8.367921082
1783619921.368328571,5.968634778,18.048245492,8.410208692
1783619921.369485617,5.964766354,18.038323384,8.397410990
1783619921.370857477,5.871132024,17.967842868,8.546764207
1783619921.372435331,5.857694520,17.938278603,8.547901773
1783619921.374227285,5.739974399,17.846471440,8.722390275
1783619921.379194498,5.635203695,17.748089930,8.865305873
1783619921.381000042,5.574803522,17.623786592,8.838584400
1783619921.382472277,5.444670458,17.490170753,9.003275471
1783619921.384173632,5.341243343,17.358093146,9.121982287
1783619921.385848522,5.283592975,17.255577265,9.111093330
1783619921.390970707,5.181809224,17.110700855,9.217764045
1783619921.392608404,5.040366996,16.786153213,9.113714075
1783619921.394257307,4.906643749,16.605806603,9.226117946
1783619921.395877600,4.802870545,16.448246845,9.295723576
1783619921.397612333,4.723205442,16.316933004,9.277050200
1783619921.399130821,4.617561641,16.155587671,9.330178327
1783619921.404242039,4.566192263,16.037794942,9.275478554
1783619921.405774355,4.374180671,15.676398469,9.143573070
1783619921.407624483,4.245957291,15.506698974,9.212642530
1783619921.409374952,4.152624687,15.360480153,9.233752535
1783619921.410941362,4.080459925,15.244564894,9.209835166
1783619921.416945219,3.992523905,15.099267637,9.215523532
1783619921.418207645,3.774489803,14.604652207,8.971199059
1783619921.419337988,3.715963130,14.467719589,8.887951517
1783619921.420921087,3.597382672,14.284033249,8.888810464
1783619921.422568798,3.505400185,14.098177740,8.840790163
1783619921.424162626,3.412553601,13.938420926,8.783676595
1783619921.429283857,3.318526746,13.746300386,8.725891013
1783619921.430908918,3.162056355,13.364246919,8.554922382
1783619921.432661533,3.047201630,13.153472000,8.508594319
1783619921.434237957,2.949351845,12.939469709,8.429938642
1783619921.435877800,2.857734957,12.731991555,8.346380378
1783619921.438417912,2.777736523,12.519378942,8.256026495
1783619921.439584255,2.654860160,12.109895142,8.076169946
1783619921.441799641,2.591370619,11.901846641,7.989792535
1783619921.442843914,2.510562831,11.699814342,7.908964972
1783619921.444161177,2.452364569,11.495121993,7.825490438
1783619921.445932150,2.366168298,11.290091925,7.751050849
1783619921.447728395,2.282367123,11.094339003,7.668411332
1783619921.449180365,2.224880195,10.908564137,7.569349818
1783619921.453457832,2.173629991,10.716218620,7.483559529
1783619921.454483986,2.124793845,10.521810889,7.390811108
1783619921.455992937,2.059056143,10.330982345,7.319940834
1783619921.457577229,2.003144135,10.166175108,7.212525989
1783619921.459120750,1.946133102,9.979792410,7.136946789
1783619921.460871458,1.884808186,9.818882661,7.036983281
1783619921.467004776,1.839979167,9.663838879,6.922594918
1783619921.468434811,1.631994327,8.952848006,6.581684348
1783619921.469615936,1.581837218,8.782487649,6.491448689
1783619921.470980644,1.542499817,8.631790592,6.370940960
1783619921.472553015,1.489901777,8.459224048,6.290514765
1783619921.474319935,1.448183459,8.303567782,6.180326536
1783619921.479246140,1.419737673,8.156096735,6.057016442
1783619921.480978251,1.326929999,7.823568671,5.899520198
1783619921.482482910,1.293322841,7.686267899,5.783336846
1783619921.484165430,1.269276060,7.551011617,5.675006811
1783619921.485850096,1.221831339,7.394096363,5.602082012
1783619921.491827965,1.202197093,7.257241775,5.493757490
1783619921.492981911,1.079568958,6.820369439,5.300981804
1783619921.494105577,1.048333804,6.686843807,5.234406615
1783619921.495940447,1.030777007,6.584947000,5.149282020
1783619921.497592449,1.016902380,6.478194323,5.067555592
1783619921.499307394,0.980846160,6.362087183,5.005019952
1783619921.504237413,0.976134734,6.266413823,4.929585590
1783619921.505763054,0.881084984,5.957506322,4.778829809
1783619921.507534742,0.881747208,5.875127059,4.707395778
1783619921.509375572,0.883295539,5.805527503,4.647623318
1783619921.510923624,0.859370225,5.726389697,4.596600773
1783619921.513873100,0.861908782,5.664229305,4.533213205
1783619921.514985085,0.811033430,5.498441108,4.456548467
1783619921.515940905,0.783898713,5.412631837,4.415434797
1783619921.517507315,0.758905189,5.344396450,4.378963029
1783619921.519287348,0.757026428,5.297629617,4.314189719
1783619921.520842314,0.760916578,5.247833209,4.259534766
1783619921.522485495,0.724469810,5.191604642,4.228937410
1783619921.529211283,0.725443433,5.149014670,4.180203642
1783619921.531180620,0.647429934,4.976079610,4.079522679
1783619921.532703638,0.644570366,4.937899502,4.022529165
1783619921.534271717,0.639016522,4.883808025,3.959180410
1783619921.535928011,0.615389422,4.835736799,3.926602827
1783619921.541847706,0.610332949,4.788693811,3.872585200
1783619921.542901278,0.528817378,4.628544809,3.789717040
1783619921.544214010,0.507197761,4.585315908,3.770628584
1783619921.545794964,0.508243110,4.562828645,3.727919724
1783619921.547612429,0.511732944,4.536055202,3.681326840
1783619921.549139500,0.492647470,4.499827799,3.664849989
1783619921.554261208,0.499315711,4.470561880,3.624282181
1783619921.555833578,0.472442197,4.392067108,3.573355203
1783619921.557626486,0.473771653,4.367359689,3.528932447
1783619921.559418440,0.472207874,4.342638857,3.492765227
1783619921.560835838,0.462453992,4.309458909,3.462545914
1783619921.566958427,0.463833461,4.281027546,3.429011381
1783619921.568321466,0.414629814,4.158189560,3.342954239
1783619921.569467545,0.412434119,4.133729978,3.318527095
1783619921.570882797,0.414359103,4.121176404,3.301417873
1783619921.572462797,0.414143402,4.115870355,3.289666208
1783619921.574226618,0.433213503,4.115475741,3.267855708
1783619921.579316378,0.444158762,4.112071988,3.248173043
1783619921.581024647,0.447677676,4.112536632,3.233670066
1783619921.582555294,0.462157222,4.121687310,3.219957847
1783619921.584146023,0.466924931,4.128790444,3.206497523
1783619921.585946798,0.477951317,4.136669895,3.180896301
1783619921.590779781,0.480873651,4.138268633,3.160252869
1783619921.592651844,0.467789386,4.132190508,3.117907590
1783619921.594287157,0.489105358,4.148478718,3.092054708
1783619921.595813513,0.500984739,4.155646600,3.071500948
1783619921.597573280,0.497511873,4.153254470,3.058659843
1783619921.604264498,0.512809469,4.154152924,3.040310122
1783619921.605824471,0.499122211,4.120724586,3.036411246
1783619921.607622147,0.515451275,4.130790196,3.013204105
1783619921.609424829,0.528900713,4.132238277,2.993838958
1783619921.610971212,0.530196586,4.137609554,2.989294603
1783619921.616990328,0.550642893,4.141451081,2.964849896
1783619921.618280172,0.547346989,4.104309790,2.944636090
1783619921.619403362,0.546533411,4.089862537,2.940175977
1783619921.620754957,0.568615495,4.091809807,2.916601875
1783619921.622460127,0.569414111,4.085603195,2.902907617
1783619921.624297142,0.594385467,4.081525918,2.873146699
1783619921.629245520,0.620909152,4.073181317,2.841729226
1783619921.630952597,0.617561866,4.052933313,2.825361662
1783619921.632634640,0.638579019,4.053271973,2.792865179
1783619921.634096384,0.663155792,4.056098426,2.768328338
1783619921.635774612,0.659468973,4.043691072,2.760076271
1783619921.641824722,0.686480154,4.050281990,2.740406365
1783619921.642946720,0.676059898,4.024104813,2.726766638
1783619921.644277334,0.670688409,4.021872035,2.731266636
1783619921.645837784,0.701396400,4.037797198,2.709958412
1783619921.647661686,0.723883597,4.050192804,2.694674342
1783619921.649286509,0.749096934,4.057373617,2.682317784
1783619921.652406931,0.750964265,4.061048021,2.688309537
1783619921.653476715,0.750290967,4.065308811,2.690349555
1783619921.654438972,0.755350941,4.072965187,2.693420941
1783619921.655851603,0.754113201,4.081068345,2.697376744
1783619921.657420397,0.780117974,4.099189313,2.675899422
1783619921.659360409,0.807573280,4.110465954,2.672829201
1783619921.660915852,0.809888115,4.125628216,2.675833173
1783619921.666931629,0.835699966,4.143210798,2.674304444
1783619921.668375015,0.831097068,4.205443762,2.687931084
1783619921.669517756,0.833506289,4.219931849,2.692320602
1783619921.670922279,0.861352908,4.247093212,2.692036819
1783619921.672499418,0.860245892,4.263850096,2.691277899
1783619921.674282312,0.882411412,4.300032606,2.687779354
1783619921.679157495,0.905511894,4.323555210,2.683374591
1783619921.680917501,0.902041763,4.372930726,2.699909048
1783619921.682662010,0.919920278,4.405374313,2.693036574
1783619921.684321642,0.944015063,4.432310655,2.691269427
1783619921.685876608,0.945001086,4.457805511,2.697590466
1783619921.691799402,0.965029606,4.478464187,2.689492883
1783619921.692853212,0.973424816,4.595704930,2.719655940
1783619921.694149494,0.978079746,4.629826170,2.721656094
1783619921.695915699,0.995577283,4.672957125,2.720658912
1783619921.697705984,1.019865413,4.720119144,2.720569622
1783619921.699108839,1.041129656,4.769872343,2.719416258
1783619921.704200745,1.051917862,4.817220419,2.736248553
1783619921.705965757,1.089976110,4.921429659,2.753353217
1783619921.707645416,1.100930384,4.975311596,2.770386683
1783619921.709414721,1.126110905,5.025684962,2.778209300
1783619921.710960627,1.141802287,5.080395093,2.795284483
1783619921.714029789,1.160781816,5.131109041,2.798503523
1783619921.715178490,1.190978694,5.246322117,2.819481286
1783619921.716126204,1.203240581,5.300621223,2.828592534
1783619921.717696428,1.218068709,5.362538788,2.838556765
1783619921.719089270,1.239258054,5.429114932,2.836501011
1783619921.720902205,1.256496435,5.492878980,2.838536487
1783619921.722609520,1.274453594,5.560970023,2.846699296
1783619921.728986979,1.287630927,5.629685450,2.844132894
1783619921.730050087,1.358656540,5.854719300,2.835802992
1783619921.731263876,1.381513387,5.928074068,2.839008263
1783619921.732697725,1.409457711,6.012132604,2.841491593
1783619921.734287024,1.423521202,6.104018549,2.844522684
1783619921.735867500,1.441384110,6.192195092,2.853209563
1783619921.737446308,1.454658269,6.287751295,2.860218662
1783619921.741847515,1.487513467,6.374937723,2.856199561
1783619921.743026733,1.528982231,6.475967200,2.870587075
1783619921.744151831,1.574456394,6.563613991,2.876998089
1783619921.745782614,1.600014461,6.651098264,2.896642149
1783619921.747669697,1.625842065,6.743140568,2.907051186
1783619921.749301195,1.681301402,6.834607118,2.929808355
1783619921.754225969,1.707003729,6.933766552,2.951355831
1783619921.755770206,1.883802544,7.229991679,2.983495281
1783619921.757535458,1.899948319,7.348784662,3.030954339
1783619921.759456873,1.920889515,7.451074015,3.059976203
1783619921.760856390,1.999699799,7.570695007,3.084031647
1783619921.766928196,2.013404482,7.700971660,3.129750792
1783619921.768211842,2.269710607,8.092812791,3.208387028
1783619921.769362450,2.368005648,8.235107584,3.231053262
1783619921.770750999,2.395094343,8.392919241,3.297504441
1783619921.772535086,2.434481508,8.547724658,3.368169088
1783619921.774300814,2.464686771,8.691303802,3.449009815
1783619921.779382944,2.554339989,8.847625790,3.491471052
1783619921.780909061,2.846996662,9.331993979,3.668735556
1783619921.782572031,2.856896017,9.478743130,3.787788317
1783619921.784118891,2.872293286,9.658666492,3.896616921
1783619921.785777569,2.993027358,9.833558029,3.973594943
1783619921.790275097,3.017813013,10.016158742,4.092783015
1783619921.791220427,3.296081820,10.578832093,4.264154127
1783619921.792424917,3.413287845,10.771370943,4.353767661
1783619921.794224977,3.452845886,10.965407283,4.498982409
1783619921.795763969,3.482942722,11.168566773,4.616130883
1783619921.797555923,3.600497844,11.361323037,4.703344487
1783619921.804270029,3.638033102,11.575476477,4.825148479
1783619921.805842876,3.987116530,12.192492731,4.999598884
1783619921.807617903,4.033420233,12.381235082,5.167867038
1783619921.809417963,4.052863862,12.567353035,5.289634342
1783619921.810982466,4.166829119,12.745382076,5.385321812
1783619921.816884995,4.179237535,12.925554142,5.508622781
1783619921.818140030,4.525196532,13.595326394,5.780475963
1783619921.819264174,4.611035709,13.743171390,5.841005447
1783619921.820864677,4.634770607,13.870364100,6.017759849
1783619921.822483063,4.632019709,14.014816949,6.158366780
1783619921.824245930,4.648991395,14.119862340,6.337727626
1783619921.829379082,4.734626687,14.273890901,6.406976509
1783619921.830895424,4.911903389,14.555995425,6.593660228
1783619921.832539082,4.938146831,14.678441786,6.780304554
1783619921.834090948,4.953279378,14.819776526,6.920526855
1783619921.835978031,4.984382071,14.943748967,7.103483207
1783619921.841993809,5.052929055,15.086523165,7.179641156
1783619921.843441010,5.368461940,15.578206397,7.410252482
1783619921.844665766,5.427024526,15.678973151,7.448121832
1783619921.846042395,5.479520007,15.779078060,7.483317237
1783619921.847550392,5.466642095,15.858512384,7.586163651
1783619921.850899458,5.468324663,15.879082721,7.771418589
1783619921.852516651,5.448248156,15.940773402,7.871969370
1783619921.854283333,5.482353863,16.008852901,7.904717525
1783619921.855772257,5.528493088,16.045580560,7.977504095
1783619921.857445717,5.513027371,16.070324214,8.108625065
1783619921.859105587,5.487179603,16.103549282,8.198402770
1783619921.860789061,5.517745224,16.135902699,8.253866011
1783619921.866955996,5.484418576,16.158375008,8.344149974
1783619921.868250132,5.578153848,16.220737586,8.408103197
1783619921.869423151,5.588855384,16.216605126,8.411261503
1783619921.870789051,5.534431090,16.191542570,8.495269211
1783619921.872609138,5.465623400,16.140620262,8.606103779
1783619921.874138117,5.474045050,16.103151193,8.613250800
1783619921.879250526,5.397240333,16.041165949,8.705384014
1783619921.881040096,5.392653246,15.940255093,8.699682302
1783619921.882667780,5.308738466,15.837223185,8.793563753
1783619921.884443760,5.209833442,15.743543110,8.891017537
1783619921.885771751,5.209690038,15.668687883,8.879219741
1783619921.891835690,5.110780405,15.562591411,8.973106469
1783619921.892893314,5.069115561,15.315293673,8.905336955
1783619921.894197941,5.060109578,15.263171888,8.893850327
1783619921.895975828,4.975273376,15.167665337,8.985824221
1783619921.897522926,4.896278259,15.070657945,9.077883083
1783619921.899161339,4.796533713,14.972979579,9.162592623
1783619921.904284000,4.779408866,14.920783965,9.128665830
1783619921.905832767,4.763451424,14.787000033,9.059657380
1783619921.907649517,4.674386845,14.675661965,9.127182367
1783619921.909432888,4.574774573,14.573386871,9.185898363
1783619921.910965681,4.566008625,14.501048278,9.140939693
1783619921.915644884,4.465989794,14.392352570,9.189914769
1783619921.916792393,4.382440395,14.133859579,9.031766294
1783619921.917962313,4.357731439,14.031004506,8.980493452
1783619921.919340611,4.325880708,13.923239569,8.922325957
1783619921.920880556,4.227097762,13.773002056,8.952669260
1783619921.922623634,4.139436782,13.626430797,8.978119314
1783619921.929405689,4.034685705,13.482217215,8.987759158
1783619921.931147814,3.920757627,13.084549797,8.806523184
1783619921.932498693,3.883292640,12.947629319,8.743504856
1783619921.934307098,3.790487150,12.774311094,8.744319385
1783619921.935817957,3.704139077,12.609153488,8.738687142
1783619921.941888094,3.611413846,12.430856719,8.706000021
1783619921.943048716,3.407307934,11.759936936,8.402585290
1783619921.944143772,3.347788039,11.577056627,8.313242364
1783619921.945961714,3.255107048,11.382677819,8.266688613
1783619921.947644234,3.160976347,11.192457704,8.198646517
1783619921.949311972,3.110624755,11.011910098,8.121248745
1783619921.954250097,3.013322854,10.827336020,8.052128753
1783619921.955780029,2.897481693,10.456735827,7.882859038
1783619921.957536697,2.815900794,10.270924637,7.801591935
1783619921.959428549,2.726011965,10.091530662,7.716441017
1783619921.960969210,2.666973684,9.903406914,7.630012069
1783619921.966979027,2.586729415,9.736910769,7.538399063
1783619921.968318462,2.337588296,9.055242389,7.221797437
1783619921.969484806,2.275716507,8.888398490,7.144455391
1783619921.970878839,2.199918939,8.738076533,7.053700387
1783619921.972429991,2.142412102,8.568954226,6.983609965
1783619921.974227667,2.087073402,8.415672109,6.892329408
1783619921.977555990,2.030020839,8.277517254,6.793745456
1783619921.979355812,1.972116094,8.119339018,6.710758674
1783619921.980970144,1.924016023,7.965220405,6.636961960
1783619921.982609510,1.876176019,7.821815262,6.541059901
1783619921.984112501,1.822446929,7.694267707,6.445745611
1783619921.985771179,1.779466783,7.548989656,6.365608809
1783619921.991788864,1.734366667,7.422554894,6.257511067
1783619921.992901087,1.579324021,7.008784900,6.040090723
1783619921.994338274,1.528397149,6.876311184,5.960835116
1783619921.995956659,1.491383621,6.767534166,5.857426913
1783619921.997557402,1.449733502,6.661870216,5.756095179
1783619921.999215841,1.401320746,6.541170086,5.683943198
1783619922.004329920,1.364161001,6.431885995,5.583944341
1783619922.005790710,1.231502636,6.101639447,5.396525535
1783619922.007584810,1.208251521,6.025645840,5.305190374
1783619922.009180784,1.182978028,5.941661992,5.230540297
1783619922.010786057,1.161649401,5.855539924,5.181175222
1783619922.016929626,1.135857524,5.781091118,5.109196482
1783619922.018304110,1.053056824,5.525325825,4.969464318
1783619922.019457579,1.015927980,5.371493107,4.877183306
1783619922.020817757,1.008402375,5.318652755,4.810700991
1783619922.022656679,1.005908536,5.281219976,4.742519401
1783619922.024221897,0.985882671,5.223409039,4.688438547
1783619922.029260635,0.976111177,5.175234371,4.621952440
1783619922.030866146,0.939882684,5.060690732,4.539687202
1783619922.032472610,0.943758480,5.025707452,4.465913046
1783619922.034132719,0.931912673,4.982626986,4.416504795
1783619922.035827637,0.920915381,4.931988302,4.374579976
1783619922.039569139,0.911952244,4.887200893,4.320563205
1783619922.041765213,0.872089292,4.767478906,4.256746635
1783619922.042904854,0.841791328,4.660218121,4.182668936
1783619922.044280529,0.824515242,4.607576807,4.149896115
1783619922.045844078,0.818630589,4.571206915,4.087958817
1783619922.047700167,0.827808089,4.539745195,4.034627535
1783619922.049312592,0.819847410,4.501523609,3.982121754
1783619922.054269314,0.797876858,4.452153797,3.953441295
1783619922.055899620,0.774933400,4.358348171,3.890223337
1783619922.057484627,0.774464606,4.328867221,3.834114623
1783619922.059426546,0.776032208,4.290037098,3.793470388
1783619922.060986280,0.765163470,4.253164685,3.765074864
1783619922.066885471,0.758683036,4.225618335,3.730750504
1783619922.068133831,0.699853956,4.096622077,3.650094801
1783619922.069263697,0.685319137,4.073181711,3.635776793
1783619922.070946693,0.682505368,4.065742926,3.590158565
1783619922.072520018,0.682847282,4.047767847,3.558885897
1783619922.074301481,0.685991383,4.045119558,3.523085581
1783619922.079144716,0.676820550,4.024041805,3.503033847
1783619922.080958605,0.650891152,3.994753962,3.469665082
1783619922.082644224,0.650929547,3.986482650,3.434264627
1783619922.084391356,0.650464364,3.970126536,3.401208477
1783619922.085976124,0.638711127,3.952318687,3.377133273
1783619922.091803789,0.634678923,3.936890703,3.342360401
1783619922.092880011,0.580196338,3.826357454,3.258721765
1783619922.094184637,0.571757608,3.795692726,3.245468934
1783619922.095982313,0.569950491,3.787168051,3.210361989
1783619922.097552776,0.578131129,3.781705280,3.174477979
1783619922.099177837,0.582288516,3.773303210,3.144686233
1783619922.100948095,0.580874345,3.754680483,3.136050307
1783619922.104293585,0.581476180,3.734614842,3.128436145
1783619922.105873585,0.576111411,3.723758525,3.115393368
1783619922.107419968,0.593511390,3.724442380,3.075041484
1783619922.109452009,0.610902295,3.715752049,3.041310063
1783619922.110772848,0.605456405,3.712179087,3.026113442
1783619922.116832972,0.624535876,3.706768015,2.988601165
1783619922.117928982,0.607646212,3.629673842,2.935592871
1783619922.119099617,0.597052245,3.615029675,2.912596908
1783619922.120992899,0.614563118,3.620647434,2.865558662
1783619922.122550726,0.632626196,3.618596029,2.823521037
1783619922.124106407,0.623931941,3.606337264,2.806062191
1783619922.129285574,0.640509230,3.614848844,2.772477527
1783619922.130849361,0.631565534,3.600820154,2.757103532
1783619922.132681131,0.650480460,3.611227441,2.717422117
1783619922.134359121,0.676476169,3.619437356,2.683511849
1783619922.135843515,0.672278641,3.619342726,2.672891761
1783619922.141838074,0.701840370,3.631128323,2.643212955
1783619922.142994642,0.700464025,3.628321203,2.623751745
1783619922.144098759,0.698261235,3.626970059,2.626419237
1783619922.145923615,0.726779024,3.650010527,2.590442860
1783619922.147585154,0.755844117,3.663056038,2.561262050
1783619922.149312258,0.749498004,3.676866272,2.552239396
1783619922.154238462,0.774216990,3.688607781,2.523682656
1783619922.155883789,0.768309520,3.689044087,2.499112107
1783619922.157491922,0.790043910,3.717599259,2.461568043
1783619922.159363270,0.807408136,3.718658981,2.425761234
1783619922.160911798,0.801847999,3.728326914,2.408133740
1783619922.166992426,0.821778668,3.739529666,2.377285273
1783619922.168314695,0.787837284,3.748736583,2.346237156
1783619922.169472694,0.785016120,3.751985095,2.335819101
1783619922.170841455,0.796761786,3.767165215,2.317844019
1783619922.172678709,0.806912310,3.790246171,2.277980508
1783619922.174212694,0.798488488,3.811425878,2.265935679
1783619922.177526474,0.810536942,3.832286585,2.247205188
1783619922.179403067,0.806726518,3.841271471,2.257595345
1783619922.181071997,0.799672955,3.862111382,2.248010046
1783619922.182455301,0.815959387,3.878945560,2.240404758
1783619922.184215069,0.825989246,3.906568595,2.213021409
1783619922.185850859,0.819784155,3.925885951,2.211156797
1783619922.191901445,0.836669590,3.947183512,2.197981629
1783619922.193079948,0.846439553,3.996231625,2.230346578
1783619922.194166183,0.853837330,4.009236428,2.248333134
1783619922.195971489,0.865976818,4.033384617,2.225003990
1783619922.197516918,0.881637144,4.052032092,2.220547311
1783619922.199156046,0.883948668,4.074933474,2.222986209
1783619922.204262495,0.903012333,4.101645309,2.218952566
1783619922.205802917,0.910258867,4.146197098,2.226220558
1783619922.207572460,0.925188276,4.180872902,2.214975777
1783619922.209472418,0.949379596,4.210145678,2.214647302
1783619922.210798979,0.951738101,4.237405353,2.215308755
1783619922.216893196,0.968545857,4.264738376,2.215324267
1783619922.218234301,1.016817363,4.386139915,2.250606073
1783619922.219359159,1.030081742,4.420057414,2.267627716
1783619922.220969677,1.050455659,4.467320801,2.269316764
1783619922.222525597,1.073519440,4.501557275,2.269545901
1783619922.224315882,1.089161646,4.548700553,2.269618990
1783619922.229289055,1.097183313,4.578990893,2.280627528
1783619922.230889320,1.113144635,4.665529471,2.308755571
1783619922.232535362,1.128924702,4.707616370,2.312894977
1783619922.234177589,1.148253938,4.763396304,2.315584234
1783619922.235810280,1.157295790,4.811509471,2.330221396
1783619922.239547491,1.172068308,4.863309705,2.337236678
1783619922.241801262,1.190492138,4.970254219,2.344200094
1783619922.242931366,1.199159190,5.022592397,2.357243787
1783619922.244259596,1.212343131,5.079502866,2.356227881
1783619922.245836735,1.223254590,5.136970896,2.361123664
1783619922.247653961,1.233598837,5.194804032,2.375039657
1783619922.249284744,1.245502522,5.260583462,2.380098646
1783619922.254250050,1.254743540,5.323453034,2.387897799
1783619922.255843639,1.286546322,5.515542251,2.417611392
1783619922.257602930,1.293550474,5.587093720,2.442695253
1783619922.259312391,1.304179725,5.662663927,2.459134990
1783619922.260864735,1.321145957,5.738108612,2.488420558
1783619922.262503386,1.326366916,5.820470876,2.506217745
1783619922.266905785,1.349775580,5.905926825,2.515292309
1783619922.268121481,1.389811767,6.078892409,2.560912453
1783619922.269240618,1.415371864,6.169208113,2.568526854
1783619922.270881176,1.424101555,6.264493886,2.606362542
1783619922.272430182,1.438549891,6.376226291,2.626726783
1783619922.274179220,1.455729932,6.472873153,2.666256264
1783619922.279376268,1.499038235,6.579025152,2.681021010
1783619922.280929089,1.686363395,6.935596846,2.732259647
1783619922.282519102,1.716561131,7.068328808,2.786380478
1783619922.284163237,1.754213203,7.189967849,2.813830187
1783619922.285778761,1.825417391,7.306149873,2.855447169
1783619922.291885614,1.891132736,7.453938274,2.889241355
1783619922.293062210,2.236246076,8.053958253,2.981952435
1783619922.294176579,2.330424529,8.213299325,3.003602685
1783619922.295994282,2.382279731,8.383059365,3.072788248
1783619922.297530413,2.429597213,8.557678239,3.136095859
1783619922.299155474,2.524726464,8.729350585,3.181941666
1783619922.302327394,2.563201562,8.911783236,3.268002881
1783619922.303350925,2.651015090,9.100326336,3.321677379
1783619922.304302692,2.750341884,9.292481563,3.363783261
1783619922.305924654,2.856675069,9.483234520,3.411420804
1783619922.307515621,2.903253375,9.686632121,3.519791090
1783619922.309368610,2.958309270,9.905605318,3.616672037
1783619922.310931206,3.066250767,10.110261396,3.674734353
1783619922.316896677,3.109655080,10.327062156,3.792057252
1783619922.318176508,3.443929068,10.956889196,3.940846090
1783619922.319307804,3.566129243,11.192067429,3.980680559
1783619922.320899725,3.568911364,11.341669281,4.113436062
1783619922.322463274,3.570587488,11.528769569,4.216182903
1783619922.324205399,3.601613437,11.710683402,4.342010864
1783619922.329202414,3.677567754,11.909620910,4.388250222
1783619922.330979586,3.845732699,12.283443715,4.498997406
1783619922.332593918,3.854911707,12.448350128,4.628306870
1783619922.334396362,3.875075854,12.612400092,4.732582566
1783619922.335944653,3.949749386,12.776877099,4.783024677
1783619922.341751099,3.962911817,12.941827894,4.887840458
1783619922.342786789,4.263911061,13.579156792,5.036928291
1783619922.344302416,4.268894268,13.715069963,5.153154052
1783619922.345866442,4.326096434,13.841186514,5.205865801
1783619922.347701311,4.311161566,13.955039680,5.336078496
1783619922.349390745,4.301091151,14.064334951,5.440522214
1783619922.354336262,4.348729317,14.177747108,5.467181444
1783619922.356020927,4.426099004,14.396591174,5.544946784
1783619922.357546806,4.396451030,14.488811322,5.673015746
1783619922.359406948,4.386226008,14.591456933,5.775704073
1783619922.360988617,4.425525525,14.697403589,5.831443969
1783619922.364650011,4.425724161,14.807907931,5.934485453
1783619922.365807056,4.536325103,15.066841665,6.007324483
1783619922.367654800,4.592101939,15.188347673,6.063950026
1783619922.369371653,4.592842851,15.326339781,6.174311559
1783619922.370767117,4.652352757,15.432142747,6.218150189
1783619922.372556925,4.667834059,15.527682820,6.319973867
1783619922.379184961,4.684416114,15.626643997,6.420568981
1783619922.381123304,4.875722142,16.075382439,6.531936044
1783619922.382586479,4.864091634,16.148394462,6.633840277
1783619922.384124041,4.856822973,16.218418928,6.718133961
1783619922.385959864,4.839577058,16.264559097,6.821828719
1783619922.391843796,4.875422228,16.315362207,6.833165810
1783619922.393027544,4.983056253,16.451985877,6.887437123
1783619922.394117832,5.002708705,16.464279462,6.889102706
1783619922.396025181,4.964336808,16.431512310,6.985290843
1783619922.397773266,4.930536250,16.387360412,7.069764000
1783619922.399197817,4.925757721,16.346225819,7.077722760
1783619922.404504538,4.871089223,16.269010345,7.165365363
1783619922.405833006,4.849187134,16.128529345,7.151714134
1783619922.407612085,4.770231238,16.019165983,7.255672942
1783619922.409340143,4.698149219,15.897054334,7.346809480
1783619922.410900831,4.669098276,15.809362601,7.343698525
1783619922.417072296,4.596551712,15.688942500,7.432979950
1783619922.418488741,4.518213828,15.389563691,7.385512675
1783619922.419636726,4.512695887,15.340621352,7.377515469
1783619922.420971870,4.451728674,15.258162292,7.485362679
1783619922.422482014,4.426833435,15.216275161,7.497035171
1783619922.424216032,4.353539984,15.139805251,7.615609820
1783619922.427479506,4.307421454,15.069985762,7.707152980
1783619922.429235458,4.301099975,15.044883226,7.689057547
1783619922.430940390,4.274832717,15.009077136,7.694147226
1783619922.432671785,4.196200278,14.931959332,7.801386709
1783619922.434213638,4.140720720,14.856572220,7.876041371
1783619922.435876608,4.108616205,14.815097840,7.874161699
1783619922.441832304,4.054725729,14.739509658,7.945399877
1783619922.442903280,3.977442218,14.608753869,7.882487349
1783619922.444210052,3.954654636,14.568104911,7.853744389
1783619922.445778847,3.862339896,14.477949046,7.945124379
1783619922.447644711,3.773172658,14.377329652,8.021809375
1783619922.449306250,3.712491874,14.292437992,8.070884706
1783619922.454222918,3.689075272,14.230705340,8.034880389
1783619922.455768108,3.600812217,14.047926565,7.957670209
1783619922.457561016,3.515686251,13.940747975,8.011264757
1783619922.459448814,3.448706374,13.838315330,8.037533627
1783619922.460757494,3.386201051,13.751366484,8.027130645
1783619922.467030287,3.315564381,13.640127949,8.038220564
1783619922.468411684,3.130314502,13.234124219,7.884093598
1783619922.469563246,3.089872391,13.119017812,7.837137543
1783619922.470957994,3.016380279,12.984276920,7.830340040
1783619922.472557068,2.947553763,12.856029965,7.797563005
1783619922.474129200,2.849992015,12.693760006,7.802442705
1783619922.479380131,2.780829456,12.554371285,7.775676236
1783619922.480978489,2.669385641,12.266230929,7.671287320
1783619922.482471228,2.606957890,12.101322477,7.627021341
1783619922.484296083,2.521095448,11.933273921,7.587706708
1783619922.485991716,2.451698268,11.766310174,7.533601742
1783619922.489351749,2.391936176,11.607741953,7.469554995
1783619922.491795063,2.289992655,11.275966709,7.313235163
1783619922.492880106,2.221600234,11.095804770,7.261150436
1783619922.494212627,2.165749003,10.920388243,7.176978374
1783619922.495784044,2.089246326,10.735362320,7.122655073
1783619922.497598410,2.011359126,10.544597985,7.056870099
1783619922.499181986,1.957724994,10.365966947,6.966855904
1783619922.504244804,1.897862921,10.183788293,6.889713218
1783619922.505878210,1.709123498,9.631493642,6.683992980
1783619922.508294821,1.666221573,9.465146251,6.594702072
1783619922.509462118,1.597374988,9.273766476,6.534549438
1783619922.510811567,1.551186005,9.095772312,6.461220243
1783619922.512640715,1.503996726,8.927991468,6.383048364
1783619922.516889095,1.469342899,8.768058953,6.281408049
1783619922.518029213,1.334319558,8.253001139,6.055421502
1783619922.519138813,1.296674163,8.083889200,5.973563480
1783619922.520984650,1.265045886,7.931179763,5.880905643
1783619922.522536755,1.236948775,7.775061095,5.783368057
1783619922.524170876,1.214471374,7.634627963,5.676909760
1783619922.529227495,1.183498757,7.481038470,5.594067630
1783619922.530908823,1.103703722,7.180001326,5.457995790
1783619922.532619953,1.083247455,7.056663491,5.368883656
1783619922.534135342,1.065662227,6.942748164,5.279116299
1783619922.535777330,1.038678961,6.806466135,5.211342831
1783619922.541836023,1.026737203,6.696844172,5.132542487
1783619922.543003082,0.922592623,6.256595742,4.939444235
1783619922.544091940,0.906478268,6.168746301,4.890213324
1783619922.545899630,0.905561196,6.093489747,4.809408550
1783619922.547526598,0.902551182,6.029985554,4.737797568
1783619922.549222231,0.882693936,5.943493160,4.689074560
1783619922.552522898,0.882922456,5.884737135,4.619540125
1783619922.554327011,0.861500876,5.807233234,4.572886351
1783619922.555891991,0.834451857,5.736378744,4.519083492
1783619922.557437897,0.835057466,5.682194934,4.445031371
1783619922.559374571,0.823592874,5.624493076,4.384087492
1783619922.560919285,0.806919143,5.552554478,4.336623438
1783619922.567058325,0.798816191,5.505340261,4.283278463
1783619922.568495989,0.686153613,5.225767742,4.115155014
1783619922.569659710,0.659746574,5.157901931,4.076185501
1783619922.570767403,0.634695798,5.091993131,4.039122592
1783619922.572590113,0.637417830,5.046851690,3.987130026
1783619922.574128389,0.633234656,4.996231185,3.928783714
1783619922.579221010,0.615979153,4.939935951,3.877531911
1783619922.580923796,0.568411915,4.796400471,3.818642028
1783619922.582706690,0.561864196,4.746221306,3.769198433
1783619922.584301710,0.547791869,4.695268006,3.731050286
1783619922.585956573,0.530293042,4.637667656,3.707289549
1783619922.591839790,0.520243903,4.601405077,3.678513003
1783619922.593095541,0.495715523,4.430546394,3.636496122
1783619922.594212532,0.497878457,4.401233318,3.631784789
1783619922.595801830,0.511906588,4.395214722,3.610321170
1783619922.597671032,0.524820734,4.389918310,3.595215580
1783619922.599289417,0.539358794,4.381718602,3.583627551
1783619922.604256868,0.553766206,4.388973662,3.574118001
1783619922.605791330,0.571580702,4.384862326,3.577494898
1783619922.607584715,0.607902149,4.404531209,3.553332640
1783619922.609411478,0.621011379,4.414506381,3.532280318
1783619922.610966682,0.624566772,4.421132155,3.519264418
1783619922.613577127,0.642415200,4.430562410,3.502255511
1783619922.614996433,0.639653293,4.414235070,3.501466016
1783619922.616071701,0.634016759,4.416209302,3.499761909
1783619922.617520571,0.633370746,4.421030136,3.491913202
1783619922.619353533,0.649273229,4.419768751,3.484754400
1783619922.620788813,0.656669118,4.423170776,3.473668156
1783619922.622533560,0.681749283,4.434584068,3.457151243
1783619922.624220371,0.690005623,4.438358808,3.455201233
1783619922.629168987,0.697503383,4.432456886,3.464565343
1783619922.630364656,0.703443889,4.410347008,3.476954997
1783619922.631905317,0.704506804,4.403761834,3.471077355
1783619922.633160114,0.704455785,4.386932501,3.473087962
1783619922.634426594,0.702767029,4.383141247,3.475669365
1783619922.635904551,0.716580753,4.387425230,3.458452918
1783619922.637602329,0.722609198,4.396092345,3.454741502
1783619922.639310598,0.729353287,4.395241206,3.454141404
1783619922.641886711,0.739237881,4.404135862,3.446508722
1783619922.643042803,0.739170622,4.408994762,3.442869543
1783619922.644152403,0.739074013,4.412721970,3.447908533
1783619922.646032572,0.754790420,4.435914668,3.430734092
1783619922.647629261,0.767867723,4.456254734,3.414634783
1783619922.649254560,0.763725611,4.457662347,3.412652957
1783619922.654294014,0.778561422,4.475923339,3.392469158
1783619922.655810356,0.763824672,4.480683292,3.384520807
1783619922.657577038,0.780444343,4.499936482,3.360637936
1783619922.659315586,0.798413983,4.513370552,3.342880371
1783619922.660992861,0.793005743,4.518444480,3.349182752
1783619922.662528992,0.817346587,4.538966453,3.337085786
1783619922.666846037,0.816228914,4.548236704,3.353725970
1783619922.668032646,0.816624333,4.581990362,3.388811281
1783619922.669140816,0.817679680,4.595850664,3.408558708
1783619922.670759439,0.847796206,4.627490463,3.390273820
1783619922.672518969,0.877639039,4.661401703,3.368169355
1783619922.674185991,0.914876558,4.697082554,3.360924165
1783619922.679304600,0.920377054,4.707421187,3.377600111
1783619922.680918694,0.928783928,4.768609963,3.415429929
1783619922.682565689,0.960642320,4.807280635,3.387830935
1783619922.684105396,1.001752246,4.837675559,3.366322162
1783619922.685940027,1.030885199,4.878783795,3.333191682
1783619922.690199137,1.032161420,4.892060970,3.338269568
1783619922.691234112,1.033276032,4.912066089,3.358613234
1783619922.692479610,1.030448138,4.932669916,3.349920615
1783619922.694283485,1.057697755,4.969875963,3.312791839
1783619922.695821285,1.094176222,4.992960259,3.283749281
1783619922.697627544,1.087082617,5.011275862,3.276731196
1783619922.699126005,1.120958569,5.033836957,3.250166949
1783619922.704307556,1.122728435,5.042104002,3.257429135
1783619922.705975294,1.119976942,5.076454326,3.282265648
1783619922.707514524,1.153524923,5.114597521,3.248206688
1783619922.709434748,1.185821333,5.125788911,3.227581033
1783619922.710980415,1.173895560,5.139849524,3.226055127
1783619922.716962337,1.206682075,5.152723804,3.206122484
1783619922.718222141,1.198671716,5.181280722,3.216020093
1783619922.719363213,1.197718020,5.194637117,3.223627436
1783619922.720799208,1.227370490,5.213663934,3.203265276
1783619922.722639084,1.241159215,5.248716698,3.172981644
1783619922.724183559,1.224964373,5.281088247,3.165865370
1783619922.729201078,1.251745744,5.301931167,3.150067714
1783619922.731010199,1.242382858,5.389696340,3.167932547
1783619922.732611179,1.257101254,5.441845551,3.146166322
1783619922.734416723,1.286816844,5.483139421,3.136851587
1783619922.735988617,1.283308969,5.518423502,3.142803088
1783619922.741877556,1.309192869,5.559606135,3.131490920
1783619922.742939234,1.335953222,5.679257395,3.168033824
1783619922.744245291,1.338827529,5.695674645,3.173635488
1783619922.745801687,1.358524092,5.741864945,3.152085815
1783619922.747570038,1.371886703,5.782634993,3.139196666
1783619922.749153614,1.398531998,5.823154899,3.125695179
1783619922.752033710,1.408519764,5.860267520,3.131137573
1783619922.753097534,1.417168334,5.899741499,3.138009399
1783619922.754223347,1.425604054,5.937705230,3.141793533
1783619922.755920649,1.424387934,5.986956689,3.142971897
1783619922.757502794,1.440661933,6.056398938,3.128320344
1783619922.759159327,1.463025126,6.115099951,3.121758193
1783619922.760836601,1.468698714,6.174344061,3.125437760
1783619922.766952276,1.495134756,6.228724614,3.112603957
1783619922.768263340,1.546307682,6.400145073,3.125493305
1783619922.769460917,1.559545420,6.455378946,3.130366179
1783619922.770832777,1.582154755,6.518595834,3.117948803
1783619922.772438526,1.591778062,6.579671375,3.120322730
1783619922.774266720,1.598987777,6.643870683,3.112231639
1783619922.779181719,1.619064363,6.712264879,3.094481566
1783619922.780990124,1.640352757,6.830826649,3.088264262
1783619922.782603979,1.648615646,6.889288539,3.083405350
1783619922.784433842,1.656985334,6.954432174,3.064226793
1783619922.785976171,1.667016521,7.009918503,3.066923142
1783619922.791820049,1.678173069,7.076716041,3.046641594
1783619922.792858601,1.760415916,7.335441023,3.013509486
1783619922.794191837,1.777536926,7.395775061,3.007444816
1783619922.795999527,1.789081568,7.460647901,3.017185092
1783619922.797518969,1.798465262,7.526527239,3.023908701
1783619922.799142838,1.804869600,7.597174649,3.027401827
1783619922.804302931,1.826419082,7.667788509,3.022576299
1783619922.805834532,1.871233737,7.812513452,3.034695439
1783619922.807633638,1.882783999,7.879994680,3.057831387
1783619922.809420109,1.888984910,7.958814261,3.061850216
1783619922.810960770,1.937210713,8.029147774,3.078150731
1783619922.814671040,1.945210697,8.098175185,3.084337496
1783619922.815838099,2.038038126,8.247883712,3.063805340
1783619922.817571878,2.088648427,8.313281839,3.082631171
1783619922.819128752,2.100439567,8.378502956,3.097350502
1783619922.820822954,2.162026179,8.435588964,3.115792927
1783619922.822604656,2.178913798,8.504715233,3.170945385
1783619922.829209566,2.178247511,8.572760645,3.207130564
1783619922.830886602,2.432463285,8.893364364,3.296887432
1783619922.832583189,2.454920311,8.977614790,3.377747398
1783619922.834149122,2.463430521,9.096504893,3.442616650
1783619922.835808754,2.552935436,9.191078400,3.488496581
1783619922.841810465,2.582314741,9.366519069,3.551550810
1783619922.842872143,2.932011501,9.870779686,3.656406048
1783619922.844166517,3.008111595,10.006722671,3.678351149
1783619922.845811129,3.033462883,10.121272376,3.764523488
1783619922.847659826,3.064456693,10.231183772,3.845450404
1783619922.849251032,3.073052254,10.350363716,3.909700487
1783619922.854269981,3.137881686,10.468114788,3.935245744
1783619922.855812073,3.280085834,10.693157347,3.991123347
1783619922.857621193,3.289883468,10.795196050,4.094203731
1783619922.859455109,3.279625630,10.924984278,4.176190525
1783619922.860754728,3.359160708,11.038870997,4.222861745
1783619922.866992712,3.352935932,11.166021178,4.305449798
1783619922.868384600,3.600261586,11.669940860,4.409060164
1783619922.869559288,3.656062341,11.796011401,4.435784415
1783619922.870933294,3.636442493,11.915321636,4.509413835
1783619922.872501850,3.716094347,12.025247558,4.555126632
1783619922.874281168,3.703981051,12.133941522,4.704262892
1783619922.877106905,3.714550465,12.272071390,4.771565278
1783619922.878162146,3.759748567,12.347778661,4.792186193
1783619922.879129648,3.815702999,12.503116119,4.818378341
1783619922.880822182,3.899396797,12.632323786,4.877768203
1783619922.882476091,3.910149627,12.744899107,4.996351456
1783619922.884100199,3.900021827,12.878006190,5.102290578
1783619922.885950089,3.903509538,12.990186682,5.220452486
1783619922.891887188,3.964232652,13.122588483,5.259299480
1783619922.893048525,4.172788554,13.508816436,5.397147746
1783619922.894136429,4.241741839,13.646899505,5.442436624
1783619922.895837784,4.265707241,13.763145364,5.562344652
1783619922.897634745,4.275206647,13.893239554,5.657955312
1783619922.899231911,4.368398647,14.013609462,5.714474085
1783619922.904243231,4.383240697,14.141676803,5.804087029
1783619922.905782223,4.539074112,14.376817271,5.904382109
1783619922.907580853,4.563600581,14.478966835,6.018901346
1783619922.909430265,4.573288009,14.597429764,6.109048553
1783619922.910767794,4.650338707,14.696936456,6.175299833
1783619922.916873693,4.659153171,14.813028339,6.279339029
1783619922.918149471,4.867081023,15.155439318,6.453451794
1783619922.919277191,4.929783924,15.276437772,6.492159909
1783619922.920918226,4.956506770,15.365395751,6.622021280
1783619922.922479391,4.963571925,15.467809945,6.707581761
1783619922.924216986,5.028954095,15.528086757,6.780641325
1783619922.929306030,5.024856684,15.626216290,6.841236224
1783619922.930829287,5.207406048,15.794332423,6.908383784
1783619922.932446003,5.216619271,15.797688155,6.992791960
1783619922.934469223,5.181764733,15.809169154,7.045531003
1783619922.935876369,5.233956832,15.806305485,7.082078179
1783619922.939614296,5.187081131,15.803435381,7.152436430
1783619922.940946817,5.214295990,15.785635837,7.135907897
1783619922.942590952,5.245877375,15.741625666,7.159466547
1783619922.944318295,5.186805637,15.701754659,7.225472963
1783619922.945930481,5.222994103,15.648778788,7.251781602
1783619922.947458506,5.183139713,15.579184021,7.346850783
1783619922.949175835,5.112299883,15.544282590,7.430379344
1783619922.954255104,5.112834977,15.521380017,7.429953693
1783619922.955825090,5.172752950,15.456892145,7.465789554
1783619922.957623482,5.130499881,15.409511500,7.584919335
1783619922.959422350,5.053812551,15.384280572,7.679625208
1783619922.960955858,5.092859423,15.350074210,7.709276598
1783619922.966933012,5.003869919,15.316500754,7.806472765
1783619922.968242168,5.035247651,15.238030960,7.836334880
1783619922.969393253,5.032386096,15.206626484,7.825595761
1783619922.970992565,4.937453412,15.159948463,7.910848383
1783619922.972565413,4.950574787,15.100032743,7.931215345
1783619922.974085808,4.863706519,15.012705655,8.030408010
1783619922.979183912,4.757084574,14.943400113,8.109698941
1783619922.980973721,4.711191670,14.741516196,8.082498460
1783619922.982578278,4.616208628,14.631288176,8.170222144
1783619922.984400988,4.512515798,14.543129827,8.228433554
1783619922.985972404,4.492156715,14.454836544,8.224758713
1783619922.991764069,4.401160941,14.359650404,8.277083383
1783619922.992788792,4.301345447,14.001387490,8.165224310
1783619922.994307756,4.194511776,13.883521493,8.198699962
1783619922.995854616,4.150203825,13.755647715,8.176862092
1783619922.997660875,4.041186227,13.609547228,8.229183010
1783619922.999114752,3.942828008,13.465517020,8.237019047
1783619923.001023293,3.903705406,13.341779242,8.183431691
1783619923.004203558,3.859143837,13.220997746,8.128511786
1783619923.005770922,3.810579027,13.075928461,8.104047322
1783619923.007522106,3.711176139,12.915576374,8.118603656
1783619923.009433985,3.619827708,12.765858089,8.112737654
1783619923.010970354,3.578128867,12.617274511,8.080450234
1783619923.016689301,3.491598817,12.463923555,8.063502143
1783619923.018006325,3.342660753,11.994560518,7.878826292
1783619923.019254208,3.284401793,11.811474638,7.821206532
1783619923.020954609,3.196418328,11.635909551,7.786431559
1783619923.031425714,3.140234225,11.460523098,7.711688031
1783619923.032844067,2.746857903,10.315177159,7.196365190
1783619923.034324408,2.677098032,10.115656724,7.091727214
1783619923.035980701,2.577969426,9.895138924,7.031301717
1783619923.037640095,2.484731525,9.676721873,6.952688587
1783619923.039209127,2.396646130,9.467633562,6.858469728
1783619923.040790081,2.320386867,9.255747250,6.759838534
1783619923.042661667,2.231555912,9.044246396,6.671624808
1783619923.044248104,2.148718696,8.832196901,6.573377004
1783619923.045857430,2.067867038,8.629940307,6.476720490
1783619923.047492981,1.989869428,8.430640910,6.370510499
1783619923.049297094,1.920030236,8.233202958,6.274302823
1783619923.054320097,1.853780992,8.047491471,6.171678317
1783619923.055810213,1.648320681,7.510898772,5.931199045
1783619923.057616711,1.609640815,7.355051265,5.844443852
1783619923.059402466,1.570861870,7.208710589,5.766784763
1783619923.060969591,1.529233896,7.069859230,5.693739406
1783619923.066975117,1.495502205,6.945187898,5.616092585
1783619923.068297625,1.335826694,6.500302594,5.355905932
1783619923.069482803,1.291610999,6.410651567,5.298272840
1783619923.070847988,1.262449310,6.332103732,5.225650784
1783619923.072654724,1.243036256,6.264331844,5.158548817
1783619923.074182987,1.213417633,6.194104485,5.101569808
1783619923.078083754,1.185694407,6.137744489,5.036797159
1783619923.079340458,1.146972207,6.070509026,4.992352445
1783619923.081088305,1.118224725,6.012346872,4.938599358
1783619923.082531691,1.085609610,5.945802133,4.900155654
1783619923.084103107,1.077582667,5.903017717,4.836423411
1783619923.085862160,1.074025762,5.868758253,4.772309429
1783619923.091819525,1.064510754,5.824181090,4.733354970
1783619923.092879057,0.989331482,5.661096166,4.646905533
1783619923.094202757,0.972679779,5.624985939,4.631106550
1783619923.096050739,0.977352960,5.602284864,4.577653001
1783619923.097575188,0.992755374,5.588435829,4.537245078
1783619923.099150896,0.983708371,5.557692048,4.497273284
1783619923.104286432,0.965147032,5.517409815,4.468330577
1783619923.105811596,0.932633925,5.421401471,4.402901395
1783619923.107588768,0.935201116,5.391802149,4.349531031
1783619923.109467030,0.930758724,5.349561081,4.301815012
1783619923.110770702,0.910903533,5.302255770,4.257937723
1783619923.116977215,0.906629469,5.256067173,4.217181215
1783619923.118318796,0.850971473,5.016771747,4.069071496
1783619923.119429588,0.830859347,4.957373876,4.031638111
1783619923.120802879,0.825128070,4.902971393,3.982232331
1783619923.122577429,0.823703184,4.861662351,3.928824856
1783619923.124137640,0.808570761,4.804122719,3.882863369
1783619923.129327059,0.798710145,4.755471855,3.840143133
1783619923.130941629,0.764936029,4.629829578,3.759864295
1783619923.132565498,0.756134023,4.578657385,3.706797852
1783619923.134119987,0.742113832,4.522944762,3.655537348
1783619923.135790110,0.724219241,4.462225247,3.605040644
1783619923.139520168,0.713639549,4.408015685,3.559701703
1783619923.141805410,0.682846365,4.296898043,3.495069829
1783619923.142981768,0.669942060,4.251544146,3.455973145
1783619923.144114017,0.654075365,4.208762758,3.431524674
1783619923.146066666,0.650115396,4.178604673,3.398530357
1783619923.147635698,0.654180790,4.146883902,3.369600053
1783619923.149224758,0.647983624,4.112951206,3.347115449
1783619923.154384375,0.649657219,4.090580713,3.331115737
1783619923.155846357,0.643415752,4.037135189,3.312327093
1783619923.157637596,0.652196044,4.027407063,3.290592485
1783619923.159440517,0.656749303,4.022034401,3.276321445
1783619923.160983324,0.654538465,4.011879417,3.261055250
1783619923.166925430,0.662183425,4.015508202,3.245337306
1783619923.168209314,0.651145214,3.967976610,3.204630775
1783619923.169334173,0.647392642,3.957784181,3.192119311
1783619923.170779705,0.652767060,3.948908331,3.172224811
1783619923.172589779,0.656765516,3.949349866,3.141975532
1783619923.174145699,0.653973933,3.936508533,3.125042841
1783619923.179276705,0.667423305,3.931252331,3.100887402
1783619923.180852175,0.661410501,3.901556351,3.083128143
1783619923.182432890,0.673119841,3.903886354,3.060271465
1783619923.184470415,0.681320443,3.897306133,3.037645006
1783619923.185894012,0.684081934,3.884670026,3.028769784
1783619923.191771746,0.696748965,3.879582823,3.001361700
1783619923.192889690,0.699411892,3.842743830,2.994180741
1783619923.194192410,0.701110122,3.830318699,2.992243324
1783619923.196029902,0.718856602,3.833457960,2.961280722
1783619923.197513103,0.737623968,3.840607625,2.929473209
1783619923.199101210,0.741811996,3.836573101,2.905864461
1783619923.201544285,0.744435020,3.824227898,2.901083183
1783619923.202557802,0.741115415,3.805091625,2.886231705
1783619923.204247952,0.733808305,3.790890395,2.874966360
1783619923.205847502,0.729140758,3.771558199,2.855196255
1783619923.207629919,0.739264128,3.772000916,2.818161616
1783619923.209480524,0.744995452,3.758022061,2.783580375
1783619923.210782528,0.737112172,3.741886956,2.766474097
1783619923.216602802,0.744851937,3.733636063,2.730525938
1783619923.217684984,0.709622744,3.666693653,2.680720064
1783619923.219142675,0.697546010,3.649521845,2.662543501
1783619923.220983267,0.701503853,3.645888643,2.618524524
1783619923.222572803,0.709336750,3.653525661,2.575168953
1783619923.224117756,0.715610948,3.643036059,2.542377191
1783619923.229276419,0.709044201,3.632931650,2.535196511
1783619923.230865717,0.679128458,3.602906128,2.515959724
1783619923.232502937,0.693275903,3.616141091,2.480394042
1783619923.234135389,0.702812961,3.613410257,2.458187501
1783619923.235785246,0.697459318,3.617826375,2.452335636
1783619923.241784811,0.703708644,3.619044031,2.428821711
1783619923.242963314,0.694796275,3.640254411,2.422585968
1783619923.244302511,0.694762012,3.644452779,2.426162795
1783619923.245929480,0.713203299,3.662063380,2.394603488
1783619923.247516155,0.732303103,3.677836291,2.382835468
1783619923.249118328,0.739494298,3.691555445,2.376506017
1783619923.254406691,0.757658169,3.695917057,2.361104466
1783619923.255928993,0.762435922,3.719110295,2.355473269
1783619923.257456779,0.779379218,3.740558308,2.319663901
1783619923.259438992,0.797896237,3.753385465,2.304979444
1783619923.260768414,0.798632609,3.769107223,2.291799285
1783619923.262572527,0.815313050,3.777053338,2.277882600
1783619923.266944885,0.820225990,3.784334877,2.276831006
1783619923.268170118,0.814443234,3.793124207,2.258010856
1783619923.269325733,0.816755465,3.786452378,2.259133829
1783619923.270958424,0.835230248,3.803740289,2.234929557
1783619923.272498608,0.847706246,3.809042450,2.219323317
1783619923.274260283,0.862088520,3.815745571,2.190885275
1783619923.277409077,0.862206343,3.816870062,2.200488396
1783619923.279275417,0.864793319,3.810204619,2.204314855
1783619923.280830860,0.900858579,3.819310969,2.204452624
1783619923.282467365,0.875489772,3.833863113,2.178263634
1783619923.284128666,0.893017585,3.843472601,2.167715397
1783619923.285778284,0.895783034,3.853723641,2.159197978
1783619923.291904926,0.913896597,3.862559667,2.151684323
1783619923.293086052,0.916858255,3.885587550,2.151497214
1783619923.294195175,0.919768470,3.897065547,2.156649302
1783619923.295809507,0.937255859,3.915001961,2.144339625
1783619923.297588110,0.953925310,3.927798497,2.143913565
1783619923.299175501,0.956545375,3.939063855,2.137773462
1783619923.304300785,0.976035377,3.957643413,2.141558769
1783619923.305838108,0.986688942,3.986125651,2.153446600
1783619923.307586670,1.002408524,4.010717447,2.143434997
1783619923.309433222,1.019885104,4.035448717,2.145640423
1783619923.310757875,1.025158029,4.060290246,2.140502436
1783619923.316970825,1.036633697,4.075629420,2.143935498
1783619923.318237543,1.062683101,4.173270417,2.175484283
1783619923.319396019,1.066726851,4.196883084,2.189904944
1783619923.320780754,1.084847458,4.232391830,2.189531650
1783619923.322566271,1.096678890,4.269174216,2.187552514
1783619923.324114799,1.105720348,4.309293713,2.204392737
1783619923.329326630,1.123133829,4.354021149,2.211192883
1783619923.330998659,1.142713849,4.441204871,2.243616674
1783619923.332635641,1.163732795,4.485523214,2.253383540
1783619923.334181547,1.192764208,4.533650645,2.262684671
1783619923.335817814,1.204972931,4.574944100,2.288734493
1783619923.339724302,1.235398048,4.619104693,2.299969293
1783619923.340784550,1.274939522,4.712859964,2.339381979
1783619923.342626095,1.286052689,4.747350992,2.366657165
1783619923.344087124,1.320579914,4.800781840,2.382702946
1783619923.345908403,1.345003124,4.842576744,2.399697973
1783619923.347588301,1.365038658,4.880753376,2.423204272
1783619923.354304075,1.388182484,4.929784879,2.434342167
1783619923.355910301,1.463900782,5.108695969,2.501332963
1783619923.357490301,1.484745127,5.153333160,2.521930082
1783619923.359480381,1.503096495,5.200291670,2.528766947
1783619923.360822439,1.524296820,5.240023242,2.556164601
1783619923.366936684,1.545542710,5.292686136,2.561028901
1783619923.368237019,1.635911067,5.505704416,2.634006920
1783619923.369378090,1.661221684,5.563508762,2.650116229
1783619923.370862484,1.682367507,5.628184019,2.660225551
1783619923.372507811,1.716402252,5.680839185,2.689051075
1783619923.374309063,1.745895319,5.739288239,2.712840204
1783619923.379319191,1.772285448,5.803927472,2.723499668
1783619923.380963802,1.838678075,5.955314843,2.759281653
1783619923.382629395,1.868661185,6.031109371,2.786336192
1783619923.384174347,1.895248491,6.103106213,2.792469503
1783619923.385873556,1.933636142,6.178390701,2.813524291
1783619923.391827106,1.954222956,6.273488821,2.822855616
1783619923.392911673,2.085607611,6.571196388,2.874931513
1783619923.394210815,2.134764723,6.679799874,2.888503143
1783619923.395822287,2.178705771,6.783981278,2.922999392
1783619923.397583485,2.217753934,6.891837253,2.965008174
1783619923.399131298,2.252446028,7.006883594,2.985691183
1783619923.401936054,2.305668550,7.115538950,2.990126122
1783619923.403001308,2.419960053,7.337541290,3.002389358
1783619923.404234648,2.481060188,7.447924346,3.009088547
1783619923.405817509,2.550194219,7.538541846,3.038147866
1783619923.407587290,2.593419940,7.631959322,3.082834387
1783619923.409425497,2.637787804,7.738813069,3.115802298
1783619923.410989285,2.716695028,7.828308960,3.146388174
1783619923.416901350,2.754674234,7.917112986,3.180275777
1783619923.418226719,2.895501576,8.070120006,3.200986898
1783619923.419379711,2.953718486,8.144199850,3.207594366
1783619923.420761347,2.979267350,8.219858734,3.236746860
1783619923.422599792,3.008667552,8.286721273,3.290774746
1783619923.424148083,3.065967647,8.360904048,3.310647873
1783619923.429283619,3.085053023,8.439252393,3.360404577
1783619923.430939198,3.263089618,8.718297844,3.430593259
1783619923.432649136,3.291428644,8.799680267,3.488431053
1783619923.434323788,3.313227328,8.894425978,3.541085994
1783619923.435776711,3.385051597,8.975768123,3.573403455
1783619923.441867828,3.413867187,9.078810382,3.631455017
1783619923.443073988,3.614534871,9.371319840,3.695871167
1783619923.444176197,3.678989464,9.478419426,3.713397984
1783619923.445999384,3.708847286,9.582111693,3.794083569
1783619923.447617292,3.734000841,9.694383396,3.859384744
1783619923.449357986,3.803675909,9.809583055,3.902556369
1783619923.454296589,3.824279262,9.918323387,3.968174887
1783619923.455859900,4.018007145,10.264431342,4.035879267
1783619923.457620859,4.050419083,10.360561479,4.117019069
1783619923.459371805,4.076237351,10.469044682,4.186537965
1783619923.460934162,4.140625904,10.567987819,4.219175375
1783619923.463519573,4.166589167,10.670065568,4.291456798
1783619923.464710236,4.223807227,10.774299718,4.306393542
1783619923.465813398,4.296018761,10.889586065,4.338294156
1783619923.467518091,4.365119547,11.000497045,4.380706041
1783619923.469290018,4.392913492,11.108426194,4.469657200
1783619923.470835924,4.432062381,11.230335620,4.547043017
1783619923.472649574,4.505813462,11.348324998,4.586378981
1783619923.478558302,4.543110564,11.465776380,4.663372879
1783619923.479747534,4.789641508,11.870885546,4.739470781
1783619923.481111288,4.872862484,11.998225314,4.778499480
1783619923.482598782,4.948557981,12.124583083,4.806264138
1783619923.484239817,4.980735292,12.233916385,4.898222265
1783619923.485789061,5.019147879,12.349887240,4.993716768
1783619923.491764545,5.047106517,12.465824687,5.075136736
1783619923.492839813,5.348541080,12.993739363,5.220214238
1783619923.494161129,5.428958168,13.129315076,5.260835225
1783619923.496038914,5.479393270,13.253167123,5.366923441
1783619923.497546673,5.529674352,13.374214885,5.477629945
1783619923.499123573,5.567065856,13.500661503,5.554733305
1783619923.504283667,5.652536165,13.627642047,5.578104970
1783619923.505810738,5.812177690,13.851106960,5.621287275
1783619923.507603407,5.850698578,13.951061933,5.692956450
1783619923.509555817,5.883903368,14.046136479,5.751563580
1783619923.510812044,5.953007092,14.123360484,5.777407710
1783619923.512508631,5.958064653,14.198986522,5.828888417
1783619923.517058849,6.004530470,14.266149661,5.836423223
1783619923.518257618,6.132630335,14.415344973,5.864338857
1783619923.519371986,6.162857366,14.436768356,5.865993304
1783619923.520982742,6.162843960,14.446833387,5.946925195
1783619923.522570372,6.144115619,14.453945080,6.008189719
1783619923.524125814,6.170030215,14.459787657,6.033900369
1783619923.529338598,6.131719535,14.464683923,6.111527071
1783619923.531043291,6.155960000,14.488041824,6.150140048
1783619923.532446861,6.108629943,14.499389905,6.239022819
1783619923.534219980,6.050179486,14.491837280,6.361183360
1783619923.535845518,6.069218815,14.506468905,6.395962786
1783619923.539413691,5.999583811,14.509967610,6.516516138
1783619923.541855335,6.025619324,14.552286411,6.567000379
1783619923.542984962,6.066736504,14.575718718,6.632287299
1783619923.544331312,6.080407722,14.601918178,6.656648214
1783619923.545916796,6.021912192,14.588312984,6.800987589
1783619923.547487736,5.938636841,14.572844931,6.926378649
1783619923.549155951,5.949348372,14.564461683,6.957962679
1783619923.554281473,5.857816034,14.541237995,7.077970219
1783619923.555863142,5.848787815,14.507527956,7.094740030
1783619923.557617426,5.751457780,14.456533948,7.240527985
1783619923.559455156,5.642911865,14.402722351,7.356883852
1783619923.560761213,5.632434825,14.373754620,7.379333023
1783619923.567024231,5.528870186,14.321796963,7.491639544
1783619923.568398714,5.507894393,14.229222016,7.475531629
1783619923.569548607,5.501397648,14.205201559,7.461774003
1783619923.570945024,5.406330653,14.153014218,7.576371157
1783619923.572502375,5.400876765,14.113040454,7.583172543
1783619923.574268103,5.302765073,14.034827185,7.710028872
1783619923.579300880,5.209172082,13.966631121,7.805551193
1783619923.580955029,5.173800311,13.885026052,7.790515361
1783619923.582638741,5.079428278,13.791325436,7.900248958
1783619923.584156752,4.979354013,13.712496961,7.980438848
1783619923.585853100,4.963338918,13.657574374,7.969989494
1783619923.591983795,4.858148127,13.578315727,8.035105546
1783619923.593287945,4.727041598,13.330663040,7.881532925
1783619923.594458818,4.687439176,13.262427340,7.836936894
1783619923.595946789,4.573339339,13.160368187,7.884787769
1783619923.597483635,4.531571384,13.064695598,7.858087752
1783619923.599102736,4.425759999,12.941620422,7.915838673
1783619923.600772619,4.326066003,12.823761401,7.945987982
1783619923.606526613,4.173211782,12.595386010,7.937138512
1783619923.607626200,4.130602813,12.483278000,7.893635385
1783619923.609213114,4.023726567,12.344443748,7.898367251
1783619923.610884905,3.970757322,12.218296192,7.851473951
1783619923.616517305,3.860112168,12.075839299,7.843486430
1783619923.617618084,3.666304932,11.660027209,7.625324032
1783619923.619094610,3.600509738,11.494124114,7.557468298
1783619923.620968103,3.489925106,11.309317180,7.534466604
1783619923.622530699,3.378686373,11.124669110,7.500286027
1783619923.624177933,3.263051181,10.942235129,7.440781950
1783619923.629326820,3.186894294,10.768699517,7.342022219
1783619923.630929232,2.949043960,10.211225609,7.052775633
1783619923.632581711,2.849635172,10.003499306,6.974168134
1783619923.634182930,2.731993248,9.801499829,6.880661523
1783619923.635793209,2.659244399,9.602526903,6.793054411
1783619923.641821146,2.551918834,9.398124132,6.691066271
1783619923.642978907,2.325037422,8.799908198,6.399702014
1783619923.644334555,2.247591532,8.614546407,6.309394081
1783619923.645942926,2.170969978,8.421729040,6.234001139
1783619923.647584438,2.093545896,8.249938750,6.144515670
1783619923.649199724,2.036146097,8.067426495,6.071018029
1783619923.654276609,1.977754958,7.916104751,5.991923296
1783619923.655916929,1.830827886,7.474707940,5.796702006
1783619923.657478809,1.795106667,7.346697151,5.723235424
1783619923.659413099,1.755096938,7.237022029,5.641364768
1783619923.660946608,1.717772866,7.110981387,5.581601248
1783619923.666945457,1.682141541,7.009955443,5.502034189
1783619923.668238640,1.556535007,6.698490073,5.327592407
1783619923.669359446,1.518419427,6.602679370,5.271606683
1783619923.670988798,1.500799966,6.523138889,5.194133264
1783619923.672579050,1.470932290,6.448804506,5.114979727
1783619923.674102306,1.438012014,6.360104689,5.063245361
1783619923.677525520,1.418641069,6.298339428,4.983521771
1783619923.679332733,1.337979004,6.129813042,4.876972793
1783619923.680966616,1.310287317,6.055171883,4.812630429
1783619923.682564259,1.295009926,5.992637174,4.730709201
1783619923.684178352,1.267443479,5.929897794,4.653832082
1783619923.685833216,1.236119422,5.853968869,4.593777498
1783619923.691854715,1.203666452,5.787004254,4.524801363
1783619923.693035126,1.037431044,5.460546339,4.299940233
1783619923.694166899,0.995097035,5.381244574,4.251309579
1783619923.695838451,0.971598988,5.309900778,4.166996263
1783619923.697565794,0.939085360,5.232709912,4.089247202
1783619923.699123383,0.900189709,5.157595215,4.030546241
1783619923.704238892,0.869639991,5.076423098,3.949475088
1783619923.705986500,0.811970152,4.933337898,3.808182880
1783619923.707421303,0.775009215,4.852464669,3.742710506
1783619923.709406614,0.753512942,4.786989174,3.672123023
1783619923.710984468,0.715961010,4.708701502,3.619596910
1783619923.716952324,0.695767917,4.652076077,3.560502153
1783619923.718225956,0.571482851,4.375260214,3.407154305
1783619923.719342947,0.538929347,4.301006510,3.371002403
1783619923.720967054,0.525720851,4.246053723,3.305681844
1783619923.722532988,0.511266250,4.193059522,3.253053742
1783619923.724329233,0.498821917,4.143737339,3.198016774
1783619923.729311943,0.471903567,4.077288310,3.168191565
1783619923.730863094,0.422671480,3.964285079,3.112112835
1783619923.732522488,0.418431548,3.926937834,3.069435730
1783619923.734168291,0.411244785,3.885170926,3.035637106
1783619923.735819101,0.399282369,3.845465877,3.011664107
1783619923.739241838,0.402436036,3.815457580,2.986142542
1783619923.741905212,0.377502604,3.745683864,2.952113623
1783619923.742945194,0.368177745,3.706885158,2.935098808
1783619923.744266987,0.364858800,3.686396485,2.930783037
1783619923.745869398,0.378050368,3.680958225,2.903852271
1783619923.747608423,0.393241040,3.672404868,2.876103025
1783619923.749158382,0.407080331,3.675693718,2.866642196
1783619923.754279852,0.412180198,3.667273867,2.862457355
1783619923.755995512,0.414306589,3.648079636,2.866892514
1783619923.757653713,0.437162418,3.650956525,2.848467156
1783619923.759215117,0.451018255,3.650861213,2.832559228
1783619923.760922909,0.460760632,3.641340181,2.823142436
1783619923.766991138,0.477859746,3.644535925,2.817468372
1783619923.768302441,0.500475760,3.622488094,2.811137337
1783619923.769449472,0.502218371,3.622445708,2.805786390
1783619923.770911932,0.516963478,3.624807070,2.794146355
1783619923.772495985,0.517646781,3.627429678,2.783641810
1783619923.774271488,0.530655786,3.637799850,2.767716484
1783619923.779356241,0.538039095,3.636661815,2.754389136
1783619923.780950785,0.542266723,3.631332213,2.738668463
1783619923.782528877,0.551869077,3.634936643,2.721946168
1783619923.784182310,0.558585126,3.627915367,2.702126971
1783619923.785856724,0.558966634,3.626526924,2.696050300
1783619923.791918516,0.562263197,3.628503947,2.682913227
1783619923.793065310,0.544251454,3.586541404,2.648408060
1783619923.794163227,0.538034153,3.576543556,2.643467083
1783619923.796032190,0.544130248,3.571981387,2.620005437
1783619923.797492027,0.548469608,3.562828199,2.607387425
1783619923.799281120,0.554191263,3.559924013,2.597770707
1783619923.804319620,0.555470540,3.551758213,2.587623325
1783619923.805923939,0.553768763,3.533604066,2.578948820
1783619923.807479620,0.559737932,3.529686603,2.576768049
1783619923.809499502,0.563028307,3.526972799,2.570208344
1783619923.810791492,0.568095859,3.519853906,2.576546134
1783619923.816346884,0.575695294,3.520575461,2.573757262
1783619923.817443609,0.586098318,3.504228353,2.595228130
1783619923.819152594,0.593955715,3.502047369,2.597890811
1783619923.820972204,0.604452585,3.505129611,2.594073535
1783619923.822544098,0.614487033,3.501904064,2.589774171
1783619923.829426289,0.623683460,3.504882873,2.583437713
1783619923.831130266,0.643889605,3.507569325,2.599408304
1783619923.832607508,0.660247302,3.522164620,2.597911453
1783619923.834158897,0.666999101,3.525527674,2.604907521
1783619923.835905790,0.686984597,3.539148788,2.606843970
1783619923.841855049,0.707071586,3.554608986,2.607396738
1783619923.842973709,0.737879515,3.600456376,2.652247125
1783619923.844332457,0.742492955,3.609438540,2.658383599
1783619923.845983505,0.764294989,3.623522542,2.651550293
1783619923.847504139,0.783982296,3.636630250,2.644154557
1783619923.849106312,0.790931479,3.657066094,2.655044396
1783619923.854262590,0.807690706,3.671461844,2.644900987
1783619923.855799913,0.821648344,3.699881991,2.662146820
1783619923.857544184,0.838670580,3.717855881,2.659549974
1783619923.859470844,0.857603999,3.737854635,2.657879016
1783619923.860774517,0.861953850,3.746249596,2.664813126
1783619923.867099285,0.879964774,3.765562662,2.662768056
1783619923.868424892,0.899440790,3.807925466,2.706970152
1783619923.869565248,0.899866760,3.822563356,2.717095659
1783619923.870934725,0.917537519,3.851146668,2.714742882
1783619923.872482538,0.921462094,3.857427844,2.728985861
1783619923.874268293,0.940009449,3.869630253,2.721215777
1783619923.878047228,0.955252358,3.891017076,2.716802943
1783619923.879436970,0.955201593,3.896348720,2.728421551
1783619923.880960703,0.957181446,3.903775048,2.743760665
1783619923.882581949,0.957828374,3.911098431,2.746563199
1783619923.884123564,0.978054131,3.922674158,2.743343770
1783619923.885853529,0.995533815,3.937981411,2.731388656
1783619923.887519598,1.002821606,3.943141779,2.745681657
1783619923.891884804,1.018929562,3.954249042,2.737515998
1783619923.893015862,1.026666031,3.966648943,2.758389419
1783619923.894116402,1.029642420,3.979279068,2.766225256
1783619923.896056414,1.050181945,3.992916433,2.766741920
1783619923.897596359,1.070542729,4.010350737,2.759459082
1783619923.899156094,1.080693017,4.024097657,2.783393664
1783619923.904304981,1.104001771,4.051396707,2.774047781
1783619923.905826330,1.122995178,4.094330019,2.829635528
1783619923.907615423,1.152015986,4.105739205,2.833636805
1783619923.909472942,1.182962629,4.130576168,2.839542288
1783619923.910834074,1.196059101,4.136720079,2.860425470
1783619923.917027712,1.222525384,4.160118108,2.859621810
1783619923.918277502,1.263151145,4.228081433,2.935450863
1783619923.919386148,1.278057728,4.251039761,2.951341811
1783619923.920980930,1.311524190,4.272390118,2.968995879
1783619923.922530413,1.344933515,4.313703777,2.975201330
1783619923.924313545,1.379774217,4.339840444,2.995725901
1783619923.929370403,1.393333701,4.377476883,3.015683630
1783619923.930972576,1.430965804,4.457389391,3.073328306
1783619923.932569265,1.460600665,4.486147538,3.093896968
1783619923.934117794,1.500042773,4.552609953,3.103477020
1783619923.935778618,1.518958246,4.595721768,3.144185119
1783619923.941004753,1.555940184,4.648651047,3.152317628
1783619923.942658901,1.633913364,4.831515236,3.247347363
1783619923.944277763,1.678207737,4.914272695,3.262287805
1783619923.945907593,1.705945981,4.982581067,3.302206128
1783619923.947591782,1.755245241,5.071942280,3.338367571
1783619923.954329252,1.790154971,5.179416210,3.364469744
1783619923.955974579,1.933904556,5.615028497,3.504311518
1783619923.957565308,1.979875953,5.723086909,3.549034558
1783619923.959482908,2.024902936,5.842695714,3.564931746
1783619923.960764885,2.066245281,5.946482976,3.605039338
1783619923.966909885,2.111987769,6.058816118,3.616996955
1783619923.968169689,2.292061452,6.476950976,3.701669510
1783619923.969281912,2.341527482,6.573316269,3.714736012
1783619923.970880032,2.375929137,6.665419699,3.751013105
1783619923.972466707,2.411090182,6.758197753,3.759576746
1783619923.974257708,2.431976703,6.846118956,3.801606959
1783619923.979355097,2.483541632,6.938429685,3.809961975
1783619923.980916023,2.581595096,7.106877620,3.849083000
1783619923.982494116,2.608963089,7.194890476,3.888603884
1783619923.984132767,2.647994863,7.287546453,3.908031150
1783619923.985771656,2.703858339,7.371153680,3.936978007
1783619923.987533569,2.743678055,7.475289883,3.973420900
1783619923.991864681,2.811135837,7.562458669,3.985890361
1783619923.992997408,3.049222825,7.830689378,4.068695085
1783619923.994147301,3.130128136,7.912692411,4.035407251
1783619923.996046066,3.192059906,8.032390079,4.089514557
1783619923.997498035,3.224559855,8.132268938,4.131785212
1783619924.003075123,3.251079080,8.220359874,4.190621600
1783619924.004126787,3.386745848,8.402601768,4.214593728
1783619924.005930185,3.457332220,8.505539023,4.244302888
1783619924.007513523,3.488462250,8.601367530,4.309584580
1783619924.009509325,3.507923506,8.713950834,4.374234748
1783619924.010846853,3.576542047,8.832190155,4.418299949
1783619924.016974926,3.607072709,8.961985758,4.492246822
1783619924.018352032,3.990994458,9.537416864,4.635347345
1783619924.019500256,4.099849904,9.691571392,4.656508078
1783619924.020903826,4.156732562,9.841250732,4.739795958
1783619924.022454500,4.259423560,10.001578895,4.781713946
1783619924.024241686,4.304509367,10.145339827,4.877586266
1783619924.029339314,4.357231946,10.311840720,4.963677922
1783619924.030961514,4.557770178,10.640738117,5.052710270
1783619924.032563448,4.584501617,10.803652127,5.167003906
1783619924.034298420,4.621708336,10.974668981,5.265549937
1783619924.035997629,4.697916107,11.143863914,5.336945900
1783619924.037533283,4.730668834,11.319842992,5.442364563
1783619924.041794062,4.816508553,11.486299838,5.495088079
1783619924.042946815,5.076464408,11.965654727,5.650502197
1783619924.044310570,5.172583036,12.119122317,5.701035503
1783619924.046015739,5.196855230,12.274504064,5.817390018
1783619924.047532797,5.241189517,12.421142668,5.930597287
1783619924.049141645,5.317775951,12.570242993,5.977914075
1783619924.054351091,5.366716481,12.712216257,6.090395301
1783619924.055790663,5.529486054,12.989225406,6.192003237
1783619924.057560205,5.540869848,13.106423250,6.300084986
1783619924.059495211,5.567472671,13.220176079,6.393431195
1783619924.060770750,5.615962688,13.327694573,6.430249771
1783619924.063684702,5.627587462,13.414746059,6.508319029
1783619924.064843416,5.727197504,13.595855283,6.553012892
1783619924.065859318,5.746485885,13.661258916,6.560781361
1783619924.067558765,5.796320414,13.747931895,6.596369863
1783619924.069281578,5.743946453,13.811278512,6.655273413
1783619924.070863485,5.729588685,13.873995147,6.725098637
1783619924.072436094,5.748131737,13.948814366,6.735092781
1783619924.080862999,5.738767750,14.184324805,6.964335522
1783619924.082436323,5.768366187,14.246862273,6.976394126
1783619924.084571600,5.736410722,14.295930425,7.079707298
1783619924.086041689,5.758969703,14.360590300,7.083742619
1783619924.087458611,5.713601705,14.402125092,7.191589418
1783619924.091799974,5.741362062,14.441758905,7.190918932
1783619924.092847347,5.777620018,14.494954924,7.185781180
1783619924.094138384,5.793913697,14.511549188,7.185601289
1783619924.095833063,5.704181944,14.491577508,7.289630155
1783619924.097543240,5.600162900,14.465128665,7.408533776
1783619924.099125624,5.498223772,14.417881838,7.532231669
1783619924.104292393,5.496087857,14.390805983,7.528512560
1783619924.105820894,5.477062804,14.329963412,7.526194058
1783619924.107420206,5.344510375,14.287805855,7.664772632
1783619924.109489441,5.227427610,14.236011954,7.810467927
1783619924.110810518,5.209230171,14.223832344,7.803926684
1783619924.116978407,5.092186143,14.158937750,7.938684817
1783619924.118202686,5.018564916,14.008511610,7.894275698
1783619924.119309902,4.997976647,13.948000132,7.873341013
1783619924.120894909,4.852115913,13.854840711,7.998269880
1783619924.122473478,4.722260248,13.756568189,8.118623498
1783619924.124262094,4.599402007,13.668332626,8.242676121
1783619924.126032114,4.592211795,13.618076824,8.234478420
1783619924.129366636,4.586742297,13.577201992,8.225177628
1783619924.130975008,4.563667137,13.537376972,8.216816927
1783619924.132556915,4.457681417,13.446498763,8.333164567
1783619924.134094000,4.362590383,13.361563926,8.431079121
1783619924.135958910,4.258331750,13.276643317,8.523203193
1783619924.141946316,4.246414782,13.231594178,8.496544186
1783619924.143072367,4.196153071,13.100060424,8.424053986
1783619924.144145489,4.172495547,13.056704809,8.399294172
1783619924.146053553,4.074363928,12.966711292,8.470367426
1783619924.147494793,3.984787217,12.883537530,8.538180613
1783619924.149086714,3.961090676,12.832498488,8.496883308
1783619924.154256582,3.875869676,12.752988209,8.547269282
1783619924.155795336,3.805530187,12.594742724,8.435971252
1783619924.157628059,3.723231140,12.505895655,8.467660398
1783619924.159442425,3.634273660,12.405296106,8.486806903
1783619924.160789728,3.612381603,12.335656039,8.445512539
1783619924.167114973,3.524776218,12.227192663,8.463618923
1783619924.168369055,3.414523929,11.874717510,8.266974460
1783619924.169493437,3.381882744,11.768432002,8.215787422
1783619924.170861006,3.296922629,11.634425890,8.218606872
1783619924.172714233,3.219155185,11.496266435,8.204364770
1783619924.174254417,3.176135662,11.367204332,8.131205233
1783619924.179365396,3.094132741,11.207693803,8.098107648
1783619924.180936575,3.008521765,10.921660786,7.949507570
1783619924.182447433,2.958035772,10.775108255,7.879264964
1783619924.184123516,2.874852837,10.604331287,7.829723839
1783619924.185957670,2.804666684,10.438269717,7.765186003
1783619924.187531233,2.726335651,10.270165086,7.706522426
1783619924.191904306,2.674576780,10.103781823,7.613974179
1783619924.192956448,2.566553874,9.753112663,7.433271819
1783619924.194296122,2.504104171,9.578947566,7.347249951
1783619924.195952892,2.435969808,9.401020007,7.261251429
1783619924.197686195,2.371276474,9.220792738,7.174191858
1783619924.199263811,2.310849991,9.062692427,7.096011318
1783619924.203629971,2.243581552,8.887154496,7.019122608
1783619924.204760551,2.068279350,8.390343803,6.787004270
1783619924.205953836,2.019787887,8.234517117,6.710868120
1783619924.207657576,1.964910830,8.083036352,6.630523053
1783619924.209391594,1.916095326,7.933500423,6.552377645
1783619924.210807085,1.877047577,7.793370008,6.462657598
1783619924.212627411,1.833145534,7.658525381,6.372441236
1783619924.216942072,1.781109612,7.521669568,6.300278867
1783619924.218059301,1.690122324,7.261268812,6.158023170
1783619924.219228983,1.640726860,7.138289941,6.093396476
1783619924.220849276,1.624789184,7.025270657,6.008192215
1783619924.222652674,1.604962196,6.916837061,5.916159542
1783619924.224227428,1.578637421,6.821129277,5.826588246
1783619924.229391098,1.536703642,6.703500984,5.755676173
1783619924.230942011,1.467028645,6.488545690,5.609835949
1783619924.232546568,1.455687359,6.385294232,5.510223320
1783619924.234112501,1.426803389,6.292814181,5.416350436
1783619924.235874176,1.399819901,6.185270038,5.342524619
1783619924.241854429,1.373762399,6.090504340,5.246399841
1783619924.242917776,1.217041027,5.665734241,4.943653571
1783619924.244211912,1.175113706,5.554179691,4.859178866
1783619924.245867014,1.157908595,5.468524899,4.770506236
1783619924.247586489,1.140908359,5.375233257,4.686074264
1783619924.249136209,1.102796775,5.286439491,4.598534477
1783619924.250980854,1.056197212,5.184558407,4.533620492
1783619924.254321575,1.018258982,5.091165567,4.474016519
1783619924.255890846,0.986424134,4.989363185,4.413604766
1783619924.257452965,0.963668384,4.900776518,4.322048569
1783619924.259477854,0.938261551,4.831149978,4.249160975
1783619924.260772705,0.904942896,4.737162925,4.191411945
1783619924.266623259,0.881999447,4.660940307,4.114617513
1783619924.267744780,0.753120064,4.416441061,3.975367991
1783619924.269200802,0.727258734,4.348132224,3.932848424
1783619924.270795345,0.710340390,4.290954590,3.870170326
1783619924.272617102,0.692097651,4.234198642,3.801070171
1783619924.274158001,0.672343619,4.185013445,3.746745769
1783619924.279327154,0.633376860,4.117034172,3.698958804
1783619924.280940056,0.541913765,3.926745329,3.561930676
1783619924.282581329,0.533007233,3.884654333,3.503311112
1783619924.284104347,0.514724916,3.841473919,3.446912257
1783619924.285941601,0.504333522,3.807650239,3.388316131
1783619924.291934729,0.480709311,3.751983358,3.352070613
1783619924.293064833,0.415189072,3.589006054,3.235262211
1783619924.294144869,0.408146218,3.554998550,3.224308127
1783619924.296108723,0.409517159,3.536257979,3.185303433
1783619924.297632933,0.417775177,3.520446465,3.153943580
1783619924.299227953,0.420028929,3.500609630,3.142527696
1783619924.304283619,0.425514076,3.488439570,3.116775581
1783619924.305838108,0.427630923,3.455339806,3.102163725
1783619924.307601929,0.443690918,3.448675576,3.080223878
1783619924.309464693,0.449052528,3.443652886,3.057559921
1783619924.310805082,0.453576798,3.429800609,3.060083687
1783619924.317009926,0.462091617,3.426910355,3.036828103
1783619924.318231106,0.450877047,3.382476021,3.016271169
1783619924.319347382,0.442935561,3.369687212,3.005499287
1783619924.320931911,0.463805463,3.371593919,2.984973281
1783619924.322516203,0.481449768,3.374191735,2.964422038
1783619924.324291706,0.493801206,3.372730967,2.937566571
1783619924.326505184,0.496907354,3.365314267,2.923494281
1783619924.327485800,0.497371539,3.346832299,2.912815436
1783619924.329384089,0.492004453,3.332923310,2.896537520
1783619924.331057549,0.496420850,3.321746783,2.879146859
1783619924.332464933,0.501280062,3.313816756,2.856214414
1783619924.334235191,0.512652862,3.315792218,2.831722540
1783619924.335859776,0.516444290,3.303589867,2.813844542
1783619924.341983795,0.520039515,3.297495807,2.793082489
1783619924.343174219,0.500042122,3.251215410,2.757076520
1783619924.344296694,0.492571777,3.231862031,2.745703568
1783619924.346003771,0.492219496,3.225070329,2.719210790
1783619924.347566843,0.482682083,3.205791340,2.710750540
1783619924.349155188,0.487498377,3.198102353,2.682479891
1783619924.354248285,0.484136860,3.183661953,2.665700963
1783619924.355770826,0.470730322,3.138963343,2.629210741
1783619924.357534409,0.474449954,3.124273663,2.598264915
1783619924.359570742,0.469517564,3.102779802,2.576457176
1783619924.360860825,0.463736352,3.088677855,2.554960031
1783619924.367098808,0.459495889,3.069155973,2.533074646
1783619924.368363142,0.428987988,2.993581516,2.479476312
1783619924.369479895,0.421110047,2.974097979,2.468843941
1783619924.370827198,0.421718489,2.961860747,2.453653521
1783619924.372619629,0.421389121,2.953143693,2.432008589
1783619924.374179125,0.418592875,2.937531106,2.420718455
1783619924.379437208,0.416453162,2.933017707,2.407353713
1783619924.380851507,0.414852154,2.914197960,2.391091373
1783619924.382532358,0.421044821,2.905115824,2.377242532
1783619924.384295702,0.426703282,2.907966448,2.357387751
1783619924.385923386,0.429677728,2.902436486,2.347764610
1783619924.389303207,0.442739842,2.904613434,2.335568239
1783619924.392012596,0.437700127,2.890269848,2.333797218
1783619924.393142700,0.438874855,2.877530257,2.327202693
1783619924.394241095,0.443324049,2.866951527,2.327638352
1783619924.395911932,0.460282336,2.876266921,2.313539570
1783619924.397614002,0.469361971,2.883630118,2.297587315
1783619924.399152994,0.473484342,2.878536721,2.298176474
1783619924.404282808,0.485982368,2.887906352,2.282195065
1783619924.405962706,0.486547855,2.888567261,2.284984133
1783619924.407582283,0.504749075,2.902403648,2.269572651
1783619924.409496784,0.519704878,2.909131239,2.251821558
1783619924.410803318,0.522724377,2.916597694,2.261664218
1783619924.416991949,0.546438320,2.934600131,2.250933080
1783619924.418311119,0.563751140,2.956162732,2.264349588
1783619924.419433117,0.571094952,2.970778900,2.273478787
1783619924.420892000,0.593809005,2.996106141,2.260266160
1783619924.422492743,0.604677389,2.999867579,2.265799668
1783619924.424248219,0.623906457,3.028999684,2.260786248
1783619924.429302454,0.644577761,3.057266833,2.253160496
1783619924.430865288,0.673891157,3.115251725,2.291540322
1783619924.432499647,0.692960448,3.143003352,2.281138909
1783619924.434163570,0.720646465,3.174747414,2.275232045
1783619924.435874701,0.724089258,3.191001792,2.286261967
1783619924.441880941,0.748911571,3.225778420,2.281475806
1783619924.442941189,0.780709328,3.301481565,2.312243575
1783619924.444235086,0.780669587,3.319121425,2.322115794
1783619924.445816755,0.800504371,3.342620751,2.305031153
1783619924.447622538,0.823792933,3.376524626,2.302293254
1783619924.449231386,0.841785043,3.399405227,2.290364157
1783619924.450917482,0.856967651,3.427826131,2.308107571
1783619924.454363108,0.867345177,3.457089962,2.321563341
1783619924.455926180,0.880681866,3.485413275,2.342179756
1783619924.457552195,0.902219748,3.523979831,2.348396733
1783619924.459182978,0.928912540,3.564971502,2.348847363
1783619924.460835218,0.943978366,3.600866704,2.376981994
1783619924.465739012,0.966586522,3.653412805,2.377889266
1783619924.466918945,1.008959137,3.785996293,2.418646371
1783619924.468140125,1.024272288,3.836011012,2.435986067
1783619924.469249725,1.041276479,3.893625093,2.455147682
1783619924.470829487,1.067540930,3.951259875,2.457202260
1783619924.472567797,1.089370577,4.006327801,2.467852805
1783619924.474093914,1.115605402,4.073258039,2.463199446
1783619924.479418278,1.131215353,4.137985157,2.474548335
1783619924.480830908,1.155523575,4.263347503,2.489222666
1783619924.482588053,1.181147991,4.345252060,2.487625329
1783619924.484110117,1.193331227,4.405971324,2.493424822
1783619924.485869169,1.210541447,4.470839206,2.494567116
1783619924.492093086,1.231636429,4.553724137,2.493137472
1783619924.493301153,1.325509931,4.872688922,2.532864902
1783619924.494397163,1.352744900,4.958092872,2.547220790
1783619924.495918989,1.384755502,5.037121605,2.545667153
1783619924.499234676,1.396604476,5.118670925,2.579728823
1783619924.504360676,1.433247544,5.199512795,2.588281179
1783619924.505782843,1.554332670,5.428738462,2.617107194
1783619924.507555008,1.572196027,5.503976885,2.633937579
1783619924.509550810,1.597460590,5.582469426,2.648024662
1783619924.510885477,1.629722473,5.647469178,2.663276368
1783619924.517103195,1.648334910,5.722782336,2.680947412
1783619924.518508673,1.807877454,5.999139932,2.708797416
1783619924.519676685,1.851496608,6.067300977,2.717378631
1783619924.520861149,1.893740067,6.137480798,2.734997614
1783619924.522547007,1.902067162,6.203136391,2.774404522
1783619924.524152994,1.910794356,6.281881404,2.823882903
1783619924.525886297,1.933721150,6.355094201,2.866273178
1783619924.529639482,1.977921841,6.437601173,2.891963735
1783619924.531263113,2.017792804,6.522340654,2.929531652
1783619924.532561302,2.072180987,6.616726534,2.954923132
1783619924.534113884,2.099139131,6.710312817,3.002839028
1783619924.535792589,2.147888630,6.808714695,3.042530279
1783619924.537616014,2.179568230,6.900102196,3.085685832
1783619924.541886091,2.199528856,7.002065202,3.157803306
1783619924.543009281,2.385318397,7.327992754,3.183791421
1783619924.544269085,2.436755700,7.444187025,3.221746937
1783619924.545978785,2.478574150,7.555635108,3.261443421
1783619924.547810316,2.515328944,7.687642281,3.333935372
1783619924.549333096,2.568460853,7.825890295,3.387491120
1783619924.550936937,2.592612218,7.966563091,3.485759211
1783619924.552570820,2.632664073,8.130660375,3.578714101
1783619924.554388523,2.706746539,8.299591619,3.633835397
1783619924.555965185,2.771059870,8.473909999,3.715001293
1783619924.557501793,2.814727916,8.652987941,3.810093909
1783619924.559218407,2.897975786,8.842039199,3.878047932
1783619924.560854912,2.940365812,9.020034066,3.989564232
1783619924.567070007,3.008823213,9.204314850,4.082302443
1783619924.568519592,3.310553074,9.739554139,4.238487144
1783619924.569756269,3.410108485,9.908212366,4.282026470
1783619924.570963621,3.514529411,10.066694739,4.323140195
1783619924.572572470,3.555605056,10.213992280,4.420904588
1783619924.574231625,3.601794045,10.347008160,4.509121420
1783619924.575831413,3.673987942,10.493360768,4.568460552
1783619924.579547882,3.730075086,10.619515942,4.629042175
1783619924.581030369,3.791842009,10.749930411,4.713037461
1783619924.582553387,3.866690791,10.884980224,4.767376846
1783619924.584189653,3.900463602,10.995232297,4.879661263
1783619924.585962534,3.915079069,11.097427369,4.991391894
1783619924.587450981,3.943364019,11.195894165,5.096777014
1783619924.592028379,4.016087747,11.299473820,5.153637815
1783619924.593440294,4.208434759,11.589999105,5.338434551
1783619924.594669342,4.273033978,11.667284556,5.381055181
1783619924.596144438,4.329300582,11.730676619,5.418607598
1783619924.597771406,4.328392006,11.785977201,5.527612268
1783619924.599333286,4.378602216,11.826272961,5.555034180
1783619924.601029158,4.360044393,11.856224223,5.652661687
1783619924.602442980,4.367130495,11.866684509,5.715550985
1783619924.604505539,4.393284253,11.878998783,5.727269149
1783619924.606068373,4.382439597,11.882629250,5.772201132
1783619924.607540369,4.372102426,11.855444137,5.824682025
1783619924.609214067,4.350406715,11.839537639,5.857414789
1783619924.610917330,4.292093437,11.792042865,5.925362994
1783619924.612698793,4.275077582,11.747842180,5.962977258
1783619924.616973877,4.272969120,11.702275175,5.949028864
1783619924.618373394,4.223174175,11.643130029,5.968445123
1783619924.619650126,4.210338511,11.580578655,5.948351605
1783619924.620908260,4.195992046,11.516317010,5.929537880
1783619924.622664213,4.110434866,11.433798852,5.976400184
1783619924.624368906,4.020329432,11.346257899,6.023204314
1783619924.625771523,3.987408366,11.281624601,6.001869767
1783619924.629497766,3.928508721,11.193737357,6.016776036
1783619924.630969763,3.827480516,11.077293928,6.024856070
1783619924.632528782,3.804031237,11.029973190,6.018543719
1783619924.634202719,3.718668521,10.973223906,6.093233209
1783619924.635846615,3.642304458,10.927142383,6.170251468
1783619924.637626171,3.598264161,10.877861895,6.216718496
1783619924.641967297,3.582146604,10.852626126,6.212705262
1783619924.643232584,3.506659569,10.780490387,6.200791214
1783619924.644381762,3.495281091,10.765617735,6.192158423
1783619924.646087170,3.449535366,10.720253399,6.235990619
1783619924.647788048,3.404122929,10.699691505,6.237865345
1783619924.649240971,3.360439611,10.651268144,6.285143858
1783619924.650862694,3.328060245,10.622424102,6.289391038
1783619924.654593229,3.281301149,10.580889985,6.318068528
1783619924.656007528,3.241190496,10.558261983,6.326553078
1783619924.657636881,3.223042224,10.534229501,6.308136270
1783619924.659158468,3.157142592,10.494369436,6.371868750
1783619924.660821199,3.110884789,10.454230616,6.420803002
1783619924.662941217,3.078554142,10.432271839,6.424903118
1783619924.664293051,3.039832728,10.391427740,6.469089615
1783619924.666918993,3.037672280,10.371059162,6.456951074
1783619924.668289185,3.003986149,10.329855254,6.441645935
1783619924.669698715,2.999261511,10.310103808,6.425190791
1783619924.671061277,2.992828464,10.290894662,6.412368354
1783619924.672556162,2.935628352,10.239865204,6.459316549
1783619924.674121857,2.893231201,10.184073907,6.487713861
1783619924.675905704,2.839570383,10.123989344,6.527164686
1783619924.679393291,2.825918256,10.086382245,6.499837649
1783619924.681088686,2.799073181,10.046063650,6.486849168
1783619924.682558298,2.758818095,9.981427034,6.500734829
1783619924.684144735,2.732180833,9.932655298,6.474685919
1783619924.685890198,2.680434501,9.863224536,6.491932299
1783619924.692089081,2.637897346,9.795922370,6.497150577
1783619924.693242788,2.536111739,9.563195549,6.345456074
1783619924.694315434,2.513196774,9.493776210,6.305230912
1783619924.696030855,2.459228169,9.412474171,6.310532793
1783619924.697542906,2.436992794,9.334975316,6.267502466
1783619924.699148893,2.382974790,9.239850613,6.264009196
1783619924.704267502,2.342077097,9.146861051,6.252201669
1783619924.705815077,2.284884854,8.963106254,6.154073399
1783619924.707609892,2.240652260,8.851805836,6.142150112
1783619924.709421396,2.197833070,8.741532302,6.120390832
1783619924.710955143,2.166548139,8.635951705,6.070679715
1783619924.716999292,2.131548428,8.524076832,6.037222241
1783619924.718257904,2.000713737,8.061560185,5.813006215
1783619924.719399214,1.965001724,7.940478369,5.752148921
1783619924.722592831,1.911116514,7.792284118,5.724511585
1783619924.727293730,1.871986382,7.656934097,5.662677666
1783619924.728364229,1.751858328,7.265414315,5.437512553
1783619924.729426622,1.700020081,7.125858494,5.368160382
1783619924.730952263,1.653034265,6.991072134,5.309295588
1783619924.732570410,1.610792285,6.853744265,5.253188545
1783619924.734125376,1.569447906,6.716646916,5.181905766
1783619924.742023230,1.533344633,6.585636650,5.126314722
1783619924.743349552,1.379618121,6.098012920,4.879008438
1783619924.744506359,1.342898766,5.990255660,4.816477265
1783619924.746062040,1.308989333,5.879719796,4.741471511
1783619924.747510910,1.281618771,5.762331817,4.682233708
1783619924.749308109,1.258137762,5.651285545,4.613159093
1783619924.754327774,1.232554423,5.543826406,4.534961248
1783619924.755855560,1.162641348,5.325999294,4.401117934
1783619924.757642984,1.143331510,5.217471364,4.336170451
1783619924.759546518,1.114384032,5.126625581,4.257136040
1783619924.760869503,1.090927639,5.023682805,4.192641922
1783619924.766970158,1.069156732,4.934444483,4.118492223
1783619924.768162489,0.942960509,4.562516347,3.878931955
1783619924.769273996,0.910981825,4.474054083,3.814048696
1783619924.770853758,0.898456822,4.388451256,3.742334562
1783619924.774585009,0.897246324,4.318840628,3.662407580
1783619924.775817156,0.864796391,4.242704700,3.605932068
1783619924.779419184,0.837437394,4.159109341,3.541393371
1783619924.781092882,0.785373853,3.997578451,3.419399199
1783619924.782513618,0.767074944,3.928739748,3.352054600
1783619924.784297943,0.751788004,3.852392561,3.278549906
1783619924.785972118,0.730538631,3.774299707,3.216446352
1783619924.789311409,0.708753722,3.702323453,3.149699891
1783619924.791914701,0.653271093,3.547385650,3.043564268
1783619924.792968988,0.604857917,3.394865792,2.934168650
1783619924.794271708,0.582132031,3.318945332,2.880094766
1783619924.795979500,0.574918907,3.252696737,2.818025671
1783619924.797685385,0.569345885,3.189977978,2.765573157
1783619924.799234629,0.558340307,3.133253159,2.709985435
1783619924.804368734,0.538184156,3.064656758,2.662879552
1783619924.805964231,0.512391359,2.942186859,2.583314125
1783619924.807453632,0.504527880,2.890932426,2.532610208
1783619924.809101582,0.496483917,2.832570358,2.496375066
1783619924.810769081,0.496494313,2.778729881,2.444680890
1783619924.812536716,0.491634766,2.731087735,2.398980874
1783619924.817006588,0.478311739,2.685793657,2.374477192
1783619924.818168163,0.433959631,2.544402274,2.270329196
1783619924.819299459,0.415415728,2.497295859,2.233950721
1783619924.820926428,0.410995851,2.465985670,2.196382235
1783619924.822504282,0.398234353,2.437459219,2.167527137
1783619924.824277163,0.392885816,2.408571259,2.135101845
1783619924.829340935,0.375968190,2.383403364,2.113505337
1783619924.830914021,0.344535892,2.333867521,2.072917040
1783619924.832574129,0.337191545,2.320540759,2.047525360
1783619924.834144115,0.326395922,2.299404265,2.016404979
1783619924.835852861,0.313484967,2.284320531,2.001772465
1783619924.841894627,0.304150613,2.258185264,1.970388430
1783619924.843005896,0.265539763,2.197949316,1.921660836
1783619924.844310522,0.252057834,2.176856101,1.906639381
1783619924.846046686,0.243306781,2.160272653,1.883940334
1783619924.847443819,0.235296011,2.139881036,1.859576730
1783619924.849241018,0.231072078,2.123936391,1.841306316
1783619924.850985050,0.217307616,2.100730148,1.824695088
1783619924.854353189,0.208118647,2.076952101,1.812586024
1783619924.855920792,0.188336001,2.038257456,1.791437077
1783619924.857460260,0.186860922,2.015440714,1.771331298
1783619924.859481573,0.187584464,1.997729843,1.752287617
1783619924.860773087,0.182095270,1.982136771,1.737080846
1783619924.866574287,0.181632161,1.970410710,1.721383245
1783619924.867592573,0.171743336,1.916678098,1.683085854
1783619924.869261742,0.171657132,1.903516863,1.675911135
1783619924.870829582,0.173838455,1.885595388,1.654715149
1783619924.872608900,0.181765282,1.876295464,1.641128112
1783619924.879464865,0.183309547,1.867006398,1.627191814
1783619924.881055117,0.182032047,1.819869738,1.585371890
1783619924.882760048,0.187211827,1.813407162,1.576832146
1783619924.884119511,0.186100621,1.801454160,1.568088825
1783619924.885896206,0.191598249,1.797159923,1.562979304
1783619924.891945362,0.191332595,1.788104179,1.549693963
1783619924.893004656,0.199008808,1.754913311,1.550713517
1783619924.894300222,0.201817534,1.745247944,1.548267257
1783619924.896029711,0.210171320,1.737413080,1.547086542
1783619924.899477720,0.213935533,1.731579600,1.533410901
1783619924.901106596,0.219152803,1.728802231,1.533820704
1783619924.902632952,0.223721045,1.721676278,1.527226263
1783619924.904358864,0.220413621,1.717197935,1.528832585
1783619924.906376362,0.217914143,1.713098762,1.526492704
1783619924.908033133,0.217232741,1.707483196,1.521699676
1783619924.909756660,0.211479422,1.707797696,1.521084830
1783619924.911466837,0.216164724,1.711041338,1.514401603
1783619924.913403273,0.211573832,1.717639248,1.515000332
1783619924.915122032,0.206768429,1.717915523,1.513661975
1783619924.916310310,0.196098701,1.720217449,1.506550934
1783619924.919266939,0.194981704,1.733988751,1.497852741
1783619924.920835018,0.196946086,1.737661166,1.487012768
1783619924.922625542,0.194248333,1.747260234,1.481082363
1783619924.929377794,0.198109601,1.759271889,1.469682889
1783619924.931068182,0.172513790,1.759548298,1.466874993
1783619924.932482719,0.171212384,1.772079112,1.453386714
1783619924.934305429,0.171590856,1.778353041,1.444566940
1783619924.935757875,0.161113244,1.776309584,1.445617331
1783619924.941846609,0.163603075,1.785404899,1.431427638
1783619924.942903996,0.143793427,1.787072848,1.425845490
1783619924.944203854,0.141514274,1.781810269,1.427742007
1783619924.946084976,0.150830806,1.788834046,1.412279049
1783619924.947677374,0.155450194,1.794281539,1.394053554
1783619924.949248791,0.152290723,1.794382912,1.400885192
1783619924.954289913,0.163242835,1.795962134,1.382870596
1783619924.955833912,0.161909100,1.791225772,1.386988269
1783619924.957620859,0.171407329,1.795102741,1.376541622
1783619924.959428310,0.189448928,1.795511018,1.369158463
1783619924.960753918,0.185441955,1.787992908,1.381517732
1783619924.966955185,0.200121143,1.794949734,1.373770759
1783619924.968137980,0.222732723,1.789414858,1.386194008
1783619924.969260216,0.227947946,1.789592602,1.384406272
1783619924.970846415,0.240189900,1.795924935,1.371507820
1783619924.972616196,0.249148534,1.805525682,1.364339212
1783619924.974157810,0.259821237,1.814567714,1.346075759
1783619924.975831985,0.261496220,1.812961957,1.348372631
1783619924.979377985,0.260756286,1.815452189,1.347596284
1783619924.980953455,0.259925937,1.814566032,1.350919456
1783619924.982602835,0.267669060,1.822217746,1.343693381
1783619924.984143496,0.274036881,1.832676986,1.331772936
1783619924.985827684,0.270351385,1.829464920,1.332564181
1783619924.991425514,0.283767536,1.846715182,1.327069527
1783619924.992538691,0.285315926,1.844822476,1.327635612
1783619924.994258404,0.283150143,1.840413076,1.326950845
1783619924.996025085,0.289375883,1.841632659,1.319862070
1783619924.997470140,0.289898516,1.844049097,1.318294912
1783619924.999258518,0.291117419,1.848771589,1.310079797
1783619925.004331827,0.299949590,1.853812395,1.293089249
1783619925.005854607,0.295410033,1.845604793,1.291767045
1783619925.007454395,0.295115397,1.846908700,1.281533029
1783619925.009528399,0.293492347,1.849975517,1.267545507
1783619925.010826111,0.292530497,1.847909131,1.268808220
1783619925.016927242,0.289920609,1.854191571,1.260145065
1783619925.018075228,0.276147906,1.843686066,1.259185555
1783619925.019172192,0.272169355,1.837854252,1.258620219
1783619925.020976543,0.275645364,1.841942142,1.253410053
1783619925.022571325,0.279139927,1.846308689,1.253489956
1783619925.029494047,0.284088862,1.842639205,1.241260022
1783619925.030872345,0.274851953,1.824514098,1.238213632
1783619925.032628775,0.275902761,1.823391275,1.229602423
1783619925.034202099,0.274268586,1.816334656,1.222873153
1783619925.035771132,0.276845917,1.818023037,1.225290258
1783619925.042006016,0.279647039,1.821214256,1.223572315
1783619925.043329000,0.282340228,1.804178593,1.226540367
1783619925.044481039,0.279878579,1.800826214,1.223853479
1783619925.046167850,0.285303001,1.803334279,1.215975902
1783619925.047681808,0.291315534,1.793348127,1.216604107
1783619925.049295902,0.290210980,1.786655693,1.212108045
1783619925.050845861,0.294239213,1.789840831,1.206342723
1783619925.053350687,0.292050005,1.784910816,1.200772603
1783619925.054531813,0.294244985,1.790505298,1.202285133
1783619925.057543516,0.288380454,1.789213685,1.198052796
1783619925.059471369,0.291450073,1.783720665,1.191355020
1783619925.060856104,0.290404126,1.782480360,1.190365680
1783619925.062542439,0.291646686,1.788756879,1.190626061
1783619925.066926718,0.289304183,1.786146682,1.188465994
1783619925.068085909,0.280241392,1.785573137,1.180039789
1783619925.069232225,0.275613036,1.781057292,1.171688098
1783619925.070879936,0.274639006,1.780897999,1.172614954
1783619925.079487801,0.277553424,1.789669479,1.161563657
1783619925.080920458,0.268904945,1.776457853,1.147172972
1783619925.082678795,0.268938628,1.780877401,1.145133174
1783619925.084255695,0.260834864,1.773447533,1.143578989
1783619925.085848808,0.258184627,1.765525985,1.134496083
1783619925.091850042,0.255779277,1.772118336,1.138555888
1783619925.092891932,0.242106989,1.764321798,1.128297926
1783619925.094208241,0.241779188,1.761375184,1.130927808
1783619925.095964670,0.235020116,1.760096063,1.127143330
1783619925.097650766,0.238977264,1.756622419,1.124940457
1783619925.099237919,0.238901244,1.751364458,1.119283713
1783619925.104362726,0.241574530,1.747263144,1.122349553
1783619925.105998516,0.242130197,1.725401198,1.116238342
1783619925.107569218,0.234452592,1.716300123,1.111500637
1783619925.109491110,0.236433684,1.719562358,1.108385187
1783619925.110795259,0.236716940,1.708804082,1.105231742
1783619925.115612507,0.240300574,1.702265389,1.104815442
1783619925.116771460,0.239611526,1.679789285,1.094662099
1783619925.117761850,0.239924691,1.679878882,1.091588087
1783619925.119280100,0.237967161,1.673782232,1.092712821
1783619925.120910406,0.242088618,1.668901815,1.091870639
1783619925.122472763,0.240866572,1.663436586,1.094443502
1783619925.124253511,0.244685699,1.655608270,1.096029343
1783619925.129374504,0.247797773,1.653437033,1.088936251
1783619925.131038666,0.248880522,1.643471130,1.090944902
1783619925.132462502,0.252742955,1.636502204,1.086142018
1783619925.134250402,0.253691972,1.640829904,1.080795771
1783619925.135928392,0.244099829,1.633847785,1.081178869
1783619925.141892195,0.249226047,1.626641370,1.075826600
1783619925.142982721,0.244383612,1.615510007,1.069562034
1783619925.144273281,0.242372396,1.618798067,1.076129397
1783619925.145897388,0.241963736,1.617269562,1.071002840
1783619925.147562265,0.241742993,1.613330701,1.069730806
1783619925.149383307,0.238906107,1.617426560,1.067627042
1783619925.150785685,0.240420868,1.619376866,1.066572057
1783619925.155930996,0.243085982,1.612834532,1.060527568
1783619925.157450914,0.240299740,1.614043988,1.062614122
1783619925.159526587,0.238430434,1.611142639,1.059382707
1783619925.160906076,0.237506655,1.611328397,1.061542022
1783619925.162678003,0.235804862,1.600374922,1.050633396
1783619925.166985273,0.235916544,1.603055014,1.054083171
1783619925.168141603,0.230268046,1.593790343,1.046875924
1783619925.169250488,0.228091426,1.591879292,1.040633435
1783619925.170827627,0.231377898,1.591905136,1.041296444
1783619925.172635078,0.226375956,1.583962028,1.037515809
1783619925.174174786,0.226275463,1.578926362,1.031019376
1783619925.177026510,0.224148555,1.576288606,1.028762045
1783619925.178282499,0.222137553,1.571820440,1.024950702
1783619925.179378986,0.219059455,1.563978115,1.019307978
1783619925.180925846,0.220555860,1.562437313,1.012803513
1783619925.184253931,0.219881183,1.556592092,1.010662424
1783619925.185924053,0.218016695,1.555576077,1.008008177
1783619925.191941261,0.216747981,1.547960754,1.004559111
1783619925.193064690,0.217835579,1.538642100,1.003184255
1783619925.194143295,0.221725066,1.538967125,1.005786551
1783619925.195874929,0.221127223,1.539044456,1.006573324
1783619925.197570801,0.221719323,1.534502988,1.001395480
1783619925.204399586,0.222033866,1.539943269,1.005727297
1783619925.205854177,0.221958486,1.535568973,1.000845631
1783619925.207507610,0.222733794,1.529738694,1.000675494
1783619925.209110737,0.222640213,1.530016425,0.998010805
1783619925.210837364,0.226536436,1.532052309,0.996859999
1783619925.217025995,0.231303115,1.529821379,0.992545065
1783619925.218230009,0.231661837,1.525571768,0.992510359
1783619925.219350576,0.231892721,1.520211117,0.985371184
1783619925.220931768,0.228786209,1.518196618,0.994470798
1783619925.222458363,0.229999928,1.525148762,0.992760391
1783619925.229542017,0.230194482,1.521324433,0.993998477
1783619925.230936289,0.230238885,1.524214223,0.997166833
1783619925.232649803,0.229754090,1.520245392,0.991170669
1783619925.234223366,0.231042361,1.515674622,0.992535512
1783619925.235784054,0.229390751,1.515340384,0.994088711
1783619925.242032290,0.229462928,1.520140033,0.988187191
1783619925.243120193,0.226349473,1.513736376,0.987196386
1783619925.244183540,0.226267329,1.513091215,0.985304382
1783619925.245991945,0.225751600,1.515234177,0.983812192
1783619925.247657299,0.224961190,1.512712432,0.983727654
1783619925.249197006,0.221282176,1.510102021,0.982379956
1783619925.253084660,0.225851288,1.516600589,0.981453249
1783619925.254162312,0.225387884,1.507703542,0.984207869
1783619925.255918026,0.222260617,1.509196589,0.988951407
1783619925.257491112,0.228279188,1.507405625,0.985452848
1783619925.259495497,0.230750072,1.507432218,0.984138521
1783619925.260824442,0.226757562,1.504021779,0.982357865
1783619925.266902685,0.221807291,1.500261611,0.979534223
1783619925.268074751,0.224430034,1.484523998,0.962024435
1783619925.269399166,0.221044070,1.480923171,0.959787681
1783619925.272460461,0.217956333,1.472801138,0.956978872
1783619925.279449463,0.215902547,1.470219144,0.955182658
1783619925.280831575,0.209142520,1.456814414,0.942282558
1783619925.282512188,0.206343700,1.449970583,0.934685158
1783619925.284103870,0.203312568,1.448102137,0.928987998
1783619925.285925150,0.201504654,1.439207460,0.924244441
1783619925.291867971,0.200925088,1.441449909,0.920512248
1783619925.292937756,0.195192928,1.412004984,0.908484986
1783619925.294251204,0.195094682,1.408159237,0.904214834
1783619925.296008110,0.193525062,1.405864576,0.906538228
1783619925.297644138,0.188321047,1.396850856,0.904722879
1783619925.299223423,0.188345813,1.396843034,0.901984161
1783619925.304343700,0.190871149,1.392816462,0.905138026
1783619925.305946112,0.185005307,1.383846211,0.895586570
1783619925.307534218,0.181768471,1.375576637,0.891203277
1783619925.309501648,0.186460808,1.378378230,0.891117852
1783619925.310839891,0.181520141,1.376110102,0.887505689
1783619925.314766884,0.184149334,1.370318686,0.882316570
1783619925.315959454,0.177749030,1.362825413,0.878751139
1783619925.317584991,0.175963056,1.363206046,0.873260601
1783619925.319243908,0.177214196,1.362224983,0.874054246
1783619925.320814610,0.173128853,1.360322957,0.875024860
1783619925.322488308,0.174131564,1.356402930,0.873101545
1783619925.329380751,0.173146273,1.358784432,0.874871727
1783619925.331026793,0.170175835,1.352383531,0.874508872
1783619925.332659006,0.173002753,1.349583628,0.874886063
1783619925.334212542,0.176217502,1.349516152,0.878655720
1783619925.335878372,0.173898846,1.346643188,0.877071650
1783619925.341849089,0.174191750,1.344578248,0.870433255
1783619925.342905283,0.180175502,1.337264701,0.866646027
1783619925.344186783,0.176556968,1.337124135,0.867037791
1783619925.345957994,0.174568292,1.331852711,0.861976073
1783619925.347476721,0.179170441,1.339145722,0.864812252
1783619925.349287987,0.175872575,1.328714888,0.855995554
1783619925.354318380,0.178187005,1.327333851,0.859745020
1783619925.355823755,0.172907329,1.320799920,0.853250244
1783619925.357593536,0.174488931,1.327965516,0.852103478
1783619925.359580517,0.172515811,1.321478461,0.849655490
1783619925.360925198,0.171314926,1.313988148,0.844641043
1783619925.362545967,0.165251050,1.310123960,0.837334016
1783619925.367053032,0.168556926,1.312621406,0.838867464
1783619925.368187428,0.168491988,1.307966361,0.842098321
1783619925.369293213,0.167698854,1.305071685,0.841964369
1783619925.370877266,0.166935031,1.303942191,0.842194214
1783619925.372654200,0.167091799,1.309252515,0.843532852
1783619925.374222517,0.171105690,1.305761226,0.841535243
1783619925.379398108,0.170542316,1.309487564,0.846212966
1783619925.381090403,0.170069967,1.309812591,0.848568243
1783619925.382481813,0.169633999,1.298274587,0.842942321
1783619925.384276390,0.167090509,1.299724041,0.845391654
1783619925.385913849,0.169875940,1.300943624,0.843864160
1783619925.390722513,0.166368102,1.297201157,0.839696578
1783619925.391734838,0.164159606,1.294921738,0.837655806
1783619925.392672539,0.162439812,1.293453535,0.835996528
1783619925.394309759,0.162897709,1.292619832,0.831181599
1783619925.397650003,0.163755136,1.286357478,0.834066852
1783619925.399187565,0.160645379,1.287575361,0.831580025
1783619925.404359579,0.162102984,1.284639413,0.830116961
1783619925.406004190,0.160876770,1.278056402,0.828081329
1783619925.407585382,0.161896777,1.282006650,0.831149607
1783619925.409497499,0.157255946,1.278485578,0.827337458
1783619925.410824060,0.158420837,1.276984474,0.828551249
1783619925.416932344,0.154102670,1.284289607,0.826555259
1783619925.418107510,0.149910642,1.273133532,0.834009268
1783619925.419204712,0.155052798,1.273549927,0.831537729
1783619925.422510147,0.152359128,1.273119190,0.831611621
1783619925.429516077,0.153100664,1.271185970,0.829026913
1783619925.430910110,0.147826356,1.264560458,0.824777702
1783619925.432609081,0.144930421,1.265489552,0.824982528
1783619925.434201717,0.145766202,1.259226297,0.833168261
1783619925.435975790,0.146929881,1.264978963,0.821223655
1783619925.441912174,0.144945405,1.264291340,0.821316086
1783619925.443028688,0.143970284,1.254976732,0.818966500
1783619925.445997000,0.147562329,1.254580578,0.819845959
1783619925.447585344,0.148610388,1.254781618,0.821158705
1783619925.449097633,0.145402023,1.248399019,0.816198903
1783619925.452441454,0.150590000,1.245673677,0.814326584
1783619925.454351902,0.149961380,1.242182555,0.818224563
1783619925.455981016,0.147918445,1.238105698,0.818296349
1783619925.457593203,0.152446595,1.240213316,0.816904332
1783619925.459507227,0.155180325,1.245431326,0.819028170
1783619925.460807323,0.154043671,1.244025700,0.818955473
1783619925.467019796,0.155595622,1.238369753,0.812028443
1783619925.468475103,0.158137381,1.235614042,0.815212806
1783619925.469693184,0.157754993,1.228512183,0.808625332
1783619925.470882177,0.160684838,1.233287027,0.809048460
1783619925.472590446,0.164951315,1.232098017,0.807607477
1783619925.474172115,0.163941090,1.226158259,0.802922604
1783619925.475825071,0.167655591,1.224792521,0.799822157
1783619925.479403496,0.166668083,1.223530339,0.802536680
1783619925.481091976,0.168677942,1.221279578,0.800958630
1783619925.482493162,0.165020292,1.217732727,0.802004628
1783619925.484137297,0.171169452,1.213226357,0.807468971
1783619925.485963106,0.166182026,1.212479649,0.806847862
1783619925.491894722,0.162108651,1.203219344,0.802331372
1783619925.492940903,0.158397010,1.192277040,0.799427450
1783619925.494246006,0.161699427,1.191465237,0.795515589
1783619925.496015787,0.163268006,1.182837128,0.795992675
1783619925.497648001,0.164885665,1.179506356,0.800750330
1783619925.499279499,0.168521465,1.181234682,0.797465760
1783619925.504295588,0.168750408,1.174645532,0.798448660
1783619925.505840063,0.174415606,1.173672521,0.793181415
1783619925.507605314,0.176877417,1.168275845,0.792661318
1783619925.509495974,0.180444615,1.168019919,0.795609759
1783619925.510811090,0.178790345,1.163303071,0.793644037
1783619925.513651848,0.177866006,1.160413355,0.797014850
1783619925.514741182,0.180619852,1.162033465,0.802918678
1783619925.517449617,0.180312688,1.158562383,0.804218727
1783619925.519145966,0.180524862,1.158103052,0.805594784
1783619925.520982981,0.185781812,1.158486278,0.806724486
1783619925.522591352,0.184491089,1.157739685,0.809032735
1783619925.529555321,0.183880909,1.151742848,0.809589049
1783619925.531112432,0.179728074,1.168047792,0.820710267
1783619925.532552958,0.178272255,1.168261724,0.818592967
1783619925.534097195,0.173210075,1.171267281,0.819622086
1783619925.535847187,0.178478295,1.174529994,0.823502165
1783619925.541951895,0.179716716,1.176920586,0.825997320
1783619925.543169737,0.170722275,1.179554840,0.825209229
1783619925.544292212,0.162813699,1.168948534,0.819860596
1783619925.545943737,0.166253735,1.171439852,0.823869473
1783619925.547581196,0.165026623,1.173847040,0.823022078
1783619925.549205542,0.166763840,1.172844146,0.823304385
1783619925.554397106,0.170412496,1.177291958,0.823766589
1783619925.555932999,0.170017576,1.177193400,0.820271296
1783619925.557546139,0.166856150,1.174061435,0.819854535
1783619925.559194088,0.164381814,1.177400130,0.821031846
1783619925.560902119,0.164665850,1.176632663,0.818567813
1783619925.567139387,0.163009629,1.176210299,0.817832727
1783619925.568424463,0.158133573,1.166717984,0.807161837
1783619925.569566250,0.157023555,1.169974616,0.807259512
1783619925.570964813,0.151575877,1.162542082,0.803191735
1783619925.572513103,0.151158865,1.158422455,0.799848426
1783619925.577076435,0.154897053,1.158917532,0.799069769
1783619925.578392267,0.154107515,1.150440482,0.793096143
1783619925.579594612,0.152587030,1.148719027,0.794188609
1783619925.580861092,0.151825117,1.143370072,0.790557072
1783619925.582799435,0.147351276,1.140954761,0.789675472
1783619925.584271431,0.144658186,1.140209678,0.787537704
1783619925.585844040,0.145804408,1.138631842,0.786774071
1783619925.587631226,0.142295344,1.134497462,0.780956756
1783619925.592010736,0.142661086,1.137834642,0.780933624
1783619925.593210220,0.140280124,1.126956970,0.774664661
1783619925.594304085,0.137813435,1.125961759,0.775285754
1783619925.595957756,0.136214127,1.120629760,0.772876908
1783619925.597648859,0.134266247,1.115786613,0.769145037
1783619925.599213123,0.135830026,1.114574245,0.768065920
1783619925.604377508,0.134092851,1.113895304,0.768061374
1783619925.605825186,0.134289217,1.109837122,0.772798812
1783619925.607641459,0.135872355,1.105499224,0.774739625
1783619925.609104633,0.137215542,1.100271853,0.775851364
1783619925.610771418,0.135677649,1.101767913,0.774205952
1783619925.617115259,0.139728738,1.099792112,0.781026590
1783619925.618305922,0.139126618,1.091132826,0.779183926
1783619925.619412899,0.140973273,1.093376872,0.779829501
1783619925.622606993,0.137072193,1.090757468,0.777042588
1783619925.624152660,0.137422531,1.096697980,0.775249963
1783619925.629461288,0.141410651,1.094651411,0.776106130
1783619925.630802393,0.136859483,1.102738091,0.781943453
1783619925.632507563,0.140412618,1.101688697,0.779277277
1783619925.634300947,0.141859804,1.101595914,0.781500652
1783619925.635965824,0.146655400,1.106702089,0.779568010
1783619925.638557196,0.146504546,1.102369522,0.777594116
1783619925.639541388,0.146357411,1.105289932,0.781327974
1783619925.641865015,0.146651350,1.097975701,0.775529176
1783619925.642981291,0.145096222,1.097073869,0.772526793
1783619925.644328594,0.146883936,1.099148111,0.773110160
1783619925.645947695,0.145729290,1.102340782,0.771324329
1783619925.647613287,0.144543541,1.101661623,0.770968369
1783619925.649164915,0.140102388,1.104016244,0.772434533
1783619925.653964520,0.140802163,1.106349532,0.762591363
1783619925.654972315,0.136715522,1.108766257,0.755841686
1783619925.656105280,0.133940392,1.109126259,0.754649025
1783619925.659539700,0.130250250,1.108588761,0.750428522
1783619925.660950184,0.128673344,1.106874933,0.749026261
1783619925.662506819,0.129205559,1.114538321,0.748895456
1783619925.666880608,0.123890010,1.104818676,0.739814701
1783619925.668012619,0.119848866,1.107738729,0.737170697
1783619925.670879602,0.118081833,1.112235053,0.736213563
1783619925.672619820,0.114725703,1.107603834,0.730217366
1783619925.679513216,0.112513030,1.108499012,0.727636809
1783619925.680908442,0.108369032,1.101267659,0.723741240
1783619925.682632685,0.108496480,1.107934981,0.722879364
1783619925.684181213,0.106927448,1.103882844,0.722641791
1783619925.685807943,0.104951505,1.103580503,0.719217319
1783619925.691855192,0.106875938,1.104900313,0.718187667
1783619925.692963600,0.100926525,1.095891754,0.722027048
1783619925.694263458,0.099884088,1.095414001,0.723753027
1783619925.696074724,0.098090087,1.094357107,0.729980213
1783619925.700206280,0.098684277,1.090317561,0.725872006
1783619925.701287985,0.101336829,1.096594814,0.729177487
1783619925.704524040,0.101429050,1.093911288,0.725618205
1783619925.705935478,0.100086440,1.092910551,0.725264388
1783619925.707565069,0.099869343,1.088468791,0.722914428
1783619925.709140778,0.100728501,1.086950077,0.722580127
1783619925.710805416,0.101859918,1.090375985,0.723419904
1783619925.715738058,0.101002016,1.090106657,0.722000539
1783619925.716835976,0.105223948,1.088061368,0.722743713
1783619925.717770100,0.103405577,1.086580840,0.721124575
1783619925.719195843,0.103197399,1.091807509,0.728535324
1783619925.722581625,0.103982761,1.092303645,0.723896150
1783619925.729526520,0.105027608,1.090748701,0.726627724
1783619925.731092930,0.105283259,1.083132773,0.716116009
1783619925.732675076,0.108328754,1.085737731,0.714896792
1783619925.734318495,0.111796848,1.086565007,0.716443373
1783619925.735893965,0.109424020,1.087166838,0.714709864
1783619925.737448931,0.109375394,1.086162477,0.716927076
1783619925.741883755,0.110664755,1.087849370,0.709969004
1783619925.742925882,0.107760153,1.085154382,0.708840223
1783619925.744241953,0.110752761,1.080576892,0.706810440
1783619925.746035337,0.111892835,1.080296191,0.709398457
1783619925.747870684,0.114695181,1.084172093,0.706052654
1783619925.749368191,0.113394816,1.078200575,0.709579205
1783619925.750858784,0.112946082,1.079619838,0.707506687
1783619925.754365921,0.115548849,1.079264490,0.711882474
1783619925.756007671,0.113639519,1.077821128,0.713405031
1783619925.757608414,0.114637959,1.072779116,0.710931982
1783619925.759485722,0.112609526,1.070808179,0.708427742
1783619925.760806322,0.111469034,1.069564889,0.714250438
1783619925.766959429,0.113206702,1.071267371,0.712546012
1783619925.768179893,0.107413459,1.062433022,0.710663858
1783619925.769314051,0.106835379,1.064836982,0.706734267
1783619925.770907640,0.101885403,1.061602883,0.705295409
1783619925.772500515,0.102911193,1.060693636,0.703522461
1783619925.774270773,0.099389262,1.061063935,0.699860449
1783619925.778080702,0.094098769,1.056101129,0.701961556
1783619925.779231787,0.099502299,1.059651908,0.704839048
1783619925.780859232,0.097234469,1.051292134,0.699977604
1783619925.782456398,0.094202666,1.054519908,0.696527415
1783619925.784113169,-0.033369170,1.086970324,0.811656136
1783619925.785768509,0.236974757,1.158699685,0.718892535
1783619925.791945934,0.168681524,1.168863036,0.615631006
1783619925.793073654,0.012743244,1.099253957,0.768231034
1783619925.794173717,0.092536240,1.113645542,0.702955659
1783619925.795946836,-0.027136627,1.123433183,0.802436451
1783619925.797593594,0.095784717,1.122874545,0.710151855
1783619925.804342508,0.001582737,1.117031633,0.803302893
1783619925.805794716,0.052613772,1.102265137,0.749356572
1783619925.807613134,0.042013010,1.101304466,0.739459092
1783619925.809520960,0.047102904,1.098284768,0.750960252
1783619925.810823441,0.053351186,1.097719160,0.733945090
1783619925.816924572,0.046448703,1.093944916,0.744332534
1783619925.818056345,0.053020701,1.086534397,0.732781523
1783619925.819145441,0.059717337,1.082560963,0.728920807
1783619925.820955038,0.060627628,1.082990102,0.733785921
1783619925.822517157,0.067587921,1.090924283,0.726987680
1783619925.829537153,0.068653303,1.078947773,0.729538033
1783619925.830909967,0.075246266,1.065045894,0.719614536
1783619925.832623482,0.074621170,1.063318188,0.712617096
1783619925.834170341,0.073421342,1.053662875,0.704110652
1783619925.835955381,0.073255091,1.044843966,0.699021460
1783619925.838601351,0.074283893,1.043120137,0.694072432
1783619925.839638948,0.077827411,1.033769359,0.686747566
1783619925.841907501,0.078265990,1.035002284,0.684396348
1783619925.842984438,0.075989407,1.029879689,0.681632685
1783619925.844304800,0.075099234,1.027657823,0.677550184
1783619925.845884085,0.075778839,1.029098597,0.674715836
1783619925.847562551,0.076346274,1.028889895,0.675711942
1783619925.854225397,0.077754249,1.026323259,0.677148304
1783619925.855970621,0.072734654,1.015336167,0.668507575
1783619925.857553720,0.073705481,1.020703589,0.671665743
1783619925.859084606,0.074199054,1.024203210,0.671120495
1783619925.860949993,0.075242515,1.017588738,0.670406964
1783619925.867028952,0.070229791,1.017287558,0.669840279
1783619925.868286848,0.068858134,1.006671388,0.665700580
1783619925.869480133,0.071892815,1.008930312,0.665631858
1783619925.870849133,0.074011512,1.006006610,0.667144238
1783619925.872648716,0.075650742,1.003837787,0.664883893
1783619925.874203920,0.075579677,1.001686955,0.663344833
1783619925.879536390,0.079383933,1.003646126,0.668972555
1783619925.880818367,0.082380448,1.009688213,0.665705031
1783619925.882526398,0.080269661,0.999200887,0.668463715
1783619925.884134293,0.081616527,1.005023065,0.670731597
1783619925.885909796,0.082034350,1.006918084,0.667464684
1783619925.891894102,0.085281912,1.006577521,0.671769015
1783619925.892927408,0.088215266,1.001201683,0.655414943
1783619925.894279480,0.085501334,0.994893424,0.661270602
1783619925.895781279,0.081440718,0.985647934,0.657276622
1783619925.899631977,0.076499357,0.989203015,0.662820888
1783619925.904344082,0.075858308,0.979440611,0.657316608
1783619925.905988693,0.072511835,0.963471891,0.642415330
1783619925.907572746,0.067636268,0.959907193,0.637454695
1783619925.909514189,0.062542648,0.948130205,0.637462511
1783619925.910830498,0.068097988,0.950715507,0.640140230
1783619925.915750742,0.065189086,0.945839128,0.632295060
1783619925.916830301,0.056502105,0.944233123,0.634318567
1783619925.917994022,0.059700154,0.940525740,0.633607367
1783619925.919145107,0.053342980,0.934038547,0.629163911
1783619925.920987129,0.052054490,0.928117127,0.621953523
1783619925.922622204,0.053626388,0.924663631,0.619962097
1783619925.924195766,0.053985647,0.925500812,0.625032083
1783619925.929478645,0.050718773,0.923882308,0.622551174
1783619925.930872440,0.049076741,0.926784089,0.620283737
1783619925.932595253,0.047482982,0.926991806,0.622928911
1783619925.934160471,0.049554127,0.932011603,0.620408763
1783619925.935931921,0.045664331,0.924940754,0.618421969
1783619925.941899776,0.050592276,0.927553177,0.617673122
1783619925.942979813,0.045718360,0.922484717,0.613599126
1783619925.944290161,0.045514593,0.918415223,0.608963767
1783619925.946073771,0.046559792,0.918746822,0.609698365
1783619925.949326277,0.044067249,0.913589874,0.606371650
1783619925.950932264,0.041445263,0.910941517,0.599554596
1783619925.954533815,0.041060043,0.907710323,0.601717118
1783619925.955978155,0.040630856,0.903070797,0.596106076
1783619925.957540751,0.037817565,0.903386788,0.593958535
1783619925.959087133,0.036622535,0.902423260,0.593623974
1783619925.960956573,0.037979078,0.905725487,0.593550416
1783619925.967057705,0.039362787,0.899994356,0.583944103
1783619925.968336582,0.025679748,0.885483944,0.581229551
1783619925.969447851,0.031546735,0.886389878,0.582933154
1783619925.972601175,0.026851577,0.883323947,0.579041602
1783619925.977005482,0.026812775,0.877285383,0.574085453
1783619925.978308916,0.018063044,0.867662967,0.568009020
1783619925.979380131,0.013757333,0.867622541,0.568499337
1783619925.980912447,0.017784484,0.859306500,0.562935301
1783619925.984236002,0.008773526,0.865645454,0.562213499
1783619925.985928297,0.008801893,0.865037066,0.562522921
1783619925.991920710,0.005921891,0.862879873,0.563477341
1783619925.993044615,-0.008495344,0.858487893,0.555793502
1783619925.995924711,-0.006241868,0.855451980,0.556975597
1783619925.997516394,-0.013165969,0.849928883,0.552050888
1783619926.004548311,-0.014283915,0.846961311,0.546752258
1783619926.005976200,-0.015655397,0.827837668,0.531962826
1783619926.007427931,-0.012019696,0.828090755,0.535707200
1783619926.009232283,-0.012649038,0.825433032,0.527795596
1783619926.010890007,-0.014710212,0.825006051,0.533317613
1783619926.017075300,-0.005707486,0.818467632,0.527610033
1783619926.018229485,-0.013978385,0.807737465,0.519372845
1783619926.019324541,-0.016415863,0.802421498,0.522548159
1783619926.020922899,-0.015020666,0.795280947,0.515354388
1783619926.022502661,-0.012061226,0.797788161,0.511526865
1783619926.029520512,-0.016947699,0.791755545,0.510511598
1783619926.030908585,-0.018562615,0.786505230,0.507095216
1783619926.032611132,-0.022398523,0.789398254,0.499976060
1783619926.034195900,-0.027170120,0.784748334,0.496479590
1783619926.035975456,-0.026071755,0.779346489,0.494122210
1783619926.038465023,-0.023905289,0.782811085,0.491312226
1783619926.039592505,-0.024683543,0.787622978,0.496450552
1783619926.041991234,-0.026410641,0.777371872,0.491157774
1783619926.043211699,-0.032421847,0.763532095,0.485752766
1783619926.044332981,-0.033225207,0.758190741,0.484982758
1783619926.045894623,-0.031514672,0.763612119,0.486562312
1783619926.047550201,-0.037140221,0.748948359,0.480846869
1783619926.054547548,-0.032263586,0.749591113,0.480606438
1783619926.056053638,-0.031596972,0.751440377,0.479375363
1783619926.057507277,-0.025169227,0.746752425,0.476997497
1783619926.059110403,-0.028362365,0.740169927,0.476670120
1783619926.060934305,-0.022473636,0.736114853,0.474322956
1783619926.062635899,-0.023601376,0.735541454,0.478004538
1783619926.066909790,-0.021712621,0.732075623,0.474462891
1783619926.068015814,-0.028814204,0.730169235,0.474037651
1783619926.071047783,-0.025042907,0.726968612,0.474124074
1783619926.072591782,-0.027718091,0.724539152,0.469820626
1783619926.079493523,-0.027118449,0.732333109,0.473963920
1783619926.080789089,-0.031059448,0.736759576,0.479673481
1783619926.082486629,-0.027013298,0.727288217,0.472654918
1783619926.084278584,-0.024786099,0.709197885,0.469544672
1783619926.085765362,-0.020522854,0.702887562,0.473505165
1783619926.092021227,-0.022294435,0.714578929,0.470090279
1783619926.093157291,-0.028901455,0.716091032,0.468921137
1783619926.094246864,-0.020961571,0.711114036,0.464250475
1783619926.097650290,-0.022852060,0.714655912,0.465743094
1783619926.101520777,-0.026241483,0.710392329,0.466758054
1783619926.102837801,-0.030790424,0.702167504,0.463026811
1783619926.104305506,-0.030348452,0.692852367,0.458939255
1783619926.105940819,-0.026191831,0.686567760,0.457073187
1783619926.107491493,-0.018742448,0.681279798,0.451150197
1783619926.109485626,-0.027119359,0.684391822,0.449277607
1783619926.110791683,-0.035341170,0.682855696,0.447946808
1783619926.116596937,-0.033177553,0.668977083,0.452638029
1783619926.117671251,-0.036376764,0.648254581,0.445241716
1783619926.119324923,-0.036861621,0.655790362,0.444910012
1783619926.120862722,-0.044102458,0.651594977,0.451397637
1783619926.122636795,-0.054968497,0.650471129,0.447019941
1783619926.129462242,-0.045355943,0.647518999,0.445374028
1783619926.131044626,0.047549408,0.638242813,0.354965282
1783619926.132432699,-0.088718919,0.622183842,0.458304743
1783619926.134276867,0.030850850,0.617893344,0.356528810
1783619926.135929108,-0.021361294,0.594413932,0.389787880
1783619926.141887188,0.021585649,0.595136401,0.363550477
1783619926.142921209,0.005601992,0.571939726,0.347661902
1783619926.144206762,0.002582093,0.576684758,0.358727636
1783619926.145967722,-0.003091887,0.562845063,0.346034071
1783619926.147663116,-0.009927538,0.571683439,0.361782775
1783619926.149244308,-0.007632107,0.559000405,0.348906329
1783619926.154345036,-0.013170609,0.558710386,0.364627667
1783619926.155869246,0.052756175,0.563552038,0.395458492
1783619926.157420635,0.003869665,0.558891692,0.402275749
1783619926.159578562,0.005768922,0.530361282,0.345596892
1783619926.160880804,-0.010296268,0.522710842,0.361348873
1783619926.162606478,0.006100771,0.521102728,0.347954547
1783619926.167037249,-0.000889605,0.521197930,0.363080624
1783619926.168132305,0.000896557,0.524351884,0.369321031
1783619926.169218302,-0.002951587,0.517211620,0.364923972
1783619926.172507286,-0.004474248,0.514377321,0.365210867
1783619926.177685261,-0.007010802,0.512516639,0.360881681
1783619926.179218769,-0.007388211,0.508225162,0.365685817
1783619926.180796862,-0.009195711,0.505636736,0.365038643
1783619926.182601213,-0.014138805,0.505623217,0.364521038
1783619926.184298992,-0.005703280,0.509008636,0.363851520
1783619926.185976267,-0.012093474,0.502817193,0.365641485
1783619926.187515259,-0.006189073,0.513128666,0.374163129
1783619926.192027569,-0.000182899,0.511176115,0.373934868
1783619926.193192959,0.006079681,0.504111673,0.373825171
1783619926.194326639,0.000167990,0.500215454,0.373939784
1783619926.195947647,0.000370878,0.501567650,0.371656142
1783619926.197673559,-0.000697070,0.500853449,0.368650822
1783619926.199245691,0.002733545,0.498700074,0.371134401
1783619926.204336166,-0.001069148,0.491668644,0.366344587
1783619926.205852747,0.006371638,0.495249356,0.367472378
1783619926.207476377,0.007437234,0.496901027,0.367508236
1783619926.209494114,0.002579718,0.495774573,0.363083663
1783619926.210800648,0.001523392,0.492677234,0.362368378
1783619926.212494850,0.005630023,0.494650011,0.361456720
1783619926.216963291,-0.001243179,0.491858041,0.355574886
1783619926.218053341,-0.001249488,0.489526593,0.348972276
1783619926.219129562,-0.006322618,0.487684019,0.345756061
1783619926.220906496,-0.006526847,0.483030526,0.344997761
1783619926.222487688,-0.010436416,0.479522627,0.335256549
1783619926.229486465,-0.012118110,0.489288541,0.342864059
1783619926.230892181,-0.030805102,0.478703641,0.341183863
1783619926.232584715,-0.034980045,0.479332224,0.340850748
1783619926.234135866,-0.041347370,0.476857128,0.340498433
1783619926.235923529,-0.040380135,0.466598510,0.338532798
1783619926.239588737,-0.038524714,0.462323492,0.333115479
1783619926.242029190,-0.033223531,0.450721000,0.327957959
1783619926.243086576,-0.043191814,0.431562714,0.308950931
1783619926.245893717,-0.046757865,0.435218261,0.308629629
1783619926.247620583,-0.051539106,0.421819230,0.300074659
1783619926.254604578,-0.046705570,0.415754984,0.299150848
1783619926.255808115,-0.089946561,0.362403789,0.310509973
1783619926.257417202,-0.047353973,0.344366604,0.233541789
1783619926.259235382,0.004745763,0.370563226,0.302839909
1783619926.260906696,-0.010285280,0.368360994,0.309131169
1783619926.267080784,-0.029560801,0.354701158,0.255225327
1783619926.268255234,-0.009957349,0.316224715,0.265981742
1783619926.269362211,-0.006679802,0.309839419,0.246027449
1783619926.270995855,-0.002886260,0.303225894,0.255386576
1783619926.272533178,0.000749512,0.297669853,0.245811985
1783619926.274302006,0.000548950,0.294261830,0.239444798
1783619926.279382467,-0.002681187,0.282079604,0.242850104
1783619926.280965567,0.002789015,0.278476061,0.235363936
1783619926.282602072,0.005578938,0.271485457,0.227944174
1783619926.284157753,0.008451565,0.267040648,0.232371137
1783619926.285822630,0.016475406,0.256202634,0.229600018
1783619926.292048693,0.017167585,0.247792938,0.229370087
1783619926.293124914,0.027729920,0.222433579,0.227456879
1783619926.294183969,0.032356318,0.219001030,0.227502059
1783619926.295983791,0.033292190,0.219108048,0.227192980
1783619926.297640085,0.032388970,0.214045792,0.230278148
1783619926.299224854,0.038617116,0.211998519,0.229058073
1783619926.304327965,0.035733470,0.213322668,0.233223497
1783619926.305895567,0.031947248,0.209072761,0.225517507
1783619926.307505846,0.036502216,0.214616294,0.226073486
1783619926.309515715,0.034299087,0.213603410,0.222314889
1783619926.310877323,0.034222126,0.211762107,0.221444763
1783619926.312561512,0.037828285,0.203480746,0.224347339
1783619926.316624641,0.037812170,0.199158880,0.220051681
1783619926.318185806,0.033396122,0.185409756,0.215927730
1783619926.319367409,0.028582302,0.184372145,0.214838008
1783619926.320998669,0.023048914,0.176021625,0.207560449
1783619926.322528601,0.018199404,0.166142614,0.206172389
1783619926.324311256,0.016755077,0.161544210,0.202447827
1783619926.329582214,0.014004742,0.158449418,0.196199483
1783619926.330864191,0.001634971,0.142437981,0.185939842
1783619926.332581997,-0.003489892,0.136803435,0.181523886
1783619926.334155083,-0.008452788,0.127355100,0.175612161
1783619926.335955858,-0.008843897,0.121329200,0.176042833
1783619926.342015982,-0.007223510,0.110881418,0.170901370
1783619926.343084574,-0.009510138,0.094370920,0.167609840
1783619926.344149113,-0.011384334,0.088873599,0.167627640
1783619926.345948458,-0.010114434,0.081635442,0.168993007
1783619926.347679615,-0.014916770,0.079073549,0.163643493
1783619926.349311590,-0.013062124,0.080096785,0.167743469
1783619926.354308605,-0.010313561,0.085782581,0.169107409
1783619926.355845213,-0.020772011,0.077585459,0.172456386
1783619926.357420444,-0.025239124,0.081709888,0.167226336
1783619926.359578848,-0.026085714,0.078869967,0.167132106
1783619926.360899925,-0.037385220,0.083371183,0.169391237
1783619926.362487316,-0.050102531,0.060542966,0.136438934
1783619926.367005825,-0.067650070,0.028421321,0.120674924
1783619926.368149042,-0.074283420,0.051000674,0.112180173
1783619926.369262218,-0.074101124,0.038618257,0.107540913
1783619926.370840311,-0.077439784,0.033450480,0.107429059
1783619926.372646809,-0.077947967,0.029897680,0.104787381
1783619926.374183655,-0.080249501,0.025215183,0.108093240
1783619926.378616571,-0.079600511,0.021512039,0.109442378
1783619926.379914999,-0.080203760,0.022801893,0.107723980
1783619926.381180525,-0.083200172,0.022486456,0.111020712
1783619926.382446051,-0.082111352,0.015709326,0.107330426
1783619926.384275675,-0.084157984,0.012350121,0.106503376
1783619926.385770798,-0.086555234,0.008315179,0.106773779
1783619926.392031908,-0.085701619,0.009812374,0.111812012
1783619926.393243551,-0.090224563,0.010550424,0.119313765
1783619926.394462585,-0.086986587,0.006503610,0.118037378
1783619926.396071434,-0.089176478,0.004451117,0.115944196
1783619926.397487640,-0.090125351,0.002319385,0.118091235
1783619926.399271488,-0.087664823,0.002087365,0.116004297
1783619926.404336691,-0.081958562,-0.000693908,0.117402063
1783619926.405876875,-0.085850260,-0.007396260,0.111284319
1783619926.407628536,-0.102022321,0.001374196,0.105065466
1783619926.409539938,-0.097536188,-0.006787948,0.104904747
1783619926.410905361,-0.092796149,-0.003056450,0.105864131
1783619926.412489891,-0.075354967,-0.008282572,0.105924759
1783619926.416887283,-0.036383689,-0.008767529,0.041929411
1783619926.417994499,-0.035701688,-0.005573623,0.092908914
1783619926.419336081,-0.070847820,-0.004739462,0.044072192
1783619926.420876026,0.081569494,-0.046735440,-0.026731867
1783619926.422652245,-0.015232511,-0.019430176,0.091738181
1783619926.424755096,-0.067173421,-0.005884733,0.091238240
1783619926.425785780,-0.069359724,-0.007957688,0.000534381
1783619926.429736376,-0.001763972,0.033683453,-0.006673553
1783619926.431066275,-0.010843125,0.032439181,0.012491834
1783619926.432504416,-0.047651738,0.006403336,0.029561491
1783619926.434088469,-0.051566074,0.015782500,0.034741067
1783619926.435894012,-0.053381049,0.012400249,0.027406727
1783619926.440725088,-0.032919995,0.022867291,0.036000250
1783619926.441812754,-0.052490786,0.013142925,0.041733035
1783619926.442808390,-0.044658821,0.002389687,0.033371026
1783619926.444283962,-0.051508943,0.009124834,0.020003666
1783619926.445890427,-0.047019294,0.007048459,0.042934020
1783619926.447604418,-0.051071934,0.008845861,0.016078467
1783619926.449173689,-0.055878911,0.002030824,0.031922709
1783619926.454292536,-0.091938112,-0.001614109,0.020060216
1783619926.455969095,-0.081311093,-0.003784894,0.023220072
1783619926.457562447,-0.050858477,-0.010106551,0.012460906
1783619926.459531307,-0.072699735,-0.006877279,0.023876922
1783619926.460833549,-0.058183941,-0.009976297,0.018522418
1783619926.462565660,-0.065586218,-0.010148638,0.014304765
1783619926.467131138,-0.061468913,-0.010493523,0.024001439
1783619926.468247890,-0.060759844,-0.010331499,0.015279591
1783619926.469349623,-0.064334086,-0.009371610,0.020550026
1783619926.470951319,-0.060944025,-0.009451411,0.020527026
1783619926.479532242,-0.064602701,-0.013736815,0.013373142
1783619926.480961800,-0.061542674,-0.011719338,0.014982922
1783619926.482647896,-0.062427473,-0.010010606,0.017694837
1783619926.484196901,-0.059464461,-0.007490488,0.019631153
1783619926.485980988,-0.060078189,-0.011513577,0.017770483
1783619926.488314152,-0.058654171,-0.012776398,0.020822541
1783619926.489310026,-0.063326701,-0.012344518,0.018982689
1783619926.492134333,-0.058505198,-0.010070201,0.019872702
1783619926.493395567,-0.061536306,-0.014044834,0.016972090
1783619926.494589090,-0.059939958,-0.017130772,0.018624258
1783619926.497513294,-0.061109772,-0.014423764,0.017354295
1783619926.499301672,-0.060784811,-0.013974058,0.015734074
1783619926.504483700,-0.062776459,-0.016439744,0.018310982
1783619926.505831003,-0.063238745,-0.009365847,0.015149392
1783619926.507690430,-0.066624788,-0.014749232,0.015247321
1783619926.509272814,-0.059767328,-0.007986077,0.017394729
1783619926.510818481,-0.063851123,-0.014709268,0.012573767
1783619926.512619734,-0.064388604,-0.010219832,0.018406284
1783619926.516902208,-0.065813579,-0.014599970,0.014092771
1783619926.517985106,-0.067309596,-0.009426553,0.015969596
1783619926.519337654,-0.066232217,-0.013614544,0.016982728
1783619926.520920753,-0.067984640,-0.012285524,0.010847287
1783619926.529458523,-0.066808686,-0.011295205,0.008249597
1783619926.530862331,-0.067506617,-0.007711091,0.007521174
1783619926.532546282,-0.063978652,-0.012118964,0.009665879
1783619926.534101963,-0.067321822,-0.007567664,0.011168065
1783619926.535936832,-0.063442275,-0.011628146,0.007704083
1783619926.542050838,-0.066260264,-0.010479328,0.009952287
1783619926.543090343,-0.065859990,-0.008192293,0.008320499
1783619926.545889616,-0.068967822,-0.005705190,0.005586336
1783619926.547665119,-0.065547553,-0.008439791,0.009851770
1783619926.549103022,-0.064057911,-0.010322658,0.009825789
1783619926.554420948,-0.065368154,-0.012830648,0.009466079
1783619926.555894136,-0.062154607,-0.008460000,0.014718480
1783619926.557445288,-0.063226609,-0.005806154,0.013419870
1783619926.559126854,-0.060826542,-0.010697205,0.010055616
1783619926.560820818,-0.063518569,-0.014151415,0.011315490
1783619926.564783335,-0.061834981,-0.012049967,0.010034107
1783619926.565888405,-0.064089338,-0.012161737,0.008655096
1783619926.567645550,-0.065021101,-0.010738183,0.009262808
1783619926.569150448,-0.062337057,-0.014277641,0.010873169
1783619926.570854187,-0.061100937,-0.011783164,0.010882895
1783619926.572493792,-0.061151668,-0.011811973,0.010530085
1783619926.579535007,-0.067879542,-0.011214523,0.010770068
1783619926.580951929,-0.068237102,-0.015190475,0.005007300
1783619926.582440376,-0.063834150,-0.011057862,0.010582734
1783619926.584256172,-0.069015785,-0.009966345,0.004156212
1783619926.585798264,-0.065980062,-0.012555981,0.006199676
1783619926.592034578,-0.066270199,-0.010722988,0.006056698
1783619926.593078136,-0.065400455,-0.008974777,0.002932265
1783619926.594208956,-0.063584683,-0.007266261,0.004128721
1783619926.596050024,-0.067523551,-0.010585114,-0.001173984
1783619926.604626656,-0.061924260,-0.009593086,-0.000579204
1783619926.605804205,-0.071036757,-0.011294433,0.008058721
1783619926.607425928,-0.069860138,-0.011576084,-0.001306229
1783619926.609208107,-0.065727907,-0.005685941,0.006411188
1783619926.611025095,-0.066577428,-0.003159188,0.005079857
1783619926.612502813,-0.070163511,-0.008251188,0.000279265
1783619926.617062807,-0.066453615,-0.007689766,0.002222147
1783619926.618189812,-0.069843683,-0.010162937,0.000146786
1783619926.619279861,-0.067855235,-0.003069946,0.004811706
1783619926.620900393,-0.064505024,-0.006125536,0.005569911
1783619926.626326799,-0.067118302,-0.008252504,0.002485140
1783619926.627465010,-0.063892326,-0.005581038,0.001776103
1783619926.629463196,-0.065092075,-0.008311352,0.001330489
1783619926.630789757,-0.063294572,-0.009126669,0.002074561
1783619926.632534742,-0.064632107,-0.003389825,0.000406267
1783619926.634160519,-0.064942773,-0.009913194,-0.001336791
1783619926.635958672,-0.064739894,-0.008964839,-0.000799308
1783619926.641008854,-0.066516718,-0.010924908,0.000457162
1783619926.642681122,-0.066627259,-0.006655297,0.000450972
1783619926.644179583,-0.066460638,-0.013561283,-0.005218602
1783619926.645812035,-0.065643803,-0.010883289,0.001644391
1783619926.647440910,-0.068342687,-0.009977875,-0.000716965
1783619926.654366493,-0.069225422,-0.009041349,0.002469789
1783619926.655781984,-0.070080444,-0.009306556,0.000845932
1783619926.657456398,-0.066989310,-0.010732577,0.001478312
1783619926.659130096,-0.064993279,-0.007834350,0.000863246
1783619926.660789490,-0.067192444,-0.011865727,-0.001826005
1783619926.667104959,-0.067903513,-0.009690931,0.002088819
1783619926.668258667,-0.062979559,-0.014645992,-0.004485943
1783619926.669370890,-0.062978779,-0.013593318,0.002789425
1783619926.670939445,-0.055941736,-0.011592834,-0.003247382
1783619926.672539711,-0.056762708,-0.012053718,-0.002295018
1783619926.674313068,-0.056589336,-0.012293751,0.000197889
1783619926.679470539,-0.057475261,-0.009990010,0.001575437
1783619926.681051731,-0.056649523,-0.009770034,0.003069897
1783619926.682460546,-0.052936724,-0.014370324,-0.003362470
1783619926.684247971,-0.053468150,-0.019553195,-0.002690556
1783619926.685905933,-0.051091287,-0.015919878,0.002420324
1783619926.692021608,-0.052915148,-0.014794880,-0.000956298
1783619926.693078279,-0.051082676,-0.013075390,0.000303772
1783619926.695919991,-0.050538547,-0.013917761,0.001145945
1783619926.697608709,-0.049975453,-0.017420613,0.001586110
1783619926.702534437,-0.049798187,-0.016167127,-0.002854104
1783619926.704653978,-0.043495780,-0.021507671,-0.004359683
1783619926.705795050,-0.044157181,-0.014434244,0.002874760
1783619926.707618237,-0.044227887,-0.016811394,-0.000036166
1783619926.709191799,-0.042797866,-0.022874132,0.001498122
1783619926.710900784,-0.045816905,-0.021830818,0.003257942
1783619926.717084885,-0.041592460,-0.020191276,-0.000616749
1783619926.718250275,-0.050109749,-0.024416497,-0.000179392
1783619926.719428062,-0.049165691,-0.017521009,0.002987321
1783619926.722561836,-0.045970757,-0.014835980,0.002309511
1783619926.729523659,-0.049834797,-0.020690698,0.000885923
1783619926.730910778,-0.044019571,-0.018866104,0.002574588
1783619926.732607365,-0.043351916,-0.022375323,0.000427836
1783619926.734197378,-0.040160740,-0.025011451,-0.003566977
1783619926.735828400,-0.040968201,-0.026735128,-0.003363230
1783619926.737613440,-0.036346922,-0.022058964,0.004010178
1783619926.742039919,-0.033230509,-0.025994988,0.001800010
1783619926.743096590,-0.035058794,-0.022272133,-0.001249959
1783619926.744154692,-0.032468706,-0.020364220,0.001552621
1783619926.745953321,-0.029003396,-0.025990949,-0.002930680
1783619926.747591019,-0.029043604,-0.023415932,-0.002567785
1783619926.749197483,-0.027198697,-0.024493240,-0.001744763
1783619926.754367113,-0.022605628,-0.027745336,-0.005978963
1783619926.755997658,-0.019181168,-0.028672541,0.000451856
1783619926.757558346,-0.015274533,-0.029478549,-0.002329130
1783619926.759576082,-0.015299266,-0.032325282,-0.002812682
1783619926.760908127,-0.018371928,-0.031233135,-0.001013954
1783619926.762445688,-0.019821468,-0.034912363,-0.002123725
1783619926.767059088,-0.012242416,-0.030923380,-0.004214379
1783619926.768192530,-0.002643734,-0.036644231,-0.006975618
1783619926.769318581,-0.010633190,-0.033204936,-0.006745037
1783619926.770902395,-0.007938976,-0.027217345,-0.002728970
1783619926.778650045,-0.007599553,-0.034614859,-0.006058414
1783619926.779825211,-0.003413315,-0.034450269,-0.005626297
1783619926.781044483,-0.010232461,-0.028371685,-0.004920648
1783619926.784675598,-0.012013621,-0.030163677,-0.003620608
1783619926.785806417,-0.009878286,-0.035716053,-0.005675286
1783619926.787504673,-0.009134537,-0.031223211,0.001217799
1783619926.792021036,-0.009585078,-0.037442986,-0.005457173
1783619926.793112755,-0.006852474,-0.031371224,-0.006613503
1783619926.794261456,-0.010141454,-0.033890697,-0.005858520
1783619926.795945168,-0.010343961,-0.027967190,-0.004791162
1783619926.797581911,-0.015244108,-0.025626272,-0.006268812
1783619926.804419518,-0.012041081,-0.027206615,-0.003088688
1783619926.805768013,-0.015811484,-0.025109055,-0.002011895
1783619926.807559490,-0.020592943,-0.029826919,-0.006687849
1783619926.809441090,-0.015950425,-0.026107148,-0.000058808
1783619926.810809612,-0.016932594,-0.026433136,-0.004225914
1783619926.812570095,-0.019375922,-0.027345647,-0.006322444
1783619926.817051888,-0.019856742,-0.024056431,-0.004204437
1783619926.818265438,-0.015795260,-0.032377711,-0.007901963
1783619926.819382906,-0.008703405,-0.032265305,-0.004687860
1783619926.820941210,-0.009606152,-0.028361828,-0.003477569
1783619926.829607010,-0.008786305,-0.029532482,-0.006796979
1783619926.831043720,-0.009885184,-0.029491587,-0.004139856
1783619926.832482815,-0.010447691,-0.031538245,-0.005492952
1783619926.834290504,-0.012394581,-0.027524947,-0.005675590
1783619926.835842609,-0.014232318,-0.026395974,-0.006360743
1783619926.839383841,-0.014265426,-0.027598801,-0.001879172
1783619926.841925859,-0.011195936,-0.028754055,0.001427384
1783619926.843015432,-0.009920599,-0.024874263,0.004088491
1783619926.846045256,-0.007720845,-0.022141491,0.006003691
1783619926.847616196,-0.005655733,-0.020966978,0.002960972
1783619926.854398251,-0.003653394,-0.025002339,0.003160908
1783619926.855808973,-0.001473177,-0.023535932,-0.008803621
1783619926.857594728,0.000218556,-0.024919460,-0.010828366
1783619926.859612942,0.003217919,-0.027861566,-0.017810714
1783619926.860924006,-0.000356494,-0.029325171,-0.021491091
1783619926.862476826,0.000535423,-0.016620081,-0.015852871
1783619926.867108107,0.001016530,-0.011630801,-0.019165345
1783619926.868211269,0.005668604,-0.014561075,-0.027317574
1783619926.869291782,0.009508668,-0.022332565,-0.010029866
1783619926.870843410,0.004500213,-0.018686281,-0.009100890
1783619926.872639894,0.003533488,0.000439088,-0.008532195
1783619926.874193430,0.004906866,0.006822784,-0.009602858
1783619926.879521132,0.008319922,0.004858262,0.015079622
1783619926.880789042,0.010628247,-0.015609257,0.004741214
1783619926.882484198,0.018265090,0.005227123,0.030277351
1783619926.884247541,-0.004244351,0.023402505,0.035062541
1783619926.885911703,0.032845584,0.030508974,0.033919582
1783619926.892023087,0.000544766,0.041665668,0.064854325
1783619926.893099546,0.049731142,0.032388963,0.071164700
1783619926.894171476,0.030098288,0.043933369,0.108964673
1783619926.895956516,0.064315315,0.052975266,0.101268690
1783619926.897579193,0.041987971,0.077032553,0.112206101
1783619926.902031183,0.063198302,0.083194700,0.119652769
1783619926.903053999,0.064843804,0.077803102,0.127194934
1783619926.906596899,0.075742745,0.073585272,0.127785533
1783619926.907796621,0.074932783,0.083502925,0.135646274
1783619926.909142494,0.072700959,0.088055885,0.127801707
1783619926.910991907,0.082506879,0.098725127,0.133384753
1783619926.912501097,0.080256577,0.108532185,0.130920954
1783619926.917005777,0.084140120,0.124751055,0.135203207
1783619926.918136358,0.095315652,0.153519941,0.129166769
1783619926.919273853,0.098378936,0.166675672,0.130085126
1783619926.920847654,0.100062776,0.177852289,0.133151845
1783619926.922633886,0.101529910,0.187943139,0.134174667
1783619926.924179316,0.099935210,0.194887066,0.134938316
1783619926.929461718,0.102070465,0.212516129,0.138582742
1783619926.931056738,0.105058133,0.229012190,0.148562476
1783619926.932440281,0.102211757,0.234694394,0.151236971
1783619926.934115648,0.107191124,0.231863344,0.151227872
1783619926.935958147,0.113977706,0.244639623,0.161689935
1783619926.942031622,0.113249100,0.260000775,0.171726292
1783619926.943094254,0.124854455,0.291196880,0.205558881
1783619926.944247007,0.130223912,0.300140664,0.218569490
1783619926.947642803,0.139212756,0.309241609,0.230211020
1783619926.949197292,0.135810783,0.316759093,0.239142915
1783619926.954451084,0.147847000,0.328997414,0.247633721
1783619926.955915928,0.149333919,0.331211987,0.282015256
1783619926.957503080,0.145108642,0.341391378,0.299614626
1783619926.959148884,0.156645806,0.350506543,0.313471671
1783619926.960828543,0.156111596,0.356032876,0.325896229
1783619926.964455128,0.155848020,0.376636711,0.332381992
1783619926.967091799,0.158396139,0.412331295,0.367467174
1783619926.968234539,0.169958026,0.438875311,0.385836843
1783619926.969351053,0.166368479,0.467108249,0.399987305
1783619926.970927715,0.167739220,0.484696612,0.397072909
1783619926.979602098,0.176986640,0.502027879,0.416154436
1783619926.980984211,0.186379477,0.581845596,0.456140713
1783619926.982667685,0.191732269,0.591229778,0.459233987
1783619926.984221220,0.194850574,0.601880432,0.477043178
1783619926.985783815,0.184255598,0.623499680,0.490505283
1783619926.991997719,0.192039322,0.633771157,0.496248613
1783619926.993035555,0.205919099,0.674958938,0.527032083
1783619926.995878696,0.210306881,0.696043393,0.541631286
1783619926.997590303,0.242915251,0.733823269,0.565813236
1783619927.004616022,0.222418688,0.747598442,0.590516248
1783619927.005812407,0.261414637,0.822607530,0.648548121
1783619927.007620096,0.280896141,0.845235081,0.660343358
1783619927.009168386,0.289285361,0.879453819,0.681962933
1783619927.010903120,0.304400437,0.917744143,0.687817489
1783619927.017114878,0.313719962,0.992224455,0.728938404
1783619927.018262863,0.346357223,1.137796054,0.830122350
1783619927.019356966,0.351198543,1.164554165,0.860430024
1783619927.020910263,0.358276605,1.190267694,0.880409979
1783619927.025998354,0.368406601,1.216648385,0.897208741
1783619927.029528141,0.388618195,1.274703866,0.949537314
1783619927.030851603,0.394484255,1.343414166,0.990726664
1783619927.032603502,0.407854829,1.373318972,1.009612139
1783619927.034182787,0.409095307,1.406478414,1.028282568
1783619927.035793543,0.420522638,1.443396964,1.048771328
1783619927.041985512,0.418681476,1.483288972,1.067407675
1783619927.043319702,0.439370231,1.642415385,1.155528783
1783619927.044632912,0.460820557,1.669319063,1.168616943
1783619927.046020508,0.444714242,1.707211934,1.196338051
1783619927.049163103,0.418055517,1.734242701,1.244096355
1783619927.054450512,0.459091405,1.776707459,1.243293278
1783619927.055920362,0.437058844,1.883354336,1.313229754
1783619927.057519197,0.438809383,1.923872275,1.339145275
1783619927.059084177,0.413811485,1.949547306,1.365875219
1783619927.061012745,0.412854485,1.979767473,1.392236351
1783619927.067099810,0.430235443,1.997516203,1.401652969
1783619927.068256855,0.460031531,2.075822678,1.459571389
1783619927.069367886,0.481732045,2.073519703,1.461853981
1783619927.070953608,0.470399303,2.097696411,1.477564209
1783619927.079570055,0.471733358,2.103974813,1.473520117
1783619927.080954790,0.507061454,2.128068029,1.499103920
1783619927.082650900,0.497466754,2.137642456,1.510388588
1783619927.084209442,0.499733706,2.132968929,1.504108867
1783619927.085971832,0.490977400,2.145930370,1.519636548
1783619927.089335918,0.486489654,2.144401822,1.524901426
1783619927.092074156,0.472909622,2.156811354,1.549976057
1783619927.093126297,0.470880495,2.172751356,1.563651912
1783619927.094218493,0.472279361,2.182648296,1.572646728
1783619927.096021175,0.462366226,2.183888153,1.573775653
1783619927.097596884,0.461820226,2.191854539,1.578432458
1783619927.104413033,0.455077827,2.204329292,1.589901937
1783619927.105932713,0.454017764,2.211061368,1.603204225
1783619927.107598305,0.452775875,2.214705656,1.608834400
1783619927.109138012,0.450056374,2.219171692,1.612276247
1783619927.110838413,0.448473301,2.227228426,1.621273515
1783619927.117076159,0.448481222,2.232688808,1.630060790
1783619927.118193626,0.469333189,2.246791361,1.667263231
1783619927.119271755,0.475503854,2.253164913,1.679821678
1783619927.120857477,0.474787406,2.255054545,1.690682909
1783619927.129565716,0.482332165,2.262202572,1.708743913
1783619927.130930901,0.515693014,2.292974079,1.756089896
1783619927.132636786,0.515121017,2.299429772,1.770419885
1783619927.134196997,0.530218621,2.308283151,1.781245359
1783619927.135970116,0.536377308,2.311953372,1.791417297
1783619927.142044783,0.542494234,2.315362278,1.798590660
1783619927.143083096,0.568266024,2.335848868,1.825476684
1783619927.145976305,0.575122385,2.339225688,1.832803880
1783619927.147451401,0.580625972,2.346208486,1.844346677
1783619927.149154425,0.586464700,2.351060315,1.851911816
1783619927.152524710,0.588801266,2.358463301,1.856769310
1783619927.154406309,0.590030536,2.371599247,1.869019380
1783619927.155838013,0.601171266,2.378255092,1.874332243
1783619927.157643080,0.606007628,2.383617468,1.878428696
1783619927.159690619,0.608583671,2.386691366,1.884910810
1783619927.160780668,0.611079797,2.388679185,1.885512639
1783619927.162619591,0.608459076,2.391400906,1.886414726
1783619927.167064905,0.612131594,2.400407056,1.889354753
1783619927.168250799,0.629573191,2.421463787,1.897329588
1783619927.169346809,0.630415010,2.427475905,1.898065125
1783619927.170925617,0.633700722,2.433611304,1.902637096
1783619927.179558039,0.633755542,2.441478086,1.910524020
1783619927.180921793,0.644978967,2.454203961,1.934777650
1783619927.182649851,0.640523746,2.459053589,1.947092863
1783619927.184242249,0.653445856,2.461569524,1.948890166
1783619927.185808897,0.661367231,2.467538001,1.954188296
1783619927.192053080,0.658480120,2.463332613,1.955760455
1783619927.193111420,0.681617142,2.471224222,1.963799190
1783619927.194236040,0.684155186,2.474175040,1.963677004
1783619927.196038246,0.687235275,2.467197594,1.965313157
1783619927.204490185,0.687118628,2.471926676,1.965096961
1783619927.205947638,0.693726881,2.451876645,1.958599742
1783619927.207513809,0.693108283,2.445714119,1.960884985
1783619927.209175587,0.686604583,2.439069041,1.962875731
1783619927.210855484,0.692730783,2.429533145,1.960490625
1783619927.214662790,0.692081510,2.420824930,1.961095971
1783619927.217053175,0.688853794,2.398185802,1.961161650
1783619927.218197107,0.687648976,2.385400016,1.968568607
1783619927.219291210,0.685523973,2.372078399,1.973569720
1783619927.220856667,0.679400306,2.361485050,1.970542559
1783619927.222646236,0.678021303,2.353577843,1.973026385
1783619927.224195719,0.677869865,2.338938754,1.976401596
1783619927.229539394,0.673710096,2.330562972,1.979406671
1783619927.230867386,0.678478433,2.317168633,1.978433106
1783619927.232549429,0.674863920,2.299076927,1.976701424
1783619927.234096289,0.677649967,2.290433697,1.974090244
1783619927.235886574,0.679455185,2.276756483,1.975362482
1783619927.242015600,0.672256746,2.266400443,1.980169671
1783619927.243056297,0.670261799,2.217131197,1.986814520
1783619927.245887995,0.672285368,2.204881650,1.982637582
1783619927.247604847,0.678994020,2.200826671,1.981913604
1783619927.254389048,0.678196547,2.197866837,1.984879231
1783619927.255761385,0.689533800,2.167517090,1.986855843
1783619927.257543564,0.691046960,2.157676159,1.983678912
1783619927.259613037,0.693414753,2.152318789,1.981551055
1783619927.261051178,0.697452166,2.143794369,1.977615297
1783619927.262704134,0.696272214,2.137260099,1.971663516
1783619927.267044783,0.693200836,2.130643624,1.972459279
1783619927.268123388,0.695640376,2.115594773,1.969402638
1783619927.269248962,0.690719071,2.109330552,1.968211740
1783619927.270852804,0.693957553,2.111131385,1.968409494
1783619927.276108265,0.701762253,2.110869881,1.968421272
1783619927.279497147,0.697147874,2.117160524,1.980665987
1783619927.280811787,0.700312750,2.122065357,1.990224106
1783619927.282542944,0.700247832,2.128252335,1.999050825
1783619927.284107447,0.707689893,2.130966054,2.001480356
1783619927.285880566,0.705138221,2.133298292,1.997241593
1783619927.290988445,0.706995015,2.137225536,1.996020221
1783619927.292596102,0.703273128,2.133335874,1.996224358
1783619927.294311047,0.698534382,2.134739360,1.994779472
1783619927.295821428,0.697909616,2.129520561,1.986599398
1783619927.297629833,0.696711738,2.131479559,1.979694679
1783619927.304387808,0.690421065,2.127713599,1.977947914
1783619927.305835247,0.664429459,2.117363097,1.962021181
1783619927.307422161,0.660433607,2.124982411,1.957745412
1783619927.309616327,0.656754260,2.130412445,1.953294611
1783619927.311003208,0.656424655,2.136429785,1.948241295
1783619927.312495947,0.651936501,2.142165946,1.949291262
1783619927.317050219,0.646891612,2.149323172,1.951733497
1783619927.318120718,0.635916837,2.178137692,1.952470831
1783619927.319205284,0.633678823,2.182614391,1.952781909
1783619927.320983887,0.629864992,2.198836150,1.946244833
1783619927.322601557,0.629638330,2.219427026,1.944923284
1783619927.329587936,0.622077261,2.232157191,1.943201837
1783619927.331015110,0.608525144,2.274780932,1.960140914
1783619927.332516193,0.604837939,2.288899852,1.968358267
1783619927.334113121,0.602217875,2.312297804,1.973284475
1783619927.335897446,0.610608306,2.338422575,1.974989849
1783619927.342029095,0.605126582,2.354853681,1.977819234
1783619927.343109369,0.609618302,2.415801127,2.001230017
1783619927.344195604,0.613237881,2.429609445,2.012431136
1783619927.346024513,0.611399284,2.456589720,2.013594149
1783619927.352999449,0.612346320,2.490965943,2.009385944
1783619927.354099989,0.631307502,2.565668723,2.066976462
1783619927.355845451,0.642188710,2.589205972,2.082767803
1783619927.357607603,0.652134303,2.621552838,2.088685986
1783619927.359666348,0.653547289,2.636668813,2.101854602
1783619927.360815525,0.670189828,2.662187453,2.112481790
1783619927.362491131,0.680756774,2.678299521,2.132720539
1783619927.367081642,0.678459302,2.701458403,2.142657891
1783619927.368361473,0.706687189,2.757314817,2.191496445
1783619927.369528294,0.714084629,2.773186564,2.208446364
1783619927.370910883,0.716534679,2.792367166,2.224846031
1783619927.379647732,0.714330753,2.826621436,2.233475648
1783619927.381035566,0.747818437,2.922117887,2.322665281
1783619927.382508516,0.762126795,2.944711585,2.341858825
1783619927.384099007,0.765833514,2.979998755,2.360572627
1783619927.385898829,0.777033559,3.019299871,2.373699386
1783619927.392089128,0.785263808,3.057306210,2.395653737
1783619927.393132925,0.840028945,3.214530701,2.482553977
1783619927.394288301,0.850293338,3.263620365,2.502062184
1783619927.397595406,0.863924182,3.327343330,2.495353588
1783619927.400254965,0.875199379,3.386206558,2.520020908
1783619927.401556015,0.891583139,3.440628545,2.537242108
1783619927.402551651,0.913687579,3.501767749,2.559675323
1783619927.404383898,0.927812975,3.556160416,2.582428239
1783619927.405828714,0.958106849,3.629910671,2.604954934
1783619927.407454014,0.968303311,3.706797906,2.616836073
1783619927.415168047,0.959739254,3.800247817,2.629254322
1783619927.416322708,1.083545975,4.199824469,2.797419914
1783619927.417630196,1.123783465,4.289798168,2.818621464
1783619927.419288158,1.128918220,4.383924031,2.851010031
1783619927.422554731,1.148916330,4.503029104,2.874153687
1783619927.429513454,1.149972088,4.602404984,2.913064361
1783619927.430931568,1.337246223,5.043778960,3.085493765
1783619927.432640553,1.355983443,5.166423756,3.134597457
1783619927.434194803,1.417933874,5.285334090,3.177876448
1783619927.435962439,1.439121233,5.416360514,3.231902596
1783619927.442047596,1.444898053,5.542687160,3.298110753
1783619927.443081856,1.720197061,6.042469959,3.538451500
1783619927.445976734,1.741637465,6.172146880,3.610596245
1783619927.447446346,1.763734292,6.294282921,3.698845096
1783619927.449136257,1.776281956,6.419698098,3.804478826
1783619927.454579353,1.850530070,6.551314389,3.863318478
1783619927.455986023,2.128361427,6.947484286,4.038616221
1783619927.457549810,2.179265170,7.079532203,4.135099900
1783619927.459113598,2.193231316,7.216881998,4.248166841
1783619927.460802794,2.324286202,7.369417248,4.298794024
1783619927.467163563,2.340967870,7.522426135,4.440664288
1783619927.468382359,2.835396906,8.244138761,4.675687986
1783619927.469489813,2.958176330,8.429680713,4.730203955
1783619927.472618580,2.934000301,8.568374318,4.965944782
1783619927.476676226,2.912826716,8.723937318,5.156509637
1783619927.477808714,3.121518971,9.097278860,5.269778407
1783619927.479410172,3.219534661,9.268507884,5.329535991
1783619927.480965376,3.364915898,9.436987621,5.353569641
1783619927.482600689,3.357830246,9.569366096,5.537237600
1783619927.484193802,3.309150018,9.694458004,5.781276343
1783619927.485877514,3.460040998,9.871333700,5.818918399
1783619927.491882086,3.409615027,9.988735022,6.067412291
1783619927.492897987,3.742355272,10.682266662,6.413572930
1783619927.494330645,3.886098824,10.846086210,6.459387865
1783619927.497561216,3.789281041,10.902552821,6.827157414
1783619927.504451752,3.728179729,11.000672578,7.079588880
1783619927.505909204,4.042879140,11.612645563,7.331613311
1783619927.507512331,4.021425229,11.687466220,7.532085432
1783619927.509152174,3.955631184,11.757595563,7.763989574
1783619927.510974646,4.049005998,11.874582924,7.796151675
1783619927.512498379,3.976460828,11.920065590,8.013539756
1783619927.517013550,3.998346703,12.012183440,8.105829683
1783619927.518119574,4.132739856,12.383305998,8.166763815
1783619927.519217491,4.146798698,12.480421739,8.212880602
1783619927.522603512,4.061866239,12.452577249,8.503878817
1783619927.524501085,4.018774416,12.479713793,8.677322963
1783619927.525811911,4.050570187,12.580292660,8.715527398
1783619927.529489040,4.072955976,12.668998631,8.743334028
1783619927.530897617,4.129360218,12.857481053,8.741497272
1783619927.532589912,4.070531451,12.869816609,8.882729276
1783619927.534169674,4.099956285,12.945398516,8.866020576
1783619927.535946846,4.039328600,12.959383250,8.957132981
1783619927.538376331,3.974122212,12.937597907,9.067809549
1783619927.539458990,3.963833262,12.967958849,9.070579491
1783619927.542049646,3.954148859,12.984205413,9.077201093
1783619927.543162584,3.964652359,13.034551598,9.055720656
1783619927.544277668,3.966452806,13.049398283,9.081964994
1783619927.547733307,3.927792783,13.023019369,9.215306028
1783619927.549102306,3.888361569,13.024449804,9.320334208
1783619927.554034710,3.905218140,13.064151271,9.364827023
1783619927.554973602,3.973374507,13.221218909,9.494300755
1783619927.556052923,4.034308167,13.293464463,9.508033801
1783619927.559659004,3.968002656,13.340043952,9.612582457
1783619927.560870647,4.046103350,13.419109194,9.618354199
1783619927.562595129,4.072180109,13.488159064,9.665269013
1783619927.567111254,4.033234986,13.545111514,9.758973370
1783619927.568211794,4.146359432,13.756406442,9.842916723
1783619927.569316387,4.174644210,13.827319196,9.883618622
1783619927.570899963,4.168866520,13.886167438,9.902023329
1783619927.579593182,4.109517269,13.944947018,9.955814275
1783619927.581022024,4.161375087,14.143884292,9.978774406
1783619927.582471848,4.159753620,14.167604015,9.995845947
1783619927.584417582,4.138713102,14.211283110,9.992804938
1783619927.586355686,4.134256758,14.243180085,10.000825824
1783619927.588226795,4.068426941,14.240181980,10.058676074
1783619927.589980602,4.059363474,14.259074413,10.063932763
1783619927.591629505,4.053287542,14.272120892,10.060761918
1783619927.593177795,4.044685518,14.281185599,10.067013698
1783619927.594441414,4.035173923,14.284038540,10.068259675
1783619927.595872879,4.043500159,14.319767356,10.008528965
1783619927.597557068,4.034907313,14.312147367,9.997850658
1783619927.599333048,3.998573594,14.313063072,9.975559811
1783619927.600789785,3.944467197,14.283147989,9.988563422
1783619927.602490664,3.954851764,14.279247713,9.925215739
1783619927.604206800,3.903378850,14.278891329,9.868086996
1783619927.605899572,3.850726238,14.254444217,9.815734230
1783619927.607608318,3.785487112,14.198930518,9.800743860
1783619927.609290838,3.753074539,14.176252260,9.713340651
1783619927.610859394,3.697839516,14.131467546,9.643502268
1783619927.612558126,3.667870827,14.053797940,9.611935937
1783619927.615095854,3.623468745,13.966023615,9.578441700
1783619927.616085052,3.596618714,13.860849966,9.541082741
1783619927.617618084,3.555436229,13.782485661,9.465694702
1783619927.619191170,3.515558987,13.657164045,9.421796794
1783619927.620987415,3.456828181,13.549315447,9.336400118
1783619927.622525692,3.389442435,13.442147296,9.251523871
1783619927.629446268,3.364883293,13.286580435,9.184610901
1783619927.630787134,3.148170942,12.595038831,8.901429305
1783619927.632481575,3.115855492,12.400950846,8.810516977
1783619927.634265184,3.055478595,12.228701328,8.681113093
1783619927.635931492,2.969969554,12.051209651,8.562269116
1783619927.642039537,2.943625722,11.855711257,8.456348184
1783619927.643109083,2.660930721,11.012577319,8.090643637
1783619927.644206524,2.589502223,10.781020029,7.997334628
1783619927.645952940,2.518730346,10.603935165,7.826505804
1783619927.647590876,2.479371237,10.394860126,7.694165347
1783619927.654575586,2.413362263,10.210940444,7.518594200
1783619927.656021833,2.151148168,9.582432229,7.232380297
1783619927.657585382,2.078461511,9.442142018,7.080931485
1783619927.659105062,2.036046092,9.274464946,6.950110226
1783619927.660806894,1.935704783,9.116287143,6.847395396
1783619927.667081356,1.898264828,8.964016568,6.727339688
1783619927.668219328,1.589793143,8.293389240,6.435399658
1783619927.669331074,1.523039619,8.118508328,6.365867373
1783619927.670894384,1.483889060,8.025178869,6.209953097
1783619927.675936937,1.474092832,7.975004730,5.985845087
1783619927.679495811,1.353596503,7.650880704,5.859493904
1783619927.680804968,1.229106730,7.387973672,5.711212700
1783619927.682493925,1.214608378,7.277799357,5.597497753
1783619927.684283495,1.192815887,7.208630774,5.458325219
1783619927.685933590,1.148564741,7.107748184,5.383184427
1783619927.691491365,1.137095755,7.020360668,5.282563907
1783619927.692803621,1.026684946,6.697811164,5.180887320
1783619927.694317579,1.000186315,6.626736806,5.130472011
1783619927.695851088,1.009963688,6.589646042,5.055295404
1783619927.697467327,0.992708875,6.545348891,5.015590115
1783619927.699255466,1.011815822,6.550902850,4.919859683
1783619927.704376459,1.034431388,6.524078312,4.850196539
1783619927.705798388,0.987001361,6.426839126,4.733542607
1783619927.707614183,1.019154944,6.437059685,4.609262936
1783619927.709600687,1.029367667,6.416111726,4.540452683
1783619927.710973501,1.001680475,6.381175112,4.499132907
1783619927.712442875,1.006324637,6.361671648,4.432082470
1783619927.717023611,0.982808834,6.299360079,4.402999406
1783619927.718098879,0.907368327,6.149584698,4.294695455
1783619927.719177008,0.881581847,6.089027917,4.257338513
1783619927.720941305,0.875956370,6.055567228,4.174764774
1783619927.722498178,0.870001641,6.030229648,4.096064018
1783619927.729810715,0.869473679,5.990173671,4.024710077
1783619927.731197357,0.798486773,5.840669230,3.940651556
1783619927.732628345,0.772930041,5.791733754,3.916924159
1783619927.734213591,0.766503882,5.770947053,3.862027099
1783619927.735760689,0.756198428,5.755035343,3.804516699
1783619927.737435341,0.757737637,5.737506300,3.746792320
1783619927.742052794,0.738188762,5.696168579,3.730426856
1783619927.743099213,0.664679643,5.565010063,3.666774892
1783619927.744255781,0.642313183,5.519743655,3.636471149
1783619927.747680902,0.657183033,5.510253379,3.545581844
1783619927.749141932,0.656352498,5.471670292,3.476835159
1783619927.754308224,0.631285841,5.422117901,3.444334167
1783619927.755942106,0.543884757,5.242653921,3.349775220
1783619927.757520437,0.544841799,5.200895888,3.277966003
1783619927.759172201,0.547172823,5.162371435,3.207339439
1783619927.760874033,0.521891693,5.090126130,3.176610523
1783619927.767124414,0.524709957,5.043433374,3.109231395
1783619927.768356800,0.431181925,4.819230990,2.994768987
1783619927.769512415,0.413411038,4.761337541,2.970162285
1783619927.770848989,0.423394006,4.730529402,2.916809692
1783619927.779560804,0.472734817,4.712660222,2.844805916
1783619927.780930042,0.449027814,4.570130343,2.795795714
1783619927.782653809,0.476505297,4.559058231,2.769303909
1783619927.784225702,0.477393457,4.533467615,2.766627543
1783619927.785815477,0.508559647,4.525579917,2.738107046
1783619927.791975260,0.531807161,4.520608092,2.719741451
1783619927.793022394,0.546256367,4.494705500,2.704269951
1783619927.795862913,0.576514927,4.507346271,2.674683818
1783619927.797678471,0.607503255,4.514140002,2.638453396
1783619927.799106121,0.623646250,4.519363526,2.619793346
1783619927.801028967,0.624155764,4.521196827,2.615280862
1783619927.802466393,0.622121620,4.521738840,2.612495967
1783619927.804510593,0.621098456,4.520139445,2.611350141
1783619927.805909872,0.621410931,4.521373788,2.602147126
1783619927.807459354,0.646688000,4.528736451,2.579346526
1783619927.809127808,0.666029135,4.534329520,2.566576238
1783619927.810860634,0.671004510,4.537294521,2.563723568
1783619927.817075729,0.686025581,4.544512979,2.555213662
1783619927.818102121,0.695613863,4.550141202,2.563394595
1783619927.819230556,0.692652185,4.555463223,2.564161795
1783619927.822628260,0.720496266,4.567465856,2.536154108
1783619927.829500914,0.729235389,4.574471989,2.528692113
1783619927.830889940,0.718719644,4.564668391,2.525717461
1783619927.832609892,0.723377254,4.567078670,2.516718047
1783619927.834245205,0.719388742,4.569202978,2.516867751
1783619927.835818291,0.731062071,4.580385906,2.504094424
1783619927.842100143,0.735818301,4.588058629,2.497208407
1783619927.843156815,0.730436342,4.594014844,2.494479571
1783619927.844382763,0.728500714,4.587507642,2.493736346
1783619927.845917702,0.736565347,4.592388371,2.483340694
1783619927.847608089,0.733950847,4.581492940,2.478472410
1783619927.849224567,0.739674122,4.572452156,2.472496415
1783619927.854368925,0.741806358,4.564658736,2.466025536
1783619927.855882883,0.737551205,4.542827564,2.463933310
1783619927.857480288,0.740177853,4.530676518,2.464786990
1783619927.859603882,0.742003713,4.511852391,2.457286910
1783619927.860977650,0.745021856,4.508551248,2.459671821
1783619927.862485647,0.749026411,4.497999966,2.458329764
1783619927.867088795,0.748954613,4.500727286,2.455260569
1783619927.868226051,0.747474044,4.501799494,2.474340072
1783619927.869320869,0.748277386,4.508339201,2.476650707
1783619927.870900869,0.755517525,4.509226704,2.480491451
1783619927.879301071,0.767238223,4.518807461,2.487301684
1783619927.880969048,0.765981914,4.552445487,2.489986665
1783619927.882599592,0.765634774,4.555186563,2.491786999
1783619927.884222269,0.777222766,4.566548874,2.494067889
1783619927.885896683,0.784858443,4.580162959,2.491606048
1783619927.887609005,0.783627544,4.590552616,2.494745152
1783619927.892131805,0.787184960,4.602208763,2.499024378
1783619927.893277884,0.781776074,4.661081942,2.504133913
1783619927.894654989,0.782081325,4.681989934,2.502917048
1783619927.895884752,0.780834904,4.708256258,2.510638490
1783619927.899261713,0.790260568,4.725673023,2.519434487
1783619927.904388428,0.790937361,4.738469541,2.525823819
1783619927.905954838,0.806741537,4.823370470,2.532919925
1783619927.907503366,0.812864393,4.844332801,2.538310798
1783619927.909644604,0.814285889,4.873348932,2.541252575
1783619927.910987139,0.817990457,4.908936463,2.547230187
1783619927.912697792,0.829353829,4.947155495,2.548905578
1783619927.914159536,0.835867405,4.986869193,2.546557293
1783619927.917109251,0.844548118,5.022812268,2.544853379
1783619927.918236971,0.861226837,5.106219675,2.553771766
1783619927.919333458,0.871683346,5.155034468,2.553396743
1783619927.920900583,0.884630603,5.192776641,2.566926001
1783619927.925272226,0.893186944,5.236776724,2.585684062
1783619927.926294804,0.910432331,5.288198917,2.587471955
1783619927.929762602,0.934744899,5.334563089,2.584286319
1783619927.931040287,0.977766098,5.424256180,2.580981120
1783619927.932500839,0.998477594,5.484687467,2.581133566
1783619927.934140205,1.018271830,5.530307207,2.596008499
1783619927.935938597,1.032261484,5.582269974,2.609680632
1783619927.941003084,1.038261681,5.632422889,2.621740038
1783619927.942484856,1.111595706,5.829952560,2.631591763
1783619927.944366932,1.120929920,5.897608385,2.647864892
1783619927.946103573,1.154635319,5.963139309,2.656126064
1783619927.947631836,1.166848985,6.030862685,2.674429235
1783619927.949294567,1.204013886,6.116553185,2.691963688
1783619927.954387188,1.219456377,6.186475433,2.721899370
1783619927.955763817,1.354319950,6.439636866,2.744893218
1783619927.957607031,1.383405069,6.519550346,2.783981584
1783619927.959155798,1.401781051,6.599809535,2.815773006
1783619927.960934401,1.463725902,6.694579451,2.814309474
1783619927.967095852,1.474422520,6.786520072,2.851799040
1783619927.968272686,1.696553608,7.193965885,2.873442323
1783619927.969394684,1.760871382,7.291557804,2.886944247
1783619927.970993519,1.784802977,7.375440794,2.948755184
1783619927.972538471,1.798521099,7.466916532,3.017000920
1783619927.979796648,1.829339607,7.555283470,3.089402471
1783619927.981205463,2.039069837,7.912648233,3.159614685
1783619927.982622147,2.103923520,8.045127690,3.188438076
1783619927.984210253,2.139652150,8.171254143,3.267747731
1783619927.985750437,2.180865457,8.296082157,3.350008146
1783619927.992053986,2.200326668,8.447664671,3.442257811
1783619927.993133783,2.500619836,9.096115419,3.575103277
1783619927.994340420,2.564783027,9.276001579,3.618497523
1783619927.997514248,2.581367592,9.423190381,3.819587037
1783619927.999133110,2.592534332,9.611919203,3.939132797
1783619928.003103733,2.664274581,9.805508518,4.000525154
1783619928.004172087,2.814131848,10.218521099,4.096888123
1783619928.005926609,2.915252333,10.410306873,4.163502056
1783619928.007529974,2.962034934,10.588081536,4.291633517
1783619928.009625435,2.977148667,10.782678053,4.430229388
1783619928.011102676,3.093556484,10.983201081,4.505931209
1783619928.012561560,3.090362853,11.172769230,4.673695781
1783619928.017080307,3.189833619,11.383321291,4.725943775
1783619928.018138409,3.495436737,12.067512057,4.923029075
1783619928.019326448,3.619482602,12.307245363,4.986197463
1783619928.022688389,3.534457260,12.436679395,5.389220503
1783619928.024187088,3.449788387,12.609488142,5.667432264
1783619928.029487610,3.534488621,12.830117183,5.720798617
1783619928.030793905,3.768951693,13.375220255,5.852042404
1783619928.032481432,3.622098173,13.458584663,6.164944917
1783619928.034299850,3.547490268,13.545201956,6.450680504
1783619928.035990000,3.659933202,13.690036634,6.467469992
1783619928.042044640,3.516658688,13.743410452,6.798470149
1783619928.043109179,3.732149840,14.237727045,6.982276136
1783619928.044296980,3.771947265,14.342298753,7.043532522
1783619928.046003819,3.700285728,14.338584893,7.328495630
1783619928.047580481,3.566484018,14.323536105,7.628041801
1783619928.054546356,3.506951507,14.284559080,7.865697929
1783619928.056018114,3.567991978,14.337168332,7.924362553
1783619928.057704687,3.561766151,14.333520502,7.945866799
1783619928.059423447,3.497247654,14.234214373,8.145581123
1783619928.060895920,3.496076082,14.227724932,8.168537837
1783619928.062686682,3.454190263,14.136977600,8.352250039
1783619928.064147234,3.381400561,14.068559123,8.525688874
1783619928.067044020,3.380366226,14.079222495,8.554183375
1783619928.068183422,3.409207848,14.103478462,8.584222969
1783619928.069257498,3.402905710,14.115931854,8.605224310
1783619928.072546005,3.386030063,13.994748611,8.832459988
1783619928.079505444,3.374940165,13.936438768,8.934994287
1783619928.080839872,3.385726079,13.917876142,8.963655364
1783619928.082543850,3.381021954,13.856215061,9.057313994
1783619928.084123135,3.396663469,13.858574311,9.041998696
1783619928.085899591,3.415856761,13.819524932,9.090327164
1783619928.092049837,3.410135237,13.776524273,9.178839670
1783619928.093108892,3.442805238,13.864742612,9.197946778
1783619928.095991850,3.460916704,13.867378912,9.245689945
1783619928.097452879,3.487754233,13.880006307,9.263058742
1783619928.099120617,3.474387849,13.859283537,9.338755163
1783619928.104381800,3.481529650,13.869010780,9.344411632
1783619928.105802298,3.535729707,13.903454377,9.270116231
1783619928.107559443,3.559578043,13.882645521,9.266772777
1783619928.109615564,3.512495929,13.823772794,9.312386814
1783619928.111136675,3.551625464,13.821186438,9.236491305
1783619928.112653255,3.494839252,13.738220053,9.264914343
1783619928.117055416,3.486166707,13.670221145,9.245194701
1783619928.118123055,3.506244859,13.433960011,9.096415851
1783619928.119216681,3.493957866,13.326448180,9.059952184
1783619928.122624397,3.441113034,13.269213702,8.958661795
1783619928.126136065,3.365525235,13.136916069,8.947194826
1783619928.127603769,3.327809552,12.847955378,8.836567802
1783619928.129762173,3.295422843,12.695698352,8.775656415
1783619928.131074190,3.309322104,12.570456659,8.629445304
1783619928.132615089,3.273056694,12.389520560,8.559170688
1783619928.134323359,3.221172842,12.247963112,8.437591456
1783619928.135770082,3.123191080,12.058799870,8.372305641
1783619928.137451410,3.117495855,11.900999366,8.218052303
1783619928.142013073,3.018091332,11.707959389,8.136754223
1783619928.143056393,2.929981187,11.268472791,7.968228108
1783619928.144471884,2.915926368,11.080276082,7.809364676
1783619928.146182299,2.865949241,10.857013111,7.723090413
1783619928.147699594,2.799069533,10.688077749,7.567302914
1783619928.149155140,2.745669332,10.466428337,7.474112864
1783619928.150815725,2.678409376,10.289785244,7.313456778
1783619928.154406548,2.590090796,10.092510082,7.204897247
1783619928.155839443,2.498576495,9.678746726,6.997131107
1783619928.157654285,2.433398793,9.516604768,6.841922605
1783619928.159660339,2.368203946,9.337041341,6.714983089
1783619928.161105394,2.315553679,9.145597301,6.601414879
1783619928.162562132,2.249230525,8.964656492,6.470496722
1783619928.167096615,2.185382044,8.750765402,6.379292202
1783619928.168190956,1.998541642,8.151437729,6.084389502
1783619928.169274092,1.936477259,7.954318053,5.998116807
1783619928.172728062,1.918072285,7.883020712,5.753878450
1783619928.174243927,1.874998821,7.750963309,5.620124650
1783619928.179587841,1.819852110,7.582853894,5.550114830
1783619928.180888653,1.668633620,7.175383780,5.357702697
1783619928.182581425,1.653249236,7.087731357,5.254401564
1783619928.184136391,1.604887358,6.996962273,5.187964084
1783619928.185917377,1.595096783,6.946318983,5.058759441
1783619928.188076258,1.588769028,6.873645461,4.959871501
1783619928.189140081,1.552427798,6.771510557,4.920869139
1783619928.192030430,1.519817244,6.676254743,4.879814727
1783619928.193098783,1.451194555,6.510593904,4.789540655
1783619928.194320440,1.424478252,6.427413745,4.761715500
1783619928.197683811,1.458634445,6.439825622,4.593052267
1783619928.199195385,1.459396427,6.384665815,4.507949447
1783619928.204106808,1.427647760,6.300874133,4.471926230
1783619928.205912113,1.315925006,6.080065436,4.372788739
1783619928.207487822,1.311695651,6.032133747,4.296277839
1783619928.209150076,1.312864389,5.983849672,4.220077014
1783619928.210927725,1.278129498,5.918367623,4.185894341
1783619928.217060566,1.286396256,5.868323722,4.114097123
1783619928.218203783,1.147128264,5.570823385,3.986604080
1783619928.219311714,1.108916993,5.498185944,3.958741103
1783619928.220892191,1.100323679,5.453668897,3.884284515
1783619928.229654312,1.127525813,5.431598632,3.773611429
1783619928.230955601,0.986848736,5.174347190,3.661515268
1783619928.232433796,0.963747289,5.112889254,3.625613207
1783619928.234233856,0.953486586,5.068770807,3.552831043
1783619928.235860586,0.942977796,5.034124058,3.490519625
1783619928.242026329,0.945497437,4.997187742,3.440775546
1783619928.243067265,0.817918046,4.744295556,3.268008174
1783619928.244316578,0.787285627,4.679470340,3.221213284
1783619928.247715950,0.795940156,4.664908181,3.121240969
1783619928.249189615,0.797917612,4.619730508,3.055780071
1783619928.254391193,0.774381805,4.560580517,3.019914640
1783619928.255765438,0.702575583,4.424242278,2.918161396
1783619928.257546186,0.699669911,4.386317857,2.857478625
1783619928.259608984,0.715514210,4.355516348,2.815039644
1783619928.261029005,0.699098758,4.325210486,2.792746287
1783619928.262527943,0.717405965,4.301536615,2.765416533
1783619928.266077280,0.720924317,4.270545182,2.756436157
1783619928.267667294,0.718195733,4.222884904,2.747065060
1783619928.269283533,0.751582351,4.211793566,2.724145444
1783619928.270850658,0.755003107,4.211690960,2.719919328
1783619928.272490501,0.771850806,4.222076573,2.693749691
1783619928.279473305,0.794411266,4.215526294,2.670112527
1783619928.281089067,0.790575773,4.211695011,2.628238628
1783619928.282619715,0.811980509,4.215978169,2.601796386
1783619928.284113646,0.803533665,4.226084986,2.582501237
1783619928.285916805,0.808749317,4.245196078,2.544244363
1783619928.287505150,0.831827504,4.254867846,2.521257725
1783619928.292057753,0.829025601,4.263943612,2.517534633
1783619928.293118000,0.824953196,4.267687138,2.514651470
1783619928.294352770,0.826109171,4.267288587,2.510127060
1783619928.297484159,0.852693320,4.307621059,2.440219159
1783619928.299099207,0.882768472,4.322479926,2.410471734
1783619928.304633617,0.882232904,4.311990481,2.404166211
1783619928.305988789,0.861869716,4.311526074,2.390174237
1783619928.307554245,0.877208823,4.320105135,2.345611576
1783619928.309091091,0.903193587,4.320635876,2.312726267
1783619928.310828686,0.882887978,4.322052826,2.294844111
1783619928.317085743,0.907238339,4.312524284,2.257693762
1783619928.318176746,0.872276833,4.253687187,2.228287871
1783619928.319259882,0.865564883,4.236464397,2.221237527
1783619928.322587013,0.897296231,4.252513295,2.137467372
1783619928.327297688,0.914324329,4.227894512,2.101580729
1783619928.328436852,0.894462057,4.162184768,2.069094395
1783619928.329389095,0.888449373,4.139987182,2.060861282
1783619928.330890417,0.870952610,4.134520630,2.040142406
1783619928.334653139,0.905058377,4.134686944,1.960329896
1783619928.335811615,0.885178322,4.127191326,1.940706085
1783619928.337426662,0.900326694,4.124347588,1.903124049
1783619928.342091322,0.890994003,4.109453902,1.898618101
1783619928.343039751,0.866524422,4.085423645,1.891239151
1783619928.346048117,0.868725921,4.104965741,1.852246744
1783619928.347503185,0.877620365,4.101468618,1.834283978
1783619928.349271536,0.884550100,4.112918667,1.810271540
1783619928.354393721,0.880192173,4.107198871,1.816844937
1783619928.355826378,0.854750240,4.098479720,1.829166923
1783619928.357413292,0.867990880,4.107639509,1.817687006
1783619928.359724760,0.886402736,4.106474477,1.806288000
1783619928.360864878,0.883831745,4.111789601,1.814628072
1783619928.362492561,0.885530226,4.100097014,1.818321268
1783619928.367091179,0.907615894,4.111153353,1.803925310
1783619928.368181944,0.907828457,4.102519823,1.813784846
1783619928.369251966,0.910942934,4.110921489,1.814851490
1783619928.372653246,0.943077870,4.121446277,1.778598421
1783619928.374121666,0.960449081,4.129257734,1.756385051
1783619928.379717588,0.960107595,4.126006709,1.761264947
1783619928.381053686,0.963746810,4.123741028,1.762308119
1783619928.382609129,0.960344048,4.117916746,1.764451311
1783619928.384201527,0.970948718,4.116652584,1.759384839
1783619928.385958195,0.982985199,4.110907058,1.741996495
1783619928.388649940,1.002351138,4.110765941,1.718164066
1783619928.389611959,0.995229237,4.093248008,1.723347512
1783619928.392019272,0.994811358,4.086318770,1.725245423
1783619928.393085003,0.994357701,4.077653609,1.743545984
1783619928.394312382,0.997942565,4.076257156,1.758028834
1783619928.397628307,1.024789196,4.079074483,1.761687696
1783619928.403759241,1.038435020,4.088203900,1.761681885
1783619928.404813051,1.070704221,4.134366513,1.801099180
1783619928.407470703,1.085593652,4.142836333,1.834035675
1783619928.409657955,1.099107855,4.161833331,1.830336000
1783619928.410895824,1.109259624,4.172445061,1.853955774
1783619928.412633419,1.121800117,4.188337160,1.849561759
1783619928.417085409,1.125597796,4.203129308,1.860045300
1783619928.418190956,1.139026554,4.233928824,1.884862568
1783619928.419342756,1.141297104,4.250136412,1.891485715
1783619928.420911551,1.159263006,4.263652611,1.901724817
1783619928.429792881,1.172417549,4.274180479,1.903280904
1783619928.431137085,1.198188744,4.358485160,1.950059979
1783619928.432532310,1.206746761,4.383227549,1.962541018
1783619928.434078455,1.226350484,4.413770168,1.967397849
1783619928.435827494,1.240753027,4.436005269,1.981314074
1783619928.442068577,1.257917083,4.466919441,1.984518191
1783619928.443268061,1.297738088,4.574613516,2.019655757
1783619928.444532156,1.306763331,4.599579765,2.024428374
1783619928.446003437,1.326443160,4.624026758,2.028531040
1783619928.447614193,1.332034784,4.643565043,2.049438688
1783619928.454651117,1.344478982,4.668422897,2.060070377
1783619928.455812693,1.376036105,4.765057173,2.112503946
1783619928.457434177,1.393126150,4.809539264,2.119543437
1783619928.459251642,1.403366320,4.851137519,2.146921683
1783619928.460980654,1.408829972,4.887631557,2.174927907
1783619928.465496063,1.423396908,4.954968923,2.187065414
1783619928.466474056,1.463067202,5.133148838,2.215339418
1783619928.469326496,1.477458170,5.192253628,2.240116311
1783619928.470992088,1.491956638,5.246374316,2.261771849
1783619928.472578526,1.508094918,5.303676495,2.279987867
1783619928.479745388,1.520551315,5.370728779,2.284466568
1783619928.481109142,1.582087639,5.609896844,2.281585820
1783619928.482651234,1.596845808,5.680577409,2.275168866
1783619928.484260082,1.602134679,5.738014992,2.293791518
1783619928.485828161,1.604894821,5.787227168,2.321711788
1783619928.487517595,1.609508364,5.865147286,2.321774234
1783619928.492059708,1.622298719,5.924828261,2.312053298
1783619928.493097782,1.663520057,6.052762450,2.339037761
1783619928.494335413,1.685561199,6.122327946,2.330762133
1783619928.497670174,1.672511512,6.158505560,2.469667491
1783619928.499182940,1.707884889,6.300202288,2.482494722
1783619928.504364491,1.744324284,6.380925471,2.484321084
1783619928.505976200,1.865266340,6.613663478,2.584286120
1783619928.507505178,1.885915171,6.667083110,2.686181489
1783619928.509635687,1.905639517,6.754787945,2.722685477
1783619928.510819912,1.961140056,6.810213644,2.811041241
1783619928.512573242,1.986376614,6.898799310,2.847866330
1783619928.517083406,2.052039252,6.991146843,2.858049925
1783619928.518159628,2.266912365,7.283763077,2.947886487
1783619928.519232988,2.330915735,7.400703656,2.971601059
1783619928.522557259,2.302129521,7.458473877,3.195640428
1783619928.528779030,2.317522034,7.562400866,3.240465477
1783619928.530552149,2.565893685,8.036591899,3.241720417
1783619928.532320976,2.624861606,8.136709014,3.312190607
1783619928.533954144,2.687670439,8.253710939,3.312093997
1783619928.535623550,2.758082654,8.392844053,3.324330309
1783619928.536884546,2.766323146,8.518159381,3.382365695
1783619928.537971258,2.831685171,8.626099578,3.427215653
1783619928.539270401,2.908474358,8.772147876,3.425214505
1783619928.542574406,2.866432064,8.865188004,3.639586285
1783619928.544268131,2.875875664,8.993154542,3.722096931
1783619928.545943022,2.933836850,9.107464535,3.770609919
1783619928.547613859,2.935564496,9.219757231,3.879553989
1783619928.549178600,2.952185035,9.330287947,3.978750920
1783619928.554332256,3.014199901,9.448984342,3.986770861
1783619928.555875301,3.172917873,9.772445993,4.087271937
1783619928.557420254,3.168236217,9.859728640,4.222672755
1783619928.559509039,3.166600417,9.940529262,4.320311520
1783619928.561110497,3.217996904,10.073072506,4.408606805
1783619928.562476635,3.276923169,10.213696620,4.474164429
1783619928.567061424,3.290266903,10.336629710,4.610680544
1783619928.568151474,3.505890294,10.795737060,4.830679189
1783619928.569226503,3.594726665,10.966947452,4.886710886
1783619928.572580576,3.553789079,11.070848856,5.154117152
1783619928.575747728,3.584553180,11.221745748,5.281500109
1783619928.576998472,3.752841739,11.542307479,5.383629403
1783619928.578117132,3.832257666,11.698610249,5.429383271
1783619928.580869198,3.846628809,11.811370933,5.591665616
1783619928.582578421,3.897565840,11.950327049,5.658924493
1783619928.584643841,3.911028136,12.067184186,5.801155312
1783619928.585819006,3.955709893,12.192354490,5.874332936
1783619928.587424517,3.961958740,12.294830293,6.024090520
1783619928.590722799,4.026809625,12.424144366,6.070869810
1783619928.591808319,4.153377914,12.672979613,6.162896795
1783619928.592814922,4.219214924,12.802425054,6.205721101
1783619928.594340324,4.285175716,12.933892222,6.253800609
1783619928.596068382,4.329278426,13.055092087,6.320322299
1783619928.599113226,4.204936450,13.106697587,6.655215382
1783619928.604429722,4.205659422,13.190250273,6.831803099
1783619928.605899811,4.373189850,13.552873076,6.958270248
1783619928.607584000,4.325167025,13.605035464,7.148933119
1783619928.609117508,4.304762278,13.653395171,7.332053839
1783619928.610913515,4.328072554,13.756652057,7.375513126
1783619928.617121458,4.299112689,13.794732731,7.560281989
1783619928.618221283,4.480183143,14.218716815,7.679913111
1783619928.619323015,4.526732365,14.324987294,7.704743245
1783619928.620956182,4.475682625,14.366635067,7.894298404
1783619928.624255419,4.348677339,14.332608041,8.251763028
1783619928.629590034,4.378931404,14.418123766,8.273793768
1783619928.630949020,4.417530293,14.589923918,8.301569372
1783619928.632611513,4.354627815,14.552448972,8.470454786
1783619928.634163618,4.331088294,14.580858995,8.465165530
1783619928.635993004,4.247290817,14.532343972,8.616233954
1783619928.642111063,4.183169541,14.454724575,8.760886548
1783619928.643335819,4.146344580,14.390864169,8.727556122
1783619928.644725323,4.140881774,14.367664961,8.717916813
1783619928.645908833,4.136887195,14.324499736,8.701980138
1783619928.649310350,3.947954866,14.094434414,9.075207027
1783619928.651254416,3.938173956,14.047144464,9.060432633
1783619928.654522896,3.926175386,13.997940793,9.043229808
1783619928.655928135,3.883950684,13.906426680,9.017204233
1783619928.657453775,3.824571302,13.811520365,9.109535464
1783619928.659634829,3.792887148,13.723420858,9.183220649
1783619928.660826445,3.770048194,13.681533928,9.175631101
1783619928.662536621,3.747883361,13.588277638,9.230441759
1783619928.666552305,3.743207766,13.551617764,9.208134180
1783619928.667616844,3.728206658,13.460210297,9.169210444
1783619928.669255972,3.696092466,13.416939433,9.157331596
1783619928.670809269,3.655446407,13.331656394,9.209281103
1783619928.672526121,3.621918069,13.243469658,9.246923295
1783619928.679632664,3.598783684,13.170896341,9.261573399
1783619928.680951118,3.518855338,12.958851434,9.132182910
1783619928.682460070,3.506658048,12.897351770,9.086921134
1783619928.684253216,3.467889395,12.815847823,9.081492299
1783619928.685798168,3.434196358,12.722344586,9.051568617
1783619928.692017317,3.400753795,12.636154553,9.015301575
1783619928.693062305,3.304757391,12.218573244,8.780836659
1783619928.694274902,3.275496805,12.088405337,8.714003979
1783619928.695955276,3.234186147,11.956019360,8.652887572
1783619928.697637320,3.191169923,11.823393264,8.592285168
1783619928.704632998,3.150851205,11.691453819,8.525275197
1783619928.705988407,3.062040463,11.254879000,8.306445024
1783619928.707513809,3.010830259,11.103772947,8.219454548
1783619928.709165335,2.964790936,10.946271647,8.142093796
1783619928.710954189,2.929251095,10.785011728,8.060304577
1783619928.717113256,2.882450175,10.614647391,7.977456620
1783619928.718220949,2.684872645,9.883964694,7.640385392
1783619928.719290972,2.630189762,9.701272770,7.555308845
1783619928.722552299,2.584859299,9.530463921,7.439950263
1783619928.726503134,2.531893686,9.357276586,7.337148577
1783619928.727636814,2.408911162,8.979654955,7.152208686
1783619928.729449987,2.343207004,8.793626744,7.054245952
1783619928.730863094,2.287723523,8.609654160,6.953222972
1783619928.732445002,2.239199870,8.443797869,6.825478562
1783619928.734664917,2.182078165,8.274459205,6.703074912
1783619928.735800266,2.120930993,8.094981395,6.597313400
1783619928.737511635,2.066646424,7.926917787,6.472513948
1783619928.741616011,1.999240231,7.745159097,6.376110519
1783619928.742532492,1.850684533,7.391103959,6.186809371
1783619928.744231462,1.787517759,7.218547170,6.087606384
1783619928.745908737,1.731657855,7.071107037,5.954161162
1783619928.747467279,1.683609702,6.936961232,5.830468175
1783619928.749136925,1.632442943,6.803677328,5.706255858
1783619928.754331350,1.559066142,6.643853156,5.620916185
1783619928.755869389,1.370334133,6.242830238,5.397220311
1783619928.757628441,1.333456510,6.151625155,5.294109962
1783619928.759137392,1.302606571,6.059361795,5.200935391
1783619928.760886192,1.263189698,5.965869244,5.138753007
1783619928.762651920,1.243520251,5.891814176,5.060559518
1783619928.767122984,1.188864819,5.795042917,5.015573272
1783619928.768272161,1.085400470,5.573576102,4.880850059
1783619928.769382238,1.050144631,5.517355427,4.850998940
1783619928.770932436,1.041581781,5.498277303,4.768890560
1783619928.779700041,1.064214356,5.506001641,4.653068331
1783619928.781039715,0.960476856,5.326904042,4.525576646
1783619928.782425642,0.931614637,5.288740456,4.509331896
1783619928.784200191,0.933313387,5.273988057,4.440391927
1783619928.785972357,0.928469797,5.251630682,4.371701353
1783619928.788078070,0.927388953,5.227473840,4.314468773
1783619928.789130449,0.901370241,5.172778897,4.289234631
1783619928.792040586,0.872185141,5.119748617,4.264162524
1783619928.793099165,0.828025912,5.024291262,4.220828055
1783619928.794348240,0.810210587,4.970269836,4.207330687
1783619928.797739983,0.829560317,4.975441264,4.124692836
1783619928.799137831,0.843309644,4.947585704,4.089044528
1783619928.804120302,0.829944817,4.908795036,4.074073993
1783619928.805858850,0.787542372,4.773526206,4.022100067
1783619928.807604790,0.782939271,4.752468957,3.974165261
1783619928.809667826,0.787372577,4.718258648,3.927456479
1783619928.810892344,0.765356874,4.673779805,3.904312425
1783619928.812581301,0.771731273,4.650661909,3.861974567
1783619928.817057610,0.754823986,4.611181546,3.843018006
1783619928.818109751,0.724530712,4.512082233,3.789567166
1783619928.819215298,0.720799189,4.484791521,3.774026299
1783619928.822593212,0.748771902,4.496657239,3.710622912
1783619928.829620838,0.766605057,4.491757702,3.684299321
1783619928.830905199,0.739240626,4.424667867,3.642642678
1783619928.832607508,0.742000684,4.415249852,3.614448402
1783619928.834192991,0.728126371,4.407609648,3.606380846
1783619928.835757494,0.738030656,4.409806922,3.576402942
1783619928.842082739,0.753255873,4.416209237,3.553134950
1783619928.843115568,0.732206494,4.391129733,3.559722371
1783619928.844361305,0.731710809,4.383770924,3.559141254
1783619928.847612381,0.759614041,4.414040660,3.498026233
1783619928.854378700,0.777797972,4.429010513,3.467544913
1783619928.855764151,0.745262963,4.405353670,3.418402974
1783619928.857557297,0.757046494,4.418985298,3.372388896
1783619928.859629869,0.779658710,4.433505888,3.333668486
1783619928.860827684,0.770865798,4.433736986,3.325094570
1783619928.862567663,0.788241008,4.445926606,3.287232317
1783619928.865234375,0.780455196,4.433089942,3.281221717
1783619928.866292477,0.768165332,4.423440840,3.271892365
1783619928.869388103,0.785637850,4.442674200,3.234882921
1783619928.870796442,0.776691887,4.445669136,3.225896996
1783619928.872609615,0.798853450,4.462024644,3.175541817
1783619928.879810333,0.817819001,4.471320628,3.140012425
1783619928.881287813,0.798703901,4.445307615,3.100514377
1783619928.882465124,0.790841501,4.437179921,3.090140438
1783619928.884083509,0.812912975,4.448921210,3.046566485
1783619928.885871887,0.832401895,4.453633623,3.002784312
1783619928.887419701,0.848780798,4.462428055,2.962902117
1783619928.892039299,0.841323368,4.452827550,2.953194394
1783619928.893094540,0.818318705,4.419029752,2.909810510
1783619928.894335508,0.815352164,4.404329127,2.900513873
1783619928.897658587,0.845990948,4.427706393,2.826700572
1783619928.899122000,0.859832308,4.420178681,2.797450254
1783619928.904583454,0.850122825,4.404376248,2.792762266
1783619928.905938625,0.827148932,4.371483315,2.762042639
1783619928.907519102,0.833082681,4.374902066,2.728077777
1783619928.909164906,0.845000774,4.369215938,2.707863095
1783619928.911001682,0.834590241,4.364500659,2.686478604
1783619928.917126894,0.848949593,4.365674559,2.670026418
1783619928.918207884,0.830681716,4.370657741,2.672445781
1783619928.919270039,0.832234735,4.372102634,2.677179242
1783619928.922641039,0.850046652,4.409634340,2.625519788
1783619928.924109697,0.864244559,4.422026543,2.617285338
1783619928.926423788,0.864801950,4.429744425,2.624194307
1783619928.927576065,0.869855783,4.438922101,2.632438929
1783619928.929691553,0.875784329,4.451480818,2.635396524
1783619928.930876493,0.875288215,4.474645739,2.630232132
1783619928.932582378,0.892595326,4.499655605,2.623839141
1783619928.934126377,0.893627207,4.524196735,2.615181347
1783619928.935917854,0.899221204,4.551896279,2.596263894
1783619928.942074537,0.912675851,4.576062878,2.592149832
1783619928.943120003,0.920942465,4.658891021,2.591151217
1783619928.944362879,0.921367735,4.672045028,2.594693519
1783619928.947676659,0.927025715,4.704773251,2.552264679
1783619928.949126005,0.928773681,4.719889195,2.547004523
1783619928.954583168,0.930151179,4.729427634,2.547962323
1783619928.955934048,0.923308724,4.759055948,2.537869230
1783619928.957495451,0.923932055,4.770809346,2.528907186
1783619928.959207535,0.925955815,4.788230624,2.523700679
1783619928.961072445,0.926236445,4.800228302,2.525553904
1783619928.967030525,0.931268852,4.809264326,2.524280291
1783619928.968098164,0.943677776,4.873678299,2.541158813
1783619928.970862389,0.948438611,4.898330651,2.536693703
1783619928.972556353,0.943557587,4.920879447,2.547099897
1783619928.979730844,0.953809747,4.942280892,2.546462480
1783619928.981145382,0.960025264,5.041746018,2.570415701
1783619928.982651711,0.961155091,5.080628584,2.572550054
1783619928.984255791,0.968665163,5.112359715,2.572115931
1783619928.985823870,0.975975768,5.142054270,2.578161462
1783619928.987491846,0.978942913,5.197237525,2.579325125
1783619928.989392042,0.981980281,5.239557127,2.581638399
1783619928.992105007,0.988019712,5.296030931,2.587773320
1783619928.993317127,1.002608890,5.390916024,2.601802365
1783619928.994677544,1.014342520,5.447768844,2.603566548
1783619928.997484922,1.025347862,5.504726065,2.613441068
1783619928.999293804,1.036871844,5.560467927,2.621762403
1783619929.004436731,1.051041212,5.603799413,2.621716235
1783619929.005941868,1.091394316,5.775618941,2.642050433
1783619929.007612705,1.103619640,5.828434158,2.639039483
1783619929.009098291,1.119973565,5.872958407,2.653430914
1783619929.010840178,1.136969811,5.928515299,2.658292782
1783619929.012532473,1.157286177,5.966941188,2.666734987
1783619929.017100096,1.174360210,6.020337742,2.670849129
1783619929.018177032,1.247274724,6.180796241,2.692748838
1783619929.019270658,1.281352792,6.243371318,2.698176386
1783619929.020907879,1.301734962,6.306038715,2.735243244
1783619929.029659510,1.304030083,6.366013743,2.777670044
1783619929.031013012,1.477322457,6.659826071,2.840869113
1783619929.032428503,1.521218259,6.736058869,2.853669675
1783619929.034239292,1.551389919,6.816354341,2.897470105
1783619929.035858393,1.572405702,6.889527019,2.942067098
1783619929.042108774,1.596986793,6.964615327,2.978932755
1783619929.043164968,1.831471853,7.294619211,3.053812656
1783619929.044411421,1.888008340,7.383586793,3.076371092
1783619929.047668457,1.886314942,7.457880131,3.173031502
1783619929.049117327,1.910512230,7.556951992,3.234379474
1783619929.054509640,1.970889860,7.663058262,3.264248666
1783619929.055802345,2.149991148,7.974715695,3.331876661
1783619929.057563305,2.181416127,8.082335346,3.373491121
1783619929.059108734,2.247146231,8.175211259,3.394567070
1783619929.061067581,2.253640418,8.272434436,3.471758171
1783619929.065582514,2.255377800,8.366983470,3.526963602
1783619929.066596031,2.407270623,8.690915454,3.570562845
1783619929.067536592,2.460918571,8.810314098,3.611052456
1783619929.072092772,2.437240389,8.915494268,3.751384906
1783619929.073289394,2.566097465,9.207386569,3.864464261
1783619929.074396610,2.632124125,9.379640516,3.919569760
1783619929.079642057,2.652432363,9.545900483,4.033599719
1783619929.081163883,2.817959617,9.945644805,4.184414687
1783619929.082620621,2.900754653,10.158420957,4.247346526
1783619929.084194660,2.951917379,10.349779215,4.368935372
1783619929.085963488,2.997146591,10.536353025,4.488916625
1783619929.092101812,3.040046469,10.738306454,4.597857729
1783619929.093262911,3.389567586,11.497795240,4.797123228
1783619929.094534397,3.464554762,11.677601089,4.839056774
1783619929.097637177,3.443038785,11.821665403,5.032430626
1783619929.099207401,3.460303560,11.996494978,5.152047406
1783619929.104610205,3.535194557,12.177962888,5.211251881
1783619929.105999708,3.808047887,12.784911644,5.444083671
1783619929.107553482,3.858147096,12.997242134,5.586125885
1783619929.109106064,3.915464965,13.200102829,5.714017050
1783619929.111011982,4.029193238,13.399504918,5.782556902
1783619929.117106438,4.069333373,13.591003134,5.904180510
1783619929.118189812,4.410747302,14.287291513,6.078478944
1783619929.119249105,4.490994507,14.424929200,6.122083278
1783619929.122576475,4.447218476,14.523604087,6.310516410
1783619929.125537872,4.461537425,14.633595221,6.423274009
1783619929.126562119,4.570386944,14.855314745,6.513045434
1783619929.127609968,4.614563750,14.946278987,6.551853680
1783619929.129680634,4.667352984,15.033643620,6.586016734
1783619929.132535458,4.667803422,15.087710540,6.700071945
1783619929.134598017,4.665800853,15.137042810,6.787718652
1783619929.135988235,4.709836704,15.188555296,6.823366234
1783619929.137444735,4.697206976,15.224305063,6.914958449
1783619929.140321016,4.732242198,15.269913596,6.931326375
1783619929.141302586,4.801788813,15.356008449,6.974305102
1783619929.144368887,4.784103492,15.375544545,7.080444114
1783619929.145932913,4.823694420,15.419440146,7.111419742
1783619929.147590876,4.804058870,15.436198471,7.234131475
1783619929.149149418,4.766619569,15.454154612,7.349562376
1783619929.154406071,4.804297627,15.496012055,7.370644672
1783619929.155996561,4.877037353,15.584796425,7.408170491
1783619929.157602787,4.821162526,15.579501886,7.529614206
1783619929.159688950,4.749803446,15.571189950,7.646282857
1783619929.161130905,4.758717827,15.587679051,7.653682628
1783619929.162719488,4.762492484,15.599250308,7.657262555
1783619929.167085886,4.685803702,15.580806740,7.780986165
1783619929.168159962,4.705573545,15.587786231,7.804981744
1783619929.169224024,4.711859164,15.591074361,7.810594761
1783619929.172654867,4.550045528,15.511673436,8.074390152
1783619929.174174786,4.475788494,15.482559673,8.205932139
1783619929.179478884,4.484167585,15.478914740,8.212813560
1783619929.180802822,4.510272488,15.497154960,8.250340301
1783619929.182484150,4.441127849,15.451022581,8.363290425
1783619929.184278488,4.364128166,15.409443883,8.470350629
1783619929.185945988,4.361385544,15.391815080,8.462921487
1783619929.192081928,4.289269869,15.333626786,8.543753583
1783619929.193218470,4.229356185,15.176623974,8.441111216
1783619929.194474936,4.206168319,15.120346037,8.409573837
1783619929.195911646,4.111088442,15.024492765,8.469439184
1783619929.203201771,3.960755638,14.892362576,8.619555903
1783619929.204250097,3.887657425,14.700450407,8.514660208
1783619929.205935717,3.864700924,14.639447947,8.482255065
1783619929.207495451,3.786478768,14.544126812,8.524521196
1783619929.209677696,3.711248347,14.455214325,8.550621380
1783619929.210949659,3.675402368,14.390672380,8.522598427
1783619929.212634802,3.599110731,14.289948824,8.538369341
1783619929.217118025,3.562553437,14.208103136,8.493811929
1783619929.218198299,3.444108722,13.942341165,8.354753364
1783619929.219272852,3.409189956,13.846001650,8.317547810
1783619929.222609282,3.284804663,13.711818031,8.363789595
1783619929.224106073,3.211768698,13.592926814,8.349641859
1783619929.229506969,3.169557442,13.475165382,8.300735344
1783619929.230782270,3.027306221,13.076371751,8.118130170
1783619929.232434511,2.951113985,12.915449728,8.083920613
1783619929.234163761,2.867588882,12.748833623,8.037522814
1783619929.235876560,2.805072566,12.587452051,7.964360331
1783619929.242140770,2.723412791,12.399589765,7.899519774
1783619929.243303537,2.444397956,11.611767227,7.554497539
1783619929.244611740,2.370164455,11.387670792,7.461507917
1783619929.246022224,2.284980947,11.166794561,7.364060358
1783619929.247614622,2.199148248,10.927002085,7.257481768
1783619929.254633904,2.107820732,10.701986550,7.136060091
1783619929.255774975,1.848569162,9.956933219,6.793665218
1783619929.257580519,1.765205505,9.725384975,6.659877488
1783619929.259127140,1.692692900,9.486371840,6.520388993
1783619929.260957718,1.599562548,9.243260515,6.397997021
1783619929.266523838,1.520058412,9.014778024,6.261309585
1783619929.267529726,1.281127423,8.320246230,5.941664320
1783619929.269148111,1.205457648,8.100457550,5.838206213
1783619929.270883322,1.155070394,7.915515671,5.706123498
1783619929.272602558,1.104281519,7.738957212,5.588300375
1783619929.279453754,1.056849475,7.558580354,5.470678943
1783619929.281004429,0.858029584,6.913091650,5.160201726
1783619929.282647371,0.831193980,6.792980518,5.065952912
1783619929.284185171,0.816078873,6.685184722,4.974523011
1783619929.285880566,0.783872609,6.562301589,4.919029049
1783619929.292090178,0.776943897,6.474333694,4.835519216
1783619929.293145418,0.685036477,6.083056434,4.646248603
1783619929.294356585,0.667129716,6.000401092,4.598746831
1783619929.296017408,0.661654465,5.933538862,4.517965804
1783619929.297581196,0.663128743,5.865882909,4.448467401
1783619929.304593801,0.658636598,5.805055495,4.370915663
1783619929.305976391,0.607990686,5.554438861,4.234612551
1783619929.307563782,0.608177407,5.493478180,4.156725535
1783619929.309130192,0.611269958,5.428423451,4.098481583
1783619929.310946465,0.594592421,5.346106208,4.052354240
1783619929.313374281,0.596429114,5.284158045,3.992420527
1783619929.314498186,0.579449311,5.204238663,3.955506389
1783619929.317108631,0.567952957,5.122507428,3.916391975
1783619929.318228483,0.533326614,4.963377647,3.828627334
1783619929.319341898,0.521102476,4.889664478,3.790795298
1783619929.320915699,0.526415363,4.825236975,3.733507560
1783619929.328501701,0.544653485,4.778250743,3.655500625
1783619929.329684496,0.502237483,4.575800813,3.567909949
1783619929.330868244,0.492625966,4.506918427,3.536858055
1783619929.332547903,0.497455109,4.448196482,3.481273058
1783619929.342159986,0.506434020,4.405868143,3.411221127
1783619929.343390226,0.382141483,4.028833094,3.212489981
1783619929.344793081,0.358137960,3.972670148,3.187342918
1783619929.345970631,0.332263182,3.928347057,3.162948096
1783619929.347620726,0.323174278,3.889041037,3.121865734
1783619929.354431629,0.327253728,3.868605797,3.063613616
1783619929.355789900,0.272554392,3.750672664,2.981209584
1783619929.357607126,0.269584609,3.724998002,2.938863900
1783619929.359577417,0.262565129,3.695866696,2.905454830
1783619929.361039877,0.250102800,3.672703583,2.880992949
1783619929.362560987,0.234838796,3.643786083,2.867661090
1783619929.367106199,0.233267515,3.631586641,2.844738012
1783619929.368172884,0.217648394,3.570549225,2.826204515
1783619929.369253397,0.220346209,3.556058102,2.826784974
1783619929.372601748,0.240360790,3.559243449,2.800358054
1783619929.379818201,0.251674365,3.551603409,2.789319545
1783619929.381199360,0.275211972,3.522740053,2.801170531
1783619929.382614136,0.280865269,3.517993728,2.803200804
1783619929.384198189,0.294470471,3.520505329,2.789891049
1783619929.385958433,0.305563097,3.535456592,2.774080624
1783619929.390417814,0.317990265,3.537263379,2.753649231
1783619929.391443729,0.318696292,3.534469365,2.745475403
1783619929.392685890,0.317866910,3.544928555,2.735104035
1783619929.397261381,0.347157960,3.568500049,2.692716766
1783619929.398444891,0.342999754,3.569479281,2.674817708
1783619929.399541378,0.342797899,3.574476892,2.671673407
1783619929.404354095,0.355549832,3.580444597,2.648328102
1783619929.406004667,0.340171914,3.569742861,2.620309815
1783619929.407660484,0.352034861,3.569944761,2.583719457
1783619929.409121990,0.364230383,3.568281651,2.553613672
1783619929.411073685,0.349885062,3.562585462,2.530124195
1783619929.417095661,0.366757717,3.562584099,2.500674334
1783619929.418215990,0.334012413,3.517826935,2.457012978
1783619929.419279099,0.324051576,3.513006186,2.450668155
1783619929.422644854,0.348637003,3.543065555,2.388748588
1783619929.424161911,0.360926631,3.553822669,2.365060337
1783619929.429637432,0.353211368,3.547336701,2.358677440
1783619929.430975914,0.318022033,3.527209212,2.348931480
1783619929.432468414,0.309577207,3.521458269,2.345544047
1783619929.434285402,0.315869823,3.532111522,2.313112305
1783619929.435821772,0.329994093,3.542693471,2.276029360
1783619929.442109108,0.344863171,3.547072496,2.250029175
1783619929.443196535,0.325877158,3.527641238,2.244523927
1783619929.444514513,0.325114138,3.528310829,2.254995055
1783619929.445969105,0.347176552,3.534537429,2.232091814
1783619929.449217319,0.380900195,3.567362021,2.184600266
1783619929.453255653,0.385398412,3.569030977,2.188086939
1783619929.454263926,0.390463643,3.562931725,2.200174625
1783619929.455969572,0.388496942,3.578844039,2.203058105
1783619929.457542181,0.410303308,3.592947449,2.178697853
1783619929.459702015,0.431602797,3.614380727,2.161575713
1783619929.460974455,0.429076798,3.620349904,2.154843661
1783619929.462543011,0.428184919,3.624503986,2.163622910
1783619929.467038870,0.457600978,3.640563929,2.142221924
1783619929.468142509,0.454407838,3.663742109,2.144317110
1783619929.469224930,0.457391307,3.666185816,2.149825056
1783619929.472602844,0.496220779,3.694655960,2.104476650
1783619929.479823351,0.514617898,3.703892424,2.089265528
1783619929.481162310,0.523617788,3.737937148,2.097179785
1783619929.482578278,0.528724801,3.744141038,2.101405464
1783619929.484183788,0.545256211,3.762764302,2.081961067
1783619929.485776186,0.562637851,3.776916715,2.071208903
1783619929.492038012,0.586305854,3.793976803,2.062894850
1783619929.493137598,0.603197913,3.849830498,2.071402041
1783619929.494396925,0.611672687,3.866594535,2.080118864
1783619929.497619390,0.643580935,3.905666131,2.058530195
1783619929.499129772,0.654812169,3.932304405,2.059569610
1783619929.504433155,0.663197060,3.956983672,2.065098179
1783619929.505796671,0.668342397,4.051356927,2.096792766
1783619929.507575274,0.680078488,4.086382082,2.106350336
1783619929.509768486,0.691121795,4.128278206,2.109547675
1783619929.511032104,0.696163894,4.168873448,2.128453145
1783619929.512456417,0.699372707,4.212046005,2.145513512
1783619929.515077114,0.712780150,4.262232687,2.158733472
1783619929.516133785,0.720436787,4.314099639,2.171982030
1783619929.517620802,0.726912303,4.360574207,2.199212452
1783619929.519174099,0.743459601,4.420655028,2.208393007
1783619929.520833015,0.748537974,4.471585005,2.237111864
1783619929.522505283,0.763871422,4.529736384,2.259182008
1783619929.529687405,0.775915508,4.592814514,2.277553104
1783619929.531177998,0.833274959,4.864206600,2.374719493
1783619929.532679796,0.843936321,4.934773445,2.393543306
1783619929.534290791,0.868493486,5.002345289,2.421382469
1783619929.535879612,0.894015767,5.078672881,2.447919362
1783619929.537478685,0.914521385,5.154751844,2.455801630
1783619929.542082310,0.930590267,5.239281046,2.472939888
1783619929.543139458,0.995797669,5.494013397,2.528820068
1783619929.544475079,1.021930786,5.593194353,2.544840809
1783619929.546143293,1.044730791,5.684412678,2.557273596
1783619929.547696590,1.073576813,5.777904320,2.595499191
1783619929.554435015,1.091458695,5.868117575,2.623011527
1783619929.555845499,1.189106558,6.127943969,2.674120977
1783619929.557625532,1.206633760,6.217095834,2.702045813
1783619929.559747934,1.228714165,6.301051915,2.709781289
1783619929.561270714,1.264465447,6.384855206,2.736548014
1783619929.562625885,1.298604301,6.468094711,2.742895289
1783619929.564171553,1.319769771,6.561287273,2.760231461
1783619929.567151785,1.358326120,6.646412556,2.768563460
1783619929.568349361,1.431549825,6.825926634,2.811127459
1783619929.569463730,1.472964396,6.916312979,2.832222711
1783619929.572633505,1.464011272,7.001176330,2.892766958
1783619929.575081825,1.488235016,7.094792372,2.920380735
1783619929.576087236,1.539642427,7.201608850,2.943512739
1783619929.579570293,1.594673832,7.303389712,2.958345241
1783619929.580846786,1.716089795,7.523456132,3.007201163
1783619929.582515001,1.754393222,7.636293375,3.051019260
1783619929.584296465,1.788076815,7.746795665,3.107046645
1783619929.585950851,1.854403932,7.863795608,3.140496561
1783619929.590377092,1.899741247,7.979993980,3.192640616
1783619929.591388226,2.120325778,8.381140439,3.262345385
1783619929.592640877,2.181105582,8.501864440,3.285390442
1783619929.597262144,2.164205632,8.598712668,3.385355063
1783619929.598479748,2.316020499,8.852411904,3.439024082
1783619929.599562883,2.396690143,8.996874159,3.470196354
1783619929.604329586,2.429786402,9.134669358,3.545515948
1783619929.606002808,2.595757190,9.439870935,3.612429827
1783619929.607577085,2.638676840,9.591402167,3.702888970
1783619929.609692812,2.698992048,9.743498647,3.784558279
1783619929.610954285,2.797803252,9.915644088,3.816214705
1783619929.612683058,2.843040208,10.079184468,3.899429869
1783619929.617093086,2.935159930,10.244373330,3.890756599
1783619929.618185997,3.130081167,10.604416310,3.934697385
1783619929.619259834,3.225973092,10.780490583,3.942347525
1783619929.622479916,3.216626874,10.909094714,4.118281292
1783619929.624140739,3.318761420,11.228345839,4.236161477
1783619929.629515409,3.382906592,11.393006875,4.269567816
1783619929.630810261,3.555430910,11.856563514,4.386396427
1783619929.632492781,3.550576423,12.005733384,4.532446958
1783619929.634277582,3.575915798,12.166364632,4.666774495
1783619929.635952234,3.662391933,12.339859585,4.704435165
1783619929.642088652,3.671408784,12.479085190,4.836058069
1783619929.643264055,3.880595987,13.034026233,4.923550612
1783619929.644536257,3.923890686,13.153919905,4.938034134
1783619929.645983219,3.916703754,13.228534058,5.043565218
1783619929.649194717,3.862416211,13.281133628,5.237642392
1783619929.652973890,3.893046289,13.361082670,5.262108435
1783619929.654439688,3.957239186,13.516441729,5.318050075
1783619929.655863285,3.981248252,13.598796449,5.359945882
1783619929.657452106,3.968658610,13.630715475,5.479285093
1783619929.659088612,3.961711813,13.677732434,5.591881918
1783619929.660907507,3.996723614,13.737114629,5.635764752
1783619929.667105675,3.992149460,13.786899898,5.758278305
1783619929.668290377,4.216915674,14.068868827,5.954330391
1783619929.669411898,4.281364435,14.158179125,6.014596791
1783619929.670997858,4.317338817,14.226274465,6.140858600
1783619929.672584534,4.351822570,14.295120045,6.269851162
1783619929.679688931,4.378733223,14.359370074,6.403855898
1783619929.681040287,4.580116574,14.603099798,6.524296048
1783619929.682426691,4.636368514,14.671710990,6.556375235
1783619929.684193611,4.628425308,14.700781385,6.675118348
1783619929.685750246,4.595389551,14.730005837,6.787805065
1783619929.692123175,4.563041083,14.741375295,6.914598022
1783619929.693316698,4.601190869,14.859891792,6.937985937
1783619929.694598913,4.603299824,14.866626069,6.932813238
1783619929.696015596,4.536139625,14.836926876,7.040999794
1783619929.697605848,4.511901510,14.836151256,7.017818521
1783619929.704653263,4.341698870,14.766201482,7.233808292
1783619929.705793619,4.268447510,14.715991688,7.175110023
1783619929.707617283,4.158745521,14.660411709,7.255770045
1783619929.709166765,4.069889892,14.602194344,7.350925603
1783619929.711053371,4.028792823,14.563299601,7.303552751
1783619929.715188742,3.941203262,14.492568369,7.384564783
1783619929.716140747,3.854615930,14.313155353,7.305323111
1783619929.717629433,3.796360233,14.260780906,7.260073540
1783619929.719277859,3.684024809,14.156094242,7.322518123
1783619929.722485065,3.535662708,14.079705727,7.332631484
1783619929.724195242,3.437754694,13.976906780,7.364850674
1783619929.729489326,3.406964172,13.888155014,7.325775823
1783619929.730834007,3.255261385,13.625293337,7.180291333
1783619929.732578754,3.154120583,13.498783300,7.200113212
1783619929.734155655,3.093029135,13.403428211,7.140207915
1783619929.735964060,2.977891471,13.288595123,7.135531199
1783619929.742012024,2.887008866,13.159643471,7.128744899
1783619929.743097305,2.676706738,12.657808713,6.908822800
1783619929.744334459,2.625966416,12.509317783,6.848634795
1783619929.746012211,2.511229214,12.358304556,6.805777016
1783619929.754629135,2.377056432,12.192828662,6.772780024
1783619929.755783796,2.126930553,11.497086639,6.466365055
1783619929.757565975,2.025504537,11.307740857,6.394911522
1783619929.759119272,1.949137569,11.109574595,6.316971914
1783619929.760971069,1.868661065,10.912543612,6.224217009
1783619929.767154932,1.789960837,10.707480267,6.143545385
1783619929.768262625,1.501209127,9.820414766,5.769158693
1783619929.769351006,1.424640406,9.586477408,5.671293346
1783619929.770906925,1.332374424,9.357794358,5.567462287
1783619929.777879477,1.244056774,9.144482312,5.447232957
1783619929.779700994,1.028818295,8.498578335,5.224066540
1783619929.780989647,0.961469781,8.315374455,5.162800058
1783619929.782423258,0.913022473,8.150076033,5.116931084
1783619929.784235477,0.868166063,7.998507888,5.049380423
1783619929.785796881,0.833861599,7.863309512,4.986546761
1783619929.792049646,0.813633742,7.741746402,4.926935740
1783619929.793169022,0.729614599,7.293555485,4.747826702
1783619929.794424772,0.707238143,7.197606615,4.698026382
1783619929.797491312,0.714949541,7.131836169,4.607432561
1783619929.799160242,0.707815571,7.053955635,4.539682390
1783619929.804408073,0.681018717,6.963205907,4.491950417
1783619929.805753469,0.633046290,6.718159150,4.380450473
1783619929.807610273,0.625914849,6.657989945,4.320968388
1783619929.809650421,0.626172412,6.592298021,4.269634187
1783619929.810923100,0.614551401,6.525571927,4.224416717
1783619929.812616587,0.612277036,6.461796006,4.172020329
1783619929.817090750,0.594056016,6.390095439,4.141148312
1783619929.818158865,0.560444506,6.177700186,4.036269815
1783619929.820955515,0.578612200,6.127380469,3.964110956
1783619929.822543144,0.571038521,6.056345002,3.919973627
1783619929.824512005,0.569131332,5.988603593,3.866167401
1783619929.829470396,0.556286037,5.910213522,3.828941052
1783619929.831075191,0.509040076,5.670192416,3.711446612
1783619929.832436323,0.506188969,5.595557107,3.661015191
1783619929.834230900,0.503995956,5.526508625,3.607411431
1783619929.835880756,0.491847788,5.443726969,3.559387429
1783619929.839532852,0.488910001,5.368464402,3.513084442
1783619929.842049122,0.451266133,5.197613253,3.442897886
1783619929.843131304,0.427827269,5.037889795,3.365557980
1783619929.844355106,0.413079311,4.957814588,3.330572803
1783619929.847611189,0.426725155,4.897423381,3.267190081
1783619929.854447603,0.416765693,4.815137253,3.219723272
1783619929.855914116,0.347280029,4.492474792,3.068664583
1783619929.857456923,0.337094703,4.421035714,3.013430216
1783619929.859128952,0.327594125,4.349836717,2.975854273
1783619929.861044407,0.306140177,4.279052921,2.937717733
1783619929.867160797,0.294725988,4.216888539,2.896822046
1783619929.868240595,0.226646958,3.997704101,2.782620664
1783619929.869297981,0.209416759,3.957590935,2.754318064
1783619929.872684717,0.215925571,3.918036547,2.707195910
1783619929.874200106,0.208299050,3.886525670,2.678650954
1783619929.879673481,0.191677967,3.852216411,2.656003966
1783619929.881276608,0.151537121,3.746119228,2.599908035
1783619929.882658482,0.138213835,3.710519128,2.580557659
1783619929.884311199,0.137189412,3.683637728,2.561205301
1783619929.885989904,0.128806684,3.658007149,2.544869279
1783619929.887777328,0.124560331,3.627039766,2.529506215
1783619929.889302254,0.126363781,3.599581519,2.513499254
1783619929.890891552,0.131132015,3.579389229,2.484288292
1783619929.892748833,0.129974441,3.565922026,2.479050736
1783619929.894209385,0.125871517,3.539899885,2.449181950
1783619929.896074295,0.132356504,3.528212167,2.423585079
1783619929.897438049,0.130659726,3.512977309,2.403046818
1783619929.899219036,0.134888436,3.505599267,2.382243257
1783619929.902046680,0.135356929,3.494211606,2.370477383
1783619929.903057337,0.127356740,3.467452186,2.346903374
1783619929.906671524,0.131593497,3.463207291,2.326557597
1783619929.907766104,0.126324380,3.437991089,2.295211848
1783619929.909103394,0.118373952,3.430912047,2.283388975
1783619929.910861969,0.122421762,3.421341554,2.259066940
1783619929.917146206,0.118941660,3.417268869,2.243947855
1783619929.918226719,0.102061115,3.376561937,2.197392810
1783619929.919317007,0.092965952,3.357904886,2.184780024
1783619929.922630548,0.114709271,3.355802922,2.148006266
1783619929.929674625,0.121128865,3.353621743,2.127965953
1783619929.931005478,0.097033996,3.297462947,2.084425259
1783619929.932638884,0.104295559,3.287137809,2.064906595
1783619929.934269905,0.099736187,3.284107632,2.052572046
1783619929.935829401,0.107731319,3.278680616,2.035723921
1783619929.942103148,0.119068314,3.276714748,2.017863247
1783619929.943250895,0.095700948,3.245257507,2.007978355
1783619929.944533110,0.089316797,3.236462670,2.005229767
1783619929.945941210,0.098805826,3.227021228,1.986680005
1783619929.949247599,0.122700362,3.235152639,1.952099324
1783619929.954401731,0.117662264,3.220073016,1.944385268
1783619929.955758810,0.098304140,3.196131977,1.927661141
1783619929.957598686,0.104062915,3.191210727,1.904135576
1783619929.959577084,0.116437104,3.192526157,1.890695328
1783619929.960810423,0.112039609,3.184576115,1.889131182
1783619929.962507963,0.128604081,3.184905141,1.878618780
1783619929.967156887,0.128994700,3.181745588,1.882468385
1783619929.968307018,0.135457876,3.174104244,1.898716839
1783619929.969426870,0.138703794,3.165738754,1.906082713
1783619929.972652197,0.171125469,3.186238504,1.881297056
1783619929.974098206,0.185673559,3.193800143,1.880218796
1783619929.979473114,0.190298312,3.192501233,1.885369023
1783619929.980952024,0.192648146,3.207975612,1.912478460
1783619929.982604504,0.209176999,3.220232110,1.904894607
1783619929.984176636,0.207976602,3.229110384,1.907045601
1783619929.985947609,0.223913417,3.241322149,1.891755575
1783619929.992108107,0.243413952,3.257233280,1.885813681
1783619929.993307829,0.236498400,3.277406510,1.891987490
1783619929.994592190,0.234151497,3.279190024,1.892072706
1783619929.997620106,0.262423531,3.305064545,1.861152365
1783619929.999205351,0.275545126,3.311211143,1.855489804
1783619930.004448891,0.274104056,3.316361697,1.863464235
1783619930.005897999,0.270269418,3.341701218,1.882509687
1783619930.007469654,0.279045780,3.365320431,1.878294284
1783619930.009098291,0.296822695,3.380415413,1.879422184
1783619930.010941505,0.291523346,3.394244468,1.881705025
1783619930.012497425,0.303296738,3.408229576,1.880111877
1783619930.017114162,0.308405446,3.420874974,1.888713831
1783619930.018241405,0.301090909,3.466048098,1.914261817
1783619930.019298077,0.306307461,3.470462268,1.925618859
1783619930.022646189,0.326034161,3.493562008,1.911268967
1783619930.029765844,0.347233286,3.513568116,1.913885958
1783619930.031084776,0.357878631,3.594318625,1.989864546
1783619930.032544851,0.368977338,3.623830505,2.007483914
1783619930.034116507,0.381957110,3.652348790,2.021014995
1783619930.035942078,0.392932793,3.676129252,2.026263286
1783619930.040173054,0.415237710,3.703789386,2.032285835
1783619930.041147709,0.429468684,3.760627145,2.062210233
1783619930.042625427,0.435701837,3.788088585,2.073948861
1783619930.044136763,0.455764421,3.825007667,2.083091039
1783619930.045877695,0.461362788,3.862700325,2.099539817
1783619930.047580719,0.475406906,3.898812979,2.111519759
1783619930.054416895,0.488450780,3.932817635,2.115073486
1783619930.056018114,0.522239244,4.078887455,2.177700360
1783619930.057562590,0.539648024,4.122878828,2.185760912
1783619930.059218884,0.537964922,4.165142989,2.207897847
1783619930.060939312,0.547964579,4.209156538,2.223964760
1783619930.062455177,0.554867176,4.247259585,2.233957802
1783619930.067166090,0.566203900,4.294575765,2.234578154
1783619930.068261147,0.581333779,4.429163495,2.275499789
1783619930.069355011,0.590614973,4.489308904,2.284949143
1783619930.072643995,0.601888254,4.537541753,2.310690834
1783619930.074176073,0.616772300,4.596737048,2.317132214
1783619930.079641819,0.625533798,4.667304117,2.333178197
1783619930.081003189,0.642367527,4.877111218,2.406888141
1783619930.082452059,0.655137246,4.962264300,2.427372693
1783619930.084253788,0.674234710,5.045752822,2.459825124
1783619930.085792542,0.698887898,5.137904736,2.492608722
1783619930.087528944,0.723931082,5.240791690,2.513571515
1783619930.092108011,0.752259312,5.343947113,2.534939047
1783619930.093267918,0.837235613,5.681151606,2.629978429
1783619930.094475508,0.866838489,5.800093408,2.653593054
1783619930.097704887,0.894065434,5.904808669,2.702262573
1783619930.099129677,0.927646359,6.020913415,2.722217854
1783619930.102679729,0.968828079,6.126455865,2.738249183
1783619930.104418993,1.038585296,6.348557027,2.762106889
1783619930.105769634,1.069989278,6.453303852,2.788132246
1783619930.107624054,1.097811023,6.549065169,2.821535152
1783619930.109587669,1.127526759,6.648829013,2.835205690
1783619930.110882521,1.160319773,6.744310207,2.857981506
1783619930.112591267,1.196877588,6.838136654,2.879494049
1783619930.117173195,1.238096602,6.918390092,2.879157383
1783619930.118324518,1.378018009,7.168883476,2.886854950
1783619930.119432688,1.432604049,7.253262614,2.884626283
1783619930.122503519,1.424794595,7.310759005,2.946807682
1783619930.124093056,1.453636508,7.384108531,2.977512826
1783619930.129495382,1.507559098,7.463465404,2.982097082
1783619930.131051064,1.654169148,7.672618728,3.009253922
1783619930.132442951,1.683910239,7.749432391,3.060189727
1783619930.134274006,1.708708448,7.814355995,3.115972266
1783619930.135928392,1.765478273,7.907861417,3.138953818
1783619930.142064095,1.789639223,8.026829615,3.205382232
1783619930.143149137,2.062554867,8.461867833,3.247371215
1783619930.144361734,2.118809453,8.593534363,3.288111068
1783619930.147596598,2.103701858,8.685809403,3.405841513
1783619930.150089502,2.131344764,8.784483565,3.469215000
1783619930.151235104,2.198956777,8.911085968,3.474898270
1783619930.154413462,2.263975281,9.016619162,3.483675500
1783619930.155758142,2.401180136,9.234042983,3.510179038
1783619930.157515764,2.431238343,9.329784609,3.582542158
1783619930.159662008,2.448558707,9.430838583,3.654256174
1783619930.160907745,2.520080052,9.537294384,3.685361114
1783619930.162565947,2.533715280,9.648939642,3.788247085
1783619930.165413618,2.592716549,9.764980834,3.804942032
1783619930.166452885,2.702817242,9.990934501,3.832288234
1783619930.169386625,2.725761726,10.090339747,3.938052298
1783619930.170979500,2.793389253,10.190250753,3.967876107
1783619930.172627449,2.814362766,10.293732989,4.079489621
1783619930.179701090,2.824008330,10.398593513,4.171315764
1783619930.181118965,3.068821477,10.859485956,4.317773051
1783619930.182582617,3.127639240,10.991539302,4.365129211
1783619930.184170485,3.167305616,11.080073942,4.474062713
1783619930.185976505,3.200369657,11.172047788,4.583325941
1783619930.192072630,3.211281204,11.264215540,4.687067821
1783619930.193150759,3.436399000,11.568608312,4.786914709
1783619930.194356203,3.496686783,11.658629353,4.815210683
1783619930.197660208,3.518237072,11.700590953,5.004999421
1783619930.199109554,3.591988120,11.855916887,5.121284894
1783619930.204375505,3.647900810,11.946477877,5.147316069
1783619930.205979824,3.833499557,12.215191821,5.256150063
1783619930.207530737,3.859440243,12.288243555,5.370969628
1783619930.209627390,3.862156577,12.364617227,5.459574820
1783619930.210866690,3.926529724,12.449942826,5.504587482
1783619930.212630033,3.923957159,12.515298812,5.603370721
1783619930.217113018,3.963779250,12.590719778,5.629738744
1783619930.218187809,4.101375527,12.778617345,5.741366690
1783619930.219243050,4.147338203,12.837400021,5.770543796
1783619930.222614288,4.108224414,12.816746446,6.020225062
1783619930.227205038,4.086769866,12.842590652,6.161480212
1783619930.228310108,4.205879115,12.989434832,6.266136874
1783619930.229237795,4.241507089,13.033312587,6.299440489
1783619930.232489347,4.231775237,13.000029266,6.486906345
1783619930.234662056,4.201288513,13.003925535,6.631010511
1783619930.235956430,4.243028096,13.012370980,6.678925208
1783619930.242097616,4.201654809,12.981940110,6.812608437
1783619930.243260622,4.284700196,13.013583088,6.873913306
1783619930.244521856,4.294342232,13.010113373,6.870740559
1783619930.245920897,4.227179963,12.957454769,6.993349252
1783619930.254382372,4.099187770,12.809668603,7.286540646
1783619930.255966663,4.060439378,12.645343556,7.225048944
1783619930.257524967,3.968163561,12.527565443,7.343306620
1783619930.259653807,3.871589390,12.429653668,7.439165243
1783619930.260929346,3.855922135,12.363014909,7.428866773
1783619930.262603998,3.760834829,12.258550505,7.508006052
1783619930.267086983,3.738790439,12.210035840,7.478366507
1783619930.268128633,3.675888789,12.035511289,7.388857262
1783619930.270893574,3.532883838,11.885282085,7.545983161
1783619930.272604942,3.523803055,11.812050622,7.515057827
1783619930.279543400,3.428344069,11.705532341,7.551731084
1783619930.280839443,3.324146456,11.388884862,7.378768151
1783619930.282506466,3.231040785,11.265545448,7.395879382
1783619930.284091949,3.213465142,11.164446042,7.341851134
1783619930.285878420,3.144906262,11.026640977,7.347372203
1783619930.289459944,3.046627329,10.893828870,7.336718999
1783619930.292128801,2.953253664,10.658070741,7.209380575
1783619930.293404102,2.875605091,10.387939637,7.067980833
1783619930.294631720,2.821350276,10.260097306,6.993374051
1783619930.297564745,2.721227663,10.080139501,6.989821231
1783619930.299110413,2.628560135,9.921076690,6.943025702
1783619930.304587603,2.573514570,9.773350776,6.859128297
1783619930.305963039,2.420294612,9.299084552,6.602599771
1783619930.307502031,2.340886782,9.124441466,6.533838740
1783619930.309150219,2.253408439,8.946345628,6.455057619
1783619930.310804367,2.196974483,8.772035679,6.362572539
1783619930.317093611,2.108595111,8.590654550,6.268653970
1783619930.318202019,1.836207039,7.871969954,5.887728414
1783619930.319267988,1.763783954,7.695624019,5.792908457
1783619930.320992708,1.689799639,7.523404797,5.701833688
1783619930.322583675,1.616768984,7.355230175,5.606686782
1783619930.329619884,1.558548098,7.192627621,5.509356993
1783619930.330981493,1.381612574,6.703918055,5.270237743
1783619930.332415104,1.327232512,6.557772238,5.196207040
1783619930.334210634,1.279039839,6.426434151,5.111940946
1783619930.335773706,1.240624204,6.297909238,5.021390726
1783619930.342017412,1.203631601,6.181036508,4.931057132
1783619930.343092203,1.033961918,5.764603494,4.725016356
1783619930.344381094,1.008620314,5.688573098,4.692184106
1783619930.347665071,0.996641528,5.638314161,4.603244889
1783619930.349123716,0.978778006,5.583899452,4.540190042
1783619930.351096153,0.953259561,5.521460307,4.503252977
1783619930.354461432,0.922571727,5.461343407,4.464378667
1783619930.355813742,0.879151784,5.335709430,4.382673542
1783619930.357599497,0.870143659,5.301278546,4.317709355
1783619930.359710932,0.859538716,5.261229966,4.256603814
1783619930.361039639,0.841245917,5.210073454,4.210823767
1783619930.362565041,0.818754157,5.150258788,4.169505333
1783619930.366475582,0.806412964,5.115457092,4.109435944
1783619930.367688417,0.757478393,4.992196584,4.027492635
1783619930.369263887,0.735307676,4.938962229,3.988653390
1783619930.370957136,0.723751851,4.898869104,3.926622604
1783619930.372432470,0.697866482,4.845390387,3.894106289
1783619930.374328852,0.683707189,4.803017802,3.833538382
1783619930.379772425,0.667456923,4.751568584,3.778234170
1783619930.381119013,0.599991072,4.574750837,3.674227646
1783619930.382583380,0.584116244,4.507437691,3.635213811
1783619930.384164333,0.575819402,4.474422844,3.578333441
1783619930.385946512,0.569855578,4.424320124,3.515709893
1783619930.392087936,0.558501345,4.375856832,3.464212898
1783619930.393268585,0.480542642,4.133382188,3.344302787
1783619930.394468069,0.467787510,4.065692025,3.304511449
1783619930.397728205,0.469290053,4.031034351,3.237472552
1783619930.399105310,0.460121901,3.972209747,3.192546913
1783619930.404525757,0.440769523,3.906669339,3.159052698
1783619930.405876160,0.394232725,3.711396337,3.059431021
1783619930.407450914,0.393499111,3.665485394,3.006879746
1783619930.409729004,0.380833916,3.614593906,2.965874492
1783619930.411008358,0.372450654,3.571231383,2.938677006
1783619930.412414074,0.355631560,3.522406513,2.920756174
1783619930.417112589,0.350837171,3.485865984,2.889576053
1783619930.418236494,0.325302566,3.377875856,2.846955961
1783619930.419311285,0.320430780,3.341511918,2.835255845
1783619930.422640562,0.340412120,3.344275348,2.790685667
1783619930.429092646,0.345567073,3.323810578,2.766541052
1783619930.430204153,0.343836438,3.268855042,2.739321245
1783619930.431379080,0.348417251,3.257715884,2.731037954
1783619930.434101105,0.360825224,3.263534538,2.694056793
1783619930.435750723,0.365345923,3.254322032,2.677606368
1783619930.442183018,0.365756524,3.245201514,2.660493849
1783619930.443441868,0.339129170,3.206474238,2.616400904
1783619930.444759369,0.327862945,3.189414514,2.605257746
1783619930.445954323,0.323112883,3.190442257,2.597253030
1783619930.447629213,0.318768384,3.193107649,2.574842929
1783619930.454433918,0.326493497,3.206279881,2.550234661
1783619930.455765247,0.304443406,3.187647429,2.511458634
1783619930.457514286,0.302947754,3.189892388,2.491587829
1783619930.459617853,0.306604848,3.187240417,2.474442762
1783619930.460999727,0.292990051,3.179697344,2.450338257
1783619930.462486982,0.280483894,3.174049968,2.447730296
1783619930.467118263,0.274745071,3.161329613,2.423987970
1783619930.468196154,0.232851773,3.120174651,2.381217042
1783619930.469255447,0.220812375,3.099168714,2.366444157
1783619930.472656012,0.216067037,3.096604582,2.331371262
1783619930.474121332,0.206915239,3.086301363,2.305476038
1783619930.479582787,0.194932448,3.070540510,2.295637122
1783619930.480935574,0.165547126,3.013663081,2.243730890
1783619930.482419968,0.158549237,2.990341057,2.224612890
1783619930.484230042,0.157349428,2.975436980,2.196436139
1783619930.485772848,0.154826904,2.970551375,2.161582904
1783619930.489118338,0.158174002,2.959071210,2.131459236
1783619930.492127419,0.132480692,2.918181067,2.094277554
1783619930.493336439,0.106599545,2.887909439,2.055746039
1783619930.494576931,0.093896795,2.865910340,2.046197561
1783619930.495958090,0.089745955,2.853808909,2.018341976
1783619930.499193907,0.106702295,2.854808442,1.966574816
1783619930.504477978,0.096511545,2.835978758,1.953906272
1783619930.505930424,0.082029785,2.772074800,1.925673808
1783619930.507493496,0.086474020,2.767144523,1.898418238
1783619930.509146452,0.090980555,2.762650542,1.884622041
1783619930.510841846,0.087011052,2.750056777,1.881699282
1783619930.517098665,0.099535508,2.747672860,1.870654853
1783619930.518179655,0.096713987,2.739306769,1.877172584
1783619930.521000147,0.128628535,2.758385480,1.848595157
1783619930.522625685,0.143597058,2.774419656,1.854956949
1783619930.529827356,0.161228646,2.797082186,1.850283200
1783619930.531226397,0.193749908,2.854352691,1.868075391
1783619930.532635689,0.193490984,2.869277931,1.874502358
1783619930.534200430,0.210523463,2.893468894,1.849077761
1783619930.535964727,0.231218399,2.920162749,1.832538392
1783619930.537428141,0.255479145,2.939658857,1.818673453
1783619930.542053938,0.254323176,2.944622128,1.821948410
1783619930.543165207,0.262468651,2.968502088,1.824645258
1783619930.544442415,0.260976547,2.970619572,1.832250063
1783619930.547474146,0.290924002,2.996884113,1.796680880
1783619930.549170017,0.306951376,3.010360500,1.784752236
1783619930.552071810,0.307087750,3.017725624,1.790893449
1783619930.553028822,0.306172719,3.035410941,1.802214171
1783619930.554382324,0.306776990,3.040638694,1.811241884
1783619930.557500839,0.321862826,3.055429360,1.794432440
1783619930.559684038,0.334488737,3.066443288,1.788341739
1783619930.561027288,0.334795352,3.077546184,1.793116014
1783619930.562484980,0.339373839,3.084243991,1.799629042
1783619930.567192793,0.357898806,3.094000864,1.797735052
1783619930.568424940,0.361295058,3.113621957,1.825617085
1783619930.569634438,0.370593987,3.117901946,1.839416055
1783619930.572710037,0.397113990,3.142483637,1.830048449
1783619930.574115515,0.403354519,3.150026300,1.843506551
1783619930.579844952,0.420824435,3.176796842,1.852255567
1783619930.581200838,0.426858009,3.225813399,1.893811757
1783619930.582609892,0.433200180,3.251152497,1.910046715
1783619930.584174871,0.448824679,3.279479211,1.919764525
1783619930.585969925,0.460684094,3.305762077,1.929683754
1783619930.592184782,0.477397981,3.338239415,1.935019575
1783619930.593482018,0.514601535,3.451130465,2.001144013
1783619930.594687462,0.523960382,3.481057480,2.017367902
1783619930.597541094,0.549993190,3.519079072,2.022480575
1783619930.599114180,0.566721733,3.553439832,2.023853770
1783619930.604388475,0.582551647,3.590588759,2.047008594
1783619930.605746508,0.603964011,3.687287274,2.097369697
1783619930.607518196,0.618895181,3.724507661,2.113156717
1783619930.609702587,0.633884800,3.763474985,2.112244164
1783619930.611001492,0.645734950,3.790117993,2.139025200
1783619930.612418175,0.652118369,3.811471038,2.152754507
1783619930.614275932,0.668358302,3.857721764,2.156947369
1783619930.617168903,0.676723586,3.887945479,2.176182643
1783619930.618319988,0.693410273,3.950104108,2.215011012
1783619930.619420528,0.707041837,3.985725991,2.232515770
1783619930.621002197,0.714258340,4.018843392,2.242047633
1783619930.629638910,0.730211220,4.052909514,2.239055844
1783619930.631026506,0.768877367,4.166385577,2.302641967
1783619930.632487059,0.776122741,4.193983201,2.317781791
1783619930.634304523,0.788052692,4.229365631,2.336625724
1783619930.635878086,0.793140077,4.261179214,2.353005780
1783619930.642064095,0.803949310,4.298651949,2.367090792
1783619930.643256426,0.852825404,4.471034665,2.470189782
1783619930.644456625,0.864187568,4.511565276,2.490897457
1783619930.645989895,0.884855245,4.571898944,2.510269568
1783619930.647677183,0.899134467,4.625869596,2.542961067
1783619930.654715538,0.911946395,4.692900149,2.568027492
1783619930.655923605,0.971961852,4.874384047,2.645112846
1783619930.657532692,0.986811802,4.943965798,2.660307440
1783619930.659099102,1.003579161,5.009155603,2.691956481
1783619930.661110640,1.016396072,5.076821520,2.715351015
1783619930.662660360,1.037150854,5.149609588,2.737496243
1783619930.667104721,1.052558556,5.223978341,2.757706294
1783619930.668200493,1.112368790,5.452979588,2.812665168
1783619930.669281244,1.138802047,5.532478887,2.823798431
1783619930.672459602,1.154025089,5.603332021,2.858661345
1783619930.674148083,1.175579315,5.679042495,2.871049725
1783619930.679554462,1.201211025,5.753942788,2.876453023
1783619930.680898190,1.267851318,5.969493471,2.913520351
1783619930.682608604,1.288863827,6.040056566,2.924348819
1783619930.684178352,1.306553411,6.097814726,2.931994947
1783619930.685973644,1.311947275,6.161050832,2.954966977
1783619930.691344738,1.326096708,6.225879304,2.965951409
1783619930.692569971,1.408036665,6.434851563,2.976334517
1783619930.694118261,1.438162864,6.508341586,2.984908850
1783619930.695759535,1.462258557,6.580278432,3.017973635
1783619930.697419882,1.483969033,6.649667029,3.047378764
1783619930.704570055,1.511442395,6.715098585,3.069228172
1783619930.705879211,1.713841635,7.054273262,3.114602690
1783619930.707476139,1.726325726,7.136564576,3.172735476
1783619930.709172487,1.757244027,7.218810079,3.209437147
1783619930.710853577,1.808030816,7.303978315,3.226431498
1783619930.717096329,1.828513427,7.383862573,3.264238293
1783619930.718168974,2.064741667,7.697111551,3.285026799
1783619930.721017599,2.041082996,7.763122867,3.379752063
1783619930.722685575,2.100596736,7.854682531,3.403239253
1783619930.724117994,2.122481084,7.959379537,3.460241124
1783619930.729580879,2.186765715,8.088040112,3.477951002
1783619930.730883598,2.405656813,8.508915897,3.554902604
1783619930.732543230,2.436131015,8.647402031,3.627554049
1783619930.734093189,2.525230104,8.792776149,3.665130585
1783619930.735894918,2.559686301,8.938532627,3.760440392
1783619930.738489628,2.592353175,9.091592478,3.838666140
1783619930.739476204,2.688943796,9.252898739,3.853400444
1783619930.742142439,2.776638480,9.418747591,3.860647199
1783619930.743358135,2.949847593,9.738466520,3.904631823
1783619930.744576693,3.022268837,9.899323724,3.922957393
1783619930.745962858,3.044763916,10.053655233,3.984642145
1783619930.754095793,3.018879485,10.170559473,4.178289039
1783619930.755232573,3.277834253,10.720004654,4.216979064
1783619930.756239891,3.334136055,10.867920926,4.244690196
1783619930.759211302,3.348236042,10.954714666,4.390305009
1783619930.760867119,3.340894318,11.075668544,4.510743946
1783619930.762488127,3.417883118,11.186473529,4.554382971
1783619930.767127275,3.409377892,11.289350910,4.670950295
1783619930.768296957,3.601560608,11.607308442,4.759010798
1783619930.769444704,3.666103144,11.716869255,4.767344847
1783619930.772458553,3.635420868,11.766486137,4.990787219
1783619930.774150133,3.603967465,11.842265231,5.108339000
1783619930.779520750,3.648381358,11.930396360,5.132472393
1783619930.780782700,3.803511208,12.188286039,5.220498718
1783619930.782488823,3.778340745,12.262400025,5.342946918
1783619930.784301519,3.788496773,12.327398020,5.469162435
1783619930.785758734,3.854464335,12.419735212,5.513570827
1783619930.792089701,3.836889228,12.497542598,5.626996983
1783619930.793285131,3.972958417,12.782282911,5.726814299
1783619930.794458389,4.007717481,12.863491414,5.747755669
1783619930.797670126,3.984461084,12.897837590,5.949857256
1783619930.799122572,4.015359449,13.053871046,6.067597912
1783619930.804507494,4.052152385,13.140671020,6.092828905
1783619930.805866957,4.154536578,13.344402857,6.186789061
1783619930.807636261,4.141949061,13.377781156,6.308997445
1783619930.809754610,4.110333251,13.404194320,6.434873182
1783619930.811052322,4.144535470,13.439945602,6.472447652
1783619930.812488556,4.161197550,13.476618422,6.492182256
1783619930.814787149,4.108350355,13.464369388,6.615294344
1783619930.815922499,4.121022956,13.486313272,6.625669298
1783619930.817690134,4.139381502,13.482618580,6.639649284
1783619930.819164515,4.067198620,13.443419354,6.763866231
1783619930.820965290,4.082094722,13.419526099,6.776366785
1783619930.822432995,4.011723065,13.343536942,6.921258109
1783619930.824118376,3.927242254,13.265065568,7.051326970
1783619930.829529047,3.923055717,13.226938186,7.044256407
1783619930.831008911,3.901015534,13.068520642,7.018986556
1783619930.832450628,3.891078150,13.008164865,7.008345576
1783619930.834263086,3.811272842,12.899856494,7.153118149
1783619930.835799456,3.731516872,12.786001780,7.294576460
1783619930.842083693,3.643407018,12.686335954,7.423002230
1783619930.843261719,3.642513904,12.534243960,7.380657925
1783619930.844431162,3.639031667,12.501660882,7.369491705
1783619930.847500563,3.507005444,12.342128773,7.634329154
1783619930.849161148,3.428818727,12.257259982,7.740688626
1783619930.854431868,3.432107467,12.224711241,7.728052578
1783619930.855764389,3.434948082,12.119322729,7.676791151
1783619930.857578754,3.371559891,12.022808169,7.772726183
1783619930.859724045,3.298755189,11.937012995,7.848691712
1783619930.861015558,3.301211807,11.887989784,7.824629811
1783619930.862473249,3.290392460,11.842366206,7.798183320
1783619930.867165565,3.211957986,11.752148504,7.861582324
1783619930.868323803,3.168050702,11.585578706,7.766900447
1783619930.869424582,3.148660935,11.520371115,7.735439672
1783619930.870990276,3.079193808,11.415280819,7.783849034
1783619930.877713680,2.966650184,11.277599806,7.887690357
1783619930.879699230,2.905870332,11.052357178,7.771314713
1783619930.880964518,2.889681545,10.958635848,7.724462622
1783619930.882626057,2.818259928,10.837193399,7.734458376
1783619930.884182692,2.793821897,10.732988976,7.686624008
1783619930.885938883,2.735044946,10.603542966,7.681060928
1783619930.892135382,2.666387887,10.474132941,7.661517680
1783619930.893410921,2.534080867,10.014366068,7.459360110
1783619930.894654512,2.494468158,9.894074879,7.405874351
1783619930.897655487,2.415507942,9.747280606,7.387244675
1783619930.899223328,2.364552386,9.616710568,7.350724674
1783619930.904644489,2.319899912,9.485468377,7.289427443
1783619930.906005383,2.202388508,9.075837199,7.107655860
1783619930.907548189,2.148972660,8.945734260,7.043577236
1783619930.909145594,2.103013719,8.801320771,6.970803376
1783619930.910801888,2.053486333,8.659878143,6.894280993
1783619930.917118788,2.007008289,8.523478572,6.804698835
1783619930.918175936,1.765630703,7.893728945,6.464418244
1783619930.920954227,1.710749777,7.748662169,6.333815494
1783619930.922618628,1.635027254,7.583940088,6.235283433
1783619930.929759264,1.574705774,7.424237099,6.103723569
1783619930.931046963,1.280335115,6.709492784,5.679326966
1783619930.932480574,1.198370247,6.533417131,5.574684981
1783619930.934296608,1.131116255,6.378520582,5.436377439
1783619930.935857296,1.071569051,6.223437369,5.304059999
1783619930.938967705,1.018644683,6.066039910,5.167409118
1783619930.940005302,0.877113485,5.729374027,4.968263991
1783619930.940940857,0.806452597,5.563330302,4.870673068
1783619930.944484234,0.753692875,5.438006971,4.752426387
1783619930.946029902,0.690252465,5.294106091,4.666717087
1783619930.947641611,0.647112415,5.182372228,4.553883118
1783619930.949208021,0.614496911,5.073733206,4.453353949
1783619930.954415560,0.567043759,4.951377974,4.392242101
1783619930.955767155,0.453900966,4.645828963,4.226873611
1783619930.957561016,0.446027895,4.592789901,4.155043519
1783619930.959866524,0.436277336,4.540146619,4.087562444
1783619930.961281061,0.409978415,4.472995086,4.045695469
1783619930.962460518,0.384207277,4.410946251,4.007702091
1783619930.967122078,0.380034999,4.384551580,3.952293684
1783619930.968289852,0.342777263,4.252560188,3.881088793
1783619930.969394922,0.327975769,4.217819640,3.863299110
1783619930.972645998,0.363326905,4.237324503,3.790678825
1783619930.979566097,0.379079857,4.229326794,3.749368269
1783619930.980880260,0.357398929,4.150233111,3.670167384
1783619930.982538700,0.374057326,4.156016773,3.631519424
1783619930.984088898,0.368201491,4.141276572,3.611410877
1783619930.985889673,0.376612337,4.147745156,3.556325164
1783619930.992105484,0.390673146,4.136647751,3.521991418
1783619930.993321896,0.369626367,4.046299546,3.445679668
1783619930.994507790,0.366929562,4.016606090,3.427582551
1783619930.997478485,0.381112629,4.019150942,3.363833647
1783619930.999152184,0.382202889,3.999684422,3.333341203
1783619931.004442692,0.373033589,3.956115717,3.310811244
1783619931.005801439,0.349397321,3.838915065,3.245429928
1783619931.007626534,0.353630282,3.814107773,3.206422628
1783619931.009729624,0.349220967,3.786182306,3.172058810
1783619931.011053562,0.337247567,3.737366341,3.139892809
1783619931.012466192,0.322159208,3.690790268,3.114635550
1783619931.015601635,0.317115617,3.650167286,3.080198342
1783619931.017134905,0.285654625,3.554887966,3.027610625
1783619931.018644333,0.271245200,3.513419319,3.003502958
1783619931.020387650,0.258072049,3.464868284,2.969224904
1783619931.022136688,0.239391658,3.417838485,2.949282568
1783619931.023857117,0.223287081,3.382524087,2.925121878
1783619931.025503874,0.212756927,3.347492406,2.890341005
1783619931.027455330,0.202135363,3.308250208,2.860349202
1783619931.029232502,0.190420737,3.271093629,2.837334102
1783619931.030970097,0.180541067,3.230431568,2.812979226
1783619931.032588005,0.178922668,3.203893482,2.778782438
1783619931.034225702,0.164623203,3.170936137,2.755276904
1783619931.035829306,0.165778273,3.144544347,2.717457721
1783619931.037656069,0.161230062,3.128252576,2.686760885
1783619931.039196253,0.159971316,3.116068703,2.655958231
1783619931.040847301,0.154100793,3.092006352,2.637114503
1783619931.042520523,0.145924669,3.069824489,2.618506710
1783619931.044173002,0.146766087,3.050563047,2.598860057
1783619931.045897007,0.149585656,3.030917047,2.581192523
1783619931.047671080,0.153694248,3.022812866,2.560595570
1783619931.049085140,0.164304546,3.012326038,2.546427474
1783619931.054408312,0.163568679,2.996876733,2.550597335
1783619931.055977345,0.175046265,2.975270798,2.544770257
1783619931.057528973,0.193364090,2.986169873,2.519955541
1783619931.059745789,0.200447558,2.988220444,2.508723316
1783619931.061063528,0.213242336,2.989703624,2.489196886
1783619931.062574625,0.212088037,2.979966841,2.482166733
1783619931.067115784,0.222134673,2.974147649,2.458867528
1783619931.068276167,0.220999386,2.970298152,2.430161160
1783619931.069394112,0.220459722,2.961306922,2.423443934
1783619931.071003675,0.233826912,2.977134182,2.393800620
1783619931.077668905,0.260980628,3.005507543,2.340834795
1783619931.079634905,0.265442926,2.987787687,2.330969328
1783619931.080878735,0.272599655,2.993401074,2.307298978
1783619931.082583427,0.280033491,3.003737588,2.286033440
1783619931.084148169,0.285288490,3.011667567,2.260786595
1783619931.085948229,0.299261345,3.032192888,2.225603363
1783619931.092057705,0.311969941,3.038056207,2.197291269
1783619931.093345404,0.287455544,3.039748284,2.152957647
1783619931.094539404,0.282843698,3.030857132,2.143245694
1783619931.095954180,0.288976667,3.043361745,2.126017048
1783619931.104662895,0.316867278,3.069129768,2.059922968
1783619931.105767012,0.297831135,3.057134068,2.030423225
1783619931.107534647,0.306340440,3.053666851,2.002914283
1783619931.109191418,0.318060633,3.058386520,1.982758960
1783619931.110917807,0.314558654,3.054524836,1.973595503
1783619931.112456799,0.324303780,3.051736036,1.957743804
1783619931.117113590,0.317775806,3.041238162,1.959769123
1783619931.118173122,0.298421531,2.997903772,1.932245906
1783619931.120965481,0.319440423,3.001340502,1.882388708
1783619931.122627497,0.308632806,2.982153563,1.868627466
1783619931.129527569,0.313660046,2.967760967,1.837442793
1783619931.130807400,0.273720508,2.887030935,1.782052855
1783619931.132471085,0.277344940,2.881796338,1.760491346
1783619931.134268999,0.287517769,2.878483821,1.732160659
1783619931.135944366,0.283943022,2.864555515,1.722166374
1783619931.139432669,0.288427049,2.857429325,1.703504826
1783619931.142186403,0.286121334,2.834775776,1.698175111
1783619931.143521309,0.289187118,2.830187030,1.699093215
1783619931.144706488,0.291828596,2.830631416,1.697035214
1783619931.147667170,0.319794825,2.842517051,1.661386881
1783619931.149202347,0.333856860,2.852470963,1.656474432
1783619931.154616356,0.340160418,2.854928627,1.657456433
1783619931.155808210,0.360587147,2.882080409,1.673722673
1783619931.157508612,0.376860657,2.903081643,1.668176704
1783619931.159232378,0.387864851,2.919607025,1.672604275
1783619931.160879850,0.403308549,2.941836742,1.667185579
1783619931.162633896,0.425857799,2.962632599,1.662964834
1783619931.167183638,0.428799001,2.977357832,1.672268118
1783619931.168229580,0.456296787,3.032903529,1.692883892
1783619931.169319868,0.461497782,3.050990018,1.700078686
1783619931.172469616,0.482356760,3.074719761,1.690562054
1783619931.174172640,0.493483275,3.098829385,1.690836330
1783619931.179547310,0.501527294,3.116004208,1.700230220
1783619931.180815935,0.522983528,3.172076945,1.735257974
1783619931.182482004,0.534531377,3.201247360,1.741059469
1783619931.184320211,0.545959211,3.219786391,1.742486638
1783619931.185763359,0.556782358,3.242684389,1.760600364
1783619931.192091465,0.566057753,3.268293886,1.772083331
1783619931.193314314,0.597602643,3.382587580,1.845647990
1783619931.194481373,0.604352326,3.407702807,1.856549866
1783619931.197512865,0.623984211,3.444377154,1.879548263
1783619931.199105263,0.637277198,3.483984616,1.891982423
1783619931.204415560,0.648045344,3.522630928,1.908999179
1783619931.205830097,0.679442002,3.657077439,1.974212287
1783619931.207622528,0.697403623,3.698382439,2.005906860
1783619931.209747791,0.708871755,3.756195057,2.020821462
1783619931.211071491,0.718645655,3.805148099,2.055131589
1783619931.212474108,0.734155687,3.863420364,2.080147620
1783619931.215372801,0.752096072,3.929594756,2.096575380
1783619931.216437101,0.783508648,4.059125959,2.146534396
1783619931.219399691,0.801713989,4.121627902,2.177859015
1783619931.220782995,0.819475195,4.194631064,2.218920762
1783619931.222450018,0.832969834,4.266036180,2.260561522
1783619931.224113941,0.854727593,4.363073107,2.285526026
1783619931.229536295,0.877344487,4.456250444,2.323823144
1783619931.230830669,0.955877428,4.767554750,2.442640743
1783619931.232535839,0.992863673,4.886073389,2.471446801
1783619931.234147787,1.023038490,4.999942596,2.526167069
1783619931.235919952,1.049173317,5.119538886,2.573377221
1783619931.242120981,1.085862759,5.245262191,2.598077067
1783619931.243349791,1.254021210,5.745764747,2.726200248
1783619931.244484901,1.304533060,5.868456989,2.747496721
1783619931.247568846,1.321679317,5.972993298,2.820476312
1783619931.249127388,1.361535878,6.094352347,2.847499509
1783619931.254582882,1.415338630,6.215970656,2.863286313
1783619931.255921602,1.570338209,6.512653647,2.922601281
1783619931.257464886,1.593806142,6.591833059,2.963646812
1783619931.259166002,1.629524245,6.682815758,2.983361831
1783619931.260840893,1.675250973,6.762533246,3.010403533
1783619931.262498856,1.708164895,6.846252098,3.042844075
1783619931.267122984,1.763779990,6.931029345,3.049121198
1783619931.268199921,1.938239757,7.189582264,3.115835676
1783619931.270977259,1.939463280,7.253654540,3.203741696
1783619931.272423744,2.005934771,7.339309976,3.240450130
1783619931.276540995,2.049875383,7.431685341,3.298251736
1783619931.277660847,2.194693602,7.651191746,3.352248374
1783619931.279661894,2.261970593,7.762646056,3.380975645
1783619931.280880213,2.331628476,7.862319025,3.425726180
1783619931.282567978,2.373246961,7.968676824,3.497872262
1783619931.284126043,2.448077265,8.081797983,3.549888808
1783619931.285902977,2.491023539,8.168085762,3.641323280
1783619931.291856050,2.533433977,8.284723055,3.724163694
1783619931.292921066,2.793199433,8.683970129,3.811888279
1783619931.295897722,2.825842741,8.809658400,3.938494429
1783619931.297489882,2.958831013,9.092837787,4.083102335
1783619931.299123287,2.998519600,9.260392655,4.163118502
1783619931.304470539,3.104743609,9.421700541,4.183869468
1783619931.305757046,3.377443002,9.889575489,4.240264551
1783619931.307601690,3.418060790,10.017994167,4.339606719
1783619931.309800863,3.445686075,10.153628620,4.422294820
1783619931.311065912,3.525916474,10.286598943,4.461372495
1783619931.312499285,3.599877053,10.423165007,4.482233742
1783619931.317150354,3.616450210,10.544301407,4.585276874
1783619931.318196774,3.831298356,10.934368277,4.713614054
1783619931.319289923,3.901194576,11.078686576,4.757756944
1783619931.322464228,3.868010765,11.166442540,4.984843963
1783619931.324139595,3.880397057,11.290150774,5.106819040
1783619931.329796314,3.947551894,11.420440507,5.137493694
1783619931.331116915,4.165137537,11.813932283,5.236025737
1783619931.332538605,4.232297434,11.945953002,5.264534658
1783619931.334105492,4.252139571,12.055459262,5.390644358
1783619931.335922241,4.270476734,12.161980059,5.516577179
1783619931.338705540,4.282569853,12.273859242,5.631514092
1783619931.339747190,4.346385124,12.405053219,5.670021863
1783619931.342491388,4.412737753,12.530808506,5.719439131
1783619931.344144106,4.521793898,12.804332868,5.803001309
1783619931.345856190,4.529247826,12.915829784,5.927077318
1783619931.347630501,4.531013530,13.029048617,6.055140964
1783619931.354290247,4.528155550,13.142700171,6.164124079
1783619931.356026649,4.728333563,13.627063485,6.327931556
1783619931.357500553,4.718286968,13.710098572,6.442020242
1783619931.359245777,4.769158442,13.805912639,6.497741066
1783619931.360952377,4.778755931,13.885843829,6.620738773
1783619931.362606049,4.824901791,13.992076482,6.663940153
1783619931.367169142,4.824385564,14.073919080,6.797692258
1783619931.368352413,5.016022918,14.360269934,6.949035098
1783619931.369444609,5.077664480,14.449960377,6.990274056
1783619931.372473001,5.015908464,14.454241107,7.271410414
1783619931.374101639,4.990225802,14.488611868,7.431607595
1783619931.379648209,5.037572028,14.541664308,7.454507244
1783619931.380998135,5.168708595,14.643115169,7.520353487
1783619931.382437706,5.197546981,14.656002127,7.528654689
1783619931.384227991,5.130486779,14.607212628,7.689946551
1783619931.385887146,5.060636178,14.550744099,7.856511174
1783619931.392104387,4.976032505,14.471863314,8.019057221
1783619931.393356085,4.988390522,14.299342771,7.995317123
1783619931.394553185,4.971394506,14.234466931,7.977466370
1783619931.397548199,4.764513514,14.039023773,8.305819844
1783619931.399126530,4.644574593,13.916827982,8.444803758
1783619931.401619911,4.630360701,13.863907201,8.422188691
1783619931.402588606,4.613979808,13.800991231,8.394426051
1783619931.404442787,4.596737515,13.739205103,8.372139391
1783619931.405778170,4.578447363,13.660841875,8.367310321
1783619931.407565832,4.471273665,13.520840600,8.502335758
1783619931.409816265,4.353292554,13.398486933,8.612664529
1783619931.411150694,4.341968493,13.320842435,8.594976154
1783619931.412606478,4.313595484,13.259023392,8.560725742
1783619931.417209148,4.192081225,13.144257072,8.647754594
1783619931.418375731,4.097780442,12.939861123,8.528063898
1783619931.419485092,4.070547725,12.873084270,8.477581280
1783619931.422447443,3.881995635,12.697733774,8.676004396
1783619931.424175978,3.770827349,12.590682552,8.714731491
1783619931.429702759,3.737144779,12.528549013,8.672283264
1783619931.431016445,3.638830421,12.287505921,8.511232874
1783619931.432427168,3.599949560,12.205057966,8.454759483
1783619931.434298277,3.492708090,12.071445272,8.477052165
1783619931.435869455,3.393081104,11.935261684,8.480472580
1783619931.442109108,3.278490973,11.811299764,8.475487680
1783619931.443335295,3.093880204,11.346412234,8.175050722
1783619931.444566250,3.035696403,11.222144947,8.095536116
1783619931.447510004,2.893060835,11.038142437,8.097849846
1783619931.449104548,2.784393141,10.885927897,8.036792572
1783619931.454466343,2.720459019,10.735212601,7.937600973
1783619931.455820322,2.529593582,10.244573074,7.636080361
1783619931.457641840,2.434943840,10.066179758,7.550729069
1783619931.459758043,2.329003907,9.889051593,7.453436067
1783619931.461145878,2.268027975,9.711464098,7.353264482
1783619931.462610006,2.192188893,9.526103665,7.245943681
1783619931.464221716,2.090838404,9.347927929,7.136839370
1783619931.467208862,2.009189435,9.171551653,7.036519001
1783619931.468314648,1.872037469,8.809440050,6.839595202
1783619931.469408751,1.804012519,8.639167934,6.751189605
1783619931.472486973,1.720135888,8.490386990,6.659159057
1783619931.474090815,1.647193303,8.352340797,6.566691509
1783619931.479768753,1.594474342,8.203747405,6.501767954
1783619931.481133699,1.446482400,7.774238849,6.314031630
1783619931.482591867,1.404852257,7.646999124,6.249058809
1783619931.484158516,1.364192568,7.537259732,6.162654847
1783619931.485935688,1.324685958,7.430996434,6.078207618
1783619931.492301464,1.292852038,7.332195845,5.979840914
1783619931.493825912,1.124471306,6.873524418,5.726634898
1783619931.495205402,1.081095347,6.768396377,5.668331882
1783619931.496453047,1.040867352,6.665856399,5.615955018
1783619931.499277830,1.024419053,6.599842708,5.512931993
1783619931.504487991,1.007183885,6.528699842,5.435285192
1783619931.505987644,0.917099901,6.259509816,5.286116813
1783619931.507522106,0.909396202,6.194659190,5.212523520
1783619931.509112597,0.898266794,6.133792256,5.134688207
1783619931.510879755,0.876179957,6.058553175,5.089501215
1783619931.517143488,0.870418793,6.002165567,5.013205347
1783619931.518218756,0.778004994,5.705970298,4.812510273
1783619931.519280195,0.756135987,5.633458754,4.762311850
1783619931.522435904,0.764114104,5.592683368,4.662553032
1783619931.524145365,0.754585027,5.534963631,4.593411867
1783619931.529615879,0.731306922,5.455241877,4.541144263
1783619931.530999422,0.651643087,5.232361882,4.411980258
1783619931.532448530,0.624449293,5.151040623,4.363295412
1783619931.534257412,0.614360097,5.094523688,4.299126573
1783619931.535798788,0.602761528,5.026954156,4.222019900
1783619931.540465355,0.591029189,4.953216063,4.154010490
1783619931.541494608,0.507188592,4.708624433,4.006783585
1783619931.544532776,0.496310702,4.636980116,3.933568890
1783619931.545828819,0.472492864,4.557388317,3.877181256
1783619931.547534943,0.454393275,4.479731141,3.804878088
1783619931.549130201,0.426449612,4.399772390,3.751453415
1783619931.554410458,0.417031558,4.323900578,3.678610601
1783619931.555960178,0.340820844,4.070503383,3.502490696
1783619931.557568312,0.327292432,3.998777428,3.423932565
1783619931.559716702,0.311085121,3.931888103,3.354206140
1783619931.561085224,0.288461698,3.854934706,3.292544362
1783619931.562580109,0.265382553,3.772452602,3.238020492
1783619931.567113876,0.252738471,3.718775939,3.174409351
1783619931.568180561,0.197567886,3.507645721,3.039986293
1783619931.571014166,0.210279699,3.471011067,2.963715830
1783619931.572473288,0.196028304,3.415042188,2.917829329
1783619931.574109554,0.190520028,3.379598207,2.878965644
1783619931.579798460,0.173308441,3.330177343,2.847650531
1783619931.581147671,0.145929143,3.200351508,2.760875675
1783619931.582566738,0.131414624,3.167000726,2.739789712
1783619931.584165096,0.140933070,3.145734045,2.698334656
1783619931.585948229,0.148636286,3.127499589,2.663220469
1783619931.587848425,0.150270482,3.114207045,2.641512013
1783619931.592350483,0.142645782,3.083724448,2.628021635
1783619931.593828917,0.119025847,3.021711069,2.579248735
1783619931.595147371,0.111098225,3.002146367,2.566904091
1783619931.596334457,0.102032947,2.980590275,2.560648146
1783619931.599250555,0.118229015,2.985597027,2.512286033
1783619931.602851152,0.120727243,2.967904958,2.495011378
1783619931.604470015,0.107828742,2.923904972,2.477868379
1783619931.605824947,0.100630836,2.909950762,2.457194107
1783619931.607633591,0.109255230,2.903524895,2.431979258
1783619931.609719515,0.112913601,2.886832223,2.411989455
1783619931.611002684,0.112467674,2.873065853,2.388313954
1783619931.612642288,0.114122434,2.857574879,2.371594764
1783619931.617157459,0.107763479,2.837327253,2.349425924
1783619931.618364573,0.094286422,2.807055721,2.314456242
1783619931.619454145,0.088942461,2.800177470,2.307282609
1783619931.622508049,0.100516162,2.804786789,2.264294730
1783619931.624095201,0.096067953,2.787905464,2.242442127
1783619931.629543304,0.086291555,2.774639107,2.232196813
1783619931.630923986,0.075981859,2.755550635,2.206931153
1783619931.632603168,0.084749965,2.748977113,2.196895043
1783619931.634167910,0.079640383,2.750778062,2.185006796
1783619931.635953188,0.088698560,2.756483405,2.171799374
1783619931.642247200,0.091701862,2.755856596,2.164752048
1783619931.643455982,0.077887970,2.745985237,2.158589704
1783619931.644604921,0.067831581,2.744523024,2.157248663
1783619931.647466183,0.086468229,2.759091900,2.129753848
1783619931.649152517,0.088542104,2.765885590,2.117628972
1783619931.654493093,0.082062636,2.761138731,2.118619654
1783619931.655905247,0.064183670,2.760004483,2.111646235
1783619931.657450199,0.067246251,2.772003407,2.093703175
1783619931.659113407,0.077100061,2.774134612,2.085012067
1783619931.660777330,0.070576839,2.767260518,2.067411259
1783619931.664682627,0.080692665,2.772993472,2.060898287
1783619931.665809393,0.074999869,2.764735664,2.055930892
1783619931.667726994,0.071423679,2.769770727,2.049209946
1783619931.669170856,0.079747508,2.779665818,2.041876639
1783619931.670868158,0.077792551,2.779832088,2.038653314
1783619931.672603607,0.085752978,2.795361470,2.017777159
1783619931.679756880,0.102892400,2.809533004,2.013613030
1783619931.681144714,0.101011702,2.813983342,2.036831985
1783619931.682614088,0.108345936,2.815991992,2.050552098
1783619931.684191704,0.123738731,2.829345009,2.042765935
1783619931.685796261,0.147038013,2.853429406,2.028151737
1783619931.687435150,0.167932916,2.859311459,2.023906096
1783619931.692322254,0.171967489,2.861513927,2.041023896
1783619931.693598270,0.180154811,2.869984125,2.052536613
1783619931.694795370,0.181357982,2.863904645,2.049228176
1783619931.695988894,0.183125317,2.872622836,2.053475856
1783619931.699158907,0.217407774,2.904382890,2.008234031
1783619931.704661608,0.239767482,2.918013180,1.995159254
1783619931.705978870,0.256074721,2.929162363,1.989629495
1783619931.707522869,0.279163371,2.943141262,1.966075462
1783619931.709189892,0.293988972,2.950635853,1.943986649
1783619931.710974932,0.292198905,2.955068393,1.934034770
1783619931.712526798,0.312028107,2.959654576,1.918644138
1783619931.717110395,0.311333378,2.969011298,1.916285449
1783619931.718174219,0.308704854,2.971931398,1.904646174
1783619931.720989704,0.347205616,2.996195189,1.875545214
1783619931.722620487,0.346872779,3.011031712,1.872889204
1783619931.725298643,0.363058094,3.022496950,1.863063549
1783619931.726592541,0.364885005,3.032871650,1.868784950
1783619931.727951050,0.365745119,3.042824347,1.879654349
1783619931.729573965,0.369347071,3.060002822,1.882559319
1783619931.730775118,0.374598997,3.071406984,1.883667925
1783619931.732425690,0.388525650,3.089802554,1.878913716
1783619931.734229326,0.407993225,3.112076930,1.870976321
1783619931.735893488,0.410641103,3.126977920,1.870834944
1783619931.740675926,0.430171765,3.147816953,1.871394407
1783619931.741622925,0.434896076,3.182782371,1.891217629
1783619931.744175673,0.455048105,3.199817758,1.883818097
1783619931.745961428,0.463491990,3.219259875,1.888508326
1783619931.747590065,0.481813252,3.234029581,1.885812563
1783619931.754654884,0.499524335,3.257130291,1.888797818
1783619931.755811453,0.537035927,3.343874574,1.956470987
1783619931.757647514,0.563782159,3.365534870,1.965287936
1783619931.759234667,0.581794678,3.391336245,1.983539819
1783619931.760917425,0.587654189,3.414704455,2.010095443
1783619931.767148972,0.607310840,3.448367716,2.026295150
1783619931.768216848,0.652399391,3.559114345,2.116474858
1783619931.769305229,0.669588613,3.594531988,2.132096811
1783619931.772475481,0.703142334,3.630618449,2.145253669
1783619931.774170160,0.723775193,3.654076956,2.154405784
1783619931.779560804,0.731766602,3.698610004,2.179953385
1783619931.780843973,0.762668115,3.810443907,2.244748311
1783619931.782512665,0.787057619,3.858354358,2.263808447
1783619931.784294128,0.812142723,3.904518119,2.290717283
1783619931.785944700,0.828958089,3.951776357,2.322588615
1783619931.792189598,0.852918171,4.007605426,2.341134169
1783619931.793447733,0.921471843,4.246825821,2.451852143
1783619931.794605017,0.940215667,4.316691505,2.479606329
1783619931.795996189,0.964283775,4.377254366,2.497509780
1783619931.799205065,0.982950570,4.436231910,2.538730316
1783619931.802447557,1.007999910,4.504919436,2.559283688
1783619931.804452419,1.053189263,4.640405265,2.597209610
1783619931.805829525,1.068275211,4.711689150,2.630629899
1783619931.807415009,1.087408554,4.777781238,2.655797535
1783619931.809775591,1.104128514,4.845534215,2.671221186
1783619931.811069727,1.125049288,4.918074071,2.704408783
1783619931.812486410,1.150022596,4.999610539,2.723579000
1783619931.817170143,1.173503901,5.081098305,2.750293301
1783619931.818335056,1.255766313,5.334674742,2.842013376
1783619931.819430351,1.293714681,5.425007098,2.865175905
1783619931.820990562,1.318216421,5.516520698,2.912805418
1783619931.829781771,1.339184171,5.611799249,2.958692296
1783619931.831120729,1.513735887,6.063188601,3.091696115
1783619931.832532406,1.569833489,6.196476680,3.129601012
1783619931.834141493,1.605530062,6.331814292,3.188113940
1783619931.835957766,1.651989770,6.470115147,3.257037656
1783619931.842157125,1.701680349,6.619201168,3.306137386
1783619931.843380213,2.035080370,7.197661383,3.464180226
1783619931.844507694,2.130825358,7.344427453,3.492141635
1783619931.847681761,2.146524416,7.476419202,3.591669743
1783619931.849121571,2.202604714,7.619576588,3.648521921
1783619931.854671717,2.301127622,7.755619022,3.681672063
1783619931.855787516,2.588032573,8.162156434,3.788507782
1783619931.857579708,2.634971706,8.285002899,3.865540785
1783619931.859198093,2.668776998,8.417296866,3.934253666
1783619931.860857725,2.764492303,8.543649215,3.977063078
1783619931.864805460,2.797112862,8.671510172,4.055508205
1783619931.865839481,2.990260250,8.928521099,4.117369020
1783619931.867599487,3.082835899,9.053261861,4.145925400
1783619931.869276285,3.157766695,9.221925579,4.209388839
1783619931.870844841,3.239616596,9.352943066,4.276680236
1783619931.872450113,3.252998993,9.480254500,4.379567503
1783619931.874099731,3.281708240,9.612396818,4.461343401
1783619931.879545689,3.385981723,9.746555170,4.467892556
1783619931.880860329,3.691158080,10.172296451,4.520519333
1783619931.882532835,3.709512912,10.315307595,4.594174200
1783619931.884102106,3.806591317,10.471647827,4.619206895
1783619931.885892153,3.825539604,10.617000074,4.732935605
1783619931.892157793,3.841866601,10.759175466,4.822140107
1783619931.893494368,4.105570048,11.200133543,4.878122728
1783619931.894664526,4.185398003,11.347240943,4.906285906
1783619931.897630215,4.126680199,11.441795502,5.136090124
1783619931.904470682,4.190438613,11.715158583,5.320801038
1783619931.905901909,4.455992269,12.259698199,5.505925994
1783619931.907465219,4.464617933,12.363890570,5.654968481
1783619931.909170389,4.450038092,12.469102439,5.791893391
1783619931.910786867,4.524361187,12.571730836,5.842879768
1783619931.912537813,4.522071348,12.672335745,5.972578177
1783619931.917130709,4.579891333,12.791207074,6.020887030
1783619931.918215752,4.785770241,13.123195200,6.212016164
1783619931.919302702,4.857407328,13.244750814,6.280114391
1783619931.922474384,4.835240320,13.295499615,6.547266976
1783619931.924094915,4.849257363,13.392141048,6.692205165
1783619931.926298618,4.937688562,13.513306182,6.749601007
1783619931.927469969,5.005004000,13.609080821,6.800816065
1783619931.929485321,5.066905067,13.703821836,6.821825882
1783619931.930969715,5.147164934,13.791572482,6.870375104
1783619931.932581902,5.177705064,13.854447731,7.007152709
1783619931.934146404,5.181649131,13.929150692,7.122443180
1783619931.935805559,5.257402154,13.993940654,7.163316250
1783619931.941473246,5.250443374,14.042166423,7.274715698
1783619931.942726612,5.375308408,14.209779958,7.339713039
1783619931.944377422,5.429854562,14.228687565,7.366809480
1783619931.945822716,5.461972731,14.265740115,7.381875310
1783619931.947642803,5.439620203,14.242368634,7.507856918
1783619931.949220896,5.398231564,14.216901294,7.656788397
1783619931.954581022,5.334932150,14.183868319,7.796911517
1783619931.955855131,5.377065539,14.170771714,7.818986558
1783619931.957457781,5.298460725,14.101575374,7.985375690
1783619931.959147453,5.202993158,14.030785166,8.140783105
1783619931.960792303,5.196974236,13.996964971,8.151263360
1783619931.967108965,5.090270348,13.905744073,8.299612021
1783619931.968183994,4.990255758,13.705381957,8.202327494
1783619931.969308615,4.963120792,13.657179848,8.166930511
1783619931.972504139,4.757976254,13.454597433,8.482790001
1783619931.974259138,4.647513387,13.320291210,8.595207410
1783619931.979550600,4.623018085,13.268414310,8.552715532
1783619931.980804682,4.533363128,13.057723523,8.427575125
1783619931.982501984,4.419988209,12.908998083,8.527407917
1783619931.984305620,4.304162867,12.749720991,8.629589411
1783619931.985950708,4.253623964,12.655206652,8.596141754
1783619931.988150835,4.139863486,12.511621432,8.673674683
1783619931.989214182,4.093987252,12.416245936,8.616603894
1783619931.992126465,4.053402100,12.334496765,8.565448073
1783619931.993492603,3.966277107,12.162981585,8.477771497
1783619931.994997740,3.926176083,12.084623585,8.424167754
1783619931.996145487,3.884769194,12.008298390,8.365359012
1783619931.999238014,3.718081955,11.805010943,8.550062633
1783619932.003125668,3.627057676,11.681743636,8.577107126
1783619932.004142284,3.554270936,11.527714810,8.450621321
1783619932.005868912,3.512920617,11.439274668,8.402543735
1783619932.007431030,3.421185611,11.306394617,8.422735470
1783619932.009726048,3.335281110,11.172845501,8.412358605
1783619932.010978222,3.286573142,11.072442045,8.348023875
1783619932.012422800,3.244139368,10.971470653,8.268957406
1783619932.017163515,3.160506406,10.836522730,8.240450603
1783619932.018438578,2.999632768,10.480762217,8.010816252
1783619932.019581795,2.944056046,10.354696685,7.928476858
1783619932.022503853,2.818498876,10.164189964,7.945586077
1783619932.024083614,2.738662584,10.021526738,7.896107289
1783619932.029569626,2.677731440,9.876491269,7.811360512
1783619932.030853271,2.481249955,9.431931563,7.550379975
1783619932.032503843,2.396582082,9.258520824,7.480576848
1783619932.034329176,2.314505594,9.085665494,7.404087662
1783619932.035829306,2.235806376,8.927336468,7.318410654
1783619932.042105198,2.159768895,8.750185375,7.224887791
1783619932.043391705,1.850621579,8.101381414,6.860723736
1783619932.044550180,1.772141705,7.937868815,6.766300824
1783619932.047481060,1.704018229,7.773248404,6.676493965
1783619932.049110413,1.642668970,7.625430047,6.570855810
1783619932.054511070,1.573562472,7.467203548,6.476187991
1783619932.055831432,1.351822899,7.003779071,6.209784890
1783619932.057616711,1.303582249,6.873824223,6.103652897
1783619932.059707403,1.257907028,6.742038898,5.986463328
1783619932.060948133,1.189399357,6.605861345,5.905202402
1783619932.062579393,1.146211506,6.491551091,5.797024971
1783619932.066109657,1.083461024,6.356038511,5.711810581
1783619932.067557096,0.968601130,6.102342510,5.551886252
1783619932.069138765,0.910764227,5.985459097,5.482577728
1783619932.070936441,0.882229344,5.896823039,5.378754008
1783619932.072523117,0.829885074,5.781349378,5.314037397
1783619932.074307680,0.798990357,5.690901745,5.216534016
1783619932.079559803,0.770513920,5.604140159,5.110349411
1783619932.080857754,0.632570349,5.280954711,4.881372601
1783619932.082580328,0.612316158,5.201038176,4.780199073
1783619932.084173203,0.569996967,5.101633251,4.707722574
1783619932.085927010,0.554815719,5.039029710,4.602940782
1783619932.092128992,0.533921571,4.972195997,4.505892217
1783619932.093472958,0.361766476,4.623664973,4.247201655
1783619932.094623804,0.325017853,4.544040022,4.197257658
1783619932.095979214,0.304265421,4.488094078,4.117033268
1783619932.104711056,0.319719059,4.464583163,4.011951293
1783619932.105918407,0.218715063,4.193929326,3.837684921
1783619932.107499599,0.215205654,4.165014251,3.778289145
1783619932.109372854,0.220319093,4.132735123,3.705360100
1783619932.110953569,0.211050839,4.081015727,3.662279569
1783619932.112536907,0.209348159,4.050410601,3.606245054
1783619932.117100000,0.188953068,4.005893359,3.577449263
1783619932.118166924,0.164456254,3.927491500,3.527538498
1783619932.119250536,0.149017759,3.889871773,3.510284670
1783619932.122512817,0.186766784,3.904908254,3.438610268
1783619932.124125242,0.183042285,3.863471840,3.398081901
1783619932.127423286,0.179715038,3.832186856,3.391097663
1783619932.128643513,0.180630692,3.795607020,3.387352760
1783619932.129615545,0.176018513,3.783799110,3.383944912
1783619932.132511854,0.206109360,3.796197431,3.343790780
1783619932.134724140,0.216175436,3.798934621,3.322225664
1783619932.135869741,0.224952033,3.792705054,3.310374241
1783619932.137476921,0.230412752,3.795636414,3.286871102
1783619932.142016172,0.225636092,3.782584004,3.280142398
1783619932.143359900,0.222973788,3.755366361,3.248082246
1783619932.144585848,0.223249108,3.736926478,3.234590163
1783619932.146014929,0.232537259,3.733027448,3.202973915
1783619932.149187803,0.259731217,3.749227058,3.138916717
1783619932.154495716,0.252220856,3.712100016,3.111388232
1783619932.155875921,0.247456390,3.637057000,3.054536230
1783619932.157433510,0.252631730,3.623353042,3.015462862
1783619932.159216881,0.253409578,3.607174587,2.982295489
1783619932.160903454,0.253803168,3.584127559,2.955275074
1783619932.167108297,0.255097902,3.558807708,2.924413866
1783619932.168200016,0.237441135,3.433476425,2.829895420
1783619932.170982599,0.245713552,3.430355926,2.784722992
1783619932.172414303,0.238779005,3.408558428,2.757241492
1783619932.179809570,0.240735110,3.383767301,2.731522858
1783619932.181149721,0.210358614,3.274266593,2.665050070
1783619932.182595253,0.204833493,3.249127622,2.649422474
1783619932.184175491,0.201381622,3.233067127,2.624259901
1783619932.185951948,0.205575025,3.223769706,2.595225851
1783619932.189648628,0.201051082,3.205776332,2.572898909
1783619932.192065477,0.185064846,3.163274735,2.545282503
1783619932.193318605,0.176469854,3.125282311,2.513732488
1783619932.194483757,0.168664853,3.105467351,2.503490510
1783619932.197487831,0.176747977,3.107527555,2.472596145
1783619932.199152946,0.178331322,3.092325613,2.457272028
1783619932.204651594,0.178244850,3.085255749,2.461204654
1783619932.205797672,0.163272900,3.048587645,2.445540474
1783619932.207647562,0.166670623,3.040764387,2.421161473
1783619932.209305286,0.169747283,3.034380463,2.410357925
1783619932.210886955,0.170878286,3.027742428,2.399107991
1783619932.217068672,0.176367442,3.026981703,2.388359347
1783619932.218139648,0.171945713,2.989121154,2.368020886
1783619932.220894575,0.193279561,2.997941876,2.337470253
1783619932.222592115,0.186940461,2.996670337,2.328247506
1783619932.224179745,0.199121761,2.994231048,2.307765980
1783619932.229555368,0.196918963,2.991164648,2.309117903
1783619932.230826378,0.195168976,2.975888952,2.287860300
1783619932.232498884,0.202293099,2.971665879,2.262073270
1783619932.234280825,0.209382673,2.977438628,2.243230477
1783619932.235975742,0.209888049,2.970613536,2.225877146
1783619932.242103100,0.220162608,2.966686737,2.201911852
1783619932.243420601,0.211550415,2.932265763,2.168411565
1783619932.244598389,0.205899295,2.915178447,2.155857722
1783619932.245993137,0.213585924,2.914743857,2.135520171
1783619932.249138832,0.241250777,2.926112671,2.081247068
1783619932.252132654,0.235063380,2.913280472,2.075224557
1783619932.253154516,0.231431292,2.890943374,2.062282184
1783619932.256911516,0.249097506,2.892173602,2.038833993
1783619932.258030176,0.245962483,2.886935572,2.026886216
1783619932.259182453,0.244243573,2.876758047,2.031284014
1783619932.260936975,0.259554289,2.879628492,2.002080710
1783619932.262514114,0.276439678,2.873435974,1.987038723
1783619932.267124414,0.272214312,2.868629983,1.989790940
1783619932.268263817,0.272521766,2.855880942,1.979570954
1783619932.269340754,0.272737869,2.848894955,1.977365340
1783619932.272458315,0.310413665,2.866456758,1.936993899
1783619932.274125814,0.324612975,2.869531311,1.918731706
1783619932.279676437,0.323175880,2.868242283,1.917229732
1783619932.280978680,0.321511214,2.857404344,1.908340559
1783619932.282502651,0.326817099,2.859777625,1.910235216
1783619932.284117460,0.343673895,2.867356337,1.886180346
1783619932.285934925,0.364473020,2.872902441,1.870328618
1783619932.292068720,0.384043948,2.875736724,1.852220914
1783619932.293318748,0.395933685,2.867174713,1.840317026
1783619932.294452906,0.400413558,2.862544947,1.846899061
1783619932.297478914,0.437557662,2.885895617,1.817209654
1783619932.299109459,0.457611677,2.898063360,1.810330892
1783619932.304635048,0.466738989,2.913118300,1.818849228
1783619932.305987120,0.483342699,2.940866596,1.834970800
1783619932.307538509,0.507051237,2.960031805,1.831419761
1783619932.309151411,0.530617211,2.981093576,1.828805187
1783619932.310996532,0.545791783,2.994647463,1.837109032
1783619932.313553095,0.559870059,3.016685304,1.845207833
1783619932.314598560,0.568303602,3.035496719,1.860354162
1783619932.317184925,0.573759754,3.056869207,1.878847552
1783619932.318316698,0.592232847,3.095525822,1.910976869
1783619932.319424391,0.605289169,3.123060347,1.933237335
1783619932.322461843,0.641670760,3.148949292,1.934780781
1783619932.324170351,0.659131524,3.171145806,1.943780901
1783619932.329693794,0.669195728,3.198170841,1.961692167
1783619932.331072807,0.694581471,3.281141710,2.022236410
1783619932.332516909,0.705402655,3.316976472,2.041083715
1783619932.334105730,0.726453711,3.347069414,2.061803116
1783619932.335873842,0.749273957,3.381235836,2.079098269
1783619932.342069626,0.769204034,3.421524138,2.095335437
1783619932.343432665,0.809642680,3.544556306,2.175001419
1783619932.344601631,0.827705746,3.598903392,2.201645052
1783619932.347523928,0.851249551,3.643654068,2.231159637
1783619932.349174261,0.894715821,3.753394994,2.279624080
1783619932.354692221,0.907886566,3.803946249,2.302478133
1783619932.355876923,0.949707970,3.974593439,2.382596963
1783619932.357509136,0.976004876,4.038599465,2.401457933
1783619932.359367132,0.993648574,4.094735915,2.429450523
1783619932.361040831,1.009505895,4.153349333,2.457613244
1783619932.362457991,1.033416952,4.217811266,2.476592324
1783619932.367156267,1.050897933,4.276142395,2.496349397
1783619932.368208885,1.105776524,4.468729620,2.575088896
1783619932.370937109,1.133738163,4.535080780,2.598584948
1783619932.372597218,1.148701116,4.597818661,2.632535981
1783619932.374163628,1.178796471,4.667032937,2.655878091
1783619932.377486467,1.205165072,4.730493133,2.673698112
1783619932.379554272,1.259577677,4.855626962,2.708002863
1783619932.380804300,1.279909863,4.920145167,2.738824740
1783619932.382492065,1.312464333,4.986771589,2.757332002
1783619932.384310722,1.323782839,5.051300564,2.785266356
1783619932.385776281,1.346944762,5.108154452,2.819070657
1783619932.392050266,1.371620456,5.183327335,2.836106863
1783619932.393451691,1.460697221,5.392600482,2.899372404
1783619932.394678831,1.491478991,5.463843545,2.916942557
1783619932.397498608,1.497221965,5.526639745,2.970362546
1783619932.399111509,1.563650540,5.686179540,3.013990127
1783619932.404557705,1.599683677,5.773528134,3.039663496
1783619932.405785322,1.728350122,6.054907794,3.145781472
1783619932.407605886,1.753404311,6.148085490,3.200946004
1783619932.409375668,1.791950742,6.240312638,3.246369457
1783619932.410993099,1.848160097,6.325352979,3.295653262
1783619932.417192698,1.894584915,6.415524228,3.335671017
1783619932.418347597,2.177814668,6.783865734,3.440694366
1783619932.419416904,2.253510210,6.888576381,3.460012877
1783619932.422478437,2.263625092,6.980289264,3.558808790
1783619932.424160719,2.317515586,7.090182359,3.610821994
1783619932.429641485,2.405264881,7.205256463,3.628632490
1783619932.430956602,2.666581557,7.542573921,3.706263233
1783619932.432635307,2.712556271,7.660636497,3.762333819
1783619932.434213161,2.791042875,7.771258452,3.807138666
1783619932.435750008,2.819730787,7.884927070,3.890208421
1783619932.439642191,2.858454978,7.996982287,3.961075757
1783619932.440786362,3.022779763,8.250166130,4.019255340
1783619932.442745924,3.103469143,8.367739563,4.066644227
1783619932.444189548,3.190512372,8.492030872,4.091393415
1783619932.445831299,3.224298820,8.597133216,4.183969292
1783619932.447608232,3.233850144,8.716374426,4.246769455
1783619932.449270964,3.333881920,8.837710712,4.325435365
1783619932.454576492,3.356511372,8.934896531,4.381377671
1783619932.455826998,3.570257651,9.276130060,4.454087485
1783619932.457639694,3.581716841,9.376749125,4.556394298
1783619932.459307909,3.603884933,9.484659888,4.638919723
1783619932.460981846,3.665825788,9.594629735,4.675391003
1783619932.462467194,3.681228964,9.691318749,4.763377569
1783619932.467093945,3.750134543,9.806974728,4.788313141
1783619932.468147993,3.942627755,10.140176479,4.880597636
1783619932.470912218,3.899697172,10.229592853,5.055661245
1783619932.472641230,3.968206794,10.345350817,5.107002813
1783619932.474219084,3.982025590,10.461239884,5.199106053
1783619932.479696751,4.048795356,10.584534139,5.228413686
1783619932.481040001,4.231826171,10.931149965,5.339485920
1783619932.482453108,4.291311203,11.040128215,5.357582132
1783619932.484240532,4.295858598,11.118693095,5.472368113
1783619932.485772610,4.300427907,11.198331598,5.580571069
1783619932.492091894,4.303896978,11.280582902,5.660505175
1783619932.493447304,4.501754287,11.618249396,5.764257787
1783619932.494641781,4.545270859,11.687677443,5.781652846
1783619932.495983601,4.540715217,11.745257233,5.863930888
1783619932.502797604,4.486127650,11.751884401,6.054869840
1783619932.504552126,4.559730124,11.892606077,6.085868412
1783619932.505998850,4.570770981,11.902276940,6.129354865
1783619932.507610798,4.553996785,11.893829059,6.201442048
1783619932.509268522,4.515760532,11.893897054,6.251662486
1783619932.510837793,4.504167917,11.882885104,6.277900902
1783619932.517098188,4.462907091,11.862161468,6.327195553
1783619932.518201351,4.420824484,11.792797968,6.344783186
1783619932.520960569,4.336455522,11.732396731,6.471029703
1783619932.522441387,4.331350624,11.722501770,6.476899908
1783619932.524253607,4.284636911,11.686578896,6.572763295
1783619932.529726505,4.283893576,11.681008569,6.582323723
1783619932.531055689,4.304057319,11.677234748,6.630485165
1783619932.532486677,4.311233122,11.695609286,6.636761032
1783619932.534360886,4.275732457,11.667810108,6.729608589
1783619932.535921097,4.233275305,11.637967456,6.817834849
1783619932.542088032,4.186580799,11.619073483,6.887821009
1783619932.543457031,4.215308123,11.603733432,6.877123164
1783619932.544660807,4.215019892,11.595527059,6.865260944
1783619932.547620773,4.084838957,11.496612753,7.064896228
1783619932.549310684,4.014391765,11.435350831,7.137154282
1783619932.554466248,4.001912874,11.409374122,7.117934086
1783619932.555800915,3.945721142,11.295256335,7.059419001
1783619932.557564020,3.857491518,11.211504498,7.132067607
1783619932.559778452,3.771169804,11.132869984,7.190136074
1783619932.561125040,3.744758983,11.077382235,7.176061590
1783619932.562541962,3.718763187,11.025438759,7.143065062
1783619932.564550877,3.637749138,10.940612903,7.194457345
1783619932.567232609,3.612570999,10.890880379,7.163954030
1783619932.568388462,3.563715521,10.779057391,7.110699189
1783619932.569500446,3.542830217,10.724562614,7.071648804
1783619932.572494984,3.399598687,10.583048549,7.227828412
1783619932.574173689,3.323195599,10.483725823,7.261605187
1783619932.579860926,3.292418718,10.420386377,7.226892228
1783619932.581184626,3.195122142,10.211815163,7.112816593
1783619932.582607985,3.160452479,10.141664184,7.069853463
1783619932.584167719,3.073307818,10.034675219,7.111684882
1783619932.585940599,2.991886615,9.924105136,7.127952506
1783619932.592077494,2.920994325,9.819782449,7.138083461
1783619932.593411446,2.769543001,9.488991171,6.938182031
1783619932.594592333,2.729689331,9.389661080,6.877644885
1783619932.597493172,2.605059544,9.244465119,6.923089271
1783619932.599152327,2.539281666,9.125928348,6.893406741
1783619932.604733944,2.506833698,9.024586354,6.829641118
1783619932.605913162,2.339987762,8.673417171,6.639076457
1783619932.607504606,2.274769357,8.531384500,6.585589846
1783619932.609401464,2.197740878,8.388431928,6.539414305
1783619932.610877991,2.124442496,8.256128201,6.465843554
1783619932.612678289,2.062834821,8.109345633,6.395398651
1783619932.617156982,2.000837294,7.968307886,6.308202872
1783619932.618271351,1.797772085,7.527702257,6.046637067
1783619932.619349241,1.729173271,7.369501562,5.949437198
1783619932.622465611,1.640372483,7.210985559,5.871078846
1783619932.624184132,1.576825255,7.053637186,5.771772643
1783619932.629798412,1.507135478,6.897727305,5.671688212
1783619932.631122589,1.278572708,6.423388907,5.392565003
1783619932.632552862,1.211145555,6.277890480,5.307357413
1783619932.634120703,1.137160545,6.138976253,5.229082493
1783619932.635893822,1.075283925,6.000151506,5.142838052
1783619932.640702963,1.031243224,5.871717325,5.057137110
1783619932.641941547,0.850271151,5.507620105,4.871664129
1783619932.643035650,0.798476345,5.397875958,4.817790486
1783619932.644434452,0.758078998,5.300797907,4.779772173
1783619932.646017075,0.701423855,5.205710278,4.737330972
1783619932.649186611,0.688293583,5.144898063,4.667978658
1783619932.650829077,0.677165739,5.076677439,4.607842433
1783619932.654693127,0.649012207,5.005366607,4.568482022
1783619932.655837536,0.590239585,4.860999711,4.497715073
1783619932.657493591,0.585652382,4.822083533,4.442850195
1783619932.659422159,0.557512396,4.761888655,4.414189949
1783619932.661072016,0.553627790,4.726325578,4.351757764
1783619932.662529469,0.532313888,4.675055925,4.321067539
1783619932.667190790,0.526784494,4.642576785,4.260019092
1783619932.668247461,0.466750118,4.498693260,4.154134212
1783619932.669334888,0.447475124,4.461417764,4.126217005
1783619932.672620296,0.464031400,4.463814410,4.050898317
1783619932.674293041,0.465288624,4.438811273,3.999759146
1783619932.679814339,0.447001604,4.401989004,3.970749053
1783619932.681126118,0.385831724,4.280623886,3.872550681
1783619932.682544470,0.363899588,4.230431887,3.840549465
1783619932.684115410,0.361773607,4.201798507,3.784964429
1783619932.685920954,0.367340051,4.182784039,3.729864910
1783619932.692056417,0.360761473,4.147975776,3.677967514
1783619932.693300724,0.311390081,3.993323160,3.567072160
1783619932.694465876,0.290490788,3.939361126,3.535328657
1783619932.697560787,0.309429848,3.918481725,3.451698268
1783619932.699148178,0.284463151,3.817656443,3.365992109
1783619932.701224804,0.269400432,3.759626551,3.336471886
1783619932.702485085,0.245422857,3.707831850,3.303424094
1783619932.704795599,0.237028723,3.654295078,3.277408553
1783619932.705851555,0.218485751,3.604763151,3.249151046
1783619932.707629442,0.216763009,3.567922274,3.202606082
1783619932.709297657,0.213848125,3.528696392,3.175366916
1783619932.710901499,0.203640395,3.485263792,3.154304801
1783619932.716523647,0.201021946,3.450605095,3.125222846
1783619932.717595100,0.164945293,3.324390018,3.099726352
1783619932.719132423,0.163900363,3.293316425,3.085099088
1783619932.720793247,0.170025299,3.274408424,3.063884401
1783619932.722615004,0.176384535,3.262457107,3.042892406
1783619932.724148750,0.179006647,3.247248080,3.024272237
1783619932.729687452,0.174515948,3.224354560,3.024094195
1783619932.731033087,0.170493145,3.190820333,3.000278973
1783619932.732536554,0.166749442,3.188098307,3.001163887
1783619932.734128714,0.181518939,3.199642833,2.984879649
1783619932.735916615,0.196873736,3.209003878,2.961961310
1783619932.742038488,0.202832299,3.216240679,2.950816803
1783619932.743273973,0.210739477,3.211107896,2.947054550
1783619932.745963097,0.228975858,3.232722175,2.937044348
1783619932.747443914,0.244966885,3.244666776,2.924977708
1783619932.749101162,0.254285995,3.261578466,2.918994083
1783619932.754681110,0.257982959,3.263405418,2.922901662
1783619932.755765438,0.270896591,3.269891228,2.935140690
1783619932.757551193,0.285958000,3.288059510,2.925381829
1783619932.759191990,0.296338099,3.297981502,2.922308288
1783619932.761004925,0.302043414,3.293701499,2.917966040
1783619932.767153502,0.311472173,3.298753555,2.912667214
1783619932.768233299,0.305381513,3.273845385,2.898799209
1783619932.770942688,0.323648974,3.284528443,2.870260785
1783619932.772654295,0.325189831,3.275993489,2.858679154
1783619932.774205208,0.331113600,3.280762053,2.839094147
1783619932.777747631,0.324310633,3.261694842,2.830248027
1783619932.779714823,0.310940694,3.236504342,2.818159938
1783619932.780978203,0.314020874,3.233726445,2.801367585
1783619932.782439709,0.309582220,3.214966642,2.791881305
1783619932.784243107,0.319976343,3.214863571,2.765777222
1783619932.785817623,0.327472485,3.215285496,2.740673081
1783619932.792203665,0.330983936,3.215900853,2.715204273
1783619932.793612957,0.306635199,3.159952454,2.670659752
1783619932.794906378,0.299134527,3.141109078,2.651655437
1783619932.796030283,0.289529801,3.112557921,2.640811230
1783619932.799156427,0.329700579,3.150266156,2.561803204
1783619932.804505348,0.320066386,3.133206300,2.554292089
1783619932.805966139,0.309981959,3.081009845,2.538412151
1783619932.807546616,0.331531260,3.083122030,2.514144493
1783619932.809196472,0.343130690,3.089929479,2.493978664
1783619932.810943604,0.347483014,3.082793592,2.487264799
1783619932.812464952,0.360622880,3.086253384,2.455380052
1783619932.817134619,0.357694648,3.074033110,2.452806649
1783619932.818190336,0.348216842,3.057230758,2.423072522
1783619932.820789099,0.368294648,3.071662857,2.382588886
1783619932.822595358,0.384219113,3.086447224,2.346125185
1783619932.824139118,0.395871434,3.098273250,2.316189990
1783619932.829747915,0.390510199,3.091447735,2.307331043
1783619932.831034660,0.386989493,3.082222619,2.290834318
1783619932.832473040,0.381677760,3.078775153,2.290293844
1783619932.834312439,0.400665904,3.097198934,2.260611445
1783619932.835858107,0.425557174,3.113559149,2.228783192
1783619932.840511322,0.440426501,3.126723304,2.206374593
1783619932.841738462,0.438488606,3.124488951,2.196291512
1783619932.842842817,0.437268675,3.135630604,2.198323394
1783619932.845790386,0.462356362,3.165410857,2.160498575
1783619932.847584248,0.479119479,3.180697553,2.131420211
1783619932.849122286,0.492394575,3.196457955,2.114482370
1783619932.854545593,0.495725190,3.199607028,2.117649255
1783619932.856016636,0.497529889,3.193394597,2.119605230
1783619932.857591391,0.516806780,3.212584098,2.098648858
1783619932.859306812,0.528918952,3.216085082,2.081400364
1783619932.860875368,0.528689813,3.211730667,2.070769932
1783619932.867124557,0.537974933,3.222442972,2.057879543
1783619932.868237972,0.544005976,3.208980404,2.057315758
1783619932.869297504,0.548311376,3.210323803,2.062872640
1783619932.872518063,0.575202967,3.228350667,2.023517318
1783619932.874089718,0.584443617,3.237579314,2.007265327
1783619932.879609585,0.583897098,3.230634163,2.005514614
1783619932.880863428,0.587723941,3.220994707,1.997956913
1783619932.882562876,0.600496187,3.227540340,1.983362650
1783619932.884121180,0.598796168,3.231353370,1.980040433
1783619932.885917187,0.616604565,3.243074745,1.968552142
1783619932.892241001,0.622863875,3.248606179,1.957386027
1783619932.893554926,0.645974616,3.277204759,1.966366618
1783619932.894733429,0.649334060,3.285670039,1.971356510
1783619932.897504091,0.670904753,3.306764453,1.956146258
1783619932.899168968,0.681566602,3.320175511,1.958406226
1783619932.902662516,0.688623293,3.332146596,1.960006381
1783619932.904488325,0.698027605,3.353509717,1.982323632
1783619932.905915260,0.713955389,3.377666050,1.995789138
1783619932.907478809,0.724058654,3.390111475,2.000785698
1783619932.909223318,0.735546833,3.412565318,2.013141409
1783619932.910844088,0.752107335,3.431221336,2.028859254
1783619932.917189598,0.765658026,3.451447312,2.040196235
1783619932.918278456,0.799962745,3.543579068,2.093805188
1783619932.919347763,0.805668538,3.573086801,2.107895917
1783619932.922532797,0.825115203,3.602220730,2.113394203
1783619932.924105406,0.833348801,3.637117835,2.119364715
1783619932.929761887,0.841156223,3.674225612,2.132171265
1783619932.931024790,0.868252553,3.782215778,2.174459126
1783619932.932449102,0.881084920,3.825574234,2.187109873
1783619932.934303045,0.898295019,3.868375347,2.208789922
1783619932.935882330,0.911178898,3.908271760,2.235303811
1783619932.942183495,0.922885921,3.960972054,2.253105434
1783619932.943470478,0.974088087,4.154146198,2.348498925
1783619932.944624901,0.990717675,4.208993817,2.369818694
1783619932.947607040,1.001284130,4.255952125,2.404204298
1783619932.949262142,1.016513900,4.306535139,2.414619055
1783619932.954667091,1.034879194,4.363102665,2.433648810
1783619932.955952883,1.085817252,4.531401301,2.512360362
1783619932.957512379,1.098512593,4.586718996,2.550747495
1783619932.959188700,1.116774388,4.659929772,2.573801894
1783619932.960770369,1.138543675,4.725200479,2.610758647
1783619932.964342117,1.158492810,4.795558805,2.636724562
1783619932.967046976,1.221992827,4.946548121,2.681869800
1783619932.968147993,1.245753486,5.021010474,2.715747358
1783619932.970969439,1.255678620,5.083611149,2.749654655
1783619932.972651482,1.313901620,5.226368279,2.791932735
1783619932.974243641,1.334969554,5.307952067,2.808192588
1783619932.979690313,1.374017135,5.386069506,2.814419577
1783619932.981004000,1.483651275,5.596567053,2.852596578
1783619932.982521296,1.523051287,5.671308218,2.859825548
1783619932.984096050,1.530885375,5.743271566,2.897599096
1783619932.985858917,1.545137242,5.813273832,2.937523102
1783619932.992182493,1.565715849,5.895365820,2.974884299
1783619932.993480206,1.746059944,6.225154973,3.082226097
1783619932.994640112,1.807128756,6.302693363,3.106110636
1783619932.997596502,1.802253854,6.360636814,3.201289282
1783619932.999181032,1.831992741,6.432784713,3.240553080
1783619933.004553795,1.895571265,6.517994590,3.263881031
1783619933.005986929,2.082425332,6.746698903,3.344720190
1783619933.007566452,2.110626910,6.820306433,3.415406112
1783619933.009207249,2.145652658,6.911968188,3.469497306
1783619933.010808706,2.216243151,6.990648318,3.518989698
1783619933.017172813,2.251933578,7.081929426,3.577922550
1783619933.018237591,2.558990644,7.478439216,3.704461271
1783619933.020943642,2.546731392,7.584698043,3.829734416
1783619933.022647142,2.626094314,7.691539229,3.883808384
1783619933.024189711,2.655612344,7.825053970,3.958283094
1783619933.026201963,2.732736154,7.957544424,3.984540331
1783619933.029674530,2.813394270,8.084889425,4.012343480
1783619933.030899048,2.950138589,8.323505003,4.095200442
1783619933.032622099,2.982090388,8.455001918,4.164370128
1783619933.034183025,3.060919339,8.561306071,4.219453313
1783619933.035808325,3.082871200,8.659661012,4.329404168
1783619933.042238235,3.093818632,8.770173482,4.415742935
1783619933.043336153,3.419616842,9.276827638,4.517368598
1783619933.044505596,3.502537917,9.385600526,4.572139788
1783619933.047488213,3.468369114,9.464951111,4.772798624
1783619933.049152851,3.495867932,9.574607916,4.858963520
1783619933.054696083,3.580823080,9.697665088,4.891950542
1783619933.055852413,3.823888076,10.019413552,4.978163315
1783619933.057468176,3.842262636,10.112354807,5.051530101
1783619933.059191704,3.911611497,10.197498569,5.103031315
1783619933.060923338,3.912258214,10.262111366,5.217038476
1783619933.067106724,3.912533726,10.342348137,5.309435085
1783619933.068177223,4.123909422,10.687200327,5.444540954
1783619933.070932388,4.074116994,10.726444369,5.621963611
1783619933.072540045,4.121209193,10.801487112,5.661704107
1783619933.074182034,4.157912235,10.877585737,5.677651456
1783619933.079786301,4.149355177,10.939886859,5.758728415
1783619933.081149101,4.249854853,11.151677728,5.813091368
1783619933.082593441,4.286283583,11.222515879,5.828960994
1783619933.084172964,4.266653444,11.260708868,5.919295922
1783619933.085977316,4.254112541,11.319936244,6.024213629
1783619933.088140249,4.245331901,11.358787334,6.105390422
1783619933.089226007,4.255665672,11.419086527,6.101955743
1783619933.092207432,4.268380724,11.470693331,6.116754715
1783619933.093553066,4.323637007,11.589875896,6.169821392
1783619933.095067501,4.347212006,11.643531956,6.184826499
1783619933.096227884,4.372441375,11.693469794,6.195260028
1783619933.099300146,4.313971475,11.683282069,6.364266759
1783619933.103132248,4.298898611,11.704783112,6.419080330
1783619933.104178905,4.331517610,11.757430272,6.424867665
1783619933.105937004,4.341852034,11.752388084,6.453364010
1783619933.107551098,4.307888096,11.721312729,6.533122445
1783619933.109219551,4.264173660,11.696440072,6.597122954
1783619933.110772848,4.258390569,11.653757770,6.615346567
1783619933.117152929,4.202846232,11.607877773,6.678775340
1783619933.118292809,4.125832845,11.380624258,6.646533516
1783619933.119369507,4.101489490,11.317824360,6.631345133
1783619933.122565031,3.953531326,11.165742011,6.817503294
1783619933.124150276,3.867694175,11.076223202,6.876122999
1783619933.129820585,3.848809034,11.020776762,6.853340622
1783619933.131084681,3.797806131,10.839091462,6.813509337
1783619933.132505417,3.778568016,10.785542272,6.792084977
1783619933.134115696,3.694436984,10.683194685,6.869764981
1783619933.135946512,3.617382591,10.575659697,6.949758437
1783619933.142180443,3.532732270,10.496715629,7.002156711
1783619933.143484116,3.451501761,10.272237191,6.905526344
1783619933.144616365,3.428728020,10.222975127,6.874222826
1783619933.147581816,3.305466078,10.076424049,7.026249229
1783619933.149239540,3.227266487,9.995345115,7.048241700
1783619933.154655218,3.204230703,9.945457306,7.006129256
1783619933.155991793,3.127581433,9.744146457,6.884539915
1783619933.157518387,3.048936342,9.627115645,6.913050216
1783619933.159202814,2.966783649,9.525125199,6.916433533
1783619933.160773039,2.934873929,9.425518616,6.875943333
1783619933.165533781,2.852752901,9.307998054,6.866075199
1783619933.166524172,2.718193730,9.008407027,6.671827895
1783619933.169365406,2.638301545,8.869829095,6.670758784
1783619933.171039104,2.586712695,8.741065696,6.609004145
1783619933.172493696,2.501192918,8.589914503,6.587586706
1783619933.174156189,2.409907629,8.446702110,6.541621663
1783619933.179748297,2.354299660,8.318068049,6.465782972
1783619933.181104898,2.178731712,7.913257987,6.232396531
1783619933.182523966,2.113739916,7.776375994,6.147643708
1783619933.184084892,2.036952603,7.619919853,6.111998234
1783619933.185864210,1.958128639,7.470561883,6.059467241
1783619933.192170620,1.875561464,7.331499090,5.995612535
1783619933.193503618,1.638129422,6.802541376,5.721041922
1783619933.194651127,1.583313191,6.671849908,5.650962580
1783619933.196001291,1.514327140,6.543175460,5.583144780
1783619933.204696894,1.462307659,6.414958991,5.520669496
1783619933.205878019,1.237642539,5.914538840,5.235996007
1783619933.207471132,1.186502588,5.806936186,5.160159536
1783619933.209392548,1.144505866,5.700616903,5.080207842
1783619933.211066008,1.100835528,5.580907706,5.019697151
1783619933.212661505,1.061827514,5.475501108,4.932958115
1783619933.217210770,1.007653517,5.374420309,4.859736259
1783619933.218326330,0.876193983,5.071561964,4.677260225
1783619933.219401598,0.840662362,4.980157435,4.625702283
1783619933.222506762,0.829012274,4.900915586,4.544164028
1783619933.224193335,0.808071796,4.836477502,4.472394771
1783619933.226632833,0.770197974,4.755461435,4.423760941
1783619933.228129387,0.742241159,4.681199790,4.388585681
1783619933.229116201,0.710675797,4.610567995,4.347415937
1783619933.230997086,0.685679951,4.545047123,4.316257373
1783619933.232627869,0.678896994,4.493369367,4.268864563
1783619933.234176397,0.669076476,4.453532565,4.220580929
1783619933.235882759,0.653169307,4.400947747,4.192479543
1783619933.242050648,0.652733275,4.367549806,4.146703560
1783619933.243177414,0.607159741,4.267038462,4.071824211
1783619933.244347572,0.601816758,4.236872045,4.054674792
1783619933.247539043,0.636294878,4.242084116,3.995781158
1783619933.249109507,0.628347024,4.198049686,3.918340617
1783619933.254703760,0.615689907,4.172133170,3.882377338
1783619933.255865335,0.573219726,4.068036104,3.781885498
1783619933.257493734,0.567690302,4.049004876,3.730968151
1783619933.259177208,0.554864683,4.011731154,3.695053853
1783619933.260852098,0.551174945,3.987989770,3.649672262
1783619933.267142534,0.545289617,3.964473913,3.603739223
1783619933.268228292,0.488075949,3.851729148,3.508711618
1783619933.269294262,0.476718744,3.814376982,3.484824002
1783619933.272485018,0.472985981,3.762536599,3.401621843
1783619933.274097919,0.470522588,3.738690967,3.368881712
1783619933.279766560,0.453219392,3.698038943,3.343823226
1783619933.280994892,0.413219294,3.574728954,3.273857645
1783619933.282423258,0.395121323,3.531575899,3.251629512
1783619933.284237146,0.390730786,3.499232488,3.217980377
1783619933.285773754,0.378987700,3.471480116,3.178763171
1783619933.288080931,0.376663256,3.440451632,3.153061593
1783619933.289166927,0.360838207,3.398082893,3.127567794
1783619933.292205811,0.341388141,3.356122412,3.107178905
1783619933.293481350,0.309246870,3.279028784,3.062041489
1783619933.294629812,0.297852874,3.244085794,3.045033305
1783619933.297562838,0.303122339,3.230203317,2.998244956
1783619933.299191952,0.302340317,3.212313974,2.971668548
1783619933.303477764,0.291414208,3.180408691,2.954213123
1783619933.304440260,0.267448559,3.126275779,2.929400227
1783619933.305870295,0.266424776,3.104137403,2.916546147
1783619933.307596207,0.270225751,3.095109578,2.888475688
1783619933.309883118,0.270469388,3.084151357,2.869353211
1783619933.311107635,0.262252959,3.070763086,2.866046595
1783619933.312513828,0.254591842,3.055621326,2.854571053
1783619933.317060232,0.260204209,3.054187217,2.844088219
1783619933.318129063,0.247802479,3.041434600,2.845934213
1783619933.320818424,0.250480827,3.040137842,2.826215177
1783619933.322657347,0.256697552,3.046161026,2.812507622
1783619933.324137926,0.256612671,3.035570276,2.811817882
1783619933.329745770,0.263222945,3.035291248,2.798748349
1783619933.331017017,0.257852006,3.024774363,2.784776629
1783619933.332463264,0.256731793,3.016115230,2.779995218
1783619933.334260941,0.262783606,3.024031284,2.767216242
1783619933.335883379,0.275025129,3.023552473,2.757680859
1783619933.342180252,0.283187137,3.037352693,2.761094514
1783619933.343530178,0.287568687,3.024096117,2.772292907
1783619933.344707489,0.287657560,3.019946566,2.772035118
1783619933.347665548,0.300253693,3.027003185,2.756072310
1783619933.349229336,0.302710821,3.023208776,2.748566488
1783619933.354693890,0.302749834,3.013563044,2.747214695
1783619933.355854750,0.295455806,2.978045030,2.724981441
1783619933.357638121,0.294650039,2.969002188,2.702400442
1783619933.359354973,0.295441558,2.960641298,2.688482086
1783619933.360912323,0.290241860,2.947096399,2.670612115
1783619933.362440109,0.292350860,2.939868026,2.654339411
1783619933.366549492,0.286311296,2.924615238,2.638250216
1783619933.367579937,0.273562038,2.905913616,2.616565267
1783619933.369191170,0.274183165,2.893684062,2.601672668
1783619933.370947123,0.271667720,2.893114550,2.584795710
1783619933.372462273,0.270850602,2.879997898,2.560885998
1783619933.374123335,0.269969491,2.870354178,2.545105753
1783619933.379846573,0.263688176,2.855107514,2.536570487
1783619933.381199598,0.247153303,2.808861202,2.496216639
1783619933.382618666,0.239535580,2.792081299,2.485760163
1783619933.384185553,0.242563085,2.784452812,2.466953040
1783619933.385751963,0.247791286,2.780947910,2.448750398
1783619933.392220974,0.249153021,2.772059921,2.428055714
1783619933.393624067,0.230508934,2.735299194,2.397205476
1783619933.394769907,0.223270816,2.729074457,2.392958967
1783619933.397426844,0.237622587,2.742627474,2.362384066
1783619933.404737949,0.245417488,2.756775724,2.351267565
1783619933.405951500,0.224729485,2.740185633,2.349779779
1783619933.407596350,0.233283075,2.743886872,2.334075689
1783619933.409357786,0.235111751,2.743070909,2.334420608
1783619933.410779715,0.240866876,2.754450466,2.321401322
1783619933.412478685,0.257992513,2.767965275,2.305665342
1783619933.417168617,0.255582508,2.770278299,2.302578533
1783619933.418244839,0.255638304,2.775618029,2.312592966
1783619933.420809507,0.271413400,2.790220081,2.296560811
1783619933.422663689,0.283007585,2.802502362,2.278733982
1783619933.424216270,0.300008129,2.818617345,2.266022321
1783619933.429718256,0.301779401,2.827079075,2.268197237
1783619933.430885792,0.304702968,2.833638754,2.272831912
1783619933.432653189,0.305165982,2.835624876,2.266580348
1783619933.434229612,0.318788411,2.849507835,2.244602113
1783619933.435963392,0.334612745,2.863270713,2.223361341
1783619933.442144394,0.348663617,2.875552979,2.208201051
1783619933.443473101,0.352531878,2.874135574,2.197137376
1783619933.444630384,0.358840286,2.865524367,2.196245880
1783619933.447620869,0.387601778,2.885136829,2.158572291
1783619933.449307442,0.400268751,2.895702457,2.145158925
1783619933.454690218,0.403002844,2.890020287,2.143418234
1783619933.455981731,0.395229527,2.879965691,2.124448327
1783619933.457502604,0.411341515,2.883968933,2.102742759
1783619933.459193707,0.418988567,2.886303061,2.077389824
1783619933.461262465,0.421627298,2.887052212,2.071472604
1783619933.462531090,0.421578620,2.877334880,2.068236572
1783619933.467215300,0.431866666,2.887834878,2.044036965
1783619933.468312740,0.433016431,2.882838067,2.028433902
1783619933.469388008,0.432289423,2.882132100,2.021530979
1783619933.472534657,0.454532921,2.892540014,1.995697020
1783619933.474105597,0.459463837,2.902677074,1.984711056
1783619933.479776382,0.458814305,2.905205723,1.979749510
1783619933.481113434,0.459577314,2.926806623,1.984455459
1783619933.482547998,0.456112094,2.936629255,1.984594192
1783619933.484129190,0.463793615,2.959103545,1.984098670
1783619933.485894203,0.473228428,2.981770164,1.977749783
1783619933.490345001,0.483592577,3.000810687,1.977523658
1783619933.491319418,0.482042705,3.042603155,2.000685383
1783619933.492719412,0.487060420,3.068167900,2.006470668
1783619933.495826483,0.499082664,3.088538505,2.006717012
1783619933.497578382,0.514145343,3.148601368,2.027707632
1783619933.499168634,0.528141396,3.187181490,2.040813230
1783619933.504618883,0.534651148,3.218118653,2.049753066
1783619933.505904198,0.550763688,3.314728034,2.096429034
1783619933.507517576,0.565674147,3.354362476,2.098998371
1783619933.509235620,0.573496665,3.382462940,2.114005852
1783619933.510791302,0.582399342,3.423952818,2.126482803
1783619933.517112970,0.595471770,3.463070360,2.144523704
1783619933.518179417,0.619590052,3.592264285,2.192672964
1783619933.520931721,0.632018732,3.640336640,2.207431775
1783619933.522607088,0.664343764,3.736905258,2.246401627
1783619933.524314165,0.681374185,3.782053258,2.265553303
1783619933.529849291,0.695424454,3.830895056,2.281993510
1783619933.531223774,0.749096083,3.999542441,2.339604533
1783619933.532632589,0.762285796,4.057263892,2.357277541
1783619933.534196854,0.782787785,4.113469522,2.373499816
1783619933.535976648,0.800009481,4.171319178,2.398356408
1783619933.542309761,0.824679037,4.234034711,2.419692666
1783619933.543772697,0.925658530,4.502079684,2.520452854
1783619933.544963360,0.951788669,4.571009005,2.545718910
1783619933.546093702,0.976757089,4.645714555,2.569307234
1783619933.549204350,0.988527989,4.716845438,2.608714027
1783619933.552614927,1.008995633,4.795301110,2.640241595
1783619933.554836035,1.071664237,4.967189332,2.691023679
1783619933.555973291,1.096381677,5.057331395,2.731177907
1783619933.557633400,1.116171181,5.148491317,2.765546691
1783619933.559413195,1.146323588,5.241924040,2.803738756
1783619933.560892582,1.160452705,5.333093867,2.849329975
1783619933.562480688,1.184671965,5.427133707,2.889753571
1783619933.567128897,1.226283178,5.521368924,2.919284344
1783619933.568171978,1.357298030,5.817818434,3.027680189
1783619933.570991278,1.362735246,5.909017924,3.095375962
1783619933.572523355,1.405272292,6.007409649,3.142904467
1783619933.574192047,1.440151445,6.112129118,3.192513985
1783619933.579776287,1.510356935,6.216546400,3.239759380
1783619933.581095219,1.697850300,6.516590964,3.383216972
1783619933.582541704,1.768575488,6.617316065,3.426893993
1783619933.584150314,1.798157325,6.705939746,3.495641454
1783619933.585963249,1.822729803,6.802602562,3.565995721
1783619933.592213392,1.862831281,6.900853914,3.628732702
1783619933.593621016,2.126179850,7.282813450,3.786204034
1783619933.594770670,2.202516160,7.385012788,3.826629835
1783619933.597557783,2.168255634,7.471182088,3.959468299
1783619933.599137545,2.201385796,7.567862607,4.036360741
1783619933.604745865,2.278630138,7.679783777,4.090008605
1783619933.605968714,2.509498535,8.009386776,4.252572202
1783619933.607600927,2.555186459,8.112771969,4.326438880
1783619933.609304905,2.620984832,8.225703497,4.389193802
1783619933.610973120,2.652633442,8.333550913,4.482821775
1783619933.612425804,2.706295215,8.454425162,4.554199725
1783619933.614654541,2.788278188,8.575819247,4.592088549
1783619933.617192984,2.881283916,8.704424191,4.631866876
1783619933.618309259,3.050483366,8.968995930,4.742394795
1783619933.619396210,3.148793714,9.106055851,4.788748832
1783619933.622502089,3.124143031,9.213323636,4.969558894
1783619933.624192238,3.170219395,9.335390059,5.047504791
1783619933.629595280,3.258299032,9.475294245,5.098467675
1783619933.630925417,3.472424396,9.823584361,5.202996843
1783619933.632456779,3.549234059,9.934923877,5.229831486
1783619933.634113550,3.560024568,10.022839051,5.325776252
1783619933.635932684,3.565366242,10.113157537,5.429441474
1783619933.642153025,3.594050981,10.205022889,5.504137657
1783619933.643447161,3.807191735,10.604472613,5.673176451
1783619933.644579887,3.861617309,10.698100376,5.717448916
1783619933.647524118,3.786961682,10.758430947,5.915566610
1783619933.649194956,3.799988699,10.835238180,6.005565727
1783619933.654663563,3.843250983,10.925402623,6.047810466
1783619933.655973434,3.936102673,11.157018890,6.171270836
1783619933.657524347,3.907351444,11.213914550,6.278001879
1783619933.659235239,3.914164336,11.257842687,6.352838685
1783619933.660824537,3.918721720,11.303254581,6.401625030
1783619933.667170763,3.920320905,11.333165248,6.467555878
1783619933.668244839,3.958879804,11.433266703,6.512023654
1783619933.670776367,3.912315243,11.422783602,6.581083573
1783619933.672510624,3.855712752,11.406878077,6.642390944
1783619933.674175739,3.834561732,11.391326567,6.674326476
1783619933.679992437,3.843481457,11.389041911,6.666098523
1783619933.681351900,3.809867039,11.340753741,6.656842392
1783619933.682511091,3.800025351,11.309832074,6.638272616
1783619933.684110165,3.729522560,11.250516601,6.678267376
1783619933.685902834,3.667844749,11.189260464,6.713615501
1783619933.687447309,3.629760195,11.126801881,6.711477700
1783619933.690699577,3.599660720,11.065268536,6.682188141
1783619933.692033768,3.540349042,10.947741436,6.610025084
1783619933.693112850,3.508197198,10.881706166,6.582696697
1783619933.694449902,3.468192498,10.814418895,6.550348418
1783619933.696053267,3.408067307,10.740851952,6.542510963
1783619933.699267149,3.297741355,10.639278413,6.615157892
1783619933.700830936,3.250381878,10.557431711,6.618539223
1783619933.704680681,3.226533376,10.502159104,6.587483659
1783619933.705791235,3.152309834,10.367230108,6.545834034
1783619933.707627535,3.084229478,10.287797684,6.573887194
1783619933.709151506,3.061897570,10.220257960,6.544376172
1783619933.710823298,2.992411141,10.127494695,6.568401141
1783619933.717147589,2.940614713,10.041457393,6.576216246
1783619933.718202353,2.823337406,9.787183171,6.431131724
1783619933.720942736,2.733510468,9.677551801,6.494688192
1783619933.722609282,2.692619326,9.610560451,6.458482387
1783619933.724220991,2.640874669,9.528894938,6.466365842
1783619933.729824781,2.616360385,9.464814510,6.425224431
1783619933.731040478,2.533112612,9.272310802,6.295685312
1783619933.732443094,2.508160695,9.214196751,6.252129115
1783619933.734228611,2.447602784,9.121551629,6.259387525
1783619933.735779762,2.390832894,9.028447963,6.260516273
1783619933.737708569,2.337162343,8.935952122,6.253700558
1783619933.742209196,2.306013344,8.871455448,6.208258310
1783619933.743480921,2.215649779,8.650733243,6.060100850
1783619933.744626999,2.183983088,8.571452026,6.005749246
1783619933.747575998,2.103017375,8.444880754,6.035093420
1783619933.749216795,2.045243901,8.339981707,6.007237154
1783619933.752805710,2.012335622,8.248866137,5.946908194
1783619933.754749298,1.937107558,8.053696126,5.827452770
1783619933.755844355,1.900651768,7.948220040,5.762883549
1783619933.757440090,1.842244621,7.821329678,5.714153478
1783619933.759165049,1.806626260,7.710734776,5.651218220
1783619933.760850191,1.748177978,7.585858144,5.608038816
1783619933.767087936,1.685658694,7.457472422,5.557195753
1783619933.768208504,1.547417623,7.085140620,5.333166342
1783619933.769265890,1.497894076,6.960131361,5.250279838
1783619933.772528887,1.439320231,6.798828028,5.208588510
1783619933.774110556,1.332705141,6.518674005,5.054542668
1783619933.779764891,1.283891907,6.384091167,4.976390622
1783619933.780996084,1.129812532,5.963114080,4.725044759
1783619933.782420635,1.083086049,5.829385362,4.644644489
1783619933.784296751,1.035563884,5.690509827,4.583216523
1783619933.785868883,0.993315841,5.553331070,4.513537014
1783619933.792221069,0.952514514,5.432674612,4.445116971
1783619933.793512583,0.810113155,4.975087987,4.193261605
1783619933.794642210,0.778389374,4.873572152,4.135304479
1783619933.797578812,0.775356386,4.773312516,4.068212554
1783619933.799231529,0.754028110,4.681563142,4.001027108
1783619933.804676056,0.726481090,4.586399430,3.938704801
1783619933.805983782,0.656445962,4.312918533,3.758940153
1783619933.807543039,0.648526082,4.238451990,3.702254796
1783619933.809313059,0.626894497,4.158071449,3.637919406
1783619933.810832262,0.618054796,4.078902973,3.587058526
1783619933.814675570,0.597453028,4.007991691,3.525490055
1783619933.815785408,0.558128285,3.860772338,3.425256273
1783619933.817648888,0.548708771,3.786324146,3.379688892
1783619933.819334269,0.534824027,3.727297245,3.315349447
1783619933.820914507,0.523520280,3.659202514,3.270666979
1783619933.822474480,0.517727648,3.601415559,3.211840873
1783619933.824167490,0.508888779,3.543080254,3.154596818
1783619933.829784155,0.490437933,3.484944577,3.109850918
1783619933.831068993,0.439141149,3.295301726,2.976902867
1783619933.832498550,0.418334928,3.240189363,2.935820668
1783619933.834084749,0.416169636,3.192268473,2.885773784
1783619933.835860491,0.407825535,3.140183727,2.830397121
1783619933.842245102,0.394930979,3.103397149,2.781257674
1783619933.843514681,0.307763430,2.909786937,2.626508473
1783619933.844637871,0.284751269,2.861287528,2.590994531
1783619933.847601652,0.286662726,2.829917299,2.539402089
1783619933.849120140,0.269474891,2.782345825,2.503456048
1783619933.854692221,0.250943676,2.746278129,2.460418105
1783619933.855795383,0.198619583,2.612716614,2.361278168
1783619933.857589722,0.193952746,2.580415960,2.321413370
1783619933.859370470,0.184833495,2.555602828,2.288875609
1783619933.860883236,0.168781119,2.520936789,2.258664466
1783619933.867166281,0.159648242,2.497066022,2.228942656
1783619933.868251085,0.095141004,2.361025559,2.129786869
1783619933.870797873,0.091039325,2.339658590,2.099223049
1783619933.872607231,0.084844065,2.315637407,2.072838024
1783619933.874150991,0.081155304,2.296760519,2.053364814
1783619933.878325224,0.068227327,2.279845258,2.043981879
1783619933.879394531,0.051004558,2.234571414,2.031269773
1783619933.880964041,0.048470468,2.213601464,2.031220097
1783619933.882562399,0.052634326,2.204459923,2.024853929
1783619933.884100914,0.054350128,2.196947667,2.014543066
1783619933.885792017,0.055739248,2.192627671,2.024970703
1783619933.892153740,0.060322772,2.189887588,2.017549642
1783619933.893465757,0.077428493,2.170900229,2.024922534
1783619933.894626617,0.078908972,2.167609570,2.026109838
1783619933.897632360,0.099019548,2.184065374,2.015157009
1783619933.899292231,0.105955954,2.183689327,2.009047593
1783619933.904667854,0.107658600,2.185977823,2.008667114
1783619933.905976295,0.139595201,2.196659054,2.007726087
1783619933.907521009,0.156001703,2.202728951,2.010006168
1783619933.909362316,0.154344062,2.187981900,1.979259392
1783619933.910928726,0.158571713,2.176394043,1.976176638
1783619933.917110920,0.170407875,2.189663314,1.962479027
1783619933.918169498,0.169416881,2.151630723,1.935962732
1783619933.920904636,0.174800362,2.152216453,1.920817263
1783619933.922531605,0.174644052,2.140735884,1.908445887
1783619933.924096584,0.177411338,2.128880043,1.895145507
1783619933.929715633,0.173544707,2.115345852,1.889095997
1783619933.930959702,0.163578829,2.067836571,1.863543210
1783619933.932655096,0.159885754,2.061486467,1.851156867
1783619933.934214115,0.156536698,2.047228375,1.846243462
1783619933.935772181,0.160153249,2.032956567,1.836168361
1783619933.939537764,0.157894934,2.027629844,1.826206885
1783619933.942259073,0.152832402,1.995592938,1.813570447
1783619933.943570852,0.148754288,1.965468635,1.800466614
1783619933.944718599,0.147525220,1.952195275,1.794993873
1783619933.947454214,0.150892260,1.943400571,1.777632936
1783619933.949112654,0.147559585,1.935169239,1.768418496
1783619933.954720020,0.147334315,1.926759198,1.764853831
1783619933.956019878,0.135784454,1.890853193,1.745746531
1783619933.957426548,0.131249612,1.876979753,1.736745881
1783619933.959192514,0.132314271,1.873423214,1.728411215
1783619933.960895777,0.130982619,1.864512735,1.711004756
1783619933.962473154,0.131366161,1.863830148,1.701428858
1783619933.967217684,0.129668024,1.855068657,1.692175049
1783619933.968326569,0.121388236,1.828847126,1.674022163
1783619933.969374418,0.114229901,1.825265749,1.675228528
1783619933.971099615,0.121070538,1.825101721,1.672052830
1783619933.979850054,0.132046892,1.834743086,1.649312898
1783619933.981184244,0.143675617,1.812846285,1.660544755
1783619933.982600451,0.148280519,1.809019706,1.660943110
1783619933.984173775,0.158296876,1.817302826,1.650388124
1783619933.985968590,0.163135596,1.821847465,1.634593573
1783619933.987452507,0.171847441,1.830500747,1.618376229
1783619933.992229223,0.173760724,1.829096599,1.617699750
1783619933.993551970,0.172398356,1.818799486,1.609281053
1783619933.994710207,0.167738527,1.815647040,1.601708860
1783619933.997491837,0.184169348,1.834341824,1.574892955
1783619933.999109507,0.192586558,1.848007401,1.552339591
1783619934.002013206,0.188563244,1.838150274,1.545603181
1783619934.003029346,0.188283778,1.837599818,1.539277798
1783619934.004728317,0.190347846,1.835400196,1.533608556
1783619934.005866766,0.182554345,1.823222164,1.529453625
1783619934.007475138,0.189795102,1.829494597,1.506514117
1783619934.009254694,0.190453293,1.822655278,1.503517889
1783619934.010906696,0.191258363,1.825441555,1.480450145
1783619934.017167807,0.198878772,1.830392108,1.465683066
1783619934.018227816,0.181139980,1.806140448,1.447260748
1783619934.020988464,0.194111507,1.818022134,1.412021215
1783619934.022584915,0.189352752,1.809805322,1.408175262
1783619934.024142027,0.194811484,1.814238417,1.389207734
1783619934.029767036,0.193297716,1.806507714,1.384801886
1783619934.030986786,0.179789033,1.768940478,1.365808436
1783619934.032661915,0.183673042,1.764098100,1.342831597
1783619934.034235001,0.181296201,1.759277218,1.344529701
1783619934.035820007,0.184905681,1.752288666,1.324026211
1783619934.042255402,0.189136488,1.749763843,1.305303779
1783619934.043523073,0.178957833,1.695417194,1.288104023
1783619934.044658184,0.179495484,1.682164417,1.284905659
1783619934.047558069,0.191605549,1.680103019,1.264401721
1783619934.049201488,0.197660182,1.673167184,1.253952923
1783619934.054673672,0.190872356,1.665893583,1.244020176
1783619934.055852175,0.189032169,1.636913117,1.233993874
1783619934.057627916,0.201998821,1.636673191,1.227557373
1783619934.059134007,0.203746084,1.630436057,1.224084853
1783619934.060800314,0.213909415,1.632353248,1.218039411
1783619934.063817501,0.217712473,1.630361601,1.205417387
1783619934.064924002,0.220722039,1.636495057,1.209257428
1783619934.065872908,0.224364793,1.629455246,1.205800127
1783619934.067598343,0.228241047,1.629647899,1.208295753
1783619934.069403648,0.236488874,1.638752291,1.205108602
1783619934.070949793,0.237725128,1.635151049,1.205268874
1783619934.072458267,0.245010944,1.641762287,1.197105416
1783619934.074091196,0.253612185,1.652171753,1.193363292
1783619934.079086542,0.255778594,1.651873296,1.189256701
1783619934.080468893,0.254821416,1.655469512,1.203442344
1783619934.081727982,0.258047628,1.647661528,1.206102137
1783619934.082969904,0.255642609,1.650427156,1.207670796
1783619934.085932732,0.262229373,1.656865489,1.204298190
1783619934.087557077,0.262842690,1.668896991,1.201941261
1783619934.092193842,0.265299526,1.669139132,1.209359233
1783619934.093501091,0.263253318,1.668911207,1.205534704
1783619934.094701290,0.260464959,1.673895792,1.211548173
1783619934.097512007,0.265217836,1.679311376,1.213938701
1783619934.099184990,0.262468474,1.683121214,1.196886858
1783619934.104782581,0.261067671,1.681036025,1.194983804
1783619934.105989218,0.254122764,1.673228909,1.194473799
1783619934.107574701,0.252606440,1.667713198,1.180268289
1783619934.109404802,0.244162377,1.657990005,1.176373143
1783619934.110817194,0.238066986,1.657204676,1.176331300
1783619934.112442970,0.237966529,1.647032297,1.162411351
1783619934.117145061,0.233318012,1.641259761,1.161253006
1783619934.118204117,0.224096971,1.616943527,1.156171706
1783619934.120980501,0.221358666,1.614226491,1.156890587
1783619934.122490883,0.217989431,1.610323342,1.159211895
1783619934.124135494,0.211000885,1.588868704,1.154297296
1783619934.129865408,0.214546319,1.589252029,1.157218777
1783619934.131125689,0.209276612,1.567011170,1.158462518
1783619934.132525206,0.209374778,1.565034213,1.157097035
1783619934.134087563,0.211872121,1.561462348,1.151581434
1783619934.135852098,0.210664389,1.561669474,1.147518318
1783619934.140028954,0.215386098,1.553216955,1.136001716
1783619934.140975237,0.222866890,1.547865983,1.124701027
1783619934.142510414,0.224260862,1.547351087,1.124147218
1783619934.144192219,0.225336314,1.546110847,1.118646198
1783619934.145836592,0.228098091,1.547485571,1.118043204
1783619934.147583246,0.234235846,1.543565064,1.114224148
1783619934.149200916,0.237772242,1.544162302,1.109413856
1783619934.154675961,0.241823448,1.539080926,1.104388792
1783619934.155763626,0.244864110,1.541954393,1.117002730
1783619934.157543898,0.249550304,1.546511922,1.120444400
1783619934.159328938,0.245980157,1.535098557,1.119081893
1783619934.160867453,0.247639713,1.537944640,1.126457838
1783619934.167210817,0.247061509,1.537408152,1.123502427
1783619934.168292999,0.248075897,1.530327790,1.131924534
1783619934.170823336,0.249432355,1.528520737,1.126354903
1783619934.172570229,0.249076088,1.525282378,1.128272505
1783619934.174134016,0.250816766,1.526772891,1.125271868
1783619934.179698706,0.252709650,1.532842924,1.126723399
1783619934.180882454,0.254653632,1.530514540,1.121998281
1783619934.182500601,0.248546984,1.532893743,1.113404969
1783619934.184309006,0.248441304,1.533272463,1.113224127
1783619934.185940981,0.247173903,1.528478748,1.110367875
1783619934.187529802,0.244659443,1.528013688,1.107009337
1783619934.192287683,0.244890874,1.530930528,1.101713921
1783619934.193697929,0.231531795,1.516884088,1.092892895
1783619934.194856405,0.226757126,1.513254496,1.088598870
1783619934.197608471,0.222631506,1.513710925,1.087454377
1783619934.199176311,0.255111149,1.512866761,1.057261118
1783619934.201777458,0.295762934,1.503255539,1.020974610
1783619934.202798605,0.343732721,1.514079706,1.003891709
1783619934.204730749,0.390814141,1.515770149,0.994434311
1783619934.205893278,0.420580724,1.519419522,0.978829823
1783619934.207503080,0.430138418,1.523209773,0.961872931
1783619934.209289551,0.429351258,1.532741695,0.960174328
1783619934.210949183,0.425461630,1.532735839,0.956836489
1783619934.217233658,0.422966283,1.541943580,0.960117672
1783619934.218320370,0.391674829,1.518724823,0.947154989
1783619934.219395876,0.373811670,1.499840212,0.942444575
1783619934.222585201,0.365620114,1.488459552,0.943676556
1783619934.224191904,0.355059387,1.481312853,0.947628563
1783619934.229799032,0.348365767,1.476562344,0.946424275
1783619934.230974913,0.336750726,1.461843698,0.939336708
1783619934.232417583,0.327271113,1.455276605,0.936587038
1783619934.234270096,0.327651576,1.447907828,0.937101511
1783619934.235837460,0.327830637,1.447219221,0.938736270
1783619934.242134333,0.331317518,1.442051929,0.934225192
1783619934.243377447,0.329033385,1.421938798,0.931237546
1783619934.244520426,0.329029207,1.416382220,0.934654510
1783619934.247548103,0.332966207,1.414004897,0.928389768
1783619934.249127388,0.331910310,1.414780960,0.924917982
1783619934.254726887,0.334976674,1.408747003,0.921111897
1783619934.255829096,0.341143144,1.396978116,0.912583330
1783619934.257618189,0.342630343,1.392136960,0.913439675
1783619934.259170771,0.349130536,1.392846673,0.909779653
1783619934.260841846,0.351059417,1.389987199,0.912598784
1783619934.264420271,0.352307998,1.389299406,0.910727055
1783619934.267125607,0.349897975,1.383491626,0.906711136
1783619934.268176794,0.349840707,1.380122811,0.901769093
1783619934.270955801,0.346933652,1.379446312,0.896203008
1783619934.272475958,0.343247691,1.375341465,0.895815296
1783619934.274152517,0.339055348,1.375399243,0.892026586
1783619934.279757023,0.333442980,1.378017079,0.893323445
1783619934.281022549,0.319646684,1.371506360,0.890939145
1783619934.282424688,0.312400414,1.367024854,0.889926996
1783619934.284220934,0.307185833,1.367887902,0.889059718
1783619934.285794735,0.301019216,1.366803278,0.886871655
1783619934.292222261,0.299333866,1.373139790,0.885634954
1783619934.293469667,0.284357693,1.356886154,0.881558902
1783619934.294623852,0.278374418,1.353835596,0.880782704
1783619934.296025276,0.279794610,1.356679382,0.882903301
1783619934.299237728,0.278934210,1.354655081,0.878971195
1783619934.304726601,0.278296071,1.346286602,0.875520574
1783619934.305815697,0.276342048,1.339519613,0.873229663
1783619934.307626486,0.271773933,1.331246762,0.873212138
1783619934.309198141,0.271082112,1.325259881,0.874052000
1783619934.310837507,0.267197067,1.314733488,0.868825650
1783619934.317196608,0.264328934,1.313106467,0.868341304
1783619934.318231821,0.253752424,1.289011207,0.865725558
1783619934.320952415,0.246299654,1.280724172,0.864947574
1783619934.322481155,0.241263164,1.274348640,0.863666581
1783619934.324138165,0.236051387,1.268345929,0.862049763
1783619934.326260328,0.234252323,1.256142546,0.865046665
1783619934.329722166,0.228023384,1.250258956,0.864108341
1783619934.330861807,0.212176751,1.236203966,0.870621780
1783619934.332525492,0.204731504,1.227048118,0.865410989
1783619934.334081173,0.200103660,1.217578543,0.874475151
1783619934.335855961,0.200880831,1.211203978,0.875187566
1783619934.342072487,0.198286570,1.208877837,0.876589643
1783619934.343218327,0.192157494,1.189409059,0.878155191
1783619934.344397545,0.194537947,1.187947638,0.873652911
1783619934.347635746,0.194676961,1.183561470,0.871127188
1783619934.349302530,0.190840634,1.176999963,0.871498738
1783619934.354710102,0.192097300,1.176697828,0.868055807
1783619934.355752707,0.194225736,1.161100357,0.860932496
1783619934.357551098,0.199688450,1.170235490,0.868908657
1783619934.359361887,0.198319829,1.165778876,0.863855239
1783619934.360952616,0.198083951,1.161706283,0.867207285
1783619934.367156982,0.200220617,1.166448928,0.867669821
1783619934.368235350,0.202455734,1.157307849,0.861229840
1783619934.370810509,0.203147737,1.157864112,0.860014360
1783619934.372526884,0.205415018,1.165354040,0.860940936
1783619934.374119997,0.203225679,1.164173372,0.863006555
1783619934.379837036,0.203689336,1.167757333,0.863694988
1783619934.381136894,0.201953876,1.165612475,0.863225714
1783619934.382592201,0.202395197,1.163182272,0.861592903
1783619934.384209871,0.201792138,1.164466719,0.862720662
1783619934.385763645,0.202837026,1.160131926,0.859125790
1783619934.387462139,0.202046233,1.158929865,0.859194588
1783619934.392381191,0.206368132,1.163367165,0.861551327
1783619934.393747807,0.198099419,1.164171297,0.856487845
1783619934.394940615,0.199051986,1.157427035,0.857484511
1783619934.396044493,0.199220879,1.163583175,0.859826538
1783619934.399136066,0.197960127,1.165638927,0.859869826
1783619934.403904200,0.195690826,1.160747891,0.856972658
1783619934.405000448,0.198044518,1.166969780,0.863949599
1783619934.407530308,0.203475630,1.168567650,0.865508229
1783619934.409325361,0.203515762,1.167770822,0.864371984
1783619934.410768032,0.202446187,1.168699845,0.870204506
1783619934.412554741,0.205872020,1.173707495,0.872172949
1783619934.417223215,0.210167612,1.172634507,0.873870140
1783619934.418414831,0.243266871,1.183232274,0.878137033
1783619934.419506550,0.249402620,1.183034921,0.875228729
1783619934.422572374,0.254933581,1.184099789,0.881973265
1783619934.424148083,0.261050725,1.184458222,0.879181887
1783619934.429789305,0.262304596,1.189796642,0.881998710
1783619934.430973291,0.244186048,1.191977971,0.890143866
1783619934.432595730,0.241345688,1.193407479,0.895969149
1783619934.434158564,0.238840274,1.192026507,0.896915635
1783619934.435759783,0.231529985,1.188707874,0.900798652
1783619934.442290068,0.236939487,1.192641564,0.900743248
1783619934.443667650,0.245029653,1.190603335,0.898930870
1783619934.444817781,0.249761102,1.190928677,0.894364779
1783619934.447511911,0.253258911,1.194678969,0.892979092
1783619934.449188709,0.257001812,1.195705930,0.894573677
1783619934.454772711,0.262179242,1.197481158,0.896207293
1783619934.455976009,0.257602586,1.198937475,0.889843187
1783619934.457628012,0.259658359,1.200957617,0.889963022
1783619934.459190130,0.260706383,1.205736096,0.893328505
1783619934.460899353,0.255249083,1.194984121,0.889170279
1783619934.462502003,0.254844685,1.202391375,0.889152056
1783619934.465897083,0.248224645,1.200113891,0.889227846
1783619934.467476606,0.249669769,1.201360559,0.889988674
1783619934.469215631,0.245403123,1.196465470,0.885091770
1783619934.470772743,0.243620967,1.191218164,0.887691071
1783619934.472527504,0.245962016,1.193089829,0.888013496
1783619934.474231958,0.242887840,1.195206693,0.889346970
1783619934.479881048,0.242077112,1.195025067,0.889675108
1783619934.481197596,0.236877731,1.185111930,0.888345053
1783619934.482704163,0.231991027,1.184605430,0.887330718
1783619934.484316111,0.235515236,1.184699078,0.887449377
1783619934.485882282,0.235807541,1.176767914,0.882165525
1783619934.487498999,0.243966754,1.180662863,0.879963373
1783619934.492596388,0.267168058,1.176942795,0.874906510
1783619934.494270325,0.303867872,1.174805327,0.859716053
1783619934.495896101,0.294215159,1.175488496,0.850727926
1783619934.497449398,0.280397197,1.177784285,0.855806903
1783619934.499196291,0.261251026,1.173518383,0.862923094
1783619934.504766464,0.247679260,1.167893205,0.868226020
1783619934.505970716,0.219722916,1.152658131,0.871572995
1783619934.507570505,0.215034760,1.142921563,0.868386606
1783619934.509149790,0.217163125,1.136592402,0.870987911
1783619934.510823250,0.219901283,1.133918576,0.865351901
1783619934.512502193,0.219303006,1.131714407,0.861353401
1783619934.517144203,0.219614586,1.132491455,0.863053553
1783619934.518266916,0.239304293,1.133171552,0.860902402
1783619934.519359350,0.240828991,1.129010916,0.853463007
1783619934.522525549,0.246555968,1.124542685,0.852916997
1783619934.524134636,0.249778047,1.126325502,0.856847499
1783619934.529243469,0.253560942,1.126256835,0.853870716
1783619934.531006575,0.248660367,1.120713930,0.859934017
1783619934.532645702,0.244924676,1.119868360,0.858797027
1783619934.534173489,0.243552090,1.120447818,0.858413581
1783619934.535798311,0.233994354,1.111214840,0.859905653
1783619934.542281151,0.238552576,1.115492555,0.863372775
1783619934.543562174,0.225782290,1.106313475,0.855133431
1783619934.544773340,0.232804639,1.112457451,0.854631482
1783619934.547566652,0.231109611,1.111375184,0.852192156
1783619934.549119711,0.228113334,1.112118755,0.846605718
1783619934.554785728,0.226985198,1.115455668,0.846369341
1783619934.555991888,0.226835790,1.115700954,0.841582783
1783619934.557599783,0.222054938,1.117670680,0.847184623
1783619934.559429407,0.218612278,1.109271581,0.845121164
1783619934.560911179,0.216297568,1.115943830,0.848576167
1783619934.562571287,0.215234922,1.118422319,0.844534631
1783619934.567166090,0.214035193,1.117698953,0.846074786
1783619934.568227291,0.205443026,1.113217416,0.836369196
1783619934.570805311,0.204387825,1.113192923,0.833899545
1783619934.572492123,0.205063419,1.111724118,0.829996862
1783619934.574169397,0.207945994,1.108966251,0.830907613
1783619934.579866409,0.212864066,1.107418069,0.827788313
1783619934.581204653,0.220327846,1.109096176,0.823499642
1783619934.582603693,0.218753821,1.108829666,0.822568394
1783619934.584203005,0.215770359,1.110681032,0.821178436
1783619934.585766554,0.214705925,1.113474278,0.824712370
1783619934.591013670,0.210099560,1.108856215,0.822516636
1783619934.592592001,0.208889797,1.104772221,0.814996989
1783619934.594105244,0.200970439,1.099582125,0.816523764
1783619934.595913649,0.200470968,1.097268811,0.818197782
1783619934.597584248,0.197940362,1.089768179,0.816878398
1783619934.599211216,0.202178896,1.090249971,0.815474591
1783619934.604676247,0.198301759,1.089170027,0.817836618
1783619934.605973482,0.192208443,1.079642275,0.810666924
1783619934.607554197,0.196623712,1.085394202,0.813799172
1783619934.609174728,0.193198013,1.083083455,0.812399950
1783619934.610866070,0.193323918,1.073942116,0.809700368
1783619934.617110252,0.195427728,1.075236922,0.811192904
1783619934.618168116,0.202597337,1.066311059,0.803831416
1783619934.620962143,0.202806079,1.069937529,0.799057959
1783619934.622563362,0.194895604,1.063976186,0.794694356
1783619934.624180317,0.195557279,1.065091976,0.795031648
1783619934.629774094,0.197818452,1.062432307,0.796527465
1783619934.630949736,0.191610785,1.056715190,0.791419428
1783619934.632585049,0.184528525,1.049550555,0.787083857
1783619934.634121418,0.182483297,1.056366386,0.789367136
1783619934.635900736,0.183669376,1.053783972,0.787291244
1783619934.637705803,0.181636294,1.054985466,0.789995105
1783619934.642242432,0.179362605,1.054836369,0.785361095
1783619934.643484592,0.185379439,1.049236878,0.786250275
1783619934.644619942,0.187387012,1.048228374,0.780638484
1783619934.647605658,0.193297301,1.044489711,0.780875025
1783619934.649150848,0.188486218,1.047798065,0.781693371
1783619934.653294802,0.188772560,1.047915297,0.780334614
1783619934.654657841,0.189717935,1.049027061,0.776574190
1783619934.655988216,0.183798123,1.043946345,0.774393183
1783619934.657561064,0.185526064,1.045002857,0.772943282
1783619934.659303427,0.181731569,1.038340049,0.771780372
1783619934.660974264,0.178008215,1.035036523,0.769869287
1783619934.662588596,0.181344887,1.031283228,0.768650867
1783619934.664116859,0.179890850,1.028206106,0.766931075
1783619934.667242289,0.177887058,1.025625972,0.761670480
1783619934.668431282,0.172516342,1.024287329,0.766190634
1783619934.669556856,0.167097235,1.021593186,0.757154247
1783619934.672651768,0.167604091,1.014504855,0.756321965
1783619934.674344778,0.171332800,1.021034607,0.761273297
1783619934.679815769,0.173715509,1.021259554,0.759008822
1783619934.681052685,0.174100169,1.012944744,0.758056617
1783619934.682500601,0.173996698,1.009657701,0.756048584
1783619934.684369802,0.175233565,1.009768271,0.758304128
1783619934.685774088,0.175608115,1.013546472,0.758888176
1783619934.687475681,0.176026394,1.007993207,0.755032129
1783619934.692282200,0.174651632,1.010628825,0.759999161
1783619934.693721533,0.171857300,1.009657518,0.754981880
1783619934.694931984,0.170352967,1.008567949,0.749377909
1783619934.696120739,0.170498077,1.005678059,0.748954671
1783619934.699209452,0.168030005,1.007071593,0.748442365
1783619934.700807810,0.168196185,1.007345026,0.751038583
1783619934.704859257,0.173251034,1.004277802,0.747088895
1783619934.706140995,0.167304926,1.003133799,0.751681662
1783619934.707704067,0.170221645,0.998491891,0.753143422
1783619934.709451437,0.170658921,0.995443715,0.749776288
1783619934.710949183,0.168993184,0.994698945,0.749965131
1783619934.712588549,0.173027077,0.995146346,0.748777912
1783619934.716427565,0.169541622,0.991959074,0.749485047
1783619934.717484951,0.164504926,0.984604261,0.744307079
1783619934.719224691,0.162738724,0.986818743,0.740888195
1783619934.720815897,0.160986886,0.981885808,0.737370362
1783619934.722549677,0.159587304,0.978473332,0.733166627
1783619934.724161863,0.163741564,0.979954205,0.736355682
1783619934.729909897,0.165776528,0.978922379,0.727925432
1783619934.731358767,0.178551817,0.977378253,0.725704528
1783619934.732654572,0.177146464,0.974338696,0.724364923
1783619934.734153271,0.180192958,0.968881076,0.723811825
1783619934.735839605,0.175804119,0.969493405,0.726198373
1783619934.737446308,0.173437672,0.965611312,0.720893254
1783619934.742387295,0.175047287,0.963190492,0.725441849
1783619934.743897676,0.173370580,0.950844709,0.724506675
1783619934.745147467,0.175013741,0.945392071,0.719108622
1783619934.746355772,0.167638723,0.941335451,0.721095871
1783619934.749334097,0.165225197,0.939503797,0.720071825
1783619934.750791788,0.159257373,0.935539299,0.717157166
1783619934.754716158,0.159273548,0.932019787,0.712223829
1783619934.755861282,0.152927754,0.927529710,0.710947351
1783619934.757538319,0.156659881,0.930239216,0.708069139
1783619934.759242535,0.154227998,0.926826369,0.707552195
1783619934.760979891,0.146595199,0.919647486,0.704761635
1783619934.762600183,0.148952771,0.915758703,0.698338530
1783619934.767273188,0.152583430,0.918400239,0.695729082
1783619934.768636703,0.150745146,0.913515694,0.692242587
1783619934.769827127,0.151639502,0.909418293,0.690748975
1783619934.772756338,0.149688670,0.907769698,0.692836268
1783619934.774296045,0.145131408,0.908249095,0.692460977
1783619934.776121616,0.149064412,0.905471363,0.691588454
1783619934.779798746,0.149517073,0.906546773,0.692065718
1783619934.780906916,0.149007088,0.902064576,0.689535657
1783619934.782454729,0.146212183,0.899035557,0.686113884
1783619934.784121990,0.143833769,0.896366319,0.684124405
1783619934.785951614,0.144607719,0.894507314,0.684162073
1783619934.787577629,0.145415657,0.896405731,0.688854534
1783619934.792385340,0.142330887,0.894173620,0.683265020
1783619934.793937445,0.144056732,0.895901999,0.684020901
1783619934.795250416,0.139866568,0.894110738,0.681896657
1783619934.796489477,0.141565290,0.895089013,0.687385024
1783619934.799445152,0.140035758,0.894495207,0.686439968
1783619934.800948858,0.138845718,0.893732344,0.685163633
1783619934.804807186,0.132545488,0.889378681,0.684718106
1783619934.806081772,0.134053760,0.893799851,0.688455414
1783619934.807541847,0.131845625,0.887785809,0.684294770
1783619934.809269667,0.130761459,0.884931884,0.681562632
1783619934.811004639,0.129143693,0.890236385,0.684111703
1783619934.812519789,0.131624095,0.886975158,0.682521287
1783619934.814203024,0.130241288,0.885817479,0.683446542
1783619934.817307234,0.136406459,0.888691921,0.681325293
1783619934.818655968,0.125069404,0.874950848,0.675516360
1783619934.819865704,0.126010377,0.879778581,0.676752245
1783619934.822529554,0.123575591,0.876368663,0.676769130
1783619934.824292183,0.125613616,0.878299635,0.676257793
1783619934.825855494,0.124687586,0.877996759,0.674669980
1783619934.829953194,0.123064111,0.882593998,0.675431366
1783619934.831476212,0.118222017,0.871579423,0.670934301
1783619934.832919598,0.121952158,0.875169876,0.672951357
1783619934.834143400,0.121370296,0.870483723,0.667569736
1783619934.835878134,0.125001085,0.870056819,0.671649886
1783619934.837614536,0.125689192,0.867938594,0.673019498
1783619934.839301825,0.116356624,0.864191093,0.670130079
1783619934.841330528,0.117730555,0.861462822,0.672024161
1783619934.842700481,0.120841514,0.856468761,0.667683064
1783619934.844455957,0.116099103,0.851308773,0.663737527
1783619934.845956564,0.116421422,0.851604271,0.663422675
1783619934.847573996,0.120793557,0.854550273,0.665075291
1783619934.849123001,0.115584119,0.844316436,0.656916715
1783619934.854771376,0.117234333,0.848502960,0.659894447
1783619934.855986595,0.114193153,0.840504546,0.651018854
1783619934.857614040,0.117295864,0.841930170,0.651840782
1783619934.859194040,0.115523733,0.838730144,0.650753637
1783619934.860870123,0.114331624,0.835528295,0.645534512
1783619934.862459421,0.113544403,0.830192621,0.639521048
1783619934.867134809,0.116674709,0.829522533,0.641923163
1783619934.868175507,0.117359109,0.823854187,0.634528555
1783619934.870944977,0.113971320,0.817252152,0.633180473
1783619934.872517109,0.113435995,0.819343853,0.635183647
1783619934.874093771,0.110817672,0.815508716,0.633528279
1783619934.879753590,0.112559388,0.813561448,0.633019625
1783619934.880930901,0.111755285,0.806161402,0.628995711
1783619934.882577896,0.117066283,0.804085155,0.629359335
1783619934.884140491,0.113611750,0.801822756,0.631060287
1783619934.885957479,0.110265029,0.796251898,0.630358153
1783619934.888056993,0.110163053,0.798294123,0.622996450
1783619934.889115572,0.113507521,0.797323411,0.625202778
1783619934.892309189,0.107882245,0.789435279,0.625372740
1783619934.893594742,0.110635603,0.790666909,0.626826115
1783619934.894743204,0.110307579,0.786779036,0.623158860
1783619934.897674799,0.110698832,0.784272902,0.619364511
1783619934.899271011,0.112953387,0.787207585,0.621199734
1783619934.903321028,0.109782572,0.782924189,0.621175325
1783619934.904372931,0.108241981,0.778758543,0.619232204
1783619934.905858278,0.110325935,0.777783093,0.616503619
1783619934.907450914,0.109120435,0.774217112,0.613074888
1783619934.909284592,0.110476746,0.772182722,0.613728610
1783619934.910872698,0.110230787,0.771113001,0.612817867
1783619934.917164326,0.108168419,0.771077465,0.612079993
1783619934.918244123,0.105333703,0.761429697,0.608352698
1783619934.920808315,0.107264286,0.759582164,0.607998921
1783619934.922657490,0.107659396,0.756652714,0.601755653
1783619934.924207449,0.105831035,0.760586506,0.602134290
1783619934.929790258,0.107548123,0.755541227,0.595578668
1783619934.930961609,0.103639860,0.749736540,0.596073534
1783619934.932580471,0.102105568,0.750709454,0.589155279
1783619934.934177637,0.099640951,0.754485123,0.592405514
1783619934.935962200,0.099301864,0.747038676,0.586594618
1783619934.942248106,0.099609473,0.747654110,0.585466853
1783619934.943480492,0.093491089,0.744274567,0.571928672
1783619934.944615602,0.092170171,0.744196484,0.566871434
1783619934.947598219,0.093216369,0.740473932,0.564056522
1783619934.949153900,0.092145233,0.742615968,0.560274499
1783619934.954721212,0.093405904,0.739514286,0.559258885
1783619934.955854654,0.143453182,0.734684113,0.563618055
1783619934.957448959,0.144750497,0.729877097,0.551623340
1783619934.959271669,0.128291315,0.729449657,0.545608468
1783619934.960883617,0.112833121,0.729591695,0.546626980
1783619934.964496136,0.097679242,0.721048684,0.547827135
1783619934.967255116,0.079111160,0.722770464,0.557098732
1783619934.968344927,0.077434794,0.718823801,0.563759347
1783619934.969402790,0.077032420,0.714210934,0.561166092
1783619934.972544909,0.079723492,0.708868817,0.558213881
1783619934.974130154,0.079618172,0.708398930,0.553676638
1783619934.979755878,0.092419915,0.710621991,0.546945820
1783619934.981034517,0.438204862,0.815663779,0.381724917
1783619934.982505083,0.209238887,0.710834001,0.407363096
1783619934.984308004,0.314326737,0.683781073,0.324683300
1783619934.985840082,0.356533823,0.736760447,0.380549120
1783619934.992251158,0.387295569,0.716233527,0.260443730
1783619934.993522882,0.272643887,0.763266980,0.400940668
1783619934.994671583,0.300359099,0.754463864,0.380527029
1783619934.997840881,0.294524260,0.753491128,0.383412282
1783619934.999206066,0.271789155,0.738020986,0.384750237
1783619935.004740953,0.287796502,0.734523783,0.378853994
1783619935.005843639,0.291162524,0.722383284,0.385907822
1783619935.007411003,0.303566517,0.720557567,0.376712799
1783619935.009204626,0.307790198,0.726848319,0.386494362
1783619935.010837793,0.309590284,0.723561717,0.387383113
1783619935.017158031,0.318788152,0.727468568,0.386149145
1783619935.018201113,0.334833348,0.728118459,0.388678725
1783619935.021012068,0.333116781,0.722382825,0.389995506
1783619935.022542715,0.333059876,0.724405738,0.387947946
1783619935.024188519,0.329796421,0.720892675,0.384679450
1783619935.026465893,0.328256632,0.722817757,0.385103813
1783619935.027716160,0.323267645,0.719763928,0.389489741
1783619935.029734135,0.321163241,0.715998550,0.385474419
1783619935.030898571,0.315725671,0.713666854,0.382107921
1783619935.032565117,0.315462720,0.713621937,0.381187646
1783619935.034131527,0.310169543,0.711356567,0.380480774
1783619935.035928011,0.312704646,0.713451239,0.386195106
1783619935.042072058,0.304504826,0.709029481,0.383100307
1783619935.043187857,0.289129533,0.696450120,0.373943595
1783619935.044353962,0.287321188,0.694492853,0.376026549
1783619935.045976877,0.282232974,0.688794147,0.376321261
1783619935.054765224,0.281582340,0.687305423,0.373023229
1783619935.055939436,0.265114412,0.652296871,0.363097400
1783619935.057644844,0.259580785,0.642861625,0.359849797
1783619935.059366941,0.257212661,0.640014040,0.358878072
1783619935.060788393,0.257459483,0.639124865,0.356962665
1783619935.062585831,0.253226392,0.630533927,0.353572304
1783619935.067167044,0.251170665,0.627357367,0.352574706
1783619935.068207026,0.246515040,0.617356833,0.343050305
1783619935.070997715,0.242933332,0.613352565,0.344841790
1783619935.072556257,0.243475182,0.612318872,0.338688741
1783619935.074158669,0.235284693,0.605945929,0.334049378
1783619935.079858541,0.232482089,0.604580626,0.335816178
1783619935.081025362,0.226719412,0.591120143,0.327457386
1783619935.082664251,0.226394144,0.586621512,0.327562138
1783619935.084213495,0.225084114,0.594180881,0.324715309
1783619935.085764647,0.221031365,0.586548297,0.325966724
1783619935.089418888,0.222936240,0.581096940,0.323201409
1783619935.092352629,0.217313932,0.578055843,0.318278962
1783619935.093789577,0.217235817,0.570919266,0.311389289
1783619935.094946146,0.215479984,0.563324996,0.307535321
1783619935.096049786,0.219779799,0.558735425,0.304389392
1783619935.099210262,0.219908724,0.559013786,0.304348882
1783619935.104694605,0.227389161,0.547304201,0.295441984
1783619935.105816841,0.231695420,0.534096176,0.287166147
1783619935.107461929,0.234719652,0.534821327,0.286344035
1783619935.109202385,0.233860043,0.525661207,0.281500212
1783619935.111008883,0.232069870,0.517676750,0.271923514
1783619935.112642765,0.233240480,0.514442251,0.272152312
1783619935.117217779,0.237460504,0.509799446,0.266230083
1783619935.118270159,0.243950281,0.498776726,0.250251951
1783619935.120911121,0.243958676,0.487166137,0.237796770
1783619935.122726202,0.251606108,0.484281065,0.224713826
1783619935.124146461,0.252043501,0.478219505,0.226244586
1783619935.129827499,0.257347331,0.467564175,0.213402893
1783619935.131057978,0.263641577,0.451353871,0.187237553
1783619935.132522345,0.268788694,0.446317944,0.177962848
1783619935.134114265,0.273173077,0.439213024,0.167829217
1783619935.135976076,0.277630116,0.435126057,0.160755511
1783619935.137497663,0.280501678,0.427513850,0.149426724
1783619935.142268658,0.282442032,0.421140558,0.143353132
1783619935.143567085,0.292392185,0.404372035,0.120899930
1783619935.144733191,0.291552112,0.390751106,0.113055290
1783619935.147473097,0.293702630,0.394931991,0.102175772
1783619935.149082422,0.294305090,0.389953254,0.096272385
1783619935.152021885,0.295811340,0.378998713,0.090323403
1783619935.152999640,0.298372615,0.382289272,0.087151938
1783619935.154676437,0.302578571,0.371786543,0.077774326
1783619935.157505751,0.303785383,0.371440716,0.071418286
1783619935.159147024,0.310240441,0.360814135,0.060918310
1783619935.160931587,0.312029436,0.353118618,0.057019243
1783619935.167140722,0.314979606,0.344868719,0.049542457
1783619935.168271542,0.323609621,0.327370787,0.036973218
1783619935.170867920,0.323549466,0.329502262,0.035516070
1783619935.172662735,0.328052831,0.322041544,0.031934943
1783619935.174251318,0.325629519,0.315739803,0.031855695
1783619935.179755211,0.329141526,0.309003475,0.027800786
1783619935.180899382,0.329767624,0.296954583,0.021843375
1783619935.182644367,0.324150426,0.287875476,0.017383400
1783619935.184177876,0.322137561,0.281512707,0.010434973
1783619935.185777426,0.318412458,0.271318636,0.010117547
1783619935.187435865,0.320591008,0.263242317,0.003135910
1783619935.192245245,0.316957173,0.260008314,0.004057199
1783619935.193539619,0.309581769,0.232584837,-0.013070338
1783619935.194677114,0.313275223,0.226286217,-0.018286650
1783619935.197573900,0.309498724,0.215326755,-0.023009349
1783619935.199212790,0.311626314,0.202929372,-0.023021805
1783619935.204759359,0.307692064,0.198025058,-0.031142974
1783619935.205888987,0.306549592,0.180266459,-0.046452310
1783619935.207528591,0.307667398,0.175612502,-0.050930265
1783619935.209165812,0.301456276,0.162495271,-0.061400425
1783619935.210824490,0.300572698,0.155478056,-0.071710905
1783619935.212513447,0.298922911,0.148525168,-0.073824434
1783619935.217199802,0.298037685,0.139732228,-0.082749261
1783619935.218294144,0.297246490,0.118216000,-0.102991750
1783619935.220895052,0.294793792,0.111578241,-0.105723357
1783619935.222452641,0.296071029,0.105092121,-0.115516147
1783619935.224286795,0.295739716,0.102989301,-0.120404345
1783619935.228722811,0.294601463,0.094417425,-0.126393520
1783619935.229743958,0.294909204,0.080264058,-0.140395776
1783619935.230898142,0.291881325,0.075550008,-0.143084560
1783619935.232523680,0.296786576,0.072126834,-0.149768115
1783619935.234275103,0.294663715,0.063814851,-0.152185865
1783619935.235927105,0.294297287,0.059158905,-0.154430110
1783619935.242381811,0.294501738,0.052940346,-0.160889278
1783619935.243669748,0.282266825,0.033370409,-0.167060867
1783619935.244816542,0.274857540,0.029240916,-0.170669635
1783619935.247483969,0.274794785,0.022322012,-0.168895107
1783619935.249292374,0.274890571,0.018209815,-0.169588159
1783619935.254777670,0.267859839,0.012568219,-0.170164977
1783619935.255851269,0.267743614,-0.002299054,-0.172856427
1783619935.257412672,0.262953120,-0.005537434,-0.171517610
1783619935.259282112,0.260226870,-0.017091760,-0.179501872
1783619935.260913610,0.256950565,-0.016538515,-0.170520177
1783619935.267246962,0.257485230,-0.022009496,-0.175292063
1783619935.268285513,0.257968888,-0.039855405,-0.180011758
1783619935.270810843,0.261981147,-0.040725505,-0.181167577
1783619935.272581577,0.262376866,-0.044906701,-0.181458035
1783619935.274205685,0.258192869,-0.051940193,-0.178615355
1783619935.279824257,0.260625578,-0.052759864,-0.173120482
1783619935.281069994,0.249053691,-0.059351262,-0.160808548
1783619935.282473803,0.248300085,-0.067704437,-0.161382154
1783619935.284271717,0.246298484,-0.068472446,-0.160019064
1783619935.285829782,0.244762184,-0.070729839,-0.155616138
1783619935.290309191,0.240706685,-0.072275279,-0.155103671
1783619935.291324377,0.230638032,-0.077922032,-0.160189000
1783619935.292638540,0.227074838,-0.079736103,-0.158809396
1783619935.294289112,0.223277794,-0.075290888,-0.156069883
1783619935.295963287,0.221033459,-0.079389344,-0.156669621
1783619935.297494650,0.214204964,-0.082529680,-0.157896441
1783619935.299140692,0.215073225,-0.081007356,-0.158667272
1783619935.304679632,0.211464462,-0.077209407,-0.153816622
1783619935.305951118,0.203114906,-0.082100631,-0.159551327
1783619935.307600021,0.200094022,-0.085171885,-0.157963626
1783619935.309154510,0.201818804,-0.083593647,-0.156248691
1783619935.310784578,0.202567729,-0.080578844,-0.157662458
1783619935.317176819,0.201647701,-0.081584851,-0.156773107
1783619935.318215132,0.215486721,-0.078441446,-0.159979964
1783619935.319294214,0.220870376,-0.079905391,-0.161282574
1783619935.322573185,0.231723636,-0.062804279,-0.165067141
1783619935.324181318,0.235279887,-0.061711553,-0.171173430
1783619935.329766512,0.280022543,-0.032874034,-0.185646321
1783619935.331004620,0.344963171,-0.014606052,-0.218286311
1783619935.332434416,0.408255534,-0.010905858,-0.267074645
1783619935.334263563,0.373589091,-0.004174401,-0.261074382
1783619935.335806847,0.361448211,0.015893956,-0.275683275
1783619935.337754488,0.387155136,0.016928391,-0.292969230
1783619935.342320442,0.379838569,0.008252675,-0.274294768
1783619935.343998909,0.390336137,-0.001402849,-0.265276194
1783619935.345216036,0.339497404,-0.027476810,-0.282954808
1783619935.346373796,-0.028933447,0.002768254,0.081316280
1783619935.349144459,0.238032201,0.005709647,-0.191695238
1783619935.350805759,0.074548497,-0.025976228,0.031937232
1783619935.353705645,0.113651483,0.049224014,-0.068431998
1783619935.354709387,0.188676403,0.007854316,-0.110901164
1783619935.357478619,0.072652946,0.032642007,-0.004481785
1783619935.359165192,0.139968585,0.021743192,-0.055704706
1783619935.360950708,0.095066241,0.036693167,-0.041581390
1783619935.367178917,0.171918280,0.033768584,-0.076558593
1783619935.368228197,0.147275456,0.026243503,-0.046202227
1783619935.370984793,0.136353310,0.040291293,-0.044070359
1783619935.372529030,0.141665756,0.022557679,-0.045085735
1783619935.374180317,0.145204019,0.031900157,-0.059377400
1783619935.379836559,0.145971185,0.029557144,-0.043445640
1783619935.381106853,0.141668035,0.022601705,-0.047954659
1783619935.382514715,0.143259122,0.027873118,-0.058788352
1783619935.384204626,0.142612845,0.027033334,-0.051352081
1783619935.385988474,0.140937036,0.028685722,-0.047483042
1783619935.387544394,0.143229239,0.028028074,-0.051336962
1783619935.392265558,0.138470330,0.030631472,-0.046956500
1783619935.393635988,0.134413335,0.023306189,-0.052042957
1783619935.394791842,0.133111388,0.026883871,-0.050973369
1783619935.397464514,0.129720496,0.024454364,-0.048884960
1783619935.399300814,0.394603066,0.010065529,-0.276725427
1783619935.404698849,0.366995702,0.018610279,-0.205218116
1783619935.405829191,0.397245083,0.025263569,-0.231027166
1783619935.407653093,0.397972450,0.029210583,-0.230437104
1783619935.409179211,0.415475948,0.023909822,-0.237091642
1783619935.410863876,0.384664548,0.021422840,-0.221193213
1783619935.414505720,0.410452618,0.022400225,-0.231378378
1783619935.417155981,0.397973509,0.018832273,-0.228934490
1783619935.418244123,0.405693668,0.019546002,-0.228396908
1783619935.420963049,0.410962733,0.014308444,-0.219673162
1783619935.422593117,0.181406340,-0.010572883,-0.080340619
1783619935.424160004,0.070871386,0.042578238,-0.020573749
1783619935.429260969,0.195200735,0.007598484,-0.074440611
1783619935.430943489,0.144937987,0.029031296,-0.043706959
1783619935.432534218,0.118349596,0.038437876,-0.029950503
1783619935.434076548,0.153757100,0.028210704,-0.045157024
1783619935.435930252,0.144616675,0.028742056,-0.037417073
1783619935.442344904,0.131049142,0.036974879,-0.031457301
1783619935.443648815,0.151038551,0.030890099,-0.023383243
1783619935.444816351,0.140750489,0.026727957,-0.025437021
1783619935.447486401,0.139231947,0.028656559,-0.023696555
1783619935.449294806,0.139353556,0.022583072,-0.026568241
1783619935.454684258,0.135611785,0.030686127,-0.021897531
1783619935.455782890,0.321115954,0.015487727,-0.140270574
1783619935.457575321,0.432077111,0.014953972,-0.201039326
1783619935.459181547,0.413573580,0.014906336,-0.192000859
1783619935.460892439,0.425127013,0.010185746,-0.185266238
1783619935.467165470,0.424931782,0.022054971,-0.196076054
1783619935.468236208,0.122711084,0.010651115,-0.026792023
1783619935.471004486,0.120937038,0.034731354,-0.038450219
1783619935.472501516,0.132364657,0.031145328,-0.043543211
1783619935.474183559,0.120776544,0.028861709,-0.031741597
1783619935.479859114,0.137798844,0.024405481,-0.038256875
1783619935.481182575,0.136516270,0.018769572,-0.030320847
1783619935.482587337,0.132224441,0.022774748,-0.025977732
1783619935.484138966,0.182723873,0.021304634,-0.056772374
1783619935.485925198,0.283603515,0.023091352,-0.120464238
1783619935.490371704,0.353070679,0.008670003,-0.157998840
1783619935.491593361,0.390896368,0.013837097,-0.170041608
1783619935.492803574,0.358166371,0.011013909,-0.147737464
1783619935.494282961,0.290925123,0.004948972,-0.108020518
1783619935.495807648,0.207280847,0.007373618,-0.063045470
1783619935.497423172,0.144074266,0.018454173,-0.030901434
1783619935.499244690,0.125774594,0.027058714,-0.023039531
1783619935.504776716,0.135741572,0.028684966,-0.031108091
1783619935.505968332,0.140373798,0.019329409,-0.034608718
1783619935.507688761,0.193645500,0.021934105,-0.065396965
1783619935.509366751,0.234959434,0.011773692,-0.101656696
1783619935.510845661,0.273761439,0.008716198,-0.125169801
1783619935.512471676,0.297570277,0.009028280,-0.135238820
1783619935.517227173,0.296963556,0.006997792,-0.131005428
1783619935.518289089,0.185239560,0.007859032,-0.057167413
1783619935.520877838,0.160759117,0.017522183,-0.038340266
1783619935.522510529,0.141909109,0.020886047,-0.031859309
1783619935.524150372,0.139388823,0.018558054,-0.035736278
1783619935.529772758,0.157885692,0.023165081,-0.047875250
1783619935.530976772,0.255307570,0.013858144,-0.108561957
1783619935.532656670,0.267991316,0.013763068,-0.118054297
1783619935.534214735,0.269857022,0.013984852,-0.114775272
1783619935.535782099,0.258726895,0.011837405,-0.105062124
1783619935.542426825,0.236729112,0.014963432,-0.087452923
1783619935.543798685,0.181753189,0.015012095,-0.054660768
1783619935.544956446,0.188958930,0.012803537,-0.057053072
1783619935.546078205,0.208116784,0.013021255,-0.070722105
1783619935.549196959,0.229313167,0.013309940,-0.080420189
1783619935.554855585,0.242244914,0.011121415,-0.096366216
1783619935.556033373,0.233568579,0.011689559,-0.078164062
1783619935.557619095,0.213206785,0.011437923,-0.066053467
1783619935.559204102,0.195362455,0.009659533,-0.058504102
1783619935.560868502,0.190644404,0.011191676,-0.049653873
1783619935.562442303,0.182531346,0.012957729,-0.046880902
1783619935.566463709,0.193250671,0.013232903,-0.056630235
1783619935.567473173,0.224193132,0.008296819,-0.076937521
1783619935.569303274,0.233102230,0.016375408,-0.090459268
1783619935.570947409,0.241786443,0.016367768,-0.086232398
1783619935.572562218,0.239226425,0.018505795,-0.081248775
1783619935.574143887,0.231702502,0.012338997,-0.076706303
1783619935.579753637,0.218591709,0.015304680,-0.071151173
1783619935.580959082,0.194064165,0.014672197,-0.053495957
1783619935.582684278,0.198107494,0.015317153,-0.054691603
1783619935.584244967,0.209357627,0.017259608,-0.060389475
1783619935.585809708,0.223774119,0.010295870,-0.073389653
1783619935.592466116,0.234815444,0.019026582,-0.073655592
1783619935.593807936,0.225600781,0.011204921,-0.069738968
1783619935.594959259,0.217221045,0.012810199,-0.062800169
1783619935.596064806,0.209237134,0.019151357,-0.055544454
1783619935.599151373,0.202197135,0.015923050,-0.052454737
1783619935.604751348,0.205703959,0.019532762,-0.060830629
1783619935.605853319,0.232144605,0.016334317,-0.071940014
1783619935.607669830,0.235017594,0.015046910,-0.075290808
1783619935.609209299,0.233544716,0.014061766,-0.075876838
1783619935.610856771,0.226653028,0.016861163,-0.069721034
1783619935.614089489,0.221360690,0.013552746,-0.064908797
1783619935.617214918,0.208396010,0.017244540,-0.056425637
1783619935.618357897,0.204770746,0.016397363,-0.054182340
1783619935.619473696,0.208136752,0.017752272,-0.054709922
1783619935.622558117,0.209023550,0.015838762,-0.061534466
1783619935.624168396,0.221479051,0.017635046,-0.071641397
1783619935.629454851,0.232863703,0.018971173,-0.069716032
1783619935.630863190,0.221483681,0.016341976,-0.061711376
1783619935.632584095,0.220102075,0.016447361,-0.059934488
1783619935.634163857,0.213131512,0.012630352,-0.055542649
1783619935.635916948,0.214228228,0.014013796,-0.055657776
1783619935.642449856,0.209876789,0.014229649,-0.051572245
1783619935.644292116,0.227048040,0.013132919,-0.067510174
1783619935.645920277,0.227149201,0.015624325,-0.064240256
1783619935.647572756,0.225811638,0.011967658,-0.061158601
1783619935.649114847,0.220834725,0.014915978,-0.060352409
1783619935.654683352,0.219034710,0.010198939,-0.056564518
1783619935.655962467,0.215452533,0.010075055,-0.058003270
1783619935.657586098,0.228602601,0.013817623,-0.060042009
1783619935.659113407,0.241782000,0.014843839,-0.073334515
1783619935.660784006,0.261370096,0.021622819,-0.080509570
1783619935.667168379,0.285333156,0.017808891,-0.094506167
1783619935.668238401,0.341241984,0.018701715,-0.125223363
1783619935.670792580,0.349520554,0.017516352,-0.130129554
1783619935.672513008,0.354324733,0.018567652,-0.129677741
1783619935.674312115,0.353969217,0.023109609,-0.130518162
1783619935.679890156,0.353223857,0.014810582,-0.130519019
1783619935.681260586,0.349703980,0.015496363,-0.123926769
1783619935.682701349,0.355549593,0.012890988,-0.128721718
1783619935.684220314,0.374821248,0.020143878,-0.133642726
1783619935.685954809,0.395515802,0.016789586,-0.144530028
1783619935.691007376,0.427461863,0.019199580,-0.148217680
1783619935.692693233,0.450134755,0.016152950,-0.157520005
1783619935.694265127,0.454824089,0.015875954,-0.156392556
1783619935.695791483,0.451792523,0.014190258,-0.157476003
1783619935.697528601,0.451523041,0.016686050,-0.152593490
1783619935.699173689,0.450570268,0.013652965,-0.152681712
1783619935.704880714,0.451190569,0.012967478,-0.151797630
1783619935.706022978,0.459334091,0.012832078,-0.150648711
1783619935.707562923,0.458646311,0.012400827,-0.149627902
1783619935.709259987,0.457843061,0.011409132,-0.151173622
1783619935.710954666,0.455855329,0.012461066,-0.151858225
1783619935.712535381,0.455841146,0.009792345,-0.150205376
1783619935.717185497,0.458084260,0.013649792,-0.147631660
1783619935.718243122,0.454036498,0.010958744,-0.150216374
1783619935.721010208,0.456333867,0.009262091,-0.148705185
1783619935.722682476,0.456582338,0.006864407,-0.150683413
1783619935.724316120,0.456034657,0.010097468,-0.148538200
1783619935.729729652,0.459929851,0.010736639,-0.150747467
1783619935.730859756,0.460055954,0.008403768,-0.148503617
1783619935.732482672,0.459504861,0.007619482,-0.151671260
1783619935.734276295,0.457349851,0.008167151,-0.150417146
1783619935.735949516,0.457460093,0.004516554,-0.153123133
1783619935.742371082,0.458160291,0.007591119,-0.151093365
1783619935.743665218,0.457363102,0.007482628,-0.154316831
1783619935.744800091,0.457016077,0.009209816,-0.154524854
1783619935.747490168,0.460994251,0.010786892,-0.154054599
1783619935.749270439,0.456404896,0.010115412,-0.152939078
1783619935.752707958,0.456221126,0.010360386,-0.155434973
1783619935.754724503,0.456353311,0.002149012,-0.159394904
1783619935.755830288,0.456377088,0.005573809,-0.153884600
1783619935.757677317,0.455324052,0.000324785,-0.156604772
1783619935.759201765,0.459424162,0.008637510,-0.152445996
1783619935.760786295,0.455759456,0.007831597,-0.154200603
1783619935.767195940,0.459661624,0.008305120,-0.152331982
1783619935.768264532,0.457943164,0.000068469,-0.152236076
1783619935.770875692,0.455064724,0.002327665,-0.148195746
1783619935.772634983,0.456728683,-0.001731073,-0.150520090
1783619935.774217844,0.454526241,-0.003067394,-0.150035689
1783619935.779711962,0.453776327,-0.000687377,-0.148573413
1783619935.780843258,0.452480111,-0.000202955,-0.148345524
1783619935.782444477,0.454057194,0.014507963,-0.154897022
1783619935.784237862,0.454083620,0.028163135,-0.155755940
1783619935.785960197,0.456106569,0.041536782,-0.154121287
1783619935.792357445,0.457383256,0.051853858,-0.154195099
1783619935.793727875,0.467888129,0.118294892,-0.118790238
1783619935.794935465,0.468116890,0.137932857,-0.108136972
1783619935.797610998,0.471461076,0.162323567,-0.091001991
1783619935.799194574,0.480638582,0.189084942,-0.079669398
1783619935.804798126,0.489698389,0.214608525,-0.056161088
1783619935.805907965,0.516771862,0.288638599,-0.007471446
1783619935.807551146,0.521622058,0.304668579,0.013936818
1783619935.809348345,0.528390080,0.318148934,0.029229033
1783619935.810951471,0.535330548,0.340715588,0.039629165
1783619935.814803600,0.535449624,0.364431413,0.060307271
1783619935.815882683,0.539743551,0.405882468,0.090228240
1783619935.817447424,0.530367327,0.429295555,0.102655673
1783619935.819130898,0.530597881,0.457533266,0.123480026
1783619935.820810318,0.531327856,0.480906248,0.141238353
1783619935.822508097,0.522538201,0.497655869,0.157886252
1783619935.824181795,0.516417546,0.518221591,0.171545130
1783619935.829793692,0.510649680,0.541916791,0.192160474
1783619935.830981255,0.255892171,0.599519394,0.321997052
1783619935.832623005,0.176067586,0.600054571,0.380541712
1783619935.834186316,0.160323325,0.627891008,0.409890983
1783619935.835956812,0.148658878,0.651772603,0.423962017
1783619935.842273474,0.150064080,0.670885752,0.438118016
1783619935.843553543,0.136479837,0.766691280,0.498903605
1783619935.844710350,0.143410711,0.785433463,0.508054340
1783619935.847687960,0.151058320,0.811847608,0.525219525
1783619935.849285126,0.157053161,0.836565038,0.538445857
1783619935.854775190,0.164881655,0.883581011,0.551472741
1783619935.855889559,0.194480433,0.986132366,0.619954958
1783619935.857465506,0.199821120,1.020984732,0.634263117
1783619935.859251261,0.216709964,1.042516252,0.648773552
1783619935.860868454,0.222546609,1.060454719,0.670134054
1783619935.867175579,0.233976056,1.086709810,0.691833437
1783619935.868228674,0.259343722,1.164746907,0.754247679
1783619935.870981693,0.248136981,1.201031423,0.771631631
1783619935.872448683,0.266567122,1.262043890,0.811570675
1783619935.876364708,0.329292858,1.287329412,0.860128820
1783619935.877452374,0.386738468,1.351855147,0.907456439
1783619935.879724264,0.372289694,1.400086597,0.914284147
1783619935.880863190,0.351789424,1.444366219,0.935816138
1783619935.882565737,0.342983134,1.487366324,0.968825215
1783619935.884109974,0.340896704,1.526329930,1.001037746
1783619935.885905743,0.342168662,1.566088356,1.035665063
1783619935.891904593,0.348063267,1.609533643,1.061507986
1783619935.892996788,0.368447027,1.751979429,1.141111942
1783619935.894142628,0.381016237,1.799960827,1.171722907
1783619935.895970821,0.396936154,1.860096039,1.205513951
1783619935.897496223,0.409702974,1.902900779,1.239509549
1783619935.899240971,0.423881975,1.962138048,1.267993071
1783619935.904757500,0.439533482,2.019348023,1.301414368
1783619935.905926704,0.502167703,2.192842159,1.414733475
1783619935.907572508,0.516198805,2.247249815,1.446733358
1783619935.909178495,0.536838210,2.301443706,1.478863213
1783619935.910808325,0.552172304,2.361792891,1.522184638
1783619935.912498713,0.559796197,2.417539279,1.554763329
1783619935.917154074,0.587375276,2.473108127,1.585977014
1783619935.918211937,0.667270016,2.665662742,1.686783526
1783619935.920969963,0.655624811,2.733114687,1.739148388
1783619935.922600269,0.674686227,2.795870780,1.768408217
1783619935.924464703,0.685966513,2.880785589,1.823853678
1783619935.929845333,0.712230408,2.955845779,1.864653725
1783619935.931059122,0.812056168,3.174860790,1.962200645
1783619935.932462692,0.841885498,3.247938288,1.999697001
1783619935.934263706,0.845336747,3.326917369,2.055750629
1783619935.935812950,0.851250483,3.392599826,2.107734051
1783619935.942333937,0.852540269,3.457092254,2.157013328
1783619935.943650484,0.998533197,3.783399686,2.320835240
1783619935.944810152,1.025181316,3.876771066,2.380305561
1783619935.947479963,0.984521159,3.963630881,2.496271864
1783619935.949298382,0.999168867,4.036944670,2.588255008
1783619935.953074455,1.026050621,4.137197233,2.658422539
1783619935.954179049,1.089048778,4.327686893,2.783094812
1783619935.955884218,1.152918411,4.417542332,2.831338167
1783619935.957473516,1.176925947,4.511462561,2.941337626
1783619935.960013390,1.158318321,4.588603761,3.039557579
1783619935.961115837,1.223694368,4.697323782,3.100237328
1783619935.962430239,1.276568529,4.802005308,3.181248461
1783619935.967366934,1.263528830,4.891016840,3.287049887
1783619935.968544483,1.447337276,5.233730802,3.478939150
1783619935.969631672,1.487538952,5.358453186,3.545174778
1783619935.972608566,1.510434114,5.437369563,3.678502926
1783619935.974245071,1.540858416,5.540604272,3.822326555
1783619935.979727745,1.610645671,5.653796111,3.887276133
1783619935.980874062,1.790993628,5.999075898,4.045078182
1783619935.982520580,1.754606731,6.073339270,4.180294359
1783619935.984112501,1.831242369,6.178803600,4.206510405
1783619935.985913754,1.837121835,6.265631404,4.300729327
1783619935.992295980,1.806893562,6.334726429,4.438376647
1783619935.993555784,1.959190207,6.757379765,4.683647610
1783619935.994666576,2.004853811,6.899092126,4.756773695
1783619935.997571707,2.015716483,7.000789325,4.875967305
1783619935.999134302,2.016094880,7.090155739,5.022310107
1783619936.004709005,2.064961050,7.216272423,5.098352328
1783619936.005849600,2.227709358,7.600059879,5.254143338
1783619936.007541895,2.231160584,7.674374332,5.401235828
1783619936.009301424,2.302083146,7.806726642,5.420908948
1783619936.010847092,2.325759519,7.884876244,5.518633727
1783619936.014451504,2.328178282,7.943967451,5.655989137
1783619936.017265797,2.392981375,8.132939615,5.818212713
1783619936.018429995,2.474901699,8.355589854,5.925837983
1783619936.019527197,2.498640563,8.442294696,5.999685355
1783619936.022588968,2.494060242,8.513409191,6.108653096
1783619936.024217606,2.492813367,8.574820072,6.218239642
1783619936.029492140,2.520969709,8.656518917,6.283358532
1783619936.030905485,2.606272990,8.887592748,6.380909986
1783619936.032611132,2.603976937,8.918733884,6.458083494
1783619936.034130573,2.639000152,9.000662041,6.457061662
1783619936.035866499,2.646427829,9.057768150,6.483731653
1783619936.042374134,2.640497769,9.079457730,6.553768540
1783619936.043706417,2.705496830,9.241434313,6.659870334
1783619936.044835091,2.716381284,9.277571065,6.699897962
1783619936.047597647,2.694767629,9.298890371,6.762282867
1783619936.049139261,2.724325451,9.351963875,6.756061576
1783619936.054746151,2.710288550,9.371348380,6.829370398
1783619936.055826664,2.772549459,9.505525941,6.884617063
1783619936.057688951,2.772699263,9.558622876,6.904986273
1783619936.059198618,2.785767209,9.592809182,6.938267245
1783619936.060887575,2.797617225,9.629771258,6.964548309
1783619936.067228317,2.798474880,9.652939436,7.027828646
1783619936.068298101,2.848703088,9.803161669,7.086650129
1783619936.070785284,2.839162551,9.841316972,7.083322248
1783619936.072630405,2.837153167,9.853762702,7.069405479
1783619936.074232340,2.830998287,9.835464537,7.072088228
1783619936.076259851,2.824903067,9.804447657,7.072449955
1783619936.079734325,2.809674897,9.761555801,7.053775674
1783619936.080878973,2.774664964,9.694299113,6.999832396
1783619936.082506418,2.765975536,9.626499077,6.991375386
1783619936.084306002,2.739456094,9.591894214,6.928654825
1783619936.085749149,2.710663678,9.547621188,6.873171650
1783619936.092130423,2.714167543,9.472313255,6.829554393
1783619936.093413830,2.647331114,9.201082430,6.721073172
1783619936.094627619,2.610773245,9.111305343,6.648783877
1783619936.097476959,2.617645924,9.050556610,6.548116382
1783619936.099293709,2.557146633,8.840263337,6.406484772
1783619936.104784727,2.519462991,8.707378831,6.354992961
1783619936.105994225,2.350292593,8.274885112,6.163289234
1783619936.107790709,2.335942107,8.137869749,6.068450556
1783619936.109324217,2.247635002,7.995295957,5.999066300
1783619936.110938072,2.192474385,7.873801695,5.863331177
1783619936.112484694,2.173024488,7.729570857,5.749566833
1783619936.117186785,2.103219101,7.547826736,5.679336930
1783619936.118226528,1.921713302,7.197220553,5.522271007
1783619936.120823145,1.855658213,7.060103440,5.375784343
1783619936.122443914,1.733815909,6.727714099,5.166215149
1783619936.124414682,1.669396396,6.597670659,5.018453617
1783619936.129750967,1.586437676,6.417214634,4.955593835
1783619936.130892754,1.337751148,5.922152511,4.758532235
1783619936.132514000,1.303512748,5.807307796,4.642854843
1783619936.134302378,1.257469008,5.713913809,4.512185706
1783619936.135950565,1.169410107,5.581901550,4.452734041
1783619936.139132023,1.136377258,5.483693763,4.342325983
1783619936.142345905,1.006345954,5.224903207,4.279539277
1783619936.143664598,0.876626414,4.998312321,4.239243786
1783619936.144816160,0.845912254,4.902099076,4.222967895
1783619936.147469282,0.875397545,4.924446441,4.086205227
1783619936.149261475,0.868104654,4.884591251,4.003390283
1783619936.154338121,0.841305574,4.813530594,3.994327852
1783619936.155874014,0.783094619,4.661576910,3.986857465
1783619936.157512188,0.803199630,4.672873934,3.931835843
1783619936.159333944,0.828395867,4.671674753,3.885504049
1783619936.160800695,0.816959961,4.648543882,3.874862434
1783619936.167268515,0.840741104,4.649366838,3.831211219
1783619936.168401957,0.839676138,4.588442682,3.823796562
1783619936.169487000,0.835153409,4.559888994,3.818363111
1783619936.172656775,0.873692407,4.613690604,3.706024724
1783619936.174353600,0.885078836,4.591316517,3.652798279
1783619936.179824591,0.873697255,4.564657161,3.646624930
1783619936.180944204,0.838845632,4.487642058,3.589784275
1783619936.182581902,0.852733543,4.485466291,3.544253726
1783619936.184144258,0.837479628,4.461399604,3.520932704
1783619936.185972929,0.837166990,4.472109256,3.469151856
1783619936.192415237,0.837631339,4.458040652,3.430483526
1783619936.193694115,0.767327700,4.341984764,3.340498136
1783619936.194863558,0.755249423,4.318957974,3.322392801
1783619936.197654247,0.754416608,4.322618849,3.233155434
1783619936.199204922,0.731979217,4.298649213,3.201132503
1783619936.201322556,0.724248454,4.276441499,3.154646255
1783619936.204727650,0.700510042,4.242783287,3.135222495
1783619936.205810308,0.662899719,4.166907838,3.071550350
1783619936.207673073,0.648215774,4.150706915,3.020317594
1783619936.209151506,0.628136058,4.102434563,3.002280631
1783619936.210761786,0.611291119,4.082101923,2.949236359
1783619936.217236996,0.600880586,4.050147083,2.907366037
1783619936.218439341,0.531462404,3.885193752,2.806123279
1783619936.219563484,0.514900617,3.846790546,2.780014507
1783619936.222613335,0.503554321,3.840547133,2.706919173
1783619936.224359512,0.497406874,3.807641962,2.662101287
1783619936.229774237,0.487332490,3.767063408,2.633368969
1783619936.230938673,0.443919412,3.680526688,2.538535043
1783619936.232580185,0.443666015,3.652147294,2.495983413
1783619936.234219074,0.428367168,3.630135923,2.464388321
1783619936.235775471,0.422417819,3.613237783,2.413940747
1783619936.242353439,0.419369826,3.595580973,2.373639418
1783619936.243635178,0.379423804,3.489890249,2.308813786
1783619936.244779587,0.373046535,3.469255054,2.302873709
1783619936.247696161,0.382923685,3.466000415,2.245666937
1783619936.249117613,0.378025783,3.443908659,2.231303526
1783619936.254764557,0.383143550,3.429626490,2.203599942
1783619936.255887508,0.379967449,3.369221008,2.157665594
1783619936.257533312,0.394025241,3.359489065,2.133143992
1783619936.259333134,0.390862982,3.347837832,2.119761789
1783619936.260971308,0.400461950,3.342786177,2.087493549
1783619936.264385939,0.400368649,3.327243228,2.071501002
1783619936.267181158,0.392058765,3.283635446,2.038344954
1783619936.268228769,0.392874420,3.249640461,2.017620132
1783619936.271004200,0.413422702,3.238378838,1.991031967
1783619936.272611380,0.418644252,3.222046535,1.980153309
1783619936.274180174,0.426742559,3.206234308,1.966664247
1783619936.279744148,0.432728513,3.195049927,1.966712925
1783619936.280975580,0.443924823,3.164468439,1.962326454
1783619936.282616615,0.453685564,3.150262022,1.958741837
1783619936.284185648,0.459829367,3.141863848,1.951770958
1783619936.285952091,0.470338397,3.134067355,1.941285678
1783619936.292326689,0.480507382,3.123441570,1.933453574
1783619936.293594122,0.486558936,3.086851642,1.907296970
1783619936.294725180,0.485966942,3.078181789,1.901925074
1783619936.297646999,0.511488920,3.074568034,1.890834033
1783619936.299211740,0.517943388,3.060022317,1.887365383
1783619936.304754496,0.515067394,3.061642245,1.885188213
1783619936.305832386,0.524752289,3.053539159,1.878094229
1783619936.307709217,0.539608659,3.055543163,1.867056821
1783619936.309196949,0.539068181,3.052847824,1.862565695
1783619936.310864210,0.554534934,3.063670913,1.855765458
1783619936.317379713,0.562341848,3.061412160,1.852703007
1783619936.319173574,0.570869649,3.076689447,1.834406856
1783619936.320804358,0.569352391,3.084520106,1.828996460
1783619936.322578907,0.576285757,3.097483735,1.825254015
1783619936.324203253,0.577706523,3.097956211,1.822382233
1783619936.329757214,0.579537684,3.102660083,1.820931696
1783619936.330893755,0.582522238,3.130025470,1.812645696
1783619936.332547426,0.589760301,3.134500738,1.809432085
1783619936.334106445,0.589047474,3.151198115,1.808321719
1783619936.335887909,0.591414477,3.169014997,1.815223160
1783619936.341573477,0.591005181,3.186257711,1.821264886
1783619936.342859507,0.586256007,3.257677379,1.858894355
1783619936.344139814,0.588774918,3.294865117,1.869480977
1783619936.345780373,0.584842768,3.322276044,1.872970171
1783619936.347557068,0.590647902,3.355108987,1.882405298
1783619936.349117041,0.590081057,3.394394029,1.891654656
1783619936.350892067,0.596900275,3.425222024,1.901943128
1783619936.354724884,0.603498037,3.471247112,1.908391150
1783619936.355765104,0.610972156,3.559878699,1.915098227
1783619936.357695580,0.615670369,3.604677250,1.929651558
1783619936.359327078,0.619318689,3.661113316,1.934283314
1783619936.360979557,0.629940036,3.709736400,1.947506477
1783619936.367230654,0.631646120,3.767119963,1.953001386
1783619936.368295670,0.669001503,4.023272140,1.996949956
1783619936.370890617,0.681512879,4.081051208,2.013076392
1783619936.372655392,0.683886855,4.146078988,2.042836605
1783619936.374296665,0.695025434,4.220793795,2.059520802
1783619936.379793882,0.709522579,4.295144636,2.069756868
1783619936.380953789,0.771875749,4.509772379,2.114626457
1783619936.382590532,0.786303844,4.586389290,2.132690817
1783619936.384145021,0.802004557,4.662934626,2.159755985
1783619936.385910749,0.817685066,4.740149380,2.197466513
1783619936.392498255,0.839809706,4.824154686,2.220341066
1783619936.393933296,0.969281994,5.169863661,2.281959707
1783619936.395074129,1.012979624,5.259252728,2.290940770
1783619936.396133900,1.055999173,5.347858850,2.299814624
1783619936.399256945,1.045174354,5.421109397,2.375035410
1783619936.402841568,1.093867516,5.520566390,2.390693148
1783619936.404759884,1.191868873,5.715829242,2.419002350
1783619936.405930996,1.239221032,5.813409118,2.440853161
1783619936.407665253,1.277189853,5.913527317,2.481478378
1783619936.409199715,1.329642548,6.008196533,2.510707037
1783619936.410800695,1.357845887,6.105352838,2.561770104
1783619936.412474871,1.400612437,6.216938517,2.609982410
1783619936.417289495,1.460589961,6.328193639,2.639402392
1783619936.418368101,1.648329774,6.672783004,2.723061560
1783619936.419464111,1.710841990,6.793039561,2.746819042
1783619936.422581911,1.700176379,6.907059609,2.853693343
1783619936.424226761,1.713381825,7.026749322,2.939130610
1783619936.429743290,1.768676850,7.157670732,2.961202409
1783619936.430866003,1.967499123,7.553520477,3.048065845
1783619936.432490110,1.966034783,7.681649306,3.143916220
1783619936.434125662,2.020126753,7.814839375,3.170298162
1783619936.435925245,2.005648288,7.931900305,3.293511827
1783619936.442348719,1.991622580,8.049193192,3.418365469
1783619936.443695784,2.200615656,8.632016145,3.527175865
1783619936.444951057,2.261726164,8.796939901,3.577424526
1783619936.446081638,2.313406045,8.954583578,3.614847134
1783619936.449178219,2.198860284,9.044590916,3.874735764
1783619936.454811573,2.161036996,9.152418898,4.058604405
1783619936.455901384,2.320867239,9.584231480,4.135748318
1783619936.457493305,2.292372001,9.690996273,4.306769248
1783619936.459303379,2.349540446,9.836256635,4.317809860
1783619936.460913420,2.333934673,9.945082236,4.478693298
1783619936.464527607,2.308769859,10.050490519,4.662397807
1783619936.467400312,2.398677223,10.359203222,4.752069099
1783619936.469274282,2.438926779,10.632001951,4.984004992
1783619936.470978498,2.498089414,10.799192707,5.013610456
1783619936.472516298,2.488199633,10.909940517,5.187707025
1783619936.474202394,2.473876107,11.018073209,5.372669682
1783619936.479737282,2.528286257,11.153890209,5.420020401
1783619936.480948687,2.666147596,11.552711408,5.513893573
1783619936.482639074,2.641510808,11.611955133,5.682160972
1783619936.484197378,2.676025781,11.729691682,5.690266007
1783619936.485745907,2.655076009,11.784402414,5.813638662
1783619936.492351294,2.639913493,11.823157297,5.967725349
1783619936.493684053,2.716050566,12.141105305,6.079634288
1783619936.494836092,2.737364442,12.213727242,6.118921157
1783619936.497555256,2.679849671,12.204890185,6.351825017
1783619936.499113083,2.687420883,12.288131034,6.363512513
1783619936.504779339,2.693981582,12.312111627,6.493286324
1783619936.505875111,2.739378401,12.513094999,6.565420698
1783619936.507484913,2.745694883,12.489369594,6.711314700
1783619936.509210825,2.743301251,12.539125764,6.709580669
1783619936.510786295,2.751032148,12.532246742,6.796859729
1783619936.517151594,2.779570141,12.515160955,6.897380177
1783619936.518220663,2.824118511,12.692625936,7.020194481
1783619936.520952463,2.864046385,12.690550389,7.183870375
1783619936.522572994,2.865114127,12.772815071,7.222443642
1783619936.524165630,2.925685884,12.817525795,7.316923534
1783619936.529784441,2.961448834,12.895418715,7.360983732
1783619936.530966282,3.058516225,13.160759320,7.459732812
1783619936.532578468,3.122397425,13.210986118,7.539411624
1783619936.534141779,3.132601296,13.289613225,7.554758898
1783619936.535910130,3.157642076,13.330762138,7.611501768
1783619936.541534901,3.196935242,13.356362125,7.674944431
1783619936.542681694,3.270519361,13.464303901,7.727418291
1783619936.544202328,3.262899267,13.501284148,7.736530123
1783619936.545809031,3.266393768,13.506779972,7.782971211
1783619936.547595739,3.263070244,13.508769148,7.820387000
1783619936.549142838,3.272709357,13.494334556,7.864810012
1783619936.554711819,3.284048603,13.507724500,7.870767853
1783619936.555776358,3.282391398,13.533298145,7.868026976
1783619936.557479858,3.283825887,13.516838472,7.900779576
1783619936.559331894,3.266064805,13.523855821,7.880409424
1783619936.560946226,3.238701515,13.500602241,7.889692121
1783619936.567330837,3.215518080,13.483760807,7.902770512
1783619936.568372011,3.194821932,13.383126265,7.813941246
1783619936.569427252,3.181280542,13.323694361,7.775644358
1783619936.572693825,3.098122386,13.285347452,7.735675193
1783619936.574173212,3.086454778,13.210238072,7.692316114
1783619936.579792976,3.041506509,13.140016273,7.645282537
1783619936.581003428,2.976367818,12.832948732,7.489132710
1783619936.582623482,2.923766406,12.707780710,7.417619056
1783619936.584167719,2.893424634,12.580220480,7.360417525
1783619936.585949421,2.833745285,12.454786144,7.276884820
1783619936.588022232,2.788969097,12.316887046,7.206732664
1783619936.589175224,2.758981991,12.151412154,7.146939707
1783619936.592386961,2.723446638,11.976184840,7.084280265
1783619936.593747854,2.646200528,11.615078467,6.942423596
1783619936.594886541,2.609260165,11.421363918,6.873997413
1783619936.597512722,2.548834566,11.268265104,6.745592744
1783619936.599084616,2.506255932,11.074752049,6.665268210
1783619936.603341103,2.463544730,10.897105599,6.562743098
1783619936.604325533,2.382109847,10.493886556,6.412421553
1783619936.605792284,2.336535770,10.292031597,6.323264097
1783619936.607659340,2.293381505,10.112839408,6.216785070
1783619936.609110594,2.254320757,9.916480488,6.116332484
1783619936.610805750,2.197296658,9.701889170,6.025284810
1783619936.617409229,2.163423442,9.504241526,5.911258448
1783619936.618671417,1.947256064,8.625128682,5.575326454
1783619936.619915247,1.895180368,8.414081555,5.490345939
1783619936.622534752,1.865236786,8.237299690,5.343284526
1783619936.624188423,1.809566008,8.031033232,5.267821067
1783619936.629761696,1.764859812,7.847468536,5.157525313
1783619936.630960703,1.598321149,7.295160970,4.950458196
1783619936.632609606,1.557200928,7.145893166,4.859943630
1783619936.634168386,1.514651199,6.980920686,4.794809614
1783619936.635948181,1.488922469,6.846830071,4.694809657
1783619936.642316818,1.452285070,6.715098929,4.601291627
1783619936.643583536,1.254330851,6.129441690,4.354984966
1783619936.644698381,1.209640285,6.001380372,4.287811776
1783619936.647629499,1.205801185,5.911545455,4.169782580
1783619936.649180651,1.171822135,5.818125919,4.085148727
1783619936.654735088,1.118585989,5.697578248,4.028671114
1783619936.655836105,1.001305542,5.412573031,3.874421817
1783619936.657462835,0.975562533,5.350577140,3.800920921
1783619936.659210205,0.943928741,5.267977413,3.760442485
1783619936.660795927,0.927056538,5.203558762,3.690710366
1783619936.665678501,0.904090559,5.143328475,3.626266833
1783619936.666620493,0.806029169,4.902378436,3.487522533
1783619936.669526577,0.794525856,4.844775874,3.421027276
1783619936.670850754,0.774109793,4.768895553,3.377549975
1783619936.672515392,0.766057212,4.716072863,3.318370614
1783619936.674154043,0.754119800,4.665193601,3.260433921
1783619936.679752350,0.728162292,4.600648074,3.224522081
1783619936.680943727,0.676438420,4.427728950,3.137178439
1783619936.682644606,0.662277801,4.384774686,3.081401978
1783619936.684295177,0.661065629,4.330160012,3.053588084
1783619936.685865879,0.646202697,4.285956482,3.004465743
1783619936.692411900,0.635859868,4.234345387,2.950064969
1783619936.693778992,0.586833682,4.025056350,2.839522018
1783619936.694924355,0.574052472,3.978781263,2.814290729
1783619936.697584391,0.577463433,3.939020347,2.780642135
1783619936.699317694,0.581136449,3.905888297,2.740367698
1783619936.700860023,0.576415903,3.879956654,2.714370262
1783619936.704854965,0.570679596,3.846684210,2.707848099
1783619936.705959797,0.579378601,3.787034094,2.696448751
1783619936.707705021,0.576720149,3.764096101,2.667961523
1783619936.709149361,0.584469509,3.735853558,2.657194422
1783619936.710958481,0.591279849,3.719257517,2.632602189
1783619936.717265368,0.580523190,3.696461191,2.608783915
1783619936.718434811,0.574295078,3.615687219,2.572432873
1783619936.719520092,0.570811191,3.595706845,2.560645065
1783619936.722625256,0.593312151,3.598136382,2.509406585
1783619936.724376917,0.571755112,3.575897590,2.476784126
1783619936.728433132,0.559267323,3.554389192,2.467569014
1783619936.729401350,0.547795211,3.520269706,2.462021817
1783619936.730937481,0.555439573,3.510989446,2.455095018
1783619936.732553959,0.564762210,3.516343955,2.421585729
1783619936.734185934,0.559514342,3.513828449,2.395802642
1783619936.735826492,0.575396173,3.514687123,2.382692045
1783619936.742328405,0.569751534,3.521801200,2.359670539
1783619936.743635654,0.572031559,3.514019556,2.337541324
1783619936.744852543,0.568293169,3.514124713,2.336468726
1783619936.747550011,0.566952859,3.554104056,2.283359812
1783619936.749144793,0.567971392,3.554006058,2.264252028
1783619936.754794598,0.559999869,3.562435840,2.239546280
1783619936.755863667,0.548564444,3.551295576,2.204970868
1783619936.757525206,0.549283831,3.563617817,2.179636121
1783619936.759231806,0.547717806,3.562620167,2.155311219
1783619936.760994911,0.550056210,3.568466038,2.122284455
1783619936.762490511,0.543329315,3.578669613,2.103234726
1783619936.767399311,0.543232826,3.571670002,2.091573914
1783619936.769181013,0.523994168,3.548201471,2.041100005
1783619936.770792723,0.520199860,3.536215503,2.029953631
1783619936.772585392,0.513957254,3.533574911,1.993013336
1783619936.774226904,0.507014101,3.528176366,1.965365488
1783619936.779714823,0.501201593,3.519169817,1.965259865
1783619936.780864716,0.473490260,3.465960340,1.928664193
1783619936.782522678,0.465845328,3.450968250,1.901687997
1783619936.784087896,0.452982509,3.437925940,1.888594676
1783619936.785879135,0.443474931,3.435872909,1.859765794
1783619936.791617155,0.435570569,3.423491655,1.835613690
1783619936.792784691,0.414273407,3.362609524,1.813011696
1783619936.794265509,0.409586201,3.347803350,1.797345612
1783619936.795881510,0.404051956,3.335073126,1.769453909
1783619936.797442913,0.401471276,3.321640541,1.750650895
1783619936.799192905,0.400653367,3.305612321,1.731856006
1783619936.804789305,0.405546225,3.288209487,1.729357214
1783619936.805956125,0.414802634,3.225904745,1.737583674
1783619936.807515383,0.416530487,3.207689769,1.738280026
1783619936.809277534,0.414802022,3.195841060,1.733853246
1783619936.810843468,0.417740131,3.182538673,1.731950725
1783619936.812523603,0.427624484,3.168092619,1.728495880
1783619936.817316055,0.424003149,3.157223251,1.732159549
1783619936.818381786,0.422590016,3.132696217,1.732111866
1783619936.819421530,0.427461432,3.126004628,1.731828055
1783619936.822677612,0.440736590,3.130804875,1.722227672
1783619936.824273348,0.448233454,3.132411280,1.723699302
1783619936.829805136,0.459796373,3.138107937,1.728060379
1783619936.830912590,0.476041732,3.160081139,1.736670045
1783619936.832530499,0.489710660,3.170661326,1.741273333
1783619936.834309816,0.500307565,3.192881489,1.743574934
1783619936.835764170,0.507689221,3.202979418,1.742075155
1783619936.838060141,0.518666615,3.214097683,1.749843015
1783619936.839102983,0.522198679,3.224770436,1.754296732
1783619936.842386007,0.519783536,3.230205427,1.757869518
1783619936.843689919,0.530838405,3.246214002,1.755165867
1783619936.844860315,0.534287555,3.255393105,1.759223763
1783619936.847512245,0.538685853,3.272569787,1.752138595
1783619936.849125624,0.539408975,3.276044360,1.750320445
1783619936.853412390,0.540758667,3.284709241,1.750993386
1783619936.854401827,0.550612636,3.313059412,1.762509146
1783619936.855848074,0.554426547,3.330611577,1.768144187
1783619936.857501984,0.567260267,3.354107733,1.769092760
1783619936.859223604,0.574886067,3.369685746,1.774179560
1783619936.860915184,0.575308955,3.390639976,1.781845109
1783619936.867387533,0.583787605,3.412164580,1.795198059
1783619936.868512630,0.617286889,3.492368501,1.836994708
1783619936.869647264,0.626557665,3.515371072,1.849275393
1783619936.872671843,0.632039250,3.545454067,1.848685161
1783619936.874375820,0.632322561,3.571376103,1.848754335
1783619936.879752159,0.638116749,3.594369987,1.860744704
1783619936.880843401,0.658633166,3.673991374,1.894405085
1783619936.882439375,0.664542801,3.710445077,1.905627347
1783619936.884249449,0.665975343,3.745555500,1.916506249
1783619936.885947943,0.673011586,3.783619903,1.931412509
1783619936.892476797,0.679188399,3.822602538,1.943357137
1783619936.894274235,0.723375660,3.998752891,1.993398004
1783619936.895825386,0.730074650,4.042326668,2.007852203
1783619936.897539377,0.740430187,4.087440091,2.020594534
1783619936.899105072,0.753442258,4.142121494,2.024921833
1783619936.904738665,0.761659537,4.199177141,2.031179024
1783619936.905839920,0.800183739,4.364419419,2.054933560
1783619936.907526493,0.810607221,4.432778315,2.062178669
1783619936.909238100,0.820401458,4.486158322,2.073183657
1783619936.910827160,0.825711934,4.543207406,2.086421097
1783619936.916500807,0.826403150,4.604183596,2.087312444
1783619936.917541742,0.880538111,4.790761349,2.071987983
1783619936.919180870,0.896701458,4.836480180,2.080537228
1783619936.920929193,0.903131913,4.889111951,2.097233859
1783619936.922642469,0.906934201,4.946615018,2.112658444
1783619936.924282551,0.910620029,5.010369701,2.114519449
1783619936.929858923,0.938162750,5.064381115,2.108819093
1783619936.930940866,1.019872878,5.259163681,2.115349819
1783619936.932597399,1.027079947,5.332132880,2.122897467
1783619936.934141159,1.057998437,5.403263229,2.151179347
1783619936.935918093,1.062872926,5.487638392,2.186316951
1783619936.942323208,1.071780059,5.580602913,2.209189574
1783619936.943586826,1.246397021,5.977306118,2.272131269
1783619936.944716454,1.291830523,6.093982695,2.284021518
1783619936.947617292,1.293182064,6.182538815,2.364515275
1783619936.949201584,1.316732222,6.301838244,2.403553399
1783619936.954759836,1.376835082,6.409151970,2.414426232
1783619936.955861568,1.571299285,6.757147513,2.483394996
1783619936.957510471,1.603877898,6.880450471,2.543729448
1783619936.959223270,1.680207285,7.009787482,2.582117033
1783619936.960785151,1.730407048,7.145009416,2.664103440
1783619936.963515520,1.759253182,7.287376589,2.744531024
1783619936.964520693,1.830564190,7.438382925,2.776325918
1783619936.967253208,1.901264215,7.590018226,2.816479642
1783619936.968330145,2.073760928,7.910682635,2.904072059
1783619936.970854282,2.129783157,8.065246071,3.001738056
1783619936.972622633,2.195696827,8.223309454,3.088436659
1783619936.974287271,2.214976680,8.387379645,3.192473754
1783619936.978961229,2.287719842,8.587468078,3.232597848
1783619936.979940414,2.510399318,9.198661028,3.367616890
1783619936.982604980,2.601305690,9.384323347,3.451955794
1783619936.984899044,2.652909027,9.619799900,3.562232977
1783619936.986006737,2.772156407,9.828448399,3.619494999
1783619936.987587214,2.803282793,10.031939808,3.733068593
1783619936.992291927,2.875449938,10.237323974,3.775822541
1783619936.993555069,3.059560087,10.600407809,3.835507764
1783619936.994753599,3.123658006,10.777151562,3.854737857
1783619936.997598886,3.144468843,10.886750987,4.051476386
1783619936.999130726,3.193028380,11.154283243,4.186750550
1783619937.004763842,3.237972170,11.290013142,4.203071566
1783619937.005864143,3.388427983,11.656555587,4.273211255
1783619937.007565022,3.375496898,11.749944329,4.405578513
1783619937.009258747,3.435304054,11.861238088,4.426268747
1783619937.011065006,3.456794179,11.951385073,4.545071050
1783619937.012552023,3.454464721,12.027931852,4.671999853
1783619937.017339468,3.483449845,12.125665465,4.710393315
1783619937.018420219,3.615060186,12.416595181,4.790477683
1783619937.019490004,3.651317787,12.500863361,4.816832880
1783619937.022691727,3.643374593,12.528668705,5.010084269
1783619937.024183035,3.676603997,12.619685286,5.055957532
1783619937.029883623,3.671966714,12.672901977,5.211475562
1783619937.031005621,3.805905380,12.926685871,5.309270780
1783619937.032608986,3.807342276,12.963384744,5.492042856
1783619937.034166574,3.883941729,13.063748792,5.529845110
1783619937.035974264,3.905677685,13.100173942,5.697059123
1783619937.040962219,3.907571145,13.131677779,5.898398695
1783619937.042547941,4.088575314,13.366352389,5.961574642
1783619937.044175863,4.082709352,13.370028380,6.158704012
1783619937.045820713,4.140740244,13.430546290,6.153177350
1783619937.047779083,4.151169705,13.416918655,6.342820635
1783619937.049168110,4.188893429,13.451523286,6.360115780
1783619937.054903746,4.176921822,13.405866206,6.557485888
1783619937.055943489,4.295926893,13.424092014,6.569928272
1783619937.057683468,4.270805825,13.332290861,6.762506649
1783619937.059219599,4.295812962,13.314335032,6.745534360
1783619937.060788393,4.270758691,13.207705182,6.901494141
1783619937.062455654,4.236217573,13.098306794,7.076636081
1783619937.067241430,4.243432019,13.055047678,7.067221930
1783619937.068298340,4.253700543,12.932239034,7.027674868
1783619937.070823908,4.213945333,12.818140731,7.156404719
1783619937.072591066,4.171933849,12.714043046,7.269908875
1783619937.074272394,4.122283747,12.604186405,7.373355539
1783619937.079815865,4.103491503,12.560289735,7.357291152
1783619937.080990553,4.062681345,12.410061160,7.272562974
1783619937.082628012,4.018117671,12.304226009,7.349693065
1783619937.084176779,3.988445948,12.255127325,7.307277073
1783619937.085951567,3.937858122,12.150091653,7.354779458
1783619937.092315435,3.878138218,12.043643001,7.392614281
1783619937.093576670,3.749411610,11.734837479,7.232372633
1783619937.094721317,3.718524461,11.649856734,7.196247439
1783619937.097481489,3.650406440,11.518666376,7.242836928
1783619937.099244833,3.603760212,11.424745615,7.222931880
1783619937.103185177,3.573199457,11.333959836,7.181852348
1783619937.104352474,3.509054793,11.127904098,7.089632060
1783619937.105921507,3.475211730,11.034235950,7.035918861
1783619937.107796669,3.422387112,10.917271499,7.005141538
1783619937.109307766,3.393371475,10.796404852,6.954967020
1783619937.110919237,3.347279780,10.676162281,6.911476562
1783619937.117289305,3.305057916,10.548002321,6.860390986
1783619937.118586779,3.146953783,9.999504032,6.640594218
1783619937.119709492,3.095084535,9.845293511,6.588673483
1783619937.122611046,3.013379415,9.710897450,6.493661834
1783619937.124317169,2.955470836,9.559039637,6.413979013
1783619937.129812717,2.895779703,9.377895917,6.344125692
1783619937.130985022,2.683773717,8.831957653,6.121640304
1783619937.132591248,2.614902404,8.657319969,6.024551189
1783619937.134218693,2.521924668,8.473715215,5.947880783
1783619937.135937214,2.438166725,8.302801296,5.830284457
1783619937.142406464,2.369738297,8.134805987,5.709189666
1783619937.143807173,2.027077864,7.364799748,5.404221076
1783619937.144992113,1.944197612,7.170737994,5.333726333
1783619937.146103382,1.863975937,6.986101488,5.255731621
1783619937.149199009,1.774734425,6.878163364,5.086882543
1783619937.154891729,1.706796737,6.740885681,4.973772326
1783619937.156034708,1.458689438,6.261079615,4.799532773
1783619937.157626629,1.386660863,6.102239036,4.746499855
1783619937.159105062,1.313560171,6.000333017,4.648078356
1783619937.160934448,1.244359536,5.890464784,4.552342956
1783619937.162472725,1.192522329,5.795386594,4.467030506
1783619937.165608406,1.121421148,5.664134717,4.439473568
1783619937.166749477,0.991567995,5.424805167,4.395550043
1783619937.167835474,0.938195245,5.318314180,4.378845977
1783619937.170961142,0.894378836,5.302983240,4.256400301
1783619937.172441483,0.850947030,5.223030833,4.252576514
1783619937.174367666,0.830333353,5.188317719,4.199909371
1783619937.179833412,0.806600319,5.130061466,4.199705312
1783619937.180919886,0.766151281,4.999582223,4.171443927
1783619937.182535410,0.780450554,4.996046689,4.110366418
1783619937.184096098,0.771474867,4.975109352,4.089480721
1783619937.185889006,0.769764242,4.981858698,4.028743524
1783619937.192335129,0.782049782,4.986945466,3.975942356
1783619937.193641424,0.731616505,4.872010278,3.882161815
1783619937.194782019,0.705283697,4.831459295,3.856235873
1783619937.197458029,0.696141145,4.844494488,3.751416694
1783619937.199267387,0.665765361,4.840988832,3.699121348
1783619937.204804420,0.635106755,4.802143244,3.678180314
1783619937.205924749,0.561519834,4.679931475,3.610024082
1783619937.207615614,0.554876537,4.655782894,3.560691815
1783619937.209308386,0.532155004,4.622728131,3.534416840
1783619937.210867643,0.518095633,4.612056675,3.475519394
1783619937.213213205,0.520647367,4.588309879,3.428451215
1783619937.214289904,0.509480447,4.546980890,3.404219810
1783619937.217370987,0.501870290,4.505441423,3.383183132
1783619937.218449831,0.480866938,4.426505185,3.320367356
1783619937.219511032,0.488533826,4.393233274,3.295877527
1783619937.222656250,0.496198623,4.402047995,3.214644782
1783619937.224391460,0.501200674,4.367954455,3.167253932
1783619937.228481531,0.486566821,4.326129189,3.151731231
1783619937.229588747,0.468339738,4.239870079,3.108948528
1783619937.230881214,0.462668770,4.198000985,3.090123399
1783619937.232670784,0.450046674,4.160594113,3.060878902
1783619937.234235764,0.441781639,4.143667757,3.017278864
1783619937.235804796,0.437632893,4.118832144,2.964814890
1783619937.237454891,0.442436265,4.090050573,2.930806246
1783619937.242424726,0.435503716,4.049755492,2.912912783
1783619937.243827105,0.419367876,3.943922880,2.849312030
1783619937.245111704,0.409849331,3.921153352,2.829661630
1783619937.246233702,0.409816705,3.879141173,2.811964144
1783619937.249346733,0.399838462,3.885767852,2.748671505
1783619937.254968166,0.397441407,3.866107985,2.718688599
1783619937.256050587,0.371511965,3.816518944,2.670500047
1783619937.257508516,0.365062177,3.801461593,2.663937459
1783619937.259271622,0.363158521,3.808712474,2.631424623
1783619937.260845900,0.359649478,3.819375697,2.594347230
1783619937.262500286,0.364301768,3.817214658,2.577579768
1783619937.267193079,0.365876480,3.805928241,2.568998656
1783619937.268251419,0.355358125,3.790704833,2.542589711
1783619937.270948887,0.368129236,3.823212118,2.488773479
1783619937.272580385,0.363512322,3.821983827,2.465640840
1783619937.274303436,0.366480406,3.823774437,2.435457258
1783619937.279833794,0.366244202,3.823552731,2.432741168
1783619937.281017780,0.356518958,3.813041146,2.409613222
1783619937.282620668,0.364380695,3.820692331,2.388984624
1783619937.284148932,0.356667117,3.823076927,2.371311898
1783619937.285888195,0.363850869,3.827684727,2.331340955
1783619937.290035963,0.370224881,3.832140713,2.302144692
1783619937.291186571,0.361550832,3.814535850,2.288876240
1783619937.292551756,0.351234220,3.808308312,2.267941620
1783619937.294228077,0.356119535,3.805669498,2.240258003
1783619937.295893908,0.343504994,3.803789368,2.224095294
1783619937.297607422,0.345036580,3.802591182,2.185163152
1783619937.299265385,0.352071639,3.812643063,2.159429136
1783619937.304772139,0.345209594,3.799367055,2.152333633
1783619937.305864573,0.328052391,3.774282757,2.135821631
1783619937.307549000,0.332927269,3.766957530,2.112020024
1783619937.309246540,0.325413135,3.762631332,2.105282506
1783619937.310823202,0.326803498,3.761281145,2.075837768
1783619937.317228079,0.336369606,3.759057290,2.051990868
1783619937.318274736,0.316713331,3.700784652,2.028841073
1783619937.320813179,0.319977598,3.696945021,2.010131005
1783619937.322637320,0.329762363,3.681937855,1.983270306
1783619937.324353456,0.332108548,3.676105494,1.965095319
1783619937.329869747,0.333418734,3.661040514,1.958572793
1783619937.330971479,0.321609382,3.616359200,1.940131591
1783619937.332532644,0.328920577,3.602352226,1.923196193
1783619937.334083080,0.326498850,3.590707312,1.918205229
1783619937.335937023,0.339643495,3.584253674,1.902184751
1783619937.342377901,0.348280453,3.576854710,1.894172676
1783619937.343776464,0.356893334,3.534061365,1.894692367
1783619937.344925165,0.363505271,3.528464370,1.896031902
1783619937.347626686,0.379971258,3.527022720,1.869497200
1783619937.349212408,0.385331445,3.530678711,1.868179120
1783619937.350982666,0.393837882,3.526642445,1.856219867
1783619937.354932070,0.395139118,3.524984680,1.860105588
1783619937.356080294,0.402765687,3.528404457,1.857436871
1783619937.357600927,0.403972321,3.531353176,1.856278270
1783619937.359098434,0.413106324,3.540651936,1.844021428
1783619937.360974073,0.425768218,3.552072497,1.831542441
1783619937.362538815,0.429157165,3.564021837,1.825741487
1783619937.365973234,0.430731069,3.563180469,1.829762678
1783619937.367603779,0.430776254,3.588084165,1.836172831
1783619937.369146109,0.440415278,3.604111855,1.836789630
1783619937.370823145,0.444411549,3.616279478,1.838080044
1783619937.372564793,0.446122659,3.621597872,1.837739442
1783619937.374241352,0.450970909,3.631785962,1.836244161
1783619937.379802465,0.452083878,3.641178672,1.841909124
1783619937.380932331,0.446784262,3.673048764,1.851390689
1783619937.382612467,0.459414998,3.686752134,1.850739163
1783619937.384183645,0.460169611,3.700340288,1.843389553
1783619937.385981321,0.465029508,3.711598223,1.848978065
1783619937.392494917,0.473645568,3.720323152,1.848678989
1783619937.394148111,0.482415969,3.774562111,1.858386701
1783619937.395758390,0.492763772,3.791639576,1.864658984
1783619937.397587299,0.502598201,3.818274749,1.875087539
1783619937.399122477,0.513944093,3.841564216,1.885036002
1783619937.404725790,0.523043058,3.867440546,1.896084041
1783619937.405761242,0.551592154,3.967304656,1.928021611
1783619937.407703876,0.571637709,4.003339129,1.944651619
1783619937.409123182,0.584090681,4.051346299,1.953572620
1783619937.410932541,0.600396457,4.084130856,1.966662727
1783619937.417365313,0.619792116,4.136547386,1.976808982
1783619937.418431282,0.653559848,4.372118182,2.010459988
1783619937.419489145,0.666529808,4.437818328,2.013831967
1783619937.422631979,0.686025478,4.503302190,2.039194274
1783619937.424362659,0.703980028,4.564389228,2.047037935
1783619937.427468061,0.718110246,4.636957405,2.048123343
1783619937.429786921,0.741790393,4.799413971,2.058829019
1783619937.430945635,0.753194106,4.878633565,2.079722374
1783619937.432599545,0.770469549,4.971916376,2.096412959
1783619937.434159279,0.779287778,5.065910462,2.117622266
1783619937.435931206,0.792694893,5.158253530,2.144267446
1783619937.442322016,0.808722625,5.264865692,2.160817663
1783619937.443842649,0.899541261,5.736625991,2.224103418
1783619937.445013762,0.938379711,5.868674439,2.237600797
1783619937.446115017,0.976240527,6.011489201,2.253327304
1783619937.449193954,0.992608632,6.129942116,2.318170656
1783619937.454769611,1.023451091,6.262899582,2.330893288
1783619937.455846310,1.185582112,6.646854379,2.381275515
1783619937.457548857,1.231759725,6.769913095,2.393332808
1783619937.459118843,1.285083916,6.880732115,2.420753078
1783619937.460798740,1.322422792,6.988177637,2.465774475
1783619937.462446928,1.357540106,7.097588864,2.493770488
1783619937.467351437,1.428557958,7.212192698,2.502187832
1783619937.468401670,1.599972456,7.512617013,2.539550789
1783619937.469478369,1.663960318,7.621994891,2.539905571
1783619937.472625732,1.676691925,7.710285390,2.615535375
1783619937.474398136,1.712363543,7.812568414,2.642814264
1783619937.479779005,1.776412415,7.924940175,2.634507162
1783619937.480917692,1.968801950,8.257540282,2.615415205
1783619937.482549191,2.000711750,8.367360926,2.631773914
1783619937.484110117,2.069829877,8.472287666,2.638668348
1783619937.485876799,2.105294484,8.571540119,2.670350570
1783619937.489619255,2.144179729,8.668484991,2.697749872
1783619937.492335081,2.253116397,8.917338665,2.696181133
1783619937.493660927,2.365231426,9.170371897,2.714683499
1783619937.494798899,2.413588656,9.306247653,2.725881788
1783619937.497487783,2.411250566,9.438380698,2.846690452
1783619937.499272823,2.448651784,9.571779910,2.923824892
1783619937.504866600,2.498363747,9.738796268,2.941519663
1783619937.506000280,2.656716702,10.253842344,3.001460440
1783619937.507477283,2.710820310,10.431963702,3.020506285
1783619937.509177685,2.744245894,10.589390658,3.094805783
1783619937.510778904,2.776389779,10.746333115,3.174464496
1783619937.512435436,2.801020398,10.900343430,3.241037694
1783619937.517292500,2.845023101,11.068218779,3.248247618
1783619937.518352270,2.942553448,11.403735901,3.283690927
1783619937.519419432,2.995009714,11.584186893,3.303546613
