source_timestamp_sec,Fx,Fy,Fz
1781283234.177556992,0.042133970,0.108365169,-0.003785107
1781283234.179199696,0.039471620,0.113006797,-0.006798844
1781283234.180865526,0.044831855,0.110908907,-0.004172840
1781283234.182624102,0.041208442,0.111591352,-0.007812848
1781283234.190127373,0.045053819,0.111364527,-0.005921789
1781283234.190883636,0.044271832,0.109932407,-0.000593747
1781283234.192666769,0.043820490,0.110124218,-0.013683309
1781283234.195097685,0.042570023,0.110220892,-0.005388382
1781283234.195905209,0.040646395,0.110620109,-0.004257180
1781283234.202546358,0.045168198,0.109243093,-0.007320308
1781283234.204735279,0.046514411,0.114060211,0.002110527
1781283234.205965996,0.048160756,0.113590500,-0.003557287
1781283234.207537174,0.045399417,0.113081278,-0.001539994
1781283234.214906931,0.041847667,0.108096940,-0.008024159
1781283234.215932131,0.046267822,0.112357301,-0.008298816
1781283234.217587233,0.040763492,0.113278031,-0.004569045
1781283234.220050812,0.042907281,0.107657256,-0.004265086
1781283234.221021175,0.047337755,0.103744152,-0.006903076
1781283234.225090504,0.041013920,0.112328530,-0.006086576
1781283234.225875616,0.044628732,0.104834573,-0.005123586
1781283234.227735043,0.039988409,0.110575748,-0.005233628
1781283234.229716301,0.049763160,0.109325044,-0.004322940
1781283234.230955839,0.043080408,0.113811462,-0.003232857
1781283234.232713461,0.045843767,0.107179012,-0.007913570
1781283234.239901781,0.045649214,0.112784213,0.000875837
1781283234.240887642,0.045783807,0.110729122,-0.006656000
1781283234.242593765,0.039447020,0.112234599,-0.008630972
1781283234.245059252,0.048778041,0.110087678,-0.004048374
1781283234.246031284,0.038657701,0.110724777,-0.003500600
1781283234.252511740,0.042063169,0.105104088,-0.011388759
1781283234.254846811,0.036800357,0.109712350,-0.008260699
1781283234.255857944,0.049172914,0.108462706,-0.001245825
1781283234.257524967,0.042974472,0.112633165,-0.003490376
1781283234.264927864,0.046332611,0.106728814,-0.005447509
1781283234.265934467,0.044060931,0.113076285,-0.004134309
1781283234.267600775,0.047100415,0.104533709,-0.005990515
1781283234.270082951,0.040227267,0.110829921,-0.007555108
1781283234.270727634,0.000000000,0.000000000,0.000000000
1781283234.277647018,0.046414625,0.112490604,-0.008761288
1781283234.279246092,0.047485852,0.107200581,-0.006185272
1781283234.280880928,0.042218590,0.113935848,-0.001486970
1781283234.282514811,0.046940626,0.108364306,-0.007369052
1781283234.287208080,0.045948349,0.117121351,-0.002581622
1781283234.288207769,0.046504962,0.105467318,-0.005397205
1781283234.289889574,0.038377413,0.111907249,-0.004953240
1781283234.290970802,0.041479667,0.107809024,-0.009737554
1781283234.292549849,0.045130746,0.110611116,0.001238580
1781283234.295074701,0.050045595,0.107828520,-0.004899986
1781283234.295701742,0.000000000,0.000000000,0.000000000
1781283234.302440882,0.037764291,0.111291901,-0.010273021
1781283234.303097486,0.042223805,0.113478755,-0.006029064
1781283234.304339647,0.043826635,0.112645402,-0.005520875
1781283234.305982828,0.044970403,0.107745295,-0.002809148
1781283234.307519197,0.044451412,0.110060439,-0.004116341
1781283234.314976692,0.047117971,0.111345380,-0.004573642
1781283234.315985680,0.042079927,0.110416627,-0.010084301
1781283234.317612886,0.046077971,0.104604088,-0.004859513
1781283234.320097923,0.049279668,0.110129332,-0.007344068
1781283234.320867777,0.045979823,0.108804346,-0.001920497
1781283234.327515602,0.044623390,0.112303870,-0.008837861
1781283234.329682112,0.040910121,0.111361271,-0.006180197
1781283234.330893517,0.047613962,0.108233594,-0.007643195
1781283234.332586050,0.040600030,0.109558527,-0.004348809
1781283234.340226889,0.050309993,0.109191495,-0.008024221
1781283234.341188192,0.044977518,0.107790076,0.000353635
1781283234.342527390,0.041641639,0.112355965,-0.009809742
1781283234.345112085,0.047634644,0.111042805,-0.004632665
1781283234.345762014,0.000000000,0.000000000,0.000000000
1781283234.349995852,0.047028790,0.108883235,-0.007265886
1781283234.352584362,0.044168710,0.110781507,-0.003901572
1781283234.354260683,0.047658417,0.109849074,-0.004611918
1781283234.355915546,0.046466094,0.108612892,-0.002245728
1781283234.357610703,0.044743875,0.112585626,-0.011781219
1781283234.359184504,0.045322115,0.107512884,-0.005840970
1781283234.364666700,0.048905006,0.111577629,-0.005342428
1781283234.365883827,0.044408801,0.112765038,-0.002420687
1781283234.367569208,0.047373650,0.106538313,-0.008774663
1781283234.370118618,0.047440318,0.109905057,-0.001330350
1781283234.370894909,0.044620976,0.108430340,-0.011473143
1781283234.377518415,0.044453580,0.109157025,-0.003793071
1781283234.379844904,0.042542769,0.110202478,-0.007101189
1781283234.380868673,0.052546527,0.103508047,-0.008820652
1781283234.382579088,0.044514795,0.110002434,-0.008329569
1781283234.389950991,0.048283708,0.107252712,-0.012279963
1781283234.390927076,0.048271456,0.105859865,-0.006160489
1781283234.392577171,0.042973066,0.110176380,-0.001037723
1781283234.395154953,0.047780599,0.107122004,-0.007270693
1781283234.395961046,0.043071473,0.111315458,-0.001425829
1781283234.402513981,0.048440196,0.105860273,-0.006098549
1781283234.404718637,0.047352718,0.106073834,-0.010067375
1781283234.405933619,0.047545734,0.109451618,-0.002541764
1781283234.407560349,0.044788629,0.104961363,-0.009693888
1781283234.411166191,0.046276997,0.110643857,0.001207732
1781283234.414912939,0.045308395,0.110093965,-0.004192758
1781283234.415939808,0.044577437,0.108771513,-0.005035950
1781283234.417628288,0.044353898,0.108397459,-0.009405946
1781283234.420070410,0.046019502,0.108800337,-0.002922933
1781283234.421042442,0.047697697,0.107350863,-0.004166915
1781283234.427187204,0.039962303,0.110716666,-0.006569243
1781283234.427732944,0.000000000,0.000000000,0.000000000
1781283234.429232836,0.048405562,0.111633950,-0.000077137
1781283234.430866480,0.045658882,0.111441245,-0.010478960
1781283234.432566881,0.045083928,0.110419216,-0.000910987
1781283234.439896345,0.041023893,0.110239103,-0.013140829
1781283234.440882683,0.040655580,0.110566311,-0.015940265
1781283234.442699432,0.043998022,0.107399618,0.000126489
1781283234.445173502,0.046171109,0.113109097,-0.006235309
1781283234.445959330,0.048791946,0.104112125,-0.006139146
1781283234.452552557,0.042996097,0.111178965,-0.008550391
1781283234.454793930,0.044501907,0.112641114,-0.006573225
1781283234.456040859,0.047397541,0.108378517,-0.005185271
1781283234.457718372,0.040937557,0.111042046,-0.005490775
1781283234.464960337,0.052152874,0.107535511,-0.003822289
1781283234.465968370,0.047575946,0.105477889,-0.008272270
1781283234.467612982,0.039586487,0.108652021,-0.009010923
1781283234.470071554,0.050620831,0.106238680,-0.005829885
1781283234.471050024,0.045518984,0.108797805,-0.010126456
1781283234.473099232,0.041818885,0.113650714,-0.004688387
1781283234.477556467,0.048144358,0.106490078,-0.011631275
1781283234.479822397,0.044810586,0.106492015,-0.006566696
1781283234.481025934,0.050659426,0.109525329,-0.004442074
1781283234.482597589,0.044937789,0.110184912,-0.005155450
1781283234.488563299,0.047332880,0.108382293,-0.005106693
1781283234.489103794,0.000000000,0.000000000,0.000000000
1781283234.490843058,0.046568704,0.108493917,-0.006174253
1781283234.492544889,0.045722674,0.112887135,-0.004389243
1781283234.495106220,0.050529417,0.109615327,-0.004397671
1781283234.495860100,0.049002662,0.108190296,-0.006380719
1781283234.502503872,0.045521197,0.112429376,-0.008661097
1781283234.504885435,0.052682553,0.105530006,-0.004021822
1781283234.505896807,0.044524951,0.109746108,-0.009379611
1781283234.507550001,0.046885008,0.105947520,-0.004758468
1781283234.515067101,0.045734739,0.112046104,-0.005940224
1781283234.516000509,0.044511136,0.113299405,-0.008009871
1781283234.517550945,0.045578321,0.107078147,-0.006900712
1781283234.520169973,0.042700266,0.111348664,-0.008295064
1781283234.520928621,0.043020031,0.111104512,-0.005507026
1781283234.527617216,0.047966834,0.108162094,-0.001295818
1781283234.529869795,0.041583263,0.113144412,-0.006224281
1781283234.530871868,0.046511358,0.106827830,-0.003131191
1781283234.532542467,0.042763140,0.113150214,0.001838675
1781283234.539956570,0.049960228,0.107293898,-0.003931888
1781283234.540982723,0.047197406,0.102628228,-0.004934091
1781283234.542634010,0.043153938,0.120626063,-0.003236022
1781283234.545068264,0.050922363,0.109000975,-0.004819136
1781283234.546044588,0.051665155,0.107061574,-0.005118549
1781283234.549597025,0.041820222,0.114063541,-0.003608270
1781283234.552731037,0.046667561,0.105290567,-0.006286228
1781283234.554188013,0.047015098,0.107767401,-0.012679638
1781283234.555884361,0.043273224,0.113278578,-0.003025801
1781283234.557553530,0.048224535,0.105772737,-0.005924968
1781283234.564946413,0.043465922,0.112581825,-0.004499972
1781283234.565973759,0.046602856,0.110228875,-0.005047408
1781283234.567629337,0.044840287,0.111909109,-0.010110728
1781283234.570137262,0.045586542,0.103345629,-0.002562141
1781283234.570880890,0.041848531,0.106604756,-0.009344142
1781283234.577515602,0.048797903,0.116477442,-0.007070591
1781283234.579810858,0.043510059,0.106604157,-0.004346430
1781283234.581053257,0.042695868,0.110850360,-0.008813410
1781283234.582545519,0.045841448,0.105913291,-0.008823185
1781283234.589944839,0.045942301,0.108657286,-0.009215036
1781283234.590943098,0.048030567,0.106730039,-0.007387312
1781283234.592592716,0.048632449,0.108018586,-0.000331620
1781283234.595096350,0.045179086,0.107297784,-0.009954360
1781283234.595880985,0.045931018,0.107875815,-0.004559437
1781283234.602631330,0.043563114,0.112770980,-0.003207413
1781283234.604234457,0.042976009,0.108272066,-0.007304885
1781283234.605873108,0.043210577,0.115861860,-0.006408409
1781283234.607577562,0.048565426,0.105903637,-0.001595012
1781283234.611202955,0.047131603,0.109422889,-0.002436966
1781283234.615109682,0.047126702,0.109448909,-0.002423245
1781283234.615934849,0.045318571,0.112141970,-0.001657945
1781283234.617615938,0.048688204,0.108824824,-0.007919233
1781283234.620106459,0.044274091,0.108943266,-0.006642928
1781283234.620757103,0.000000000,0.000000000,0.000000000
1781283234.627176523,0.042541695,0.108590412,-0.007142636
1781283234.627847910,0.042971542,0.110320240,-0.009010957
1781283234.629347801,0.041829133,0.109138845,0.002469255
1781283234.630874395,0.047417701,0.110397522,-0.005862319
1781283234.632626534,0.045322810,0.111469540,-0.003081627
1781283234.634215832,0.047773074,0.107394809,-0.008752129
1781283234.640141726,0.044956936,0.111834276,-0.005865764
1781283234.640899658,0.050602493,0.108229180,-0.006162824
1781283234.642525673,0.042851739,0.107973747,-0.001419524
1781283234.645148516,0.046419307,0.109163047,-0.006635258
1781283234.645930290,0.043852286,0.114140025,-0.005449570
1781283234.652862787,0.046791722,0.111439515,-0.004257472
1781283234.654278040,0.040909454,0.108986036,-0.004678397
1781283234.656010389,0.040898910,0.111227258,-0.009516706
1781283234.657590866,0.042180674,0.107028685,-0.004109622
1781283234.665018082,0.043651708,0.111427061,-0.011342683
1781283234.665883064,0.041334631,0.113093429,-0.004143765
1781283234.667608261,0.043396938,0.106019145,-0.007728587
1781283234.670108557,0.040296973,0.111333332,-0.003194883
1781283234.670773745,0.000000000,0.000000000,0.000000000
1781283234.675221920,0.042874785,0.105700987,-0.006062156
1781283234.675867319,0.046008594,0.107995944,-0.012360042
1781283234.677720308,0.033992579,0.113305156,-0.007378735
1781283234.679800272,0.044910555,0.104615165,-0.008636081
1781283234.681012869,0.039825805,0.112805300,-0.003481053
1781283234.682554245,0.047764320,0.108554262,-0.002129649
1781283234.690247536,0.040834949,0.112690534,-0.005676692
1781283234.690917253,0.042852710,0.110118893,-0.008406394
1781283234.692599773,0.039182284,0.113947018,-0.008166879
1781283234.695102215,0.047309457,0.107936619,-0.003704826
1781283234.695877075,0.037471718,0.111769199,-0.005627591
1781283234.702537060,0.045870287,0.108001417,-0.005694059
1781283234.704826593,0.039437183,0.113917524,-0.004370630
1781283234.706070185,0.045494280,0.109512542,-0.005891996
1781283234.707565308,0.038608896,0.115609697,-0.001384990
1781283234.714966059,0.044073989,0.105943224,-0.009239676
1781283234.715946436,0.042669973,0.106170533,-0.004270912
1781283234.717616796,0.038090096,0.113016438,-0.004168230
1781283234.720102310,0.042540686,0.108356209,-0.008966881
1781283234.720868111,0.040148523,0.114624853,-0.007075542
1781283234.727511168,0.042425481,0.109273323,-0.006379537
1781283234.729820251,0.040057874,0.112084882,-0.012952950
1781283234.731044531,0.034921380,0.116298227,-0.003576193
1781283234.732541084,0.042211609,0.112490381,-0.005690890
1781283234.738336086,0.033173022,0.115027348,-0.008457626
1781283234.740123749,0.038374588,0.113531941,-0.005295874
1781283234.740875483,0.035165366,0.112706532,-0.000866744
1781283234.742667675,0.039426833,0.118052229,-0.002458699
1781283234.745160341,0.039990578,0.111212431,-0.007442978
1781283234.745908022,0.036768408,0.115031359,-0.006396534
1781283234.752800703,0.040707538,0.109039266,-0.004846893
1781283234.754303217,0.033081654,0.111408892,-0.009833647
1781283234.756069183,0.036533280,0.111338637,-0.004541898
1781283234.757610083,0.036943727,0.113397239,-0.009210795
1781283234.759186029,0.039505374,0.116542064,-0.001106375
1781283234.765095234,0.033522203,0.109594665,-0.009860774
1781283234.765763044,0.000000000,0.000000000,0.000000000
1781283234.767508030,0.039877045,0.110245954,-0.005011953
1781283234.770140648,0.031922927,0.114836048,-0.001724950
1781283234.770911455,0.037048374,0.108046069,-0.007239815
1781283234.777588606,0.031576602,0.115137426,-0.004382509
1781283234.779912472,0.028051815,0.112586369,-0.005188059
1781283234.780897617,0.033896090,0.109524780,-0.007503960
1781283234.782548189,0.032394542,0.115191760,-0.006271022
1781283234.790031433,0.038952050,0.109978631,-0.005988886
1781283234.791047335,0.038729401,0.112605013,-0.006309935
1781283234.792687893,0.030332933,0.113796687,-0.008651047
1781283234.795135975,0.031754580,0.113940881,-0.002386520
1781283234.795881510,0.034490474,0.113425633,-0.003503774
1781283234.799235582,0.037457266,0.113175504,0.000773462
1781283234.802686214,0.033395916,0.114983085,-0.000572625
1781283234.804216146,0.034814090,0.112769862,-0.007652862
1781283234.805853128,0.032786255,0.112909915,-0.002891604
1781283234.807737112,0.036825101,0.113872633,0.002334115
1781283234.814956665,0.032569930,0.115957033,-0.005810569
1781283234.815970421,0.033778622,0.111613578,-0.004227132
1781283234.817621708,0.028242300,0.115182782,-0.002562334
1781283234.820140600,0.032638277,0.116105158,-0.000516229
1781283234.820890427,0.034181827,0.112959435,0.001414021
1781283234.827802658,0.029775477,0.112245788,-0.007491621
1781283234.829221010,0.034118764,0.112072077,-0.001207243
1781283234.830851555,0.027068441,0.115073539,-0.010334594
1781283234.832655907,0.031722734,0.113737150,-0.003539580
1781283234.834201574,0.027906455,0.111942796,-0.006350030
1781283234.840202093,0.030581977,0.113349239,-0.002038123
1781283234.840953350,0.030624362,0.112405610,-0.000576011
1781283234.842650890,0.031042378,0.113403639,-0.001285980
1781283234.845126867,0.030096542,0.115224276,0.002878673
1781283234.845904827,0.030007528,0.114555741,-0.006344175
1781283234.852618933,0.026027040,0.118501028,-0.004367500
1781283234.854205608,0.030519584,0.115260170,-0.006764745
1781283234.857579231,0.023982909,0.116746635,-0.003767934
1781283234.862218380,0.025740179,0.119847217,0.000130512
1781283234.862762928,0.000000000,0.000000000,0.000000000
1781283234.865000248,0.029903018,0.114504066,-0.005348468
1781283234.865857840,0.022270513,0.119545951,-0.001440979
1781283234.867659092,0.027191940,0.116324767,-0.010505387
1781283234.870082855,0.027450448,0.116693315,-0.001224107
1781283234.870891809,0.025137803,0.114169474,-0.003797669
1781283234.877108812,0.027255011,0.115476143,-0.008755443
1781283234.877795696,0.022124821,0.116278650,-0.002124385
1781283234.879259348,0.024669499,0.115391000,-0.008198115
1781283234.880889416,0.020822749,0.118675794,-0.003950055
1781283234.882596254,0.029030777,0.117683802,-0.003215459
1781283234.889902353,0.019701430,0.115745778,-0.001873329
1781283234.890887737,0.019661498,0.115722225,-0.005987052
1781283234.892601013,0.020623395,0.114137941,-0.004582442
1781283234.895036221,0.026879576,0.117189222,-0.006554213
1781283234.896043062,0.025113228,0.114426657,-0.009470459
1781283234.902652025,0.018537649,0.118470499,-0.002486933
1781283234.904799223,0.030076189,0.113040124,-0.005307832
1781283234.906015158,0.017765705,0.119567847,-0.008090520
1781283234.907577276,0.022624166,0.113417194,-0.007535815
1781283234.915112972,0.015370512,0.118034952,-0.008527416
1781283234.915897131,0.019184817,0.117046978,-0.005433964
1781283234.917513609,0.023460232,0.112206706,-0.000779782
1781283234.920123816,0.019648242,0.116713931,-0.009125508
1781283234.920890093,0.019469335,0.119818519,-0.008479259
1781283234.924168587,0.018384278,0.118416190,-0.001596845
1781283234.927588701,0.020312511,0.115711209,-0.011583836
1781283234.929766893,0.016740333,0.118467331,-0.004230164
1781283234.930982828,0.022871538,0.116100396,-0.001319164
1781283234.932596445,0.020649493,0.119263215,-0.008260703
1781283234.939646006,0.023741735,0.112072692,-0.004247774
1781283234.940944910,0.022691577,0.116125440,-0.001067833
1781283234.942654371,0.020900417,0.119815687,-0.005215152
1781283234.945124388,0.023591809,0.116654033,-0.002099683
1781283234.945893764,0.022176855,0.116939980,0.005844951
1781283234.952647686,0.018984034,0.118863642,-0.003268620
1781283234.954917908,0.018493688,0.120305211,0.001950822
1781283234.955967665,0.025248260,0.113253547,-0.001641340
1781283234.957604408,0.019886513,0.117520615,0.004222744
1781283234.959202290,0.020561122,0.117483215,-0.004659281
1781283234.965096712,0.021135800,0.113763641,0.002821275
1781283234.965871096,0.019857415,0.117203384,-0.001394220
1781283234.967676401,0.025508024,0.116731886,-0.002384671
1781283234.970121384,0.017951373,0.114720098,0.000906264
1781283234.971001387,0.021123725,0.119428323,-0.001363117
1781283234.977603912,0.023462326,0.120017520,0.002261010
1781283234.979190111,0.020157073,0.118001317,-0.003397337
1781283234.980854750,0.023886999,0.113612101,0.004198172
1781283234.982597828,0.020314661,0.117343591,-0.005595822
1781283234.986134052,0.024219807,0.110873324,-0.001245384
1781283234.989988804,0.024213072,0.111725700,0.002328511
1781283234.990986824,0.027577622,0.115342100,0.003457075
1781283234.992631435,0.019701597,0.120692051,0.007399531
1781283234.995209217,0.025430620,0.116915778,0.005666822
1781283234.995968342,0.031278324,0.116459897,-0.000116933
1781283235.001332521,0.019925237,0.118875534,0.005603657
1781283235.002513885,0.018869931,0.118955933,0.004248021
1781283235.004863977,0.029284029,0.111827319,-0.002653770
1781283235.005852699,0.017978129,0.116572774,0.002615803
1781283235.007602692,0.025760670,0.116079270,0.003017563
1781283235.015160322,0.020424952,0.116900477,-0.002618253
1781283235.015932322,0.022629763,0.116735641,0.004072853
1781283235.017513514,0.022778928,0.118733791,-0.000016346
1781283235.020071268,0.023601941,0.115481365,0.007064079
1781283235.021041393,0.024033743,0.118040238,0.000095749
1781283235.027571201,0.023852488,0.117289459,0.002920560
1781283235.029851198,0.024382780,0.112534295,0.000171466
1781283235.030842781,0.024140983,0.119528778,0.001078875
1781283235.032655239,0.027570666,0.116216805,0.000785959
1781283235.034190416,0.019829220,0.119638052,0.001942780
1781283235.040184259,0.027735420,0.113789044,0.002466582
1781283235.040984631,0.028919550,0.117218140,0.002062589
1781283235.042600870,0.017695405,0.116250821,0.005161372
1781283235.045090675,0.025529746,0.114365609,0.005050126
1781283235.045841217,0.019325889,0.116032442,0.001583909
1781283235.048103809,0.028253596,0.113523557,0.001802085
1781283235.052548409,0.023112393,0.111806254,-0.002188707
1781283235.054821014,0.021595258,0.119071818,0.003851245
1781283235.056011677,0.026825396,0.115606424,-0.000037646
1781283235.057562351,0.022783255,0.114899566,0.006201610
1781283235.064121723,0.027263476,0.117967164,-0.000211927
1781283235.064717770,0.000000000,0.000000000,0.000000000
1781283235.065898180,0.029355608,0.116181013,0.004381736
1781283235.067556381,0.023131619,0.117494621,0.004881149
1781283235.070103884,0.028403527,0.113381149,-0.001279689
1781283235.070876837,0.026840506,0.115610905,0.006403464
1781283235.077573538,0.027932956,0.113640935,0.006799640
1781283235.079748392,0.031493585,0.114898904,0.001955611
1781283235.081000328,0.023091066,0.116504545,0.003342423
1781283235.082586050,0.028699563,0.111446497,0.002742965
1781283235.089960575,0.024413862,0.116308316,0.006486764
1781283235.090959072,0.027026935,0.115755095,0.002315156
1781283235.092566490,0.033200608,0.114036839,0.010044450
1781283235.094650507,0.029670617,0.114402987,0.004379415
1781283235.095900536,0.034952156,0.114500909,0.010719782
1781283235.102531672,0.027552090,0.117248721,0.002405977
1781283235.104786873,0.028395236,0.117157412,0.002764192
1781283235.106028318,0.035617220,0.111498065,0.009523098
1781283235.107658863,0.031363658,0.113978073,0.003002110
1781283235.109233856,0.034009150,0.112103971,0.015882112
1781283235.115272522,0.035427751,0.121569655,0.006186368
1781283235.116259575,0.032314892,0.113159142,0.011484041
1781283235.117618799,0.033757432,0.109837143,0.003297282
1781283235.119184017,0.034074130,0.113726949,0.011809359
1781283235.120882273,0.033532704,0.116628555,0.008463116
1781283235.125614405,0.037643992,0.112357837,0.008810891
1781283235.126304150,0.037579192,0.113748990,0.009748100
1781283235.127599001,0.033236930,0.112362331,0.002836018
1781283235.129851103,0.038405047,0.110434401,0.008204583
1781283235.130849600,0.032763080,0.111134186,0.010886810
1781283235.132590294,0.035134813,0.110396763,0.010252430
1781283235.140023470,0.036938552,0.110429539,0.005293642
1781283235.141016006,0.038528614,0.108283333,0.010034220
1781283235.142584801,0.035364763,0.115427322,0.010199555
1781283235.145093441,0.039368689,0.106340077,0.008077325
1781283235.145890951,0.041156561,0.109635794,0.010102375
1781283235.152421713,0.037144525,0.112449162,0.004558442
1781283235.153184891,0.041318134,0.111395345,0.013661119
1781283235.154203653,0.041159318,0.112914450,0.010511200
1781283235.155835629,0.044186897,0.108977286,0.008109153
1781283235.157618284,0.041300126,0.110272527,0.011124070
1781283235.164955378,0.037892382,0.113237321,0.011000493
1781283235.165972233,0.042906257,0.113850258,0.007781948
1781283235.167581081,0.037124493,0.111306659,0.009345853
1781283235.170186996,0.045013730,0.109310501,0.008905393
1781283235.170944691,0.045712589,0.107437471,0.008009255
1781283235.177501202,0.038376841,0.115357208,0.009909893
1781283235.179791689,0.045413722,0.111440307,0.014443102
1781283235.180989981,0.044061600,0.111034123,0.008862852
1781283235.182550430,0.049107687,0.109601746,0.006305099
1781283235.187585354,0.044713865,0.109483368,0.012795020
1781283235.190019369,0.048097933,0.107879872,0.007375339
1781283235.191066980,0.042859365,0.111837757,0.015369576
1781283235.192507267,0.049897817,0.108285896,0.006638147
1781283235.195154667,0.043934889,0.113808000,0.006758120
1781283235.195956707,0.046081818,0.110866781,0.008850673
1781283235.202595234,0.051873541,0.103799039,0.007939306
1781283235.204774380,0.044602692,0.109449096,0.007310557
1781283235.205978632,0.051176276,0.103908434,0.012006863
1781283235.207582712,0.047168504,0.110624751,0.005719839
1781283235.214926004,0.051368087,0.108709972,0.009029326
1781283235.215917826,0.050339516,0.105324963,0.008135224
1781283235.217581511,0.048334522,0.107561373,0.006851429
1781283235.220118761,0.051381567,0.105887699,0.002571939
1781283235.220892906,0.055053008,0.109429340,0.008314829
1781283235.227528572,0.052082995,0.109369415,0.010607022
1781283235.229812384,0.055522509,0.104010686,0.004380536
1781283235.231041908,0.053762859,0.108554950,0.014497774
1781283235.232563019,0.052737966,0.102306673,0.002931302
1781283235.239919186,0.050492637,0.105679651,0.013226029
1781283235.240899801,0.053736320,0.107415958,0.010375308
1781283235.242607594,0.055737731,0.107152268,0.005418261
1781283235.245028019,0.052643702,0.103984048,0.009581004
1781283235.246008635,0.056123348,0.106796026,0.002550541
1781283235.250043631,0.056941167,0.100985047,0.006903288
1781283235.252628803,0.057578041,0.100666900,0.008550684
1781283235.254860401,0.057251186,0.103278322,0.011451293
1781283235.255852222,0.057463200,0.105046710,0.006861300
1781283235.257560015,0.056970107,0.098944321,0.011011152
1781283235.264992237,0.059535460,0.100815104,0.001497169
1781283235.266016722,0.064462673,0.103126606,0.011806797
1781283235.267626762,0.062877917,0.101526091,0.005116353
1781283235.270087004,0.059223985,0.106279873,0.011216419
1781283235.270746469,0.000000000,0.000000000,0.000000000
1781283235.277620316,0.064308203,0.102401213,0.008693178
1781283235.279746294,0.062064300,0.094308510,0.005049975
1781283235.280970335,0.060163698,0.103495576,0.013626461
1781283235.282585621,0.067322855,0.101156074,0.006100018
1781283235.289868116,0.063989468,0.100158418,0.006859783
1781283235.290867090,0.063337855,0.097961336,0.009470807
1781283235.292573452,0.063116048,0.098571123,0.004634495
1781283235.295078993,0.060505838,0.102629976,0.011054338
1781283235.295832872,0.067051473,0.101492875,0.005148953
1781283235.302612066,0.060230753,0.099453269,0.010019391
1781283235.304223299,0.062617645,0.101609218,0.001232517
1781283235.305849075,0.068147673,0.096021663,0.012267126
1781283235.307564497,0.063745418,0.102254047,0.000472521
1781283235.313141346,0.067961401,0.095630365,0.004834040
1781283235.314971209,0.064076047,0.101068871,0.004173752
1781283235.315975904,0.070506742,0.094633848,0.004840308
1781283235.317594051,0.064814502,0.100119935,-0.001001702
1781283235.320006609,0.068564628,0.096209684,0.007279803
1781283235.320993185,0.068110636,0.099760347,-0.002719465
1781283235.327555895,0.065909782,0.093206218,0.000533152
1781283235.329779387,0.068799107,0.092494789,0.004323346
1781283235.330975294,0.063472458,0.095447738,-0.001965620
1781283235.332532644,0.067151434,0.100682557,0.001887054
1781283235.339980602,0.068042002,0.096306445,0.002707439
1781283235.340970278,0.071365334,0.093816545,0.001870574
1781283235.342630863,0.070131392,0.097427160,-0.000181722
1781283235.345038652,0.070672001,0.092344114,-0.001132638
1781283235.345900059,0.068454660,0.097032518,-0.004245164
1781283235.347540617,0.073980469,0.094903234,0.001623815
1781283235.352632999,0.068203923,0.101562225,0.001466179
1781283235.354227066,0.070758262,0.093063162,-0.001540776
1781283235.355850935,0.065232042,0.097855179,-0.009428528
1781283235.357614994,0.073721494,0.093042369,-0.001788860
1781283235.361020565,0.068976701,0.094965328,-0.007556176
1781283235.365034819,0.071843056,0.096540959,-0.001131345
1781283235.365852356,0.074880770,0.090693490,-0.007388445
1781283235.367640018,0.072017361,0.096426148,-0.003407050
1781283235.370098114,0.070388740,0.094400420,-0.005578193
1781283235.370847464,0.072953628,0.094409801,0.001143362
1781283235.377061129,0.073272790,0.093056209,-0.002613785
1781283235.377609015,0.000000000,0.000000000,0.000000000
1781283235.379248142,0.070107627,0.096603725,-0.001558046
1781283235.380883694,0.076531187,0.094475454,-0.004834614
1781283235.382633448,0.071369363,0.093545975,-0.005987100
1781283235.384209156,0.078292301,0.090860428,-0.000859400
1781283235.389972687,0.072470577,0.092565697,-0.004556477
1781283235.390957355,0.077325282,0.091479085,-0.004159358
1781283235.392664909,0.074241237,0.095292975,-0.003218820
1781283235.395160198,0.078985959,0.089312154,-0.003375227
1781283235.395944357,0.075268427,0.095299986,-0.006141100
1781283235.402584076,0.075749621,0.089670570,0.001499390
1781283235.404820204,0.074189966,0.089020804,-0.002600727
1781283235.406045675,0.075775989,0.095305279,-0.005313844
1781283235.407545090,0.077063946,0.091035864,-0.003549254
1781283235.414889336,0.078147739,0.091672495,-0.005210275
1781283235.415908813,0.079116136,0.085151422,-0.005761075
1781283235.417562246,0.073126882,0.093439269,-0.005611738
1781283235.420134544,0.077151491,0.086956354,-0.004105188
1781283235.420884371,0.071996823,0.091055109,-0.005026187
1781283235.424185514,0.078672553,0.088429507,-0.006426740
1781283235.427627087,0.079382549,0.084775385,-0.006299393
1781283235.429270744,0.077380811,0.086973967,-0.003457773
1781283235.430890799,0.078173386,0.094157438,-0.006828288
1781283235.432596684,0.080848956,0.089702111,-0.006151903
1781283235.439632177,0.075094796,0.094381248,-0.008698930
1781283235.440964222,0.073255230,0.091598526,-0.006519171
1781283235.442686796,0.079135776,0.089239762,-0.004037637
1781283235.445091963,0.077947836,0.092380756,-0.008146254
1781283235.445861340,0.072884783,0.096728051,-0.009137849
1781283235.452550411,0.079386966,0.085472340,-0.006783349
1781283235.454811573,0.076803436,0.095031119,-0.007119040
1781283235.456000805,0.078985926,0.086301135,-0.007644911
1781283235.457570314,0.069823197,0.091040784,-0.007325471
1781283235.464935541,0.080283095,0.087872074,-0.004263053
1781283235.465937376,0.076590001,0.089212960,-0.006130487
1781283235.467568398,0.074293979,0.091436449,-0.011587769
1781283235.470062256,0.081408832,0.086577820,-0.009179582
1781283235.471052647,0.082471258,0.090299110,0.000123484
1781283235.477566719,0.074422473,0.090215067,-0.008291102
1781283235.479813576,0.079749298,0.086529519,-0.004957834
1781283235.481026173,0.076195916,0.089885482,-0.007823307
1781283235.482603312,0.078607306,0.089262157,-0.003575993
1781283235.485922813,0.079906665,0.089311462,-0.011393976
1781283235.489969254,0.077331934,0.089081259,-0.011655849
1781283235.490951538,0.078883154,0.092588939,-0.008709396
1781283235.492640495,0.080679782,0.083997916,-0.002261880
1781283235.495098114,0.076991217,0.092202607,-0.005893746
1781283235.495849371,0.074136886,0.091964308,-0.008655095
1781283235.501098633,0.081250828,0.083504314,-0.008689892
1781283235.502593994,0.079132090,0.086457961,-0.004683708
1781283235.504813433,0.076671022,0.091879992,-0.002691854
1781283235.506018162,0.082193219,0.085540161,-0.005176555
1781283235.507597208,0.077646004,0.089086102,-0.005384028
1781283235.509230852,0.081178569,0.082784886,-0.005208660
1781283235.514998198,0.078758059,0.088922623,-0.007809227
1781283235.515996933,0.081529463,0.086743425,-0.006924074
1781283235.517696381,0.079222360,0.086314218,0.001463004
1781283235.520129442,0.080804164,0.087606786,-0.001603818
1781283235.520895243,0.078485344,0.085974714,-0.005237637
1781283235.527426243,0.078227561,0.084284947,-0.003115161
1781283235.528186560,0.081443940,0.087472397,-0.007015192
1781283235.529168844,0.081570250,0.089235274,0.000332501
1781283235.530910254,0.083716283,0.087332905,-0.009597656
1781283235.532618761,0.080477541,0.085469454,-0.002195288
1781283235.534257889,0.082298955,0.083378745,-0.006785949
1781283235.540020704,0.080835727,0.086782518,-0.004273187
1781283235.541034937,0.082122660,0.088233070,-0.000776105
1781283235.542615414,0.083370116,0.082966389,-0.009692407
1781283235.545061111,0.075124665,0.090434637,0.000531612
1781283235.546054840,0.085100277,0.087724367,-0.002171995
1781283235.547902584,0.082758306,0.091254545,-0.005182645
1781283235.552586794,0.085009972,0.088135463,-0.001072904
1781283235.554787636,0.081835604,0.085841094,-0.003102728
1781283235.555981398,0.086609547,0.081204829,-0.005015188
1781283235.557599783,0.081214801,0.088432884,-0.008475218
1781283235.563902378,0.085130522,0.082973960,-0.000696168
1781283235.564553261,0.084199195,0.083671651,-0.004989975
1781283235.565894842,0.081438425,0.088585210,-0.007571575
1781283235.567704439,0.088844822,0.082236681,-0.004496397
1781283235.570149899,0.082055986,0.087463573,-0.007155832
1781283235.570902348,0.083549520,0.083838736,-0.009577823
1781283235.577614307,0.084679993,0.087313141,-0.006945817
1781283235.579571486,0.083325591,0.083245164,-0.005403746
1781283235.580878496,0.082285825,0.084810653,0.000876017
1781283235.582611799,0.084210316,0.083575854,-0.006933895
1781283235.589940310,0.085471626,0.080497466,0.000425007
1781283235.590936184,0.078185542,0.087036990,-0.001686556
1781283235.592598200,0.083174792,0.086945431,-0.003972349
1781283235.595016479,0.083416837,0.084370764,-0.001295200
1781283235.595952749,0.083232163,0.086800295,-0.003866222
1781283235.602494478,0.082988669,0.084897380,-0.002666608
1781283235.604721308,0.079346061,0.087871973,-0.001475975
1781283235.605917931,0.085905811,0.082881180,-0.008245082
1781283235.607643843,0.084447198,0.083370298,-0.007142491
1781283235.609196901,0.083086647,0.081822035,-0.004845258
1781283235.614954233,0.075656347,0.081927967,-0.002768004
1781283235.615948677,0.085374033,0.084962009,0.002463263
1781283235.617591381,0.082623925,0.087106681,0.000169469
1781283235.620137215,0.086417094,0.081301177,-0.001070517
1781283235.620903492,0.080842677,0.086959183,-0.004964064
1781283235.626538992,0.085415222,0.080795520,-0.001695543
1781283235.627512217,0.081628930,0.083413650,-0.001879143
1781283235.629783869,0.088155296,0.082373871,-0.004710521
1781283235.630993605,0.082860020,0.082837499,-0.006308216
1781283235.632602692,0.087301140,0.078078358,0.003030428
1781283235.639974594,0.083005849,0.081996216,-0.009901166
1781283235.640959501,0.081470729,0.083963396,-0.005002398
1781283235.642602444,0.089309630,0.082931322,0.006411288
1781283235.645156384,0.085387995,0.085844180,0.003400959
1781283235.645902395,0.084543018,0.082278791,0.005057386
1781283235.652562380,0.083701615,0.079801565,-0.003570891
1781283235.654797792,0.087291517,0.074794339,-0.001881024
1781283235.655988216,0.086102201,0.084302057,0.003605713
1781283235.657592297,0.090515753,0.077538641,0.005927498
1781283235.664936304,0.085306764,0.085795805,-0.000972182
1781283235.665932178,0.085627368,0.085737538,-0.000386331
1781283235.667653084,0.087674223,0.078348999,0.004869288
1781283235.670081854,0.088888222,0.081545278,0.003671509
1781283235.670828104,0.087923945,0.078813671,0.009425033
1781283235.672900677,0.087224901,0.085083024,-0.001909084
1781283235.677462816,0.085201562,0.081945145,0.007553150
1781283235.679663897,0.088317317,0.080589774,0.006088414
1781283235.680852413,0.083714133,0.086223532,0.010095951
1781283235.682625294,0.087201482,0.080871618,0.010134834
1781283235.687573671,0.086408394,0.085317897,0.004164700
1781283235.690013885,0.090127114,0.079380242,0.005943930
1781283235.691018105,0.086359845,0.082138635,0.000408976
1781283235.692595959,0.088539841,0.074758129,0.011062469
1781283235.695128918,0.087344335,0.083919474,0.005544371
1781283235.695875168,0.093352143,0.075353160,0.011900922
1781283235.702651739,0.087190788,0.081247465,0.002883408
1781283235.704257011,0.088937359,0.077216861,0.006474871
1781283235.705890894,0.087899321,0.080058861,0.008140899
1781283235.707597971,0.088467572,0.075380241,0.006074521
1781283235.714976549,0.087597615,0.083885914,0.006484774
1781283235.715996027,0.085261459,0.080992605,0.004955230
1781283235.717640400,0.091556860,0.074249769,0.010333028
1781283235.720171213,0.092102974,0.079147688,0.001349467
1781283235.720914364,0.088332795,0.079999382,0.011622341
1781283235.727583647,0.087458453,0.082847965,0.011625881
1781283235.729792356,0.091564055,0.078111979,0.006536288
1781283235.731015444,0.090641841,0.074354825,0.013444402
1781283235.732646465,0.088777717,0.079587608,0.006906763
1781283235.734197140,0.091155737,0.073430816,0.012674402
1781283235.740101337,0.089974731,0.083423129,0.012377163
1781283235.740855217,0.092143174,0.074457229,0.011229562
1781283235.742539406,0.085114272,0.078120191,0.008712477
1781283235.745070696,0.090576778,0.072300838,0.016070390
1781283235.746048450,0.091881125,0.072533487,0.012186763
1781283235.748920679,0.086216898,0.079203322,0.009816052
1781283235.749633551,0.090966534,0.075268236,0.012305441
1781283235.752554178,0.092382700,0.074880746,0.005663525
1781283235.754729509,0.091515682,0.074356523,0.011648488
1781283235.755937576,0.092235262,0.073029113,0.009623762
1781283235.757543802,0.087524652,0.079505698,0.014481122
1781283235.764064074,0.096876109,0.073862299,0.005987205
1781283235.764751196,0.093712599,0.068828167,0.010288768
1781283235.765878439,0.090963440,0.077911599,0.007648289
1781283235.767596960,0.093534405,0.069942276,0.015441515
1781283235.770095587,0.092012177,0.078286304,0.017163997
1781283235.770864964,0.093264099,0.067313719,0.009653222
1781283235.777508497,0.091219680,0.077995312,0.013253752
1781283235.779785872,0.093518900,0.074082784,0.015399954
1781283235.780992746,0.092880833,0.073202924,0.012755563
1781283235.782549143,0.090382121,0.072716867,0.013891931
1781283235.789899111,0.095867147,0.075005481,0.014014414
1781283235.790947914,0.092328138,0.075353567,0.016234742
1781283235.792547464,0.091791155,0.068992762,0.013484029
1781283235.795096397,0.094824033,0.070973283,0.017183512
1781283235.795850515,0.096934602,0.072132923,0.015642617
1781283235.802569389,0.090818199,0.076362522,0.013210591
1781283235.804823160,0.091820345,0.069031820,0.017766467
1781283235.806023598,0.094551628,0.076365855,0.012701971
1781283235.807519674,0.094748002,0.070990760,0.018723235
1781283235.811162949,0.094876816,0.075149951,0.013291711
1781283235.814990520,0.091722888,0.073516934,0.013548263
1781283235.815991402,0.094329396,0.073486834,0.011407159
1781283235.817575455,0.094843503,0.067249301,0.015296371
1781283235.820088863,0.092895616,0.077793364,0.009453050
1781283235.820752859,0.000000000,0.000000000,0.000000000
1781283235.825957298,0.092804399,0.074469730,0.013832566
1781283235.827539206,0.092200130,0.071618328,0.016300643
1781283235.829841614,0.096868045,0.068633371,0.011351188
1781283235.830832243,0.090162123,0.073459924,0.023582580
1781283235.832553864,0.095075316,0.074466480,0.015725066
1781283235.840025902,0.093074824,0.072409187,0.016317247
1781283235.841018915,0.093411338,0.075647494,0.015233295
1781283235.842671394,0.095112677,0.069879030,0.017780923
1781283235.845248461,0.093280267,0.071890812,0.015507712
1781283235.846000910,0.091942734,0.072684457,0.013761521
1781283235.852567911,0.094671458,0.071284178,0.018527843
1781283235.854780436,0.089201277,0.069625582,0.017254582
1781283235.855994463,0.097710506,0.073531341,0.017223858
1781283235.857655525,0.092488490,0.070705016,0.016217075
1781283235.859241962,0.092572452,0.071213275,0.014732422
1781283235.865036488,0.092222899,0.064776188,0.010369856
1781283235.866033554,0.088757077,0.071172898,0.019540608
1781283235.867648125,0.096043160,0.070581052,0.023828406
1781283235.870152473,0.094380193,0.073039378,0.018837997
1781283235.870808601,0.000000000,0.000000000,0.000000000
1781283235.877669096,0.098363835,0.063004478,0.019150426
1781283235.879254818,0.096952957,0.064437685,0.015799613
1781283235.880871534,0.091613574,0.074916037,0.020685943
1781283235.882633686,0.092501647,0.067556285,0.018332655
1781283235.888196230,0.093925347,0.071334622,0.017091590
1781283235.890013695,0.092794343,0.070101984,0.020131288
1781283235.891023874,0.093223183,0.073320811,0.019341767
1781283235.892677069,0.097945351,0.065883624,0.016291114
1781283235.895301104,0.093853132,0.075005571,0.018763592
1781283235.896085262,0.092590909,0.067385350,0.020441229
1781283235.902711153,0.089988314,0.075927940,0.022096625
1781283235.904277563,0.092948279,0.062916419,0.015635798
1781283235.905924320,0.090278366,0.071832375,0.018560436
1781283235.907637358,0.096656644,0.065130853,0.022268734
1781283235.914989233,0.093372182,0.073319516,0.018785033
1781283235.915992975,0.093458288,0.071043372,0.011795255
1781283235.917567253,0.095593475,0.068107136,0.024103179
1781283235.920156956,0.092864353,0.070612151,0.021375222
1781283235.920802593,0.000000000,0.000000000,0.000000000
1781283235.927654982,0.092309610,0.070286596,0.016227891
1781283235.929241180,0.095623302,0.070560969,0.016838694
1781283235.930886030,0.091257721,0.066765279,0.024433124
1781283235.932624102,0.095078701,0.066871668,0.020801168
1781283235.934189796,0.095880258,0.068666620,0.019401826
1781283235.939951658,0.095831218,0.064971750,0.019140643
1781283235.940937519,0.094150352,0.070349589,0.019849830
1781283235.942624092,0.096859076,0.064402983,0.022714552
1781283235.945057631,0.093446396,0.072382850,0.021824757
1781283235.946058512,0.097384332,0.066412993,0.022211643
1781283235.949940205,0.093760951,0.071541606,0.019702145
1781283235.952537060,0.093095459,0.071934515,0.027500961
1781283235.954715967,0.092660863,0.070259486,0.022870306
1781283235.955930471,0.095701827,0.067437387,0.024639926
1781283235.957572460,0.091686853,0.073352666,0.024263722
1781283235.965014696,0.090436165,0.062052519,0.019039964
1781283235.966046572,0.094595142,0.071032551,0.024840895
1781283235.967702150,0.093388227,0.070193973,0.016842801
1781283235.970077515,0.094655550,0.066250357,0.025423574
1781283235.970844984,0.096122217,0.071197836,0.022852400
1781283235.977569103,0.092456603,0.064926200,0.027246020
1781283235.979756832,0.095878613,0.065116878,0.027775965
1781283235.980963230,0.091859745,0.073994712,0.021116788
1781283235.982583284,0.096999677,0.067097577,0.023641114
1781283235.989897728,0.095157255,0.070866831,0.021991638
1781283235.990871668,0.096914094,0.067432778,0.025076388
1781283235.992654562,0.091762536,0.074630382,0.032436626
1781283235.995184422,0.095558373,0.068646372,0.024520580
1781283235.995942354,0.090801082,0.068343615,0.023830618
1781283236.002615213,0.097653914,0.066504296,0.020581874
1781283236.004814386,0.099854906,0.062950661,0.019661461
1781283236.006009340,0.091764659,0.074590415,0.021976461
1781283236.007598877,0.095170879,0.065377344,0.023560944
1781283236.011885881,0.092998779,0.070120873,0.021297597
1781283236.012579679,0.097416651,0.065800920,0.023786528
1781283236.015064716,0.091467372,0.071983379,0.029829107
1781283236.015832424,0.092841104,0.066525599,0.021549470
1781283236.017564297,0.093321964,0.069579514,0.020587935
1781283236.020118237,0.094644728,0.065900845,0.026410859
1781283236.020885706,0.098699415,0.066914538,0.021674679
1781283236.027356863,0.092474996,0.062549542,0.021837912
1781283236.028069258,0.099420858,0.067439506,0.024248209
1781283236.029382944,0.091696949,0.067961642,0.026722409
1781283236.030846119,0.097409203,0.059981463,0.026947528
1781283236.032628775,0.090153511,0.070541465,0.025467835
1781283236.034211397,0.096322783,0.060305338,0.023906808
1781283236.039859295,0.093054558,0.068237557,0.025620174
1781283236.040851831,0.094801871,0.071983866,0.023319474
1781283236.042647600,0.093109897,0.064919063,0.031284316
1781283236.045288801,0.094788997,0.067195515,0.023933367
1781283236.046115637,0.095243450,0.068863162,0.026151473
1781283236.052594662,0.093534057,0.074820573,0.027613803
1781283236.054764032,0.096965115,0.066896819,0.025734963
1781283236.055991888,0.096120075,0.068828249,0.019375172
1781283236.057677269,0.095552778,0.064268152,0.023837143
1781283236.059231520,0.095400788,0.068927026,0.026103980
1781283236.065076590,0.092602635,0.066922952,0.032931418
1781283236.065874815,0.094535168,0.070255173,0.021210352
1781283236.067688227,0.091798787,0.065650214,0.031706109
1781283236.070097208,0.095857326,0.070571192,0.027815951
1781283236.070864201,0.096974848,0.066255263,0.018827535
1781283236.077584028,0.094997299,0.065174444,0.025760003
1781283236.079769611,0.098577375,0.064289393,0.018488531
1781283236.080993891,0.091957059,0.070754578,0.019967827
1781283236.082595110,0.095842105,0.065238275,0.029673565
1781283236.087750912,0.096348800,0.069261492,0.026970703
1781283236.090188026,0.094782978,0.064243412,0.029686064
1781283236.090953350,0.093612100,0.070902110,0.025641597
1781283236.092542410,0.094903607,0.066666562,0.024801284
1781283236.095198393,0.092816018,0.068814065,0.026169953
1781283236.095970392,0.090946694,0.072748082,0.024338164
1781283236.102557182,0.096308654,0.065922553,0.024009493
1781283236.104812622,0.090160893,0.067304737,0.021944444
1781283236.106030703,0.097193902,0.066207086,0.025305836
1781283236.107583046,0.093203588,0.071474702,0.026464933
1781283236.114936113,0.095039922,0.062933765,0.020574820
1781283236.115958691,0.095668776,0.062954930,0.024908713
1781283236.117551565,0.098591342,0.067159626,0.021233130
1781283236.120115519,0.089396100,0.061451748,0.029481259
1781283236.120890141,0.091540273,0.066908844,0.029193768
1781283236.127563000,0.097600098,0.070552673,0.022526317
1781283236.129853487,0.090225942,0.070744909,0.023477627
1781283236.131045580,0.095755790,0.061333977,0.026816959
1781283236.132535696,0.094250938,0.073723205,0.021693130
1781283236.140058279,0.093549330,0.062205878,0.023376999
1781283236.140968323,0.094537541,0.062305580,0.024909023
1781283236.142705917,0.094265134,0.072409524,0.024970397
1781283236.145227909,0.095703953,0.066889078,0.024754051
1781283236.146054983,0.097067845,0.064633105,0.027308530
1781283236.149115086,0.092591167,0.071002424,0.022623813
1781283236.149805069,0.095460169,0.066601531,0.027536231
1781283236.152501822,0.093401745,0.068846986,0.020700174
1781283236.154830456,0.093709548,0.064429039,0.026639585
1781283236.156046391,0.095982954,0.070718572,0.024711651
1781283236.157598734,0.093760339,0.065972118,0.023361592
1781283236.163896322,0.097630077,0.068097698,0.026181066
1781283236.164576769,0.098054895,0.065730740,0.027193250
1781283236.165959597,0.094033587,0.066820009,0.019091538
1781283236.167504072,0.091500621,0.064522781,0.024899505
1781283236.170075178,0.094718057,0.068847085,0.018492963
1781283236.171054363,0.097988605,0.064959666,0.029013643
1781283236.177541494,0.096101547,0.074218087,0.024958307
1781283236.179797411,0.094599471,0.061894149,0.024061609
1781283236.181007862,0.091830037,0.071103992,0.026783129
1781283236.182573080,0.096685546,0.065997757,0.027256568
1781283236.189948082,0.096250045,0.073006064,0.025821744
1781283236.190945387,0.091130524,0.069757872,0.025965032
1781283236.192551851,0.093067552,0.065198188,0.029632783
1781283236.195173979,0.093322094,0.070351924,0.026499679
1781283236.195985317,0.096634060,0.069848521,0.028710787
1781283236.202623129,0.094579839,0.061076483,0.026081588
1781283236.204195738,0.095921584,0.069919367,0.024574959
1781283236.207625628,0.094495925,0.064534435,0.029156605
1781283236.209579706,0.094487466,0.065960425,0.025953524
1781283236.215192795,0.092515845,0.069007100,0.025749841
1781283236.215967178,0.091976470,0.074736393,0.027632456
1781283236.217542648,0.094434456,0.065263395,0.027639547
1781283236.220118046,0.093208703,0.070367079,0.026811919
1781283236.220862865,0.096213391,0.065574410,0.030720406
1781283236.225342512,0.095867355,0.070148661,0.024913274
1781283236.225866795,0.000000000,0.000000000,0.000000000
1781283236.227570534,0.093241969,0.071163727,0.025231499
1781283236.229188681,0.094378955,0.066695635,0.024496834
1781283236.230844736,0.095382005,0.069670899,0.019465944
1781283236.232602119,0.096735719,0.066187935,0.025318431
1781283236.239968538,0.092811216,0.069620308,0.023274801
1781283236.240967512,0.095745262,0.064003906,0.020578938
1781283236.242618322,0.091025718,0.068642392,0.027254730
1781283236.245126247,0.094390220,0.066166465,0.026192163
1781283236.245940208,0.091329653,0.067436331,0.027724054
1781283236.252606392,0.095678268,0.067334909,0.023383989
1781283236.254802704,0.095812487,0.063922606,0.028659246
1781283236.255993605,0.094726380,0.071994599,0.029397978
1781283236.257677794,0.096531112,0.061987800,0.026890957
1781283236.259202957,0.092388772,0.072527953,0.028544746
1781283236.265202761,0.095002616,0.061930825,0.029258680
1781283236.265965223,0.091829814,0.067878653,0.033111772
1781283236.267514467,0.095725821,0.065864744,0.026499849
1781283236.270100117,0.089726378,0.064461203,0.028360034
1781283236.270890951,0.092046420,0.069127540,0.021537472
1781283236.277455330,0.096093753,0.073028560,0.026782213
1781283236.278212786,0.096305168,0.064016285,0.025831154
1781283236.279117346,0.000000000,0.000000000,0.000000000
1781283236.280881882,0.090351971,0.068165849,0.025564229
1781283236.282612562,0.095740187,0.064101891,0.029670281
1781283236.284197092,0.091893741,0.071511129,0.025853509
1781283236.287792206,0.096592672,0.067541260,0.025714391
1781283236.289921522,0.095770902,0.060681865,0.026899842
1781283236.290929794,0.092721021,0.068756764,0.025819492
1781283236.292617321,0.093484877,0.065197389,0.027287765
1781283236.295095921,0.096354322,0.071880464,0.028084627
1781283236.295849323,0.094943126,0.064292627,0.026666037
1781283236.302627802,0.096865693,0.069474646,0.021053347
1781283236.304816484,0.095699634,0.069022987,0.022298992
1781283236.306003094,0.093830397,0.065165443,0.024690978
1781283236.307589293,0.093978779,0.070797028,0.022602650
1781283236.314929008,0.092752300,0.066202794,0.030965523
1781283236.315949917,0.095351974,0.067697636,0.026917471
1781283236.317576170,0.097141556,0.069159995,0.029444142
1781283236.320143461,0.092159525,0.068821837,0.031195291
1781283236.320964098,0.095730218,0.070591846,0.020362935
1781283236.327606916,0.096167356,0.064753790,0.026702834
1781283236.329736471,0.092654861,0.062260906,0.030959521
1781283236.330967188,0.095737129,0.067180948,0.025881556
1781283236.332592010,0.094746443,0.065574557,0.027561313
1781283236.339856863,0.097589200,0.067505834,0.020754884
1781283236.340835571,0.094373400,0.069285751,0.023380142
1781283236.342545509,0.094144008,0.067207141,0.028275091
1781283236.345084429,0.095293941,0.065373343,0.023599296
1781283236.345893145,0.095897797,0.069444332,0.020848568
1781283236.349890471,0.092996683,0.068870030,0.024492409
1781283236.352546930,0.097375826,0.064002360,0.028825865
1781283236.354258299,0.096108625,0.064245244,0.028436294
1781283236.355896950,0.094944995,0.066716257,0.023164566
1781283236.357610226,0.098024164,0.066039801,0.019986482
1781283236.359236002,0.092707256,0.069535162,0.033866217
1781283236.364676714,0.096959422,0.065111313,0.020099360
1781283236.365894318,0.090838753,0.065208317,0.029643685
1781283236.367701292,0.093515267,0.067621241,0.023809412
1781283236.370150805,0.092726452,0.071049943,0.030555835
1781283236.370900869,0.094488681,0.066361216,0.025792719
1781283236.377592564,0.092253411,0.070567585,0.027807613
1781283236.379809141,0.092582296,0.064005278,0.027560756
1781283236.381040335,0.098489488,0.068615459,0.020323686
1781283236.382575512,0.092994426,0.065081918,0.031384556
1781283236.389943361,0.094772878,0.067996517,0.022399546
1781283236.390925169,0.095435209,0.068424374,0.016746045
1781283236.392566204,0.095342391,0.066305997,0.029956731
1781283236.395100832,0.091370093,0.071048294,0.024652426
1781283236.396021128,0.094336271,0.069992495,0.021299901
1781283236.402636528,0.096957597,0.062106380,0.026285198
1781283236.404188395,0.090842909,0.067568895,0.025645715
1781283236.407601118,0.106568174,0.070637838,0.028124175
1781283236.411730289,0.093856210,0.063847855,0.020818543
1781283236.414975405,0.094660338,0.069385000,0.031224023
1781283236.416000605,0.097564791,0.067779825,0.021537881
1781283236.417643547,0.093351861,0.066049830,0.028120302
1781283236.420098305,0.096297965,0.063761467,0.019917735
1781283236.420750856,0.000000000,0.000000000,0.000000000
1781283236.427491426,0.094735234,0.063064852,0.024048911
1781283236.428159952,0.093398945,0.060516174,0.021984171
1781283236.429197073,0.092079537,0.068234667,0.025783011
1781283236.430878639,0.089898862,0.061789628,0.027396345
1781283236.432568550,0.078632482,0.058973815,0.026844359
1781283236.439938307,0.076143856,0.059958106,0.027030298
1781283236.440932035,0.078531276,0.056817275,0.023773076
1781283236.442536354,0.080717743,0.055896614,0.019102588
1781283236.445091724,0.068606253,0.053896931,0.023782551
1781283236.445861816,0.064348267,0.053766360,0.019682952
1781283236.452501535,0.000000000,0.000000000,0.000000000
1781283236.454819679,0.060621293,0.049060552,0.020733985
1781283236.456037998,0.064095970,0.052767526,0.016056534
1781283236.457713366,0.059077897,0.044898840,0.021930257
1781283236.459268093,0.062121102,0.046771053,0.015082794
1781283236.465028763,0.059653040,0.044672314,0.018165453
1781283236.466013908,0.057702859,0.044976865,0.016210162
1781283236.467673779,0.057715081,0.042896772,0.010228616
1781283236.470062017,0.059144959,0.044061556,0.015458584
1781283236.471054554,0.054922871,0.042324155,0.013806385
1781283236.472730875,0.057504586,0.042622738,0.013001106
1781283236.477567196,0.052328177,0.040785532,0.017984647
1781283236.479211330,0.061614376,0.041476457,0.010328808
1781283236.480849743,0.056309563,0.045115802,0.016197863
1781283236.482611179,0.054320140,0.037829271,0.018300077
1781283236.488567352,0.056058313,0.044036662,0.012325058
1781283236.489209652,0.057901939,0.041686869,0.019246997
1781283236.490939379,0.059789631,0.043924147,0.012007049
1781283236.492602825,0.059687318,0.039844931,0.019192740
1781283236.495088339,0.060393266,0.043843595,0.016483296
1781283236.495854855,0.054995869,0.038201797,0.021321268
1781283236.502619267,0.058826242,0.042953424,0.012312970
1781283236.504199505,0.054593267,0.038434015,0.017021094
1781283236.507634401,0.054989937,0.034087486,0.020268682
1781283236.515197277,0.048932044,0.034057665,0.021478647
1781283236.515963316,0.041493706,0.034278021,0.016935270
1781283236.517577648,0.044042416,0.031187517,0.027112483
1781283236.520161867,0.040438676,0.033352036,0.017124781
1781283236.520968437,0.042593392,0.027881110,0.018590555
1781283236.527599096,0.041912334,0.032628787,0.016588454
1781283236.529200077,0.038624427,0.020314421,0.017687314
1781283236.532603025,0.036005932,0.027355956,0.009025980
1781283236.535399914,0.033260040,0.022203471,0.010288948
1781283236.536036253,0.021681913,0.018058930,0.007268352
1781283236.540207863,0.025628955,0.010133519,0.009899589
1781283236.540951967,0.022611341,0.012655069,0.002638852
1781283236.542688370,0.016720807,0.008138238,0.006754750
1781283236.545120955,0.016945160,0.005614142,-0.003087294
1781283236.545898676,0.011005943,-0.001645957,-0.000788872
1781283236.551411152,0.009848395,0.005318928,-0.003693052
1781283236.552578926,0.012471610,0.000927700,-0.012081447
1781283236.554837704,0.009243726,-0.009390480,-0.008057524
1781283236.556045532,0.009025010,-0.007629274,-0.015446654
1781283236.557569742,0.008335275,-0.009612891,-0.015029304
1781283236.565217018,0.008384439,-0.006786962,-0.013122465
1781283236.565976858,0.026590640,-0.004142133,-0.010931448
1781283236.567625284,0.029998053,0.006992620,-0.005346827
1781283236.570127010,0.037156755,0.003105150,-0.005922243
1781283236.570884466,0.037506876,0.015933504,0.006694804
1781283236.577646732,0.049914004,0.013680113,0.001632843
1781283236.579894543,0.062476341,0.022256001,0.011716850
1781283236.580863953,0.067753866,0.029348042,0.014163144
1781283236.582622290,0.072358821,0.025699005,0.022664060
1781283236.590176821,0.075579962,0.028253183,0.017949318
1781283236.590933084,0.089260270,0.038970630,0.030791825
1781283236.592558384,0.093410081,0.050354382,0.029040211
1781283236.595093012,0.097978539,0.044126390,0.025783991
1781283236.595870972,0.097460054,0.049110019,0.033035511
1781283236.599171400,0.095686025,0.045027009,0.033831594
1781283236.602618217,0.096180463,0.049809957,0.028188915
1781283236.604859829,0.097651724,0.052544982,0.034154944
1781283236.605833054,0.095904797,0.043808698,0.038579935
1781283236.607538700,0.092881848,0.051654117,0.034846201
1781283236.615120411,0.096816431,0.047535111,0.036893332
1781283236.616070747,0.092587718,0.045464911,0.017010263
1781283236.617565870,0.094337778,0.050136163,0.012889949
1781283236.620178938,0.097743997,0.050776449,0.002246836
1781283236.620975971,0.095910838,0.051114281,-0.019319530
1781283236.627675295,0.104383668,0.050125058,-0.033980510
1781283236.629213810,0.141685301,0.031149947,-0.082735942
1781283236.630843163,0.146033082,0.026836651,-0.084700153
1781283236.632612228,0.150366099,0.023557036,-0.100377175
1781283236.640019894,0.165901456,0.021374976,-0.112625958
1781283236.640987396,0.197028901,0.011414117,-0.157120206
1781283236.642658949,0.206484544,0.004830252,-0.169432679
1781283236.645150185,0.212398131,0.007477138,-0.174885909
1781283236.645908356,0.221175427,0.002318884,-0.191622670
1781283236.652701855,0.229608651,-0.000425224,-0.201456523
1781283236.654235363,0.256343041,-0.017067244,-0.262629756
1781283236.655841112,0.260605249,-0.012152788,-0.273541089
1781283236.657624245,0.259546561,-0.019562088,-0.284577001
1781283236.660687685,0.270316989,-0.019310467,-0.307988411
1781283236.661352873,0.279376094,-0.026003958,-0.330506235
1781283236.665034056,0.279340615,-0.036904482,-0.338533615
1781283236.666066408,0.285653282,-0.031632903,-0.348619578
1781283236.667684793,0.287140969,-0.040831866,-0.361994433
1781283236.670180559,0.293301259,-0.037987322,-0.370082579
1781283236.670927525,0.299562852,-0.042680979,-0.392767695
1781283236.675718784,0.298255260,-0.052634068,-0.397629805
1781283236.676378727,0.302306333,-0.064732507,-0.423333269
1781283236.677642107,0.302547124,-0.060389937,-0.437019666
1781283236.679215670,0.304076019,-0.071531106,-0.447402166
1781283236.682627678,0.308905201,-0.067939638,-0.466033423
1781283236.684191704,0.310366943,-0.080959403,-0.472895799
1781283236.690079927,0.317602500,-0.081005475,-0.497883176
1781283236.690880299,0.330791901,-0.105839284,-0.539068316
1781283236.692717314,0.338353839,-0.106338494,-0.568008808
1781283236.695122004,0.343199293,-0.129784316,-0.580609733
1781283236.695903301,0.354299254,-0.155267448,-0.629297909
1781283236.702644348,0.359790908,-0.165388094,-0.661965480
1781283236.704188585,0.398902966,-0.214399474,-0.737300630
1781283236.707164526,0.412047446,-0.220565903,-0.758422674
1781283236.707846642,0.442257414,-0.247414858,-0.810181192
1781283236.709359169,0.453228471,-0.266301896,-0.831610195
1781283236.715137720,0.473912984,-0.272093819,-0.858117313
1781283236.715930700,0.513781516,-0.297134397,-0.912326231
1781283236.717544794,0.527415373,-0.313471454,-0.937380086
1781283236.720244169,0.542140610,-0.320289281,-0.960613483
1781283236.721010685,0.578324607,-0.345015536,-1.019404175
1781283236.727662802,0.593932114,-0.355545968,-1.047999164
1781283236.729226351,0.659837191,-0.385411606,-1.127772655
1781283236.730866909,0.673359500,-0.392150345,-1.154567217
1781283236.732636929,0.697777135,-0.402845407,-1.187129012
1781283236.738569021,0.711721895,-0.408677795,-1.215755234
1781283236.739123106,0.000000000,0.000000000,0.000000000
1781283236.740912437,0.778859990,-0.445212331,-1.327106084
1781283236.742670298,0.800215177,-0.454640643,-1.362936813
1781283236.745054960,0.815457220,-0.460442029,-1.388735184
1781283236.745830536,0.830988638,-0.463401153,-1.417813735
1781283236.752519369,0.850694497,-0.471381246,-1.445648497
1781283236.754229784,0.934017514,-0.494969377,-1.576807805
1781283236.755879402,0.959952568,-0.507496568,-1.614217802
1781283236.757618666,0.980740814,-0.508732985,-1.648376494
1781283236.759192705,1.006753393,-0.514550289,-1.675310286
1781283236.764943361,1.030738049,-0.512941728,-1.714497885
1781283236.765957117,1.094903157,-0.538870478,-1.821687247
1781283236.767589808,1.105286639,-0.540493791,-1.860799018
1781283236.770138741,1.124864334,-0.546520772,-1.891714792
1781283236.770888329,1.153419259,-0.558971398,-1.972154917
1781283236.777513504,0.000000000,0.000000000,0.000000000
1781283236.779885292,1.223611068,-0.593904138,-2.135434975
1781283236.780903101,1.240698737,-0.594224878,-2.190103272
1781283236.782613039,1.265738923,-0.611428064,-2.239499480
1781283236.790058851,1.282017932,-0.612487893,-2.298249381
1781283236.791031599,1.411161894,-0.666227269,-2.565841488
1781283236.792640924,1.437565599,-0.670757177,-2.624463734
1781283236.795077085,1.457751096,-0.680706689,-2.676681048
1781283236.795858860,1.474128275,-0.687006645,-2.735871876
1781283236.800250530,1.491997805,-0.694043483,-2.785411860
1781283236.800791740,0.000000000,0.000000000,0.000000000
1781283236.802774906,1.531556652,-0.706848774,-2.892612256
1781283236.804757118,1.556312213,-0.719875217,-2.940983978
1781283236.805975914,1.578566370,-0.728415822,-2.995421821
1781283236.807696581,1.605547451,-0.736769500,-3.056544217
1781283236.815015316,1.628189950,-0.752377541,-3.104738642
1781283236.816036701,1.787188172,-0.858070689,-3.398449282
1781283236.817682028,1.820915753,-0.858399139,-3.461693641
1781283236.820106506,1.853069072,-0.893584408,-3.522630985
1781283236.820867777,1.882037910,-0.894889742,-3.592104316
1781283236.827613354,1.913022232,-0.921503236,-3.649815349
1781283236.829867840,2.001041776,-0.983327692,-3.832138896
1781283236.830890894,2.028170609,-1.003226124,-3.890991918
1781283236.832611084,2.052651975,-1.024064659,-3.942657017
1781283236.839952946,2.076254934,-1.042138238,-4.007519829
1781283236.840929747,2.176513591,-1.121572736,-4.220185088
1781283236.842675686,2.189116305,-1.142904745,-4.280341357
1781283236.845178366,2.206487573,-1.165743337,-4.328270245
1781283236.845822334,0.000000000,0.000000000,0.000000000
1781283236.852738619,2.246154263,-1.195259033,-4.439588190
1781283236.854424953,2.311189659,-1.262641978,-4.641060916
1781283236.855978012,2.324346805,-1.276093294,-4.688455781
1781283236.857596159,2.343358173,-1.274760195,-4.744591972
1781283236.863012552,2.355101357,-1.297233273,-4.783870170
1781283236.864968538,2.393119900,-1.329283152,-4.935800838
1781283236.865975142,2.414716525,-1.352373995,-4.985648172
1781283236.867642403,2.431749469,-1.345320102,-5.043702746
1781283236.870059013,2.449867179,-1.362470131,-5.091841785
1781283236.871036768,2.474648430,-1.361678237,-5.156527101
1781283236.877530813,2.501834386,-1.372567123,-5.206928132
1781283236.879785299,2.610289022,-1.405575284,-5.425814628
1781283236.880975008,2.641062855,-1.393520861,-5.480057276
1781283236.882594585,2.662263448,-1.410350060,-5.525016743
1781283236.889864206,2.686895215,-1.403495193,-5.583322930
1781283236.890868902,2.802238856,-1.412854494,-5.780271865
1781283236.892575026,2.831126517,-1.400508059,-5.839224562
1781283236.895073652,2.853485804,-1.408400366,-5.878861546
1781283236.895862818,2.880509040,-1.394624195,-5.929265071
1781283236.902594328,2.902958091,-1.404812966,-5.974958384
1781283236.904851437,3.016706371,-1.387835331,-6.149180877
1781283236.905849218,3.048845107,-1.373879791,-6.189286722
1781283236.907600164,3.082799284,-1.378099405,-6.235118099
1781283236.909995079,3.109714413,-1.366845106,-6.289299534
1781283236.915186644,3.142223254,-1.373120168,-6.336178716
1781283236.915984392,3.260853100,-1.396025860,-6.587599808
1781283236.917562008,3.283102783,-1.391803143,-6.672392100
1781283236.920169592,3.300111269,-1.426878348,-6.742779348
1781283236.920917034,3.320801638,-1.433381497,-6.825533336
1781283236.924680471,3.344537226,-1.449292274,-6.898155428
1781283236.927622080,3.365807293,-1.450334424,-6.967895874
1781283236.929690838,3.409369510,-1.462696140,-7.109242084
1781283236.930939198,3.419125933,-1.467341069,-7.192165861
1781283236.932618380,3.442053022,-1.478095170,-7.272772321
1781283236.939930201,3.457848519,-1.471697376,-7.352501093
1781283236.940904379,3.523978371,-1.500230070,-7.643181994
1781283236.942580700,3.537014289,-1.496433691,-7.724750301
1781283236.945090294,3.558181428,-1.510597637,-7.796884311
1781283236.945853710,3.576332721,-1.515807008,-7.878373775
1781283236.952533245,3.602888662,-1.525429901,-7.951101324
1781283236.954750061,3.687516505,-1.581824513,-8.230465177
1781283236.955963850,3.706243935,-1.591794113,-8.312122833
1781283236.957621574,3.737444505,-1.600268717,-8.387572761
1781283236.964912176,3.764002443,-1.611460429,-8.454323518
1781283236.965917826,3.882058809,-1.667218740,-8.760534411
1781283236.967648983,3.906939772,-1.662833937,-8.843499843
1781283236.970061779,3.938985624,-1.680386012,-8.912972653
1781283236.971049547,3.963042540,-1.689438628,-8.984834866
1781283236.977609396,3.989718447,-1.704904742,-9.044524586
1781283236.979197025,4.099624930,-1.752820604,-9.289121417
1781283236.982636213,4.120295680,-1.758876343,-9.354634468
1781283236.987962008,4.183478957,-1.776712109,-9.478987149
1781283236.990002394,4.293540110,-1.833840736,-9.685431980
1781283236.990860701,4.326207955,-1.843293715,-9.775876532
1781283236.992652893,4.365690451,-1.853322820,-9.856631730
1781283236.995062113,4.396022631,-1.863123782,-9.932266786
1781283236.995846748,4.431858290,-1.875103710,-10.007450931
1781283237.002579212,4.459119736,-1.889708308,-10.076636697
1781283237.004842281,4.569788208,-1.915374200,-10.363019712
1781283237.005841970,4.590241873,-1.911679822,-10.437093412
1781283237.007587671,4.610165541,-1.916712577,-10.502177410
1781283237.014931202,4.631219378,-1.912123831,-10.578145570
1781283237.015903711,4.716235142,-1.916817088,-10.831426240
1781283237.017585993,4.718361262,-1.909752989,-10.903625392
1781283237.020164490,4.732903683,-1.924467066,-10.969153876
1781283237.020947695,4.743913619,-1.904784632,-11.097423935
1781283237.027578831,4.753524493,-1.903620483,-11.156279759
1781283237.029803038,4.778699674,-1.888788612,-11.329217741
1781283237.031021118,4.780149972,-1.850775123,-11.389908965
1781283237.032622814,4.787028574,-1.851565037,-11.436223579
1781283237.039932966,4.792803377,-1.821725774,-11.492145566
1781283237.040935755,4.800497606,-1.789077204,-11.686477168
1781283237.042576313,4.813798675,-1.778578708,-11.748712111
1781283237.045070410,4.810566431,-1.791132303,-11.809416932
1781283237.046048403,4.812509773,-1.798649961,-11.950732955
1781283237.049617529,4.824140699,-1.826270583,-12.026291656
1781283237.052638292,4.833583803,-1.840443270,-12.104915971
1781283237.054216862,4.843085377,-1.844338258,-12.247883874
1781283237.057640076,4.860505417,-1.831904159,-12.324091928
1781283237.059219837,4.887635288,-1.835716060,-12.453001331
1781283237.064965010,4.905699479,-1.839599966,-12.506322647
1781283237.065871954,4.947724944,-1.867165721,-12.669514656
1781283237.067712545,4.951813997,-1.839654032,-12.723954348
1781283237.070082426,4.971302152,-1.850524534,-12.770175421
1781283237.070726871,0.000000000,0.000000000,0.000000000
1781283237.077605247,5.012109844,-1.841274986,-12.876607412
1781283237.079216003,5.104264417,-1.831842330,-13.072313540
1781283237.080950022,5.136980096,-1.802065522,-13.124294927
1781283237.082604647,5.170772583,-1.805603256,-13.180013706
1781283237.089919329,5.180255898,-1.779321103,-13.238872917
1781283237.090891361,5.289383067,-1.721067144,-13.460032384
1781283237.092591286,5.305455731,-1.675931739,-13.520493892
1781283237.095086813,5.331058054,-1.646432748,-13.578788717
1781283237.095720768,0.000000000,0.000000000,0.000000000
1781283237.102562428,5.352147416,-1.551713418,-13.701193409
1781283237.104759693,5.401705977,-1.457348258,-13.887757435
1781283237.105983973,5.393449905,-1.392327338,-13.949597169
1781283237.107570887,5.403983979,-1.386585847,-13.981586448
1781283237.110754251,5.398696417,-1.367109491,-14.035790687
1781283237.111423016,5.423164918,-1.353310807,-14.129448280
1781283237.114964008,5.428396622,-1.361578654,-14.176001666
1781283237.116007805,5.432045924,-1.335135086,-14.239318267
1781283237.117547274,5.444192582,-1.329853351,-14.298579502
1781283237.120139599,5.465804814,-1.334797797,-14.348417054
1781283237.120883226,5.472298746,-1.357330141,-14.461425927
1781283237.125593901,5.477759366,-1.388682738,-14.525104566
1781283237.126086235,0.000000000,0.000000000,0.000000000
1781283237.127556562,5.474204408,-1.433895529,-14.626678507
1781283237.129204512,5.464886985,-1.425670426,-14.676989373
1781283237.132633686,5.455259936,-1.422945920,-14.730348458
1781283237.134197474,5.473344026,-1.436698460,-14.817923210
1781283237.140049458,5.467112619,-1.444533402,-14.855497779
1781283237.141034842,5.458294774,-1.449660523,-15.006739893
1781283237.142688513,5.468507537,-1.441959175,-15.037929280
1781283237.145136356,5.473154733,-1.444255594,-15.070066512
1781283237.145922899,5.477915462,-1.422684669,-15.098091226
1781283237.152699232,5.477690932,-1.421711299,-15.115443735
1781283237.154271603,5.504698326,-1.397653641,-15.199158267
1781283237.155914068,5.510210766,-1.373623727,-15.222249442
1781283237.157591581,5.521501329,-1.366105698,-15.248092978
1781283237.165085077,5.518275080,-1.333028049,-15.269169854
1781283237.165930986,5.522323560,-1.195336065,-15.376947967
1781283237.167556286,5.525425640,-1.164890463,-15.404886883
1781283237.170250893,5.536426565,-1.159015386,-15.430134015
1781283237.171089411,5.534440754,-1.124481500,-15.452829869
1781283237.177593231,5.547221755,-1.129951954,-15.481436234
1781283237.179199219,5.566171833,-1.103417722,-15.554935630
1781283237.180861235,5.580454311,-1.088759983,-15.587253276
1781283237.182592630,5.589213184,-1.086036721,-15.612534923
1781283237.188609600,5.600244679,-1.080056461,-15.638248237
1781283237.189279079,5.643611904,-1.057694650,-15.743138846
1781283237.190844774,5.659885231,-1.067144923,-15.756424977
1781283237.192516804,5.661579615,-1.046491647,-15.782340357
1781283237.195129395,5.675458913,-1.067833401,-15.795524181
1781283237.195914984,5.683493055,-1.027448437,-15.828709029
1781283237.202499628,5.699840462,-1.042742170,-15.852597400
1781283237.204780102,5.716972115,-1.002678772,-15.942284414
1781283237.206013680,5.708846895,-0.987208758,-15.967715780
1781283237.207622051,5.707551831,-0.986805352,-15.978702811
1781283237.215054274,5.699783824,-0.993140604,-15.999153811
1781283237.215842009,5.558413893,-0.907189730,-15.990288024
1781283237.217685461,5.524567610,-0.919009876,-15.967370919
1781283237.219626427,5.498636613,-0.926927267,-15.936668786
1781283237.221002102,5.443033870,-0.899502932,-15.908892794
1781283237.227638483,5.405704693,-0.905428730,-15.869457962
1781283237.229191065,5.271172156,-0.902454553,-15.802237326
1781283237.232571363,5.229501691,-0.925613316,-15.770501763
1781283237.239927530,5.143912355,-0.933321733,-15.728985046
1781283237.240939856,4.948522187,-0.910835361,-15.683187562
1781283237.242601395,4.904981427,-0.926089666,-15.660085637
1781283237.245091677,4.891147673,-0.966816284,-15.648188086
1781283237.245873690,4.826366679,-0.976008967,-15.646254446
1781283237.250163317,4.820411372,-1.013036510,-15.630940104
1781283237.250908375,4.713898337,-1.025854574,-15.625279259
1781283237.252619982,4.688673818,-1.029854319,-15.632533001
1781283237.254833460,4.647131123,-1.051255008,-15.630210165
1781283237.256030560,4.595965635,-1.050324576,-15.639009683
1781283237.257611036,4.584674051,-1.067214481,-15.620387839
1781283237.264965296,4.549055458,-1.067353071,-15.625113905
1781283237.266007185,4.444136966,-1.033239218,-15.602457974
1781283237.267683983,4.414551576,-1.031718095,-15.586443924
1781283237.270124197,4.421066641,-1.051088712,-15.552557037
1781283237.270869732,4.382658427,-1.030320016,-15.546009972
1781283237.277494431,4.392856322,-1.052932408,-15.532846347
1781283237.279763222,4.365252866,-1.024704875,-15.444039374
1781283237.280963182,4.328004817,-1.004114119,-15.430323911
1781283237.282618999,4.336312254,-1.022501943,-15.387745526
1781283237.284193754,4.326854237,-1.032774070,-15.351065380
1781283237.289903402,4.312402118,-1.024462552,-15.324424911
1781283237.290888786,4.244483428,-0.971234248,-15.220940585
1781283237.292599201,4.232995354,-0.983975024,-15.190964598
1781283237.295145512,4.237401152,-0.997447434,-15.148539228
1781283237.295913219,4.200927825,-0.980089810,-15.128153787
1781283237.302633524,4.205061619,-0.986275591,-15.102475242
1781283237.304185152,4.189234571,-0.970964611,-15.035765195
1781283237.307641506,4.186784847,-0.983949441,-15.018485272
1781283237.309192657,4.166650285,-0.987849391,-14.987598231
1781283237.312734604,4.156256446,-0.969665530,-14.966244398
1781283237.315052509,4.131607307,-0.958264901,-14.931033175
1781283237.315840483,4.096534304,-0.924480082,-14.913672959
1781283237.317660332,4.084903628,-0.930169061,-14.893106409
1781283237.320157290,4.098853685,-0.935742769,-14.868644658
1781283237.321020126,4.071097939,-0.917873032,-14.843331493
1781283237.327535152,4.079415090,-0.938357755,-14.823888346
1781283237.329819202,4.082253594,-0.956028522,-14.830852290
1781283237.330919743,4.081380548,-0.962731271,-14.843135604
1781283237.332627296,4.105669596,-0.979668210,-14.861125921
1781283237.334218502,4.121442549,-1.000796835,-14.872787794
1781283237.339955807,4.130247097,-0.992383364,-14.891712047
1781283237.340946674,4.126256118,-0.977656372,-14.941280858
1781283237.342682838,4.127526793,-0.980428504,-14.964415974
1781283237.345103741,4.138669950,-1.001551353,-14.971527778
1781283237.345906496,4.123074782,-0.955935519,-15.014089168
1781283237.352576017,4.117956453,-0.960621284,-15.022411469
1781283237.354776382,4.118807828,-0.951112184,-15.060105826
1781283237.355965376,4.104534653,-0.924141956,-15.070382215
1781283237.357601404,4.115748416,-0.937195074,-15.079427071
1781283237.360224485,4.131395200,-0.932727895,-15.081792650
1781283237.361267567,4.138552481,-0.924071358,-15.086185944
1781283237.364953041,4.138551559,-0.916471010,-15.093947140
1781283237.365838289,4.136896745,-0.916095026,-15.088261019
1781283237.367618799,4.131309789,-0.919316216,-15.087864840
1781283237.370231390,4.124076051,-0.916413826,-15.091986410
1781283237.370998383,4.111578553,-0.912849777,-15.093679389
1781283237.375137806,4.106188586,-0.897692104,-15.105170104
1781283237.375878811,4.110648581,-0.909513804,-15.108325104
1781283237.377543449,4.105836234,-0.905054474,-15.110832298
1781283237.379771709,4.105988174,-0.910612261,-15.107927731
1781283237.380981207,4.095886324,-0.909110465,-15.103953803
1781283237.382591009,4.091697814,-0.900606844,-15.097119631
1781283237.389949322,4.080451975,-0.889450450,-15.093988943
1781283237.391021013,4.053155955,-0.879382592,-15.044708018
1781283237.392590761,4.040209195,-0.869462166,-15.030724203
1781283237.395104170,4.034796061,-0.864046766,-15.021088715
1781283237.395772219,0.000000000,0.000000000,0.000000000
1781283237.402599573,4.030199758,-0.870142341,-14.979289210
1781283237.404766560,4.018035087,-0.861008230,-14.925735308
1781283237.405973196,4.017729706,-0.852088271,-14.921141081
1781283237.407582760,4.020607871,-0.864589252,-14.920221726
1781283237.414969206,4.026440655,-0.857657575,-14.917499771
1781283237.415994644,4.044100506,-0.864763786,-14.923060002
1781283237.417564631,4.042918867,-0.873508759,-14.926124109
1781283237.420131445,4.041261776,-0.863845644,-14.932828064
1781283237.420886278,4.035466455,-0.851663985,-14.939076491
1781283237.427612543,4.030374370,-0.857825881,-14.942084674
1781283237.429797649,4.028470718,-0.863259994,-14.953916321
1781283237.431003332,4.043937974,-0.874571420,-14.962565239
1781283237.432651281,4.040532856,-0.869446961,-14.969145957
1781283237.434224844,4.033659720,-0.866639880,-14.971685433
1781283237.437633991,4.033614552,-0.862133772,-14.975604036
1781283237.439888954,4.031515618,-0.858660587,-14.961685213
1781283237.440881968,4.034397481,-0.856183863,-14.950663494
1781283237.442571878,4.030312344,-0.852291267,-14.944782593
1781283237.445099592,4.018771039,-0.861046354,-14.936229675
1781283237.445841789,4.011095063,-0.838827613,-14.925497210
1781283237.452558041,3.992235545,-0.842720736,-14.906309493
1781283237.454829454,3.955112797,-0.817991140,-14.811373751
1781283237.456044674,3.959209130,-0.814966149,-14.791933950
1781283237.457654238,3.941091541,-0.816156886,-14.776678920
1781283237.459195375,3.935514582,-0.823031516,-14.765436874
1781283237.464934587,3.925761541,-0.817264796,-14.744859016
1781283237.465950012,3.915047475,-0.816542120,-14.685778107
1781283237.467623234,3.899452443,-0.802152166,-14.661993087
1781283237.470065355,3.887630629,-0.805986927,-14.650762930
1781283237.471037865,3.891099413,-0.803440101,-14.620619296
1781283237.477539539,3.872809604,-0.809050768,-14.601289118
1781283237.479701042,3.859098618,-0.794775813,-14.509542963
1781283237.480895758,3.869717810,-0.800625866,-14.482088158
1781283237.482604980,3.859403058,-0.795547262,-14.464055989
1781283237.484194279,3.860027631,-0.798251139,-14.453297682
1781283237.489959717,3.867750203,-0.797718271,-14.448516606
1781283237.491041422,3.887400182,-0.854918965,-14.422643269
1781283237.492675543,3.885736280,-0.850909022,-14.425503575
1781283237.495091438,3.877848300,-0.861899850,-14.408674827
1781283237.495876789,3.888319458,-0.877046077,-14.399461753
1781283237.499216080,3.886661184,-0.873752181,-14.387865910
1781283237.502612114,3.902072367,-0.901325682,-14.395726820
1781283237.504825592,3.903206390,-0.912256368,-14.407091829
1781283237.506023645,3.890775407,-0.926270427,-14.407849742
1781283237.507611275,3.889386999,-0.921548600,-14.407369880
1781283237.514804602,3.883073356,-0.921847849,-14.412916423
1781283237.516027689,3.860750525,-0.945548540,-14.401406020
1781283237.517695904,3.841973045,-0.947357667,-14.382049874
1781283237.520133734,3.835510278,-0.944609230,-14.369914238
1781283237.520908833,3.827000534,-0.942662234,-14.357429010
1781283237.527596235,3.827049221,-0.939797736,-14.344661031
1781283237.529779911,3.822729976,-0.951842826,-14.304402954
1781283237.531037092,3.823210176,-0.955808311,-14.294803303
1781283237.532630205,3.830484443,-0.963295627,-14.289304936
1781283237.539943457,3.826868159,-0.961861318,-14.281175185
1781283237.540920258,3.852992213,-1.002563242,-14.244113168
1781283237.542609215,3.857219138,-1.014246785,-14.246950274
1781283237.545082569,3.859082357,-1.018427598,-14.247239705
1781283237.545854807,3.864548691,-1.033754653,-14.239448801
1781283237.552571297,3.867035649,-1.031161767,-14.242749056
1781283237.554795504,3.878296993,-1.051662859,-14.252314836
1781283237.555980444,3.886461448,-1.061084210,-14.253765172
1781283237.557628870,3.891272778,-1.058427831,-14.264779176
1781283237.562182426,3.884985054,-1.059923067,-14.279828816
1781283237.562861204,3.890516398,-1.065583155,-14.289444299
1781283237.565113068,3.896299818,-1.064652461,-14.291550823
1781283237.565863371,3.892179179,-1.076632577,-14.288561156
1781283237.567693710,3.890874697,-1.072514921,-14.294134041
1781283237.570130348,3.882480420,-1.066662234,-14.293898282
1781283237.570881605,3.880961025,-1.071254309,-14.291486695
1781283237.577580214,3.874425729,-1.061583881,-14.286077068
1781283237.579257965,3.872581052,-1.050488863,-14.269138477
1781283237.580939293,3.863028178,-1.029432841,-14.254410343
1781283237.582609892,3.870736806,-1.028543259,-14.243362321
1781283237.584194183,3.861685391,-1.018637488,-14.229606794
1781283237.589931965,3.867549984,-1.013141474,-14.222243377
1781283237.590907097,3.860993773,-1.018002133,-14.178510674
1781283237.592588186,3.850357358,-1.009750449,-14.155638320
1781283237.595129967,3.838992438,-1.002798830,-14.139224051
1781283237.595903158,3.843739188,-1.006699890,-14.131865447
1781283237.602576494,3.833505547,-1.005945492,-14.118160986
1781283237.604911566,3.819590929,-1.035105652,-14.059381523
1781283237.605880737,3.823532053,-1.063983407,-14.052813600
1781283237.607536554,3.817076554,-1.059821671,-14.037791388
1781283237.614969492,3.819808125,-1.070904437,-14.024873221
1781283237.616009474,3.835559024,-1.141146810,-13.974151994
1781283237.617676497,3.831088181,-1.146387562,-13.974015902
1781283237.620187044,3.827471185,-1.151385256,-13.967544835
1781283237.620951414,3.843599063,-1.194615860,-13.954197324
1781283237.625636339,3.836014456,-1.192483812,-13.956084470
1781283237.626326561,3.850363042,-1.224380297,-13.952098706
1781283237.627622128,3.864137936,-1.249446086,-13.951443899
1781283237.629216671,3.851821713,-1.238428657,-13.965356387
1781283237.630850077,3.846203166,-1.232684601,-13.982256223
1781283237.632619619,3.855421491,-1.236032332,-13.984077821
1781283237.639882088,3.843133280,-1.234507435,-13.987977692
1781283237.640852690,3.853994167,-1.258982348,-14.008235379
1781283237.642603636,3.842119663,-1.247098417,-14.022446796
1781283237.645171881,3.837682177,-1.219281257,-14.031950235
1781283237.645937204,3.837611968,-1.232863765,-14.039941473
1781283237.652565002,3.836199109,-1.221921422,-14.053545667
1781283237.654836655,3.824762452,-1.214994451,-14.062154449
1781283237.656045914,3.825537647,-1.237272715,-14.063356298
1781283237.657662868,3.820401062,-1.213506013,-14.071666426
1781283237.659223795,3.806679466,-1.207826331,-14.076518027
1781283237.665024519,3.813111123,-1.212508189,-14.066184995
1781283237.666029453,3.809613840,-1.246279931,-14.041806216
1781283237.667660713,3.799000041,-1.234961012,-14.054490856
1781283237.670105219,3.791691221,-1.208970867,-14.054198789
1781283237.670764923,0.000000000,0.000000000,0.000000000
1781283237.677614927,3.785232005,-1.205198605,-14.048647911
1781283237.679264307,3.772180482,-1.226426758,-14.003386164
1781283237.680882215,3.753098722,-1.215258585,-13.993326624
1781283237.682630539,3.750342122,-1.226197138,-13.968896526
1781283237.687574863,3.729044229,-1.207473933,-13.960066748
1781283237.690029383,3.733653467,-1.232578240,-13.874139825
1781283237.691021442,3.723313994,-1.251185204,-13.838522086
1781283237.692655802,3.700034289,-1.227312279,-13.813726097
1781283237.695128202,3.685502785,-1.198795726,-13.774440626
1781283237.695891857,3.678501822,-1.224861218,-13.684772091
1781283237.702492714,0.000000000,0.000000000,0.000000000
1781283237.704873562,3.621867295,-1.186920081,-13.510751906
1781283237.705906630,3.612129673,-1.210057003,-13.459952806
1781283237.707623243,3.592251234,-1.181621206,-13.427590598
1781283237.715015411,3.564373843,-1.153756375,-13.395386890
1781283237.716036081,3.567203346,-1.260107685,-13.277390759
1781283237.717683792,3.548747932,-1.252481603,-13.252333310
1781283237.720212221,3.514892472,-1.203326649,-13.233223236
1781283237.721007586,3.502712208,-1.257781622,-13.165300814
1781283237.727566957,3.477152190,-1.210320808,-13.139857452
1781283237.729814529,3.457695118,-1.210552647,-13.058509855
1781283237.731035709,3.467528944,-1.258530558,-13.035409739
1781283237.732626915,3.445974541,-1.203285066,-13.036995192
1781283237.734209299,3.432344828,-1.177830635,-13.039775619
1781283237.739971399,3.438115897,-1.200711340,-13.021378019
1781283237.740956306,3.459637311,-1.266768844,-12.959795768
1781283237.742586613,3.434077872,-1.239691971,-12.959604999
1781283237.745188713,3.410758246,-1.174578168,-12.955905598
1781283237.745936632,3.429893747,-1.219635458,-12.912668058
1781283237.749028206,0.000000000,0.000000000,0.000000000
1781283237.752675772,3.427947697,-1.183645334,-12.875976278
1781283237.754259586,3.416962847,-1.168295561,-12.820755638
1781283237.755870342,3.397679793,-1.144877312,-12.799580838
1781283237.757643461,3.402040976,-1.158829093,-12.759108472
1781283237.759231329,3.375190595,-1.144127719,-12.737108793
1781283237.764091015,3.377029894,-1.161096801,-12.699683155
1781283237.764648199,0.000000000,0.000000000,0.000000000
1781283237.766047716,3.384227109,-1.238544079,-12.595279605
1781283237.767563581,3.338887232,-1.194408375,-12.568567920
1781283237.770130157,3.324845644,-1.162459038,-12.551617572
1781283237.770893097,3.315727351,-1.183127362,-12.522014588
1781283237.777569771,3.304239161,-1.145452705,-12.490600147
1781283237.779839039,3.288207151,-1.150819102,-12.355529428
1781283237.780953884,3.267192530,-1.167235480,-12.321186751
1781283237.782631397,3.255748454,-1.133233105,-12.283166928
1781283237.789972067,3.224063918,-1.091659096,-12.256112528
1781283237.791042805,3.217761924,-1.150843752,-12.037885121
1781283237.792577267,3.182381069,-1.123792167,-12.008502480
1781283237.794949055,3.159087518,-1.073312633,-11.973742589
1781283237.796037197,3.150260368,-1.110016988,-11.921136246
1781283237.802661896,3.120487942,-1.065890339,-11.883893164
1781283237.804281235,3.086857187,-1.068316137,-11.683709860
1781283237.805837870,3.039282995,-1.037318859,-11.654903945
1781283237.807615995,3.038769337,-1.050192479,-11.593742598
1781283237.809190512,2.999920161,-1.018612446,-11.568932996
1781283237.810995579,3.004518943,-1.032834614,-11.514734201
1781283237.815110922,3.007201682,-1.049104994,-11.474864109
1781283237.816091537,2.981421845,-1.093097896,-11.386412564
1781283237.817669630,2.927666142,-1.051385365,-11.364697784
1781283237.820179462,2.902749971,-1.016181589,-11.338469937
1781283237.820929527,2.868587111,-1.050374732,-11.307133145
1781283237.826296091,2.792407452,-0.901952082,-11.328660418
1781283237.827575207,2.814208625,-0.970313643,-11.291540132
1781283237.829312801,2.819400167,-0.998567331,-11.283003011
1781283237.830986023,2.812015187,-1.005829295,-11.297496089
1781283237.832617521,2.825302643,-1.021320226,-11.322693318
1781283237.840064526,2.809041134,-1.016684126,-11.349689888
1781283237.841050863,2.838134311,-1.131750088,-11.420631093
1781283237.842617750,2.802866820,-1.132827488,-11.444712760
1781283237.845159054,2.775803483,-1.094760875,-11.465489040
1781283237.846127033,2.769182786,-1.136961297,-11.474651545
1781283237.847598076,2.738290090,-1.098785848,-11.486409032
1781283237.852616787,2.734593966,-1.121166970,-11.474651294
1781283237.854222059,2.678479875,-1.148464733,-11.444604195
1781283237.855862617,2.639262574,-1.126517502,-11.454173163
1781283237.857610226,2.633529282,-1.153612737,-11.432438874
1781283237.859202147,2.589028142,-1.134073448,-11.432916481
1781283237.865150213,2.578956027,-1.148672081,-11.408426888
1781283237.866205931,2.556654030,-1.253630466,-11.352629644
1781283237.867565155,2.522876206,-1.187129960,-11.350805932
1781283237.870075464,2.478595673,-1.185220733,-11.350407206
1781283237.870838881,2.470566477,-1.234829355,-11.333596650
1781283237.874047518,2.436403300,-1.184422953,-11.333537590
1781283237.874686241,2.422364153,-1.212758429,-11.305849311
1781283237.877624273,2.408731963,-1.221018259,-11.291588333
1781283237.879244804,2.371891600,-1.202059804,-11.269507085
1781283237.880922318,2.336726332,-1.187214050,-11.254542923
1781283237.882631779,2.334301847,-1.194136287,-11.236726855
1781283237.884219885,2.301725653,-1.168787396,-11.220074424
1781283237.890036106,2.300585338,-1.174585858,-11.204683468
1781283237.890869856,2.297265713,-1.176547291,-11.168807188
1781283237.892682314,2.286220701,-1.173536598,-11.169761849
1781283237.894217730,2.268334408,-1.153185652,-11.160295195
1781283237.896024466,2.278986778,-1.189634822,-11.157911014
1781283237.902643442,2.262976524,-1.158151378,-11.145769717
1781283237.904232740,2.267179137,-1.115424280,-11.110720540
1781283237.905880451,2.260306890,-1.102337188,-11.112371742
1781283237.907648087,2.259191561,-1.089330644,-11.093491875
1781283237.915357113,2.252694288,-1.077652438,-11.093976882
1781283237.916380882,2.260492306,-1.067846474,-11.047906751
1781283237.917497873,2.263033124,-1.079308761,-11.042447231
1781283237.919177294,2.230830750,-1.045251331,-11.049170583
1781283237.920987844,2.222072659,-1.039956188,-11.049631276
1781283237.927645683,2.218904583,-1.043124058,-11.045229168
1781283237.929340601,2.207185515,-1.051727456,-11.057955556
1781283237.931008339,2.195606201,-1.030920885,-11.060368532
1781283237.932619333,2.197652902,-1.047557370,-11.065619995
1781283237.935888290,2.184233327,-1.029078286,-11.067660037
1781283237.939904213,2.176808542,-1.047812026,-11.048826659
1781283237.940895796,2.168203958,-1.074760920,-11.031315545
1781283237.942583084,2.166246644,-1.070872502,-11.023333752
1781283237.945137739,2.155064052,-1.064974994,-11.018718711
1781283237.946101904,2.145641351,-1.095189076,-11.002018869
1781283237.947583437,2.137734752,-1.078440075,-10.999240293
1781283237.951981544,2.128000788,-1.099413268,-10.988177751
1781283237.952552795,0.000000000,0.000000000,0.000000000
1781283237.954226732,2.096560178,-1.124420059,-10.976898430
1781283237.955884218,2.082168447,-1.112893112,-10.971435016
1781283237.957702637,2.076497204,-1.115787008,-10.963913491
1781283237.959235430,2.065284490,-1.110951578,-10.955871041
1781283237.965206861,2.053644067,-1.105755247,-10.949288936
1781283237.966205597,2.016921357,-1.055711392,-10.878158172
1781283237.967551231,2.009047202,-1.040561097,-10.861952963
1781283237.970211983,2.005220167,-1.019503879,-10.831083818
1781283237.970973492,1.974406190,-0.962240032,-10.788927940
1781283237.977586985,1.978784142,-0.967157785,-10.763958740
1781283237.979291916,1.929908328,-0.893399194,-10.701971739
1781283237.980911493,1.926795550,-0.884521142,-10.682044040
1781283237.982663631,1.901984330,-0.839856800,-10.669923495
1781283237.984207153,1.914675012,-0.830637019,-10.641406289
1781283237.990061045,1.887143657,-0.779384217,-10.607949436
1781283237.990833044,1.791350086,-0.598137757,-10.455184605
1781283237.992604256,1.789245227,-0.579995488,-10.379932955
1781283237.995198250,1.808495193,-0.619451210,-10.293256854
1781283237.996188879,1.714766698,-0.463134063,-10.153255035
1781283237.997546911,1.724027605,-0.513004043,-10.054380332
1781283238.002593994,1.676123615,-0.455932920,-9.979013434
1781283238.004837990,1.642386583,-0.408996977,-9.791645484
1781283238.005838394,1.582524473,-0.292861798,-9.700570007
1781283238.007550001,1.614309309,-0.366443387,-9.594812635
1781283238.013641119,1.649269477,-0.402298147,-9.462801185
1781283238.014484167,1.490509834,-0.183526986,-9.109358076
1781283238.016055822,1.428452904,-0.048690977,-8.979745525
1781283238.017550945,1.467257777,-0.098470342,-8.834894675
1781283238.020081997,1.501264189,-0.199241228,-8.675794974
1781283238.020851612,1.458154201,-0.074951718,-8.540501313
1781283238.027574778,1.503871630,-0.196522283,-8.392230616
1781283238.029336214,1.406576302,-0.085339768,-7.921143235
1781283238.031015396,1.476446615,-0.208847408,-7.799606001
1781283238.032622814,1.412880602,-0.137771191,-7.715333298
1781283238.034196854,1.483009319,-0.266471543,-7.610426891
1781283238.039946795,1.417724338,-0.207573056,-7.518953264
1781283238.040930510,1.280629903,-0.001076079,-7.218023920
1781283238.042580843,1.347979576,-0.142800996,-7.083041679
1781283238.045073748,1.373787007,-0.328640363,-6.951431358
1781283238.045861244,1.315361694,-0.279901959,-6.847223857
1781283238.047580481,1.375773174,-0.429341282,-6.722979951
1781283238.052595615,1.321889305,-0.372240647,-6.629117489
1781283238.054727316,1.307295434,-0.419385738,-6.374175204
1781283238.055926800,1.308012536,-0.342586208,-6.296132973
1781283238.057629108,1.345836376,-0.553608613,-6.218649989
1781283238.061066389,1.422819766,-0.761617509,-6.119991759
1781283238.065253019,1.353947125,-0.681516614,-6.040015067
1781283238.066238403,1.325056930,-0.547889902,-5.935228454
1781283238.067595482,1.370236152,-0.802116871,-5.843167542
1781283238.070104837,1.461673966,-1.016733617,-5.735760503
1781283238.070860147,1.494086974,-0.954824608,-5.683703841
1781283238.076191187,1.520153585,-1.182409101,-5.584191828
1781283238.077701569,1.475899620,-1.116702378,-5.523409028
1781283238.079499245,1.543721142,-1.302530644,-5.427068709
1781283238.080914497,1.572089446,-1.276419769,-5.393235132
1781283238.082678318,1.612354422,-1.456056455,-5.318917708
1781283238.084259510,1.691868372,-1.635895524,-5.223622510
1781283238.089905739,1.681661238,-1.612369760,-5.223024486
1781283238.090896845,1.716751822,-1.570079398,-5.210857043
1781283238.092607737,1.788890107,-1.728319869,-5.122367348
1781283238.095172882,1.815049344,-1.879131404,-5.059742803
1781283238.096167088,1.836627685,-1.868248616,-5.032314289
1781283238.097523212,1.853799778,-1.995422300,-4.965472679
1781283238.102597713,1.834776839,-1.976534585,-4.942830750
1781283238.104800940,1.857130334,-2.067159250,-4.823590013
1781283238.106029034,1.874126022,-2.057538154,-4.789319672
1781283238.107683420,1.897997944,-2.168137438,-4.722379750
1781283238.109183788,1.922155441,-2.169666102,-4.694172843
1781283238.115142107,1.948639020,-2.277339327,-4.626086401
1781283238.116157293,1.988229347,-2.252463820,-4.611127266
1781283238.117522955,2.014138579,-2.344739341,-4.547184506
1781283238.120135546,2.057249124,-2.460097089,-4.463925322
1781283238.120907545,2.088137641,-2.452938555,-4.456159891
1781283238.123103380,2.106150961,-2.548196443,-4.390990449
1781283238.127744913,2.117314988,-2.533755856,-4.394738156
1781283238.129434586,2.146188556,-2.599404948,-4.317125459
1781283238.131033182,2.173691491,-2.683926446,-4.244718615
1781283238.132655859,2.168964584,-2.671474808,-4.233701939
1781283238.134191036,2.190665804,-2.744250280,-4.164481344
1781283238.138617992,2.187258057,-2.731333239,-4.145886094
1781283238.139347553,2.209683534,-2.699210191,-4.141708778
1781283238.141008377,2.235754228,-2.779767821,-4.083026069
1781283238.142576456,2.258669585,-2.780288936,-4.084669760
1781283238.145193815,2.280023784,-2.859373720,-4.041972836
1781283238.146183729,2.294103506,-2.864299895,-4.053784054
1781283238.147537470,2.304725336,-2.945343274,-4.030516380
1781283238.152629375,2.311854693,-2.939092457,-4.055220072
1781283238.154267788,2.329561971,-3.018474276,-4.036527619
1781283238.155921221,2.335199720,-3.079870006,-4.003664440
1781283238.157560110,2.334503878,-3.079699537,-4.018665276
1781283238.165138960,2.336114148,-3.134827116,-3.985770189
1781283238.166156054,2.309957240,-3.127101572,-4.009207876
1781283238.167515993,2.313521873,-3.189501163,-3.958581874
1781283238.170155048,2.321984828,-3.254793373,-3.924433987
1781283238.171034336,2.325132487,-3.278593819,-3.937462222
1781283238.177439451,2.332965497,-3.347306544,-3.889086957
1781283238.178371191,2.345179453,-3.366801870,-3.924728675
1781283238.179463863,2.341873126,-3.368785402,-3.927774133
1781283238.180899858,2.359389732,-3.437258336,-3.886223382
1781283238.182664871,2.362734102,-3.488447906,-3.839313122
1781283238.184295893,2.368053471,-3.536998702,-3.803357326
1781283238.190038443,2.363377478,-3.533965139,-3.805268693
1781283238.191044331,2.357287147,-3.536002579,-3.816184282
1781283238.192659855,2.362233377,-3.570339385,-3.774204031
1781283238.195178270,2.356272437,-3.603280476,-3.732616801
1781283238.196182489,2.348883233,-3.589664758,-3.721719365
1781283238.197550058,2.359275447,-3.624402115,-3.694464155
1781283238.200662374,2.357196796,-3.621478169,-3.694230569
1781283238.201196194,0.000000000,0.000000000,0.000000000
1781283238.202725410,2.374911978,-3.627252762,-3.702961658
1781283238.204674006,2.381654287,-3.661776749,-3.662676149
1781283238.205884695,2.392769333,-3.673241358,-3.668142231
1781283238.207618952,2.397168416,-3.707983920,-3.628250428
1781283238.215228081,2.414706302,-3.746385107,-3.597646596
1781283238.216271639,2.451178063,-3.766753031,-3.603513197
1781283238.217631102,2.456742876,-3.809110215,-3.561890977
1781283238.219177008,2.469051805,-3.856597401,-3.527100698
1781283238.220976114,2.480463829,-3.902759532,-3.479596811
1781283238.227624416,2.490757029,-3.911959855,-3.486449900
1781283238.229319811,2.553650181,-3.987437182,-3.438989483
1781283238.230962515,2.565021054,-4.043707531,-3.393644548
1781283238.232675314,2.585176672,-4.043336935,-3.403942228
1781283238.234214783,2.601612976,-4.088820690,-3.364157247
1781283238.240133047,2.621889683,-4.096357120,-3.380541495
1781283238.240926027,2.654237427,-4.125457991,-3.382731991
1781283238.242671967,2.665908124,-4.155745060,-3.372056979
1781283238.245179892,2.663831146,-4.182602000,-3.353078054
1781283238.246179819,2.675406730,-4.193698658,-3.361220122
1781283238.247568607,2.677851973,-4.221484201,-3.348330413
1781283238.252396345,2.689406633,-4.231354988,-3.359532227
1781283238.253163099,2.704864191,-4.265472823,-3.369472508
1781283238.254172087,2.710765522,-4.277712853,-3.380359346
1781283238.255909681,2.705350657,-4.311071740,-3.355227051
1781283238.257637024,2.718757699,-4.324602809,-3.366278345
1781283238.262561560,2.714976783,-4.356851391,-3.366600046
1781283238.263357162,2.724606184,-4.391012377,-3.411009850
1781283238.265116453,2.734263655,-4.414034984,-3.440324744
1781283238.265982866,2.728030293,-4.431157934,-3.463404790
1781283238.267546177,2.728332462,-4.449098587,-3.478929222
1781283238.270144701,2.726187907,-4.472569358,-3.480261503
1781283238.270897627,2.723513511,-4.489980626,-3.505661576
1781283238.277374506,2.722408278,-4.511213553,-3.498943346
1781283238.278121710,2.731588623,-4.554804147,-3.546347213
1781283238.279333591,2.724473188,-4.562038727,-3.553096396
1781283238.280870914,2.735543421,-4.599671863,-3.549920688
1781283238.282697916,2.743807903,-4.629680320,-3.536312403
1781283238.284301996,2.759866757,-4.669132195,-3.519417702
1781283238.290271282,2.763327600,-4.687097929,-3.531383625
1781283238.291033745,2.792975984,-4.743903991,-3.574405155
1781283238.292651415,2.801957377,-4.784502642,-3.554285209
1781283238.295284986,2.819850071,-4.826352486,-3.538204766
1781283238.296280622,2.823164964,-4.835298401,-3.552190419
1781283238.297641993,2.835201417,-4.870711227,-3.535884229
1781283238.302612782,2.841523168,-4.880017757,-3.548564541
1781283238.304833889,2.851334303,-4.922106541,-3.531024640
1781283238.306053400,2.852901724,-4.938648879,-3.522089570
1781283238.307601690,2.861007567,-4.947641562,-3.507660272
1781283238.315123558,2.876355465,-4.988322679,-3.485961984
1781283238.316156387,2.904761167,-5.018422684,-3.483784776
1781283238.317518473,2.919773594,-5.034155143,-3.476315088
1781283238.320113659,2.929854312,-5.052995868,-3.457296430
1781283238.320873499,2.950023184,-5.057165868,-3.460556012
1781283238.324989319,2.960649044,-5.068133729,-3.453355421
1781283238.327709198,2.987829394,-5.084531233,-3.443264136
1781283238.329432249,3.007704089,-5.102043312,-3.452380827
1781283238.331035614,3.025914789,-5.105189817,-3.465613772
1781283238.332643270,3.032711235,-5.115446444,-3.466122175
1781283238.334218979,3.044898109,-5.113099078,-3.482290690
1781283238.340014219,3.050941359,-5.118401807,-3.487293393
1781283238.341008425,3.075194053,-5.141457822,-3.486799276
1781283238.342652321,3.078371015,-5.137093818,-3.508631304
1781283238.345179081,3.091706935,-5.142092972,-3.507619791
1781283238.346188307,3.094104707,-5.136604125,-3.521852245
1781283238.347562551,3.106993831,-5.144222303,-3.530219601
1781283238.352626085,3.123846961,-5.152473345,-3.529962269
1781283238.354830027,3.160754139,-5.166654518,-3.550229056
1781283238.356068134,3.163980823,-5.161843868,-3.571219542
1781283238.357640505,3.179076247,-5.164534853,-3.577793370
1781283238.359265089,3.185803361,-5.153329451,-3.612003511
1781283238.365140676,3.201734646,-5.171176362,-3.615744397
1781283238.366161108,3.211110789,-5.192244737,-3.644774930
1781283238.367517710,3.217801005,-5.196993079,-3.663660374
1781283238.370172024,3.222911664,-5.179291675,-3.693957267
1781283238.370978832,3.218161048,-5.186798310,-3.719230833
1781283238.377758026,3.215545357,-5.173037130,-3.740145084
1781283238.379570484,3.189653448,-5.197932614,-3.782585551
1781283238.380983353,3.183915719,-5.194088053,-3.816308933
1781283238.382655382,3.188227034,-5.185111455,-3.837487117
1781283238.384210587,3.190054045,-5.175761811,-3.861870662
1781283238.386251211,3.189515464,-5.184517602,-3.863476785
1781283238.390111446,3.196352919,-5.196578779,-3.877637311
1781283238.390876532,3.204568071,-5.207824256,-3.907633850
1781283238.392505884,3.198952509,-5.197942340,-3.936314374
1781283238.395198107,3.214676272,-5.208138471,-3.951984234
1781283238.396222591,3.217782766,-5.215083791,-3.970994427
1781283238.397606611,3.222661104,-5.215079491,-3.984995731
1781283238.402252913,3.227594248,-5.220096581,-3.991425467
1781283238.402817726,0.000000000,0.000000000,0.000000000
1781283238.404175758,3.219929542,-5.226102915,-4.016975119
1781283238.405842543,3.216483146,-5.206215038,-4.035925601
1781283238.407657385,3.220287565,-5.202667113,-4.043234145
1781283238.409264803,3.208882233,-5.195310830,-4.058086439
1781283238.415138960,3.208239891,-5.196658672,-4.059914372
1781283238.416159630,3.200411502,-5.203315137,-4.069175930
1781283238.417541742,3.215163689,-5.195162192,-4.082020465
1781283238.420159578,3.207642062,-5.181094633,-4.090806803
1781283238.420929193,3.203535457,-5.183032351,-4.094500592
1781283238.427631855,3.212381537,-5.178192568,-4.105860370
1781283238.429351091,3.212664865,-5.169149119,-4.106946143
1781283238.430952787,3.216719437,-5.157649416,-4.124554260
1781283238.432649374,3.220316878,-5.161352987,-4.121491916
1781283238.434187889,3.221516750,-5.154357361,-4.133071215
1781283238.439886093,3.227827393,-5.161522956,-4.132461219
1781283238.440871000,3.233923005,-5.177595985,-4.119726506
1781283238.442605257,3.243425086,-5.177645968,-4.140629565
1781283238.445217848,3.261678619,-5.166291485,-4.159045753
1781283238.446240902,3.274790105,-5.181856442,-4.158331076
1781283238.447628498,3.288223387,-5.176682317,-4.170204914
1781283238.452655792,3.304138171,-5.188984856,-4.175456178
1781283238.454282999,3.321328493,-5.171036490,-4.194522932
1781283238.455909491,3.328228402,-5.155730845,-4.222099490
1781283238.457633018,3.338018729,-5.161176916,-4.226069567
1781283238.462900162,3.342142491,-5.139261573,-4.253531117
1781283238.465033293,3.363052396,-5.155109917,-4.239085893
1781283238.465903521,3.360435088,-5.159087468,-4.238655018
1781283238.467679024,3.357741391,-5.127120399,-4.275615895
1781283238.470163345,3.367135460,-5.104898182,-4.300760219
1781283238.470835686,0.000000000,0.000000000,0.000000000
1781283238.477635384,3.360734161,-5.074604638,-4.328943913
1781283238.479387522,3.357948233,-5.051219806,-4.352980891
1781283238.481024742,3.352708106,-5.017080450,-4.397261620
1781283238.482663155,3.353188288,-5.022058518,-4.392418396
1781283238.484244585,3.349756544,-4.987713056,-4.437073606
1781283238.490050554,3.342200624,-4.997593129,-4.428827095
1781283238.491054296,3.309709648,-5.010938732,-4.422758365
1781283238.492685556,3.302708597,-4.977205258,-4.458998580
1781283238.495231867,3.298934249,-4.954859779,-4.491243351
1781283238.496273756,3.290077046,-4.945397835,-4.495282873
1781283238.497651339,3.286083670,-4.929771400,-4.524650439
1781283238.502629757,3.284388926,-4.928331302,-4.526622837
1781283238.504209042,3.284181159,-4.910880404,-4.571421223
1781283238.505847692,3.275347430,-4.886913601,-4.609030855
1781283238.507634401,3.280675770,-4.889451416,-4.608558680
1781283238.515154362,3.271894748,-4.863552469,-4.646613733
1781283238.516283989,3.239401907,-4.883179186,-4.640393332
1781283238.517711163,3.237599623,-4.851885035,-4.662619609
1781283238.519215584,3.223013079,-4.815637984,-4.708387437
1781283238.520986557,3.211014868,-4.781523468,-4.743892069
1781283238.524644375,3.205304571,-4.782186317,-4.737478906
1781283238.527780533,3.199573653,-4.791872597,-4.727887122
1781283238.529566050,3.180755332,-4.800904313,-4.722239190
1781283238.531113625,3.168906176,-4.765264540,-4.761895187
1781283238.532616138,3.160399492,-4.734854856,-4.787968440
1781283238.539628744,3.145654813,-4.695332537,-4.828714836
1781283238.541022062,3.113312130,-4.724972785,-4.811575331
1781283238.542796612,3.094660745,-4.699074146,-4.848599094
1781283238.545397043,3.098857051,-4.669345133,-4.898526290
1781283238.546715260,3.088943875,-4.693415387,-4.893457851
1781283238.547719955,3.083681244,-4.701890709,-4.880547758
1781283238.552728891,3.085543421,-4.672574413,-4.919913257
1781283238.554416180,3.071502459,-4.702879203,-4.909463459
1781283238.556109190,3.049565517,-4.681310055,-4.940589818
1781283238.557631016,3.037955560,-4.655156376,-4.974762637
1781283238.559238911,3.003716877,-4.624693812,-4.992235407
1781283238.565163612,2.979266885,-4.630588421,-4.960203211
1781283238.566285372,2.781893647,-4.626873317,-4.801489146
1781283238.567763567,2.719663291,-4.578267509,-4.806479541
1781283238.569251299,2.669487189,-4.542658698,-4.818417990
1781283238.571050406,2.653437399,-4.514671715,-4.860537766
1781283238.577711105,2.667745338,-4.535600327,-4.851168347
1781283238.579281092,2.818371050,-4.630336194,-4.881678454
1781283238.580967426,2.828507604,-4.620379784,-4.934875081
1781283238.582710505,2.839664946,-4.596995091,-4.975093726
1781283238.584458828,2.835460040,-4.584456235,-5.018108804
1781283238.590264320,2.836658367,-4.593038381,-5.019589937
1781283238.591228962,2.856416001,-4.633778013,-5.000157129
1781283238.592668533,2.842637270,-4.608816406,-5.024357890
1781283238.594239712,2.845631654,-4.570675712,-5.058194038
1781283238.596132755,2.846932617,-4.571194759,-5.047611239
1781283238.599592686,2.848336121,-4.529280699,-5.074464356
1781283238.602600336,2.855642591,-4.527269554,-5.049351306
1781283238.604274273,2.862675193,-4.458987778,-5.057709232
1781283238.605846167,2.852547202,-4.374927557,-5.103444211
1781283238.607570648,2.858348349,-4.361745813,-5.058326227
1781283238.614784479,2.835545554,-4.249797712,-5.103221040
1781283238.616091013,2.839944267,-4.217056254,-4.942669213
1781283238.617551088,2.799330581,-4.116113770,-5.004563735
1781283238.620135784,2.766448781,-4.000421746,-5.073734151
1781283238.620944977,2.764237534,-3.996353993,-5.035558365
1781283238.627801180,2.717604710,-3.882183104,-5.107605269
1781283238.629443407,2.681408060,-3.902107512,-4.967536326
1781283238.631036043,2.649215371,-3.779794707,-5.069255257
1781283238.632651806,2.609072134,-3.672622316,-5.190033308
1781283238.634218931,2.572752155,-3.547923543,-5.305865472
1781283238.640228510,2.575309027,-3.580719084,-5.297801832
1781283238.641267538,2.588832617,-3.678712714,-5.268763916
1781283238.642648697,2.529870816,-3.558961205,-5.407623129
1781283238.644282579,2.473921328,-3.426777997,-5.518490724
1781283238.646311283,2.486881191,-3.459652611,-5.503157057
1781283238.652733088,2.411576094,-3.316094783,-5.615093259
1781283238.654412985,2.362223914,-3.388519683,-5.526964199
1781283238.656010866,2.316298258,-3.252681712,-5.624750981
1781283238.657671928,2.246683898,-3.112500539,-5.712226685
1781283238.659278154,2.220201056,-2.992964257,-5.782457803
1781283238.662234306,2.204323086,-3.016075209,-5.763915427
1781283238.663092613,2.171235625,-3.050879224,-5.734819570
1781283238.665120840,2.152476994,-3.067890753,-5.720075500
1781283238.666107893,2.142638640,-3.098453881,-5.692952386
1781283238.667700529,2.097069475,-2.995749876,-5.753888934
1781283238.670202732,2.032803403,-2.895219234,-5.829402833
1781283238.670976877,2.029529333,-2.927785382,-5.801733989
1781283238.677230835,1.951325737,-2.821904808,-5.859824249
1781283238.677943468,1.857320483,-2.869858197,-5.793376405
1781283238.679463387,1.842439888,-2.897135995,-5.748504640
1781283238.680996418,1.802910415,-2.794345010,-5.784085658
1781283238.682687521,1.722382462,-2.669740707,-5.816482096
1781283238.684264421,1.686663633,-2.558981758,-5.843164354
1781283238.689961910,1.652346608,-2.572280744,-5.804448743
1781283238.690953493,1.625325866,-2.585112085,-5.726858844
1781283238.692614317,1.589602565,-2.457131293,-5.750893451
1781283238.695362329,1.504266537,-2.345081745,-5.778939775
1781283238.696410656,1.455085753,-2.347864726,-5.693764350
1781283238.697541714,1.419610649,-2.351705895,-5.657411555
1781283238.702672005,1.337187450,-2.239255520,-5.685783622
1781283238.704240084,1.276227567,-2.120529852,-5.669952813
1781283238.705866814,1.248347079,-1.996334458,-5.687574906
1781283238.707643747,1.214500355,-2.017151016,-5.659947219
1781283238.715200663,1.186836223,-1.889907247,-5.688540587
1781283238.716235638,1.132729611,-1.952247250,-5.635790798
1781283238.717614174,1.053287233,-1.825483975,-5.684873420
1781283238.720150709,1.032496037,-1.693316349,-5.731748991
1781283238.720915794,1.041940018,-1.710662508,-5.722772232
1781283238.725264311,0.000000000,0.000000000,0.000000000
1781283238.725835800,0.000000000,0.000000000,0.000000000
1781283238.727584839,0.966617850,-1.651112443,-5.811555052
1781283238.729449034,0.968948419,-1.537812495,-5.874607978
1781283238.731081486,0.984204902,-1.413724034,-5.945461272
1781283238.732633829,0.993369900,-1.453745114,-5.971923074
1781283238.734261274,1.012504539,-1.323340650,-6.035727386
1781283238.740195274,1.028552101,-1.360799703,-6.071527622
1781283238.740985870,1.113223281,-1.418089810,-6.193303350
1781283238.742614746,1.137121899,-1.294483970,-6.275394928
1781283238.745318890,1.120245323,-1.177965200,-6.354997475
1781283238.746338129,1.194265176,-1.206427790,-6.436962654
1781283238.747721672,1.167302601,-1.106321436,-6.490074537
1781283238.752616405,1.185340119,-1.123099684,-6.516000924
1781283238.754192114,1.207014072,-1.026993996,-6.573257115
1781283238.755938530,1.218182944,-0.936863921,-6.605772897
1781283238.757662773,1.235485137,-0.945596035,-6.616499873
1781283238.759207249,1.246514698,-0.869496185,-6.635201453
1781283238.765307665,1.271604258,-0.878242360,-6.655095373
1781283238.766320229,1.433119212,-0.926812083,-6.746549985
1781283238.767704010,1.448420196,-0.856486760,-6.790734103
1781283238.769190073,1.483621420,-0.789742192,-6.852813773
1781283238.771036386,1.502050751,-0.729550721,-6.920470794
1781283238.777631521,1.548147348,-0.743906212,-6.984924454
1781283238.779438496,1.598968445,-0.732076781,-7.210769929
1781283238.781008720,1.581004659,-0.669114767,-7.291339668
1781283238.782671213,1.593572273,-0.690569421,-7.358843412
1781283238.784260750,1.577864908,-0.625834266,-7.442867885
1781283238.787499666,1.588955564,-0.643368266,-7.498998697
1781283238.790115118,1.623806606,-0.671664045,-7.600053098
1781283238.790898085,1.656609403,-0.701236668,-7.691158146
1781283238.792540312,1.627706828,-0.623518237,-7.749843584
1781283238.795286417,1.606647742,-0.549884512,-7.804753604
1781283238.796294212,1.616396337,-0.561055861,-7.844241606
1781283238.797633648,1.589627151,-0.496990391,-7.905624659
1781283238.802653551,1.609631982,-0.499433697,-7.944359030
1781283238.804284811,1.597098342,-0.458225374,-8.041844844
1781283238.805923223,1.557770107,-0.401383919,-8.089198686
1781283238.807608128,1.568482946,-0.416190765,-8.136431829
1781283238.815162182,1.534827744,-0.371143139,-8.178160601
1781283238.816181660,1.543818160,-0.481558266,-8.300288477
1781283238.817529202,1.498699057,-0.436632492,-8.320246453
1781283238.819605589,1.453860298,-0.385098737,-8.337942586
1781283238.821049690,1.435645103,-0.429639250,-8.342475702
1781283238.827564001,1.334441941,-0.239479428,-8.374116195
1781283238.829280138,1.285791875,-0.274853816,-8.411890842
1781283238.830898285,1.256274049,-0.244449518,-8.443355755
1781283238.832773924,1.257436142,-0.252142939,-8.478990686
1781283238.834355354,1.229498665,-0.199106981,-8.530123863
1781283238.840094090,1.234533095,-0.194653069,-8.564859691
1781283238.840857506,1.275493980,-0.218446395,-8.693707906
1781283238.842534781,1.249463349,-0.139572834,-8.732435637
1781283238.845295668,1.220133190,-0.050377344,-8.781258621
1781283238.846296549,1.241648786,-0.074775419,-8.812644153
1781283238.847640514,1.213660072,0.003418726,-8.866697472
1781283238.850042105,1.223404335,0.010479795,-8.905430155
1781283238.852569103,1.238597413,-0.002624000,-8.946702311
1781283238.854245424,1.241191316,0.029041896,-9.044254921
1781283238.855851889,1.222854738,0.073171694,-9.098596229
1781283238.857694626,1.237401391,0.055975605,-9.143801976
1781283238.859281540,1.223093432,0.099763738,-9.188903065
1781283238.865251541,1.237195457,0.085710712,-9.220296872
1781283238.866304636,1.292509480,0.018648975,-9.373110863
1781283238.867656231,1.265534300,0.090629310,-9.418875054
1781283238.869221210,1.239515534,0.129992611,-9.459666114
1781283238.870881557,1.266169457,0.089147554,-9.503118382
1781283238.877598047,1.226272825,0.166000540,-9.540422439
1781283238.879424095,1.229534280,0.189968742,-9.680488074
1781283238.881033897,1.195076111,0.228560168,-9.717711729
1781283238.882771492,1.206830745,0.216257977,-9.758631444
1781283238.884392023,1.176340406,0.248886349,-9.801225256
1781283238.890146971,1.198199584,0.238043820,-9.836219187
1781283238.890909195,1.243657670,0.190832757,-9.929664888
1781283238.892598867,1.218931406,0.217040088,-9.965550586
1781283238.895288706,1.170713191,0.281168266,-9.995277815
1781283238.896296978,1.199059110,0.236459498,-10.023878865
1781283238.897726297,1.148091330,0.287889825,-10.053321675
1781283238.902618170,1.147380946,0.272643908,-10.086354654
1781283238.904224157,1.110194536,0.236335492,-10.179982625
1781283238.905874014,1.071618221,0.241255848,-10.212100125
1781283238.907661200,1.066624676,0.213461720,-10.250652318
1781283238.909236193,1.034977740,0.230197561,-10.291806549
1781283238.912929773,1.028513790,0.205333176,-10.344355094
1781283238.915205717,1.038375654,0.167502589,-10.482777974
1781283238.916127920,1.078572678,0.102728394,-10.542753388
1781283238.917688608,1.048972859,0.142652508,-10.623078112
1781283238.920256376,0.982522870,0.246854652,-10.698608855
1781283238.921012163,1.024996985,0.179787889,-10.815094197
1781283238.927597761,0.953924054,0.305236323,-10.865108812
1781283238.929548502,0.928482597,0.343019635,-10.960977747
1781283238.931016445,0.966145637,0.294969974,-10.981562327
1781283238.932681799,0.912044653,0.380982130,-10.998937843
1781283238.934213877,0.892116586,0.426950165,-11.007562120
1781283238.940147161,0.898249366,0.420412817,-11.022108122
1781283238.941008329,0.936549727,0.360656959,-11.038276766
1781283238.942519665,0.929580582,0.372585831,-11.048895785
1781283238.945348501,0.891194717,0.439040455,-11.056352069
1781283238.946379900,0.939457077,0.379260150,-11.070285213
1781283238.947519541,0.956708690,0.378775147,-11.086769205
1781283238.952651978,0.918966227,0.446406831,-11.104477672
1781283238.954192400,0.926519820,0.474120479,-11.128506759
1781283238.957617998,0.920487413,0.511153662,-11.147634713
1781283238.959187031,0.916161113,0.538640579,-11.169324951
1781283238.965314627,0.923797072,0.545431894,-11.174554429
1781283238.966326714,0.979641613,0.521342823,-11.210462031
1781283238.967671871,0.949907600,0.585041511,-11.229911879
1781283238.969232798,0.941037023,0.604494858,-11.252090669
1781283238.970834494,0.961185202,0.575806052,-11.278932755
1781283238.974122763,0.933769186,0.627608785,-11.304361823
1781283238.974765301,0.962662177,0.616141187,-11.352691976
1781283238.977564573,0.975789957,0.616173960,-11.372195843
1781283238.979367495,0.949016181,0.648063691,-11.392456859
1781283238.980953455,0.924838776,0.687404839,-11.416900023
1781283238.982703924,0.932697974,0.683268705,-11.430568298
1781283238.984273195,0.914814608,0.708670728,-11.458493636
1781283238.989587545,0.911590793,0.708701523,-11.471227742
1781283238.991000414,0.945391486,0.674966357,-11.522479105
1781283238.992659330,0.922255352,0.699698870,-11.535801598
1781283238.995343924,0.901702565,0.745861054,-11.555444875
1781283238.996388912,0.928353645,0.713072918,-11.581961123
1781283238.997615814,0.936368588,0.717333310,-11.593461238
1781283239.002707720,0.911935052,0.753123343,-11.610323961
1781283239.004305840,0.899790059,0.763264214,-11.628001339
1781283239.005845547,0.882890709,0.788267580,-11.627598654
1781283239.007686138,0.883141378,0.784985591,-11.638595386
1781283239.009229422,0.862846273,0.794137194,-11.643674205
1781283239.015355110,0.866142792,0.786178051,-11.650922664
1781283239.016368151,0.872818716,0.751023609,-11.686340689
1781283239.017723560,0.844890312,0.782441736,-11.693833454
1781283239.019255638,0.828599993,0.785230292,-11.701154007
1781283239.021051884,0.818024472,0.782049649,-11.709722579
1781283239.027582884,0.814882712,0.778597633,-11.722096380
1781283239.029401302,0.799724773,0.778264794,-11.741663167
1781283239.030970097,0.796171849,0.769275195,-11.751471748
1781283239.032715082,0.796258684,0.774062927,-11.761621258
1781283239.034287453,0.801200332,0.769746576,-11.763347052
1781283239.040199518,0.791232342,0.780020716,-11.773065825
1781283239.041000128,0.819288061,0.793509978,-11.786995240
1781283239.042602539,0.822335518,0.781756749,-11.778559248
1781283239.045313597,0.818413399,0.787079224,-11.772078889
1781283239.046330929,0.835676584,0.780290720,-11.752973467
1781283239.047695398,0.828551028,0.779854723,-11.752214865
1781283239.051538706,0.822945398,0.788545307,-11.735042139
1781283239.052874327,0.822225564,0.797178249,-11.732728357
1781283239.054354906,0.834292321,0.787083270,-11.721798523
1781283239.055968046,0.858540138,0.774796793,-11.716471159
1781283239.057617426,0.849988519,0.781457688,-11.692807348
1781283239.065145731,0.869399435,0.764297043,-11.692936784
1781283239.066144943,0.857775832,0.802826919,-11.646489872
1781283239.067599535,0.856339257,0.804852306,-11.647481559
1781283239.069339037,0.876560023,0.778200500,-11.640296569
1781283239.070994139,0.879577691,0.811626935,-11.639459670
1781283239.077580690,0.887198571,0.786427740,-11.645036329
1781283239.079399347,0.890373125,0.812509766,-11.655090684
1781283239.080949306,0.885445940,0.855312513,-11.648549392
1781283239.082752943,0.900617893,0.824739687,-11.648906811
1781283239.084377289,0.914036039,0.820317374,-11.644494704
1781283239.090115786,0.914987373,0.823195499,-11.645653840
1781283239.090792179,0.000000000,0.000000000,0.000000000
1781283239.092679501,0.913354917,0.869456299,-11.598473011
1781283239.095405817,0.935636619,0.853308988,-11.597710514
1781283239.096398830,0.912993438,0.892159718,-11.574731688
1781283239.097751856,0.930172570,0.871492470,-11.564067511
1781283239.102667332,0.930587835,0.884641771,-11.567094208
1781283239.104273796,0.939720382,0.894109282,-11.560668025
1781283239.105921745,0.952057741,0.896727342,-11.557313789
1781283239.107661247,0.949967013,0.912858349,-11.549929545
1781283239.109191656,0.955891796,0.910386529,-11.548432264
1781283239.113732815,0.956569684,0.929470837,-11.546573756
1781283239.114563227,0.954617218,0.983483217,-11.532806611
1781283239.115844250,0.947312097,1.018294181,-11.537716460
1781283239.117546082,0.959519938,1.009166197,-11.540162825
1781283239.120203495,0.989064784,0.978249456,-11.546690021
1781283239.120982647,0.981272640,1.023237404,-11.545509217
1781283239.127584934,1.009075302,1.000455796,-11.557011020
1781283239.129331112,1.002761610,1.096528319,-11.565121559
1781283239.130901337,1.028377484,1.089260731,-11.582239875
1781283239.132736921,1.053684468,1.065627122,-11.587388085
1781283239.134340525,1.074547795,1.059013704,-11.600191285
1781283239.140208483,1.076243940,1.089751494,-11.600145222
1781283239.140881777,0.000000000,0.000000000,0.000000000
1781283239.142639160,1.080885968,1.174012627,-11.593142561
1781283239.145401239,1.107833143,1.134309650,-11.583893796
1781283239.146466732,1.089324548,1.185187272,-11.575979439
1781283239.147608757,1.088485348,1.196961132,-11.566821135
1781283239.152660131,1.104129079,1.159715804,-11.549637076
1781283239.154196501,1.109975687,1.176837877,-11.518109478
1781283239.157600880,1.118155771,1.169198292,-11.499523461
1781283239.159620523,1.122886635,1.169737499,-11.476701299
1781283239.165261030,1.120059250,1.188637865,-11.464204178
1781283239.166308165,1.102096998,1.266709158,-11.449677392
1781283239.167675972,1.130323613,1.243578925,-11.451899984
1781283239.169233084,1.152131519,1.227291860,-11.451880919
1781283239.170837164,1.135986176,1.283388928,-11.452922718
1781283239.175086260,1.168441439,1.242181817,-11.455746194
1781283239.175865889,1.167053463,1.288783912,-11.450773587
1781283239.177664042,1.163267539,1.316141928,-11.443691249
1781283239.179464579,1.187988396,1.294921597,-11.436500777
1781283239.181042194,1.199554916,1.283136236,-11.419672994
1781283239.182714701,1.195527943,1.295216868,-11.404262416
1781283239.184317827,1.212887959,1.279116096,-11.387678212
1781283239.190102100,1.208722112,1.290650789,-11.369884078
1781283239.191128016,1.183757904,1.376941547,-11.325280367
1781283239.192535877,1.213606634,1.325085246,-11.308577423
1781283239.195359707,1.231085131,1.313487338,-11.298432820
1781283239.196401596,1.212958927,1.376096199,-11.272159643
1781283239.197535038,1.204538646,1.387509124,-11.260214154
1781283239.202727318,1.230350265,1.340715018,-11.254188819
1781283239.204416752,1.244028759,1.321291289,-11.230719498
1781283239.205952406,1.255044329,1.289875127,-11.209991531
1781283239.207726002,1.251334249,1.292654036,-11.193445192
1781283239.209213018,1.261833667,1.267804755,-11.179800638
1781283239.215304136,1.261202305,1.264791523,-11.166975301
1781283239.216340303,1.217535051,1.323282649,-11.106877118
1781283239.217725992,1.232836082,1.268326196,-11.075867531
1781283239.219196796,1.236663096,1.239846790,-11.055659291
1781283239.220883846,1.211514719,1.272259244,-11.016139554
1781283239.227620125,1.233099633,1.226234186,-10.988944601
1781283239.229392767,1.203579417,1.231737365,-10.857786465
1781283239.230964422,1.201423460,1.200318494,-10.812784371
1781283239.232688665,1.179285003,1.211092260,-10.767400852
1781283239.234279394,1.181971198,1.174600662,-10.723523714
1781283239.237182379,1.165733319,1.182657341,-10.681876033
1781283239.237831593,1.128065781,1.213178514,-10.588365504
1781283239.240233183,1.117428010,1.235566219,-10.550513359
1781283239.240988255,1.100782659,1.260748102,-10.498309646
1781283239.242523193,1.117805721,1.230036332,-10.457385024
1781283239.245388985,1.138833386,1.172049944,-10.415226241
1781283239.246368885,1.127573734,1.210955699,-10.381281170
1781283239.247690439,1.159650471,1.170794318,-10.351206016
1781283239.252691746,1.152065539,1.199194174,-10.335605262
1781283239.254324436,1.176389274,1.214805336,-10.303716015
1781283239.255887032,1.202054902,1.184686688,-10.292506053
1781283239.257662535,1.196207963,1.217119302,-10.285715674
1781283239.259193182,1.218782957,1.179536848,-10.282944106
1781283239.265394926,1.214702483,1.199332534,-10.269427247
1781283239.266414404,1.213069713,1.290266441,-10.268478698
1781283239.267517805,1.217308719,1.306752111,-10.268032367
1781283239.269191027,1.297221316,1.177508670,-10.284311077
1781283239.270849705,1.292423670,1.220603731,-10.278066487
1781283239.277709246,1.335682053,1.164920560,-10.281398950
1781283239.279305935,1.312933796,1.276616952,-10.233888374
1781283239.281049728,1.369734590,1.188636117,-10.215439525
1781283239.282729864,1.355818551,1.226220305,-10.184413379
1781283239.284310818,1.366658689,1.218985463,-10.160006876
1781283239.290092468,1.350583038,1.260529927,-10.129200343
1781283239.290873289,1.308599315,1.416103995,-9.985579646
1781283239.292513609,1.329828421,1.418008128,-9.961904637
1781283239.295341969,1.352671923,1.375640867,-9.921598785
1781283239.296315193,1.334682476,1.449083422,-9.873756532
1781283239.297642708,1.355639778,1.413571080,-9.820122293
1781283239.302644730,1.341245103,1.446016654,-9.759242652
1781283239.304277182,1.319872522,1.478183532,-9.600543584
1781283239.305871725,1.311713948,1.483419952,-9.493040747
1781283239.307620049,1.288795241,1.505198622,-9.387435365
1781283239.309224367,1.279513466,1.508804120,-9.263675473
1781283239.314621449,1.246406510,1.517501478,-9.124467636
1781283239.316082954,1.101307205,1.625008726,-8.634221705
1781283239.317605019,1.067819892,1.614677346,-8.446265810
1781283239.320161104,1.056733106,1.515566882,-8.266529084
1781283239.320930243,0.986535458,1.562623762,-8.058756906
1781283239.327651978,0.989597419,1.426473690,-7.885218852
1781283239.329529524,0.825332909,1.304076330,-7.178178737
1781283239.330908060,0.768421949,1.342669662,-6.993922955
1781283239.332745552,0.811354044,1.136451066,-6.855237199
1781283239.334361553,0.885431213,0.925376060,-6.724013171
1781283239.340063810,0.836324111,0.951749191,-6.582519519
1781283239.341059446,0.738983893,1.024982923,-6.242100218
1781283239.342504025,0.837943719,0.825314455,-6.167013285
1781283239.344623804,0.925687183,0.534832592,-6.099555287
1781283239.346042395,0.933049460,0.622074796,-6.004237116
1781283239.352694511,1.012669361,0.324681313,-5.932447183
1781283239.354206085,0.979248462,0.165825264,-5.658496225
1781283239.355846882,1.090029393,-0.063175581,-5.593670954
1781283239.357670784,1.071393426,-0.031337321,-5.546453875
1781283239.359248400,1.191598687,-0.247350630,-5.486197375
1781283239.365207195,1.169324831,-0.225874138,-5.450574778
1781283239.366198778,1.159460274,-0.119850913,-5.339411749
1781283239.367543459,1.207087233,-0.353220198,-5.288792360
1781283239.370243311,1.284826761,-0.559663993,-5.211111496
1781283239.371017933,1.305044968,-0.520162539,-5.169869844
1781283239.375556707,1.334033213,-0.723879274,-5.109373088
1781283239.376449585,1.258896061,-0.673160623,-5.016454607
1781283239.377754211,1.235724236,-0.657206703,-4.998572303
1781283239.379394293,1.250520211,-0.633061309,-4.956081129
1781283239.380886078,1.304876295,-0.812280420,-4.880460525
1781283239.382667065,1.300184309,-0.993556433,-4.806037596
1781283239.384312391,1.352201880,-1.150562814,-4.731976642
1781283239.389972925,1.322091352,-1.141991076,-4.706356394
1781283239.390972137,1.308324890,-1.107952084,-4.658162413
1781283239.392744541,1.346858810,-1.245718674,-4.589387609
1781283239.395315647,1.335504796,-1.378824624,-4.517027372
1781283239.396343946,1.353782428,-1.358207846,-4.487667411
1781283239.397721767,1.351168514,-1.467541524,-4.416628606
1781283239.402670860,1.331934081,-1.453614333,-4.403776317
1781283239.404231310,1.334704132,-1.528843936,-4.304967699
1781283239.405874491,1.367781688,-1.647691830,-4.229599034
1781283239.407690763,1.345054819,-1.629162244,-4.207213353
1781283239.409246206,1.368752921,-1.735430426,-4.126042093
1781283239.415210009,1.346507079,-1.724885833,-4.099434543
1781283239.416231871,1.326739174,-1.674493449,-4.021643639
1781283239.417584658,1.313359100,-1.778366899,-3.937560621
1781283239.420116186,1.347839055,-1.884095553,-3.849123709
1781283239.420874357,1.380687143,-1.863154913,-3.809192232
1781283239.427527905,1.387814038,-1.963510640,-3.732902473
1781283239.429422140,1.463177772,-2.049999195,-3.654965750
1781283239.431013823,1.505189183,-2.159002458,-3.585680845
1781283239.432718277,1.513267698,-2.151334031,-3.592205705
1781283239.434305906,1.543674800,-2.255822406,-3.515093999
1781283239.438093424,1.555590604,-2.257101078,-3.519444638
1781283239.439946651,1.578798024,-2.239998067,-3.531839509
1781283239.440966845,1.618688742,-2.235457159,-3.525073265
1781283239.442555428,1.629701605,-2.345114853,-3.443918771
1781283239.445397139,1.628337365,-2.430144389,-3.399074299
1781283239.446386576,1.666616246,-2.433666213,-3.391046487
1781283239.447723150,1.669376268,-2.511821578,-3.348418228
1781283239.452805996,1.673325101,-2.514682831,-3.354909628
1781283239.454224110,1.703203927,-2.523010510,-3.375430161
1781283239.455883503,1.712873305,-2.665198963,-3.282417958
1781283239.457681656,1.716237179,-2.663817261,-3.304285010
1781283239.459241152,1.731919919,-2.724273887,-3.271380752
1781283239.465498686,1.737387224,-2.721086157,-3.280245004
1781283239.466511488,1.749870386,-2.715216283,-3.324786142
1781283239.467625141,1.756888863,-2.719675097,-3.333800143
1781283239.469361305,1.755678318,-2.824324630,-3.255560016
1781283239.470837593,1.770867026,-2.827114289,-3.255994989
1781283239.477602720,0.000000000,0.000000000,0.000000000
1781283239.479281664,1.799846658,-2.903964872,-3.239733137
1781283239.481023073,1.796407004,-2.998065146,-3.173694428
1781283239.482708931,1.804377520,-3.011063058,-3.179617217
1781283239.484342098,1.808941170,-3.063602060,-3.156044813
1781283239.490198374,1.821494303,-3.073619569,-3.169306721
1781283239.490975380,1.834503590,-3.098140807,-3.197660919
1781283239.492606163,1.842605123,-3.143030853,-3.169577736
1781283239.495351315,1.830914117,-3.178894005,-3.138549565
1781283239.496361494,1.837019032,-3.201251481,-3.155458243
1781283239.497713089,1.842444082,-3.232101713,-3.140041407
1781283239.500579357,1.844891466,-3.242722846,-3.139147581
1781283239.501295567,1.853981020,-3.257195989,-3.147142818
1781283239.502526522,1.855800435,-3.266769973,-3.153405898
1781283239.504271984,1.868589975,-3.301464989,-3.132492566
1781283239.505895376,1.861201572,-3.339457318,-3.104649292
1781283239.507634401,1.880286784,-3.347723354,-3.111062557
1781283239.509198904,1.878230370,-3.380657798,-3.088300483
1781283239.515359402,1.891463316,-3.387884085,-3.096797917
1781283239.516469717,1.902952025,-3.398082947,-3.106274060
1781283239.517615080,1.913321366,-3.400583004,-3.112227253
1781283239.519310951,1.909022506,-3.446190887,-3.088057976
1781283239.520846367,1.916923421,-3.459502885,-3.100770350
1781283239.527541399,0.000000000,0.000000000,0.000000000
1781283239.529501915,1.927669603,-3.532606729,-3.097357637
1781283239.530875444,1.933973076,-3.532417152,-3.106911752
1781283239.532646418,1.925905363,-3.558832366,-3.090135570
1781283239.534279108,1.926759676,-3.569661570,-3.088142095
1781283239.540125370,1.932774017,-3.587453725,-3.085086917
1781283239.540888071,1.952469451,-3.609427768,-3.119093376
1781283239.542534590,1.950352650,-3.625627396,-3.119991474
1781283239.545249701,1.963019808,-3.649533050,-3.120886192
1781283239.546240807,1.969421391,-3.648802832,-3.146952329
1781283239.547619820,1.971052352,-3.667418612,-3.143348040
1781283239.552566528,1.982964691,-3.677219925,-3.157459888
1781283239.554200888,1.987858799,-3.694668531,-3.170313100
1781283239.557657719,1.983152471,-3.719216241,-3.163731121
1781283239.559211254,1.988527128,-3.745710676,-3.157896034
1781283239.563828468,1.994785819,-3.748807870,-3.164630301
1781283239.564627886,2.031812105,-3.792580131,-3.176085942
1781283239.565907001,2.045395334,-3.797756417,-3.183528130
1781283239.567707062,2.050733987,-3.833705562,-3.164928886
1781283239.570263386,2.065268976,-3.855146093,-3.160644590
1781283239.570920229,0.000000000,0.000000000,0.000000000
1781283239.577646255,2.067006786,-3.887964246,-3.143029028
1781283239.579352379,2.114918819,-3.923714892,-3.173963766
1781283239.580925941,2.124440849,-3.951199777,-3.163692288
1781283239.582725286,2.125166249,-3.967217315,-3.155015707
1781283239.584317446,2.130351018,-3.994562511,-3.138327293
1781283239.590097904,2.139186111,-3.995759633,-3.148505615
1781283239.590861797,2.166016703,-4.019572673,-3.157509732
1781283239.592537403,2.176717784,-4.027336664,-3.147924956
1781283239.595429897,2.175290616,-4.055228045,-3.135103721
1781283239.596431494,2.207087915,-4.066851863,-3.142755360
1781283239.597528696,2.222199045,-4.072605617,-3.151704808
1781283239.602709770,2.222644946,-4.096951266,-3.136819493
1781283239.604319334,2.247772717,-4.132091566,-3.133501881
1781283239.605862617,2.259384617,-4.157000835,-3.134514990
1781283239.607693434,2.272768021,-4.172069069,-3.135991115
1781283239.609241009,2.280422645,-4.184706670,-3.135607899
1781283239.615434885,2.281301002,-4.188398902,-3.134250560
1781283239.616451502,2.319321445,-4.212326402,-3.143558104
1781283239.617560387,2.332411393,-4.221001547,-3.147936628
1781283239.619266033,2.321299697,-4.240035383,-3.143321858
1781283239.620978594,2.333030315,-4.252701231,-3.153745923
1781283239.625917196,2.334152491,-4.261397707,-3.159829668
1781283239.627759218,2.347031023,-4.277557215,-3.185093726
1781283239.629269361,2.350354122,-4.284803323,-3.200255199
1781283239.630876541,2.344962888,-4.294759828,-3.209029280
1781283239.632723331,2.354038740,-4.317160320,-3.225737239
1781283239.634302616,2.345334571,-4.325381835,-3.230453342
1781283239.640128136,2.354244582,-4.340492795,-3.244882668
1781283239.640919924,2.360338399,-4.366049673,-3.275306070
1781283239.642652512,2.367408331,-4.375902151,-3.283596429
1781283239.645440817,2.363091326,-4.395415662,-3.278609222
1781283239.646492720,2.364850214,-4.407852220,-3.290230344
1781283239.647605658,2.375508751,-4.414025915,-3.301375589
1781283239.652762413,2.376215564,-4.420055329,-3.295473739
1781283239.654224634,2.389965098,-4.430369347,-3.309662985
1781283239.655883312,2.386857984,-4.465763972,-3.287404965
1781283239.657709599,2.395717025,-4.461906843,-3.301739252
1781283239.659205198,2.398542624,-4.494236592,-3.281664894
1781283239.665277719,2.411792853,-4.495564771,-3.296444728
1781283239.666290760,2.447227795,-4.520131978,-3.311166068
1781283239.667637587,2.455670526,-4.546622019,-3.313469897
1781283239.669204712,2.456897083,-4.582266652,-3.306319856
1781283239.670844316,2.471238802,-4.592757376,-3.323279143
1781283239.673221588,2.474698032,-4.617261397,-3.315978459
1781283239.677613974,2.479747727,-4.618397602,-3.330354729
1781283239.679421425,2.486843275,-4.657360523,-3.324711202
1781283239.680987597,2.496904167,-4.678480841,-3.314334870
1781283239.682715416,2.498269020,-4.687896736,-3.312912418
1781283239.684348345,2.509285845,-4.713429338,-3.295851974
1781283239.688593149,2.521498408,-4.722765768,-3.295270470
1781283239.689136505,0.000000000,0.000000000,0.000000000
1781283239.691028595,2.557521900,-4.768640871,-3.293649259
1781283239.692570925,2.571729377,-4.789872058,-3.288305558
1781283239.695278406,2.578922530,-4.804003625,-3.281819061
1781283239.696269512,2.598309946,-4.819125164,-3.285005962
1781283239.697625160,2.599077935,-4.837531237,-3.266256608
1781283239.702643633,2.611091015,-4.844082026,-3.275412211
1781283239.704272985,2.612912628,-4.869508260,-3.257443295
1781283239.705948353,2.613012962,-4.879910015,-3.244695686
1781283239.707649231,2.619045841,-4.900073419,-3.241136445
1781283239.709188461,2.619160849,-4.923275515,-3.220661510
1781283239.715182543,2.622318228,-4.929936053,-3.222581691
1781283239.716200590,2.636534464,-4.949624270,-3.233677681
1781283239.717570543,2.630986719,-4.966518902,-3.222988249
1781283239.720183611,2.635084232,-4.983739756,-3.215413237
1781283239.720961332,2.634249631,-4.998584306,-3.219665664
1781283239.727690935,2.632268923,-5.015065611,-3.216619802
1781283239.729227543,2.642301888,-5.041409559,-3.244505027
1781283239.730965614,2.639316439,-5.074908494,-3.213944899
1781283239.732732534,2.647046694,-5.081046991,-3.231901846
1781283239.734336138,2.654177618,-5.112514043,-3.211504194
1781283239.740183115,2.658145487,-5.113145823,-3.220994119
1781283239.740985394,2.686497162,-5.151494789,-3.226110659
1781283239.742537022,2.694915957,-5.166967796,-3.215603047
1781283239.745363712,2.695022920,-5.194128929,-3.198797874
1781283239.746351004,2.707882459,-5.215560886,-3.207503266
1781283239.747691393,2.713166258,-5.228951307,-3.199297749
1781283239.750138283,2.717685938,-5.246792744,-3.201787797
1781283239.750938892,2.727375301,-5.251375406,-3.213100644
1781283239.752671957,2.721559426,-5.259618471,-3.213934918
1781283239.754266977,2.732770298,-5.280856954,-3.202869802
1781283239.755923510,2.730917813,-5.306473449,-3.179743516
1781283239.757692099,2.738219533,-5.307664415,-3.190994807
1781283239.759263039,2.737416856,-5.328142827,-3.170260043
1781283239.765238762,2.743719626,-5.328902123,-3.175872831
1781283239.766304731,2.749670263,-5.344293115,-3.171874420
1781283239.767679691,2.751852862,-5.359925027,-3.154300047
1781283239.769218683,2.762709901,-5.364846399,-3.149267175
1781283239.770840883,2.766703135,-5.372113680,-3.136290250
1781283239.777704477,2.782681424,-5.375900645,-3.135209004
1781283239.779231310,2.808433116,-5.395275634,-3.110854483
1781283239.780936241,2.811114780,-5.397187364,-3.107725044
1781283239.782763481,2.823683157,-5.394625850,-3.107772991
1781283239.784339666,2.820448453,-5.388652405,-3.110865221
1781283239.790154696,2.834835629,-5.388095016,-3.115405041
1781283239.790914297,2.851808661,-5.377301659,-3.126571903
1781283239.792541742,2.848169850,-5.362699221,-3.138620509
1781283239.795277596,2.852137630,-5.358412424,-3.151497329
1781283239.796097994,2.849323580,-5.352302140,-3.157562461
1781283239.802607298,2.850990348,-5.348362848,-3.163731586
1781283239.804196358,2.862272235,-5.350033409,-3.182654632
1781283239.807601690,2.853638265,-5.354381611,-3.191262475
1781283239.811686516,2.860839515,-5.353496963,-3.206144151
1781283239.814990282,2.874375390,-5.369654514,-3.216220219
1781283239.816013575,2.879806323,-5.386036432,-3.231085848
1781283239.817650557,2.884970166,-5.377774288,-3.250590167
1781283239.820293188,2.885854469,-5.388446285,-3.259107553
1781283239.821040392,2.883491828,-5.398863843,-3.269236594
1781283239.826346636,0.000000000,0.000000000,0.000000000
1781283239.827626467,2.893198001,-5.416102659,-3.288264310
1781283239.829206944,2.888691365,-5.422470340,-3.280573070
1781283239.830856562,2.894437826,-5.434264607,-3.278766736
1781283239.832620859,2.890460597,-5.437091543,-3.271125329
1781283239.834224463,2.894727998,-5.444610847,-3.277809154
1781283239.840042830,2.897120735,-5.445966492,-3.276444002
1781283239.841079950,2.893119376,-5.476886280,-3.266732239
1781283239.842698097,2.902088565,-5.478292082,-3.272864479
1781283239.845254898,2.900969827,-5.476923417,-3.269146871
1781283239.846020937,2.904789318,-5.481038658,-3.272847052
1781283239.852592707,2.908767278,-5.483911151,-3.264737451
1781283239.854843616,2.930502727,-5.508840145,-3.247896783
1781283239.856051445,2.935922628,-5.508741590,-3.246959624
1781283239.857678890,2.943629033,-5.507810109,-3.247439211
1781283239.859349489,2.955203649,-5.497860178,-3.260067316
1781283239.865119696,2.952587438,-5.502149409,-3.242104095
1781283239.865904808,2.967874109,-5.507671579,-3.209924056
1781283239.867516756,2.967125117,-5.507717844,-3.215564777
1781283239.870298386,2.980075002,-5.483798414,-3.237443050
1781283239.871054649,2.977671729,-5.495286736,-3.221838377
1781283239.877648830,2.994862373,-5.477971702,-3.247051579
1781283239.879206896,3.010416913,-5.489768159,-3.267042909
1781283239.880864382,3.001935935,-5.461741731,-3.297237466
1781283239.882652044,3.005226353,-5.469401284,-3.303177469
1781283239.884181499,3.000585271,-5.439904164,-3.335143704
1781283239.888143778,3.001261639,-5.449555213,-3.329266618
1781283239.889985085,3.002600478,-5.467368904,-3.318291873
1781283239.890956163,3.003490002,-5.469814409,-3.308730822
1781283239.892652512,3.012473133,-5.450345861,-3.352348238
1781283239.895243168,3.021364957,-5.422417816,-3.394005323
1781283239.896011829,3.018816334,-5.439999963,-3.383080065
1781283239.902565002,3.032113734,-5.412005418,-3.426583979
1781283239.904868603,3.033185624,-5.423482310,-3.442141688
1781283239.905868292,3.022256398,-5.437917501,-3.432632856
1781283239.907689810,3.026184750,-5.415859545,-3.474675487
1781283239.909238815,3.021674388,-5.378792845,-3.506441798
1781283239.915139198,3.017964636,-5.391214331,-3.498245747
1781283239.915910244,3.002645990,-5.415596192,-3.466047677
1781283239.917531967,3.007700209,-5.388711575,-3.495981575
1781283239.920278311,3.013918945,-5.350702105,-3.527543915
1781283239.921034575,3.006361872,-5.361434655,-3.496344087
1781283239.927631617,3.021177427,-5.333913747,-3.526669534
1781283239.929845095,3.014311525,-5.302019884,-3.522882682
1781283239.931046486,3.009971385,-5.301463906,-3.505286413
1781283239.932709694,3.019294823,-5.259571637,-3.530373750
1781283239.934178114,3.019911361,-5.223014179,-3.556649972
1781283239.940056801,3.010016892,-5.215735919,-3.531292740
1781283239.940842628,2.998255265,-5.204838089,-3.447223673
1781283239.942698002,2.998217318,-5.157512231,-3.472615029
1781283239.945271969,3.010522005,-5.101552151,-3.497345057
1781283239.946038723,2.989765844,-5.085010752,-3.440182157
1781283239.949780703,2.985222694,-5.029805041,-3.459886333
1781283239.952689886,2.979840403,-5.016432696,-3.432931959
1781283239.954175711,2.969732142,-4.958530680,-3.444299436
1781283239.955880404,2.961184071,-4.903693544,-3.484936032
1781283239.957733154,2.962790703,-4.907935772,-3.467034148
1781283239.959258080,2.981730038,-4.872488023,-3.515851921
1781283239.965174198,3.005152598,-4.886685958,-3.515390412
1781283239.965955734,2.998145269,-4.982311625,-3.500959192
1781283239.967710972,3.017576091,-4.946651916,-3.590524570
1781283239.970279217,3.029087133,-4.912175675,-3.660018204
1781283239.971038342,3.025600705,-4.954259139,-3.662961262
1781283239.977647066,3.047011197,-4.918336099,-3.744019933
1781283239.979198217,3.068591731,-4.950455352,-3.830961477
1781283239.982728481,3.089422202,-4.926020570,-3.924626402
1781283239.984288692,3.105468954,-4.927138153,-4.011945176
1781283239.990119934,3.107474872,-4.953229036,-4.018184751
1781283239.990884542,3.109620884,-5.046662939,-4.025960725
1781283239.992513895,3.126748704,-4.997880328,-4.115455965
1781283239.995293617,3.148501294,-4.978964332,-4.184865582
1781283239.996106386,3.172778482,-5.024292298,-4.189645864
1781283239.997615099,3.197800623,-4.981972892,-4.260164789
1781283240.002724409,3.204702894,-5.017825930,-4.250968869
1781283240.004289627,3.208515966,-4.991789796,-4.315212694
1781283240.005843401,3.216312195,-4.948253037,-4.401208250
1781283240.007707357,3.208142281,-4.984777269,-4.392148562
1781283240.009244680,3.202236398,-4.926582577,-4.467285413
1781283240.012748003,3.197904883,-4.957920132,-4.454001588
1781283240.015398026,3.197303675,-5.003985697,-4.418817164
1781283240.016673565,3.193354153,-5.012520353,-4.434253766
1781283240.017701387,3.189490032,-5.038434468,-4.413770006
1781283240.019248962,3.194412827,-4.987037563,-4.496147308
1781283240.021005869,3.198219379,-4.933457540,-4.580159917
1781283240.027663231,3.211265033,-4.866034206,-4.663225210
1781283240.029429197,3.216373348,-4.852540128,-4.724243980
1781283240.030970335,3.197570814,-4.854579849,-4.730965818
1781283240.032696009,3.200903021,-4.768378485,-4.835102134
1781283240.034268379,3.187508282,-4.633437547,-4.971653803
1781283240.040185213,3.183237178,-4.663732307,-4.952261538
1781283240.040946484,3.149201173,-4.746486930,-4.901789722
1781283240.042715549,3.133250839,-4.606642343,-5.045674046
1781283240.045298338,3.111463629,-4.480915957,-5.158632120
1781283240.046067238,3.107993885,-4.489033812,-5.164228199
1781283240.052664995,3.077411976,-4.348481445,-5.271953524
1781283240.054210186,3.026397689,-4.238685182,-5.345410710
1781283240.057636023,2.999547566,-4.072514076,-5.471690642
1781283240.065076113,2.955119990,-3.936335848,-5.569301166
1781283240.065859079,2.878995723,-4.029807123,-5.472398656
1781283240.067547798,2.850232810,-3.883808329,-5.588578607
1781283240.070218563,2.819318719,-3.751376615,-5.708882578
1781283240.070988894,2.830930434,-3.783138458,-5.725014665
1781283240.074141741,2.812549040,-3.668560815,-5.876901680
1781283240.077677727,2.821811241,-3.779092529,-5.926588148
1781283240.079226732,2.811496463,-3.677730352,-6.084852884
1781283240.080855608,2.789064641,-3.521171596,-6.208227194
1781283240.082702637,2.787154100,-3.561897116,-6.206860081
1781283240.084241629,2.775175574,-3.406550408,-6.327249150
1781283240.089617491,2.774338923,-3.448184876,-6.332408982
1781283240.091029406,2.773339332,-3.560715687,-6.333421914
1781283240.092655659,2.753877380,-3.428025538,-6.430536627
1781283240.095299482,2.735222371,-3.285829061,-6.530080403
1781283240.096062660,2.743724349,-3.369032408,-6.507521899
1781283240.102539062,2.723034754,-3.237209790,-6.594219468
1781283240.104861736,2.717026457,-3.183237334,-6.670031280
1781283240.105855703,2.707900743,-3.243722443,-6.655870362
1781283240.107705355,2.698440546,-3.108965450,-6.740488224
1781283240.109223604,2.677336038,-3.008461031,-6.811350764
1781283240.115139484,2.687357564,-3.043274323,-6.820608769
1781283240.115925312,2.697926244,-3.205393512,-6.803716059
1781283240.117543697,2.679138813,-3.095971564,-6.879068261
1781283240.120271444,2.643417473,-2.975303059,-6.957667012
1781283240.121071100,2.633702700,-3.036392729,-6.948123988
1781283240.127639532,2.597857583,-2.911229980,-7.030496070
1781283240.129192114,2.548994886,-2.930905849,-7.161543221
1781283240.132714510,2.517739739,-2.825803403,-7.247832159
1781283240.134245872,2.482415242,-2.770796153,-7.337489476
1781283240.140099287,2.479658977,-2.813248740,-7.352861581
1781283240.140877962,2.477254544,-2.961926826,-7.363232271
1781283240.142509222,2.445591812,-2.864524798,-7.429978389
1781283240.145264387,2.405530056,-2.727185376,-7.519004243
1781283240.146016121,2.417610839,-2.815636160,-7.501716553
1781283240.151236534,2.359084508,-2.681269030,-7.572927784
1781283240.152631283,2.346525251,-2.767063623,-7.578027518
1781283240.154883385,2.316117832,-2.691509845,-7.612791330
1781283240.155858040,2.341637129,-2.772443345,-7.580615418
1781283240.157721043,2.278007255,-2.635165130,-7.639203960
1781283240.159226894,2.255265236,-2.570915143,-7.660396690
1781283240.165095806,2.249272655,-2.582939839,-7.651906496
1781283240.165856600,2.241838698,-2.697883859,-7.580503728
1781283240.167576551,2.218040131,-2.607826706,-7.607385898
1781283240.170320511,2.165530825,-2.491262695,-7.644782460
1781283240.171077490,2.182151571,-2.545877585,-7.603180670
1781283240.177755356,2.122191634,-2.431163480,-7.631051436
1781283240.179235697,2.079813820,-2.393671050,-7.569363328
1781283240.180870295,2.074906523,-2.330520114,-7.589445077
1781283240.182717800,2.073848179,-2.338440182,-7.580166171
1781283240.184252501,2.066062364,-2.282423555,-7.589630654
1781283240.190390825,2.059601896,-2.296913301,-7.574008699
1781283240.191134214,2.101991898,-2.432389781,-7.508986725
1781283240.192539692,2.062762658,-2.331865135,-7.553795926
1781283240.195278406,2.046952084,-2.279440771,-7.584751228
1781283240.196044445,2.082509845,-2.347240083,-7.564507508
1781283240.198267698,2.040356700,-2.243482178,-7.624647055
1781283240.202727556,2.050611464,-2.272172660,-7.629646464
1781283240.204163790,2.052582950,-2.244425353,-7.684893578
1781283240.205895662,2.031385204,-2.187700275,-7.714691063
1781283240.207689285,2.041222204,-2.213964097,-7.742316247
1781283240.209263325,2.017677761,-2.165975822,-7.768581493
1781283240.213979483,2.019931853,-2.191035675,-7.782456665
1781283240.214984894,2.034577756,-2.226215365,-7.817970704
1781283240.216116190,2.066282871,-2.300757239,-7.820082492
1781283240.217615843,2.051065931,-2.250075720,-7.866449532
1781283240.220274210,2.026150280,-2.166301854,-7.934832793
1781283240.221095800,2.054241831,-2.219094406,-7.945719447
1781283240.227663040,2.026965615,-2.143097033,-8.015637587
1781283240.229222536,2.052282090,-2.138192599,-8.154583653
1781283240.230906010,2.042378314,-2.123957685,-8.202904774
1781283240.232686281,2.049353683,-2.138417060,-8.251602975
1781283240.234225512,2.042773444,-2.122200915,-8.302466245
1781283240.240118504,2.059045908,-2.130103515,-8.351309655
1781283240.240875483,2.130906477,-2.222258800,-8.481386943
1781283240.242512703,2.130346273,-2.174652061,-8.537718007
1781283240.245208025,2.105458397,-2.107497119,-8.612298223
1781283240.245757341,0.000000000,0.000000000,0.000000000
1781283240.252688885,2.108161180,-2.061692255,-8.696514188
1781283240.254184008,2.140839029,-2.015222326,-8.805441612
1781283240.257663012,2.134661246,-1.959908360,-8.838426065
1781283240.259203196,2.148048155,-1.925623623,-8.878619584
1781283240.265091419,2.154894570,-1.936383419,-8.881532039
1781283240.265879869,2.199825369,-1.948424732,-8.891424601
1781283240.267551184,2.192720270,-1.940839803,-8.895242210
1781283240.270216227,2.177206765,-1.897853636,-8.911693092
1781283240.270982504,2.192582171,-1.916707980,-8.903888170
1781283240.275905371,2.169754940,-1.888227600,-8.904267432
1781283240.277659893,2.180242469,-1.890591642,-8.901583349
1781283240.279253244,2.185142723,-1.870006440,-8.916753256
1781283240.280904531,2.188861320,-1.847318852,-8.944124889
1781283240.282694817,2.208104756,-1.849344869,-8.963932195
1781283240.284241199,2.215051826,-1.826771914,-8.983335072
1781283240.290137768,2.243648009,-1.836617220,-9.019798989
1781283240.290911674,2.308036442,-1.866480877,-9.123760564
1781283240.292563677,2.299202900,-1.862082490,-9.174264534
1781283240.295248747,2.290667861,-1.830183621,-9.224623600
1781283240.295889616,0.000000000,0.000000000,0.000000000
1781283240.302700996,2.282640585,-1.831376379,-9.297195728
1781283240.304185390,2.304667601,-1.845135591,-9.415372046
1781283240.307247639,2.295743264,-1.845481641,-9.443538705
1781283240.307801962,0.000000000,0.000000000,0.000000000
1781283240.309265137,2.299140011,-1.837669852,-9.484379112
1781283240.315154314,2.300923913,-1.843160006,-9.500381439
1781283240.316003084,2.313764660,-1.900816608,-9.525713515
1781283240.317570686,2.308712349,-1.889320172,-9.556917962
1781283240.320223808,2.291515781,-1.865965492,-9.576369464
1781283240.320888042,0.000000000,0.000000000,0.000000000
1781283240.322729111,2.281291872,-1.873052609,-9.600253716
1781283240.327691555,2.290290915,-1.891280634,-9.611460299
1781283240.329308271,2.277236554,-1.906922590,-9.662155051
1781283240.330840826,2.281480488,-1.905435781,-9.680453104
1781283240.332697392,2.282049282,-1.904436985,-9.699731136
1781283240.334233284,2.288050391,-1.898984557,-9.736737534
1781283240.337914705,2.291236292,-1.892526883,-9.760986098
1781283240.340179682,2.313669681,-1.875729000,-9.827297236
1781283240.340931892,2.354534702,-1.885413085,-9.898245977
1781283240.342674494,2.363188667,-1.867600464,-9.950705174
1781283240.344234943,2.374702674,-1.851437248,-10.000547553
1781283240.345931768,2.398871677,-1.879820014,-10.041230250
1781283240.352710009,2.394196122,-1.856574187,-10.100046678
1781283240.354244232,2.410836340,-1.895081280,-10.224867672
1781283240.355856895,2.404159287,-1.877708496,-10.275929337
1781283240.357717276,2.417500391,-1.900316430,-10.310475239
1781283240.359242439,2.404027500,-1.871376464,-10.359697619
1781283240.365463257,2.414882205,-1.892977706,-10.385951287
1781283240.366245508,2.447650349,-1.955000245,-10.497884259
1781283240.367568731,2.422153282,-1.913313966,-10.546772800
1781283240.369226456,2.406045740,-1.891573459,-10.579278377
1781283240.370837212,2.417577034,-1.910451041,-10.607934556
1781283240.377570868,0.000000000,0.000000000,0.000000000
1781283240.379284143,2.387692601,-1.877749570,-10.739709301
1781283240.380836487,2.368131756,-1.874448185,-10.772215402
1781283240.382691383,2.376794495,-1.879169549,-10.805871502
1781283240.384256601,2.362884795,-1.882391377,-10.836408108
1781283240.390201807,2.371942026,-1.888175089,-10.871315196
1781283240.391134024,2.408772936,-1.925727214,-10.970503075
1781283240.392679691,2.397314119,-1.921139494,-11.002477256
1781283240.395241737,2.389192734,-1.905703033,-11.035875677
1781283240.396002531,2.395745283,-1.924166739,-11.056317956
1781283240.400928020,2.393759579,-1.910104140,-11.090181012
1781283240.402649403,2.407864857,-1.934224258,-11.135627939
1781283240.404385090,2.401667162,-1.928443215,-11.155298670
1781283240.405973911,2.394157670,-1.934054821,-11.177520382
1781283240.407652617,2.402835192,-1.943002817,-11.202524136
1781283240.409232378,2.394555304,-1.952186594,-11.220452290
1781283240.415148973,2.392776853,-1.959133727,-11.239204229
1781283240.415948391,2.399167721,-2.010943590,-11.290569830
1781283240.417634726,2.381510079,-2.005510159,-11.314387133
1781283240.420236111,2.373145196,-2.000919020,-11.338423860
1781283240.421009064,2.380485803,-2.016155820,-11.342695467
1781283240.427709579,2.374952335,-2.007979561,-11.363190196
1781283240.429304361,2.370994974,-2.023696153,-11.404508983
1781283240.430833101,2.378669159,-2.029358595,-11.414176141
1781283240.432747126,2.376714677,-2.033246629,-11.420737122
1781283240.434196472,2.377305104,-2.028717249,-11.426433488
1781283240.440132141,2.373446232,-2.029879768,-11.427995712
1781283240.440899372,2.377149658,-2.053161131,-11.433597840
1781283240.442541361,2.366164614,-2.039209966,-11.439893731
1781283240.445274591,2.367478130,-2.043204003,-11.439106569
1781283240.446044445,2.367307717,-2.045343709,-11.432048580
1781283240.452635288,2.363129801,-2.043858884,-11.437054097
1781283240.454869270,2.363076453,-2.025796874,-11.440701370
1781283240.455858707,2.362853712,-2.021688175,-11.451086985
1781283240.457681894,2.364500840,-2.027404111,-11.455276467
1781283240.459230185,2.380050703,-2.026673266,-11.460718211
1781283240.465144396,2.380821114,-2.024760516,-11.472971308
1781283240.465925455,2.389622493,-1.974390676,-11.523406722
1781283240.467556715,2.410342867,-1.976395352,-11.533402372
1781283240.470250130,2.414378054,-1.963979782,-11.546098369
1781283240.471045971,2.424397140,-1.948623238,-11.568888945
1781283240.476387501,2.437825930,-1.954698196,-11.586540750
1781283240.477637291,2.438183180,-1.946747360,-11.606358036
1781283240.479904413,2.443713294,-1.945371470,-11.613967661
1781283240.480893850,2.470166136,-1.941061119,-11.624894082
1781283240.482700586,2.459255830,-1.946566173,-11.635705163
1781283240.484239101,2.470965764,-1.949008989,-11.646310865
1781283240.490153790,2.466983873,-1.945497099,-11.657096645
1781283240.490909338,2.461987928,-1.913019238,-11.688016320
1781283240.492568493,2.466624371,-1.917272173,-11.688743310
1781283240.495274782,2.466329987,-1.916059322,-11.691909746
1781283240.496045113,2.477564602,-1.901425370,-11.720820078
1781283240.502663612,2.477347885,-1.905921183,-11.716741230
1781283240.504252434,2.494171366,-1.885861499,-11.739834199
1781283240.505886078,2.490069013,-1.881579006,-11.741300297
1781283240.507699013,2.493197919,-1.873953205,-11.755352597
1781283240.509173632,2.497271413,-1.861259750,-11.756904676
1781283240.515059948,2.493838554,-1.850776346,-11.766582535
1781283240.515834332,2.501598934,-1.822982028,-11.778738008
1781283240.517513514,2.497218657,-1.817345244,-11.778038549
1781283240.520247936,2.507092661,-1.825590945,-11.788289265
1781283240.521014214,2.504545437,-1.800875873,-11.824462072
1781283240.527680874,2.513914782,-1.788102815,-11.845710848
1781283240.529218197,2.524166345,-1.763146141,-11.898281293
1781283240.530859470,2.523420305,-1.734641188,-11.906752506
1781283240.532696486,2.520778211,-1.719050961,-11.915781901
1781283240.534227133,2.531915772,-1.699061034,-11.930399358
1781283240.538474321,2.523835500,-1.682511571,-11.932476053
1781283240.539249897,2.526633955,-1.628644081,-11.944884243
1781283240.541017771,2.535520181,-1.601336720,-11.938274297
1781283240.542622089,2.522527152,-1.563312034,-11.935863410
1781283240.545298576,2.533848247,-1.567363164,-11.917696056
1781283240.546061039,2.513558776,-1.484208538,-11.901561796
1781283240.552634478,2.526961607,-1.492460758,-11.866823026
1781283240.554208994,2.514939018,-1.423863087,-11.787885498
1781283240.555915594,2.518469521,-1.406523057,-11.765731272
1781283240.557748556,2.510080462,-1.381559796,-11.739956771
1781283240.559303522,2.491403307,-1.294426966,-11.731547199
1781283240.565290213,2.514626999,-1.328067406,-11.702162092
1781283240.566262007,2.486519592,-1.172981208,-11.690100484
1781283240.567610025,2.510514612,-1.212734771,-11.668502729
1781283240.569177389,2.528504767,-1.207997043,-11.671547308
1781283240.570915461,2.512915140,-1.138496052,-11.670772155
1781283240.577660561,2.541857853,-1.182301134,-11.657088978
1781283240.579211235,2.536111206,-1.122574951,-11.637142525
1781283240.580852509,2.538727593,-1.133667446,-11.625389557
1781283240.582734823,2.530410327,-1.106516284,-11.624802707
1781283240.584193230,2.538368079,-1.107832407,-11.607317886
1781283240.590170383,2.531822778,-1.077280864,-11.603420014
1781283240.590940237,2.486102078,-0.948015603,-11.541734337
1781283240.592585564,2.482438338,-0.935815615,-11.519110968
1781283240.595476389,2.498511156,-0.974270616,-11.486675712
1781283240.596249342,2.477537519,-0.902325176,-11.462010488
1781283240.597559690,2.489823282,-0.951104130,-11.424922944
1781283240.600614071,2.470767162,-0.914550168,-11.400083924
1781283240.601321220,2.456957616,-0.902180044,-11.373668893
1781283240.602732658,2.439962535,-0.870060236,-11.328501065
1781283240.604069471,0.000000000,0.000000000,0.000000000
1781283240.605892181,2.459853026,-0.914104305,-11.272917423
1781283240.607683420,2.440331571,-0.886218241,-11.234280039
1781283240.609232903,2.439326803,-0.902642014,-11.163313017
1781283240.615097761,2.419697049,-0.874286418,-11.119476349
1781283240.615748644,0.000000000,0.000000000,0.000000000
1781283240.617595196,2.339255482,-0.772590993,-10.881412361
1781283240.620190144,2.351181959,-0.835560747,-10.790590279
1781283240.620954990,2.315616410,-0.759366878,-10.720623053
1781283240.627520800,2.333035677,-0.825568303,-10.617700831
1781283240.629760504,2.244115823,-0.753457332,-10.225058369
1781283240.630981684,2.195975784,-0.670384135,-10.108349366
1781283240.632720709,2.203347293,-0.739001079,-9.972836650
1781283240.634171009,2.215669161,-0.768360819,-9.838685472
1781283240.640138865,2.177791049,-0.722687536,-9.716331042
1781283240.640786648,0.000000000,0.000000000,0.000000000
1781283240.642558098,2.090999406,-0.516640068,-9.237106286
1781283240.645306349,2.114237934,-0.584304481,-9.113349805
1781283240.646098614,2.044004989,-0.407455487,-8.901594967
1781283240.652709723,2.075567953,-0.488898875,-8.784937495
1781283240.654183149,2.042414490,-0.400006341,-8.488225154
1781283240.657751560,2.070931140,-0.445222750,-8.371321903
1781283240.659230947,2.093232026,-0.421108547,-8.184700251
1781283240.663050652,2.080032482,-0.373828347,-8.103561418
1781283240.665136099,2.056610582,-0.268065387,-7.954842306
1781283240.665925741,2.033311834,-0.132967179,-7.892438543
1781283240.667531252,2.080908381,-0.129814360,-7.820119115
1781283240.670166969,2.125098933,-0.224276892,-7.740360546
1781283240.670940876,2.114282214,-0.064008152,-7.706110041
1781283240.677487612,2.150410684,-0.157982878,-7.645805056
1781283240.679740906,2.096770307,-0.003643580,-7.478408757
1781283240.680949450,2.076159165,0.155542663,-7.441364606
1781283240.682718992,2.091739378,0.058022826,-7.393513805
1781283240.684273243,2.122610465,0.068401110,-7.347335171
1781283240.690104485,2.098081079,0.107569538,-7.311730822
1781283240.690864086,2.073335344,0.322942818,-7.239422450
1781283240.692504644,2.103290310,0.330268481,-7.195527937
1781283240.695227623,2.123978728,0.233003403,-7.155950916
1781283240.695999622,2.112699643,0.368650398,-7.121491531
1781283240.702644587,2.127339862,0.270612177,-7.082473522
1781283240.704195261,2.071242302,0.357868554,-6.927448283
1781283240.705893278,2.089440317,0.342495253,-6.871620472
1781283240.707744360,2.064879372,0.359822774,-6.836721015
1781283240.709215164,2.093265369,0.317447696,-6.794915116
1781283240.715163469,2.069978833,0.333290621,-6.760959063
1781283240.715969086,2.027663850,0.481947925,-6.624549192
1781283240.717532158,2.061578548,0.394161056,-6.572967123
1781283240.720297098,2.086833066,0.236717585,-6.518596721
1781283240.721039772,2.070208443,0.311435729,-6.457323733
1781283240.724281311,2.096257050,0.143081528,-6.403217218
1781283240.727669477,2.052622491,0.196947292,-6.305944922
1781283240.729215860,2.070446559,0.102732204,-6.208913512
1781283240.730857372,2.099976729,-0.022785520,-6.149344779
1781283240.732693911,2.083718494,0.003117872,-6.112648938
1781283240.734231234,2.121729903,-0.120253420,-6.053023539
1781283240.740163803,2.106819157,-0.087080884,-6.012411147
1781283240.740950584,2.054713767,0.045879411,-5.892944247
1781283240.742615938,2.087575484,-0.105958463,-5.833219136
1781283240.745191574,2.109328444,-0.276092663,-5.773752923
1781283240.745956421,2.080938350,-0.192291335,-5.696042210
1781283240.752619267,2.106655380,-0.362516203,-5.644763192
1781283240.754865885,2.107332141,-0.453151717,-5.521971823
1781283240.755853891,2.110078985,-0.409614576,-5.488164560
1781283240.757736444,2.123718776,-0.563464572,-5.436499235
1781283240.759249210,2.157171813,-0.716110529,-5.380387356
1781283240.765171528,2.137124620,-0.679978876,-5.366068777
1781283240.765933990,2.102795205,-0.599509134,-5.299115418
1781283240.767519951,2.142673029,-0.735290374,-5.241746395
1781283240.770246983,2.154486771,-0.878252257,-5.179746033
1781283240.771018505,2.155613521,-0.830824251,-5.130781046
1781283240.777722836,2.179146855,-0.954643884,-5.081973198
1781283240.779203892,2.195882895,-1.050028786,-4.984151687
1781283240.780906916,2.232587529,-1.175382198,-4.913328301
1781283240.782725096,2.219428358,-1.158818362,-4.894123483
1781283240.784232378,2.252672366,-1.282344720,-4.828730076
1781283240.786805153,2.237401010,-1.266128307,-4.810713297
1781283240.787578106,2.228497512,-1.241462406,-4.809493185
1781283240.790166855,2.213653251,-1.228479747,-4.799381936
1781283240.790940523,2.226502683,-1.209215810,-4.778331878
1781283240.792536259,2.251772858,-1.355267973,-4.717339362
1781283240.795296431,2.252697599,-1.473479240,-4.662918442
1781283240.796043158,2.261034145,-1.452547025,-4.642459124
1781283240.802747965,2.255580824,-1.581135949,-4.589045679
1781283240.804268122,2.277441693,-1.676752626,-4.538272168
1781283240.805887699,2.298049728,-1.802298704,-4.470132957
1781283240.807665348,2.298959001,-1.778203613,-4.474378479
1781283240.809220791,2.314222167,-1.889456500,-4.402620511
1781283240.815082550,2.311279219,-1.867996898,-4.407784430
1781283240.815848351,2.328775898,-1.833643636,-4.389112415
1781283240.817650557,2.349144320,-1.931131601,-4.335229061
1781283240.820218086,2.345340147,-2.033156382,-4.282304119
1781283240.820982456,2.378492689,-2.013769783,-4.253733810
1781283240.827692032,2.364689264,-2.213763620,-4.160632109
1781283240.829259157,2.359409121,-2.237059399,-4.108926312
1781283240.830896378,2.364123992,-2.298121507,-4.059849373
1781283240.832733393,2.358967439,-2.288506615,-4.062082164
1781283240.834176540,2.364168872,-2.363716503,-4.005782695
1781283240.840174198,2.374473705,-2.354103743,-4.002138289
1781283240.840941906,2.404407724,-2.376908279,-3.997708424
1781283240.842550993,2.420675456,-2.454208509,-3.958015308
1781283240.845366955,2.412766239,-2.542542120,-3.925538688
1781283240.846109152,2.436086570,-2.548865087,-3.943925085
1781283240.848456860,2.432175255,-2.620289890,-3.922475012
1781283240.849241018,2.428126105,-2.627316835,-3.941037069
1781283240.852817297,2.434590307,-2.628882863,-3.966120890
1781283240.854304552,2.430362345,-2.718673616,-3.929986791
1781283240.855939865,2.447368884,-2.791364148,-3.899611291
1781283240.857732534,2.443202099,-2.797032169,-3.917033547
1781283240.859259605,2.450352869,-2.868026178,-3.887630793
1781283240.863447905,2.439904424,-2.869984365,-3.900478428
1781283240.864237547,2.426571489,-2.868387222,-3.929723370
1781283240.865994692,2.441588791,-2.868347677,-3.923430405
1781283240.867597580,2.442514929,-2.942718829,-3.874072666
1781283240.870303869,2.446576311,-2.996177160,-3.849418921
1781283240.870952129,0.000000000,0.000000000,0.000000000
1781283240.877679110,2.449566821,-3.058981935,-3.795592523
1781283240.879232168,2.467625571,-3.153318752,-3.750175021
1781283240.880883217,2.461863173,-3.227864748,-3.693360264
1781283240.882745266,2.468854618,-3.242376468,-3.706700798
1781283240.884206295,2.469269137,-3.309090990,-3.648848489
1781283240.890109301,2.475749947,-3.319775216,-3.661136184
1781283240.890764952,0.000000000,0.000000000,0.000000000
1781283240.892604351,2.462092037,-3.390284505,-3.588429569
1781283240.894636631,2.444781333,-3.443750571,-3.528974154
1781283240.895845652,2.447005251,-3.458670119,-3.506734650
1781283240.902717352,2.434542584,-3.513882228,-3.458376612
1781283240.904187918,2.430087689,-3.561798849,-3.377301444
1781283240.907703400,2.409808650,-3.623511531,-3.310000487
1781283240.909223557,2.391200512,-3.665211868,-3.247732850
1781283240.915169001,2.389073148,-3.653042134,-3.249075591
1781283240.915823936,0.000000000,0.000000000,0.000000000
1781283240.917564154,2.387488930,-3.716829679,-3.191155559
1781283240.920301676,2.371843018,-3.763316668,-3.157186810
1781283240.920945644,0.000000000,0.000000000,0.000000000
1781283240.926412582,2.362445186,-3.823340513,-3.108614504
1781283240.927613735,2.369130051,-3.841747544,-3.113593060
1781283240.929264307,2.371950135,-3.899939046,-3.067637094
1781283240.930914402,2.367121185,-3.958867407,-3.010813202
1781283240.932714462,2.388358138,-3.968830215,-3.024701462
1781283240.934246302,2.391788144,-4.030349353,-2.974728563
1781283240.940129280,2.406514630,-4.035525958,-2.994415585
1781283240.940882921,2.442215008,-4.066776424,-3.037783975
1781283240.942543745,2.450720043,-4.126152031,-3.006972413
1781283240.945359707,2.441240799,-4.166346643,-2.990706137
1781283240.946029186,0.000000000,0.000000000,0.000000000
1781283240.952794313,2.443501320,-4.214520969,-2.971434885
1781283240.954260826,2.461787101,-4.297673736,-2.955784594
1781283240.955870628,2.457460353,-4.359494146,-2.907463239
1781283240.957745314,2.467268604,-4.363564323,-2.914062175
1781283240.959193230,2.467231220,-4.424567226,-2.864310463
1781283240.965187550,2.478680756,-4.437063138,-2.871473632
1781283240.965952873,2.513169880,-4.496344479,-2.873823119
1781283240.967668295,2.517810719,-4.545618109,-2.830314838
1781283240.970236778,2.519912118,-4.595998916,-2.806443125
1781283240.971005678,2.528118695,-4.610666852,-2.805561451
1781283240.974108934,2.521526467,-4.662329180,-2.784193043
1781283240.974752665,2.540738649,-4.693935219,-2.820063151
1781283240.977627277,2.554155684,-4.705751375,-2.846103201
1781283240.979890823,2.536667065,-4.756288978,-2.798776746
1781283240.980878353,2.549198392,-4.770878292,-2.794299264
1781283240.982714891,2.530016193,-4.813240980,-2.769389931
1781283240.984254837,2.529371676,-4.861433281,-2.726162554
1781283240.989607573,2.529476382,-4.869022762,-2.732162887
1781283240.990938663,2.552071005,-4.919337367,-2.749638233
1781283240.992610455,2.541638286,-4.961625388,-2.702052488
1781283240.995287418,2.534357703,-5.005324915,-2.670433562
1781283240.996054173,2.544551027,-5.014833726,-2.657765662
1781283241.002623081,2.530983576,-5.065974256,-2.616406969
1781283241.004189968,2.543620014,-5.141163245,-2.572389804
1781283241.005864382,2.557232326,-5.195302411,-2.509292921
1781283241.007726192,2.567513259,-5.205468916,-2.515483933
1781283241.009199381,2.563528035,-5.261355133,-2.450229967
1781283241.015130281,2.573207607,-5.263807438,-2.456724607
1781283241.015901804,2.597755354,-5.294986424,-2.440553145
1781283241.017566681,2.594404735,-5.333221539,-2.380703322
1781283241.020218134,2.589957322,-5.361671464,-2.329942100
1781283241.021018982,2.592193686,-5.370668145,-2.317483525
1781283241.027594090,2.589374674,-5.392348427,-2.271611393
1781283241.029919386,2.632637861,-5.443592323,-2.207397817
1781283241.030914307,2.648115684,-5.450009178,-2.196833338
1781283241.032663584,2.646719969,-5.474189212,-2.159764428
1781283241.034194708,2.655479482,-5.498004813,-2.120197716
1781283241.036529779,2.654394125,-5.501553967,-2.111442426
1781283241.040127754,2.665681442,-5.506360225,-2.109124048
1781283241.040898085,2.668683802,-5.518917888,-2.085031997
1781283241.042540312,2.667943724,-5.526406501,-2.054516772
1781283241.045257092,2.666465269,-5.544378123,-2.044376560
1781283241.046010494,2.678265615,-5.572057388,-2.051376173
1781283241.052530050,2.680722061,-5.580002127,-2.069657301
1781283241.054897308,2.679470554,-5.619640177,-2.081804574
1781283241.055885077,2.689248044,-5.636747325,-2.085798483
1781283241.057730436,2.678464996,-5.656377822,-2.074667030
1781283241.059165716,2.682508763,-5.677895089,-2.062388134
1781283241.065207958,2.684136711,-5.694949482,-2.055225553
1781283241.065977335,2.717555543,-5.744520730,-2.055113162
1781283241.067576170,2.713048665,-5.770584698,-2.023600521
1781283241.070223808,2.723907100,-5.794209199,-2.007937992
1781283241.070980549,2.731928413,-5.814223605,-2.003621002
1781283241.077619314,2.734189572,-5.834356555,-1.994691928
1781283241.079204559,2.732123945,-5.870401681,-1.977558089
1781283241.080835581,2.733167802,-5.889719258,-1.950365054
1781283241.082732916,2.725718535,-5.895138548,-1.953188930
1781283241.084206104,2.729241975,-5.912095381,-1.928752389
1781283241.090151072,2.724578010,-5.918070861,-1.929358931
1781283241.090921879,2.735474793,-5.938097066,-1.931623775
1781283241.092619419,2.730596261,-5.964514784,-1.900089777
1781283241.095288277,2.737250976,-5.985399907,-1.875434437
1781283241.096035957,2.747355451,-6.008564017,-1.868391704
1781283241.099349499,2.749272156,-6.026770114,-1.850982817
1781283241.102597475,2.759572550,-6.041536960,-1.850845130
1781283241.104892731,2.770873613,-6.073371532,-1.821265721
1781283241.105865717,2.782103065,-6.084396234,-1.814386292
1781283241.107736111,2.786212179,-6.099032088,-1.790109753
1781283241.109263659,2.795723921,-6.115219745,-1.776796068
1781283241.115126133,2.797106967,-6.125774237,-1.770452121
1781283241.115888357,2.818866313,-6.162320363,-1.747888409
1781283241.117602825,2.824067353,-6.168564252,-1.729292567
1781283241.120273829,2.827566256,-6.183316158,-1.714420308
1781283241.121023893,2.835739339,-6.199988343,-1.686909772
1781283241.127508163,0.000000000,0.000000000,0.000000000
1781283241.129921913,2.862249550,-6.198580377,-1.657950746
1781283241.131042957,2.866157499,-6.196587898,-1.656357079
1781283241.132742405,2.863715880,-6.177919558,-1.662234487
1781283241.134175301,2.869902872,-6.162622209,-1.674865261
1781283241.140125036,2.860517787,-6.152230555,-1.663442528
1781283241.140775681,0.000000000,0.000000000,0.000000000
1781283241.142623186,2.850418403,-6.122106641,-1.673031399
1781283241.145339489,2.856971708,-6.119346687,-1.694900242
1781283241.146161079,2.857876661,-6.121357974,-1.699267873
1781283241.152587652,2.857614576,-6.115657973,-1.731723474
1781283241.154867172,2.863131389,-6.101349996,-1.761358876
1781283241.155865431,2.860185427,-6.100862147,-1.763614456
1781283241.157737970,2.860552076,-6.091197141,-1.783150588
1781283241.159173489,2.874356282,-6.078533359,-1.806787127
1781283241.160943747,2.876983103,-6.077668659,-1.805916462
1781283241.165055752,2.878709546,-6.084876719,-1.810112638
1781283241.166040659,2.881991206,-6.090745234,-1.809643681
1781283241.167505503,2.892620229,-6.089205188,-1.827635442
1781283241.170191526,2.899092606,-6.085657886,-1.842776455
1781283241.170942307,2.905854346,-6.096193441,-1.838363726
1781283241.176489830,2.902272681,-6.087032520,-1.853007056
1781283241.177594423,2.910844781,-6.098029036,-1.844952703
1781283241.179912567,2.905701660,-6.091235257,-1.863771769
1781283241.180887461,2.899663201,-6.093890425,-1.860485286
1781283241.182677269,2.908021212,-6.087441821,-1.878969548
1781283241.184236288,2.913857475,-6.090466992,-1.889313217
1781283241.190241098,2.914378372,-6.096090949,-1.894120820
1781283241.190994978,2.920894741,-6.102559531,-1.896244953
1781283241.192644119,2.918004978,-6.102148693,-1.903912486
1781283241.195256710,2.933105703,-6.100356076,-1.916532507
1781283241.196027279,2.926983394,-6.104258367,-1.915607550
1781283241.202613592,2.937864100,-6.091488197,-1.930508344
1781283241.204179287,2.930954979,-6.087084725,-1.928154607
1781283241.206637144,2.940700622,-6.077175606,-1.944860476
1781283241.207663059,2.922852867,-6.074241397,-1.928891377
1781283241.209191084,2.931458810,-6.056766367,-1.954712332
1781283241.215167999,2.916454289,-6.051795781,-1.940057399
1781283241.215921879,2.889308390,-6.036242169,-1.910070927
1781283241.217628956,2.879683470,-6.019619834,-1.928953763
1781283241.220269918,2.887871986,-5.993797805,-1.955949531
1781283241.221023798,2.869260179,-5.988092222,-1.940643028
1781283241.227614164,2.876370731,-5.966364565,-1.970910501
1781283241.229912758,2.834234999,-5.910329671,-1.957274886
1781283241.230889797,2.822063925,-5.911588197,-1.954542541
1781283241.232671738,2.815639386,-5.880350169,-1.987487429
1781283241.234190464,2.827147195,-5.848350915,-2.035098437
1781283241.237588882,2.809396752,-5.839728346,-2.013691284
1781283241.240112305,2.774155113,-5.817873324,-1.989012687
1781283241.240907431,2.754832163,-5.802662419,-1.982823705
1781283241.242529869,2.748968348,-5.769184997,-2.030963899
1781283241.245274782,2.754508453,-5.724016461,-2.080010158
1781283241.246062279,2.732776894,-5.711581305,-2.066957377
1781283241.252690554,2.737606640,-5.663627570,-2.117044443
1781283241.254270792,2.695252926,-5.594329408,-2.136461065
1781283241.255890369,2.709033895,-5.566552999,-2.204415265
1781283241.257725954,2.704492498,-5.572921440,-2.191669481
1781283241.259195566,2.724620043,-5.543661708,-2.259507345
1781283241.265129805,2.722039787,-5.543433835,-2.249836146
1781283241.265886784,2.703956699,-5.549448273,-2.243964349
1781283241.267551184,2.717583669,-5.511436209,-2.300498750
1781283241.270322084,2.741932600,-5.479894853,-2.368016335
1781283241.271088123,2.723991411,-5.482822521,-2.363362788
1781283241.277704716,2.747267218,-5.437728811,-2.426274844
1781283241.279182911,2.769721531,-5.408030832,-2.450957375
1781283241.280922890,2.773899984,-5.368220631,-2.499153651
1781283241.282774448,2.772520936,-5.368669881,-2.496497032
1781283241.284255981,2.778259669,-5.335570222,-2.546164593
1781283241.290063381,2.775305372,-5.342409593,-2.539486010
1781283241.291052103,2.756998923,-5.360718840,-2.514436562
1781283241.292721272,2.771636394,-5.335729228,-2.570472989
1781283241.295280695,2.789331863,-5.289171676,-2.623433128
1781283241.296028852,2.759400937,-5.300423383,-2.614011544
1781283241.299053431,2.769829694,-5.263172642,-2.665667578
1781283241.299689054,2.756675428,-5.255509974,-2.655554517
1781283241.302623510,2.741095591,-5.257169749,-2.643708227
1781283241.304860592,2.729055188,-5.216449068,-2.697891457
1781283241.305831194,2.701671401,-5.215939116,-2.685726271
1781283241.307765007,2.705518012,-5.165785917,-2.733859958
1781283241.309175730,2.692983212,-5.127985410,-2.786372384
1781283241.315092802,2.687763533,-5.130409782,-2.776484486
1781283241.316044092,2.663499938,-5.187050327,-2.745958974
1781283241.317594290,2.686066960,-5.164060357,-2.820174505
1781283241.320289612,2.709206591,-5.152681487,-2.871928696
1781283241.321055174,2.697913178,-5.190102126,-2.874644972
1781283241.327702045,2.727348883,-5.162390222,-2.938694516
1781283241.329175234,2.741336046,-5.191697275,-3.010379058
1781283241.330919504,2.757391300,-5.174938052,-3.089480542
1781283241.332736492,2.761763214,-5.206154933,-3.087576489
1781283241.334174156,2.770802702,-5.180038208,-3.167643887
1781283241.340214252,2.767863310,-5.208751474,-3.161586022
1781283241.340967178,2.770133133,-5.272236044,-3.176792578
1781283241.342634916,2.798771695,-5.244267873,-3.238765628
1781283241.345284462,2.830912391,-5.213081334,-3.301720129
1781283241.346034765,2.834748807,-5.242993870,-3.299494727
1781283241.352670908,2.859613371,-5.211715826,-3.352382126
1781283241.354254961,2.873269021,-5.214571331,-3.397697567
1781283241.355857372,2.885647585,-5.160576864,-3.474988598
1781283241.357713938,2.877667329,-5.169771023,-3.449284604
1781283241.359186888,2.882361351,-5.115532205,-3.518655625
1781283241.362437010,2.872464031,-5.118343933,-3.491438307
1781283241.362975836,0.000000000,0.000000000,0.000000000
1781283241.365252256,2.852949252,-5.129124903,-3.445199249
1781283241.366058588,2.844913379,-5.112382418,-3.448965112
1781283241.367645979,2.842310544,-5.049802395,-3.509511274
1781283241.370278835,2.851733405,-4.988083239,-3.564989293
1781283241.371049166,2.804858037,-4.973208155,-3.536241183
1781283241.377569199,2.817127010,-4.897409025,-3.582268886
1781283241.379882097,2.776156435,-4.784463511,-3.598730262
1781283241.380880356,2.742160764,-4.752307730,-3.584183769
1781283241.382674694,2.740768755,-4.643098861,-3.653748537
1781283241.384193897,2.725743703,-4.498759309,-3.767024155
1781283241.390103102,2.700950282,-4.502210683,-3.722412606
1781283241.390744686,0.000000000,0.000000000,0.000000000
1781283241.392545223,2.558727290,-4.320983922,-3.760249010
1781283241.395390272,2.545568097,-4.181833076,-3.875949216
1781283241.396343946,2.480839739,-4.179605785,-3.865891359
1781283241.397678614,2.480219738,-4.071945561,-3.998061557
1781283241.402649164,2.467900321,-4.097453907,-3.985993772
1781283241.404219866,2.485083369,-4.000580010,-4.201171411
1781283241.405855894,2.503986001,-3.851511230,-4.415005024
1781283241.407763958,2.511978863,-3.914685708,-4.454488197
1781283241.409242868,2.519426271,-3.740681490,-4.669238387
1781283241.415064812,2.519876645,-3.787975434,-4.689603151
1781283241.416061163,2.463998470,-3.888914733,-4.727679067
1781283241.417517900,2.456441639,-3.683043057,-4.909141351
1781283241.420341492,2.451418959,-3.496698041,-5.067891026
1781283241.420992374,0.000000000,0.000000000,0.000000000
1781283241.424679518,2.433828714,-3.329342657,-5.222820319
1781283241.427945852,2.429744976,-3.396522210,-5.212459355
1781283241.429366589,2.442795877,-3.449822900,-5.224399822
1781283241.430827379,2.441190448,-3.256968363,-5.358272354
1781283241.432783127,2.441922895,-3.093299034,-5.492683045
1781283241.434205055,2.417799833,-2.926682496,-5.602853931
1781283241.439563990,2.418252679,-2.957512728,-5.616489206
1781283241.440876007,2.387215179,-3.074631427,-5.634916955
1781283241.442646980,2.356105729,-2.923800715,-5.755410711
1781283241.445383549,2.323447358,-2.786757730,-5.845068822
1781283241.446141481,2.288851713,-2.867240123,-5.849199955
1781283241.452850580,2.256985910,-2.712057231,-5.935794020
1781283241.454329729,2.203833206,-2.639172735,-5.992678219
1781283241.455975056,2.180280828,-2.518514155,-6.058348750
1781283241.457774401,2.170187583,-2.537087122,-6.046053069
1781283241.459203482,2.160565005,-2.430029959,-6.101444027
1781283241.465178013,2.149805647,-2.454202473,-6.088074438
1781283241.465943098,2.151864663,-2.541369086,-6.046582004
1781283241.467557430,2.141122538,-2.447415583,-6.080971674
1781283241.470293999,2.116087676,-2.333372467,-6.140072915
1781283241.471059084,2.129160817,-2.398312261,-6.111777304
1781283241.477614641,2.106792421,-2.284699416,-6.156509382
1781283241.479911089,2.115536811,-2.302003643,-6.171072184
1781283241.480894804,2.133193305,-2.361104106,-6.149140068
1781283241.482741117,2.113164436,-2.257008934,-6.200555110
1781283241.484281063,2.106306920,-2.188335224,-6.235103539
1781283241.486305714,2.119575368,-2.216187956,-6.232615955
1781283241.490270376,2.127761295,-2.234529228,-6.229911038
1781283241.491015911,2.176294000,-2.344084414,-6.212931504
1781283241.492524862,0.000000000,0.000000000,0.000000000
1781283241.495327950,2.128987962,-2.145442716,-6.314093346
1781283241.496147394,2.153394357,-2.218572331,-6.309071545
1781283241.497526646,2.129029164,-2.115075668,-6.370149175
1781283241.502376795,2.138972484,-2.150395954,-6.380957101
1781283241.503066301,2.178095976,-2.221162012,-6.434088869
1781283241.504218102,0.000000000,0.000000000,0.000000000
1781283241.505875111,2.118379353,-2.092919303,-6.529631027
1781283241.507772684,2.127305638,-2.108808840,-6.540044918
1781283241.509227514,2.105753369,-2.066286793,-6.590080804
1781283241.515187740,2.119248360,-2.082539847,-6.606918544
1781283241.515957594,2.152264703,-2.202692417,-6.634135993
1781283241.517537355,2.120673221,-2.142830101,-6.686050978
1781283241.520313978,2.092867709,-2.057417512,-6.750338333
1781283241.521087885,2.107054056,-2.126383332,-6.756750869
1781283241.527664661,2.071065558,-2.041116178,-6.812249558
1781283241.529227972,2.079184872,-2.082401601,-6.898591216
1781283241.530841351,2.055984884,-2.048773517,-6.945645095
1781283241.532754183,2.055740903,-2.070021799,-6.957816329
1781283241.534205914,2.039487157,-2.030808865,-7.003505482
1781283241.540127993,2.045694029,-2.052313177,-7.013893441
1781283241.540892363,2.080375464,-2.149018166,-7.058812901
1781283241.542516470,2.065650477,-2.112478175,-7.092291910
1781283241.545309305,2.042709636,-2.033971396,-7.152182115
1781283241.546075106,2.083749184,-2.110239113,-7.180670517
1781283241.548290253,2.059217865,-2.033117277,-7.225314132
1781283241.552670002,2.065287368,-2.057091563,-7.244168974
1781283241.554212809,2.067765481,-2.053992779,-7.302256255
1781283241.557692528,2.063615374,-2.035061938,-7.325737378
1781283241.559230328,2.066575550,-2.039237968,-7.373542774
1781283241.563691616,2.064760758,-2.069948795,-7.392516727
1781283241.564236164,0.000000000,0.000000000,0.000000000
1781283241.566044092,2.078292986,-2.084926157,-7.462576873
1781283241.567579508,2.105687079,-2.152920149,-7.464688381
1781283241.570307493,2.091232807,-2.091409300,-7.522424376
1781283241.571073294,2.124925460,-2.168658704,-7.560062801
1781283241.577594280,2.108752314,-2.122610633,-7.611645360
1781283241.579894543,2.137447643,-2.160848207,-7.710552320
1781283241.580902576,2.159143238,-2.233553584,-7.721694285
1781283241.582747459,2.145415053,-2.171939688,-7.776364524
1781283241.584182024,2.148921256,-2.174994399,-7.804705344
1781283241.590129375,2.156967509,-2.192818516,-7.831584125
1781283241.590892792,2.210738742,-2.295430932,-7.868583412
1781283241.592508078,2.206679418,-2.283880151,-7.893439854
1781283241.595355988,2.192854997,-2.230626972,-7.935142813
1781283241.596106768,2.237139062,-2.316094295,-7.929997214
1781283241.602720261,2.221634403,-2.260630517,-7.976471643
1781283241.604265213,2.234451946,-2.293607186,-8.002260465
1781283241.605883121,2.240554235,-2.286865878,-8.031455923
1781283241.607764482,2.245467542,-2.300177097,-8.034783219
1781283241.609190464,2.250850719,-2.297364026,-8.058566751
1781283241.615166187,2.258164471,-2.315152781,-8.070645122
1781283241.615941763,2.308980670,-2.421287803,-8.097465663
1781283241.617522001,2.306285244,-2.419846175,-8.120659006
1781283241.620260715,2.294006378,-2.364714703,-8.175496556
1781283241.620904446,0.000000000,0.000000000,0.000000000
1781283241.625416040,2.313785636,-2.365491871,-8.231302300
1781283241.625963211,0.000000000,0.000000000,0.000000000
1781283241.627644539,2.349329646,-2.406782843,-8.319633880
1781283241.629176140,2.357250425,-2.408621477,-8.353808921
1781283241.632749319,2.358068593,-2.401206309,-8.383150029
1781283241.634213686,2.372875007,-2.432649683,-8.435692824
1781283241.640119076,2.383190859,-2.460122329,-8.454482378
1781283241.640900135,2.432358642,-2.578470695,-8.468120762
1781283241.642540693,2.422926031,-2.585771486,-8.484751517
1781283241.645287514,2.408037319,-2.517076793,-8.539885653
1781283241.646033049,2.449417948,-2.613757515,-8.547661453
1781283241.652736425,2.430043119,-2.559630046,-8.593245210
1781283241.654251814,2.459696065,-2.581113933,-8.655185881
1781283241.655921698,2.479770643,-2.587671345,-8.689865150
1781283241.657769680,2.490365479,-2.596942590,-8.716827790
1781283241.659203529,2.509147890,-2.611080935,-8.744635577
1781283241.665086985,2.521472896,-2.622490672,-8.775165235
1781283241.665851116,2.597496656,-2.729752911,-8.808895130
1781283241.667501926,2.609167787,-2.725512135,-8.856537074
1781283241.670079231,2.592008910,-2.691527456,-8.893977213
1781283241.671011448,2.635021138,-2.744170503,-8.894867497
1781283241.677686691,2.621350841,-2.710743265,-8.938210558
1781283241.679197788,2.681814354,-2.780853440,-9.023014748
1781283241.680840492,2.697506016,-2.794210259,-9.041484992
1781283241.682743311,2.710306167,-2.821243989,-9.061116605
1781283241.684168816,2.719578246,-2.825903562,-9.088255466
1781283241.690143108,2.732526581,-2.851677636,-9.101807432
1781283241.690790415,0.000000000,0.000000000,0.000000000
1781283241.692755222,2.809035490,-2.962979365,-9.146940695
1781283241.695369720,2.784118134,-2.921261858,-9.187480448
1781283241.696135998,2.828899619,-2.992585659,-9.174265677
1781283241.700598478,2.804184738,-2.950195835,-9.215723775
1781283241.701260090,2.814528746,-2.969546007,-9.232469749
1781283241.702739477,2.828320638,-2.980988709,-9.239800303
1781283241.704038143,0.000000000,0.000000000,0.000000000
1781283241.705946207,2.841051283,-2.957277860,-9.257964623
1781283241.707741499,2.850269484,-2.974533086,-9.266998599
1781283241.709176540,2.851899481,-2.982557107,-9.290309631
1781283241.715223312,2.856447465,-3.005132018,-9.306051251
1781283241.716009378,2.909661031,-3.122799557,-9.350694685
1781283241.717646599,2.914322444,-3.128630210,-9.371711907
1781283241.720275164,2.895728544,-3.090095577,-9.416689611
1781283241.721026659,2.931984500,-3.147923548,-9.408555126
1781283241.727713108,2.914951394,-3.107469195,-9.453731358
1781283241.729250908,2.940675359,-3.128831087,-9.535346964
1781283241.730856419,2.963462682,-3.144488861,-9.564881399
1781283241.732755423,2.976992933,-3.153029351,-9.600406665
1781283241.734189510,2.989389438,-3.161329189,-9.629874771
1781283241.740129948,2.998956956,-3.169496682,-9.665305269
1781283241.740891218,3.063324909,-3.270003463,-9.727210091
1781283241.742503405,3.074031401,-3.267625706,-9.757455947
1781283241.745305300,3.057420124,-3.228036463,-9.801330155
1781283241.746059895,3.098441044,-3.285828664,-9.808795364
1781283241.752647877,3.072824667,-3.242595227,-9.855116688
1781283241.754240036,3.121052350,-3.269239784,-9.942499004
1781283241.755874157,3.127980278,-3.271962888,-9.969700821
1781283241.757720709,3.131450395,-3.271258567,-9.987513493
1781283241.759253263,3.137885410,-3.273784566,-10.000770837
1781283241.762515783,3.144489059,-3.277311697,-10.014422221
1781283241.765071869,3.152764809,-3.291771279,-10.036357497
1781283241.765841007,3.190534062,-3.336721853,-10.017584162
1781283241.767518282,3.182027331,-3.321326351,-10.038208282
1781283241.770320177,3.165738254,-3.294246223,-10.055769359
1781283241.771082878,3.194670251,-3.324262196,-10.043766928
1781283241.777624846,3.171467104,-3.299312153,-10.068339353
1781283241.779191494,3.201072629,-3.289754990,-10.133269926
1781283241.780923367,3.207446739,-3.265998442,-10.161815093
1781283241.782707214,3.218687418,-3.269060689,-10.186133670
1781283241.784276724,3.236321833,-3.254962107,-10.214598069
1781283241.790171146,3.244757853,-3.255754858,-10.236768731
1781283241.790933371,3.298200520,-3.249638848,-10.298020428
1781283241.792575359,3.311308970,-3.243036167,-10.324164551
1781283241.795269966,3.309739341,-3.212408343,-10.346549859
1781283241.796016932,3.342001570,-3.220852905,-10.350888140
1781283241.802640438,3.335628332,-3.196821768,-10.373643172
1781283241.804909706,3.363532288,-3.183074549,-10.407741717
1781283241.805883408,3.381282984,-3.186738533,-10.400599454
1781283241.807600498,3.365196797,-3.159393923,-10.412247079
1781283241.810314655,3.365917345,-3.147811396,-10.415197350
1781283241.811074018,3.372691887,-3.133852267,-10.417977483
1781283241.815011740,3.380977221,-3.125706169,-10.423896779
1781283241.815885782,3.395170253,-3.119372459,-10.422141986
1781283241.817646980,3.401580117,-3.116606666,-10.429830671
1781283241.820294142,3.394782789,-3.101475268,-10.451191845
1781283241.821046352,3.421909985,-3.092333414,-10.470367187
1781283241.825441122,3.405998799,-3.075234223,-10.501037465
1781283241.825975895,0.000000000,0.000000000,0.000000000
1781283241.827610493,3.425090337,-3.082760946,-10.518209957
1781283241.829254389,3.432571026,-3.076706436,-10.526275420
1781283241.830904245,3.437068316,-3.063814528,-10.544895034
1781283241.832747936,3.440537783,-3.062207082,-10.540740454
1781283241.834177494,3.441219834,-3.059018049,-10.548690548
1781283241.840131044,3.443587250,-3.053141002,-10.554410494
1781283241.840902805,3.455896099,-3.037663099,-10.557605508
1781283241.842542410,3.439877650,-3.021773362,-10.562004634
1781283241.845372438,3.436608690,-3.026372634,-10.566943351
1781283241.846145630,3.436380200,-2.998955487,-10.576594279
1781283241.852770805,3.421281171,-2.991263148,-10.578561151
1781283241.854204893,3.414782230,-2.981763695,-10.580889325
1781283241.855900526,3.406320194,-2.966543912,-10.582268363
1781283241.857769966,3.408102281,-2.974003160,-10.572767080
1781283241.859265089,3.402729721,-2.957822085,-10.575828019
1781283241.865177393,3.402186700,-2.965046975,-10.568098813
1781283241.865940571,3.385778529,-2.939871537,-10.544275624
1781283241.867558002,3.380272491,-2.929958489,-10.535001707
1781283241.870234966,3.370181205,-2.923311878,-10.530262933
1781283241.870891571,0.000000000,0.000000000,0.000000000
1781283241.877718210,3.360372370,-2.918713032,-10.518146992
1781283241.879214287,3.337921014,-2.912159827,-10.514468689
1781283241.882734060,3.339611839,-2.907746394,-10.506394622
1781283241.884168625,3.340979545,-2.909608029,-10.499179440
1781283241.887306690,3.343439537,-2.912264627,-10.500413490
1781283241.887992144,3.337046198,-2.908638067,-10.481372529
1781283241.890242100,3.333226921,-2.903137667,-10.484215661
1781283241.891004324,3.338896818,-2.901647253,-10.480287591
1781283241.892685413,3.340663815,-2.893366941,-10.474330685
1781283241.895300150,3.346203036,-2.897556108,-10.484728505
1781283241.896068096,3.337216516,-2.871963746,-10.491822163
1781283241.902635336,3.345743047,-2.877760351,-10.494142573
1781283241.904940128,3.342717580,-2.830765495,-10.508721475
1781283241.905942440,3.340972949,-2.820395422,-10.515511225
1781283241.907758951,3.342390764,-2.817327201,-10.513604817
1781283241.909190416,3.344343969,-2.816698425,-10.504205150
1781283241.915248871,3.350966340,-2.797880556,-10.512965242
1781283241.916015148,3.343096877,-2.730727765,-10.501516536
1781283241.917731047,3.331838412,-2.721346467,-10.488989647
1781283241.920334578,3.341237877,-2.730832575,-10.470267510
1781283241.921110153,3.327644673,-2.695070539,-10.462186688
1781283241.927628279,3.329295538,-2.702003384,-10.449579712
1781283241.929867029,3.306362895,-2.653062273,-10.425783374
1781283241.930861473,3.293519753,-2.623144678,-10.428074730
1781283241.932732582,3.288690421,-2.622604688,-10.422777700
1781283241.934265614,3.288933565,-2.621300023,-10.413953742
1781283241.940235138,3.278157351,-2.606120809,-10.404648071
1781283241.940978765,3.264846893,-2.552431771,-10.399561535
1781283241.942662716,3.253822353,-2.546342325,-10.397554086
1781283241.945330143,3.267272754,-2.562629123,-10.385602229
1781283241.946084499,3.248949813,-2.516539517,-10.394567834
1781283241.950604916,3.259642777,-2.527178510,-10.389813024
1781283241.951284409,3.246745016,-2.494905656,-10.381780793
1781283241.952633858,3.240592353,-2.472927706,-10.378971931
1781283241.954078197,0.000000000,0.000000000,0.000000000
1781283241.955910444,3.236050170,-2.477080727,-10.356572998
1781283241.957699537,3.231887321,-2.453648989,-10.349600970
1781283241.959250927,3.228866482,-2.438328029,-10.334615220
1781283241.965240717,3.219154795,-2.404228651,-10.320108129
1781283241.966013193,3.166250651,-2.290721876,-10.253043900
1781283241.967684984,3.158445208,-2.271866110,-10.227762903
1781283241.970289469,3.160318562,-2.280586179,-10.192968886
1781283241.971048594,3.133556215,-2.224703985,-10.170112538
1781283241.977624893,3.137787297,-2.238217187,-10.139015441
1781283241.979220152,3.106565958,-2.180725416,-10.068425728
1781283241.982770205,3.099481059,-2.163996906,-10.038872301
1781283241.984186172,3.080800467,-2.140102801,-9.985333502
1781283241.990134001,3.060897460,-2.125110364,-9.959949834
1781283241.990887642,3.006511212,-2.040890188,-9.892340651
1781283241.992570162,2.991500933,-2.043992646,-9.851624428
1781283241.995274067,2.996918321,-2.071474410,-9.816334045
1781283241.996033907,2.970908951,-2.020415345,-9.792285760
1781283242.002660275,2.977270311,-2.045197670,-9.754287084
1781283242.004204035,2.918962123,-1.965536724,-9.633596233
1781283242.005909443,2.899078960,-1.954637951,-9.585331441
1781283242.007755518,2.876544995,-1.933815751,-9.541942025
1781283242.009216547,2.856716696,-1.919398052,-9.491153091
1781283242.013083696,2.829803370,-1.899805241,-9.445004139
1781283242.015156507,2.766032393,-1.837427640,-9.345066014
1781283242.016025066,2.721987401,-1.776384794,-9.299660345
1781283242.017652750,2.704598652,-1.775101304,-9.232114122
1781283242.020196676,2.706055577,-1.804424741,-9.161125338
1781283242.020951033,2.655616974,-1.743358698,-9.108734594
1781283242.027668476,2.663856928,-1.776970497,-9.032057678
1781283242.029237986,2.533584538,-1.655360764,-8.761371080
1781283242.030857086,2.524675864,-1.644557613,-8.684554826
1781283242.032748222,2.488075526,-1.596252734,-8.624124498
1781283242.034181833,2.472726771,-1.591682237,-8.535088387
1781283242.040163517,2.439441501,-1.535145747,-8.468066473
1781283242.040917158,2.314081955,-1.313181921,-8.281030005
1781283242.042565584,2.324511410,-1.323334877,-8.193185242
1781283242.045324564,2.345674185,-1.359691867,-8.085765099
1781283242.046098948,2.308937435,-1.270923040,-8.031965765
1781283242.052644491,2.330580093,-1.314608091,-7.928321997
1781283242.054218292,2.252854444,-1.165281429,-7.604737541
1781283242.057709932,2.263900196,-1.184154500,-7.512432227
1781283242.059229612,2.226634677,-1.133175044,-7.341567191
1781283242.065174341,2.180463605,-1.073598528,-7.253093613
1781283242.065948009,2.051436624,-0.832058425,-7.019160467
1781283242.067564249,2.038875400,-0.805233252,-6.920721229
1781283242.070303202,2.061914308,-0.862076086,-6.809403750
1781283242.071071625,1.992927046,-0.710339684,-6.755147999
1781283242.075775146,2.019680053,-0.768291087,-6.657309268
1781283242.076488733,1.931567719,-0.586305502,-6.479820888
1781283242.077731371,1.903340638,-0.538143059,-6.411249076
1781283242.079090118,0.000000000,0.000000000,0.000000000
1781283242.080856323,1.920276381,-0.494416285,-6.346204750
1781283242.082778454,1.896129613,-0.441936453,-6.281934052
1781283242.084274292,1.886924790,-0.376123838,-6.214865946
1781283242.090177298,1.866252393,-0.335595948,-6.157241933
1781283242.090936899,1.751228819,-0.052694428,-5.973074664
1781283242.092602015,1.738165462,0.001130119,-5.902203250
1781283242.095338106,1.742574859,-0.056119964,-5.815343445
1781283242.096143484,1.630518551,0.154737704,-5.683645425
1781283242.102626801,1.629046112,0.078682212,-5.592081505
1781283242.104859591,1.512686062,0.219246734,-5.365297164
1781283242.105851412,1.442507390,0.382452633,-5.297595572
1781283242.107640028,1.442060556,0.311244114,-5.229946007
1781283242.109205484,1.413291362,0.377701711,-5.154589960
1781283242.115178823,1.374701504,0.404030662,-5.083187256
1781283242.115947008,1.266570643,0.624861785,-4.886178548
1781283242.117535353,1.260774328,0.663400949,-4.827662556
1781283242.120242357,1.283803213,0.574770860,-4.777006642
1781283242.120994806,1.239416897,0.738646272,-4.669481729
1781283242.122636080,1.286256447,0.615837663,-4.639112732
1781283242.127702713,1.276101757,0.651152959,-4.614162807
1781283242.129213095,1.305428283,0.626731409,-4.564524630
1781283242.130861044,1.364859199,0.538594302,-4.539254122
1781283242.132743835,1.365573659,0.571330435,-4.531885005
1781283242.134181261,1.436800947,0.457460898,-4.527870235
1781283242.138690472,1.431086940,0.503603118,-4.521981117
1781283242.139234781,0.000000000,0.000000000,0.000000000
1781283242.140979290,1.403424611,0.660244133,-4.469276982
1781283242.142668486,1.458855919,0.549856364,-4.457944558
1781283242.145292997,1.518684114,0.355321936,-4.428218538
1781283242.146069050,1.474522282,0.476199954,-4.377436789
1781283242.152672768,1.523304110,0.305613508,-4.345903018
1781283242.154216051,1.504912734,0.226270931,-4.246798554
1781283242.155844927,1.516503001,0.124017490,-4.206126605
1781283242.157762766,1.489104934,0.129422305,-4.171371435
1781283242.159250498,1.498515339,0.034599291,-4.124777552
1781283242.165142059,1.470166176,0.047291295,-4.088925867
1781283242.165796280,0.000000000,0.000000000,0.000000000
1781283242.167616367,1.429794253,0.005827256,-3.999621016
1781283242.170308590,1.427942831,-0.113575954,-3.932227078
1781283242.171081305,1.392137653,-0.063316732,-3.884105510
1781283242.177627563,1.408142191,-0.168295702,-3.848902227
1781283242.179211617,1.393537074,-0.226173840,-3.783589021
1781283242.180844784,1.397004754,-0.308656873,-3.758069484
1781283242.182794809,1.384050225,-0.293531536,-3.737648961
1781283242.184238672,1.389076883,-0.373474716,-3.713848597
1781283242.190093994,1.379282500,-0.355068424,-3.695618061
1781283242.190853119,1.338714865,-0.306318253,-3.636169140
1781283242.192569733,1.335618668,-0.386072861,-3.593427413
1781283242.195258141,1.340355516,-0.466760587,-3.547391947
1781283242.196026325,1.328140463,-0.444768231,-3.527948515
1781283242.201075077,1.336509015,-0.528143118,-3.486673829
1781283242.202685356,1.314216147,-0.472940083,-3.437781148
1781283242.204241753,1.321725547,-0.550553055,-3.396249262
1781283242.205851793,1.338314946,-0.607903738,-3.370185162
1781283242.207769632,1.340115172,-0.591464722,-3.363405817
1781283242.209189177,1.359430772,-0.652771116,-3.332198966
1781283242.215119123,1.359567910,-0.637630235,-3.332072851
1781283242.215869665,1.378223753,-0.583132476,-3.335583178
1781283242.217608929,1.399100387,-0.652592126,-3.313468931
1781283242.220271587,1.409900304,-0.722533231,-3.293476246
1781283242.221044064,1.424179712,-0.704828076,-3.290979419
1781283242.227621078,1.426295493,-0.769407150,-3.266814733
1781283242.229789257,1.424524500,-0.790297562,-3.243355129
1781283242.231024265,1.438007827,-0.776743443,-3.250435236
1781283242.232741594,1.431328200,-0.825092859,-3.230909467
1781283242.234319210,1.443001849,-0.874372488,-3.205984672
1781283242.240185499,1.435689724,-0.862321287,-3.205421607
1781283242.240853548,0.000000000,0.000000000,0.000000000
1781283242.242632389,1.452354193,-0.885769165,-3.181219775
1781283242.245230913,1.449436091,-0.941420994,-3.157203087
1781283242.246001482,1.463988718,-0.930586356,-3.157411921
1781283242.252697468,1.462164223,-0.984985461,-3.133043527
1781283242.254257202,1.471496176,-1.022066456,-3.116419448
1781283242.255902052,1.479899540,-1.062514609,-3.099699414
1781283242.257763386,1.477373859,-1.061776597,-3.097402268
1781283242.259189606,1.491415660,-1.100319289,-3.081293733
1781283242.263057947,1.484509970,-1.101562645,-3.083313747
1781283242.265153646,1.484565167,-1.086084274,-3.089252745
1781283242.265902281,1.492055732,-1.079192796,-3.096715897
1781283242.267523050,1.497749230,-1.119593352,-3.083078151
1781283242.270247698,1.505705894,-1.149628615,-3.076741454
1781283242.271013975,1.502791550,-1.144925649,-3.073023375
1781283242.277708054,1.515193270,-1.176405913,-3.067669816
1781283242.279312611,1.526732431,-1.197040528,-3.059298499
1781283242.280855179,1.534783953,-1.235687526,-3.036758677
1781283242.282739162,1.531285285,-1.233503644,-3.039211786
1781283242.284254313,1.537843503,-1.269369719,-3.012049375
1781283242.290185213,1.541848503,-1.259898830,-3.010438667
1781283242.290927887,1.541023215,-1.261692631,-3.002678263
1781283242.292654753,1.552410783,-1.301624031,-2.974870575
1781283242.295295000,1.558102137,-1.330503837,-2.958829234
1781283242.296051741,1.568535130,-1.339049031,-2.947069743
1781283242.302723885,1.573985625,-1.359952733,-2.930361063
1781283242.304241180,1.601387360,-1.387798443,-2.903793980
1781283242.305881739,1.611268894,-1.432273620,-2.864695700
1781283242.307742596,1.620188367,-1.419742550,-2.867749268
1781283242.309197426,1.632895880,-1.469926491,-2.837400271
1781283242.315199375,1.636042186,-1.456107887,-2.834620830
1781283242.315995693,1.639732407,-1.468627326,-2.804167236
1781283242.317553282,1.652073636,-1.503990838,-2.777746858
1781283242.320282459,1.643645867,-1.549125471,-2.753557841
1781283242.321052790,1.661141823,-1.554313492,-2.740276746
1781283242.325810909,1.649675014,-1.593178272,-2.711193965
1781283242.327723026,1.654517752,-1.592329137,-2.703510066
1781283242.329172850,1.662517717,-1.638951365,-2.660979667
1781283242.330897093,1.671827012,-1.690775969,-2.634339474
1781283242.332747459,1.673452089,-1.693204760,-2.631614856
1781283242.334174633,1.693395744,-1.737803036,-2.612476159
1781283242.340090036,1.685240942,-1.739380755,-2.606761923
1781283242.340846300,1.715463412,-1.761524564,-2.625776383
1781283242.342598200,1.718908523,-1.806212030,-2.596150178
1781283242.345297098,1.727732418,-1.837562802,-2.587633471
1781283242.346044064,1.732902848,-1.844780133,-2.596107817
1781283242.352658749,1.731485622,-1.872640891,-2.585780615
1781283242.354181051,1.746196370,-1.902777140,-2.579966776
1781283242.357712269,1.748436535,-1.917274926,-2.549695087
1781283242.359205961,1.769515095,-1.959362751,-2.540182092
1781283242.365154743,1.770846605,-1.961671433,-2.539842537
1781283242.365943909,1.804000487,-1.977609723,-2.537799125
1781283242.367603064,1.809179977,-2.010408566,-2.512616176
1781283242.370310068,1.821664964,-2.033270035,-2.505805054
1781283242.371062517,1.833169339,-2.045805497,-2.502764233
1781283242.372682095,1.832318478,-2.073362329,-2.491882881
1781283242.377629042,1.839551177,-2.070894650,-2.503207359
1781283242.379194736,1.845640977,-2.093321126,-2.504648775
1781283242.382748127,1.836932907,-2.106134744,-2.496155255
1781283242.384204149,1.832949790,-2.123822119,-2.501684274
1781283242.387718201,1.835598318,-2.121471490,-2.515059954
1781283242.390161991,1.838870870,-2.113981792,-2.522363049
1781283242.390938997,1.826931019,-2.113242199,-2.521961427
1781283242.392590046,1.836106457,-2.133877350,-2.519427226
1781283242.395300150,1.833875853,-2.152828823,-2.502700472
1781283242.396070719,1.840574115,-2.155503491,-2.512305844
1781283242.402670622,1.851220011,-2.172060651,-2.503941061
1781283242.404387474,1.852065349,-2.197932080,-2.490848428
1781283242.405984163,1.860454186,-2.229362438,-2.473054151
1781283242.407724619,1.861900240,-2.220568873,-2.470360690
1781283242.409168720,1.867150110,-2.251094325,-2.445849484
1781283242.415141582,1.861771573,-2.233796618,-2.437792616
1781283242.415930510,1.866016727,-2.229697707,-2.421655117
1781283242.417546988,1.873741976,-2.253076358,-2.400842778
1781283242.420285702,1.872517858,-2.292576009,-2.369784847
1781283242.421057940,1.881619003,-2.296866439,-2.361600004
1781283242.427685738,1.891325483,-2.331633454,-2.349290210
1781283242.429184914,1.909281592,-2.386137400,-2.328584701
1781283242.430907965,1.923129844,-2.424288128,-2.308690130
1781283242.432693005,1.924480127,-2.432401551,-2.313316335
1781283242.434255123,1.933139356,-2.471125273,-2.296071299
1781283242.440067768,1.929599272,-2.469246672,-2.297487148
1781283242.441057920,1.934390390,-2.494474522,-2.316383081
1781283242.442521334,1.933061593,-2.514518071,-2.287088522
1781283242.445257664,1.925366970,-2.537053495,-2.273003222
1781283242.446028709,1.929589572,-2.540961863,-2.271593410
1781283242.449434042,1.922625000,-2.567861446,-2.248592240
1781283242.452680826,1.923364162,-2.574894521,-2.258651458
1781283242.454272747,1.931661349,-2.599330265,-2.235739604
1781283242.455918074,1.942695779,-2.628417313,-2.215786038
1781283242.457742929,1.941182268,-2.637742947,-2.212659040
1781283242.459180593,1.951205714,-2.666368404,-2.189584315
1781283242.465134859,1.953282948,-2.679904916,-2.192486355
1781283242.465986729,1.975348900,-2.703388537,-2.198286008
1781283242.467699289,1.982707910,-2.727218817,-2.172003691
1781283242.470270157,1.987931563,-2.753772175,-2.157423805
1781283242.471033573,1.988810541,-2.759058436,-2.146148482
1781283242.477677584,1.991195558,-2.781262865,-2.129099485
1781283242.479242802,1.995319775,-2.830825572,-2.089208959
1781283242.480834007,1.999443593,-2.859715499,-2.054565328
1781283242.482755899,2.004467073,-2.862137478,-2.049906982
1781283242.484193087,2.010461833,-2.896781062,-2.013282417
1781283242.490138769,2.023594791,-2.911209466,-2.008590080
1781283242.490901709,2.041354798,-2.932019024,-1.997231993
1781283242.492569685,2.049080118,-2.977880295,-1.962927230
1781283242.495298862,2.040422421,-3.003286354,-1.939415177
1781283242.496040344,2.058381670,-3.016952983,-1.927998840
1781283242.502831936,2.051308673,-3.039001821,-1.907608817
1781283242.504299641,2.069098073,-3.084476167,-1.865089752
1781283242.505911589,2.073734250,-3.108381144,-1.836759302
1781283242.507817984,2.076145577,-3.113078905,-1.830849565
1781283242.509234667,2.082614602,-3.142698315,-1.801787940
1781283242.511318684,2.083999143,-3.145292741,-1.792318612
1781283242.515210390,2.094995060,-3.146548144,-1.787819052
1781283242.515880585,0.000000000,0.000000000,0.000000000
1781283242.517633915,2.109586136,-3.180394625,-1.732645698
1781283242.520307302,2.114770967,-3.199086419,-1.716332662
1781283242.521090508,2.124398259,-3.204074140,-1.697860291
1781283242.526835918,2.125118731,-3.220909121,-1.680500595
1781283242.527504444,2.153506481,-3.227532895,-1.654627382
1781283242.529181957,2.148205514,-3.231768630,-1.639390246
1781283242.530900478,2.146508886,-3.238619840,-1.638518940
1781283242.532768250,2.144011278,-3.238444783,-1.628752854
1781283242.534205914,2.148335109,-3.240187828,-1.627878732
1781283242.540139437,2.148708534,-3.248081544,-1.624033279
1781283242.540890455,2.147905919,-3.254714222,-1.624097052
1781283242.542581797,2.138052471,-3.258936877,-1.626854933
1781283242.545300007,2.129411860,-3.247993265,-1.638337902
1781283242.546043634,2.126157228,-3.254664842,-1.626682978
1781283242.552702904,2.124453143,-3.250136236,-1.636473049
1781283242.554219007,2.113906077,-3.272966634,-1.633349612
1781283242.555845022,2.106813398,-3.275911647,-1.629372008
1781283242.557767868,2.107925284,-3.279312402,-1.637549027
1781283242.559183121,2.094945238,-3.280796164,-1.629832395
1781283242.565189600,2.096055436,-3.291772927,-1.636669619
1781283242.565945387,2.088640159,-3.290859134,-1.636499985
1781283242.567548752,2.091343089,-3.301787210,-1.635164979
1781283242.570268869,2.082741697,-3.297522893,-1.636558736
1781283242.571008682,2.083799145,-3.309055285,-1.640402028
1781283242.577790737,2.074017915,-3.310521080,-1.638110167
1781283242.579346657,2.060382327,-3.323633371,-1.646151493
1781283242.581057787,2.049602437,-3.337534837,-1.634205294
1781283242.582784653,2.054894553,-3.331063247,-1.641100555
1781283242.584203482,2.046841825,-3.344451514,-1.628598860
1781283242.588598013,2.048647709,-3.343888888,-1.634923828
1781283242.589282751,2.051670058,-3.349952750,-1.635699978
1781283242.591028214,2.047051972,-3.358809448,-1.620256718
1781283242.592616796,2.053999236,-3.366436436,-1.622868486
1781283242.595331192,2.051006168,-3.369007854,-1.610088965
1781283242.596098185,2.048049809,-3.382005313,-1.602700294
1781283242.602675200,2.054337498,-3.384621211,-1.601055262
1781283242.604256153,2.051285677,-3.392380311,-1.588038121
1781283242.605861187,2.053165863,-3.393135591,-1.583553219
1781283242.607782602,2.056395874,-3.395198887,-1.574525482
1781283242.609213591,2.058035974,-3.402439438,-1.570644914
1781283242.615312815,2.050619043,-3.402462983,-1.566101862
1781283242.616065502,2.059295059,-3.415531917,-1.541776666
1781283242.617704153,2.057605742,-3.413681683,-1.531453756
1781283242.620316267,2.067554108,-3.413742419,-1.533092064
1781283242.621088266,2.072558119,-3.431754655,-1.504623768
1781283242.627607346,2.070316947,-3.431853594,-1.508656251
1781283242.629877567,2.069166855,-3.439848534,-1.482617451
1781283242.630850315,2.066657887,-3.439924265,-1.472195157
1781283242.632719755,2.060490020,-3.443366466,-1.470718084
1781283242.634231091,2.067795900,-3.430343750,-1.479528086
1781283242.640155315,2.051851807,-3.434571960,-1.464045156
1781283242.640911102,2.042712205,-3.451196290,-1.435886801
1781283242.642557859,2.031577514,-3.442789255,-1.449892279
1781283242.645237684,2.033633970,-3.438040442,-1.464431719
1781283242.645898819,0.000000000,0.000000000,0.000000000
1781283242.650166512,2.028504939,-3.431487923,-1.483114299
1781283242.650921345,2.022717522,-3.438209051,-1.487317020
1781283242.652687550,2.021254436,-3.441511521,-1.493088850
1781283242.654261351,2.022081188,-3.437283038,-1.523480427
1781283242.655885458,2.021194781,-3.417571003,-1.557916402
1781283242.657691240,2.021194810,-3.418451334,-1.560498573
1781283242.659220219,2.018348670,-3.409485056,-1.593871701
1781283242.665146828,2.020175599,-3.414115335,-1.596433770
1781283242.665921450,2.008152964,-3.442270298,-1.609786987
1781283242.667611837,2.016507288,-3.439004105,-1.631310476
1781283242.670272827,2.026004967,-3.432890514,-1.659703738
1781283242.670920134,0.000000000,0.000000000,0.000000000
1781283242.677773714,2.031519954,-3.440957612,-1.680628929
1781283242.679264545,2.028028833,-3.459973418,-1.698937815
1781283242.680907965,2.027924350,-3.462810514,-1.707759426
1781283242.682772875,2.028496262,-3.470819888,-1.712750196
1781283242.684210062,2.032707156,-3.463370310,-1.723640785
1781283242.690133095,2.033054072,-3.475643317,-1.724965360
1781283242.690783024,0.000000000,0.000000000,0.000000000
1781283242.692584753,2.031416799,-3.499835216,-1.740509629
1781283242.695247650,2.037953881,-3.507567624,-1.759084405
1781283242.696008205,2.046834740,-3.526373516,-1.765556255
1781283242.702685595,2.053982639,-3.521803706,-1.779203211
1781283242.704220772,2.060771420,-3.547516889,-1.796283061
1781283242.705850124,2.071518445,-3.546194355,-1.815873130
1781283242.707772255,2.071663172,-3.554723298,-1.815606084
1781283242.709192276,2.075819467,-3.555078893,-1.832945005
1781283242.713070631,2.077351129,-3.561751078,-1.834226036
1781283242.715182543,2.078385447,-3.597604574,-1.829921833
1781283242.715843439,0.000000000,0.000000000,0.000000000
1781283242.717627287,2.088574670,-3.605867370,-1.854938901
1781283242.720265865,2.094703678,-3.600412090,-1.873933823
1781283242.721022606,2.104205632,-3.618257494,-1.875977451
1781283242.727609396,2.104660729,-3.600463674,-1.899952971
1781283242.729240417,2.110479750,-3.633230350,-1.932768201
1781283242.730898142,2.122457439,-3.610689384,-1.974255135
1781283242.732761383,2.114796079,-3.626796112,-1.979994486
1781283242.734194994,2.132120206,-3.619846256,-2.029287483
1781283242.740152121,2.123071350,-3.634350507,-2.027814593
1781283242.740911484,2.130537257,-3.682526609,-2.048601343
1781283242.742588997,2.132638296,-3.671450983,-2.093686096
1781283242.745310307,2.153698432,-3.662441002,-2.150018405
1781283242.746075392,2.148264481,-3.682442825,-2.153200972
1781283242.752646446,2.170583813,-3.674081566,-2.206505478
1781283242.754196405,2.194973014,-3.736738213,-2.281381220
1781283242.757717609,2.204082097,-3.735186260,-2.325500481
1781283242.759190798,2.220089158,-3.756267235,-2.382131968
1781283242.765126944,2.227593174,-3.770467183,-2.389246325
1781283242.765895367,2.219300041,-3.849433951,-2.397455478
1781283242.767535686,2.229817348,-3.834989152,-2.441788640
1781283242.770293474,2.243425873,-3.836515174,-2.480298321
1781283242.771044016,2.244184874,-3.856212492,-2.486648620
1781283242.775101423,2.255573743,-3.855255211,-2.525718577
1781283242.775871992,2.276809214,-3.907220008,-2.535701539
1781283242.777680635,2.298521681,-3.929563708,-2.548620311
1781283242.779246807,2.305557839,-3.933970373,-2.582897004
1781283242.780864477,2.326636314,-3.933127221,-2.628769134
1781283242.782768965,2.331222774,-3.957223353,-2.628032438
1781283242.784190416,2.343533293,-3.951892393,-2.662752071
1781283242.790158510,2.348569040,-3.973958203,-2.667336798
1781283242.790924072,2.362362914,-4.057016302,-2.665647218
1781283242.792588949,2.359710851,-4.045678436,-2.706195573
1781283242.795314789,2.377619534,-4.035020742,-2.742086163
1781283242.796072245,2.368253434,-4.054897687,-2.751907345
1781283242.802573204,2.385136144,-4.046660520,-2.793434692
1781283242.804902315,2.425145634,-4.110103896,-2.843321410
1781283242.805878639,2.424166548,-4.136186546,-2.863674528
1781283242.807732344,2.436912221,-4.131842416,-2.908555892
1781283242.809209585,2.441269872,-4.121038589,-2.982186148
1781283242.815056801,2.444384243,-4.148380585,-2.981533008
1781283242.816047430,2.439998080,-4.221336823,-3.012240587
1781283242.817660093,2.421694914,-4.215781907,-3.070765300
1781283242.820301533,2.430402824,-4.201156766,-3.125649733
1781283242.821048498,2.397959887,-4.210887658,-3.161776805
1781283242.822947264,2.409244785,-4.180561918,-3.236828775
1781283242.827635288,2.410144491,-4.208940217,-3.231158221
1781283242.829235315,2.417849090,-4.228013228,-3.339558193
1781283242.830873489,2.407740555,-4.171146034,-3.442556364
1781283242.832774162,2.418032390,-4.197778265,-3.448680049
1781283242.834242344,2.416094226,-4.123392767,-3.569727745
1781283242.838968992,2.421237890,-4.150481628,-3.573881451
1781283242.839511156,0.000000000,0.000000000,0.000000000
1781283242.840908051,2.398400738,-4.196861373,-3.604553546
1781283242.842609882,2.391289933,-4.107485669,-3.734739183
1781283242.845329762,2.382886530,-4.021417150,-3.835577813
1781283242.846085072,2.367643848,-4.017887541,-3.860517412
1781283242.852642298,2.357660123,-3.915461263,-3.967390824
1781283242.854190111,2.324042213,-3.843539747,-4.090681060
1781283242.855911016,2.305532549,-3.703525039,-4.234540740
1781283242.857768536,2.296103596,-3.718562770,-4.230302668
1781283242.859202623,2.268138369,-3.569245330,-4.375037078
1781283242.865244389,2.256971253,-3.575493587,-4.368323733
1781283242.866014004,2.216799103,-3.591783684,-4.382219874
1781283242.867698669,2.184655341,-3.440783136,-4.510764780
1781283242.870315075,2.179016514,-3.317997558,-4.610487660
1781283242.871135950,2.146707230,-3.316749883,-4.622132455
1781283242.877668381,2.133719731,-3.195907587,-4.701998461
1781283242.879203558,2.106916810,-3.073675190,-4.798438458
1781283242.880842447,2.080151705,-2.925958436,-4.901054729
1781283242.882759809,2.081469999,-2.946521394,-4.889250562
1781283242.884189129,2.054427767,-2.804726970,-4.988371181
1781283242.890067577,2.061680992,-2.817655854,-4.985225878
1781283242.891053200,2.044343007,-2.829016777,-4.991915136
1781283242.892558575,2.015174149,-2.699590135,-5.070846250
1781283242.895338297,2.003004802,-2.587366592,-5.134613039
1781283242.896129370,1.985565766,-2.602097458,-5.132461885
1781283242.899954557,1.965773018,-2.502427569,-5.185805371
1781283242.902631998,1.963585468,-2.507523903,-5.185190750
1781283242.904898167,1.939033484,-2.412076262,-5.268356336
1781283242.905882597,1.933419630,-2.417670674,-5.279822722
1781283242.907722712,1.923156641,-2.319361812,-5.352607408
1781283242.909210682,1.888648122,-2.220609874,-5.427128258
1781283242.915105104,1.894891671,-2.234227502,-5.434016462
1781283242.915735483,0.000000000,0.000000000,0.000000000
1781283242.917641163,1.842634847,-2.154177732,-5.516603962
1781283242.920325518,1.806927690,-2.075010690,-5.568032104
1781283242.921087980,1.787022013,-2.094488868,-5.570427170
1781283242.927789211,1.758485110,-1.990495357,-5.619206873
1781283242.929260254,1.716699144,-1.915049332,-5.637822964
1781283242.930897236,1.682224223,-1.830161611,-5.675456137
1781283242.932771206,1.679978157,-1.834578440,-5.673308284
1781283242.934218407,1.651005699,-1.762586752,-5.707865113
1781283242.940128803,1.642387551,-1.765083230,-5.693170001
1781283242.940892696,1.618125481,-1.785232050,-5.674812486
1781283242.942383051,0.000000000,0.000000000,0.000000000
1781283242.945278645,1.558360586,-1.635113115,-5.733017407
1781283242.946060896,1.542638359,-1.655090207,-5.715430213
1781283242.952672243,1.507570430,-1.588137089,-5.733885361
1781283242.954239607,1.475450514,-1.535174343,-5.754615053
1781283242.955854177,1.461033988,-1.480256741,-5.770651701
1781283242.957773924,1.460631108,-1.490919190,-5.773652153
1781283242.959194422,1.441046444,-1.435195015,-5.779188014
1781283242.962091208,1.438471678,-1.444359659,-5.779258944
1781283242.962617636,0.000000000,0.000000000,0.000000000
1781283242.965242624,1.423832110,-1.457483272,-5.770610105
1781283242.966074705,1.418572457,-1.467891156,-5.754077835
1781283242.967451811,0.000000000,0.000000000,0.000000000
1781283242.970288038,1.390708132,-1.361403803,-5.775993031
1781283242.971065998,1.389489010,-1.370939200,-5.755029648
1781283242.977200985,0.000000000,0.000000000,0.000000000
1781283242.977779865,0.000000000,0.000000000,0.000000000
1781283242.979347944,1.335556050,-1.270936566,-5.751231798
1781283242.980908632,1.328929305,-1.236110840,-5.764241930
1781283242.982787848,1.328058278,-1.245648999,-5.782945589
1781283242.984327316,1.327095003,-1.211379888,-5.794216273
1781283242.990108013,1.324404071,-1.219145928,-5.803338884
1781283242.990877390,1.330651606,-1.236214538,-5.803887430
1781283242.992545366,1.333804747,-1.200679852,-5.811325977
1781283242.995310545,1.301849227,-1.153466386,-5.825712573
1781283242.995970488,0.000000000,0.000000000,0.000000000
1781283243.002710342,1.290705749,-1.115337978,-5.829181089
1781283243.004262686,1.271387296,-1.063222364,-5.829680133
1781283243.005899191,1.278230789,-1.029884800,-5.832374270
1781283243.007786989,1.270015348,-1.017737658,-5.840654110
1781283243.009251595,1.276642350,-0.987416956,-5.851537895
1781283243.015142918,1.272099602,-0.975385237,-5.866469497
1781283243.015912056,1.289750645,-0.953345947,-5.905639332
1781283243.017587423,1.295518830,-0.911446194,-5.921108097
1781283243.020270348,1.277565101,-0.868863562,-5.942814163
1781283243.021037102,1.293811756,-0.860960809,-5.947024947
1781283243.024138689,1.271421548,-0.816622533,-5.957039730
1781283243.027706146,1.258891554,-0.789446783,-5.970797154
1781283243.029374123,1.254081193,-0.738034945,-5.992400717
1781283243.030936718,1.254712254,-0.707130601,-5.993823530
1781283243.032777309,1.244910883,-0.684252277,-5.994802138
1781283243.034203291,1.239558876,-0.656668272,-5.995726469
1781283243.039585114,1.231813338,-0.635871964,-5.998314446
1781283243.040906668,1.215835734,-0.589822924,-5.960331597
1781283243.042809963,1.209210369,-0.553799463,-5.943551277
1781283243.044219017,1.186993384,-0.524756904,-5.929118924
1781283243.045969248,1.191952290,-0.499988246,-5.911251991
1781283243.052662849,1.166953836,-0.472686499,-5.884622807
1781283243.054188013,1.103688515,-0.368591068,-5.774685484
1781283243.055881023,1.099111913,-0.331645794,-5.751644260
1781283243.057793379,1.072402856,-0.305974889,-5.718536331
1781283243.059245110,1.069752601,-0.276043475,-5.691516707
1781283243.065152884,1.044500840,-0.237718121,-5.662553842
1781283243.065910816,0.958145394,-0.107877263,-5.533051092
1781283243.067560673,0.924372027,-0.047991519,-5.482952863
1781283243.070209742,0.870775787,-0.016276501,-5.440038123
1781283243.070910454,0.817780364,0.032757130,-5.379204733
1781283243.077728510,0.783427508,0.082300956,-5.322860135
1781283243.079209328,0.660235735,0.188899984,-5.201567424
1781283243.080834389,0.649442060,0.254008133,-5.191739882
1781283243.082776546,0.623947930,0.258668777,-5.191326961
1781283243.084205627,0.617300975,0.316853116,-5.196942810
1781283243.090177536,0.599310178,0.313543282,-5.197046444
1781283243.090943575,0.564138579,0.275789673,-5.196986228
1781283243.092643261,0.544157558,0.321013120,-5.183768664
1781283243.095229626,0.515787515,0.409517608,-5.169203035
1781283243.095999241,0.520865860,0.376672027,-5.163733371
1781283243.100726366,0.483360789,0.467487005,-5.147648489
1781283243.101958513,0.435892542,0.448818370,-5.135238047
1781283243.102618933,0.426265982,0.450297281,-5.142474947
1781283243.104297638,0.397743262,0.501190730,-5.137769895
1781283243.105931759,0.377603127,0.561892127,-5.142244417
1781283243.107779980,0.367938510,0.546780797,-5.148883447
1781283243.109055281,0.000000000,0.000000000,0.000000000
1781283243.115223885,0.345124588,0.596956722,-5.146860848
1781283243.116079807,0.348343599,0.529720763,-5.169926896
1781283243.117671728,0.347975176,0.566342797,-5.175368337
1781283243.120319843,0.320113878,0.609713771,-5.171142939
1781283243.121067286,0.340771702,0.579568343,-5.184537321
1781283243.127694607,0.315181116,0.616953139,-5.186109083
1781283243.129226685,0.325986696,0.619651039,-5.209765332
1781283243.130846500,0.333895320,0.637181422,-5.216431562
1781283243.132791758,0.335963207,0.625256255,-5.220001145
1781283243.134254694,0.339562155,0.636916413,-5.225082830
1781283243.140165329,0.344349238,0.615412520,-5.231777093
1781283243.140923023,0.375345441,0.571972470,-5.250705986
1781283243.142641783,0.370638624,0.581605068,-5.249208917
1781283243.145249367,0.367242652,0.607111404,-5.259786676
1781283243.146010399,0.384232754,0.583257677,-5.268402159
1781283243.152669191,0.378679580,0.613364009,-5.272639536
1781283243.154227972,0.425342462,0.591106935,-5.318707354
1781283243.157715082,0.428537614,0.588669878,-5.332026814
1781283243.159188271,0.445546955,0.575051614,-5.344393141
1781283243.161265373,0.457448020,0.558152404,-5.358125426
1781283243.165148258,0.463990614,0.542725042,-5.365679597
1781283243.165908813,0.507465926,0.496392286,-5.384349109
1781283243.167570591,0.516028217,0.483577655,-5.398728897
1781283243.170340300,0.513852723,0.508754066,-5.407120347
1781283243.171096802,0.564009451,0.457104039,-5.423727520
1781283243.177249908,0.565620643,0.470174376,-5.432573025
1781283243.177954912,0.618784115,0.421147500,-5.441994603
1781283243.179137468,0.000000000,0.000000000,0.000000000
1781283243.180930614,0.620472817,0.417821073,-5.442163272
1781283243.182807207,0.638827942,0.396996733,-5.444207143
1781283243.184287310,0.639259406,0.390296670,-5.446747897
1781283243.190170527,0.648704225,0.367757007,-5.440258567
1781283243.190928698,0.708923215,0.277563414,-5.419873938
1781283243.192633390,0.705987181,0.270169206,-5.418150431
1781283243.195313931,0.699020210,0.271820926,-5.423215372
1781283243.196109772,0.747186659,0.197796295,-5.412750965
1781283243.202647686,0.730368063,0.212633272,-5.408294014
1781283243.204184294,0.758708924,0.151213252,-5.400684254
1781283243.205887318,0.750499978,0.146760328,-5.410520462
1781283243.207757950,0.763399993,0.116782927,-5.407551094
1781283243.209181547,0.761830593,0.110136419,-5.410576599
1781283243.215318441,0.775554230,0.088005278,-5.406777464
1781283243.216067076,0.839119563,-0.005866607,-5.425431107
1781283243.217682123,0.821908427,-0.015723234,-5.428566682
1781283243.220324993,0.812092371,-0.000306145,-5.448874831
1781283243.221091032,0.847898183,-0.073913769,-5.478242711
1781283243.224525690,0.828453490,-0.060727474,-5.491785775
1781283243.227636099,0.844717845,-0.084426259,-5.509595675
1781283243.229230165,0.847500326,-0.122357844,-5.538847872
1781283243.230866432,0.832129708,-0.114955488,-5.556180066
1781283243.232785463,0.850184921,-0.145427825,-5.562554491
1781283243.234208345,0.837893140,-0.139908814,-5.579802032
1781283243.239634991,0.855777079,-0.164240418,-5.588384736
1781283243.240993500,0.900885467,-0.228985849,-5.624207849
1781283243.242672443,0.893241859,-0.239156489,-5.638927747
1781283243.245327711,0.877171007,-0.209977954,-5.660663333
1781283243.246097088,0.920074816,-0.260106210,-5.683127005
1781283243.252691507,0.915394228,-0.249771387,-5.703845576
1781283243.254239321,0.955791650,-0.279240812,-5.768124279
1781283243.255906820,0.963859256,-0.298918687,-5.785704228
1781283243.257785082,0.983829485,-0.312446355,-5.811716744
1781283243.259214640,0.988227441,-0.327235511,-5.823064976
1781283243.265199661,1.002284615,-0.338660810,-5.840067357
1781283243.265859842,0.000000000,0.000000000,0.000000000
1781283243.267685175,1.071763824,-0.415934695,-5.881025174
1781283243.270232916,1.056890095,-0.407129314,-5.894749734
1781283243.271012783,1.088276584,-0.436638191,-5.900887503
1781283243.277688265,1.075833263,-0.423925997,-5.908568096
1781283243.279248953,1.130132299,-0.471231447,-5.916052238
1781283243.280880213,1.118389577,-0.465222583,-5.921984061
1781283243.282751083,1.138676305,-0.482095801,-5.917968695
1781283243.284192562,1.129841233,-0.482652761,-5.919887137
1781283243.286722898,1.151277273,-0.500466848,-5.918567757
1781283243.290159225,1.159066269,-0.511050196,-5.911812156
1781283243.290910482,1.200523477,-0.562286350,-5.903024782
1781283243.292642117,1.197679033,-0.581335073,-5.896920525
1781283243.295329332,1.186598481,-0.562681397,-5.901351619
1781283243.296113968,1.210544011,-0.605094168,-5.891875697
1781283243.302393198,1.194521368,-0.579413049,-5.894621461
1781283243.303082466,1.243099905,-0.626392990,-5.852927732
1781283243.304304123,1.259572278,-0.655896988,-5.854606021
1781283243.305913448,1.214264048,-0.619475536,-5.853593800
1781283243.307702303,0.000000000,0.000000000,0.000000000
1781283243.309230566,1.207090452,-0.620323209,-5.866194173
1781283243.315181255,1.213467425,-0.624720019,-5.864487048
1781283243.315975189,1.239283438,-0.666055347,-5.869056136
1781283243.317552090,1.222397483,-0.665621091,-5.873115549
1781283243.320259809,1.212557994,-0.647902097,-5.886657089
1781283243.321010113,1.220811638,-0.676879545,-5.882843471
1781283243.327641010,1.212747861,-0.665918810,-5.891987509
1781283243.329202890,1.236245435,-0.702711078,-5.900397115
1781283243.330843210,1.223404446,-0.712341179,-5.902601505
1781283243.332787275,1.237724695,-0.717903957,-5.904794352
1781283243.334227562,1.225385700,-0.732135677,-5.914625237
1781283243.340195417,1.238250208,-0.748663598,-5.927370223
1781283243.340958595,1.261325282,-0.788126712,-5.947972450
1781283243.342616796,1.257295990,-0.802175777,-5.953697345
1781283243.345346451,1.240493073,-0.786248882,-5.959305556
1781283243.346133471,1.257103466,-0.817481080,-5.956524903
1781283243.349336386,1.242059155,-0.795952135,-5.955377156
1781283243.352657080,1.238839421,-0.797592252,-5.956274423
1781283243.354212999,1.240426903,-0.796456744,-5.942752972
1781283243.355838299,1.244109949,-0.804362105,-5.924409871
1781283243.357797146,1.233431763,-0.792739343,-5.910268049
1781283243.359278679,1.239311451,-0.805970385,-5.888591430
1781283243.364043474,1.223854564,-0.794514884,-5.870389089
1781283243.364584446,0.000000000,0.000000000,0.000000000
1781283243.365987301,1.218889653,-0.776636758,-5.814614759
1781283243.367596388,1.218029007,-0.772759350,-5.791752066
1781283243.370429993,1.217367671,-0.789581675,-5.775918831
1781283243.371185064,1.217604629,-0.763074091,-5.746653311
1781283243.377748489,1.219030200,-0.787410384,-5.723462571
1781283243.379221439,1.255263190,-0.763850499,-5.660478552
1781283243.380893707,1.272239587,-0.768000873,-5.635103447
1781283243.382804632,1.277566117,-0.766919888,-5.607962687
1781283243.384243250,1.298569369,-0.775964971,-5.585854342
1781283243.390178442,1.305026456,-0.775664393,-5.561472086
1781283243.390948534,1.313004003,-0.744730127,-5.523485619
1781283243.392679930,1.331204206,-0.767870109,-5.509870024
1781283243.394475937,1.340794823,-0.779062081,-5.496198736
1781283243.395923853,1.347149552,-0.768331544,-5.490642338
1781283243.402628899,1.360169185,-0.782095487,-5.488559326
1781283243.404905558,1.386792351,-0.765241600,-5.494213198
1781283243.405906200,1.392831800,-0.748178132,-5.507622236
1781283243.407708883,1.409335952,-0.771067797,-5.504243957
1781283243.409226656,1.423821041,-0.769553737,-5.509404938
1781283243.415235281,1.426573128,-0.772472548,-5.512305112
1781283243.416189194,1.434857352,-0.747491965,-5.519435953
1781283243.417515039,1.451054952,-0.767428755,-5.508277335
1781283243.420277119,1.462552540,-0.763990020,-5.502540104
1781283243.421029806,1.455923911,-0.742748961,-5.494271311
1781283243.425452709,1.472364982,-0.760020749,-5.481795710
1781283243.426180601,1.470365281,-0.745489339,-5.461830701
1781283243.427659273,1.464893445,-0.733485855,-5.449968835
1781283243.429131746,0.000000000,0.000000000,0.000000000
1781283243.430948973,1.475361775,-0.753022404,-5.437501476
1781283243.432822466,1.469593792,-0.737610698,-5.425424109
1781283243.434333086,1.481931368,-0.750234541,-5.414350001
1781283243.440143824,1.481251179,-0.735192451,-5.407745396
1781283243.440902948,1.496144341,-0.697042415,-5.393245806
1781283243.442577839,1.503822144,-0.683634726,-5.392960764
1781283243.445311308,1.524112734,-0.698289739,-5.371388081
1781283243.446061373,1.523019279,-0.641939902,-5.359588252
1781283243.452610493,1.532312350,-0.641947757,-5.337175964
1781283243.454905033,1.529162553,-0.591945094,-5.273385321
1781283243.455882788,1.514614323,-0.541245034,-5.247712943
1781283243.457613230,1.529608805,-0.567597684,-5.209353213
1781283243.459261894,1.530603075,-0.560436600,-5.181786179
1781283243.465184689,1.528048152,-0.540998692,-5.156676856
1781283243.465971708,1.494729175,-0.444946630,-5.087886888
1781283243.467597008,1.504873055,-0.457474350,-5.064252836
1781283243.470301390,1.517152745,-0.487480596,-5.035167243
1781283243.471043587,1.500786262,-0.424338806,-5.015480979
1781283243.477940321,1.522490042,-0.466217699,-4.994028754
1781283243.479422092,1.505527521,-0.363734183,-4.986173621
1781283243.480852842,1.523784430,-0.382471246,-4.976243289
1781283243.482782364,1.540562890,-0.403501202,-4.969347568
1781283243.484202385,1.564158213,-0.417082682,-4.961714602
1781283243.488346338,1.566447402,-0.381763380,-4.966946211
1781283243.490176916,1.567712549,-0.333667287,-4.970832296
1781283243.490923166,1.562072514,-0.287939479,-4.973318349
1781283243.492630482,1.574787693,-0.293450758,-4.966751636
1781283243.495352268,1.597720210,-0.332939731,-4.951179083
1781283243.496151209,1.591169957,-0.264228297,-4.941924806
1781283243.502636433,1.603160675,-0.292446855,-4.917021328
1781283243.504242420,1.598986484,-0.259346564,-4.857364237
1781283243.505941391,1.606896021,-0.259806586,-4.826365685
1781283243.507764816,1.596915501,-0.250884068,-4.793602438
1781283243.509344578,1.601394583,-0.248091857,-4.767629491
1781283243.515219212,1.594089771,-0.238015503,-4.740594636
1781283243.516022682,1.543283002,-0.132377432,-4.647441830
1781283243.517709255,1.552054573,-0.137436505,-4.625748289
1781283243.520344257,1.569887306,-0.181252770,-4.601257471
1781283243.521112204,1.554035749,-0.131119869,-4.589784366
1781283243.527671337,1.565888087,-0.177918317,-4.555421474
1781283243.529225588,1.548998790,-0.149031694,-4.485134528
1781283243.532790422,1.563493409,-0.174817156,-4.455614731
1781283243.534201860,1.553862768,-0.172106225,-4.388439741
1781283243.540182352,1.535038978,-0.148793012,-4.352803953
1781283243.540843725,0.000000000,0.000000000,0.000000000
1781283243.542582273,1.464214237,-0.062159848,-4.205362688
1781283243.545267582,1.472858399,-0.095619378,-4.160684211
1781283243.546065807,1.438123307,-0.040332980,-4.136432026
1781283243.551587343,1.446724126,-0.078134940,-4.098825333
1781283243.552632093,1.390723931,-0.020435150,-4.033669284
1781283243.554187059,1.392817582,-0.022640039,-4.004682368
1781283243.555860281,1.389826830,-0.025107439,-3.975607709
1781283243.557748795,1.382718044,-0.003914740,-3.962873870
1781283243.559180498,1.380669538,-0.000175313,-3.937692525
1781283243.565209627,1.365414942,0.017564195,-3.926478184
1781283243.565860987,0.000000000,0.000000000,0.000000000
1781283243.567636251,1.326006548,0.134687942,-3.861564946
1781283243.570280313,1.334836385,0.095351311,-3.834371401
1781283243.571043491,1.316658483,0.157340228,-3.824082417
1781283243.577739477,1.330127450,0.095004069,-3.803804551
1781283243.579218388,1.302750582,0.091453613,-3.733969846
1781283243.580847502,1.330539642,0.028616455,-3.709126457
1781283243.582737207,1.312779189,0.040831503,-3.691682795
1781283243.584356308,1.338237058,-0.034309283,-3.656174754
1781283243.590188026,1.320658634,-0.018942425,-3.634116771
1781283243.590960264,1.283702003,0.042573691,-3.588461473
1781283243.592597246,1.323187865,-0.032361476,-3.562299232
1781283243.595384598,1.355882711,-0.142868574,-3.527554626
1781283243.596043348,0.000000000,0.000000000,0.000000000
1781283243.602975368,1.386821924,-0.199949606,-3.501539708
1781283243.604262829,1.370839576,-0.099272573,-3.520828402
1781283243.606008768,1.444002783,-0.299205606,-3.489861773
1781283243.607802391,1.442399546,-0.276928933,-3.500211757
1781283243.609205961,1.480444032,-0.358835122,-3.482322462
1781283243.613051891,1.476580290,-0.330763703,-3.483594579
1781283243.615242958,1.454495010,-0.301096794,-3.465691160
1781283243.615893841,0.000000000,0.000000000,0.000000000
1781283243.617739201,1.473778174,-0.342217717,-3.414570204
1781283243.620315313,1.480339986,-0.433563124,-3.374764410
1781283243.621074677,1.477175433,-0.400267411,-3.363576914
1781283243.627834558,1.484193629,-0.486372114,-3.317889181
1781283243.629399776,1.472136125,-0.513133748,-3.255027992
1781283243.630951405,1.497334330,-0.586390471,-3.225854848
1781283243.632828474,1.482779614,-0.569738721,-3.222626063
1781283243.634259224,1.496711641,-0.640628886,-3.185679887
1781283243.640175581,1.485025828,-0.623271698,-3.178422599
1781283243.640935183,1.446256798,-0.597283782,-3.143930765
1781283243.642546177,1.463292262,-0.663744210,-3.103610310
1781283243.645335674,1.465035767,-0.745737628,-3.070512172
1781283243.646124125,1.465175049,-0.730575520,-3.064857190
1781283243.652697802,1.471371755,-0.807837459,-3.034974598
1781283243.654243231,1.490195090,-0.855642087,-3.018456363
1781283243.655857563,1.526253462,-0.918553661,-2.996318441
1781283243.657718182,1.526886059,-0.908830057,-3.006445402
1781283243.659197569,1.559102111,-0.975885213,-2.989174343
1781283243.665143251,1.561804788,-0.963909167,-3.012289372
1781283243.665934086,1.566020419,-0.956692674,-3.052244271
1781283243.667613745,1.583902401,-1.007832798,-3.038722552
1781283243.670345306,1.588437883,-1.056466838,-3.019095771
1781283243.671090603,1.594446330,-1.051607728,-3.024315160
1781283243.675651789,1.590328817,-1.091553123,-3.006579980
1781283243.676183701,0.000000000,0.000000000,0.000000000
1781283243.677671432,1.568823904,-1.073147591,-3.009761513
1781283243.679176331,1.581795359,-1.117313989,-2.986028390
1781283243.680831194,1.595388003,-1.161291067,-2.962974775
1781283243.682792902,1.591737233,-1.155319501,-2.968833736
1781283243.684216976,1.604078509,-1.198484131,-2.939895487
1781283243.690165043,1.611517386,-1.191904206,-2.948042130
1781283243.690938950,1.608877120,-1.198387406,-2.956401238
1781283243.692559481,1.619128424,-1.228995737,-2.941168756
1781283243.695316553,1.617811019,-1.261098158,-2.920722082
1781283243.696060419,1.619925423,-1.258545041,-2.920463507
1781283243.702663183,1.612573182,-1.289231056,-2.898623577
1781283243.704193354,1.591348247,-1.285752314,-2.838742138
1781283243.705906391,1.593587261,-1.319117592,-2.802405960
1781283243.707766056,1.580649234,-1.309185169,-2.789638038
1781283243.709191084,1.589369632,-1.344184699,-2.749261303
1781283243.715128899,1.575105485,-1.334603444,-2.732718622
1781283243.715890408,1.555583301,-1.325562052,-2.672031087
1781283243.717551947,1.560614578,-1.350339438,-2.632617896
1781283243.720353365,1.541260082,-1.379332514,-2.581995624
1781283243.721095800,1.519094870,-1.366443409,-2.527943478
1781283243.723261595,1.510881301,-1.395927025,-2.488879940
1781283243.727668524,1.495879343,-1.395921858,-2.466838664
1781283243.729226828,1.492257207,-1.435788549,-2.398638170
1781283243.730837345,1.499828489,-1.471538444,-2.353644777
1781283243.732788086,1.493173610,-1.468582902,-2.334996170
1781283243.734229803,1.507611292,-1.505502980,-2.288525577
1781283243.738600969,1.497669765,-1.504162811,-2.275131962
1781283243.739297867,1.518362913,-1.486140706,-2.270690267
1781283243.740870476,1.548758445,-1.490171576,-2.261479182
1781283243.742594242,1.580981438,-1.535996654,-2.232007382
1781283243.745285273,1.589322381,-1.579269221,-2.211526395
1781283243.746047258,1.639007702,-1.591625999,-2.236424594
1781283243.752706766,1.648674853,-1.628175249,-2.236145082
1781283243.754262686,1.665809075,-1.678258649,-2.248570433
1781283243.755865812,1.681485442,-1.714043770,-2.234193370
1781283243.757822990,1.676993508,-1.716232513,-2.245929958
1781283243.759232283,1.688768065,-1.754195332,-2.225703480
1781283243.765160084,1.683688691,-1.755543891,-2.236953300
1781283243.765815735,0.000000000,0.000000000,0.000000000
1781283243.767621040,1.703441416,-1.808018324,-2.229300428
1781283243.770302296,1.707516600,-1.834078481,-2.226709184
1781283243.771086931,1.711850243,-1.851524632,-2.233410685
1781283243.777756214,1.728743596,-1.869845029,-2.233963148
1781283243.779236555,1.735585602,-1.898078295,-2.242320432
1781283243.780874252,1.745457940,-1.929314293,-2.235012085
1781283243.782790184,1.756315741,-1.926766783,-2.256467327
1781283243.784220695,1.764322565,-1.954076496,-2.245294429
1781283243.790070534,1.776456320,-1.948606711,-2.265036460
1781283243.790830612,1.765964339,-1.943294587,-2.269899250
1781283243.792572975,1.776085246,-1.950817716,-2.260337964
1781283243.795313597,1.770386261,-1.969522126,-2.237481741
1781283243.795983553,0.000000000,0.000000000,0.000000000
1781283243.800426722,1.766020240,-1.980969693,-2.219781975
1781283243.801066875,1.761847313,-1.968508801,-2.220616849
1781283243.802653074,1.756561221,-1.960276795,-2.221117193
1781283243.804068565,0.000000000,0.000000000,0.000000000
1781283243.805888891,1.759480904,-2.004822959,-2.181194436
1781283243.807695389,1.746626922,-1.995296825,-2.187323938
1781283243.809261799,1.738001550,-2.016296563,-2.160200950
1781283243.815142632,1.730353373,-2.000339965,-2.161516810
1781283243.815920591,1.706508570,-1.988753616,-2.146146726
1781283243.817677021,1.711627996,-2.006089410,-2.125130242
1781283243.820437193,1.702569007,-2.029010031,-2.102252860
1781283243.821204185,1.713076521,-2.036976152,-2.090672272
1781283243.822368622,0.000000000,0.000000000,0.000000000
1781283243.827853203,1.717595018,-2.092765844,-2.046862484
1781283243.829381227,1.738011202,-2.125043049,-2.028286491
1781283243.830963612,1.746844790,-2.154066965,-2.012877590
1781283243.832854986,1.748340364,-2.160404823,-2.018623992
1781283243.834269285,1.758218823,-2.190061488,-2.001355106
1781283243.840195179,1.755844499,-2.193157843,-2.010157355
1781283243.840947390,1.757374642,-2.228001605,-2.037576955
1781283243.842579365,1.762552872,-2.256733463,-2.021846306
1781283243.845333338,1.756834378,-2.289128517,-2.009230111
1781283243.846093178,1.765563325,-2.302204428,-2.009331827
1781283243.852698326,1.755880948,-2.328871760,-1.993328167
1781283243.854243755,1.762431125,-2.391526993,-1.982431201
1781283243.855879307,1.763180365,-2.431910694,-1.958741395
1781283243.857807636,1.761456094,-2.433724596,-1.960835386
1781283243.859245539,1.763091617,-2.467401135,-1.929455172
1781283243.862139225,1.756870590,-2.471496744,-1.935813611
1781283243.862820387,1.754574002,-2.477968933,-1.942050062
1781283243.865228891,1.745758824,-2.490714869,-1.947087791
1781283243.866007328,1.756397535,-2.502123233,-1.958324638
1781283243.867476702,0.000000000,0.000000000,0.000000000
1781283243.870250225,1.752220894,-2.546337048,-1.914336090
1781283243.871031761,1.760471283,-2.555217599,-1.916032056
1781283243.877284527,1.756114750,-2.575794250,-1.905043997
1781283243.877810001,0.000000000,0.000000000,0.000000000
1781283243.879309416,1.730509015,-2.592077446,-1.885554237
1781283243.880923986,1.727673856,-2.616162249,-1.848809334
1781283243.882883787,1.723281128,-2.612159208,-1.858350306
1781283243.884386539,1.716506810,-2.635742105,-1.822341637
1781283243.890170574,1.709613011,-2.629408515,-1.828423901
1781283243.890927792,1.708270434,-2.639887185,-1.836495505
1781283243.892546892,1.710441825,-2.675250051,-1.812874168
1781283243.895335197,1.707363424,-2.690723955,-1.795163798
1781283243.896087170,1.710252160,-2.699687861,-1.790683976
1781283243.902750492,1.698906418,-2.717514014,-1.771569315
1781283243.904188633,1.702473830,-2.763223475,-1.746988138
1781283243.905833483,1.691395270,-2.792560302,-1.702163806
1781283243.907877445,1.702879901,-2.795260592,-1.709894935
1781283243.909358501,1.697068041,-2.842457581,-1.663307069
1781283243.915279150,1.710067900,-2.852840954,-1.673181984
1781283243.916048288,1.727711094,-2.881212905,-1.670293016
1781283243.917678356,1.733579023,-2.916045119,-1.631990853
1781283243.920296907,1.720910429,-2.946569443,-1.604679352
1781283243.921050549,1.727205358,-2.954080310,-1.594325403
1781283243.924698114,1.707402597,-2.983225310,-1.568625779
1781283243.927707195,1.720963631,-2.997326894,-1.576917404
1781283243.929187298,1.718740128,-3.030111855,-1.539249057
1781283243.930903912,1.717623464,-3.063589459,-1.496618359
1781283243.932792664,1.730933619,-3.077520195,-1.502245945
1781283243.934204102,1.727472262,-3.106308932,-1.458636706
1781283243.940207481,1.738065997,-3.109123359,-1.463521453
1781283243.940954208,1.746383103,-3.145611169,-1.456998834
1781283243.942584276,1.750549274,-3.163099101,-1.423657895
1781283243.945546389,1.748562486,-3.194618824,-1.405349410
1781283243.946195841,0.000000000,0.000000000,0.000000000
1781283243.947564363,1.759327071,-3.243762454,-1.390542145
1781283243.952892065,1.773812016,-3.255858955,-1.409103826
1781283243.954346657,1.768787898,-3.310157119,-1.405204590
1781283243.955982447,1.777193610,-3.342457694,-1.376084557
1781283243.957775116,1.767287050,-3.352570891,-1.373625328
1781283243.959252834,1.772143960,-3.381891822,-1.342409936
1781283243.965256214,1.764504452,-3.392377073,-1.342700736
1781283243.966009855,1.780258108,-3.440390533,-1.334635966
1781283243.967674255,1.777595736,-3.460862954,-1.311176393
1781283243.970336676,1.769298219,-3.480986501,-1.291908867
1781283243.971085548,1.762045739,-3.508901571,-1.300425607
1781283243.977776527,1.769419734,-3.529143388,-1.295895720
1781283243.979264021,1.756099662,-3.574483288,-1.286586821
1781283243.980906963,1.759542889,-3.598323574,-1.258830801
1781283243.982794046,1.749938038,-3.616733419,-1.264817066
1781283243.984207153,1.745229135,-3.636523436,-1.227676540
1781283243.987554550,1.743112924,-3.648108703,-1.231333182
1781283243.990276098,1.734558776,-3.666212264,-1.236693851
1781283243.991029739,1.736719721,-3.671883612,-1.220634453
1781283243.992690086,1.730211941,-3.700001001,-1.186200571
1781283243.995416403,1.721415788,-3.717510130,-1.162478001
1781283243.996186256,1.723009623,-3.726476822,-1.143212590
1781283244.002783537,1.721278882,-3.737189212,-1.126141428
1781283244.004268885,1.717556395,-3.766044651,-1.085359646
1781283244.005903721,1.729143779,-3.779829916,-1.047217748
1781283244.007797003,1.726677269,-3.782996293,-1.042047457
1781283244.009216785,1.736143224,-3.804733405,-1.007331893
1781283244.015172958,1.733029356,-3.811142665,-1.004791540
1781283244.015819788,0.000000000,0.000000000,0.000000000
1781283244.017695189,1.745963902,-3.843563067,-0.937375952
1781283244.019674063,1.743344971,-3.862639151,-0.899665297
1781283244.021041870,1.742348443,-3.860936795,-0.879950114
1781283244.027693272,1.737394648,-3.874791823,-0.846662213
1781283244.029170990,1.742865219,-3.899053260,-0.780914189
1781283244.030916691,1.747648127,-3.911275825,-0.748057933
1781283244.032833815,1.751170087,-3.919185596,-0.737190156
1781283244.034275055,1.751642786,-3.937244894,-0.706753319
1781283244.040169001,1.751938789,-3.944623738,-0.689989155
1781283244.041018724,1.782279378,-3.972617861,-0.626737458
1781283244.042542696,1.777674938,-3.988019176,-0.588811605
1781283244.045338154,1.785634911,-4.003109516,-0.565702394
1781283244.046109676,1.793285829,-4.010609471,-0.526824902
1781283244.050797939,1.785754222,-4.013181752,-0.518989989
1781283244.052698612,1.791969499,-4.000341743,-0.500151516
1781283244.054228783,1.788482239,-3.998424736,-0.485623849
1781283244.055844545,1.786061657,-3.990496070,-0.483956714
1781283244.057803154,1.787293255,-3.992981874,-0.479759905
1781283244.059231520,1.787974273,-3.982328276,-0.494411096
1781283244.065171719,1.785852808,-3.982722121,-0.491985156
1781283244.065948725,1.804475940,-3.968604259,-0.503626183
1781283244.067689419,1.797531986,-3.974213117,-0.520727626
1781283244.070409775,1.813071193,-3.963379869,-0.536939234
1781283244.071169853,1.820504228,-3.953408040,-0.547134885
1781283244.077760696,1.816866096,-3.952288589,-0.563001368
1781283244.079238176,1.838074356,-3.964285821,-0.602058010
1781283244.080835581,1.846197073,-3.964907041,-0.623480784
1781283244.082803726,1.842685233,-3.972969725,-0.630727987
1781283244.084207535,1.853398279,-3.966846548,-0.647706406
1781283244.090155602,1.852746451,-3.974350490,-0.648576226
1781283244.090895891,1.866952676,-3.976844289,-0.673848572
1781283244.092561007,1.860884109,-3.977790280,-0.676903710
1781283244.095342636,1.868233527,-3.974998378,-0.688945978
1781283244.096087217,1.864287371,-3.977750998,-0.695087561
1781283244.102693796,1.865785087,-3.973183625,-0.699006658
1781283244.104235411,1.862748629,-3.967466759,-0.720172761
1781283244.105872393,1.868205999,-3.966825986,-0.725893168
1781283244.107887268,1.866879974,-3.968419874,-0.728788241
1781283244.109349012,1.879575491,-3.970445144,-0.732075727
1781283244.111607313,1.878143640,-3.969934998,-0.731491494
1781283244.115241289,1.889925466,-3.975392753,-0.740104147
1781283244.116024971,1.893504097,-3.970240456,-0.746777628
1781283244.117629766,1.894061897,-3.975838874,-0.744239129
1781283244.120306730,1.902666925,-3.977792482,-0.741136280
1781283244.121062279,1.902300751,-3.976018329,-0.737270753
1781283244.127665997,1.908360796,-3.972877164,-0.733834096
1781283244.129347324,1.917848316,-3.966739747,-0.705992492
1781283244.130866051,1.919917666,-3.959196245,-0.706765252
1781283244.132858038,1.919663117,-3.960114203,-0.691926548
1781283244.134323597,1.925780750,-3.947866508,-0.698233270
1781283244.140181780,1.929576417,-3.957194183,-0.679593385
1781283244.140942335,1.934777778,-3.947045556,-0.653532113
1781283244.142569304,1.932101196,-3.943909867,-0.648849226
1781283244.145287514,1.942525311,-3.935700865,-0.660142529
1781283244.146053791,1.929518418,-3.931091012,-0.645070724
1781283244.152824402,1.939184170,-3.922172743,-0.647854142
1781283244.154283285,1.916176741,-3.891369083,-0.602820770
1781283244.155888557,1.921709539,-3.873883119,-0.608073332
1781283244.157861710,1.918543881,-3.878589600,-0.585832207
1781283244.159324884,1.925771323,-3.861466034,-0.602884506
1781283244.165136099,1.926743905,-3.864079020,-0.583838243
1781283244.165900707,1.944843448,-3.876443537,-0.569204947
1781283244.167565107,1.949861935,-3.868707991,-0.590153936
1781283244.170340776,1.960632473,-3.858266035,-0.628310047
1781283244.171104908,1.948790788,-3.853488428,-0.618359347
1781283244.174524784,1.958218840,-3.840368837,-0.659531353
1781283244.177657127,1.942159103,-3.833696536,-0.649934958
1781283244.179224968,1.938241639,-3.825207272,-0.669830686
1781283244.180856228,1.941734297,-3.804817119,-0.708411012
1781283244.182884693,1.938131058,-3.815228944,-0.697832366
1781283244.184319496,1.942533131,-3.801796997,-0.734953386
1781283244.189584732,1.943686114,-3.809804464,-0.729666888
1781283244.190919399,1.934994066,-3.817834622,-0.721621312
1781283244.192522287,1.945709251,-3.813896978,-0.752185754
1781283244.195428133,1.947018859,-3.798609891,-0.791651529
1781283244.196192265,1.939206792,-3.800949208,-0.781220810
1781283244.202786446,1.950377336,-3.795254980,-0.807800713
1781283244.204195499,1.941079803,-3.781648840,-0.823499600
1781283244.205864191,1.953510494,-3.768090406,-0.852329896
1781283244.207821131,1.941097350,-3.772848185,-0.838601718
1781283244.209312916,1.954220525,-3.758385039,-0.865391345
1781283244.215284348,1.942991635,-3.756107158,-0.850648763
1781283244.216076612,1.927802636,-3.759123982,-0.802246084
1781283244.217703581,1.923363727,-3.737069564,-0.821539210
1781283244.220332146,1.934415429,-3.723816321,-0.838281231
1781283244.221118212,1.926568308,-3.731621403,-0.803794841
1781283244.227730513,1.927226771,-3.713435567,-0.820629475
1781283244.229212761,1.916324816,-3.700429172,-0.787607585
1781283244.230909586,1.918501258,-3.675385123,-0.802880433
1781283244.232786179,1.904140320,-3.671869103,-0.761378941
1781283244.234200716,1.902609688,-3.641008419,-0.777260791
1781283244.240163326,1.885528866,-3.631887505,-0.736139442
1781283244.240924358,1.819836998,-3.581771485,-0.625604826
1781283244.242571592,1.815293643,-3.540082249,-0.646329745
1781283244.245438576,1.800997958,-3.498431341,-0.666303543
1781283244.246203899,1.741732551,-3.432780475,-0.631850804
1781283244.247402430,0.000000000,0.000000000,0.000000000
1781283244.251643896,1.728128467,-3.389491743,-0.667203281
1781283244.252830267,1.657270656,-3.325071624,-0.638434709
1781283244.254358053,1.686283427,-3.278939516,-0.668746858
1781283244.255990267,1.696716433,-3.241333905,-0.712676149
1781283244.257938862,1.675290315,-3.221012293,-0.703904170
1781283244.259167671,1.643909487,-3.201895486,-0.697755767
1781283244.265307188,1.631082440,-3.145691003,-0.749502593
1781283244.266062498,1.524774977,-3.089693088,-0.726932852
1781283244.267709017,1.528595359,-3.028751647,-0.806692531
1781283244.270398140,1.517693756,-2.981706241,-0.852918486
1781283244.271165133,1.470725556,-2.938296623,-0.863672103
1781283244.277856112,1.465273399,-2.889008963,-0.924709436
1781283244.279272318,1.417620197,-2.792668744,-0.985261085
1781283244.280982733,1.441065661,-2.741899298,-1.069934224
1781283244.282750130,1.421333062,-2.742356356,-1.061949256
1781283244.284179926,1.453491164,-2.681655410,-1.142635575
1781283244.290244818,1.443736340,-2.688726068,-1.144296904
1781283244.290991783,1.435967473,-2.656880382,-1.185630510
1781283244.292687893,1.471336884,-2.596085545,-1.273692970
1781283244.295331717,1.513265882,-2.534347485,-1.368498560
1781283244.295990229,0.000000000,0.000000000,0.000000000
1781283244.298332453,1.566837276,-2.469881647,-1.487499387
1781283244.299232244,1.587399849,-2.478131768,-1.511305659
1781283244.302788973,1.604958925,-2.512001412,-1.528900582
1781283244.304273367,1.700711316,-2.460250319,-1.686761524
1781283244.305903196,1.772648863,-2.374189211,-1.828371134
1781283244.307849407,1.792438965,-2.399735167,-1.841207147
1781283244.309268951,1.847394959,-2.297480010,-1.970057363
1781283244.314424992,1.856852388,-2.310651661,-1.981285625
1781283244.315892458,1.906541843,-2.318788726,-1.990461846
1781283244.317719460,1.908585799,-2.224107676,-2.134595360
1781283244.320336819,1.960495774,-2.126350291,-2.213072101
1781283244.321080208,1.970169420,-2.122672174,-2.224271068
1781283244.327726603,2.009258808,-2.032274352,-2.296817933
1781283244.329185963,2.072041375,-1.967783254,-2.337754630
1781283244.330888748,2.082281991,-1.871837383,-2.402910797
1781283244.332909107,2.091815984,-1.875707096,-2.379030110
1781283244.334340096,2.101841108,-1.783760493,-2.446537015
1781283244.340275288,2.109451238,-1.794171458,-2.420993115
1781283244.341018915,2.136281210,-1.798129589,-2.411578114
1781283244.342425585,0.000000000,0.000000000,0.000000000
1781283244.345364094,2.114200979,-1.628935946,-2.559544711
1781283244.346145153,2.100282148,-1.614766207,-2.593568210
1781283244.352701187,2.110482027,-1.542019132,-2.647918952
1781283244.354236126,2.132370102,-1.478310739,-2.783555558
1781283244.355845451,2.099006819,-1.381764507,-2.902330994
1781283244.357765436,2.111803478,-1.408411547,-2.917141240
1781283244.359179020,2.065928636,-1.314757751,-3.023441235
1781283244.365263939,2.072228504,-1.334883754,-3.035651054
1781283244.365906000,0.000000000,0.000000000,0.000000000
1781283244.367718458,1.981402102,-1.273852492,-3.132103522
1781283244.370292664,1.961461195,-1.194083742,-3.181882782
1781283244.371065617,1.936201182,-1.204963530,-3.185008100
1781283244.376395464,1.908510412,-1.127352111,-3.234704999
1781283244.377690554,1.888491362,-1.141849682,-3.258286139
1781283244.379273415,1.849935526,-1.079117088,-3.310762564
1781283244.380899429,1.807192046,-1.028256722,-3.352017920
1781283244.382842302,1.809573235,-1.033316400,-3.359681714
1781283244.384270191,1.776904337,-0.988170427,-3.393939174
1781283244.390199184,1.778278943,-1.004378153,-3.407580099
1781283244.390955448,1.764144132,-1.047277416,-3.430773083
1781283244.392660379,1.745156199,-1.021014092,-3.460195496
1781283244.395335197,1.729465351,-0.964083219,-3.501759594
1781283244.396106958,1.726637923,-0.997469665,-3.499904604
1781283244.402670622,1.710041796,-0.939469351,-3.535941258
1781283244.404245377,1.682826642,-0.942601099,-3.565560421
1781283244.405853987,1.670249838,-0.914345398,-3.583627945
1781283244.407750607,1.669321394,-0.928587158,-3.587916567
1781283244.409248829,1.651211407,-0.895869869,-3.605121295
1781283244.415319204,1.656949805,-0.914338765,-3.603578779
1781283244.415974617,0.000000000,0.000000000,0.000000000
1781283244.417721033,1.658036482,-0.941873503,-3.586270079
1781283244.420400858,1.647585881,-0.894976454,-3.599686949
1781283244.421159744,1.650979396,-0.923456997,-3.586925660
1781283244.423989534,1.639090380,-0.882683704,-3.602569591
1781283244.424907684,1.642734053,-0.909940587,-3.602759146
1781283244.427859306,1.640391644,-0.915235725,-3.594056384
1781283244.429300547,1.648387142,-0.951222706,-3.581764000
1781283244.431017876,1.619988821,-0.872271633,-3.623486938
1781283244.432857275,1.616727103,-0.896873420,-3.611871637
1781283244.434312344,1.599063057,-0.869129421,-3.618853620
1781283244.439085484,1.594476128,-0.883111895,-3.621249056
1781283244.439629555,0.000000000,0.000000000,0.000000000
1781283244.441069603,1.603719731,-0.939561488,-3.603193731
1781283244.442759275,1.578372864,-0.910753303,-3.621848533
1781283244.445434093,1.559894326,-0.866443213,-3.643361006
1781283244.446206093,1.556672154,-0.883658047,-3.641101883
1781283244.447405815,0.000000000,0.000000000,0.000000000
1781283244.452798843,1.535159087,-0.839602836,-3.663498979
1781283244.454281330,1.505461918,-0.844189827,-3.692161932
1781283244.455916405,1.480932189,-0.799098389,-3.718332711
1781283244.457773209,1.477708632,-0.822074730,-3.726095839
1781283244.459243059,1.455198509,-0.790732844,-3.758018946
1781283244.465309858,1.453519997,-0.812862889,-3.766570836
1781283244.466079473,1.482906761,-0.896491231,-3.819373995
1781283244.467712402,1.465170904,-0.867999115,-3.862171351
1781283244.470374346,1.453589535,-0.825726673,-3.919934260
1781283244.471143007,1.482851454,-0.885953499,-3.966809430
1781283244.477726221,1.460798745,-0.838831080,-4.016923396
1781283244.479201794,1.490802291,-0.842647693,-4.150310246
1781283244.480830669,1.485608124,-0.817993403,-4.202267969
1781283244.482894897,1.497844971,-0.834944291,-4.245838867
1781283244.484325409,1.487050186,-0.804571441,-4.292931225
1781283244.485904932,1.496059371,-0.830525672,-4.329724533
1781283244.490160465,1.505118603,-0.841024043,-4.361104637
1781283244.490937233,1.524074849,-0.894633807,-4.408977844
1781283244.492630005,1.525862512,-0.875858648,-4.444294949
1781283244.495339394,1.504386301,-0.825603824,-4.489396529
1781283244.496085644,1.528890515,-0.873400373,-4.521674607
1781283244.501907587,1.516349400,-0.827740703,-4.554749666
1781283244.502565622,1.527516829,-0.841463603,-4.604663473
1781283244.504230499,1.524251541,-0.808987014,-4.628859415
1781283244.505744696,0.000000000,0.000000000,0.000000000
1781283244.507876396,1.524653825,-0.792020538,-4.652787494
1781283244.509350061,1.534182410,-0.777007561,-4.699887661
1781283244.515229940,1.534917594,-0.778017567,-4.715692985
1781283244.516020298,1.560280925,-0.829804667,-4.760349035
1781283244.517602682,1.561895000,-0.809806930,-4.791271576
1781283244.520462036,1.552464703,-0.783651485,-4.811720766
1781283244.521248102,1.571623474,-0.824548277,-4.841405192
1781283244.522483587,0.000000000,0.000000000,0.000000000
1781283244.527891874,1.559883603,-0.783139174,-4.875045278
1781283244.529237747,1.593858796,-0.827703829,-4.917026215
1781283244.530911207,1.576755568,-0.761608662,-4.954993877
1781283244.532941103,1.588180385,-0.772328373,-4.970610699
1781283244.534180403,1.608234345,-0.782440210,-4.992142878
1781283244.540116787,1.604245590,-0.755630516,-5.019755998
1781283244.540886402,1.644470280,-0.791250758,-5.095477067
1781283244.542525291,1.643680298,-0.788712065,-5.127714574
1781283244.545464993,1.627541116,-0.756249603,-5.169585991
1781283244.546211481,1.650332865,-0.796532456,-5.227882010
1781283244.547428608,0.000000000,0.000000000,0.000000000
1781283244.552870750,1.636385121,-0.770988037,-5.277043188
1781283244.554198742,1.676186054,-0.828406562,-5.360383239
1781283244.555945158,1.647314562,-0.772201697,-5.414777207
1781283244.557829618,1.658888348,-0.780745398,-5.450659250
1781283244.559289694,1.655894889,-0.760393280,-5.484576955
1781283244.564090252,1.666314893,-0.770946421,-5.511580330
1781283244.564743996,1.701887455,-0.779860968,-5.602135604
1781283244.565769672,0.000000000,0.000000000,0.000000000
1781283244.567608118,1.706538952,-0.759319455,-5.631090176
1781283244.570301056,1.708582015,-0.736172164,-5.671614749
1781283244.571071386,1.737012505,-0.760223989,-5.693087215
1781283244.577709675,1.719669472,-0.727314948,-5.725358905
1781283244.579269409,1.736627285,-0.739639164,-5.809914106
1781283244.580885887,1.735034839,-0.730406025,-5.835261195
1781283244.582853794,1.745134811,-0.736175675,-5.843930877
1781283244.584282160,1.737993551,-0.725405298,-5.860881176
1781283244.590201855,1.746510130,-0.731245056,-5.876701990
1781283244.590953112,1.769546628,-0.783889689,-5.890475455
1781283244.592631340,1.761302903,-0.754567386,-5.914187770
1781283244.594627380,1.746709937,-0.725844716,-5.932207199
1781283244.595853329,1.761180104,-0.745188359,-5.934655732
1781283244.602921247,1.742294273,-0.714040864,-5.955811602
1781283244.604348183,1.774450964,-0.735469598,-6.001937397
1781283244.605832815,1.756689013,-0.712495023,-6.020922978
1781283244.607899904,1.746535240,-0.693545459,-6.037250969
1781283244.609337330,1.742760365,-0.676742266,-6.058861035
1781283244.615211010,1.747784583,-0.682743856,-6.073628860
1781283244.615978718,1.766079034,-0.685562468,-6.130347551
1781283244.617597103,1.761377689,-0.687213674,-6.164711996
1781283244.620342970,1.756795995,-0.672470446,-6.191370660
1781283244.621104479,1.765301755,-0.687807820,-6.216573088
1781283244.626072407,1.763077211,-0.672947029,-6.252552467
1781283244.627714872,1.776202422,-0.686685768,-6.321517005
1781283244.629180431,1.780785771,-0.684049349,-6.346484970
1781283244.630916834,1.772996840,-0.668465627,-6.377834131
1781283244.632867813,1.784044336,-0.680907957,-6.401006184
1781283244.634310722,1.774711845,-0.661992647,-6.424120704
1781283244.640289783,1.782241328,-0.673701294,-6.457433801
1781283244.640946150,0.000000000,0.000000000,0.000000000
1781283244.642781019,1.789614330,-0.678153362,-6.526563595
1781283244.645296574,1.779412484,-0.662782197,-6.549931233
1781283244.646060705,1.794053765,-0.671149120,-6.568936775
1781283244.652639151,1.779105404,-0.652835525,-6.591504698
1781283244.654969215,1.801561559,-0.643533026,-6.660306750
1781283244.655963421,1.809117331,-0.647674225,-6.673212740
1781283244.657805204,1.807649856,-0.645463746,-6.695175471
1781283244.659279346,1.803290955,-0.642933819,-6.701862896
1781283244.665156126,1.812524634,-0.641283741,-6.709816613
1781283244.665929794,1.817672268,-0.646521021,-6.736934805
1781283244.667557478,1.821597079,-0.650596371,-6.756601083
1781283244.670281887,1.806520449,-0.645808237,-6.775684205
1781283244.671034336,1.823468923,-0.659280654,-6.786704726
1781283244.673253059,1.813167689,-0.651342686,-6.806215003
1781283244.677747250,1.822323692,-0.665226106,-6.827093882
1781283244.679209948,1.844525024,-0.680029598,-6.882766162
1781283244.680850983,1.836752096,-0.669958738,-6.906343726
1781283244.682851315,1.846512413,-0.676117349,-6.920848651
1781283244.684272766,1.836569266,-0.662240146,-6.948154601
1781283244.688398600,1.849605029,-0.667617347,-6.973786749
1781283244.690144777,1.859455646,-0.679563806,-7.011061143
1781283244.690943956,1.866422243,-0.692858572,-7.023620515
1781283244.692605019,1.860610796,-0.677761767,-7.047123095
1781283244.695386648,1.839970151,-0.658968043,-7.068004023
1781283244.696198702,1.852370006,-0.667370894,-7.085858855
1781283244.697420835,0.000000000,0.000000000,0.000000000
1781283244.702653646,1.834312695,-0.647510108,-7.100155968
1781283244.704268217,1.841149604,-0.640304543,-7.179828943
1781283244.705878019,1.840613907,-0.634216319,-7.205752140
1781283244.707854748,1.843820755,-0.632466785,-7.224528517
1781283244.709319830,1.845360472,-0.635436283,-7.244855577
1781283244.715193510,1.850477211,-0.629964434,-7.270400925
1781283244.715950012,1.885715223,-0.657909447,-7.334382674
1781283244.717597485,1.882519191,-0.650415619,-7.362888080
1781283244.719325781,1.876793244,-0.656713483,-7.381834723
1781283244.720836639,1.893902487,-0.659666587,-7.413465145
1781283244.727751017,1.891408420,-0.658308847,-7.444679339
1781283244.729210854,1.921595514,-0.660531489,-7.572954374
1781283244.730856419,1.931826793,-0.646835444,-7.613026008
1781283244.732826948,1.940574292,-0.646164344,-7.656782133
1781283244.734269619,1.953796844,-0.631987039,-7.699997465
1781283244.740194798,1.966028401,-0.627847201,-7.742615863
1781283244.740973234,2.007955197,-0.602491099,-7.884400447
1781283244.742603779,2.014124851,-0.585707326,-7.934508916
1781283244.745412350,2.018573143,-0.562959084,-7.985723832
1781283244.746167898,2.044315174,-0.562088499,-8.069778978
1781283244.750601768,2.037460284,-0.543206699,-8.114954885
1781283244.751260996,2.058883753,-0.543308505,-8.187569721
1781283244.752759218,2.079921717,-0.553319515,-8.226265886
1781283244.754125118,0.000000000,0.000000000,0.000000000
1781283244.755887508,2.064112856,-0.516400613,-8.265791917
1781283244.757788897,2.089110507,-0.527790899,-8.302345862
1781283244.759220362,2.082906958,-0.502453078,-8.338639129
1781283244.765295982,2.099389070,-0.510068515,-8.371397136
1781283244.766072512,2.139429400,-0.520895229,-8.489119799
1781283244.767417192,0.000000000,0.000000000,0.000000000
1781283244.770353794,2.128807145,-0.499779621,-8.543650844
1781283244.771150112,2.166461799,-0.510167176,-8.675688502
1781283244.777881384,2.156736638,-0.495706548,-8.712303141
1781283244.779363155,2.175563805,-0.490860273,-8.828951691
1781283244.780950308,2.163375738,-0.482036906,-8.865675131
1781283244.782874107,2.175992180,-0.478946292,-8.900901982
1781283244.784349203,2.174169844,-0.469817371,-8.928858762
1781283244.790221930,2.186656912,-0.473675327,-8.969612248
1781283244.791009665,2.202697043,-0.472358564,-9.056767972
1781283244.792651653,2.205480057,-0.462358632,-9.097015160
1781283244.795360088,2.200056680,-0.454009413,-9.129541544
1781283244.796126842,2.211668470,-0.437908977,-9.186568088
1781283244.802804232,2.216191749,-0.430218051,-9.221037858
1781283244.804246187,2.218386396,-0.402911392,-9.314190676
1781283244.805885077,2.226758065,-0.405156243,-9.353847964
1781283244.807892084,2.225975632,-0.395968631,-9.389154514
1781283244.809324503,2.238329291,-0.401296549,-9.416349826
1781283244.811073065,2.242876676,-0.392011971,-9.451671622
1781283244.815191746,2.251816422,-0.395341225,-9.476967200
1781283244.815992355,2.272263763,-0.383874796,-9.531858403
1781283244.817401409,0.000000000,0.000000000,0.000000000
1781283244.820372105,2.283851329,-0.397991087,-9.565916504
1781283244.821157694,2.312381464,-0.373617660,-9.660107647
1781283244.826420784,2.319940842,-0.379204705,-9.695471789
1781283244.827870607,2.335044646,-0.361056938,-9.757905311
1781283244.829353094,2.333072228,-0.329955394,-9.779304897
1781283244.830979109,2.337530678,-0.314286066,-9.818839875
1781283244.832857609,2.336674011,-0.296443443,-9.848617524
1781283244.834264517,2.344898995,-0.279701497,-9.879650424
1781283244.840206146,2.339064153,-0.261242580,-9.907817224
1781283244.840854406,0.000000000,0.000000000,0.000000000
1781283244.842747688,2.361756118,-0.167695402,-10.059720145
1781283244.845404387,2.363858869,-0.169721638,-10.097695667
1781283244.846201181,2.368987320,-0.110920138,-10.164279339
1781283244.847421169,0.000000000,0.000000000,0.000000000
1781283244.852897167,2.373989578,-0.105802786,-10.205209331
1781283244.854352951,2.372248897,-0.039340668,-10.277098257
1781283244.855988026,2.378952205,-0.024768404,-10.291480090
1781283244.857787609,2.366674582,0.005036022,-10.310021627
1781283244.859479189,2.371017703,0.020089399,-10.330668190
1781283244.865318298,2.357278530,0.050294241,-10.344053941
1781283244.866120338,2.310735952,0.175303990,-10.392369163
1781283244.867687702,2.312047008,0.189098601,-10.407617924
1781283244.870354891,2.319620891,0.175898598,-10.415759980
1781283244.871004581,0.000000000,0.000000000,0.000000000
1781283244.877960443,2.332622510,0.186760774,-10.433850192
1781283244.879419327,2.315476463,0.329415195,-10.501183452
1781283244.880885124,2.309973710,0.354033951,-10.525403041
1781283244.882855654,2.323566576,0.329803614,-10.530618865
1781283244.884280920,2.320296685,0.356157970,-10.542623857
1781283244.888591051,2.306585025,0.386152219,-10.551735155
1781283244.889120102,0.000000000,0.000000000,0.000000000
1781283244.890892982,2.255160000,0.514589491,-10.560317781
1781283244.892676592,2.253221745,0.536225823,-10.577314084
1781283244.895384073,2.261815364,0.520997691,-10.566170134
1781283244.896052361,0.000000000,0.000000000,0.000000000
1781283244.902916908,2.249385879,0.561473017,-10.565964620
1781283244.904413700,2.207981850,0.655749451,-10.526150458
1781283244.905957699,2.208063745,0.660167761,-10.507403290
1781283244.907879114,2.187952745,0.689621183,-10.488853550
1781283244.909341335,2.183205455,0.697864658,-10.452240395
1781283244.915195704,2.162207211,0.728658999,-10.428354447
1781283244.915951967,2.080173147,0.876433243,-10.344533256
1781283244.917618275,2.077612382,0.899447532,-10.318663873
1781283244.919475555,2.098380600,0.861390240,-10.287059552
1781283244.920843363,2.059970698,0.962012145,-10.258924476
1781283244.927836895,2.078802210,0.917415226,-10.208317973
1781283244.929299593,1.996509637,1.036523016,-10.000845934
1781283244.930910587,1.993585839,1.063889542,-9.925390014
1781283244.932850122,1.963221902,1.095301003,-9.855542140
1781283244.934310198,1.953818770,1.127292187,-9.774142884
1781283244.940369129,1.921933430,1.158587303,-9.688889941
1781283244.941130161,1.753841201,1.360894774,-9.325703969
1781283244.942668915,1.733567812,1.395305901,-9.226763589
1781283244.945369005,1.753714977,1.332906810,-9.147978845
1781283244.946136951,1.678317568,1.465050624,-9.048831286
1781283244.950480700,1.698207018,1.394756417,-8.968787367
1781283244.951146126,1.615655029,1.445297017,-8.799169260
1781283244.952751875,1.573520057,1.458955284,-8.704274162
1781283244.954075336,0.000000000,0.000000000,0.000000000
1781283244.955898762,1.590078374,1.498365582,-8.603440474
1781283244.957856894,1.549062444,1.515249690,-8.511677860
1781283244.959324837,1.541598757,1.544949703,-8.420580533
1781283244.965282679,1.491921745,1.568672959,-8.332444285
1781283244.966062546,1.342351269,1.747931048,-8.093425709
1781283244.967526913,1.374361235,1.674444730,-8.034340534
1781283244.970386505,1.384671925,1.699478708,-7.960782870
1781283244.971248150,1.328389480,1.847828377,-7.872024750
1781283244.972582579,1.369265447,1.765764639,-7.818355845
1781283244.977818012,1.339417555,1.796638060,-7.759109025
1781283244.979276657,1.292207413,1.868957995,-7.586927200
1781283244.980886221,1.323185334,1.900397389,-7.533470789
1781283244.983115196,1.293782199,1.921423101,-7.491630021
1781283244.984276295,1.254285401,2.042274030,-7.434283198
1781283244.990402699,1.292041518,1.965423848,-7.399420993
1781283244.991327047,1.173932761,2.159578072,-7.186099468
1781283244.992654562,1.209825762,2.090578816,-7.147067925
1781283244.994134903,0.000000000,0.000000000,0.000000000
1781283244.995949507,1.222115157,2.183234487,-7.055405518
1781283245.002840996,1.255326973,2.112322404,-7.007651180
1781283245.004311800,1.174885738,2.199673162,-6.741556816
1781283245.005924225,1.188965546,2.212733520,-6.666309725
1781283245.007866621,1.163489484,2.223252333,-6.597491514
1781283245.009342194,1.183339154,2.233311134,-6.512294168
1781283245.012772083,1.151240670,2.238102271,-6.423924209
1781283245.015226603,1.078554054,2.255688043,-6.242950065
1781283245.015983820,1.044784705,2.338702884,-6.133816421
1781283245.017606735,1.070431320,2.318543273,-6.043894714
1781283245.020278454,1.085480187,2.245224507,-5.971479439
1781283245.021051645,1.017307887,2.316038728,-5.766950023
1781283245.027701616,1.035949696,2.235435357,-5.704899785
1781283245.029174089,1.015383718,2.224315628,-5.452530155
1781283245.030876398,1.075195652,2.167579469,-5.375972598
1781283245.032879591,1.041443855,2.175255954,-5.288952703
1781283245.034305811,1.119166258,2.095598225,-5.209747990
1781283245.040290594,1.081927020,2.105695285,-5.109437565
1781283245.041045427,1.028927764,2.150297564,-4.796807776
1781283245.042686224,1.137624232,2.042698902,-4.725650479
1781283245.045443535,1.223280793,1.858186588,-4.684519547
1781283245.046318293,1.184215045,1.893338899,-4.469493443
1781283245.047497988,0.000000000,0.000000000,0.000000000
1781283245.052837133,1.270081541,1.710520969,-4.438882098
1781283245.054404497,1.351285982,1.561576124,-4.222926732
1781283245.056014061,1.476782639,1.411089949,-4.171308521
1781283245.057836294,1.461287951,1.412910715,-4.113096251
1781283245.059246778,1.587764827,1.263106356,-4.062260091
1781283245.065377712,1.559493638,1.267307007,-4.011544485
1781283245.066353798,1.565618715,1.317377697,-3.887300414
1781283245.067711115,1.640113361,1.127073789,-3.889601340
1781283245.069085121,0.000000000,0.000000000,0.000000000
1781283245.070843935,1.788768261,1.004610820,-3.829473182
1781283245.075081348,1.826571596,0.852822826,-3.792148000
1781283245.075861216,1.812929773,0.871320854,-3.749924011
1781283245.077743053,1.806093478,0.880818196,-3.725460838
1781283245.079277754,1.886097417,0.746421371,-3.686738258
1781283245.080923080,1.963431663,0.622714583,-3.643355720
1781283245.082861900,1.947574496,0.634441255,-3.621123651
1781283245.084314346,2.005161377,0.515390809,-3.581314274
1781283245.090090752,1.989858173,0.531363731,-3.574714742
1781283245.090855122,1.989151442,0.555486117,-3.529758352
1781283245.092597961,2.043582635,0.454882984,-3.500613007
1781283245.095354795,2.060482309,0.338293708,-3.486215664
1781283245.096119642,2.077907041,0.366112152,-3.457290798
1781283245.102743626,2.087964630,0.277767437,-3.449541700
1781283245.104251146,2.095903505,0.217101352,-3.401680200
1781283245.105866671,2.133447466,0.146598475,-3.374571555
1781283245.107889175,2.115474455,0.153922322,-3.365663359
1781283245.109328747,2.150777384,0.095010350,-3.343727350
1781283245.115252018,2.139199844,0.104541452,-3.336861440
1781283245.116014004,2.150230633,0.146943140,-3.316492476
1781283245.117721319,2.169676310,0.093010025,-3.293535909
1781283245.120330811,2.178673732,0.039365354,-3.289180120
1781283245.120951891,0.000000000,0.000000000,0.000000000
1781283245.127815962,2.187482411,-0.001583233,-3.256887303
1781283245.129403591,2.190577161,-0.043488256,-3.216471161
1781283245.130929947,2.212417816,-0.095344721,-3.187699294
1781283245.132854223,2.188057521,-0.098896992,-3.172128225
1781283245.134270668,2.217425517,-0.154257028,-3.144878841
1781283245.137562990,2.198482250,-0.151723968,-3.128970790
1781283245.140250683,2.170573576,-0.143262035,-3.100863346
1781283245.140891075,0.000000000,0.000000000,0.000000000
1781283245.142699480,2.196350769,-0.196839912,-3.033414081
1781283245.145416021,2.198816464,-0.253545706,-3.007835721
1781283245.146228313,2.214434683,-0.247935254,-2.994906786
1781283245.147433043,0.000000000,0.000000000,0.000000000
1781283245.152854919,2.214797849,-0.313158649,-2.975747287
1781283245.154402018,2.242387445,-0.368862003,-2.941628588
1781283245.155948162,2.258006676,-0.426493536,-2.906233943
1781283245.157850981,2.256505921,-0.425751969,-2.907578829
1781283245.159360170,2.265781099,-0.483733120,-2.874643078
1781283245.165241957,2.270128032,-0.484125740,-2.873992225
1781283245.165893793,0.000000000,0.000000000,0.000000000
1781283245.167651892,2.309546821,-0.567578500,-2.810173425
1781283245.170336485,2.310507900,-0.617134257,-2.790683256
1781283245.171103239,2.337244793,-0.628056807,-2.772581481
1781283245.177763462,2.340957556,-0.676302297,-2.750034007
1781283245.179250717,2.372392354,-0.731550560,-2.739831277
1781283245.180892467,2.388989965,-0.768166025,-2.729367552
1781283245.182922125,2.388534583,-0.773534026,-2.723481340
1781283245.184356451,2.403439923,-0.813666060,-2.710442838
1781283245.190216780,2.396725710,-0.824454051,-2.712401615
1781283245.190978289,2.416622901,-0.846158868,-2.710417517
1781283245.192620754,2.426045909,-0.878637800,-2.698952586
1781283245.195417643,2.432822011,-0.898160172,-2.696138074
1781283245.196080923,0.000000000,0.000000000,0.000000000
1781283245.200443268,2.443072613,-0.922172844,-2.691292302
1781283245.201143503,2.445728763,-0.918230987,-2.710779374
1781283245.202841043,2.448128873,-0.921228145,-2.714494602
1781283245.204347372,2.466973324,-0.938596155,-2.712492690
1781283245.205991030,2.475709697,-0.959508988,-2.705793576
1781283245.207816124,2.489820817,-0.941256700,-2.719620505
1781283245.209136009,0.000000000,0.000000000,0.000000000
1781283245.215205908,2.500340439,-0.964813574,-2.712109869
1781283245.216010809,2.510103616,-0.935426984,-2.705145821
1781283245.217611074,2.525877019,-0.960889065,-2.682471272
1781283245.220366001,2.513883527,-0.984196170,-2.656738681
1781283245.221129656,2.520224633,-0.978699599,-2.636264805
1781283245.227790356,2.500965528,-1.011574824,-2.607349433
1781283245.229262114,2.492744314,-1.031263575,-2.536643893
1781283245.230892897,2.495027240,-1.070489719,-2.505415272
1781283245.232840300,2.500140119,-1.066400414,-2.491883433
1781283245.234290600,2.505616959,-1.114936907,-2.463340384
1781283245.240199566,2.501671457,-1.091271432,-2.447611420
1781283245.240956306,2.508349518,-1.065002240,-2.398601613
1781283245.242613077,2.502425669,-1.104507192,-2.368644903
1781283245.245347500,2.482447610,-1.154671878,-2.343913412
1781283245.246129274,2.493201137,-1.143220333,-2.322058938
1781283245.252869606,2.465031831,-1.190807487,-2.297841077
1781283245.254297256,2.460759463,-1.219993950,-2.242345515
1781283245.255920410,2.456849381,-1.266460901,-2.226311748
1781283245.257868052,2.458437794,-1.272774587,-2.224392077
1781283245.259307384,2.467025972,-1.324470914,-2.204750062
1781283245.261382818,2.473202443,-1.334060245,-2.201318404
1781283245.265143156,2.490961588,-1.339100921,-2.209762781
1781283245.265896797,2.509528159,-1.345958606,-2.205443606
1781283245.267650604,2.493312820,-1.409954772,-2.180655570
1781283245.270427704,2.478432587,-1.451599023,-2.178166948
1781283245.271195412,2.477866180,-1.464110711,-2.164673321
1781283245.272399426,0.000000000,0.000000000,0.000000000
1781283245.276403189,2.465368926,-1.502366132,-2.152451735
1781283245.277911186,2.450565137,-1.518390098,-2.141094968
1781283245.279282093,2.456180040,-1.523568310,-2.129893864
1781283245.280972242,2.419739083,-1.596616103,-2.089242023
1781283245.282855034,2.424336556,-1.601169795,-2.098452302
1781283245.284312010,2.411272947,-1.638485124,-2.067684585
1781283245.290239096,2.411343724,-1.644065283,-2.072623024
1781283245.291009665,2.400784619,-1.653463050,-2.063863130
1781283245.292522192,2.378696318,-1.686822001,-2.052593784
1781283245.295333385,2.373700509,-1.717366812,-2.028747440
1781283245.296092987,2.373471191,-1.729513323,-2.005660436
1781283245.302744627,2.360190640,-1.748207891,-2.004015722
1781283245.304265976,2.314310201,-1.792415976,-1.961760387
1781283245.305876017,2.292931902,-1.825783867,-1.928053105
1781283245.307810307,2.279653884,-1.830464024,-1.928131217
1781283245.309317112,2.262955077,-1.854025595,-1.895502086
1781283245.315313101,2.260497568,-1.852644237,-1.895909718
1781283245.316073656,2.236749300,-1.847550698,-1.875245668
1781283245.317707062,2.238639848,-1.862128348,-1.854815487
1781283245.320312262,2.212792743,-1.888298709,-1.840029725
1781283245.321079731,2.213689768,-1.884692239,-1.828210666
1781283245.327692270,2.202688990,-1.910384704,-1.825048017
1781283245.329222679,2.171512610,-1.955904799,-1.795385317
1781283245.330827713,2.170093755,-1.985404526,-1.762307402
1781283245.332847357,2.150945888,-1.992508671,-1.754993767
1781283245.334275484,2.150366457,-2.028035441,-1.721143460
1781283245.337237835,2.145076768,-2.042417664,-1.717492146
1781283245.337870359,2.150560658,-2.057975709,-1.715999507
1781283245.340296984,2.162277418,-2.052441359,-1.724272524
1781283245.341050148,2.179765144,-2.066131723,-1.700384085
1781283245.342688799,2.193235575,-2.114794571,-1.665036868
1781283245.345445156,2.173327518,-2.160822222,-1.644836707
1781283245.346199036,2.202475475,-2.174598645,-1.636534727
1781283245.352519989,2.182752919,-2.219936301,-1.615818754
1781283245.354287863,2.194924175,-2.287811183,-1.581010864
1781283245.355897188,2.175348300,-2.331215939,-1.538974317
1781283245.357943773,2.181389402,-2.331322420,-1.541901839
1781283245.359375715,2.166213566,-2.369867088,-1.504352561
1781283245.365226984,2.171393217,-2.366243907,-1.506399733
1781283245.365982294,2.171039248,-2.368329315,-1.509381210
1781283245.367610693,2.174509865,-2.388243352,-1.489231031
1781283245.370298386,2.163556082,-2.410601385,-1.487192826
1781283245.370938540,0.000000000,0.000000000,0.000000000
1781283245.377836943,2.188900429,-2.432203109,-1.481805718
1781283245.379334450,2.205656614,-2.462359027,-1.493272027
1781283245.380859137,2.212959397,-2.486170451,-1.474469367
1781283245.382880688,2.208650831,-2.489078030,-1.474339907
1781283245.384362459,2.216163162,-2.514355155,-1.454503650
1781283245.390220642,2.216053439,-2.514165491,-1.455929878
1781283245.390967846,2.233335673,-2.536523752,-1.452288845
1781283245.392502308,0.000000000,0.000000000,0.000000000
1781283245.395363808,2.219707249,-2.579065433,-1.410456705
1781283245.396143913,2.241298572,-2.601272028,-1.407143229
1781283245.402844191,2.231836817,-2.619882460,-1.395060457
1781283245.404331446,2.224882729,-2.660591384,-1.369857944
1781283245.405963659,2.211180545,-2.681061122,-1.343197127
1781283245.407862186,2.210653961,-2.694562495,-1.341727347
1781283245.409292698,2.191561977,-2.711474124,-1.308571571
1781283245.413067579,2.190099358,-2.716023114,-1.309456526
1781283245.415225744,2.174779518,-2.721033229,-1.299713118
1781283245.416005373,2.160151118,-2.727304751,-1.280558450
1781283245.417673111,2.158381833,-2.757746262,-1.249508976
1781283245.420386791,2.133418260,-2.762012419,-1.236566401
1781283245.421163559,2.125785255,-2.784200746,-1.215979317
1781283245.427854061,2.119317367,-2.799942082,-1.202111405
1781283245.429528475,2.120143286,-2.823596386,-1.180999229
1781283245.430991650,2.116358749,-2.851244123,-1.161377820
1781283245.432857275,2.113534681,-2.862049167,-1.151757680
1781283245.434385061,2.115552314,-2.875879883,-1.135690049
1781283245.440164566,2.110958693,-2.883342577,-1.128181956
1781283245.440925598,2.106912368,-2.910887961,-1.110989714
1781283245.442619085,2.105850930,-2.909448459,-1.104538901
1781283245.445356846,2.102006656,-2.911611958,-1.112890032
1781283245.446029186,0.000000000,0.000000000,0.000000000
1781283245.452825308,2.100633873,-2.912409792,-1.116511818
1781283245.454294205,2.099330291,-2.897218089,-1.130930950
1781283245.455835581,2.101409523,-2.891571862,-1.145329654
1781283245.457868576,2.105736061,-2.896490305,-1.153323644
1781283245.459340572,2.110617671,-2.884375957,-1.158635236
1781283245.465223312,2.113497863,-2.890004481,-1.165006455
1781283245.465987682,2.110946683,-2.884142806,-1.179607741
1781283245.467606306,2.115920723,-2.876404797,-1.186590481
1781283245.470421791,2.108593250,-2.869503901,-1.193496693
1781283245.471080303,0.000000000,0.000000000,0.000000000
1781283245.475287914,2.106724622,-2.859076349,-1.195884069
1781283245.475831985,0.000000000,0.000000000,0.000000000
1781283245.477963448,2.095593812,-2.849858082,-1.197049851
1781283245.479297638,2.085185696,-2.840489077,-1.193713821
1781283245.480997562,2.089072540,-2.844316760,-1.188854158
1781283245.482884645,2.082607885,-2.835474572,-1.193402656
1781283245.484311819,2.080444661,-2.828801917,-1.190884617
1781283245.490242004,2.079302735,-2.826326540,-1.188318793
1781283245.490994692,2.063563113,-2.821173630,-1.184283849
1781283245.492675543,2.067107885,-2.815170299,-1.185955161
1781283245.495430946,2.062524566,-2.809969781,-1.183025171
1781283245.496082544,0.000000000,0.000000000,0.000000000
1781283245.502930164,2.058993759,-2.802852782,-1.183697938
1781283245.504209757,2.056681016,-2.795561486,-1.180105214
1781283245.505964518,2.063945937,-2.788189088,-1.181411385
1781283245.507886171,2.052284014,-2.787731008,-1.177705502
1781283245.509335756,2.057854505,-2.789491397,-1.177756943
1781283245.515193462,2.047300167,-2.787835741,-1.169805149
1781283245.515949011,2.045790460,-2.793500152,-1.163329608
1781283245.517595530,2.039021727,-2.798672982,-1.155888115
1781283245.520466089,2.043235632,-2.793602540,-1.162615733
1781283245.521134853,0.000000000,0.000000000,0.000000000
1781283245.522613287,2.039638939,-2.800561085,-1.159284648
1781283245.527971983,2.028969628,-2.811445945,-1.156302666
1781283245.529176235,2.037992128,-2.839314695,-1.163588469
1781283245.530879498,2.032633650,-2.849778804,-1.161041906
1781283245.532871008,2.039207575,-2.860541475,-1.155564420
1781283245.534296036,2.041504700,-2.862699870,-1.155064353
1781283245.537567139,2.036032035,-2.880131121,-1.152386873
1781283245.540261984,2.034961833,-2.901181216,-1.144178971
1781283245.541018486,2.033745807,-2.906777795,-1.146623111
1781283245.542675972,2.027657640,-2.919551965,-1.136205929
1781283245.545392990,2.031867248,-2.917235085,-1.140315953
1781283245.546158314,2.019306901,-2.929841087,-1.128827522
1781283245.552738667,2.024381270,-2.925052850,-1.133674943
1781283245.554173708,1.997545292,-2.943072188,-1.126041622
1781283245.555909634,1.991753526,-2.944560043,-1.122616217
1781283245.557874918,1.986634221,-2.949671518,-1.118051567
1781283245.559278011,1.981088245,-2.948067009,-1.116684759
1781283245.565304518,1.978819369,-2.959934223,-1.117523899
1781283245.566081047,1.954932279,-2.975610461,-1.105539228
1781283245.567728043,1.950132628,-2.973795277,-1.112340654
1781283245.570438385,1.951822733,-2.963500767,-1.118564996
1781283245.571229696,1.937293325,-2.963910784,-1.116557456
1781283245.572443962,0.000000000,0.000000000,0.000000000
1781283245.577950239,1.935003691,-2.963040438,-1.129075493
1781283245.579322577,1.911963224,-2.961642993,-1.131317770
1781283245.581007719,1.927246845,-2.948198273,-1.150547191
1781283245.582940578,1.923942573,-2.950923626,-1.161383361
1781283245.584384203,1.929289321,-2.948220718,-1.170170837
1781283245.590187073,1.924025638,-2.950536490,-1.178002750
1781283245.590949059,1.902530762,-2.977674354,-1.174213797
1781283245.592572451,1.915307094,-2.970261417,-1.195980437
1781283245.595439434,1.929923848,-2.968754990,-1.213518207
1781283245.596186638,1.921285385,-2.994660518,-1.210234925
1781283245.597418547,0.000000000,0.000000000,0.000000000
1781283245.600446701,1.933860230,-2.989408563,-1.227620386
1781283245.601035595,0.000000000,0.000000000,0.000000000
1781283245.602819920,1.931998955,-3.022354757,-1.232737040
1781283245.604371786,1.951805675,-3.022370044,-1.245064258
1781283245.605987549,1.962848873,-3.019822173,-1.261841643
1781283245.607876062,1.961083182,-3.033122091,-1.266412209
1781283245.609344006,1.971553710,-3.027357672,-1.277666919
1781283245.615138054,1.968392591,-3.030418100,-1.279859561
1781283245.616146088,1.948157729,-3.062388590,-1.274651228
1781283245.617376089,0.000000000,0.000000000,0.000000000
1781283245.620494604,1.974179245,-3.031519709,-1.299627887
1781283245.621266127,1.957219197,-3.055657179,-1.293878363
1781283245.622473240,0.000000000,0.000000000,0.000000000
1781283245.627879143,1.971151309,-3.046754409,-1.300919377
1781283245.629172325,1.961367731,-3.067758569,-1.297063220
1781283245.630936384,1.994725044,-3.038063179,-1.320080973
1781283245.632916689,1.989520320,-3.036542009,-1.319215523
1781283245.634343624,2.001682291,-3.019160535,-1.328200145
1781283245.640200138,1.998422845,-3.021932609,-1.329051611
1781283245.640943766,1.985049939,-3.023896117,-1.307512841
1781283245.642626047,1.985122682,-2.996428888,-1.312705448
1781283245.645328999,2.003813862,-2.975755483,-1.331804586
1781283245.646100998,1.973908525,-2.971143282,-1.303858830
1781283245.652816296,1.982572112,-2.941589014,-1.314769958
1781283245.654258490,1.978490514,-2.911595354,-1.297671448
1781283245.655899525,1.997462387,-2.898225862,-1.307661058
1781283245.657876015,1.998776481,-2.893298495,-1.303663149
1781283245.659326553,2.012375275,-2.865524327,-1.319520823
1781283245.661253929,2.009044708,-2.865364439,-1.315144209
1781283245.665201187,1.999773765,-2.868928300,-1.307785374
1781283245.665848255,0.000000000,0.000000000,0.000000000
1781283245.667635202,2.006876492,-2.832245943,-1.338501184
1781283245.670304060,2.041105935,-2.796521864,-1.341765485
1781283245.671063900,2.058135511,-2.806990011,-1.336066503
1781283245.677355289,2.086148584,-2.783391558,-1.360048183
1781283245.678006887,2.075980585,-2.831176433,-1.358361804
1781283245.679120779,0.000000000,0.000000000,0.000000000
1781283245.680917501,2.134260229,-2.753142259,-1.452125719
1781283245.682922363,2.124245997,-2.763637016,-1.455342899
1781283245.684407711,2.146551692,-2.716882485,-1.512026623
1781283245.690186024,2.147759358,-2.723011255,-1.516143320
1781283245.690813541,0.000000000,0.000000000,0.000000000
1781283245.692661285,2.148921584,-2.693105410,-1.587945280
1781283245.695485592,2.169375845,-2.661870334,-1.634021607
1781283245.696254730,2.144840647,-2.666809965,-1.655512770
1781283245.697433710,0.000000000,0.000000000,0.000000000
1781283245.702873945,2.174443508,-2.628965706,-1.694897929
1781283245.704331160,2.178615981,-2.604944324,-1.758185105
1781283245.705957890,2.195167291,-2.569960075,-1.808408928
1781283245.707859516,2.188972401,-2.576180540,-1.812021886
1781283245.709405661,2.200061365,-2.545729510,-1.866710873
1781283245.715363503,2.202558687,-2.542326764,-1.873210018
1781283245.716136456,2.176541391,-2.547522596,-1.893807152
1781283245.717406511,0.000000000,0.000000000,0.000000000
1781283245.720448494,2.196676538,-2.474548486,-1.965281549
1781283245.721252680,2.154711867,-2.474046444,-1.965326361
1781283245.722454786,0.000000000,0.000000000,0.000000000
1781283245.724410534,2.165571338,-2.419783408,-1.989392879
1781283245.727853537,2.151745513,-2.421859056,-1.974575926
1781283245.729394436,2.129249542,-2.385207927,-1.999331753
1781283245.731033325,2.126879847,-2.329289123,-2.039003634
1781283245.732876539,2.113056303,-2.330332891,-2.016272358
1781283245.734306097,2.121104263,-2.256603444,-2.060445824
1781283245.739849806,2.113856737,-2.258050271,-2.030852417
1781283245.740947247,2.076901209,-2.243480782,-1.996794044
1781283245.742708683,2.069753743,-2.168338322,-2.052690775
1781283245.745441437,2.093241303,-2.072185027,-2.113890519
1781283245.746211290,2.059739517,-2.067069372,-2.146591851
1781283245.747416019,0.000000000,0.000000000,0.000000000
1781283245.752796650,2.070104199,-1.962426523,-2.216382072
1781283245.754271269,2.051648115,-1.853391592,-2.308481753
1781283245.755896807,2.035321433,-1.738007299,-2.396224862
1781283245.757887840,2.037972265,-1.741151002,-2.390178932
1781283245.759381771,2.017768921,-1.623624650,-2.479449669
1781283245.765210152,2.020416551,-1.625112599,-2.477964927
1781283245.765959501,1.945661986,-1.657737856,-2.490600371
1781283245.767613411,1.910413118,-1.532108216,-2.608447746
1781283245.770450115,1.925525043,-1.418266216,-2.677196611
1781283245.771080256,0.000000000,0.000000000,0.000000000
1781283245.772536993,1.926778535,-1.338775852,-2.790759416
1781283245.777836800,1.949745199,-1.370135031,-2.804494238
1781283245.779381990,1.956822721,-1.323867557,-2.912250888
1781283245.780946016,1.939773816,-1.218390105,-3.001826282
1781283245.782864571,1.940786118,-1.244923889,-3.009537684
1781283245.784296513,1.926520476,-1.145748559,-3.095508085
1781283245.786873817,1.932332452,-1.173406047,-3.112255055
1781283245.787502766,1.941924948,-1.184299561,-3.126909926
1781283245.790201902,1.941734449,-1.210846234,-3.131353339
1781283245.790955782,1.922570925,-1.240549816,-3.156372035
1781283245.792596817,1.885547786,-1.151541399,-3.223366883
1781283245.795483589,1.888226107,-1.040818762,-3.276168642
1781283245.796132803,0.000000000,0.000000000,0.000000000
1781283245.802629709,1.848549160,-0.973192870,-3.319984542
1781283245.804214001,1.833011843,-0.957153544,-3.320291279
1781283245.806028128,1.805068205,-0.895956400,-3.338394508
1781283245.807819843,1.808019768,-0.902606884,-3.317018043
1781283245.809293032,1.777825694,-0.850712975,-3.330783678
1781283245.815224648,1.785784911,-0.856311353,-3.317501147
1781283245.815994501,1.766385318,-0.909605631,-3.249424459
1781283245.817584753,1.738507923,-0.849748543,-3.265089162
1781283245.820408106,1.734602696,-0.786805203,-3.282497850
1781283245.821157455,1.690902192,-0.814004026,-3.282437636
1781283245.827816486,1.656595131,-0.703845655,-3.317701651
1781283245.829272509,1.621937848,-0.711905715,-3.309729522
1781283245.830877304,1.581893009,-0.684153371,-3.329857379
1781283245.832864046,1.584767723,-0.698391470,-3.319846325
1781283245.834348679,1.550490389,-0.669510888,-3.351525105
1781283245.840294123,1.550366438,-0.686989620,-3.350962103
1781283245.841051340,1.555552850,-0.719147609,-3.357517269
1781283245.842732906,1.522364547,-0.692468075,-3.384010880
1781283245.845420837,1.504441211,-0.641814339,-3.412957978
1781283245.846244097,1.490730527,-0.664017404,-3.427168516
1781283245.847454548,0.000000000,0.000000000,0.000000000
1781283245.849678278,1.485179387,-0.622293502,-3.464063981
1781283245.852923632,1.515910401,-0.647659000,-3.502434274
1781283245.854224443,1.530901144,-0.702621647,-3.543037793
1781283245.855878353,1.470368573,-0.625256250,-3.602533863
1781283245.857856989,1.489256730,-0.645749708,-3.626793391
1781283245.859263420,1.458845647,-0.623741753,-3.671688920
1781283245.865305185,1.484758094,-0.638872831,-3.709743563
1781283245.866081953,1.515346713,-0.692063092,-3.801451720
1781283245.867674112,1.494457755,-0.678935031,-3.842333374
1781283245.870462894,1.473422201,-0.633028569,-3.886818982
1781283245.871260405,1.478076123,-0.671073125,-3.926673191
1781283245.872452974,0.000000000,0.000000000,0.000000000
1781283245.877939939,1.463748514,-0.638711470,-3.959451552
1781283245.879285097,1.466743801,-0.674764725,-3.996800424
1781283245.881025076,1.420288450,-0.611502283,-4.030862293
1781283245.882888794,1.422809094,-0.611240882,-4.038493454
1781283245.884343386,1.398617725,-0.601525746,-4.048661969
1781283245.890329599,1.396899299,-0.602037099,-4.049823581
1781283245.891086102,1.389063376,-0.630796026,-4.042011858
1781283245.892398119,0.000000000,0.000000000,0.000000000
1781283245.895424604,1.363941690,-0.589686680,-4.054949559
1781283245.896261930,1.351492736,-0.600361716,-4.042468329
1781283245.897387981,0.000000000,0.000000000,0.000000000
1781283245.902888775,1.340652043,-0.587934481,-4.040269944
1781283245.904338837,1.322099111,-0.578511082,-4.030240777
1781283245.905963421,1.316398257,-0.584068695,-4.030068614
1781283245.907963037,1.311766098,-0.584578451,-4.017165589
1781283245.909243584,1.312737433,-0.603568252,-4.009555503
1781283245.911139965,1.303750140,-0.585778282,-4.004520753
1781283245.915212393,1.307597182,-0.594900767,-4.004530956
1781283245.915978432,1.306059242,-0.611762409,-3.983910643
1781283245.917634249,1.303256131,-0.590337431,-3.996598347
1781283245.920372009,1.301152583,-0.579616845,-4.003668145
1781283245.921126366,1.306745228,-0.598291200,-4.001992171
1781283245.926589012,1.297982642,-0.567212701,-4.008692627
1781283245.927864075,1.312281081,-0.569340895,-4.024311380
1781283245.929325819,1.316831835,-0.573678341,-4.039722812
1781283245.930950403,1.308325484,-0.553308474,-4.056370797
1781283245.932847261,1.317586380,-0.568944902,-4.062254105
1781283245.934270144,1.307568178,-0.543984938,-4.078590037
1781283245.940239429,1.315707686,-0.561475937,-4.074289127
1781283245.940993309,1.325446820,-0.585588779,-4.102555181
1781283245.942666531,1.314642404,-0.583223624,-4.123687066
1781283245.945394993,1.293775868,-0.556722854,-4.149618846
1781283245.946123838,1.306097608,-0.589492925,-4.158777472
1781283245.952633619,0.000000000,0.000000000,0.000000000
1781283245.954233408,1.310113294,-0.574136281,-4.233559106
1781283245.955870867,1.299845202,-0.567995845,-4.260716798
1781283245.957948923,1.305130171,-0.573803797,-4.279241673
1781283245.959167004,1.317364967,-0.600123495,-4.286623987
1781283245.965345860,1.296243753,-0.563543613,-4.313051924
1781283245.966140032,1.309978786,-0.622268568,-4.339400194
1781283245.967400312,0.000000000,0.000000000,0.000000000
1781283245.970449686,1.263045385,-0.560009587,-4.363286132
1781283245.971230984,1.269089512,-0.616927334,-4.373867726
1781283245.972429991,0.000000000,0.000000000,0.000000000
1781283245.977962255,1.244526183,-0.577857608,-4.388085788
1781283245.979281902,1.261135219,-0.622650874,-4.397252100
1781283245.980947495,1.219282719,-0.561711972,-4.419880768
1781283245.982880592,1.224228341,-0.577669316,-4.429373003
1781283245.984308243,1.212395559,-0.555033424,-4.440743603
1781283245.989210606,1.212661930,-0.575133970,-4.440558611
1781283245.990940094,1.215597826,-0.612490783,-4.464462250
1781283245.992784739,1.192317331,-0.610397452,-4.476372895
1781283245.995366573,1.165702251,-0.580910490,-4.493062541
1781283245.996124029,1.181075142,-0.608785627,-4.498072065
1781283246.002784014,1.154736658,-0.570233188,-4.515325779
1781283246.004196405,1.159479977,-0.591672239,-4.585725032
1781283246.005904675,1.159355615,-0.578452432,-4.628651466
1781283246.008008957,1.164762508,-0.590125850,-4.651723788
1781283246.009283781,1.188245008,-0.623958102,-4.670287796
1781283246.015371084,1.167837363,-0.584734664,-4.707220633
1781283246.016142130,1.217468342,-0.656391458,-4.806627771
1781283246.017711401,1.207887890,-0.642850162,-4.838771912
1781283246.020433664,1.190466943,-0.611687040,-4.880540661
1781283246.021016359,0.000000000,0.000000000,0.000000000
1781283246.022638321,1.177222808,-0.594742078,-4.903708347
1781283246.027901173,1.193833754,-0.611994788,-4.930218265
1781283246.029234171,1.241364769,-0.660784999,-4.989347418
1781283246.030845404,1.242996284,-0.647524004,-5.025881391
1781283246.032884836,1.219865999,-0.600050492,-5.061978621
1781283246.034333706,1.223470062,-0.590714889,-5.097514624
1781283246.035923719,1.234303754,-0.587102765,-5.124878339
1781283246.040324211,1.248514506,-0.598530570,-5.147340087
1781283246.040963888,0.000000000,0.000000000,0.000000000
1781283246.042777061,1.281488217,-0.591403234,-5.224959750
1781283246.045458317,1.265133221,-0.567862986,-5.256893628
1781283246.046212673,1.297951816,-0.583394667,-5.288524776
1781283246.047393799,0.000000000,0.000000000,0.000000000
1781283246.051395893,1.273718088,-0.551689313,-5.302317710
1781283246.052893400,1.282537179,-0.558346448,-5.333148289
1781283246.054248095,1.303916067,-0.576332870,-5.344686859
1781283246.056000710,1.266073714,-0.511546915,-5.381364907
1781283246.057988405,1.273174910,-0.524234276,-5.402787415
1781283246.059264898,1.284653590,-0.520874495,-5.419953966
1781283246.065218449,1.265167421,-0.507193105,-5.448858394
1781283246.065976620,1.289668779,-0.528494404,-5.501400853
1781283246.067536354,1.272148581,-0.516052905,-5.538440184
1781283246.070435762,1.250061363,-0.495523337,-5.564507796
1781283246.071204424,1.269063899,-0.517607190,-5.578083625
1781283246.072384357,0.000000000,0.000000000,0.000000000
1781283246.077937603,1.247955445,-0.490917834,-5.602338974
1781283246.079253912,1.282860681,-0.535886657,-5.638751655
1781283246.081024885,1.243644705,-0.469512353,-5.674596895
1781283246.082955599,1.242070323,-0.480016832,-5.675162350
1781283246.084166050,1.254441203,-0.486805095,-5.683486234
1781283246.090270758,1.228822077,-0.454569965,-5.691789859
1781283246.091019630,1.249839973,-0.461847995,-5.709358044
1781283246.092667818,1.237460300,-0.445141398,-5.721075547
1781283246.095417738,1.212167171,-0.408351239,-5.731536536
1781283246.096163034,1.239187658,-0.427219632,-5.726272270
1781283246.102868557,1.208893615,-0.391697946,-5.730590698
1781283246.104297161,1.220421655,-0.374036986,-5.750972326
1781283246.105941534,1.216703799,-0.356227910,-5.770113235
1781283246.107934237,1.218516587,-0.353789584,-5.776006360
1781283246.109364986,1.218382359,-0.343380778,-5.792782373
1781283246.111635447,1.219215793,-0.338072179,-5.795432381
1781283246.115143776,1.231524910,-0.348223097,-5.805270669
1781283246.115910530,1.262111207,-0.353866825,-5.829866869
1781283246.117635012,1.254085468,-0.330739946,-5.850163649
1781283246.120451212,1.243192162,-0.310050586,-5.880112221
1781283246.121196508,1.272943891,-0.317402878,-5.923276325
1781283246.122425079,0.000000000,0.000000000,0.000000000
1781283246.127302885,1.255875666,-0.303223028,-5.954933721
1781283246.128039360,1.302800320,-0.300338795,-6.058854980
1781283246.129115105,0.000000000,0.000000000,0.000000000
1781283246.131042004,1.326841774,-0.288850499,-6.094264383
1781283246.132907391,1.318857118,-0.270744719,-6.144911656
1781283246.134211063,1.351581544,-0.269771416,-6.175586827
1781283246.140392303,1.346485914,-0.243761995,-6.226122848
1781283246.141140938,1.403244443,-0.233391440,-6.337651783
1781283246.142534971,1.389425268,-0.213283112,-6.377038231
1781283246.145384312,1.379341447,-0.181871852,-6.415048475
1781283246.146141768,1.402749938,-0.170830958,-6.471876099
1781283246.152747631,1.379473463,-0.159941413,-6.493121753
1781283246.154261112,1.398989950,-0.142093646,-6.552366084
1781283246.155896902,1.386869152,-0.125798257,-6.566401753
1781283246.157931328,1.396823396,-0.133185973,-6.581229890
1781283246.159219980,1.398740598,-0.114379652,-6.583831297
1781283246.165437698,1.391169987,-0.125096398,-6.600658968
1781283246.166231871,1.405897920,-0.111672502,-6.629080245
1781283246.167429447,0.000000000,0.000000000,0.000000000
1781283246.170443535,1.387512683,-0.109960771,-6.647285473
1781283246.171222687,1.404466324,-0.091624315,-6.658536375
1781283246.172416449,0.000000000,0.000000000,0.000000000
1781283246.177863598,1.397160422,-0.094526153,-6.669323713
1781283246.179308653,1.405492880,-0.074750290,-6.700366079
1781283246.180991173,1.394428426,-0.080330136,-6.701870219
1781283246.182869196,1.396589210,-0.072018900,-6.715307147
1781283246.184307337,1.396570689,-0.071626723,-6.720510796
1781283246.188958406,1.398945281,-0.062949411,-6.730908868
1781283246.189702511,1.401605991,-0.056207144,-6.750683958
1781283246.190904617,0.000000000,0.000000000,0.000000000
1781283246.192570210,1.408040592,-0.045105408,-6.760613327
1781283246.195381403,1.414230290,-0.047788339,-6.764687308
1781283246.196152687,1.416278600,-0.033108433,-6.775947406
1781283246.202791691,1.418127545,-0.043043314,-6.781866715
1781283246.204231262,1.421927281,-0.047591334,-6.785233253
1781283246.205912113,1.432566691,-0.044949428,-6.792241903
1781283246.207923412,1.426882600,-0.043750884,-6.794394631
1781283246.209175348,1.429059814,-0.026161672,-6.809847533
1781283246.215312958,1.431221736,-0.031719502,-6.816071239
1781283246.216067553,1.440791583,-0.002214739,-6.855382731
1781283246.217426062,0.000000000,0.000000000,0.000000000
1781283246.220448256,1.458002225,0.000210608,-6.872952422
1781283246.221239805,1.469804578,0.017768974,-6.926685694
1781283246.222441912,0.000000000,0.000000000,0.000000000
1781283246.227922201,1.470764559,0.018900208,-6.942323467
1781283246.229231596,1.492701146,0.044274919,-6.986513621
1781283246.230918884,1.503806003,0.022834873,-7.004354603
1781283246.232908726,1.507479823,0.033330653,-7.024881918
1781283246.234333992,1.518409969,0.034777409,-7.038144903
1781283246.240397930,1.516251839,0.037666461,-7.048598888
1781283246.241172314,1.536509403,0.060760431,-7.089500487
1781283246.242423296,0.000000000,0.000000000,0.000000000
1781283246.245400429,1.535921912,0.058953902,-7.096084549
1781283246.246181488,1.545254454,0.076264516,-7.132025630
1781283246.251288414,1.539315945,0.076511390,-7.137875838
1781283246.252887249,1.540785348,0.083179073,-7.156352617
1781283246.254374266,1.545623972,0.076282509,-7.159535559
1781283246.256008148,1.545513945,0.086050580,-7.163829341
1781283246.257900000,1.551895695,0.081624261,-7.176280448
1781283246.259334087,1.550128416,0.089156993,-7.182914472
1781283246.265569448,1.550945537,0.086245316,-7.189135444
1781283246.266217470,0.000000000,0.000000000,0.000000000
1781283246.267518282,1.552813954,0.110213999,-7.215931784
1781283246.269189358,1.561467792,0.109699080,-7.223327708
1781283246.270964861,1.551490152,0.132718648,-7.222892460
1781283246.277796745,1.558021488,0.117739228,-7.228572312
1781283246.279240608,1.552768642,0.138914310,-7.250506089
1781283246.280908346,1.551855668,0.155682124,-7.255339162
1781283246.282576561,1.553966224,0.152711268,-7.257534693
1781283246.284220934,1.556683445,0.171223963,-7.267408954
1781283246.290587902,1.557471589,0.170364518,-7.273025008
1781283246.291200399,0.000000000,0.000000000,0.000000000
1781283246.292559385,1.560057012,0.186683905,-7.303139389
1781283246.294194221,1.560696454,0.200824588,-7.312146979
1781283246.295922279,1.560643578,0.205538604,-7.320529796
1781283246.302841663,1.564051103,0.205610124,-7.329667654
1781283246.304304361,1.573458278,0.231211995,-7.380149424
1781283246.305933237,1.579773582,0.230789020,-7.388924694
1781283246.307835102,1.587188893,0.240569758,-7.408783072
1781283246.309279680,1.586723574,0.237081203,-7.420231511
1781283246.312594652,1.595498088,0.240683218,-7.438973019
1781283246.315260410,1.604571205,0.248917112,-7.469722088
1781283246.315927267,0.000000000,0.000000000,0.000000000
1781283246.317763567,1.611183857,0.266956536,-7.494153361
1781283246.320502996,1.613544751,0.264878116,-7.507132941
1781283246.321272612,1.618156402,0.286928844,-7.533842715
1781283246.322454691,0.000000000,0.000000000,0.000000000
1781283246.327849865,1.620979541,0.276275867,-7.541661545
1781283246.329286575,1.616022277,0.309871989,-7.561491083
1781283246.330967426,1.617428937,0.295727777,-7.565424630
1781283246.332896709,1.615256911,0.306735010,-7.574854045
1781283246.334330559,1.609995873,0.306929051,-7.577994427
1781283246.340166092,1.613951703,0.306995788,-7.581297893
1781283246.340920210,1.604961134,0.337644382,-7.583717375
1781283246.342689991,1.607393480,0.332255890,-7.589859694
1781283246.345468283,1.603025261,0.330831886,-7.590562132
1781283246.346085787,0.000000000,0.000000000,0.000000000
1781283246.352885246,1.600939952,0.342099378,-7.600758259
1781283246.354382277,1.591614404,0.359445126,-7.605239198
1781283246.356003761,1.596767991,0.363305143,-7.616192311
1781283246.357852221,1.582746814,0.372235815,-7.611021803
1781283246.359302998,1.588219526,0.374861807,-7.621631597
1781283246.365241289,1.577114536,0.390346238,-7.623296708
1781283246.365997553,1.567701330,0.418380800,-7.625250528
1781283246.367670298,1.561902919,0.429217460,-7.625647088
1781283246.370393276,1.567540587,0.415885825,-7.627765572
1781283246.371143579,1.559173287,0.441772866,-7.631278599
1781283246.375368357,1.567785885,0.430599987,-7.634786491
1781283246.375916004,0.000000000,0.000000000,0.000000000
1781283246.377910137,1.563072236,0.453522276,-7.653872207
1781283246.379184484,1.564194227,0.467045046,-7.659212374
1781283246.381040335,1.583506019,0.447922992,-7.668264050
1781283246.382922888,1.581599380,0.450973057,-7.671859464
1781283246.384348869,1.598698101,0.455057263,-7.685978591
1781283246.390335321,1.594605359,0.464871066,-7.688209618
1781283246.390941381,0.000000000,0.000000000,0.000000000
1781283246.392552853,1.598256868,0.491503004,-7.723143000
1781283246.395421505,1.601451912,0.489129741,-7.725937159
1781283246.396178722,1.595778781,0.513863886,-7.733407686
1781283246.402810097,1.607854211,0.501262484,-7.733387995
1781283246.404251814,1.594161322,0.548520634,-7.756048772
1781283246.405937433,1.597856209,0.553748336,-7.759713650
1781283246.407835245,1.588664849,0.565988374,-7.754310461
1781283246.409300566,1.600129097,0.575473968,-7.757595369
1781283246.415296793,1.592381162,0.587964446,-7.745348797
1781283246.416050196,1.562396011,0.641604342,-7.729388793
1781283246.417518854,1.563630015,0.636357840,-7.716654808
1781283246.420440674,1.567031627,0.637467841,-7.710666994
1781283246.421209812,1.542073561,0.677498558,-7.698242165
1781283246.422368050,0.000000000,0.000000000,0.000000000
1781283246.427943707,1.555411108,0.656856175,-7.684352621
1781283246.429307938,1.507859182,0.735374946,-7.640090728
1781283246.430987120,1.517149431,0.714547832,-7.617613267
1781283246.432893991,1.515608653,0.724290243,-7.602254571
1781283246.434338808,1.514009919,0.739999864,-7.587840943
1781283246.437981606,1.507205511,0.746396597,-7.563721060
1781283246.440339804,1.485153763,0.772048143,-7.520410625
1781283246.441355705,1.458639951,0.819509333,-7.497696146
1781283246.442528248,1.450565179,0.833578614,-7.473064567
1781283246.444274902,1.467544982,0.811874177,-7.435479517
1781283246.445917606,1.443082102,0.854005104,-7.400226464
1781283246.452928305,1.446015580,0.834775385,-7.363141565
1781283246.454336405,1.360334397,0.921054751,-7.196427978
1781283246.456002235,1.383785924,0.880689970,-7.143237139
1781283246.457849264,1.361637534,0.900537310,-7.105704540
1781283246.459362268,1.361508487,0.907659961,-7.049254710
1781283246.465227127,1.340070749,0.927301669,-6.998559672
1781283246.466067076,1.248783351,1.028580447,-6.839832037
1781283246.467664719,1.251271026,1.050765227,-6.783056490
1781283246.470456600,1.266487696,1.009944203,-6.732890482
1781283246.471221924,1.203434820,1.120483574,-6.631957916
1781283246.472429276,0.000000000,0.000000000,0.000000000
1781283246.477905273,1.223078613,1.078049703,-6.585969385
1781283246.479267120,1.150304309,1.206608177,-6.453466990
1781283246.480942488,1.214489307,1.144920426,-6.414826576
1781283246.482592344,1.196706230,1.171621052,-6.378457225
1781283246.484205484,1.225215720,1.169684098,-6.342228819
1781283246.490212202,1.204984647,1.198850670,-6.304764696
1781283246.490997553,1.167847670,1.326580156,-6.195875922
1781283246.492629051,1.194581992,1.342346167,-6.153990189
1781283246.495440483,1.228251532,1.282277168,-6.123485598
1781283246.496189594,1.213999558,1.399988651,-6.049387528
1781283246.497389317,0.000000000,0.000000000,0.000000000
1781283246.502901793,1.255498073,1.354474317,-6.040292682
1781283246.504244328,1.256422825,1.501254673,-5.986170574
1781283246.505901337,1.329915788,1.445565319,-5.974715409
1781283246.507817984,1.330596259,1.470488785,-5.967994846
1781283246.509269953,1.370316913,1.495497293,-5.939336791
1781283246.512847900,1.368953171,1.511071221,-5.933355378
1781283246.515269041,1.351803152,1.559918798,-5.887468917
1781283246.516053438,1.332527735,1.644918749,-5.842490107
1781283246.517657280,1.366557712,1.647226225,-5.804902660
1781283246.520453930,1.382884403,1.601073430,-5.773102102
1781283246.521209240,1.356974755,1.697045944,-5.684804862
1781283246.522402525,0.000000000,0.000000000,0.000000000
1781283246.527919292,1.380018149,1.641798336,-5.663783948
1781283246.529242754,1.324744677,1.775116408,-5.566660019
1781283246.531027317,1.393681643,1.641980601,-5.556377256
1781283246.532891035,1.371312692,1.671316333,-5.533649035
1781283246.534315825,1.417746247,1.601786293,-5.523002882
1781283246.540421724,1.402727764,1.629886503,-5.505567742
1781283246.541181564,1.370955999,1.716524106,-5.462583824
1781283246.542467356,0.000000000,0.000000000,0.000000000
1781283246.544399500,1.511427689,1.469070279,-5.475543510
1781283246.546035290,1.468570633,1.529143258,-5.402755207
1781283246.553000212,1.529827919,1.351601838,-5.390293790
1781283246.554294586,1.426195028,1.436113004,-5.243074244
1781283246.555938244,1.577295777,1.125180790,-5.233924880
1781283246.557825804,1.557356214,1.148742620,-5.200217887
1781283246.559383154,1.631926262,1.016722858,-5.167812040
1781283246.565277100,1.617073292,1.034398281,-5.132677729
1781283246.566056490,1.598851010,1.098535030,-5.019345664
1781283246.567700624,1.677070362,0.972072242,-4.984725118
1781283246.570455313,1.743068844,0.793661767,-4.949628553
1781283246.571227312,1.732052676,0.836883290,-4.873032380
1781283246.572431087,0.000000000,0.000000000,0.000000000
1781283246.574761629,1.792500704,0.683824139,-4.837905770
1781283246.577849865,1.781437686,0.693049614,-4.809026965
1781283246.579187155,1.787938922,0.749259748,-4.729104582
1781283246.580963612,1.925382816,0.464746363,-4.681261870
1781283246.582883835,1.913266707,0.485640930,-4.657455639
1781283246.584209204,1.930981524,0.514278598,-4.623593482
1781283246.590242386,1.979262363,0.392026682,-4.589770144
1781283246.591036320,1.980281074,0.449041851,-4.554606993
1781283246.592680931,2.041351893,0.348384427,-4.539033955
1781283246.595482111,2.074153555,0.229021118,-4.535145184
1781283246.596253872,2.092944491,0.269787725,-4.520317651
1781283246.597434282,0.000000000,0.000000000,0.000000000
1781283246.602856874,2.123717864,0.162634886,-4.510504489
1781283246.604378462,2.143920507,0.103367422,-4.437557297
1781283246.606023312,2.176599683,0.024160593,-4.387330092
1781283246.607869625,2.162632396,0.032878347,-4.370943767
1781283246.609271765,2.174335101,0.055582394,-4.343595689
1781283246.615438700,2.186508815,-0.022008557,-4.312182145
1781283246.616306782,2.150492468,0.027192662,-4.225299663
1781283246.617496490,0.000000000,0.000000000,0.000000000
1781283246.620455503,2.203999561,-0.143929104,-4.168576588
1781283246.621270895,2.203977121,-0.113705504,-4.131853800
1781283246.622395992,0.000000000,0.000000000,0.000000000
1781283246.627825260,2.214707922,-0.193548104,-4.105523357
1781283246.629398823,2.232775328,-0.250168023,-4.040353959
1781283246.630937338,2.265606026,-0.318184185,-4.006519779
1781283246.632891178,2.254183489,-0.307879289,-3.993737585
1781283246.634384394,2.279735071,-0.381595989,-3.954144934
1781283246.636820555,2.267340437,-0.363280509,-3.943943353
1781283246.637549162,2.252212636,-0.365628129,-3.918355259
1781283246.640346050,2.245537331,-0.351619197,-3.902537472
1781283246.640970707,0.000000000,0.000000000,0.000000000
1781283246.642538548,2.248904877,-0.408082912,-3.839298832
1781283246.645461798,2.266065190,-0.479222603,-3.784394357
1781283246.646227598,2.268234019,-0.461903440,-3.753807760
1781283246.647419214,0.000000000,0.000000000,0.000000000
1781283246.652535677,2.262792186,-0.535820648,-3.706233700
1781283246.654234886,2.222092021,-0.582616570,-3.564066695
1781283246.655995846,2.241568249,-0.653290825,-3.518812815
1781283246.657865286,2.222626610,-0.641884827,-3.490872507
1781283246.659361839,2.246119910,-0.713215188,-3.444870402
1781283246.665272236,2.233396774,-0.703499335,-3.417981556
1781283246.666065454,2.231834506,-0.694864716,-3.349179915
1781283246.667689085,2.255892413,-0.750991869,-3.312370676
1781283246.670446873,2.253864107,-0.813827755,-3.276097186
1781283246.671219826,2.279553196,-0.802896297,-3.257111830
1781283246.672416925,0.000000000,0.000000000,0.000000000
1781283246.677883148,2.277274594,-0.864743306,-3.234128632
1781283246.679201365,2.305790932,-0.824134885,-3.212689729
1781283246.680986404,2.339969013,-0.944972556,-3.164832927
1781283246.682932377,2.347205699,-0.935468169,-3.166147395
1781283246.684262753,2.394748522,-0.946160378,-3.164376571
1781283246.690376997,2.412803737,-0.991389331,-3.157732801
1781283246.691186905,2.470157774,-1.001554327,-3.158720179
1781283246.692544699,2.480963354,-1.044986303,-3.153956920
1781283246.695463657,2.490198535,-1.102138940,-3.123984295
1781283246.696235180,2.516398471,-1.097858378,-3.113917431
1781283246.697411299,0.000000000,0.000000000,0.000000000
1781283246.702898026,2.509772607,-1.145514143,-3.102089386
1781283246.704198122,2.531919576,-1.133337646,-3.110885932
1781283246.705936909,2.546900198,-1.232116047,-3.078966861
1781283246.707832098,2.549901649,-1.234576230,-3.092611887
1781283246.709319115,2.566910586,-1.295499083,-3.065962642
1781283246.712351322,2.567893877,-1.291942639,-3.070226868
1781283246.713052511,2.564500800,-1.287038487,-3.071665222
1781283246.715231895,2.560022956,-1.295521623,-3.071069309
1781283246.716125488,2.578875779,-1.293809416,-3.054152637
1781283246.717649698,2.578766973,-1.354604211,-3.020979943
1781283246.720260859,0.000000000,0.000000000,0.000000000
1781283246.720898628,0.000000000,0.000000000,0.000000000
1781283246.727996826,2.573696683,-1.439979944,-2.968787551
1781283246.729386330,2.565484301,-1.433695678,-2.940752386
1781283246.730859280,2.570199929,-1.482636042,-2.905229179
1781283246.732886314,2.560828765,-1.505580906,-2.895691082
1781283246.734366894,2.564038727,-1.550216605,-2.862210983
1781283246.740266800,2.567447261,-1.544353778,-2.872992551
1781283246.741026163,2.577872007,-1.537661051,-2.862511624
1781283246.742653608,2.591666612,-1.570974166,-2.830571345
1781283246.745442390,2.576926491,-1.611179621,-2.806105928
1781283246.746195316,2.571410244,-1.604157860,-2.784966709
1781283246.747401953,0.000000000,0.000000000,0.000000000
1781283246.752942085,2.564264896,-1.624023676,-2.762807538
1781283246.754268408,2.548076586,-1.616442670,-2.737770536
1781283246.756011009,2.552376567,-1.686769488,-2.680175909
1781283246.757868052,2.546073343,-1.676783801,-2.680442089
1781283246.759252071,2.561024892,-1.679528684,-2.670630718
1781283246.765360594,2.552394147,-1.706657912,-2.651875218
1781283246.766138554,2.589966712,-1.695516898,-2.652750012
1781283246.767716646,2.611772119,-1.735915306,-2.627149303
1781283246.770389080,2.619115653,-1.778909222,-2.609063452
1781283246.771141052,2.649014753,-1.782581799,-2.595509914
1781283246.775341511,2.654953439,-1.813666120,-2.580981050
1781283246.776001453,2.641029631,-1.811766319,-2.577377211
1781283246.777869225,2.647635499,-1.809592379,-2.578285243
1781283246.779346466,2.646246879,-1.855925441,-2.530539063
1781283246.780977011,2.655478552,-1.894524534,-2.491060441
1781283246.782904625,2.653962312,-1.894684517,-2.485959550
1781283246.784315586,2.659417676,-1.943574394,-2.446309621
1781283246.790352583,2.650198106,-1.931761662,-2.444818757
1781283246.791119576,2.674781388,-1.941986263,-2.450914598
1781283246.792428493,0.000000000,0.000000000,0.000000000
1781283246.795456171,2.691031967,-2.027141996,-2.401506491
1781283246.796247482,2.745447854,-2.061492064,-2.404498627
1781283246.797458410,0.000000000,0.000000000,0.000000000
1781283246.802862644,2.743252066,-2.098677946,-2.393218259
1781283246.804327011,2.735334188,-2.164005650,-2.374518098
1781283246.805953503,2.738248593,-2.205879013,-2.331926085
1781283246.807830334,2.728770225,-2.213790263,-2.333658884
1781283246.809386969,2.728481631,-2.259674911,-2.297092008
1781283246.815365553,2.730108081,-2.270398343,-2.297833616
1781283246.816144705,2.732523550,-2.272945313,-2.306221667
1781283246.817373037,0.000000000,0.000000000,0.000000000
1781283246.820458889,2.720334849,-2.358955232,-2.238075909
1781283246.821248770,2.770197324,-2.384767666,-2.229775591
1781283246.822442770,0.000000000,0.000000000,0.000000000
1781283246.827938318,2.742131988,-2.466619989,-2.171930321
1781283246.829243660,2.743891980,-2.465548515,-2.168598860
1781283246.831012964,2.734722256,-2.492444155,-2.123185059
1781283246.832938433,2.739934822,-2.496069000,-2.129740768
1781283246.834367514,2.730918882,-2.524988184,-2.080555306
1781283246.836930990,2.728984684,-2.512915724,-2.088683450
1781283246.837456226,0.000000000,0.000000000,0.000000000
1781283246.840336800,2.717791378,-2.508882276,-2.093064944
1781283246.841135025,2.742249820,-2.508707392,-2.082700367
1781283246.842391014,0.000000000,0.000000000,0.000000000
1781283246.845393181,2.738879648,-2.579102676,-2.016719684
1781283246.846188068,2.763473544,-2.590961896,-2.007927469
1781283246.852489710,2.764306601,-2.621338140,-1.988725906
1781283246.855120182,2.792498957,-2.669768532,-1.976456372
1781283246.855919838,2.797342474,-2.683725282,-1.956014279
1781283246.857846498,2.779808806,-2.703917703,-1.933557865
1781283246.859319687,2.766386900,-2.746948983,-1.885170400
1781283246.865231276,2.767624521,-2.745683867,-1.893526437
1781283246.866026163,2.758018816,-2.753840077,-1.885325843
1781283246.867680788,2.739129337,-2.783024742,-1.842503249
1781283246.870460749,2.731891138,-2.827744483,-1.824163881
1781283246.871283770,2.737215036,-2.835379865,-1.807861132
1781283246.872430801,0.000000000,0.000000000,0.000000000
1781283246.877955914,2.728619847,-2.871620425,-1.784637235
1781283246.879297733,2.741443171,-2.905335613,-1.769969126
1781283246.880842686,2.719595621,-2.937308980,-1.713915076
1781283246.882719040,2.706656517,-2.962319329,-1.685457072
1781283246.884211302,2.703603992,-2.981961002,-1.661226997
1781283246.890335798,2.694313902,-2.998128512,-1.638834647
1781283246.890949011,0.000000000,0.000000000,0.000000000
1781283246.892538786,2.688770473,-3.017130717,-1.628853751
1781283246.895500422,2.696330556,-3.055161443,-1.584517880
1781283246.896273851,2.734787943,-3.072757600,-1.591921650
1781283246.897343636,0.000000000,0.000000000,0.000000000
1781283246.902923107,2.732446392,-3.084434325,-1.579414330
1781283246.904185772,2.732199838,-3.112170968,-1.572686808
1781283246.905971766,2.726002246,-3.174606415,-1.499980957
1781283246.907838106,2.723839622,-3.189409933,-1.500218324
1781283246.909324884,2.727378872,-3.235208603,-1.445988885
1781283246.913612366,2.724603609,-3.247085675,-1.448466595
1781283246.914140701,0.000000000,0.000000000,0.000000000
1781283246.915885210,2.744781663,-3.286675031,-1.437314470
1781283246.917694092,2.735181486,-3.325261334,-1.380208921
1781283246.920402765,2.733412863,-3.358319665,-1.362793492
1781283246.921169996,2.736720728,-3.375140507,-1.342686672
1781283246.927902699,2.729910483,-3.404305399,-1.315183614
1781283246.929212093,2.744961257,-3.430269600,-1.320222951
1781283246.930878401,2.734624171,-3.461103969,-1.278843559
1781283246.932895899,2.725186560,-3.489209681,-1.255408881
1781283246.934315920,2.725926101,-3.520303674,-1.213214028
1781283246.940250397,2.732979693,-3.539327472,-1.215909085
1781283246.941016674,2.757737262,-3.580760356,-1.216796062
1781283246.942700386,2.757689698,-3.623625518,-1.170924245
1781283246.945434093,2.753057757,-3.643331435,-1.159972341
1781283246.946184635,2.748608916,-3.656601201,-1.143737608
1781283246.947398901,0.000000000,0.000000000,0.000000000
1781283246.952910900,2.753141690,-3.677036636,-1.131508062
1781283246.954172611,2.752374986,-3.681187257,-1.170724807
1781283246.955956459,2.738721930,-3.723912364,-1.124586212
1781283246.957849264,2.754008263,-3.742210157,-1.139284863
1781283246.959298611,2.754178383,-3.776379876,-1.105723026
1781283246.965432405,2.766493231,-3.789334896,-1.111819382
1781283246.966216087,2.774397717,-3.851330030,-1.132224934
1781283246.967432737,0.000000000,0.000000000,0.000000000
1781283246.970419168,2.760115912,-3.886983195,-1.073592063
1781283246.971199036,2.757863325,-3.910195257,-1.058492870
1781283246.972376823,0.000000000,0.000000000,0.000000000
1781283246.975429058,2.755336302,-3.922051907,-1.049676725
1781283246.975968599,0.000000000,0.000000000,0.000000000
1781283246.977889538,2.763463038,-3.947128488,-1.072117783
1781283246.979215860,2.767159764,-3.959759250,-1.060253323
1781283246.980908871,2.764216218,-3.996554957,-0.994243288
1781283246.982948542,2.769589516,-4.003948853,-1.007878182
1781283246.984162569,2.767122050,-4.018007583,-0.993869902
1781283246.990413427,2.777438785,-4.028539469,-0.986226068
1781283246.991028547,0.000000000,0.000000000,0.000000000
1781283246.992651701,2.789033708,-4.070533175,-0.965479402
1781283246.994262218,2.781144240,-4.090323034,-0.930078177
1781283246.996006250,2.784247363,-4.108279880,-0.928600380
1781283247.002844334,2.776766048,-4.122717244,-0.907946301
1781283247.004283905,2.774640743,-4.152522824,-0.892679774
1781283247.005901098,2.772884774,-4.163110983,-0.881347488
1781283247.007898092,2.773467894,-4.166139441,-0.885582690
1781283247.009378910,2.779709164,-4.182045580,-0.880346915
1781283247.015507460,2.782504072,-4.180417946,-0.891349257
1781283247.016264677,2.805187317,-4.220879592,-0.909323184
1781283247.017469406,0.000000000,0.000000000,0.000000000
1781283247.020499468,2.801796079,-4.238556959,-0.901475946
1781283247.021275043,2.818833036,-4.269903038,-0.896397268
1781283247.022390366,0.000000000,0.000000000,0.000000000
1781283247.028081417,2.830692858,-4.276673310,-0.890090576
1781283247.029217958,2.830856990,-4.305954496,-0.889382773
1781283247.030925989,2.831655663,-4.313195345,-0.886460389
1781283247.033010960,2.827192680,-4.316312398,-0.886992535
1781283247.034288645,2.833705736,-4.315519300,-0.893983222
1781283247.038156271,2.828303877,-4.320036866,-0.887514330
1781283247.040359259,2.843190395,-4.334263431,-0.899640657
1781283247.041123867,2.855538601,-4.343444138,-0.906053637
1781283247.042560339,2.850051134,-4.354468299,-0.901499385
1781283247.045428991,2.853229693,-4.366566660,-0.894895306
1781283247.046195269,2.855468925,-4.373558508,-0.906005615
1781283247.047401190,0.000000000,0.000000000,0.000000000
1781283247.052850246,2.848512303,-4.372899398,-0.907071534
1781283247.054204702,2.848812874,-4.375851565,-0.924809646
1781283247.055964947,2.847469630,-4.387316013,-0.917306638
1781283247.057895422,2.846635486,-4.384030728,-0.924022813
1781283247.059382439,2.852134965,-4.388620290,-0.928206685
1781283247.065425396,2.855816080,-4.403932030,-0.935804714
1781283247.066214085,2.872095704,-4.423268070,-0.976951849
1781283247.067393303,0.000000000,0.000000000,0.000000000
1781283247.070522308,2.867654576,-4.438545494,-0.964748692
1781283247.071355820,2.853772239,-4.446733116,-0.987358517
1781283247.072466850,0.000000000,0.000000000,0.000000000
1781283247.077986240,2.852986620,-4.466766295,-0.976372646
1781283247.079420328,2.854010519,-4.481438183,-0.990433676
1781283247.080862284,2.848073910,-4.500104131,-0.982007972
1781283247.082947731,2.857252296,-4.507190882,-0.973072273
1781283247.084371805,2.848813775,-4.532636385,-0.962861526
1781283247.090224743,2.853350333,-4.536605890,-0.969332936
1781283247.091007948,2.829383198,-4.570645052,-0.963354422
1781283247.092621326,2.811664921,-4.580376991,-0.957674420
1781283247.095424175,2.812039034,-4.595305502,-0.940135519
1781283247.096199989,2.816150956,-4.621414356,-0.944745431
1781283247.097383499,0.000000000,0.000000000,0.000000000
1781283247.100413799,2.821610041,-4.626680996,-0.936290647
1781283247.101064920,2.816508226,-4.629465411,-0.936529383
1781283247.102792740,2.817608624,-4.631299433,-0.940093722
1781283247.104115486,0.000000000,0.000000000,0.000000000
1781283247.105923653,2.805061421,-4.636979530,-0.931267558
1781283247.107922077,2.805041751,-4.658012662,-0.937486705
1781283247.109207630,2.791181882,-4.652056221,-0.947896367
1781283247.115420580,2.800354155,-4.656662731,-0.939867584
1781283247.116181612,2.775478989,-4.672196512,-0.935845404
1781283247.117484570,0.000000000,0.000000000,0.000000000
1781283247.120482206,2.784503022,-4.677638877,-0.924592243
1781283247.121263504,2.770507082,-4.702190025,-0.911681016
1781283247.122435331,0.000000000,0.000000000,0.000000000
1781283247.127920866,2.784557981,-4.706641787,-0.904253988
1781283247.129214764,2.780030058,-4.729744490,-0.886279636
1781283247.131022215,2.788434287,-4.727153670,-0.879987671
1781283247.133933544,2.791115895,-4.734769028,-0.877506633
1781283247.134726048,2.773287079,-4.739144129,-0.861746509
1781283247.135823250,0.000000000,0.000000000,0.000000000
1781283247.140352964,2.781135879,-4.732613530,-0.851208204
1781283247.141191006,2.753304548,-4.733821799,-0.829798746
1781283247.142450094,0.000000000,0.000000000,0.000000000
1781283247.145460367,2.774752008,-4.722850104,-0.839149713
1781283247.146266699,2.758095044,-4.725658237,-0.813985875
1781283247.147472620,0.000000000,0.000000000,0.000000000
1781283247.152905941,2.759933001,-4.714953875,-0.816261243
1781283247.154388428,2.752060180,-4.698015179,-0.795307623
1781283247.155937195,2.726421472,-4.684048049,-0.787988947
1781283247.157958508,2.733641446,-4.671716538,-0.797527215
1781283247.159197330,2.710613607,-4.665290824,-0.790015570
1781283247.162114859,2.724681837,-4.647143172,-0.795568766
1781283247.162755489,2.704355598,-4.643779862,-0.787323956
1781283247.165459633,2.692443380,-4.648571488,-0.772909975
1781283247.166237593,2.665490710,-4.650528132,-0.755722913
1781283247.167459249,0.000000000,0.000000000,0.000000000
1781283247.170469522,2.684992559,-4.620597904,-0.782555180
1781283247.171250820,2.655956833,-4.635560238,-0.763350636
1781283247.172452688,0.000000000,0.000000000,0.000000000
1781283247.177463293,2.673636256,-4.627775899,-0.770615529
1781283247.178166628,2.638685826,-4.657914821,-0.744516958
1781283247.179139376,0.000000000,0.000000000,0.000000000
1781283247.180887222,2.657253350,-4.653506149,-0.761580575
1781283247.182979107,2.658774264,-4.649069190,-0.775580432
1781283247.184248209,2.654225753,-4.657295101,-0.772837889
1781283247.190384388,2.663343343,-4.649611190,-0.789618920
1781283247.191166639,2.615314594,-4.671268044,-0.782497769
1781283247.192407846,0.000000000,0.000000000,0.000000000
1781283247.195421696,2.655928095,-4.639168025,-0.831131995
1781283247.196203470,2.638125116,-4.646786749,-0.823589763
1781283247.197413683,0.000000000,0.000000000,0.000000000
1781283247.202930689,2.655214817,-4.632732720,-0.847628115
1781283247.204368591,2.623624922,-4.638555012,-0.854228401
1781283247.206012487,2.634126733,-4.631739753,-0.872880144
1781283247.207903385,2.618809705,-4.636471648,-0.864705583
1781283247.209187508,2.603537780,-4.649212604,-0.856837651
1781283247.215398550,2.620664706,-4.628171938,-0.884111465
1781283247.216176987,2.572402879,-4.667848264,-0.878975082
1781283247.217424393,0.000000000,0.000000000,0.000000000
1781283247.220475674,2.623561864,-4.634770366,-0.926467499
1781283247.221259117,2.595850222,-4.647805054,-0.925335576
1781283247.222454309,0.000000000,0.000000000,0.000000000
1781283247.224453926,2.620659825,-4.623530894,-0.949111175
1781283247.227872372,2.589869078,-4.632887840,-0.941878174
1781283247.229207039,2.553286079,-4.642774631,-0.925866725
1781283247.230990410,2.596447446,-4.606116505,-0.963315991
1781283247.233002901,2.589117339,-4.606205697,-0.957924909
1781283247.234215736,2.562736635,-4.622697828,-0.938896123
1781283247.240375519,2.583562764,-4.593724120,-0.957561554
1781283247.241028070,2.527323289,-4.591466818,-0.931957021
1781283247.242501497,2.538063994,-4.557930406,-0.949830374
1781283247.245455742,2.543012567,-4.531042242,-0.964664657
1781283247.246203184,2.523864518,-4.525647738,-0.953838228
1781283247.247422695,0.000000000,0.000000000,0.000000000
1781283247.252908468,2.528740479,-4.486008157,-0.971757998
1781283247.254390001,2.483735367,-4.422259391,-0.946798919
1781283247.256064892,2.499235011,-4.384962378,-0.951531039
1781283247.257898331,2.477358687,-4.384644444,-0.941851928
1781283247.259216309,2.464708913,-4.382515901,-0.924656047
1781283247.265433073,2.487006009,-4.361861709,-0.940063623
1781283247.266091585,0.000000000,0.000000000,0.000000000
1781283247.267614603,2.455324299,-4.316534211,-0.916985104
1781283247.270462036,2.479927832,-4.277093476,-0.932375546
1781283247.271237373,2.458444700,-4.279365705,-0.907711010
1781283247.272427797,0.000000000,0.000000000,0.000000000
1781283247.277974844,2.484809053,-4.242439596,-0.933540923
1781283247.279271603,2.403825169,-4.187511231,-0.898144740
1781283247.280832291,2.416975012,-4.159375417,-0.908374943
1781283247.282946587,2.443422621,-4.114833130,-0.939773681
1781283247.284366846,2.455360115,-4.093345620,-0.948584325
1781283247.287508249,2.462879822,-4.088174762,-0.948608752
1781283247.290477276,2.466280250,-4.093671082,-0.927686856
1781283247.291260958,2.477240634,-4.117438429,-0.893287936
1781283247.292474270,0.000000000,0.000000000,0.000000000
1781283247.295449734,2.546447183,-4.080298482,-0.934856227
1781283247.296232462,2.562377177,-4.103215502,-0.904788046
1781283247.297428608,0.000000000,0.000000000,0.000000000
1781283247.302918673,2.607104791,-4.078130955,-0.944014990
1781283247.304166079,2.640234354,-4.131427834,-0.934211242
1781283247.305966139,2.721073186,-4.093707312,-0.997776374
1781283247.307862520,2.730366419,-4.111532983,-0.984567475
1781283247.309329987,2.763776636,-4.097328064,-1.014956021
1781283247.315355539,2.776049682,-4.109498650,-1.005340204
1781283247.316112757,2.810817678,-4.145906747,-0.984586571
1781283247.317426920,0.000000000,0.000000000,0.000000000
1781283247.320461512,2.883218343,-4.111259884,-1.056670370
1781283247.321248531,2.940412423,-4.152122144,-1.039772720
1781283247.322451353,0.000000000,0.000000000,0.000000000
1781283247.328013420,2.989084003,-4.132341484,-1.079552638
1781283247.329311609,3.009847828,-4.141814811,-1.100033363
1781283247.330986500,3.085407020,-4.053745239,-1.257598628
1781283247.332931995,3.079996341,-4.045675949,-1.260360970
1781283247.334189177,3.089003584,-4.038870207,-1.279599683
1781283247.340281487,3.118351460,-3.976813436,-1.362127886
1781283247.341045618,3.126770993,-3.973323816,-1.369627041
1781283247.342681646,3.160022681,-3.896411455,-1.491806288
1781283247.345495224,3.197459805,-3.824037931,-1.588051932
1781283247.346250772,3.191048044,-3.811495817,-1.602024950
1781283247.347442389,0.000000000,0.000000000,0.000000000
1781283247.349479675,3.223448076,-3.716131655,-1.699894923
1781283247.352910280,3.222530810,-3.717889796,-1.688009230
1781283247.354387999,3.242421947,-3.616953589,-1.807945029
1781283247.356022596,3.264782185,-3.509283591,-1.931011568
1781283247.357857943,3.247982326,-3.499872739,-1.923585775
1781283247.359335184,3.263120020,-3.385978969,-2.041561998
1781283247.365392685,3.257652443,-3.382461410,-2.022351308
1781283247.366157293,3.209709809,-3.327937128,-2.008612372
1781283247.367406607,0.000000000,0.000000000,0.000000000
1781283247.370485783,3.235899886,-3.138527019,-2.184958269
1781283247.371251106,3.174554476,-3.086808931,-2.160776649
1781283247.372424603,0.000000000,0.000000000,0.000000000
1781283247.377815723,3.174725296,-2.987233478,-2.221184289
1781283247.379371166,3.155535645,-2.865776920,-2.262700069
1781283247.381019115,3.173552104,-2.794994457,-2.338769111
1781283247.382927895,3.180090350,-2.800960656,-2.343757958
1781283247.384356499,3.202526782,-2.735114326,-2.438166855
1781283247.390561581,3.204288835,-2.751972489,-2.438887923
1781283247.391214609,0.000000000,0.000000000,0.000000000
1781283247.392587423,3.244254779,-2.726556188,-2.538632194
1781283247.394228458,3.255183074,-2.659462095,-2.623622558
1781283247.395973682,3.247785057,-2.678634681,-2.631294496
1781283247.402929068,3.272194789,-2.608869469,-2.706690992
1781283247.404348612,3.309391825,-2.578987692,-2.783465473
1781283247.405968428,3.310924826,-2.519300614,-2.845455973
1781283247.407897472,3.321329745,-2.519544741,-2.855875985
1781283247.409178019,3.322835365,-2.548075730,-2.867444103
1781283247.411944628,3.338908313,-2.468978530,-2.928529161
1781283247.412490845,0.000000000,0.000000000,0.000000000
1781283247.415428162,3.349646500,-2.487168238,-2.930111875
1781283247.416207314,3.364665644,-2.513163724,-2.951493281
1781283247.417414904,0.000000000,0.000000000,0.000000000
1781283247.420504808,3.381070069,-2.396165895,-3.064616100
1781283247.421285629,3.397027168,-2.436095544,-3.104983383
1781283247.422388554,0.000000000,0.000000000,0.000000000
1781283247.427316427,3.422655622,-2.385342291,-3.166968648
1781283247.427910805,0.000000000,0.000000000,0.000000000
1781283247.429266214,3.451143844,-2.443923121,-3.205128364
1781283247.430944443,3.458623030,-2.320109244,-3.326321027
1781283247.432858706,3.461105888,-2.339736359,-3.337333378
1781283247.434378147,3.470108667,-2.281887337,-3.405761737
1781283247.440287352,3.476229964,-2.301123109,-3.409970716
1781283247.440941334,0.000000000,0.000000000,0.000000000
1781283247.442737103,3.522459755,-2.305417499,-3.529861252
1781283247.444336176,3.547823532,-2.264336980,-3.584667132
1781283247.445993900,3.555539302,-2.291082596,-3.607074397
1781283247.452999592,3.574557988,-2.246998865,-3.659003482
1781283247.454345465,3.649997111,-2.337855601,-3.684107895
1781283247.456046104,3.638385002,-2.212689859,-3.802092127
1781283247.457898855,3.668119265,-2.234897178,-3.801950421
1781283247.459432602,3.654889475,-2.176548175,-3.873089245
1781283247.465407610,3.686309323,-2.197902829,-3.860245536
1781283247.466204643,3.737473363,-2.258635840,-3.903135042
1781283247.467466593,0.000000000,0.000000000,0.000000000
1781283247.469223022,3.693825043,-2.094579224,-4.083805546
1781283247.470886230,3.688096950,-2.095524546,-4.154515334
1781283247.474299908,3.690070206,-2.020036272,-4.258839817
1781283247.477907896,3.739929233,-2.061083111,-4.337001200
1781283247.479174137,3.767525546,-2.104190605,-4.413048661
1781283247.480944633,3.711556931,-1.917261833,-4.608215133
1781283247.482982159,3.744291244,-1.947451408,-4.622235757
1781283247.484205008,3.748316978,-1.974834561,-4.655174273
1781283247.489583254,3.737279245,-1.886293592,-4.741955185
1781283247.490992069,3.778571617,-1.950564856,-4.800584833
1781283247.492574453,3.764207659,-1.859189376,-4.879106537
1781283247.495461702,3.732417105,-1.780267850,-4.948565913
1781283247.496210814,3.736109959,-1.805411209,-4.967560808
1781283247.497379065,0.000000000,0.000000000,0.000000000
1781283247.502910614,3.718287479,-1.732755799,-5.030862885
1781283247.504248857,3.761469926,-1.801594086,-5.051079058
1781283247.506035328,3.698605522,-1.650791449,-5.154523816
1781283247.507859707,3.708982827,-1.668822648,-5.165042506
1781283247.509335041,3.680690968,-1.605939652,-5.205838007
1781283247.515272617,3.697047956,-1.625955318,-5.215635560
1781283247.516074419,3.720019927,-1.665149817,-5.228364667
1781283247.517678261,3.700196313,-1.627724605,-5.266930199
1781283247.520414829,3.685762116,-1.572712466,-5.329831349
1781283247.521195650,3.686109567,-1.607830058,-5.329649972
1781283247.522410870,0.000000000,0.000000000,0.000000000
1781283247.527993441,3.665460444,-1.547058634,-5.380098548
1781283247.529358149,3.703351920,-1.638812781,-5.398769507
1781283247.531023741,3.653522068,-1.537181431,-5.491217569
1781283247.532912016,3.670238453,-1.536971440,-5.508012211
1781283247.534341574,3.661379097,-1.501621200,-5.555146690
1781283247.536877155,3.687225618,-1.501657165,-5.572403694
1781283247.537516117,3.719447818,-1.530884383,-5.593393980
1781283247.540436745,3.754812090,-1.539675752,-5.623455269
1781283247.541094065,0.000000000,0.000000000,0.000000000
1781283247.542614937,3.798454925,-1.525137789,-5.721576212
1781283247.545478821,3.811405555,-1.488791279,-5.796950149
1781283247.546267986,3.861867611,-1.523096673,-5.829328535
1781283247.547474861,0.000000000,0.000000000,0.000000000
1781283247.552490711,3.855946214,-1.476680852,-5.902865988
1781283247.554213047,3.955782243,-1.490312765,-6.101251413
1781283247.555996656,3.938167787,-1.443976255,-6.181884702
1781283247.557932854,3.970734701,-1.453890949,-6.213551585
1781283247.559207916,4.003508721,-1.460713204,-6.242528917
1781283247.565550089,3.991603684,-1.408090966,-6.312118291
1781283247.566297293,4.098511924,-1.398413492,-6.406926824
1781283247.567385197,0.000000000,0.000000000,0.000000000
1781283247.570477724,4.038548967,-1.310185996,-6.501071612
1781283247.571250677,4.068146607,-1.308155859,-6.518962770
1781283247.572422743,0.000000000,0.000000000,0.000000000
1781283247.577946186,4.043487340,-1.282916414,-6.568040802
1781283247.579245567,4.108698682,-1.303887054,-6.629721912
1781283247.581018925,4.059811719,-1.251462918,-6.694986983
1781283247.582852602,4.062850043,-1.257854455,-6.693734876
1781283247.584219933,4.072848779,-1.265474204,-6.695448414
1781283247.590298891,4.039021372,-1.243797182,-6.719358390
1781283247.591114044,4.035831760,-1.246996478,-6.700239357
1781283247.592684507,3.996611158,-1.214051970,-6.719089969
1781283247.595530033,3.974352265,-1.173014996,-6.739446044
1781283247.596300602,3.971848508,-1.170350005,-6.743994081
1781283247.597401142,0.000000000,0.000000000,0.000000000
1781283247.602874517,3.948979632,-1.131989845,-6.771586120
1781283247.604377747,3.990951391,-1.107070920,-6.859412618
1781283247.605918169,3.979561136,-1.084725860,-6.885564418
1781283247.607955694,3.996727234,-1.079691022,-6.913352844
1781283247.609214067,4.007724543,-1.080696284,-6.934173502
1781283247.614029884,4.004641408,-1.060840462,-6.968188896
1781283247.614799738,4.052272314,-1.050111569,-7.050426290
1781283247.615797758,0.000000000,0.000000000,0.000000000
1781283247.617693663,4.056259955,-1.041707291,-7.103721299
1781283247.619182587,4.051250344,-1.034914331,-7.150496828
1781283247.620930672,4.078133267,-1.043521032,-7.177954456
1781283247.627982378,4.076454697,-1.052226225,-7.224423862
1781283247.629307508,4.185636319,-1.125521317,-7.332708069
1781283247.630841732,4.189064677,-1.119690760,-7.360116266
1781283247.632894754,4.180104953,-1.115122334,-7.396452156
1781283247.634328604,4.170432092,-1.092504682,-7.445995538
1781283247.640250444,4.191168542,-1.112164096,-7.469678613
1781283247.641016006,4.235901338,-1.142328246,-7.547482059
1781283247.642655611,4.211636817,-1.113568614,-7.602392713
1781283247.645235062,4.195550945,-1.085962203,-7.667076063
1781283247.645754814,0.000000000,0.000000000,0.000000000
1781283247.652905703,4.169315425,-1.063262631,-7.711243769
1781283247.654386044,4.190813362,-1.090619698,-7.832689570
1781283247.656018496,4.164811273,-1.068502549,-7.861099111
1781283247.657957792,4.176443041,-1.067160080,-7.884050901
1781283247.659174919,4.192917476,-1.069979305,-7.898340554
1781283247.661208630,4.184892767,-1.039462935,-7.931769963
1781283247.665431738,4.191001389,-1.041680393,-7.950233199
1781283247.666215420,4.229257221,-1.041998671,-7.990980245
1781283247.667421341,0.000000000,0.000000000,0.000000000
1781283247.670448303,4.211235214,-1.010014410,-8.050915980
1781283247.671209335,4.270980119,-1.041886980,-8.109169460
1781283247.672410250,0.000000000,0.000000000,0.000000000
1781283247.676530838,4.269922185,-1.045109792,-8.140505106
1781283247.677951336,4.322142250,-1.079255777,-8.173748400
1781283247.679295063,4.345293828,-1.098482797,-8.173066844
1781283247.680963516,4.323544349,-1.065054002,-8.214264345
1781283247.682949543,4.332738914,-1.085160392,-8.221391378
1781283247.684166908,4.355852568,-1.120861866,-8.220311369
1781283247.690391779,4.337400721,-1.098700359,-8.242810315
1781283247.691149235,4.378157604,-1.156441113,-8.230525533
1781283247.692423105,0.000000000,0.000000000,0.000000000
1781283247.695397854,4.336545538,-1.098275188,-8.265310763
1781283247.696185827,4.356337341,-1.147331644,-8.259529286
1781283247.697368383,0.000000000,0.000000000,0.000000000
1781283247.702960253,4.333723479,-1.118190065,-8.263495738
1781283247.704199314,4.356631725,-1.178345020,-8.231301919
1781283247.706012249,4.296927134,-1.124876010,-8.256350221
1781283247.707921505,4.302867421,-1.135908945,-8.235752972
1781283247.709252119,4.297183481,-1.160240101,-8.206238035
1781283247.715342760,4.267234747,-1.138247286,-8.200809203
1781283247.716093302,4.251441835,-1.179703097,-8.119826480
1781283247.717727423,4.236491878,-1.176726850,-8.113046265
1781283247.720558882,4.207274486,-1.153508750,-8.114571520
1781283247.721320152,4.227063575,-1.172053388,-8.079975671
1781283247.722372055,0.000000000,0.000000000,0.000000000
1781283247.727885485,4.208381687,-1.167257768,-8.086641073
1781283247.729197741,4.251236263,-1.205981937,-8.062816307
1781283247.730953217,4.215506625,-1.189993816,-8.075972088
1781283247.732960224,4.225844906,-1.198857970,-8.064619860
1781283247.734167814,4.231908953,-1.231548977,-8.043031067
1781283247.737383366,4.212476105,-1.223721553,-8.046725876
1781283247.738039494,4.224441064,-1.242997882,-8.027077390
1781283247.740446806,4.221194882,-1.251258950,-8.018444758
1781283247.741194487,4.238417057,-1.282183101,-8.002084601
1781283247.742408037,0.000000000,0.000000000,0.000000000
1781283247.745444536,4.192523942,-1.251185771,-8.022416997
1781283247.746090651,0.000000000,0.000000000,0.000000000
1781283247.752622128,4.178459422,-1.244089628,-8.018439995
1781283247.754265785,4.187596163,-1.238837202,-7.991857528
1781283247.755994797,4.178617002,-1.240923802,-7.990922314
1781283247.757938623,4.177941964,-1.241204871,-7.986957431
1781283247.759192228,4.183746481,-1.263604776,-7.978169830
1781283247.765275240,4.164055132,-1.244002863,-7.982704422
1781283247.766042233,4.147803928,-1.292533348,-7.979468281
1781283247.767714739,4.129396002,-1.300361131,-7.991350564
1781283247.770479202,4.107604713,-1.296601139,-8.001707747
1781283247.771114111,0.000000000,0.000000000,0.000000000
1781283247.778081417,4.084257233,-1.311578663,-8.007577862
1781283247.779414892,4.100553826,-1.412036467,-7.973079154
1781283247.780944109,4.082103959,-1.407990564,-7.975360822
1781283247.782863855,4.062910025,-1.381505033,-7.978753659
1781283247.784325361,4.040942440,-1.377073075,-7.986392793
1781283247.790418386,4.034376026,-1.396417184,-7.962816678
1781283247.791242838,3.995978839,-1.480551389,-7.880303613
1781283247.792564392,0.000000000,0.000000000,0.000000000
1781283247.794266701,3.940408346,-1.432060102,-7.883411806
1781283247.795942545,3.940946486,-1.472823593,-7.861866912
1781283247.798316479,3.909377921,-1.439067767,-7.858752062
1781283247.802906036,3.907425223,-1.447913683,-7.838826960
1781283247.804343224,3.860430067,-1.461706654,-7.801762375
1781283247.805971622,3.836864660,-1.449407554,-7.803310418
1781283247.807904720,3.829763143,-1.457499759,-7.784413935
1781283247.809414148,3.824032547,-1.479116198,-7.769615034
1781283247.814353943,3.802145035,-1.459974062,-7.756155414
1781283247.816083908,3.793304975,-1.494298520,-7.708678511
1781283247.817746401,3.761910300,-1.486784093,-7.697632211
1781283247.820420265,3.750289806,-1.459947746,-7.704249915
1781283247.821189165,3.728644192,-1.491555347,-7.687316716
1781283247.827990532,3.689943584,-1.427885921,-7.720042576
1781283247.829327583,3.690772437,-1.459048378,-7.696687022
1781283247.830842018,3.676651301,-1.460731787,-7.703855386
1781283247.832928658,3.663223303,-1.456223470,-7.718383761
1781283247.834346771,3.636977123,-1.440967434,-7.737803270
1781283247.840296984,3.640235233,-1.461487622,-7.742380903
1781283247.841114521,3.648689829,-1.533370829,-7.728745105
1781283247.842530727,3.626967659,-1.511266526,-7.735869514
1781283247.845517397,3.583816139,-1.499081386,-7.736034240
1781283247.846289873,3.580889130,-1.544418135,-7.732345214
1781283247.847384214,0.000000000,0.000000000,0.000000000
1781283247.852948666,3.548885936,-1.507011135,-7.728434927
1781283247.854187250,3.531977190,-1.588415879,-7.651796204
1781283247.855983973,3.450809904,-1.492475487,-7.689513425
1781283247.857973337,3.449221688,-1.510268659,-7.673841004
1781283247.859275341,3.427389275,-1.535220074,-7.663901981
1781283247.861629963,3.389196079,-1.491277052,-7.663831302
1781283247.865425110,3.389928635,-1.503089333,-7.647359460
1781283247.866199970,3.353752248,-1.554367804,-7.596203921
1781283247.867433310,0.000000000,0.000000000,0.000000000
1781283247.869258881,3.271676929,-1.482246567,-7.631406803
1781283247.870895863,3.250909165,-1.510728791,-7.615978203
1781283247.876905680,3.218033623,-1.466277899,-7.618389665
1781283247.877729416,3.204178120,-1.481490275,-7.573150283
1781283247.879260540,3.188318949,-1.497204599,-7.562724663
1781283247.881018400,3.134696741,-1.441508200,-7.587718886
1781283247.882994890,3.134020345,-1.439141164,-7.578739874
1781283247.884181261,3.131450841,-1.478086996,-7.563204981
1781283247.890431404,3.103616657,-1.437403316,-7.560849433
1781283247.891273975,3.098661664,-1.456754275,-7.518657302
1781283247.892737865,3.071773250,-1.420193541,-7.522803563
1781283247.894354343,3.052790680,-1.406366450,-7.519865027
1781283247.895963669,3.045143919,-1.411010957,-7.505834704
1781283247.902998686,3.026188798,-1.392688725,-7.505755082
1781283247.904215097,3.004523286,-1.393943557,-7.464425775
1781283247.906023026,2.982389811,-1.372183913,-7.474294807
1781283247.907647133,2.974819982,-1.374899449,-7.465592771
1781283247.909385443,2.966741828,-1.369695017,-7.462794400
1781283247.915519238,2.955408104,-1.362185912,-7.453659599
1781283247.916389227,2.936076904,-1.342464790,-7.448564275
1781283247.917525291,0.000000000,0.000000000,0.000000000
1781283247.920488119,2.925453839,-1.316269932,-7.451938425
1781283247.921280861,2.912016073,-1.304735925,-7.467206767
1781283247.922363758,0.000000000,0.000000000,0.000000000
1781283247.928047895,2.908853173,-1.303691866,-7.476016000
1781283247.929360151,2.904792497,-1.308374280,-7.509658978
1781283247.930869818,2.898283553,-1.304641514,-7.513503870
1781283247.932989359,2.902819140,-1.303607803,-7.533431587
1781283247.934246540,2.891740648,-1.319434854,-7.533331769
1781283247.937555075,2.891807211,-1.302438480,-7.545950795
1781283247.940597296,2.897106445,-1.312298753,-7.551923891
1781283247.941474438,2.890846036,-1.319454502,-7.556811854
1781283247.942526340,0.000000000,0.000000000,0.000000000
1781283247.944240093,2.873909616,-1.317810412,-7.562931214
1781283247.946018219,2.864716661,-1.293976695,-7.573180755
1781283247.952620029,2.850758725,-1.272668435,-7.579059243
1781283247.954205990,2.840590390,-1.251742825,-7.589286146
1781283247.956031561,2.824348667,-1.232430724,-7.602386994
1781283247.958006382,2.825719594,-1.235909899,-7.595754147
1781283247.959324837,2.824167054,-1.236720879,-7.595801254
1781283247.965539455,2.822315530,-1.225044112,-7.599395666
1781283247.966300011,2.823269020,-1.201832525,-7.593123153
1781283247.967412710,0.000000000,0.000000000,0.000000000
1781283247.969208241,2.812091522,-1.163220751,-7.603325792
1781283247.970983267,2.810022205,-1.157569645,-7.594175642
1781283247.978029728,2.810163295,-1.136936904,-7.597951278
1781283247.979369164,2.774568380,-1.066262917,-7.565277211
1781283247.980887413,2.764933839,-1.038271972,-7.550431048
1781283247.982588053,2.753787932,-1.035998762,-7.542165313
1781283247.984252930,2.750938172,-1.023533852,-7.522965646
1781283247.990530491,2.742176949,-1.007547814,-7.511639693
1781283247.991451740,2.701799455,-0.916150940,-7.496396837
1781283247.992486715,0.000000000,0.000000000,0.000000000
1781283247.994301319,2.712865839,-0.947448193,-7.476753403
1781283247.996000767,2.694119389,-0.888889162,-7.468931158
1781283248.002950668,2.699930483,-0.905329755,-7.453753210
1781283248.004203081,2.632809726,-0.785498261,-7.433645678
1781283248.005971432,2.659543950,-0.828531060,-7.406181726
1781283248.007985115,2.642295082,-0.799623175,-7.405240558
1781283248.009298086,2.636125308,-0.754400410,-7.411165600
1781283248.012511969,2.649977126,-0.771178136,-7.399979975
1781283248.015494108,2.618649899,-0.723956338,-7.409911882
1781283248.016262054,2.609227946,-0.669752164,-7.411675334
1781283248.017483711,0.000000000,0.000000000,0.000000000
1781283248.020411491,2.647467469,-0.721075495,-7.395413179
1781283248.021197081,2.618303037,-0.640778414,-7.401178039
1781283248.022390604,0.000000000,0.000000000,0.000000000
1781283248.028100967,2.631679043,-0.675339510,-7.397246213
1781283248.029443979,2.610852572,-0.603801889,-7.394901039
1781283248.030968189,2.624158854,-0.603265962,-7.383447161
1781283248.032941818,2.637067851,-0.642510506,-7.360337483
1781283248.034365177,2.651531952,-0.635448202,-7.348948304
1781283248.040569782,2.643588171,-0.624223936,-7.344915508
1781283248.041420698,2.607067430,-0.559294024,-7.316455914
1781283248.042485714,0.000000000,0.000000000,0.000000000
1781283248.044227839,2.619161189,-0.545835921,-7.304745177
1781283248.045958996,2.616359860,-0.526472261,-7.273706938
1781283248.052949190,2.616701754,-0.554927609,-7.253210965
1781283248.054413557,2.601722865,-0.479810093,-7.244454528
1781283248.055839777,2.602540049,-0.424300754,-7.250397432
1781283248.058062553,2.619127593,-0.440356014,-7.242512973
1781283248.059460878,2.622408081,-0.386131542,-7.243694000
1781283248.065533400,2.630874678,-0.400174248,-7.223972493
1781283248.066304922,2.534794710,-0.240186909,-7.114293439
1781283248.067434788,0.000000000,0.000000000,0.000000000
1781283248.069241762,2.568807321,-0.304042843,-7.036053226
1781283248.070967197,2.528314967,-0.232652683,-6.976194133
1781283248.074526548,2.527915238,-0.282417784,-6.885818637
1781283248.078012466,2.431742232,-0.222375521,-6.721513116
1781283248.079215765,2.321902690,-0.130823935,-6.516628865
1781283248.080950022,2.303587676,-0.147134082,-6.393774802
1781283248.082939148,2.289150081,-0.216228927,-6.266526406
1781283248.084388971,2.273885631,-0.247412861,-6.126854077
1781283248.089468241,2.215192723,-0.216736569,-6.035167753
1781283248.091039658,2.043209699,-0.055519751,-5.796306309
1781283248.092827797,2.060611920,-0.064196455,-5.719532899
1781283248.094242334,2.083593677,-0.127901491,-5.651801294
1781283248.095983028,2.068583422,-0.029014156,-5.610681662
1781283248.102972507,2.106604784,-0.098949428,-5.553721490
1781283248.104184866,2.072330932,0.112541611,-5.526746877
1781283248.105947256,2.186339002,-0.047692375,-5.492403873
1781283248.107944012,2.176800426,-0.016292595,-5.522206257
1781283248.109224081,2.176570404,0.053489413,-5.546375627
1781283248.115358114,2.231096620,-0.041603286,-5.563383499
1781283248.116043091,0.000000000,0.000000000,0.000000000
1781283248.117577076,2.298544008,-0.024215142,-5.667464195
1781283248.120487213,2.352812498,-0.055016709,-5.662541643
1781283248.121257305,2.352617727,0.050576485,-5.697002699
1781283248.122468710,0.000000000,0.000000000,0.000000000
1781283248.128002644,2.381846342,-0.014629070,-5.685338339
1781283248.129350185,2.337046745,0.126344856,-5.669723909
1781283248.130858183,2.389633717,0.118558542,-5.634131390
1781283248.132969618,2.400619833,0.072432319,-5.611137796
1781283248.134193182,2.409658086,0.139175941,-5.590558456
1781283248.136000395,2.423188437,0.091058824,-5.568262450
1781283248.140454531,2.394211280,0.110014609,-5.546875923
1781283248.141375542,2.361426382,0.214706606,-5.468122133
1781283248.142470598,0.000000000,0.000000000,0.000000000
1781283248.144441128,2.439055520,0.121314737,-5.395083232
1781283248.145981789,2.450171829,0.182223290,-5.352623985
1781283248.151479483,2.491590731,0.105538686,-5.291356280
1781283248.152910471,2.441201639,0.156676921,-5.173753553
1781283248.154345989,2.499209679,0.105045284,-5.092275839
1781283248.155991793,2.566246734,0.037078921,-5.020094476
1781283248.158005476,2.540027842,0.053702826,-4.990772675
1781283248.159365892,2.553794898,0.105700617,-4.947430199
1781283248.165230036,2.565705587,-0.014975336,-4.883757504
1781283248.166000128,2.525670304,0.062079064,-4.746644626
1781283248.167623758,2.592202823,-0.045587654,-4.638109638
1781283248.170452356,2.619049294,-0.194324576,-4.553116025
1781283248.171204805,2.634498358,-0.156747271,-4.485724152
1781283248.172431231,0.000000000,0.000000000,0.000000000
1781283248.178139210,2.651952945,-0.304289735,-4.395175959
1781283248.179485083,2.592171019,-0.188632773,-4.184871528
1781283248.180991411,2.673991398,-0.309785940,-4.081363211
1781283248.182953119,2.712154512,-0.456140227,-3.994394515
1781283248.184197187,2.752595340,-0.411217352,-3.945551960
1781283248.190512896,2.775589890,-0.550505380,-3.868666408
1781283248.191399813,2.806800505,-0.419783133,-3.793111671
1781283248.192464113,0.000000000,0.000000000,0.000000000
1781283248.194387197,2.916438285,-0.738428583,-3.640643952
1781283248.196012974,2.956894537,-0.721134150,-3.595772981
1781283248.198617220,2.982476544,-0.861390762,-3.535134253
1781283248.199311018,2.982887638,-0.852545437,-3.529081391
1781283248.202880621,2.983212914,-0.829084812,-3.517443641
1781283248.204370022,3.042113190,-0.962346223,-3.426559793
1781283248.205986977,3.085266180,-1.096494932,-3.332204699
1781283248.208002567,3.084882043,-1.077972140,-3.337675169
1781283248.209306479,3.113846122,-1.080097321,-3.298157897
1781283248.214087725,3.123417164,-1.182911111,-3.251949717
1781283248.214646101,0.000000000,0.000000000,0.000000000
1781283248.216018200,3.134851677,-1.153065084,-3.238128393
1781283248.217617989,3.138407758,-1.238785708,-3.211147337
1781283248.219232798,3.165805531,-1.338640016,-3.158260669
1781283248.220963955,3.201602791,-1.330273102,-3.148463970
1781283248.227968693,3.204452909,-1.422653516,-3.122176288
1781283248.229301453,3.215076937,-1.410866663,-3.108836907
1781283248.230855942,3.220717720,-1.490756301,-3.041121725
1781283248.232975960,3.204739295,-1.563443824,-2.987354663
1781283248.234194279,3.210238895,-1.563296514,-2.962489139
1781283248.240529060,3.195588603,-1.629235295,-2.909808497
1781283248.241476059,3.165231327,-1.602435142,-2.905920321
1781283248.242557287,0.000000000,0.000000000,0.000000000
1781283248.244308233,3.191116444,-1.731448732,-2.834534175
1781283248.245971918,3.231056677,-1.741624992,-2.827963033
1781283248.252950668,3.267244096,-1.794614034,-2.820790077
1781283248.254185200,3.327996490,-1.785587590,-2.845521281
1781283248.255959749,3.336731927,-1.915594772,-2.759426548
1781283248.258022070,3.326132008,-1.897460444,-2.759388854
1781283248.259332418,3.337126938,-1.898187713,-2.734504052
1781283248.265407801,3.327023061,-1.948985605,-2.695888309
1781283248.266198874,3.320829336,-1.931002093,-2.657164076
1781283248.267392159,0.000000000,0.000000000,0.000000000
1781283248.270536900,3.314680401,-2.059220628,-2.538160281
1781283248.271421671,3.335184175,-2.050370500,-2.518652824
1781283248.272603512,0.000000000,0.000000000,0.000000000
1781283248.276243210,3.317355659,-2.120691447,-2.483828022
1781283248.277977705,3.321919683,-2.106905887,-2.482991735
1781283248.279261827,3.342490599,-2.119287389,-2.453276566
1781283248.281003714,3.339961913,-2.188075159,-2.382323880
1781283248.282955408,3.321336923,-2.257245347,-2.333846602
1781283248.284158468,3.327713728,-2.255887391,-2.309872113
1781283248.290256739,3.307106118,-2.326379520,-2.264144201
1781283248.291106939,3.303061809,-2.315284691,-2.227004237
1781283248.292445660,0.000000000,0.000000000,0.000000000
1781283248.294306993,3.279928505,-2.440126443,-2.134704827
1781283248.295999050,3.275102651,-2.439361977,-2.115813240
1781283248.302858114,3.252011970,-2.483156871,-2.097199220
1781283248.304331303,3.251658048,-2.509288606,-2.098979031
1781283248.305985212,3.246968068,-2.553038389,-2.061906027
1781283248.308038712,3.250381833,-2.549941231,-2.080505208
1781283248.309373140,3.246812363,-2.550050408,-2.067320467
1781283248.315475941,3.223912193,-2.588602235,-2.052274511
1781283248.316265583,3.215346243,-2.589705184,-2.048087134
1781283248.317465782,0.000000000,0.000000000,0.000000000
1781283248.320496798,3.185343069,-2.670433239,-1.974686014
1781283248.321287155,3.172030025,-2.657709643,-1.965588980
1781283248.322360039,0.000000000,0.000000000,0.000000000
1781283248.328188419,3.153797970,-2.695615854,-1.949006717
1781283248.329226255,3.193739180,-2.696770646,-1.980293249
1781283248.331035614,3.207692717,-2.744360930,-1.963370307
1781283248.332951307,3.191725147,-2.788212298,-1.944675606
1781283248.334378004,3.181623672,-2.822534003,-1.914850924
1781283248.337585211,3.172440810,-2.825511346,-1.925967505
1781283248.340447187,3.154474731,-2.815055059,-1.933904478
1781283248.341315508,3.144440061,-2.807534831,-1.923949556
1781283248.342744112,3.112247325,-2.840620737,-1.890305415
1781283248.344072104,0.000000000,0.000000000,0.000000000
1781283248.346055746,3.087080310,-2.890233239,-1.827433127
1781283248.352946281,3.034806694,-2.927389920,-1.788587023
1781283248.354197979,3.030205738,-2.930913641,-1.779740174
1781283248.355939627,2.994048465,-3.032750294,-1.689217815
1781283248.358053207,2.978982702,-3.029285782,-1.695505256
1781283248.359363317,2.983802058,-3.017936566,-1.687381062
1781283248.365562916,2.941659411,-3.062048336,-1.651484175
1781283248.366335869,2.933768822,-3.045058915,-1.651207214
1781283248.367453814,0.000000000,0.000000000,0.000000000
1781283248.369297981,2.868856791,-3.123674823,-1.564759068
1781283248.370986462,2.864781116,-3.128448348,-1.551202833
1781283248.378156662,2.842840550,-3.173024832,-1.515623221
1781283248.379476309,2.847497975,-3.185719739,-1.506758767
1781283248.380989552,2.833727231,-3.231567318,-1.452349256
1781283248.382969141,2.824843460,-3.285124827,-1.417461578
1781283248.384211302,2.843841740,-3.287997287,-1.401723098
1781283248.390470028,2.837231699,-3.325636668,-1.368598725
1781283248.391399384,2.881936577,-3.354697576,-1.373028793
1781283248.392444134,0.000000000,0.000000000,0.000000000
1781283248.394193649,2.863224554,-3.435089346,-1.301296612
1781283248.396034479,2.895367815,-3.458121506,-1.295339465
1781283248.400326252,2.893531762,-3.499556188,-1.275892133
1781283248.401013851,2.924762375,-3.520536941,-1.276868442
1781283248.402819633,0.000000000,0.000000000,0.000000000
1781283248.404292583,2.931333553,-3.579825463,-1.237259903
1781283248.405930996,2.919486163,-3.628391966,-1.194013989
1781283248.408035517,2.937568267,-3.633889286,-1.191751394
1781283248.409407139,2.937173071,-3.653888378,-1.170143651
1781283248.415476799,2.934538611,-3.684667612,-1.142149895
1781283248.416261196,2.942675329,-3.703231413,-1.144740062
1781283248.417412996,0.000000000,0.000000000,0.000000000
1781283248.420554399,2.899375239,-3.727271547,-1.108821408
1781283248.421324015,2.891289900,-3.711717325,-1.130454179
1781283248.422444105,0.000000000,0.000000000,0.000000000
1781283248.428010702,2.880477148,-3.720999425,-1.127977933
1781283248.429381132,2.878258850,-3.720520779,-1.162884928
1781283248.430956364,2.867200527,-3.737827563,-1.148852533
1781283248.432949305,2.845213796,-3.754238348,-1.144654539
1781283248.434159279,2.845715787,-3.759268023,-1.142069402
1781283248.440396309,2.827601506,-3.777317728,-1.122783710
1781283248.441244602,2.833193049,-3.783547918,-1.128761008
1781283248.442569017,0.000000000,0.000000000,0.000000000
1781283248.444447994,2.808069407,-3.821107923,-1.069692684
1781283248.445924282,2.808402576,-3.821157498,-1.072738817
1781283248.452939272,2.803366639,-3.837869501,-1.059848358
1781283248.454324245,2.856531735,-3.850311114,-1.115044667
1781283248.455981016,2.826719475,-3.901775356,-1.064062555
1781283248.458057165,2.841411587,-3.910830750,-1.081407133
1781283248.459411860,2.835556270,-3.923994724,-1.072384059
1781283248.465396404,2.832161014,-3.950865324,-1.055877822
1781283248.466180086,2.825799443,-3.978197303,-1.065416367
1781283248.467410326,0.000000000,0.000000000,0.000000000
1781283248.469219923,2.778080624,-4.022958696,-1.008312908
1781283248.470942974,2.776727599,-4.025686755,-1.007984240
1781283248.476727486,2.749812623,-4.043183064,-0.995725577
1781283248.478017092,2.754061320,-4.039653371,-1.053600264
1781283248.479347706,2.758308918,-4.042857534,-1.065913020
1781283248.480858803,2.743993885,-4.071869982,-1.055926442
1781283248.482935905,2.733488317,-4.090040332,-1.044511029
1781283248.484171391,2.714392950,-4.100149172,-1.047900597
1781283248.490419149,2.701651161,-4.118835739,-1.034745889
1781283248.491418362,2.691955349,-4.162146942,-1.046824612
1781283248.492543697,0.000000000,0.000000000,0.000000000
1781283248.494423389,2.641466037,-4.213457366,-0.985909912
1781283248.495951891,2.638294790,-4.227704333,-0.987335568
1781283248.502922773,2.617950358,-4.249502253,-0.955374446
1781283248.504400253,2.597627092,-4.319065649,-0.902907513
1781283248.506039143,2.584254956,-4.361670090,-0.869551900
1781283248.508039951,2.580832340,-4.371721309,-0.850290531
1781283248.509348154,2.589225790,-4.383952876,-0.833760381
1781283248.515436411,2.573151423,-4.411809639,-0.798138450
1781283248.516356707,2.586478170,-4.450242568,-0.722098578
1781283248.517565250,0.000000000,0.000000000,0.000000000
1781283248.519224405,2.561498301,-4.489842123,-0.673171625
1781283248.520889759,2.557723553,-4.499534800,-0.651687941
1781283248.523472548,2.562967593,-4.518457762,-0.635532759
1781283248.524185419,2.557946933,-4.521364348,-0.620307808
1781283248.527971983,2.572089578,-4.528863277,-0.609136253
1781283248.529213905,2.570669991,-4.555267724,-0.571082232
1781283248.530965805,2.544429810,-4.570983228,-0.550293376
1781283248.532988548,2.542412049,-4.591337871,-0.535632409
1781283248.534222841,2.527918435,-4.588973589,-0.521531430
1781283248.538655043,2.518049299,-4.601201556,-0.507471874
1781283248.539295912,2.493648207,-4.591471619,-0.501834848
1781283248.541139603,2.477429167,-4.584944815,-0.504453885
1781283248.542784929,2.454177200,-4.583076770,-0.507039075
1781283248.544193745,2.446469703,-4.567633099,-0.511003959
1781283248.545911312,2.425069171,-4.576198876,-0.509814376
1781283248.552870035,2.427371969,-4.583251785,-0.525220781
1781283248.554324865,2.406327791,-4.602350170,-0.541461706
1781283248.555963755,2.384926929,-4.610227835,-0.547099445
1781283248.557996511,2.383096523,-4.613010716,-0.549802180
1781283248.559264898,2.367428026,-4.615829371,-0.558202538
1781283248.565321207,2.355514999,-4.615352066,-0.554696422
1781283248.566127062,2.321876560,-4.620363820,-0.570831839
1781283248.567727804,2.308234047,-4.623772475,-0.562400823
1781283248.570413589,2.299448981,-4.626449778,-0.566261165
1781283248.571213961,2.289250754,-4.627417590,-0.570120927
1781283248.572425365,0.000000000,0.000000000,0.000000000
1781283248.578043699,2.285382833,-4.626717874,-0.567131098
1781283248.579393864,2.260632703,-4.638885074,-0.576096985
1781283248.580902815,2.250430524,-4.649343761,-0.564423343
1781283248.583048582,2.244771503,-4.657998297,-0.558705254
1781283248.584177971,2.233467673,-4.661769279,-0.552000922
1781283248.590404272,2.231068764,-4.666784660,-0.550900365
1781283248.591335773,2.213897547,-4.682055540,-0.539323333
1781283248.592766762,2.215744215,-4.681693206,-0.532593759
1781283248.594183922,0.000000000,0.000000000,0.000000000
1781283248.596059322,2.199445554,-4.690312098,-0.524480720
1781283248.600696564,2.182505055,-4.693456643,-0.524014225
1781283248.601380110,2.162222656,-4.680923922,-0.511327878
1781283248.602961540,2.143993613,-4.677516895,-0.504604667
1781283248.604233742,0.000000000,0.000000000,0.000000000
1781283248.605842113,2.143642072,-4.680217034,-0.500565206
1781283248.608085155,2.137225229,-4.680131259,-0.499301964
1781283248.609442949,2.135238453,-4.683141343,-0.491144844
1781283248.615488291,2.126429605,-4.683011441,-0.482950374
1781283248.616383553,2.123293210,-4.702687631,-0.454821888
1781283248.617696524,2.121134522,-4.702443003,-0.444928207
1781283248.619132280,0.000000000,0.000000000,0.000000000
1781283248.621082067,2.129268682,-4.709125675,-0.442536248
1781283248.628138304,2.138428642,-4.719133766,-0.433444410
1781283248.629230738,2.132612313,-4.744482560,-0.420281705
1781283248.630827665,2.129276602,-4.746888990,-0.418385458
1781283248.632974386,2.147088108,-4.747191808,-0.429316242
1781283248.634200335,2.139709393,-4.754866655,-0.422183196
1781283248.640604973,2.148443679,-4.757621086,-0.435060624
1781283248.641587973,2.165743402,-4.780710402,-0.428444563
1781283248.642762661,2.171558866,-4.798171817,-0.428202444
1781283248.644115210,0.000000000,0.000000000,0.000000000
1781283248.646042585,2.196195400,-4.797903371,-0.456266504
1781283248.653005838,2.204137283,-4.808274289,-0.464377776
1781283248.654280186,2.219741498,-4.855419373,-0.484249601
1781283248.656040668,2.238424971,-4.859156127,-0.503360047
1781283248.658065557,2.239023236,-4.865978137,-0.505025325
1781283248.659424305,2.246641175,-4.876664947,-0.512136189
1781283248.663451910,2.249683600,-4.880832641,-0.518185577
1781283248.664270401,2.266290265,-4.887183804,-0.526229403
1781283248.665911674,2.272637016,-4.894950302,-0.532768863
1781283248.667669296,2.278785168,-4.899297508,-0.530251624
1781283248.669210196,2.292366306,-4.908320514,-0.540012922
1781283248.670930147,2.290416518,-4.916118300,-0.535688111
1781283248.678147316,2.311431231,-4.924048292,-0.540039630
1781283248.679280758,2.320635429,-4.960806206,-0.529859015
1781283248.680991888,2.323678099,-4.970015985,-0.527879473
1781283248.682991982,2.339311466,-4.984931293,-0.523298504
1781283248.684316874,2.340524939,-5.004394124,-0.525292978
1781283248.690533638,2.361597624,-5.013523699,-0.521391584
1781283248.691694260,2.381004182,-5.063553325,-0.496974741
1781283248.692543745,0.000000000,0.000000000,0.000000000
1781283248.694214582,2.398896475,-5.077878635,-0.501993289
1781283248.696091890,2.423883796,-5.097125648,-0.481680519
1781283248.703034878,2.437898697,-5.097091586,-0.479498482
1781283248.704393625,2.447653221,-5.129464089,-0.412750917
1781283248.705934525,2.464036160,-5.132611412,-0.408969336
1781283248.708158493,2.465114845,-5.127114031,-0.413560304
1781283248.709278107,2.465736520,-5.126328385,-0.398906710
1781283248.710947275,2.467923834,-5.107033707,-0.412058107
1781283248.716635227,2.465913347,-5.100021574,-0.400878162
1781283248.717571020,2.438536428,-5.056091732,-0.402255623
1781283248.719228268,2.467612891,-5.030398154,-0.441341114
1781283248.720961809,2.495543433,-5.010769811,-0.483481210
1781283248.726551294,2.531703743,-4.984766777,-0.528593997
1781283248.727775574,2.518461074,-4.972183016,-0.533671467
1781283248.729295015,2.530530767,-4.965943482,-0.538770727
1781283248.731015205,2.588643963,-4.919561447,-0.626686892
1781283248.732935190,2.580892807,-4.917713858,-0.629083482
1781283248.734187365,2.582677534,-4.907272544,-0.638640223
1781283248.740668058,2.616578774,-4.900547104,-0.668571641
1781283248.741984129,2.626754990,-4.927520328,-0.657861390
1781283248.743057966,2.626412519,-4.931429183,-0.658066375
1781283248.744136095,0.000000000,0.000000000,0.000000000
1781283248.745962620,2.694769487,-4.898110015,-0.723302665
1781283248.753068686,2.724331706,-4.888330049,-0.755790468
1781283248.754400253,2.735898756,-4.918527429,-0.767002163
1781283248.755938292,2.762936170,-4.910024159,-0.796853067
1781283248.758234739,2.796852412,-4.898260296,-0.829233169
1781283248.759398699,2.799575483,-4.904490586,-0.833258661
1781283248.760894299,2.824062263,-4.889947738,-0.865380912
1781283248.765596867,2.815472239,-4.896411366,-0.865396457
1781283248.766646862,2.817007366,-4.905765041,-0.874170296
1781283248.767388105,0.000000000,0.000000000,0.000000000
1781283248.769413471,2.834069204,-4.886087622,-0.893646201
1781283248.771049500,2.860939834,-4.869504271,-0.921271220
1781283248.773049116,2.873822450,-4.850761591,-0.945003154
1781283248.778108120,2.880500220,-4.849509862,-0.948138314
1781283248.779506922,2.870715043,-4.846087419,-0.929834467
1781283248.781047821,2.895653168,-4.815619970,-0.954950369
1781283248.783031940,2.911095891,-4.795593889,-0.972285865
1781283248.784286499,2.904994511,-4.779041525,-0.973138987
1781283248.787947416,2.910204585,-4.751422826,-0.994775789
1781283248.790513515,2.883791540,-4.723214291,-0.990307615
1781283248.791733980,2.844596585,-4.691943435,-0.976969661
1781283248.792783499,2.829994790,-4.669705232,-0.972162118
1781283248.794083595,0.000000000,0.000000000,0.000000000
1781283248.795999050,2.851926763,-4.611045101,-1.014340420
1781283248.803183794,2.862129090,-4.559145266,-1.041485469
1781283248.804533720,2.760448773,-4.466853417,-0.984339842
1781283248.805997610,2.754356651,-4.422021092,-1.001154086
1781283248.807934284,2.760259709,-4.369624381,-1.019548236
1781283248.809475183,2.723964938,-4.333023515,-0.995650233
1781283248.815570593,2.734227220,-4.282698529,-1.018596882
1781283248.816625357,2.657840980,-4.195049602,-0.948559723
1781283248.817766428,2.633828674,-4.186272544,-0.926096710
1781283248.819190502,0.000000000,0.000000000,0.000000000
1781283248.820874691,2.688643826,-4.124018459,-0.984814452
1781283248.828070164,2.719003465,-4.083505316,-1.028068020
1781283248.829415798,2.732675022,-4.132589600,-0.980884863
1781283248.830915689,2.775044260,-4.107106166,-1.019882875
1781283248.832968950,2.813476570,-4.088552166,-1.057050906
1781283248.834213257,2.828860451,-4.106207640,-1.067678474
1781283248.840417147,2.856595658,-4.084983177,-1.126622033
1781283248.841380119,2.909294293,-4.131286203,-1.222057961
1781283248.842565298,2.921924766,-4.136323599,-1.244628980
1781283248.844278574,2.992379710,-4.074906823,-1.387436706
1781283248.845866919,2.980831173,-4.078233479,-1.423200901
1781283248.849644184,3.012890151,-4.062181742,-1.491830594
1781283248.852961063,3.038075906,-4.109400151,-1.488543747
1781283248.854178429,3.049778891,-4.151219144,-1.503699745
1781283248.855982304,3.104517055,-4.080978722,-1.640557251
1781283248.858032227,3.113064983,-4.102446597,-1.635304491
1781283248.859320879,3.109306425,-4.119089441,-1.652320509
1781283248.865154982,3.150296359,-4.080972068,-1.722550005
1781283248.865719318,0.000000000,0.000000000,0.000000000
1781283248.867766619,3.166903019,-4.048181685,-1.817648200
1781283248.870562077,3.205150111,-3.991723701,-1.906008407
1781283248.871415615,3.197205977,-3.996509997,-1.905581719
1781283248.872586012,0.000000000,0.000000000,0.000000000
1781283248.878094196,3.227861704,-3.921838474,-1.998463323
1781283248.879487991,3.184169597,-3.918584150,-1.975465501
1781283248.880843878,3.201634388,-3.834687854,-2.061189151
1781283248.882973194,3.221831845,-3.734835211,-2.143588780
1781283248.884204388,3.202718478,-3.734310041,-2.132121225
1781283248.890397787,3.223101934,-3.637397104,-2.204337403
1781283248.891346455,3.155827529,-3.602023629,-2.143183772
1781283248.892512083,3.145257330,-3.582227657,-2.116576141
1781283248.894233227,3.186992050,-3.400908901,-2.274779556
1781283248.896086693,3.172656575,-3.369983803,-2.260608400
1781283248.902903557,3.179501350,-3.260763044,-2.315524483
1781283248.904379129,3.095932889,-3.061396952,-2.289816421
1781283248.906020880,3.076124230,-2.932680432,-2.368689846
1781283248.908066750,3.033574668,-2.895674324,-2.337126466
1781283248.909418106,2.990662092,-2.853264016,-2.343239511
1781283248.915555477,2.959155132,-2.724448972,-2.398960080
1781283248.916342258,2.854363574,-2.603885780,-2.341293679
1781283248.917444229,0.000000000,0.000000000,0.000000000
1781283248.919227123,2.852816473,-2.393667492,-2.512407903
1781283248.920903683,2.834976855,-2.358564110,-2.535058286
1781283248.926686049,2.828537682,-2.256356205,-2.599196220
1781283248.927616596,2.804583715,-2.250421108,-2.585044854
1781283248.929378510,2.781699560,-2.124818411,-2.707262207
1781283248.931019783,2.755348968,-2.000248000,-2.816805641
1781283248.933063030,2.740304480,-2.002179209,-2.822682208
1781283248.934226036,2.711263633,-1.991239127,-2.853160889
1781283248.940418005,2.703120906,-1.872061747,-2.931608708
1781283248.941352606,2.655442980,-1.900224919,-2.976817945
1781283248.942360163,0.000000000,0.000000000,0.000000000
1781283248.944234610,2.635627001,-1.663256655,-3.154892814
1781283248.945859194,2.612342644,-1.697045217,-3.208580981
1781283248.952960014,2.614347601,-1.599163354,-3.276581365
1781283248.954226494,2.630117943,-1.669704661,-3.324796297
1781283248.955995560,2.628687504,-1.464654195,-3.451425553
1781283248.958096981,2.643818040,-1.492406255,-3.463904906
1781283248.959403515,2.652344319,-1.526266236,-3.489270771
1781283248.965537071,2.662513395,-1.442145738,-3.543581668
1781283248.966426134,2.693479275,-1.506200772,-3.578333821
1781283248.967707634,2.693279897,-1.428787018,-3.616793892
1781283248.969064713,0.000000000,0.000000000,0.000000000
1781283248.970896006,2.671875247,-1.397962021,-3.661577132
1781283248.977978706,2.669262006,-1.349133142,-3.690360092
1781283248.979302883,2.662967195,-1.422915242,-3.673294832
1781283248.980834484,2.655361231,-1.377036696,-3.713772446
1781283248.983022928,2.654635308,-1.324882380,-3.724755838
1781283248.984278917,2.651533211,-1.343927391,-3.720014085
1781283248.987563610,2.653135202,-1.299262319,-3.727531767
1781283248.990484953,2.666255549,-1.321146213,-3.688460997
1781283248.991441488,2.650690856,-1.343915804,-3.674630807
1781283248.992448092,0.000000000,0.000000000,0.000000000
1781283248.994210958,2.602029767,-1.236705164,-3.705830406
1781283248.996051788,2.568836620,-1.271389770,-3.648133172
1781283249.002970695,2.541241662,-1.220051684,-3.644225847
1781283249.004227400,2.472026682,-1.289018523,-3.481495609
1781283249.006036520,2.397734864,-1.157113940,-3.545270706
1781283249.008013487,2.385565852,-1.170509107,-3.510082106
1781283249.009272814,2.349919719,-1.177762969,-3.510636717
1781283249.015469790,2.305798152,-1.110516478,-3.554121949
1781283249.016288280,2.319344599,-1.121471437,-3.625959262
1781283249.017421246,0.000000000,0.000000000,0.000000000
1781283249.019284487,2.214607284,-0.976287277,-3.746845019
1781283249.020998716,2.224511677,-1.007698542,-3.753885202
1781283249.028049707,2.205182752,-0.941553062,-3.784961617
1781283249.029402256,2.228886069,-0.971741711,-3.797736183
1781283249.030919790,2.196233020,-0.907818009,-3.847637348
1781283249.032995701,2.170908233,-0.837166574,-3.882537474
1781283249.034197807,2.179726599,-0.843262661,-3.889076924
1781283249.040560484,2.172029408,-0.791183780,-3.934212766
1781283249.041573524,2.209392476,-0.793380088,-3.959820827
1781283249.042733669,2.224068093,-0.793807227,-3.973870253
1781283249.044101477,0.000000000,0.000000000,0.000000000
1781283249.045909166,2.189915486,-0.735688021,-4.017878602
1781283249.048780918,2.165360356,-0.724074970,-4.054524502
1781283249.049434185,2.171411597,-0.734186084,-4.063329048
1781283249.053030014,2.162751535,-0.749678004,-4.068920370
1781283249.054289818,2.166192491,-0.785663487,-4.071372671
1781283249.055854321,2.147207217,-0.767862602,-4.090990958
1781283249.058044672,2.119502753,-0.751131151,-4.105398836
1781283249.059392691,2.119882195,-0.768064099,-4.102021310
1781283249.064832687,2.092455924,-0.734461953,-4.111720712
1781283249.065973759,2.083062381,-0.788404921,-4.095842514
1781283249.067689180,2.054326383,-0.743773104,-4.108776042
1781283249.069240093,2.030400930,-0.720187416,-4.123288661
1781283249.071002483,2.023787800,-0.736943570,-4.120884617
1781283249.078046799,2.005319484,-0.703646083,-4.129628463
1781283249.079370499,1.995017173,-0.732295113,-4.099868868
1781283249.080954313,1.964993443,-0.698368431,-4.107900781
1781283249.082954645,1.944586806,-0.668588283,-4.115495614
1781283249.084169865,1.948818183,-0.682408140,-4.104513351
1781283249.090233326,1.927977878,-0.650762414,-4.109941194
1781283249.091169119,1.938578133,-0.648529540,-4.106524642
1781283249.092579603,1.925061691,-0.622687232,-4.114918767
1781283249.095577002,1.919328290,-0.594458808,-4.133369940
1781283249.096400261,1.929632843,-0.599028037,-4.124019356
1781283249.097391605,0.000000000,0.000000000,0.000000000
1781283249.102941275,1.915705074,-0.573562731,-4.125934953
1781283249.104249001,1.949856916,-0.589388583,-4.103159937
1781283249.106004000,1.921248020,-0.552365087,-4.122635678
1781283249.108090639,1.928105172,-0.563862415,-4.111602143
1781283249.109401941,1.937407029,-0.564739893,-4.110223549
1781283249.115468502,1.921373770,-0.551488386,-4.122491472
1781283249.116267681,1.953006417,-0.568623659,-4.145832424
1781283249.117393970,0.000000000,0.000000000,0.000000000
1781283249.119268656,1.920672006,-0.510885668,-4.186901786
1781283249.120993137,1.946330093,-0.526934209,-4.195458178
1781283249.125637531,1.937027001,-0.501441743,-4.229485351
1781283249.126437426,1.988446896,-0.539323942,-4.268716838
1781283249.127997160,1.996434921,-0.544423614,-4.280930028
1781283249.129123449,0.000000000,0.000000000,0.000000000
1781283249.130946159,1.992764576,-0.550859854,-4.309852843
1781283249.133009672,1.968869526,-0.521896233,-4.346730818
1781283249.134307146,1.982950683,-0.545996190,-4.356362672
1781283249.140626431,1.952813246,-0.515548091,-4.402086556
1781283249.141849041,2.011903367,-0.576170506,-4.462943686
1781283249.142762661,2.025169100,-0.597181054,-4.481907810
1781283249.144185781,0.000000000,0.000000000,0.000000000
1781283249.146087885,1.983342831,-0.534286611,-4.536079339
1781283249.152921915,1.958862739,-0.517099357,-4.569187882
1781283249.154370546,1.971919064,-0.538477458,-4.635497305
1781283249.156015873,1.956098475,-0.521797244,-4.658656355
1781283249.158113718,1.961547323,-0.537004456,-4.664321812
1781283249.159482241,1.970618452,-0.547737757,-4.665301240
1781283249.165537596,1.943989763,-0.529626665,-4.679834903
1781283249.166437149,1.961053712,-0.560499983,-4.663994524
1781283249.167613029,0.000000000,0.000000000,0.000000000
1781283249.170519114,1.918729431,-0.513423078,-4.680448616
1781283249.171289206,1.925205916,-0.532578407,-4.672744334
1781283249.172419548,0.000000000,0.000000000,0.000000000
1781283249.178198338,1.905883952,-0.506488550,-4.676951943
1781283249.179291725,1.911230347,-0.528867046,-4.635985236
1781283249.180895805,1.897948157,-0.534841018,-4.637045529
1781283249.183043003,1.886837092,-0.517133048,-4.635830045
1781283249.184247255,1.889694170,-0.528442843,-4.626290891
1781283249.187610149,1.879170118,-0.508576923,-4.630207309
1781283249.190538883,1.879538297,-0.522702947,-4.612974830
1781283249.191526413,1.894603561,-0.528818867,-4.607836158
1781283249.192565441,0.000000000,0.000000000,0.000000000
1781283249.194328785,1.874678194,-0.513047958,-4.619413210
1781283249.196082592,1.881749928,-0.509818851,-4.628806103
1781283249.202521563,1.873711905,-0.497366548,-4.648844426
1781283249.205137730,1.910816401,-0.497681370,-4.721845859
1781283249.205907583,1.924648806,-0.501071992,-4.744823324
1781283249.208071232,1.931291794,-0.499097680,-4.779351826
1781283249.209330559,1.946450053,-0.524219623,-4.800158048
1781283249.215544939,1.945754070,-0.515785097,-4.822970937
1781283249.216391325,1.981324834,-0.558192617,-4.893789369
1781283249.217555285,0.000000000,0.000000000,0.000000000
1781283249.220560789,1.965913445,-0.558323796,-4.917307885
1781283249.221371651,1.972537718,-0.563705224,-4.941980067
1781283249.222503901,0.000000000,0.000000000,0.000000000
1781283249.228071213,1.969819570,-0.564971486,-4.963021063
1781283249.229389191,1.977797819,-0.594443658,-5.030476898
1781283249.230887890,1.974740507,-0.587559815,-5.057585801
1781283249.233053446,1.967943512,-0.574137756,-5.074712629
1781283249.234285831,1.969398691,-0.581579281,-5.088245786
1781283249.240243196,1.963688523,-0.582694948,-5.099693783
1781283249.241216183,1.974981691,-0.616376095,-5.126466313
1781283249.242834091,1.963752469,-0.611224988,-5.128405685
1781283249.244410992,1.949195831,-0.604170427,-5.140695417
1781283249.246059656,1.955766480,-0.630836896,-5.139494790
1781283249.248520136,1.933183562,-0.608037430,-5.142113492
1781283249.249059200,0.000000000,0.000000000,0.000000000
1781283249.252989292,1.943574902,-0.621498982,-5.142502853
1781283249.254268408,1.940959574,-0.645387542,-5.144485360
1781283249.256026983,1.917293868,-0.623746511,-5.159882015
1781283249.258083344,1.916358463,-0.622000454,-5.168711794
1781283249.259376049,1.923618303,-0.644959559,-5.173804714
1781283249.263688087,1.919287103,-0.619980136,-5.187407032
1781283249.264368296,1.934666248,-0.624543762,-5.201000395
1781283249.266052961,1.940968416,-0.650363346,-5.208404316
1781283249.267765045,1.935893586,-0.619843591,-5.223516662
1781283249.269270897,1.929876606,-0.623254545,-5.229535592
1781283249.270972252,1.930796987,-0.628603445,-5.228266867
1781283249.278023958,1.927172461,-0.624247356,-5.234195239
1781283249.279377699,1.942716056,-0.616425549,-5.231779481
1781283249.280880690,1.937968919,-0.600112549,-5.236217566
1781283249.283029795,1.931336298,-0.605562626,-5.232706328
1781283249.284257412,1.933867860,-0.598715165,-5.234798185
1781283249.290557861,1.925475486,-0.598607638,-5.223071577
1781283249.291536808,1.930155189,-0.582938543,-5.222737893
1781283249.292676687,1.922650059,-0.586286743,-5.224947492
1781283249.294363737,1.922028807,-0.595496067,-5.223340438
1781283249.296086073,1.922499229,-0.592964174,-5.222893896
1781283249.302963495,1.920598625,-0.597985065,-5.218469100
1781283249.304175615,1.922606564,-0.583037117,-5.213292395
1781283249.306007624,1.932577686,-0.605726533,-5.208133381
1781283249.308032274,1.930982836,-0.605447260,-5.206653861
1781283249.309320450,1.928099681,-0.597534779,-5.206487858
1781283249.315387726,1.926682098,-0.611589755,-5.206547594
1781283249.316158295,1.917243658,-0.581556009,-5.217782777
1781283249.317450762,0.000000000,0.000000000,0.000000000
1781283249.320429802,1.924372354,-0.594992784,-5.214270241
1781283249.321210623,1.931174649,-0.566776631,-5.235160158
1781283249.322417259,0.000000000,0.000000000,0.000000000
1781283249.325569153,1.939869800,-0.580629946,-5.235166172
1781283249.326595306,1.941243548,-0.572802653,-5.241418053
1781283249.327962399,1.945686707,-0.567362967,-5.245231519
1781283249.329075575,0.000000000,0.000000000,0.000000000
1781283249.330905914,1.950721106,-0.569875183,-5.244858015
1781283249.333020210,1.956191941,-0.574438752,-5.246488443
1781283249.334291697,1.964615852,-0.559687408,-5.253651874
1781283249.340578794,1.965953982,-0.567437302,-5.252650406
1781283249.341573954,1.969148726,-0.543325065,-5.261419012
1781283249.342574120,0.000000000,0.000000000,0.000000000
1781283249.344280481,1.974000959,-0.550255544,-5.258515225
1781283249.345990658,1.969792710,-0.530025476,-5.263026262
1781283249.352868319,1.970811426,-0.531491291,-5.264779311
1781283249.354335308,1.967582042,-0.505267031,-5.247777557
1781283249.356001377,1.975197513,-0.506750866,-5.242141840
1781283249.358124733,1.969736043,-0.496317587,-5.229521080
1781283249.359182596,1.970211921,-0.490497075,-5.224072598
1781283249.365386009,1.963044295,-0.492591158,-5.210938265
1781283249.366278887,1.958724623,-0.463103491,-5.175057911
1781283249.367472410,0.000000000,0.000000000,0.000000000
1781283249.370518446,1.968359655,-0.487456503,-5.165447353
1781283249.371300697,1.965006770,-0.460844275,-5.149423065
1781283249.372399330,0.000000000,0.000000000,0.000000000
1781283249.378033400,1.961799120,-0.467400643,-5.141239930
1781283249.379384518,1.967333234,-0.436568377,-5.132286997
1781283249.380895615,1.966304401,-0.433079874,-5.127186695
1781283249.383029938,1.971159115,-0.451466864,-5.113181881
1781283249.384231806,1.967593546,-0.426567217,-5.114563788
1781283249.387611151,1.969627816,-0.454323504,-5.102085912
1781283249.390544891,1.963693477,-0.449653640,-5.103625022
1781283249.391523361,1.952843623,-0.435310291,-5.092096188
1781283249.392539978,0.000000000,0.000000000,0.000000000
1781283249.394246817,1.952362323,-0.451835337,-5.082760237
1781283249.396130085,1.949241365,-0.442134122,-5.077247198
1781283249.402929306,1.947743087,-0.450951117,-5.067389977
1781283249.404307127,1.936548304,-0.432130443,-5.059736892
1781283249.405996323,1.947144735,-0.447001638,-5.051678910
1781283249.408058405,1.942443917,-0.439511691,-5.050275691
1781283249.409319162,1.944004315,-0.419084335,-5.046655254
1781283249.415327311,1.948898253,-0.433971042,-5.037073930
1781283249.416189194,1.943079602,-0.389241197,-5.028551958
1781283249.417550802,1.947855630,-0.406595852,-5.019281652
1781283249.420481682,1.945273807,-0.394684899,-5.015401303
1781283249.421254635,1.937259255,-0.378531460,-5.015034641
1781283249.422578573,1.928170270,-0.382217300,-5.006385124
1781283249.428147316,1.924807960,-0.381532479,-5.007354417
1781283249.429408073,1.890086782,-0.340877042,-4.991544385
1781283249.430901527,1.889799530,-0.350379342,-4.973311513
1781283249.433003426,1.897212098,-0.358549087,-4.961560570
1781283249.434359550,1.886970041,-0.342137773,-4.965283378
1781283249.440571785,1.895327117,-0.353834086,-4.954748123
1781283249.441560745,1.873039384,-0.270702121,-4.969602862
1781283249.442578077,0.000000000,0.000000000,0.000000000
1781283249.444267511,1.905350588,-0.309563915,-4.953874756
1781283249.446022749,1.895948708,-0.262351042,-4.956263471
1781283249.452984810,1.913312131,-0.293352263,-4.952730812
1781283249.454255342,1.890960527,-0.194237667,-4.951864143
1781283249.455969095,1.899661399,-0.186847298,-4.931597638
1781283249.458189487,1.911586178,-0.217760817,-4.905785653
1781283249.459220409,1.906497783,-0.172967286,-4.901811707
1781283249.462603331,1.921233482,-0.201505078,-4.877695945
1781283249.465515614,1.909566469,-0.161712567,-4.853145209
1781283249.466344118,1.894737932,-0.091596247,-4.815617380
1781283249.467488766,0.000000000,0.000000000,0.000000000
1781283249.470563650,1.920865746,-0.132968557,-4.787804730
1781283249.471453905,1.923067783,-0.092813790,-4.763410063
1781283249.472413540,0.000000000,0.000000000,0.000000000
1781283249.477893114,1.931490596,-0.107694154,-4.740520602
1781283249.479482889,1.906458288,0.010595929,-4.664025920
1781283249.480880499,1.937955309,0.009827827,-4.639457469
1781283249.483020544,1.954164243,-0.008299301,-4.611331018
1781283249.484378815,1.943049377,0.024828613,-4.575417296
1781283249.490375280,1.948342591,0.001338744,-4.544115973
1781283249.491348505,1.895828560,0.076990911,-4.447834734
1781283249.492759228,1.894071600,0.047497475,-4.413206436
1781283249.494301796,1.902777480,0.031520831,-4.364413759
1781283249.495891333,1.886147921,0.076518621,-4.333877368
1781283249.502954006,1.891978197,0.034209437,-4.290343560
1781283249.504278898,1.804049514,0.120213696,-4.153914700
1781283249.506028175,1.827728064,0.053776262,-4.100053429
1781283249.507950306,1.801633159,0.057313724,-4.072185208
1781283249.509409666,1.772880612,0.095243995,-4.041465489
1781283249.515578032,1.771610054,0.043537146,-3.997478040
1781283249.516341686,1.635452342,0.075990436,-3.845626677
1781283249.517455339,0.000000000,0.000000000,0.000000000
1781283249.519277811,1.654999573,0.001334161,-3.783587341
1781283249.520887613,1.631080942,0.026556193,-3.745501836
1781283249.522558451,1.616873690,-0.020572628,-3.696797782
1781283249.528114080,1.590979712,-0.002201080,-3.663050251
1781283249.529443741,1.533703786,0.058608266,-3.594623164
1781283249.530941010,1.551009590,0.054595242,-3.571138998
1781283249.533017635,1.566558103,0.013339484,-3.567682905
1781283249.534371138,1.571375392,0.048593520,-3.563534842
1781283249.537417650,1.606518109,0.004715194,-3.575744126
1781283249.538152695,1.619342349,0.023391798,-3.596931673
1781283249.540473700,1.617521226,0.031585864,-3.608355427
1781283249.541487217,1.640897962,0.063951901,-3.605924918
1781283249.542745829,1.642669431,0.075797009,-3.611022440
1781283249.544191360,0.000000000,0.000000000,0.000000000
1781283249.546060324,1.741325445,0.022620198,-3.577789019
1781283249.552616596,1.759662094,-0.016743428,-3.568224462
1781283249.554322720,1.804471244,0.002086010,-3.587255915
1781283249.555847883,1.816993843,0.037901911,-3.593636185
1781283249.558098555,1.839389809,-0.014525443,-3.592254178
1781283249.559402704,1.857628503,0.022512481,-3.598061515
1781283249.565562963,1.890889726,-0.042489278,-3.595369895
1781283249.566410065,1.911934394,0.021296575,-3.640527526
1781283249.567549944,0.000000000,0.000000000,0.000000000
1781283249.569219351,2.016866682,-0.167654333,-3.558500425
1781283249.571000814,2.034553776,-0.141763340,-3.537264379
1781283249.578056335,2.058421731,-0.254033700,-3.483367013
1781283249.579380989,1.966119667,-0.183659557,-3.399316653
1781283249.580891371,2.026101173,-0.277549348,-3.335763701
1781283249.582919836,2.047018413,-0.396625694,-3.279205131
1781283249.584306717,2.061239963,-0.366759402,-3.262026794
1781283249.590520620,2.094656622,-0.485436373,-3.198220703
1781283249.591490507,2.048405252,-0.413875220,-3.138678753
1781283249.592468739,0.000000000,0.000000000,0.000000000
1781283249.594268799,2.138836886,-0.670604016,-2.986896307
1781283249.595863581,2.107713402,-0.621234318,-2.930381159
1781283249.598905087,2.118675000,-0.734217918,-2.868259602
1781283249.599405289,0.000000000,0.000000000,0.000000000
1781283249.602995634,2.054236871,-0.694352749,-2.836778521
1781283249.604212999,2.041513654,-0.651419139,-2.793317468
1781283249.605866432,2.083554352,-0.752947647,-2.708234260
1781283249.608142138,2.078709430,-0.861606531,-2.642380800
1781283249.609428883,2.086957933,-0.831932434,-2.612908916
1781283249.614107609,2.085667961,-0.944003488,-2.558680136
1781283249.614806652,2.067183476,-0.903191827,-2.564554461
1781283249.615943432,0.000000000,0.000000000,0.000000000
1781283249.617755175,2.095759586,-1.002887346,-2.496308425
1781283249.619287729,2.129275802,-1.082041453,-2.429059406
1781283249.620981693,2.126938934,-1.062025404,-2.410304179
1781283249.628144741,2.117374983,-1.136215002,-2.356342203
1781283249.629504919,2.046600678,-1.071556194,-2.337029192
1781283249.631037712,2.058777956,-1.143220911,-2.282437553
1781283249.633005857,2.065903777,-1.214904398,-2.251883024
1781283249.634208202,2.078296761,-1.212635241,-2.250077277
1781283249.640519619,2.111179963,-1.274199180,-2.227310073
1781283249.641518593,2.118425892,-1.269371095,-2.254170164
1781283249.642508984,0.000000000,0.000000000,0.000000000
1781283249.644223690,2.139341689,-1.397420801,-2.173569948
1781283249.645886660,2.169672803,-1.399176141,-2.161565220
1781283249.652973413,2.157091709,-1.466574107,-2.112971112
1781283249.654211760,2.137885856,-1.465098981,-2.153755130
1781283249.656005621,2.133105701,-1.574763440,-2.084652034
1781283249.658137798,2.132194450,-1.569610957,-2.115854301
1781283249.659448624,2.138717554,-1.567758021,-2.139792923
1781283249.665522099,2.148513139,-1.618104000,-2.141247736
1781283249.666404486,2.147458042,-1.604297205,-2.202912562
1781283249.667582512,0.000000000,0.000000000,0.000000000
1781283249.669211864,2.139986638,-1.698371336,-2.131164135
1781283249.670955896,2.121510359,-1.682209255,-2.139083297
1781283249.675795317,2.103027660,-1.734526065,-2.109687921
1781283249.676631927,2.063283040,-1.731447875,-2.107178041
1781283249.677951336,2.040239373,-1.730490683,-2.100415198
1781283249.679258585,0.000000000,0.000000000,0.000000000
1781283249.680919170,2.062312814,-1.779382056,-2.036252153
1781283249.683019638,2.045475068,-1.832416268,-1.995087671
1781283249.684274197,2.062294939,-1.832978758,-1.988335271
1781283249.690570593,2.044927132,-1.883895371,-1.949311917
1781283249.691632271,2.056719326,-1.910315990,-1.957605465
1781283249.692377090,0.000000000,0.000000000,0.000000000
1781283249.694336891,2.048010533,-2.000072282,-1.874306671
1781283249.696105719,2.060193506,-2.004702148,-1.859250055
1781283249.702924490,2.051668662,-2.043027601,-1.823883829
1781283249.704391003,2.051001506,-2.098923644,-1.767611060
1781283249.706034184,2.055760384,-2.140540646,-1.715549216
1781283249.708071709,2.046606011,-2.145765699,-1.713334109
1781283249.709345579,2.061373228,-2.148353113,-1.704321858
1781283249.715362310,2.044854330,-2.186000760,-1.675638027
1781283249.716238737,2.061509012,-2.178013927,-1.700194768
1781283249.717408180,0.000000000,0.000000000,0.000000000
1781283249.720438004,2.047115731,-2.251453786,-1.631120223
1781283249.721257687,2.059105921,-2.259623812,-1.627501910
1781283249.722528696,2.050571481,-2.288036724,-1.599010808
1781283249.728148460,2.044651180,-2.290149188,-1.606320456
1781283249.729420900,2.062149785,-2.301216942,-1.595380160
1781283249.730925560,2.045725725,-2.334367111,-1.551047687
1781283249.732949972,2.043098719,-2.368474843,-1.523707614
1781283249.734158754,2.044034417,-2.368408555,-1.503246349
1781283249.736335278,2.032726210,-2.400323776,-1.477364729
1781283249.740577698,2.026826911,-2.398210731,-1.481085351
1781283249.741609097,2.071151247,-2.407421050,-1.489332935
1781283249.742623568,0.000000000,0.000000000,0.000000000
1781283249.744332790,2.058067276,-2.475688993,-1.431763912
1781283249.746068954,2.073820014,-2.478431340,-1.424382279
1781283249.752350330,2.062780028,-2.509358810,-1.413366604
1781283249.753012657,2.109088919,-2.540637821,-1.415037783
1781283249.754103661,0.000000000,0.000000000,0.000000000
1781283249.755845785,2.107729948,-2.583802519,-1.359810072
1781283249.758122444,2.099041349,-2.613622824,-1.333505322
1781283249.759367466,2.112039295,-2.623495483,-1.316905543
1781283249.765558004,2.104172425,-2.660280443,-1.286389712
1781283249.766467810,2.171068992,-2.718809906,-1.286970825
1781283249.767412663,0.000000000,0.000000000,0.000000000
1781283249.769239187,2.156966644,-2.786640790,-1.238899994
1781283249.771040201,2.162445439,-2.796684191,-1.243274129
1781283249.778092623,2.154391695,-2.826956696,-1.223681532
1781283249.779393911,2.169829333,-2.870482301,-1.232835913
1781283249.780886412,2.142906885,-2.908342123,-1.203803936
1781283249.783035994,2.132287808,-2.942273517,-1.177069262
1781283249.784240007,2.125996682,-2.959050165,-1.171432669
1781283249.790498018,2.120566818,-2.995172915,-1.147051879
1781283249.791297674,2.134851775,-3.024299083,-1.162042623
1781283249.792436600,0.000000000,0.000000000,0.000000000
1781283249.794282913,2.081744638,-3.079151053,-1.116683809
1781283249.795905828,2.089048793,-3.083611966,-1.136569941
1781283249.803019762,2.060971746,-3.106892968,-1.127121023
1781283249.804244995,2.092128514,-3.105498464,-1.196751815
1781283249.806018591,2.050688945,-3.139224414,-1.170803718
1781283249.808032751,2.052876326,-3.149163498,-1.180452254
1781283249.809299231,2.042957703,-3.154203286,-1.196683270
1781283249.812239408,2.027458144,-3.188066452,-1.187720473
1781283249.813266754,2.025871774,-3.204580062,-1.200398852
1781283249.815331221,2.027231155,-3.206066724,-1.202021787
1781283249.816107273,2.034806046,-3.218414112,-1.208386327
1781283249.817624807,0.000000000,0.000000000,0.000000000
1781283249.820467949,1.986653216,-3.268000733,-1.163665927
1781283249.821251631,1.979537387,-3.278015897,-1.175768015
1781283249.822448015,0.000000000,0.000000000,0.000000000
1781283249.827680349,1.935158243,-3.329153869,-1.114852676
1781283249.829216480,1.951611425,-3.357637337,-1.139623112
1781283249.831002474,1.934733342,-3.383856242,-1.116683542
1781283249.833062649,1.929446062,-3.386505019,-1.122726380
1781283249.834162474,1.918983954,-3.389628897,-1.133453331
1781283249.840520382,1.902433302,-3.415189899,-1.111255614
1781283249.841314554,1.875688078,-3.440820266,-1.095253951
1781283249.842412233,0.000000000,0.000000000,0.000000000
1781283249.845510006,1.840267252,-3.476996367,-1.047395662
1781283249.846300364,1.830228682,-3.490076860,-1.038297710
1781283249.847408056,0.000000000,0.000000000,0.000000000
1781283249.852975845,1.813757283,-3.501925259,-1.018845723
1781283249.854246855,1.784704959,-3.504371581,-1.017062724
1781283249.856043577,1.748312696,-3.529831669,-0.986169671
1781283249.857587576,1.738522976,-3.528723529,-0.990866394
1781283249.859201193,1.727275711,-3.537928950,-0.986946579
1781283249.865634441,1.719787857,-3.530063713,-0.992282397
1781283249.866401672,1.722606680,-3.524063764,-1.007729598
1781283249.867498159,0.000000000,0.000000000,0.000000000
1781283249.870481491,1.696969228,-3.551873171,-0.980256711
1781283249.871268988,1.692542451,-3.560493606,-0.974146851
1781283249.872350693,0.000000000,0.000000000,0.000000000
1781283249.878016233,1.686625434,-3.569737598,-0.960792149
1781283249.879175663,1.700029568,-3.577047364,-0.969989997
1781283249.880891085,1.686876347,-3.600408119,-0.950373067
1781283249.883030415,1.673362348,-3.608383184,-0.937759701
1781283249.884289026,1.672965553,-3.612462583,-0.932345785
1781283249.887664080,1.658895140,-3.628782477,-0.925342200
1781283249.890515089,1.672621595,-3.624258419,-0.941638805
1781283249.891292810,1.671891783,-3.641953943,-0.938023294
1781283249.892415047,0.000000000,0.000000000,0.000000000
1781283249.895431042,1.636951545,-3.669875983,-0.916133031
1781283249.896222115,1.636288377,-3.687385490,-0.919710676
1781283249.897428513,0.000000000,0.000000000,0.000000000
1781283249.902540922,1.613462784,-3.697123637,-0.914485598
1781283249.904190540,1.612959488,-3.708714992,-0.899846913
1781283249.905919075,1.582862262,-3.723809336,-0.878307155
1781283249.908038378,1.576171774,-3.740285694,-0.863009871
1781283249.909286737,1.560570566,-3.742888992,-0.859216751
1781283249.915468931,1.555164397,-3.753989129,-0.842750334
1781283249.916241407,1.544783783,-3.762549445,-0.836162699
1781283249.917390823,0.000000000,0.000000000,0.000000000
1781283249.920504570,1.511792417,-3.789943353,-0.810492020
1781283249.921294928,1.482260349,-3.797625681,-0.799276023
1781283249.922400236,0.000000000,0.000000000,0.000000000
1781283249.928009510,1.474908706,-3.806627648,-0.782028964
1781283249.929358006,1.463459407,-3.824306489,-0.751581476
1781283249.930829287,1.446996229,-3.835084551,-0.727684215
1781283249.933086872,1.427565066,-3.844359695,-0.704848052
1781283249.934172392,1.425395562,-3.850276146,-0.695192419
1781283249.940553188,1.414996041,-3.867279369,-0.671805438
1781283249.941363573,1.413153697,-3.882892306,-0.638483147
1781283249.942504406,0.000000000,0.000000000,0.000000000
1781283249.945525169,1.390503387,-3.904404330,-0.607385352
1781283249.946302891,1.394101586,-3.907789298,-0.602494198
1781283249.947374582,0.000000000,0.000000000,0.000000000
1781283249.952957153,1.391889788,-3.923414888,-0.589509345
1781283249.954202652,1.401422136,-3.936828034,-0.613233471
1781283249.955985785,1.379742570,-3.960928150,-0.611870051
1781283249.958036661,1.375461176,-3.962523714,-0.620065356
1781283249.959280968,1.370952694,-3.977323440,-0.620477229
1781283249.964534760,1.349291248,-3.991680983,-0.619939639
1781283249.965865135,1.340541946,-4.025313737,-0.629654354
1781283249.967679739,1.325126408,-4.036950036,-0.626020734
1781283249.969200611,1.302827208,-4.056849954,-0.612610012
1781283249.970971823,1.288682844,-4.062247812,-0.619130130
1781283249.977972984,1.278157656,-4.078797413,-0.607798918
1781283249.979222059,1.274372409,-4.112338043,-0.611485442
1781283249.981032372,1.234634613,-4.133300194,-0.589396019
1781283249.982989073,1.239850831,-4.141238368,-0.592034613
1781283249.984205484,1.216909193,-4.150632121,-0.586624420
1781283249.990518093,1.211116298,-4.161582016,-0.576572175
1781283249.991278648,1.189084232,-4.184626617,-0.564683277
1781283249.992476702,0.000000000,0.000000000,0.000000000
1781283249.994960070,1.161104957,-4.213856820,-0.531367475
1781283249.995888710,1.143954633,-4.226989085,-0.518963271
1781283250.002985716,1.129105007,-4.228627185,-0.502057624
1781283250.004221916,1.114387124,-4.248803678,-0.465751037
1781283250.005966187,1.079108393,-4.263381178,-0.431851200
1781283250.008034468,1.080858663,-4.262754958,-0.423985540
1781283250.009262800,1.070892499,-4.266450643,-0.409445851
1781283250.011102200,1.058033184,-4.266410151,-0.388882718
1781283250.015469313,1.059697069,-4.269183437,-0.379311237
1781283250.016246080,1.056593485,-4.277853784,-0.348501588
1781283250.017450094,0.000000000,0.000000000,0.000000000
1781283250.020444870,1.036161222,-4.291914200,-0.322027662
1781283250.021226168,1.042391923,-4.314281377,-0.281992500
1781283250.022445679,0.000000000,0.000000000,0.000000000
1781283250.026300192,1.036328805,-4.321527638,-0.266378209
1781283250.028028488,1.040146199,-4.338584539,-0.244035948
1781283250.029392481,1.044094288,-4.344935118,-0.229065167
1781283250.030849695,1.030138951,-4.343174112,-0.217608551
1781283250.033185244,1.023515428,-4.346618519,-0.207287688
1781283250.034198046,1.010993107,-4.346499801,-0.191269957
1781283250.040476799,1.011000838,-4.346575292,-0.183733670
1781283250.041261196,1.007143406,-4.330935479,-0.155524013
1781283250.042387009,0.000000000,0.000000000,0.000000000
1781283250.045547485,0.996539365,-4.333175260,-0.152000373
1781283250.046342134,0.993243209,-4.318689203,-0.150181232
1781283250.047460556,0.000000000,0.000000000,0.000000000
1781283250.052985907,0.983345965,-4.320509477,-0.156847845
1781283250.054228783,0.969914885,-4.307016169,-0.168994071
1781283250.055846691,0.957809661,-4.307619781,-0.169497131
1781283250.057997942,0.955477271,-4.304403302,-0.185511024
1781283250.059256077,0.947987296,-4.302770278,-0.182476254
1781283250.065435648,0.941585946,-4.307161370,-0.187736250
1781283250.066209793,0.926984254,-4.313080582,-0.196999933
1781283250.067413568,0.000000000,0.000000000,0.000000000
1781283250.070524454,0.915036484,-4.313163351,-0.193325441
1781283250.071306229,0.908466611,-4.311990544,-0.197910389
1781283250.072384834,0.000000000,0.000000000,0.000000000
1781283250.078048706,0.915631212,-4.315736240,-0.199710559
1781283250.079412699,0.915055517,-4.318926937,-0.191643716
1781283250.080877066,0.913726760,-4.317023118,-0.191979096
1781283250.083044291,0.915670276,-4.324138696,-0.183483266
1781283250.084251642,0.916226108,-4.329488086,-0.183098242
1781283250.087384701,0.922006352,-4.331678074,-0.173768071
1781283250.087932587,0.000000000,0.000000000,0.000000000
1781283250.090469599,0.920231709,-4.337104523,-0.162649326
1781283250.091306210,0.931048935,-4.338157314,-0.152292124
1781283250.092477322,0.000000000,0.000000000,0.000000000
1781283250.095466614,0.942590433,-4.340798845,-0.152706461
1781283250.096249580,0.935638973,-4.339913657,-0.141458442
1781283250.097398758,0.000000000,0.000000000,0.000000000
1781283250.102550507,0.948222321,-4.342535694,-0.137366161
1781283250.104232788,0.965094987,-4.335847907,-0.119831306
1781283250.105923176,0.959654568,-4.337797045,-0.110406733
1781283250.108017445,0.963360702,-4.339537105,-0.109546663
1781283250.109320402,0.960853464,-4.331805368,-0.105550494
1781283250.115537167,0.968911382,-4.331378700,-0.112188328
1781283250.116289854,0.979758151,-4.335218837,-0.079245568
1781283250.117370605,0.000000000,0.000000000,0.000000000
1781283250.120479584,0.993193976,-4.335405808,-0.082023838
1781283250.121267080,0.993993068,-4.336348649,-0.076072684
1781283250.122484446,0.000000000,0.000000000,0.000000000
1781283250.127950907,1.006654578,-4.346488960,-0.067000339
1781283250.129271746,1.034726034,-4.358781525,-0.029363196
1781283250.131038904,1.038249784,-4.353990389,-0.033065344
1781283250.133017540,1.053798979,-4.351228786,-0.025755878
1781283250.134253025,1.053424140,-4.349001966,-0.012398067
1781283250.140455961,1.071444302,-4.354659577,-0.015938199
1781283250.141257286,1.087210195,-4.330614411,0.032284005
1781283250.142397642,0.000000000,0.000000000,0.000000000
1781283250.145500422,1.096049498,-4.321783263,0.025686075
1781283250.146278858,1.098334919,-4.309407654,0.038344202
1781283250.147368431,0.000000000,0.000000000,0.000000000
1781283250.149288177,1.108442675,-4.303721297,0.039733853
1781283250.152947426,1.106813540,-4.277447892,0.055748696
1781283250.154269218,1.105630902,-4.257841498,0.070829024
1781283250.156040907,1.116139821,-4.248693299,0.049089933
1781283250.158020973,1.124925839,-4.243260671,0.052069285
1781283250.159267902,1.118716453,-4.230313563,0.058089717
1781283250.165110350,1.130725608,-4.219706128,0.044983089
1781283250.166028023,1.110911853,-4.180805054,0.046203500
1781283250.167676687,1.121144420,-4.165932782,0.027387495
1781283250.169256210,1.119774226,-4.147714585,0.017384125
1781283250.170956850,1.122490132,-4.139978799,0.024177726
1781283250.177987814,1.126850820,-4.128226569,0.011552130
1781283250.179236412,1.116476933,-4.097923452,0.043036312
1781283250.180994749,1.132531877,-4.090129803,0.024874867
1781283250.182999134,1.129745401,-4.085469160,0.029648164
1781283250.184231520,1.129932654,-4.070799120,0.041139680
1781283250.190323114,1.151154675,-4.058464755,0.032159215
1781283250.191084146,1.143343723,-4.023036093,0.064717893
1781283250.192551374,1.152843494,-4.002653980,0.055211652
1781283250.195487499,1.159201905,-3.970789912,0.030836364
1781283250.196262360,1.168262038,-3.961371436,0.046814187
1781283250.197395086,0.000000000,0.000000000,0.000000000
1781283250.203041315,1.165248199,-3.937739585,0.023925661
1781283250.204294682,1.148164136,-3.853057794,0.049638899
1781283250.205832243,1.188228908,-3.816034322,0.023605986
1781283250.208016157,1.199363857,-3.796366606,0.005910677
1781283250.209220171,1.214281419,-3.765978049,0.010695456
1781283250.212287426,1.217578682,-3.734819059,-0.014266576
1781283250.212937593,1.194544265,-3.676090159,0.003694317
1781283250.215460777,1.186683030,-3.648315203,0.005726262
1781283250.216226101,1.181176773,-3.614756194,0.013690177
1781283250.217431784,0.000000000,0.000000000,0.000000000
1781283250.220456123,1.217622625,-3.566101935,-0.061727754
1781283250.221225739,1.193531639,-3.486371407,-0.043933684
1781283250.222444057,0.000000000,0.000000000,0.000000000
1781283250.227989435,1.183634245,-3.440599126,-0.075239239
1781283250.229363441,1.147098797,-3.333816479,-0.048531210
1781283250.231023073,1.177673503,-3.284533976,-0.127850846
1781283250.233005524,1.186077959,-3.276734800,-0.115295153
1781283250.234210253,1.190339403,-3.271142672,-0.117682367
1781283250.240487337,1.209804893,-3.256712941,-0.160474425
1781283250.241276026,1.202305823,-3.259722879,-0.149483053
1781283250.242396832,0.000000000,0.000000000,0.000000000
1781283250.245534182,1.248549892,-3.239364373,-0.263198455
1781283250.246331453,1.223160921,-3.237935953,-0.268371171
1781283250.247472286,0.000000000,0.000000000,0.000000000
1781283250.252956867,1.227813284,-3.219249052,-0.312115886
1781283250.254201412,1.203229194,-3.206188439,-0.305024141
1781283250.256010056,1.235362240,-3.169828995,-0.409708770
1781283250.258038282,1.233803059,-3.169528330,-0.405301799
1781283250.259308815,1.221581825,-3.167157516,-0.412027169
1781283250.265509844,1.236213598,-3.147360768,-0.461909548
1781283250.266264200,1.209184371,-3.124095640,-0.466081842
1781283250.267433882,0.000000000,0.000000000,0.000000000
1781283250.270457268,1.251293010,-3.077549927,-0.567361274
1781283250.271242619,1.216565134,-3.041047978,-0.577130174
1781283250.272414684,0.000000000,0.000000000,0.000000000
1781283250.274620295,1.216971242,-3.011523500,-0.615155280
1781283250.278050423,1.203499959,-3.003625983,-0.606907590
1781283250.279386520,1.184862856,-2.982343452,-0.617536850
1781283250.280854702,1.192276130,-2.946098583,-0.671277058
1781283250.283030272,1.205685679,-2.923693230,-0.708596881
1781283250.284253120,1.196744499,-2.910834015,-0.717451914
1781283250.289614439,1.214090662,-2.884119103,-0.747981525
1781283250.290922642,1.182581310,-2.862259925,-0.738245557
1781283250.292724609,1.194169043,-2.834863438,-0.761221233
1781283250.294216394,1.205083943,-2.793450722,-0.805723146
1781283250.295984507,1.198269019,-2.779511445,-0.810061111
1781283250.302952290,1.196108293,-2.744265083,-0.827429037
1781283250.304292202,1.110687670,-2.687785566,-0.762499441
1781283250.305854082,1.130032877,-2.648008024,-0.798503219
1781283250.308038950,1.122420054,-2.611452956,-0.809466657
1781283250.309264898,1.125626024,-2.595139180,-0.806734215
1781283250.315444231,1.127054316,-2.568498473,-0.819603068
1781283250.316207409,1.091067379,-2.511803428,-0.777512209
1781283250.317419291,0.000000000,0.000000000,0.000000000
1781283250.320535183,1.130887084,-2.425646195,-0.879475094
1781283250.321326494,1.089300246,-2.362634024,-0.873932016
1781283250.322441816,0.000000000,0.000000000,0.000000000
1781283250.328044415,1.095198162,-2.312129346,-0.940224016
1781283250.329338312,1.052503320,-2.260618792,-0.956121179
1781283250.330864191,1.073388174,-2.202040726,-1.035834707
1781283250.332996130,1.101855762,-2.138638774,-1.119304689
1781283250.334234953,1.086775863,-2.126155802,-1.118871420
1781283250.337070704,1.120519228,-2.061726687,-1.201796641
1781283250.337596416,0.000000000,0.000000000,0.000000000
1781283250.340566158,1.101473251,-2.064179663,-1.197721073
1781283250.341373444,1.094591774,-2.063501667,-1.199210757
1781283250.342557907,0.000000000,0.000000000,0.000000000
1781283250.345456839,1.166518598,-1.924633398,-1.359846158
1781283250.346232891,1.175690684,-1.937700605,-1.355954135
1781283250.347546101,1.207732924,-1.880119066,-1.417507648
1781283250.352183104,1.215960039,-1.887171834,-1.424144173
1781283250.352814436,1.218209764,-1.928024680,-1.432134340
1781283250.354249477,0.000000000,0.000000000,0.000000000
1781283250.355850935,1.254291951,-1.869009353,-1.499223753
1781283250.358069658,1.281964292,-1.816133145,-1.560285807
1781283250.359299421,1.282393051,-1.825962610,-1.560991141
1781283250.365522623,1.312271950,-1.775864156,-1.619587399
1781283250.366279364,1.299703297,-1.807899370,-1.623582424
1781283250.367337942,0.000000000,0.000000000,0.000000000
1781283250.370453835,1.348287888,-1.687394425,-1.725018576
1781283250.371226788,1.333302687,-1.700450579,-1.720118751
1781283250.372531414,1.360565915,-1.647113405,-1.766442166
1781283250.378008366,1.361844613,-1.653704756,-1.765596493
1781283250.379289627,1.376378815,-1.676869924,-1.775267975
1781283250.381040096,1.407932313,-1.574708557,-1.841659298
1781283250.382962704,1.419379026,-1.575927380,-1.843312225
1781283250.384180307,1.408290451,-1.586864868,-1.842079835
1781283250.390513897,1.429879130,-1.542541372,-1.875308588
1781283250.391281843,1.406149330,-1.563047265,-1.847957318
1781283250.392359495,0.000000000,0.000000000,0.000000000
1781283250.395468712,1.421063454,-1.458068842,-1.915287913
1781283250.396291256,1.412910483,-1.472162822,-1.913510524
1781283250.397516012,1.427270905,-1.419719627,-1.941979281
1781283250.402964115,1.431453223,-1.434389507,-1.938907365
1781283250.404184818,1.429501486,-1.439460458,-1.981394456
1781283250.405981302,1.433348871,-1.340468223,-2.062909561
1781283250.408066034,1.442387119,-1.337928200,-2.079690648
1781283250.409324884,1.430109039,-1.348128362,-2.095288421
1781283250.414058447,1.447584082,-1.290206415,-2.145045059
1781283250.414742708,1.467095689,-1.332265620,-2.178505469
1781283250.415881634,0.000000000,0.000000000,0.000000000
1781283250.417800903,1.474929454,-1.279534615,-2.233118961
1781283250.419246197,1.460107124,-1.234618783,-2.277312155
1781283250.421040773,1.459828241,-1.250193533,-2.292273001
1781283250.427996635,1.456649849,-1.207765434,-2.333934045
1781283250.429208994,1.473812288,-1.251800704,-2.372439270
1781283250.430834770,1.469262827,-1.215013145,-2.414074891
1781283250.433001041,1.473803729,-1.161146814,-2.449198497
1781283250.434218645,1.461424328,-1.180118151,-2.455251943
1781283250.440490246,1.462299527,-1.136614431,-2.491397800
1781283250.441273451,1.464653594,-1.175756193,-2.514891468
1781283250.442399025,0.000000000,0.000000000,0.000000000
1781283250.445550442,1.446104565,-1.100406775,-2.565006513
1781283250.446345329,1.441126146,-1.104180027,-2.572590017
1781283250.447476387,0.000000000,0.000000000,0.000000000
1781283250.452922583,1.432452900,-1.073629983,-2.600418125
1781283250.454178572,1.437252918,-1.113130987,-2.622939901
1781283250.455992460,1.412086362,-1.031369759,-2.673593489
1781283250.458011150,1.425665945,-1.046156189,-2.674547789
1781283250.459247351,1.412815198,-1.057994722,-2.687222857
1781283250.465632439,1.416459916,-1.015121345,-2.707624962
1781283250.466628313,1.417851015,-1.059476247,-2.738131701
1781283250.467574120,0.000000000,0.000000000,0.000000000
1781283250.469247103,1.402766002,-1.035056616,-2.768629426
1781283250.470868587,1.387974402,-1.001158568,-2.800032766
1781283250.475607395,1.379591588,-0.974219469,-2.827378325
1781283250.476296186,1.385019190,-1.015366903,-2.840443533
1781283250.477969885,1.387622135,-1.031624481,-2.844005193
1781283250.479133606,0.000000000,0.000000000,0.000000000
1781283250.480842352,1.356852626,-1.010036867,-2.881699219
1781283250.483049631,1.352092688,-0.976742425,-2.910838302
1781283250.484289885,1.353412574,-0.996763347,-2.925796257
1781283250.490514278,1.350671876,-0.960786103,-2.947608307
1781283250.491342545,1.363887455,-1.011919758,-2.995704261
1781283250.492479324,0.000000000,0.000000000,0.000000000
1781283250.495514631,1.339722055,-0.926531782,-3.048303425
1781283250.496303558,1.324984452,-0.954096247,-3.056867295
1781283250.497416735,0.000000000,0.000000000,0.000000000
1781283250.502983093,1.323903547,-0.915481835,-3.091015230
1781283250.504260540,1.331518414,-0.981948649,-3.115090838
1781283250.506002188,1.297289899,-0.908590163,-3.151690090
1781283250.508047104,1.306960089,-0.920748023,-3.156745560
1781283250.509413958,1.295471029,-0.947927973,-3.155138940
1781283250.515476465,1.290296343,-0.905818784,-3.178200652
1781283250.516309500,1.285091199,-0.948259660,-3.178190882
1781283250.517573118,1.275405072,-0.900616486,-3.195770280
1781283250.519203186,1.255651164,-0.878916705,-3.209357912
1781283250.520977497,1.251929746,-0.890097814,-3.211568648
1781283250.527991295,1.236594464,-0.862062782,-3.227578962
1781283250.529323578,1.251641261,-0.902644333,-3.229445123
1781283250.531002998,1.226052327,-0.834297222,-3.257441034
1781283250.532979727,1.227407517,-0.844381440,-3.261053476
1781283250.534203291,1.227825118,-0.859945172,-3.269870772
1781283250.536882639,1.219988011,-0.833283440,-3.286168339
1781283250.537409306,0.000000000,0.000000000,0.000000000
1781283250.540533543,1.223863479,-0.838507287,-3.295139808
1781283250.541340113,1.225674302,-0.857741841,-3.314775628
1781283250.542515278,0.000000000,0.000000000,0.000000000
1781283250.544249058,1.199323851,-0.810163150,-3.348796450
1781283250.546035051,1.197854619,-0.832056196,-3.391495218
1781283250.551587105,1.193312135,-0.811220419,-3.419844667
1781283250.552945852,1.197840485,-0.838335994,-3.474088814
1781283250.554373264,1.200166517,-0.835221564,-3.511876198
1781283250.556013107,1.189843240,-0.816123866,-3.529799835
1781283250.558069229,1.195233288,-0.836567702,-3.550905261
1781283250.559311152,1.198494489,-0.854773416,-3.564212281
1781283250.565616131,1.201713513,-0.842178673,-3.599510258
1781283250.566348076,1.231185825,-0.898662387,-3.670991348
1781283250.567413568,0.000000000,0.000000000,0.000000000
1781283250.570452452,1.213373706,-0.841456445,-3.722209661
1781283250.571224928,1.224198160,-0.870744486,-3.744981406
1781283250.572436094,0.000000000,0.000000000,0.000000000
1781283250.577955723,1.217436267,-0.849491322,-3.770620516
1781283250.579281092,1.225667392,-0.872380931,-3.819503161
1781283250.580835342,1.217348401,-0.864439675,-3.843086415
1781283250.582696199,1.214533603,-0.834085741,-3.863881664
1781283250.584270954,1.214224834,-0.830781476,-3.881702483
1781283250.590624809,1.216045695,-0.830671672,-3.891021554
1781283250.591435194,1.238224132,-0.856086484,-3.937470656
1781283250.592578888,0.000000000,0.000000000,0.000000000
1781283250.594208956,1.224863063,-0.824565611,-3.961099580
1781283250.596004486,1.230759503,-0.823714401,-3.966391215
1781283250.598649025,1.226581254,-0.811596427,-3.986512988
1781283250.599276066,1.227189755,-0.804693338,-3.999380249
1781283250.603022814,1.229936896,-0.812208959,-4.010684755
1781283250.604244709,1.240355545,-0.824627965,-4.035722464
1781283250.605856657,1.230028738,-0.809135910,-4.050820543
1781283250.608029366,1.220676088,-0.796732432,-4.053763085
1781283250.609244108,1.225075984,-0.798261823,-4.057057215
1781283250.614275932,1.220136442,-0.788358234,-4.067351465
1781283250.616014957,1.229906465,-0.798420276,-4.053060960
1781283250.617792368,1.229207010,-0.785121975,-4.065516614
1781283250.619235754,1.220035591,-0.766752895,-4.069434602
1781283250.620939255,1.227329804,-0.785611801,-4.062038400
1781283250.627960682,1.217905051,-0.760526980,-4.073187754
1781283250.629199743,1.234114172,-0.766580677,-4.078230245
1781283250.630877018,1.239499332,-0.767943724,-4.083266631
1781283250.633042097,1.232181530,-0.739097684,-4.088980998
1781283250.634220600,1.243146760,-0.754793513,-4.090899109
1781283250.640574694,1.236887750,-0.737129265,-4.098498153
1781283250.641460657,1.256876115,-0.753742228,-4.114762601
1781283250.642425776,0.000000000,0.000000000,0.000000000
1781283250.644236088,1.256295526,-0.719382430,-4.130179142
1781283250.646098137,1.283457169,-0.717550630,-4.156555910
1781283250.653090477,1.283974662,-0.707490246,-4.179939358
1781283250.654345274,1.320441006,-0.686265428,-4.248783342
1781283250.655875683,1.330091349,-0.659403772,-4.261492404
1781283250.658042431,1.331842981,-0.657163941,-4.272132735
1781283250.659271479,1.337436555,-0.639133432,-4.290351491
1781283250.661048889,1.338214663,-0.639216227,-4.295794903
1781283250.665541410,1.343330188,-0.626405591,-4.306156579
1781283250.666307688,1.373261469,-0.620373700,-4.313256443
1781283250.667419910,0.000000000,0.000000000,0.000000000
1781283250.670525551,1.370659242,-0.597571398,-4.323550705
1781283250.671319008,1.382876724,-0.591209601,-4.323700395
1781283250.672422171,0.000000000,0.000000000,0.000000000
1781283250.676112890,1.372414302,-0.593896783,-4.329959649
1781283250.677973270,1.378799352,-0.583377184,-4.341278080
1781283250.679316282,1.376990517,-0.572307017,-4.343028207
1781283250.681004286,1.372524583,-0.558965520,-4.345608855
1781283250.683046341,1.369394694,-0.553553757,-4.348389407
1781283250.684255600,1.375997612,-0.547145488,-4.352950245
1781283250.690508842,1.373212586,-0.539063279,-4.347660336
1781283250.691287041,1.377085447,-0.522448301,-4.343024175
1781283250.692406178,0.000000000,0.000000000,0.000000000
1781283250.695480108,1.370376647,-0.512450169,-4.346629165
1781283250.696275473,1.378559047,-0.498580204,-4.342383734
1781283250.697552443,1.378314697,-0.495925571,-4.345665695
1781283250.702992678,1.375832545,-0.486792405,-4.332717385
1781283250.704195738,1.375738716,-0.489402885,-4.312344115
1781283250.706022739,1.371858208,-0.475858516,-4.313131204
1781283250.708064318,1.370766587,-0.479359833,-4.307199489
1781283250.709339380,1.370541065,-0.474199715,-4.297540607
1781283250.715497494,1.367076472,-0.478366254,-4.296645949
1781283250.716290474,1.351564238,-0.475200077,-4.272589409
1781283250.717419386,0.000000000,0.000000000,0.000000000
1781283250.720570087,1.347664742,-0.472444287,-4.265995464
1781283250.721401453,1.345359287,-0.466634398,-4.263863373
1781283250.722513199,0.000000000,0.000000000,0.000000000
1781283250.727933168,1.345651642,-0.475380621,-4.257887832
1781283250.729232311,1.334551885,-0.455720580,-4.247936277
1781283250.731011391,1.343312101,-0.474928140,-4.241221161
1781283250.733020306,1.335974895,-0.461183856,-4.237166054
1781283250.734225512,1.337159258,-0.468989937,-4.228101085
1781283250.738591671,1.332131932,-0.471236152,-4.222787508
1781283250.739295959,1.324243896,-0.474008492,-4.208343463
1781283250.740858555,1.327671388,-0.464443670,-4.204604460
1781283250.742616892,1.324022815,-0.475900581,-4.197658626
1781283250.745554924,1.327520336,-0.467760139,-4.199549109
1781283250.746337175,1.335214747,-0.471428782,-4.192435808
1781283250.747438192,0.000000000,0.000000000,0.000000000
1781283250.752944708,1.343874860,-0.472119592,-4.199201899
1781283250.754197836,1.363397697,-0.463668049,-4.225707704
1781283250.756028652,1.373677119,-0.478619640,-4.227932152
1781283250.758004665,1.382229677,-0.466996263,-4.236618187
1781283250.759229898,1.392183739,-0.471014650,-4.238516635
1781283250.765485048,1.402288918,-0.471786078,-4.242252900
1781283250.766141176,0.000000000,0.000000000,0.000000000
1781283250.767717838,1.444218239,-0.454648520,-4.283877099
1781283250.769196749,1.454590958,-0.455928074,-4.288059838
1781283250.770998716,1.478297783,-0.437169203,-4.308765473
1781283250.777895451,1.489559675,-0.436867896,-4.325636250
1781283250.779329777,1.550445260,-0.390284527,-4.411534015
1781283250.781011105,1.568776510,-0.371794784,-4.441412092
1781283250.783062696,1.584286199,-0.361327495,-4.455722291
1781283250.784281492,1.599413677,-0.325323041,-4.475476521
1781283250.790518522,1.605906102,-0.330142284,-4.486278047
1781283250.791289330,1.628918396,-0.247423733,-4.521995561
1781283250.792405605,0.000000000,0.000000000,0.000000000
1781283250.795482397,1.632985972,-0.251820108,-4.533727097
1781283250.796264887,1.631945489,-0.209215787,-4.545318243
1781283250.797438622,0.000000000,0.000000000,0.000000000
1781283250.800578356,1.630608134,-0.222679841,-4.549772867
1781283250.801112175,0.000000000,0.000000000,0.000000000
1781283250.802984715,1.625686895,-0.167559637,-4.560877368
1781283250.804283857,1.622584507,-0.130071746,-4.569139936
1781283250.806036711,1.636301601,-0.156722755,-4.562661234
1781283250.807976007,1.635259012,-0.146585522,-4.565057721
1781283250.809226036,1.630979636,-0.098674563,-4.572266495
1781283250.815544605,1.633950072,-0.129945892,-4.554758134
1781283250.816426516,1.628198847,-0.036703978,-4.568768917
1781283250.817590714,0.000000000,0.000000000,0.000000000
1781283250.819251537,1.628802246,-0.064330438,-4.559985370
1781283250.821051836,1.629355693,-0.015254327,-4.553834704
1781283250.827986717,1.640895682,-0.083847800,-4.543841194
1781283250.829286098,1.603721111,0.001130471,-4.482357441
1781283250.830842972,1.617547703,-0.002551785,-4.461977179
1781283250.833027840,1.618407695,-0.021496834,-4.436498951
1781283250.834257841,1.614583573,0.012200090,-4.411847591
1781283250.840486526,1.611675926,-0.012839621,-4.394177020
1781283250.841253757,1.578563293,0.062804244,-4.339442711
1781283250.842565536,1.566856851,0.031553168,-4.316231708
1781283250.844232798,1.577504321,0.022230903,-4.295266232
1781283250.845959663,1.564724578,0.068201134,-4.276362538
1781283250.852952003,1.560411050,0.032983196,-4.254471316
1781283250.854176283,1.469667546,0.125665726,-4.177099295
1781283250.856001377,1.500842844,0.037451565,-4.138654201
1781283250.858105183,1.473843199,0.066752379,-4.113735415
1781283250.859342337,1.458324086,0.102534906,-4.085342319
1781283250.862571955,1.459607813,0.059996228,-4.058288153
1781283250.865525007,1.412312800,0.092108433,-4.020916977
1781283250.866372108,1.407182013,0.132530114,-3.998893270
1781283250.867678642,1.415354912,0.086453596,-3.967424095
1781283250.869069815,0.000000000,0.000000000,0.000000000
1781283250.871046066,1.453709317,0.078888892,-3.928573613
1781283250.877997398,1.455786579,0.057507742,-3.867843348
1781283250.879405260,1.453698139,0.150378319,-3.763994483
1781283250.880853891,1.505057249,0.110822865,-3.725385779
1781283250.882995129,1.511042920,0.049195778,-3.694492142
1781283250.884217024,1.526522801,0.086634938,-3.660015536
1781283250.890508890,1.532817633,0.022868878,-3.635529962
1781283250.891282320,1.570611525,0.094074343,-3.573876215
1781283250.892405987,0.000000000,0.000000000,0.000000000
1781283250.895561218,1.643200417,-0.028820140,-3.522273639
1781283250.896378517,1.676834023,0.042262636,-3.506080876
1781283250.897476912,0.000000000,0.000000000,0.000000000
1781283250.902995586,1.703297850,-0.025817860,-3.500141857
1781283250.904256344,1.725375405,0.050064428,-3.504227490
1781283250.905997276,1.792892939,-0.074198451,-3.465196290
1781283250.907983541,1.788695167,-0.055205644,-3.465461599
1781283250.909224987,1.825031088,-0.030834410,-3.444644076
1781283250.915515900,1.829381108,-0.088662667,-3.428893694
1781283250.916263103,1.841735221,-0.054394318,-3.397687487
1781283250.917392969,0.000000000,0.000000000,0.000000000
1781283250.920473814,1.894897168,-0.168388688,-3.341660795
1781283250.921243191,1.903185159,-0.135293472,-3.294014887
1781283250.922436237,0.000000000,0.000000000,0.000000000
1781283250.928077221,1.898258313,-0.192016136,-3.267771345
1781283250.929371357,1.901975334,-0.148295806,-3.245072394
1781283250.930834293,1.924849278,-0.191942689,-3.206988038
1781283250.933058739,1.933754679,-0.232929244,-3.194650913
1781283250.934297562,1.961865153,-0.216125333,-3.172870466
1781283250.939559698,1.976196927,-0.258430936,-3.160818023
1781283250.940922737,2.009067423,-0.227697724,-3.137441309
1781283250.942698002,2.016476841,-0.284488296,-3.116259746
1781283250.944252729,2.039889530,-0.356358155,-3.063022014
1781283250.945994377,2.063476726,-0.334994256,-3.043959025
1781283250.952896118,2.061990719,-0.423229756,-3.010296971
1781283250.954397917,2.049005736,-0.469583739,-2.939395061
1781283250.956017494,2.064006697,-0.547192481,-2.883921355
1781283250.957956791,2.046478867,-0.546483827,-2.874959373
1781283250.959178686,2.062973979,-0.529066916,-2.850462939
1781283250.965531111,2.062442547,-0.642583496,-2.806981297
1781283250.966275930,2.098817805,-0.628724460,-2.778171207
1781283250.967375994,0.000000000,0.000000000,0.000000000
1781283250.969675779,2.128792171,-0.856463356,-2.694077920
1781283250.970985651,2.156778956,-0.841704609,-2.672415662
1781283250.977903128,2.147904544,-0.948815994,-2.631511244
1781283250.979375124,2.190802792,-1.023755868,-2.565150217
1781283250.981013536,2.217682235,-1.124755363,-2.509408635
1781283250.983055830,2.229986112,-1.120233151,-2.508698999
1781283250.984267473,2.266728793,-1.110528281,-2.497764702
1781283250.990492821,2.261162911,-1.207382318,-2.464552593
1781283250.991263628,2.352373239,-1.183743341,-2.481121147
1781283250.992469788,0.000000000,0.000000000,0.000000000
1781283250.995460987,2.354697483,-1.381509190,-2.398301633
1781283250.996239424,2.373446016,-1.386696764,-2.383574029
1781283250.997550011,2.364862120,-1.460024788,-2.357448196
1781283251.000368118,2.360240342,-1.462988002,-2.360170789
1781283251.000908613,0.000000000,0.000000000,0.000000000
1781283251.003019810,2.365365870,-1.457030143,-2.370101400
1781283251.004260302,2.393445019,-1.447873362,-2.357063086
1781283251.006017923,2.376787413,-1.615047017,-2.280834429
1781283251.008061409,2.391592793,-1.608646521,-2.296755832
1781283251.009323359,2.405570853,-1.605873251,-2.284060449
1781283251.015474796,2.391636369,-1.669745759,-2.268846056
1781283251.016277552,2.469986638,-1.673436819,-2.326547640
1781283251.017483711,0.000000000,0.000000000,0.000000000
1781283251.019296885,2.450022859,-1.832056191,-2.266915435
1781283251.021056890,2.477271299,-1.831210914,-2.274269613
1781283251.027969599,2.456063409,-1.902048979,-2.269453616
1781283251.029231787,2.452507825,-1.875932075,-2.307483779
1781283251.030974865,2.406098762,-1.999677878,-2.247059215
1781283251.033099890,2.399786049,-1.991145716,-2.249207505
1781283251.034327745,2.395011489,-1.989298295,-2.239645543
1781283251.040575027,2.374558501,-2.041474192,-2.228522876
1781283251.041362524,2.376545555,-2.016821704,-2.271516639
1781283251.042495966,0.000000000,0.000000000,0.000000000
1781283251.044198275,2.347605163,-2.129723005,-2.215477819
1781283251.046014786,2.365647506,-2.132078874,-2.210735601
1781283251.052963972,2.344260476,-2.176926123,-2.194399147
1781283251.054207087,2.332938318,-2.184544568,-2.204725764
1781283251.055988312,2.310461876,-2.286794193,-2.140896190
1781283251.058002234,2.296826903,-2.279244753,-2.140612534
1781283251.059227467,2.302510993,-2.286322854,-2.124291624
1781283251.062633038,2.271225193,-2.327902104,-2.094378620
1781283251.065540791,2.278699014,-2.316208380,-2.100059745
1781283251.066315413,2.299402883,-2.307169567,-2.099260859
1781283251.067419291,0.000000000,0.000000000,0.000000000
1781283251.070495605,2.282479232,-2.402798237,-2.046342151
1781283251.071277857,2.297937010,-2.397342845,-2.040201916
1781283251.072371960,0.000000000,0.000000000,0.000000000
1781283251.078160763,2.295035850,-2.439926260,-2.036092146
1781283251.079241991,2.326624672,-2.438346385,-2.051760283
1781283251.080907583,2.294832105,-2.491462601,-2.010931427
1781283251.083079338,2.270912085,-2.535037670,-1.984480603
1781283251.084298611,2.275758969,-2.544307379,-1.964646761
1781283251.090511560,2.251303718,-2.589479034,-1.935964128
1781283251.091283560,2.253119398,-2.627129777,-1.930281738
1781283251.092388630,0.000000000,0.000000000,0.000000000
1781283251.095552921,2.209033275,-2.735831906,-1.845795690
1781283251.096332788,2.225734811,-2.754192829,-1.829523378
1781283251.097433329,0.000000000,0.000000000,0.000000000
1781283251.102921247,2.191259982,-2.794444913,-1.801737971
1781283251.104369402,2.180218928,-2.856039362,-1.768002676
1781283251.105997086,2.160389764,-2.899244289,-1.723742665
1781283251.108003616,2.150722644,-2.907692535,-1.720207825
1781283251.109240055,2.162481037,-2.930643679,-1.705768712
1781283251.115617514,2.137527244,-2.978664890,-1.675822031
1781283251.116479397,2.151940720,-3.014323353,-1.665764750
1781283251.117389917,0.000000000,0.000000000,0.000000000
1781283251.119236231,2.124883729,-3.077549674,-1.611256090
1781283251.121023655,2.132989835,-3.101019062,-1.607623865
1781283251.125523806,2.136205370,-3.126916296,-1.603629845
1781283251.126184464,2.192760427,-3.163659898,-1.658295212
1781283251.127870321,0.000000000,0.000000000,0.000000000
1781283251.129397631,2.187658167,-3.200817800,-1.637632201
1781283251.131037474,2.173485912,-3.254375635,-1.610847426
1781283251.133056879,2.187814021,-3.259964734,-1.626131935
1781283251.134304285,2.188302843,-3.286053748,-1.612896519
1781283251.140464306,2.186625033,-3.318204798,-1.598359922
1781283251.141258717,2.212763003,-3.376171084,-1.594586707
1781283251.142574072,2.209331732,-3.412060041,-1.577322317
1781283251.144226551,2.189413884,-3.464150272,-1.530086950
1781283251.145989656,2.203317755,-3.479115165,-1.521127248
1781283251.152938604,2.190632020,-3.506611890,-1.502781685
1781283251.154362679,2.221168491,-3.579388748,-1.512376669
1781283251.155925989,2.222262771,-3.592702185,-1.504796415
1781283251.158083916,2.208895243,-3.629327997,-1.493042643
1781283251.159386396,2.205370605,-3.653127835,-1.470149912
1781283251.165495872,2.189136956,-3.685210406,-1.451108624
1781283251.166289806,2.174596072,-3.718569975,-1.435919011
1781283251.167531967,2.156694451,-3.749112965,-1.399800238
1781283251.170563698,2.124963534,-3.792101265,-1.334302466
1781283251.171328783,2.132002036,-3.810493775,-1.309310253
1781283251.172444820,0.000000000,0.000000000,0.000000000
1781283251.177991867,2.105287190,-3.837106292,-1.269855999
1781283251.179339409,2.112455165,-3.849378138,-1.265244852
1781283251.180997372,2.081564345,-3.909567840,-1.174758105
1781283251.183010340,2.081864940,-3.913117738,-1.175864476
1781283251.184198141,2.091045504,-3.922125692,-1.162310936
1781283251.186914206,2.063568269,-3.950670722,-1.124313269
1781283251.187395096,0.000000000,0.000000000,0.000000000
1781283251.190557718,2.079119603,-3.945527465,-1.133196734
1781283251.191430330,2.085722526,-3.969088888,-1.104540753
1781283251.192472696,0.000000000,0.000000000,0.000000000
1781283251.194302797,2.035672088,-4.034045584,-0.997427522
1781283251.195988655,2.051282416,-4.059144308,-0.966997063
1781283251.201636791,2.050054765,-4.094784257,-0.929909148
1781283251.203045607,2.087312371,-4.134026957,-0.921335063
1781283251.204296350,2.102906136,-4.144369573,-0.906171241
1781283251.206042528,2.054774015,-4.194821043,-0.822698986
1781283251.208055496,2.083310545,-4.204093091,-0.835617095
1781283251.209277630,2.086528447,-4.214627750,-0.825196259
1781283251.215523720,2.080241025,-4.227442256,-0.815822161
1781283251.216289282,2.079168110,-4.255677305,-0.813191060
1781283251.217354774,0.000000000,0.000000000,0.000000000
1781283251.220568895,2.033948309,-4.302101924,-0.758342250
1781283251.221357346,2.040125005,-4.341327356,-0.740635104
1781283251.222424984,0.000000000,0.000000000,0.000000000
1781283251.227924585,2.029093659,-4.367386534,-0.718478377
1781283251.229173899,2.036361749,-4.404147191,-0.684051818
1781283251.231016159,1.986278423,-4.427411129,-0.638673704
1781283251.233205557,1.988067237,-4.442909592,-0.632426136
1781283251.234377146,1.982753437,-4.440421410,-0.628015395
1781283251.240517616,1.967564740,-4.447618906,-0.603179618
1781283251.241303444,1.962355300,-4.451117230,-0.585309942
1781283251.242437363,0.000000000,0.000000000,0.000000000
1781283251.245531321,1.932951215,-4.486450849,-0.545338039
1781283251.246307135,1.927009042,-4.508333531,-0.516869306
1781283251.247401953,0.000000000,0.000000000,0.000000000
1781283251.253059864,1.920379124,-4.520191729,-0.500547971
1781283251.254275799,1.912490706,-4.536743676,-0.466586128
1781283251.256041527,1.885750783,-4.561967360,-0.440889906
1781283251.258105040,1.881383793,-4.560963381,-0.429638803
1781283251.259333849,1.886741308,-4.572137458,-0.420497657
1781283251.264784336,1.865318894,-4.578379035,-0.409716629
1781283251.265903711,1.860402602,-4.551516569,-0.433615518
1781283251.267757893,1.838462048,-4.552467702,-0.436964920
1781283251.269187689,1.822256466,-4.553089398,-0.437106548
1781283251.271000862,1.812274379,-4.556263136,-0.437526477
1781283251.277977705,1.808452186,-4.562726784,-0.436613605
1781283251.279201269,1.792218341,-4.585796511,-0.462815776
1781283251.280858040,1.765487168,-4.599411119,-0.453100162
1781283251.283065319,1.757575313,-4.603903343,-0.457509061
1781283251.284266472,1.742278132,-4.608714594,-0.453421471
1781283251.290452719,1.730168591,-4.610682256,-0.456418297
1781283251.291207314,1.706852283,-4.601796742,-0.466082419
1781283251.292376041,0.000000000,0.000000000,0.000000000
1781283251.295495510,1.671997202,-4.611519703,-0.444620543
1781283251.296310663,1.645600268,-4.594319673,-0.450321734
1781283251.297411919,0.000000000,0.000000000,0.000000000
1781283251.302956581,1.622719607,-4.591814419,-0.446402245
1781283251.304197550,1.592750769,-4.586874559,-0.435141446
1781283251.306035042,1.567069977,-4.589981353,-0.418213262
1781283251.308085680,1.562187921,-4.582663263,-0.419680265
1781283251.309303761,1.547361933,-4.580429385,-0.418126647
1781283251.311641455,1.536003910,-4.583314454,-0.396303395
1781283251.315550327,1.532126790,-4.570865859,-0.399176278
1781283251.316307545,1.513616832,-4.567560455,-0.388302668
1781283251.317406893,0.000000000,0.000000000,0.000000000
1781283251.320528984,1.490760872,-4.570384282,-0.358066790
1781283251.321310520,1.492184435,-4.571294931,-0.336909205
1781283251.322381496,0.000000000,0.000000000,0.000000000
1781283251.327626705,1.487167912,-4.578632946,-0.313712385
1781283251.329314470,1.498749718,-4.593918514,-0.272047462
1781283251.330906391,1.495443794,-4.597139906,-0.254326330
1781283251.333056450,1.502141262,-4.600797361,-0.237663927
1781283251.334287405,1.495061370,-4.601942008,-0.216322288
1781283251.340555191,1.501320075,-4.617324612,-0.201300161
1781283251.341332436,1.505861454,-4.631323834,-0.124707834
1781283251.342449188,0.000000000,0.000000000,0.000000000
1781283251.345509529,1.490696174,-4.622352914,-0.116580394
1781283251.346167088,0.000000000,0.000000000,0.000000000
1781283251.352991581,1.483897219,-4.623913389,-0.085574549
1781283251.354238510,1.471853053,-4.597123159,-0.051220830
1781283251.356004238,1.477925492,-4.591786995,-0.071422377
1781283251.358101368,1.464739338,-4.586472848,-0.058800543
1781283251.359198809,1.472243235,-4.576417142,-0.052540116
1781283251.365509748,1.462557309,-4.574027091,-0.056746066
1781283251.366287231,1.452255529,-4.532470478,-0.037081908
1781283251.367386103,0.000000000,0.000000000,0.000000000
1781283251.370545626,1.464407917,-4.516766654,-0.054603894
1781283251.371330500,1.460105065,-4.505068328,-0.042759788
1781283251.372395277,0.000000000,0.000000000,0.000000000
1781283251.377945185,1.450876242,-4.491994473,-0.048084229
1781283251.379240513,1.449361829,-4.473723119,-0.039016992
1781283251.380989552,1.455378264,-4.458043305,-0.055018909
1781283251.383047104,1.458183741,-4.451015716,-0.057150697
1781283251.384282827,1.447500752,-4.445289468,-0.050887229
1781283251.388742447,1.456608515,-4.433932627,-0.067444109
1781283251.389288187,0.000000000,0.000000000,0.000000000
1781283251.390882015,1.438446879,-4.407511537,-0.060167416
1781283251.392705202,1.443027989,-4.397903305,-0.073264362
1781283251.394223452,1.445825488,-4.391736489,-0.079144172
1781283251.395833015,1.453433737,-4.384101337,-0.079784288
1781283251.402985096,1.448690889,-4.376781010,-0.086409309
1781283251.404201508,1.434099201,-4.377084535,-0.087252530
1781283251.406032801,1.456820614,-4.376129969,-0.102803016
1781283251.408105373,1.445447111,-4.371319020,-0.098011271
1781283251.409324884,1.455014226,-4.381187936,-0.098167952
1781283251.415486097,1.457145868,-4.383805674,-0.100161001
1781283251.416254759,1.477181190,-4.410749232,-0.069698084
1781283251.417463303,0.000000000,0.000000000,0.000000000
1781283251.420553446,1.507512253,-4.419473068,-0.077705716
1781283251.421345234,1.512954006,-4.420529882,-0.073221499
1781283251.422425032,0.000000000,0.000000000,0.000000000
1781283251.427969933,1.529270071,-4.428610585,-0.071236223
1781283251.429285049,1.555664949,-4.450197396,-0.047015115
1781283251.431042433,1.566037792,-4.442284633,-0.073190213
1781283251.433060408,1.568810949,-4.438517949,-0.078636857
1781283251.434281349,1.561891080,-4.435532707,-0.075236888
1781283251.440586090,1.577056191,-4.427036914,-0.096147233
1781283251.441384554,1.571913547,-4.403751101,-0.080614642
1781283251.442512751,0.000000000,0.000000000,0.000000000
1781283251.444195271,1.584824330,-4.392497856,-0.112766946
1781283251.446050406,1.594967647,-4.383762677,-0.104805711
1781283251.450627565,1.592312567,-4.377468294,-0.114959712
1781283251.451295137,1.564451757,-4.354427681,-0.108124458
1781283251.453096867,1.543198364,-4.338065386,-0.102294023
1781283251.454235077,0.000000000,0.000000000,0.000000000
1781283251.455976009,1.566249003,-4.318957455,-0.126035737
1781283251.458153009,1.558760533,-4.304166066,-0.133887162
1781283251.459175110,1.565188995,-4.289294436,-0.138497621
1781283251.465454102,1.560684850,-4.274304912,-0.152002431
1781283251.466286182,1.538042665,-4.254674926,-0.142066000
1781283251.467696905,1.529036012,-4.235877368,-0.158865933
1781283251.469177961,1.540853324,-4.216927410,-0.180391815
1781283251.471056938,1.530665298,-4.207117982,-0.172436646
1781283251.478163004,1.538689959,-4.200515963,-0.186460325
1781283251.479191303,1.506087680,-4.174864173,-0.158260760
1781283251.481001854,1.510729199,-4.163885329,-0.174740328
1781283251.483099937,1.531269325,-4.147408347,-0.191265445
1781283251.484234810,1.519032248,-4.147335404,-0.187597328
1781283251.490592480,1.536749765,-4.132058170,-0.206243634
1781283251.491399527,1.500958064,-4.117745979,-0.188760358
1781283251.492539883,0.000000000,0.000000000,0.000000000
1781283251.494193077,1.526942419,-4.083673486,-0.232227626
1781283251.495996714,1.525040507,-4.070724514,-0.236875273
1781283251.502995253,1.522477518,-4.056730963,-0.251541264
1781283251.504346848,1.501932080,-4.027335903,-0.221362946
1781283251.506000996,1.540528544,-4.005215301,-0.282112409
1781283251.508059502,1.545493220,-3.996976700,-0.274013326
1781283251.509273291,1.538911154,-3.995247364,-0.273766168
1781283251.513255835,1.561851706,-3.972834833,-0.303973988
1781283251.515484571,1.555700495,-3.952231131,-0.311987751
1781283251.516287565,1.543290369,-3.931398756,-0.321963173
1781283251.517542124,1.571498132,-3.905046394,-0.352808585
1781283251.520490170,1.583415079,-3.869785847,-0.396857055
1781283251.521246910,1.586604408,-3.848622423,-0.401434586
1781283251.522421837,0.000000000,0.000000000,0.000000000
1781283251.527981281,1.595376305,-3.818109893,-0.435406137
1781283251.529360056,1.559307906,-3.740939170,-0.436204245
1781283251.530924082,1.587303651,-3.719301177,-0.481437120
1781283251.533056021,1.608903338,-3.698568516,-0.505410820
1781283251.534299135,1.625128409,-3.695898632,-0.508332968
1781283251.540477037,1.642631980,-3.679442733,-0.535407945
1781283251.541306734,1.662967152,-3.668731233,-0.529216002
1781283251.542554140,1.683376692,-3.661233947,-0.562235949
1781283251.544237614,1.700604563,-3.626383961,-0.610940781
1781283251.546001673,1.701857561,-3.623263927,-0.617262329
1781283251.552945375,1.722311610,-3.607984047,-0.652808333
1781283251.554405451,1.705349047,-3.548812756,-0.706551046
1781283251.556020737,1.733598477,-3.524403355,-0.764232661
1781283251.558084488,1.715566967,-3.522774400,-0.758996162
1781283251.559294939,1.710068863,-3.515991462,-0.784686449
1781283251.565564632,1.720456917,-3.502786278,-0.817474447
1781283251.566234112,0.000000000,0.000000000,0.000000000
1781283251.567551851,1.734775386,-3.495443497,-0.864514959
1781283251.569185972,1.762780447,-3.467333160,-0.919871625
1781283251.570830345,1.746944564,-3.464125855,-0.935324288
1781283251.575668097,1.776430509,-3.449695466,-0.965017867
1781283251.576354980,1.749378548,-3.448294651,-0.939537293
1781283251.577997684,1.747695399,-3.450667311,-0.931546803
1781283251.579185486,0.000000000,0.000000000,0.000000000
1781283251.580860853,1.743652281,-3.409174224,-0.998131496
1781283251.583081007,1.765289274,-3.385326240,-1.019212554
1781283251.584288120,1.748913616,-3.378978988,-1.026788827
1781283251.590511084,1.763232415,-3.346403495,-1.054110118
1781283251.591276646,1.733029730,-3.324112352,-1.022448073
1781283251.592382908,0.000000000,0.000000000,0.000000000
1781283251.595548868,1.771611961,-3.264094207,-1.094985111
1781283251.596340179,1.735079854,-3.232365124,-1.055777534
1781283251.597416162,0.000000000,0.000000000,0.000000000
1781283251.603029728,1.755814615,-3.200740125,-1.075738862
1781283251.604277134,1.711738577,-3.150812606,-1.050777575
1781283251.605853558,1.719838936,-3.096617788,-1.096472070
1781283251.608147621,1.734107680,-3.060882789,-1.124384660
1781283251.609399557,1.708033416,-3.028603113,-1.138387498
1781283251.615493059,1.736366761,-2.981514713,-1.187499070
1781283251.616240740,1.684109575,-2.928072407,-1.195413045
1781283251.617448568,0.000000000,0.000000000,0.000000000
1781283251.620600939,1.748516472,-2.803424385,-1.348575536
1781283251.621365070,1.709945089,-2.770577262,-1.355212244
1781283251.622457504,0.000000000,0.000000000,0.000000000
1781283251.627973318,1.742625803,-2.694058118,-1.432335142
1781283251.629229546,1.714905481,-2.670928754,-1.422722202
1781283251.631005049,1.779439637,-2.513036355,-1.597177265
1781283251.633085012,1.773599731,-2.514552826,-1.579810399
1781283251.634287357,1.756054659,-2.511306593,-1.580099148
1781283251.638122797,1.785479066,-2.419138910,-1.647552959
1781283251.640565634,1.767230267,-2.422990248,-1.626597284
1781283251.641514540,1.754845947,-2.418920749,-1.616486221
1781283251.642506599,0.000000000,0.000000000,0.000000000
1781283251.644327164,1.815800470,-2.255577256,-1.758935404
1781283251.646056175,1.788801704,-2.253757626,-1.750081788
1781283251.652956724,1.807309588,-2.179243501,-1.793821188
1781283251.654200315,1.778627319,-2.184430487,-1.765845172
1781283251.656024218,1.826438990,-2.029996119,-1.884163052
1781283251.658021212,1.823067370,-2.030068561,-1.865885020
1781283251.659238815,1.813919337,-2.031851247,-1.866465735
1781283251.665557146,1.834403885,-1.966867347,-1.902959810
1781283251.666309595,1.792856856,-1.967272481,-1.868008981
1781283251.667413473,0.000000000,0.000000000,0.000000000
1781283251.669642210,1.818068329,-1.828539325,-1.960041517
1781283251.670997143,1.797155079,-1.831830365,-1.930076647
1781283251.677972555,1.802964406,-1.771991809,-1.954793986
1781283251.679217100,1.740510347,-1.768738090,-1.895575158
1781283251.681036949,1.738938723,-1.619024582,-2.020457689
1781283251.683043957,1.719430604,-1.614693826,-2.020734838
1781283251.684285879,1.693749547,-1.603380016,-2.063342883
1781283251.690593243,1.692023316,-1.530222439,-2.139017764
1781283251.691391945,1.703181899,-1.552080918,-2.263678143
1781283251.692524195,0.000000000,0.000000000,0.000000000
1781283251.694209099,1.699613916,-1.365346448,-2.429685910
1781283251.695920467,1.686414942,-1.378509438,-2.458468686
1781283251.700457573,1.705222775,-1.308571125,-2.533206298
1781283251.701145649,1.729731070,-1.350372247,-2.553402216
1781283251.702980757,1.742323993,-1.373155092,-2.548245001
1781283251.704130650,0.000000000,0.000000000,0.000000000
1781283251.705847502,1.713883594,-1.285718943,-2.646007214
1781283251.708077431,1.732491456,-1.228907840,-2.700052945
1781283251.709289789,1.723944702,-1.250004090,-2.708939873
1781283251.715436697,1.735550658,-1.179988059,-2.763691546
1781283251.716208935,1.745172741,-1.201927753,-2.813626520
1781283251.717426538,0.000000000,0.000000000,0.000000000
1781283251.720480680,1.726469033,-1.080081181,-2.898870043
1781283251.721246958,1.720968991,-1.080501746,-2.915156518
1781283251.722565413,1.712358257,-1.032706545,-2.946594144
1781283251.727965117,1.724955067,-1.035707333,-2.966531884
1781283251.729223013,1.727635685,-1.057350876,-2.990452731
1781283251.730985403,1.703139182,-0.964335407,-3.050236553
1781283251.733106375,1.704386175,-0.978389635,-3.045464448
1781283251.734336376,1.700590442,-0.984441770,-3.057754614
1781283251.740576506,1.693671176,-0.955917173,-3.078682748
1781283251.741348505,1.703267120,-0.993392258,-3.092062533
1781283251.742458105,0.000000000,0.000000000,0.000000000
1781283251.745594501,1.678963727,-0.912350039,-3.131514828
1781283251.746370554,1.682533550,-0.932068691,-3.135901083
1781283251.747509480,0.000000000,0.000000000,0.000000000
1781283251.752982855,1.681194444,-0.899343070,-3.155491714
1781283251.754235268,1.682872393,-0.916074756,-3.139920423
1781283251.756012917,1.658500379,-0.848201868,-3.164538185
1781283251.758074999,1.654490367,-0.849591548,-3.160139115
1781283251.759327650,1.649721703,-0.858733242,-3.149026287
1781283251.762156487,1.637682734,-0.825498345,-3.155453784
1781283251.762825489,1.637140162,-0.836652044,-3.146157151
1781283251.765533686,1.632646313,-0.841271302,-3.137678420
1781283251.766304493,1.626744896,-0.852700275,-3.127908707
1781283251.767444611,0.000000000,0.000000000,0.000000000
1781283251.770473957,1.595826334,-0.795158254,-3.161223026
1781283251.771243334,1.584114966,-0.799845157,-3.160145897
1781283251.772408485,0.000000000,0.000000000,0.000000000
1781283251.777575493,1.576156477,-0.772274677,-3.180920068
1781283251.779189348,1.582843348,-0.763650215,-3.230277889
1781283251.780918121,1.574500644,-0.768467984,-3.236205924
1781283251.783062220,1.568545445,-0.739027111,-3.255716088
1781283251.784253836,1.558563863,-0.749357568,-3.264251638
1781283251.790549517,1.560333481,-0.738091631,-3.286083071
1781283251.791324139,1.566417915,-0.760541194,-3.300991902
1781283251.792423010,0.000000000,0.000000000,0.000000000
1781283251.795511961,1.537260158,-0.713970104,-3.332208180
1781283251.796287060,1.539317445,-0.721057854,-3.343542610
1781283251.797370911,0.000000000,0.000000000,0.000000000
1781283251.803015232,1.523433678,-0.692811838,-3.351711537
1781283251.804274797,1.523755245,-0.705777586,-3.399579870
1781283251.806025743,1.509275972,-0.659211634,-3.431716230
1781283251.807900906,1.509351922,-0.663693434,-3.438149824
1781283251.809350491,1.498315252,-0.646476757,-3.464023065
1781283251.815350771,1.500562553,-0.655460101,-3.472323251
1781283251.816118479,1.509211828,-0.678373913,-3.500760700
1781283251.817505598,1.500099627,-0.666382062,-3.517911930
1781283251.820509672,1.500131287,-0.659089541,-3.544849144
1781283251.821278095,1.490111827,-0.686425699,-3.554399152
1781283251.822341442,0.000000000,0.000000000,0.000000000
1781283251.828051090,1.480872291,-0.626475821,-3.593919942
1781283251.829398394,1.498957077,-0.660770532,-3.658824872
1781283251.830849886,1.494566079,-0.652556594,-3.674417516
1781283251.833042860,1.502951090,-0.629144038,-3.704038934
1781283251.834257364,1.501516382,-0.640426319,-3.717014672
1781283251.838948965,1.502633631,-0.614107077,-3.742226366
1781283251.839497566,0.000000000,0.000000000,0.000000000
1781283251.840985060,1.523096365,-0.635887581,-3.801142620
1781283251.842654705,1.522499453,-0.607511117,-3.822860055
1781283251.844204426,1.522780374,-0.604018261,-3.846042071
1781283251.845992565,1.522611550,-0.608800999,-3.863515362
1781283251.853014946,1.526142887,-0.602458183,-3.880897107
1781283251.854219437,1.549883964,-0.636789241,-3.927052069
1781283251.855985403,1.540074215,-0.600121173,-3.952652569
1781283251.858124495,1.543023678,-0.615000181,-3.957245718
1781283251.859337807,1.541705265,-0.618219699,-3.971241502
1781283251.865522623,1.550959915,-0.613124942,-3.994443931
1781283251.866281271,1.560847556,-0.622396146,-4.029997262
1781283251.867476940,0.000000000,0.000000000,0.000000000
1781283251.869581938,1.545391535,-0.593381520,-4.052630313
1781283251.871015310,1.556287489,-0.602436012,-4.078063001
1781283251.878042221,1.546876992,-0.577309269,-4.094640355
1781283251.879322290,1.564372863,-0.598594476,-4.133719677
1781283251.880864859,1.566679888,-0.587574086,-4.149797466
1781283251.883073807,1.558990787,-0.573276062,-4.164830162
1781283251.884297848,1.570041397,-0.579999400,-4.184324271
1781283251.890521765,1.560573230,-0.563945350,-4.195253448
1781283251.891320705,1.585828188,-0.573207843,-4.233777429
1781283251.892462254,0.000000000,0.000000000,0.000000000
1781283251.895510435,1.569548837,-0.555037390,-4.252729223
1781283251.896305084,1.591706656,-0.569677101,-4.293896625
1781283251.897395372,0.000000000,0.000000000,0.000000000
1781283251.900600433,1.595233439,-0.567270369,-4.320721804
1781283251.901136398,0.000000000,0.000000000,0.000000000
1781283251.903030634,1.611289158,-0.585738160,-4.343781512
1781283251.904276371,1.617699017,-0.594973880,-4.360699044
1781283251.905898809,1.621528391,-0.596765000,-4.374633982
1781283251.908113003,1.616563836,-0.584180228,-4.395970237
1781283251.909360409,1.626217828,-0.599086676,-4.404361044
1781283251.915508509,1.618831540,-0.584518018,-4.425773031
1781283251.916276217,1.637907534,-0.616580266,-4.451738392
1781283251.917473316,0.000000000,0.000000000,0.000000000
1781283251.920502186,1.616717814,-0.581259348,-4.476868967
1781283251.921287298,1.630988150,-0.605741876,-4.509498303
1781283251.922356606,0.000000000,0.000000000,0.000000000
1781283251.927994490,1.620920932,-0.587377093,-4.534196625
1781283251.929261446,1.625493336,-0.614872044,-4.573525203
1781283251.931008339,1.602500806,-0.587268737,-4.603661397
1781283251.933096886,1.604442544,-0.593671541,-4.612155663
1781283251.934318066,1.598537048,-0.612186038,-4.620592309
1781283251.940554857,1.601822058,-0.595768368,-4.638416809
1781283251.941353321,1.598702960,-0.653621989,-4.655867013
1781283251.942471981,0.000000000,0.000000000,0.000000000
1781283251.945594072,1.575285022,-0.620547019,-4.680300128
1781283251.946376085,1.560197553,-0.676146483,-4.697161095
1781283251.947447538,0.000000000,0.000000000,0.000000000
1781283251.952935219,1.549745631,-0.645309637,-4.708197084
1781283251.954189777,1.543040566,-0.680326322,-4.725435902
1781283251.956023216,1.529622642,-0.637926938,-4.745548530
1781283251.958075285,1.530579757,-0.650967694,-4.750176073
1781283251.959268808,1.522603280,-0.653743980,-4.756914246
1781283251.963722467,1.531759763,-0.636612906,-4.774982987
1781283251.964408636,1.540626536,-0.635207613,-4.798433437
1781283251.965820074,0.000000000,0.000000000,0.000000000
1781283251.967674017,1.534419257,-0.616450273,-4.811004771
1781283251.969187260,1.534774615,-0.608825392,-4.827583446
1781283251.971020460,1.544850563,-0.619207181,-4.840411189
1781283251.977957010,1.543839108,-0.602114270,-4.847020968
1781283251.979247332,1.567801323,-0.610433149,-4.861637169
1781283251.981019020,1.567254742,-0.586837385,-4.874729184
1781283251.983099937,1.568072163,-0.593413624,-4.867171516
1781283251.984357834,1.581170141,-0.585859993,-4.869723678
1781283251.990497112,1.579019128,-0.578409101,-4.872471547
1781283251.991261959,1.587277347,-0.572414138,-4.873385266
1781283251.992469072,0.000000000,0.000000000,0.000000000
1781283251.995612144,1.579201299,-0.552212321,-4.879031404
1781283251.996392012,1.593817966,-0.538193498,-4.869455078
1781283251.997508764,0.000000000,0.000000000,0.000000000
1781283252.003039360,1.593681635,-0.539094981,-4.870321383
1781283252.004271507,1.603363824,-0.528247039,-4.859782572
1781283252.006021500,1.595929588,-0.527139715,-4.859558951
1781283252.008241892,1.606972749,-0.520208478,-4.868542882
1781283252.009240389,1.613726068,-0.516962639,-4.868206903
1781283252.015457153,1.609229852,-0.505886556,-4.871748092
1781283252.016212225,1.629053232,-0.508818421,-4.880971467
1781283252.017400026,0.000000000,0.000000000,0.000000000
1781283252.020566940,1.621083899,-0.505783803,-4.883197578
1781283252.021345139,1.638159722,-0.501190923,-4.891133546
1781283252.022419214,0.000000000,0.000000000,0.000000000
1781283252.025647640,1.635770342,-0.511888200,-4.898177453
1781283252.026317358,1.637669065,-0.506523008,-4.900383847
1781283252.027933121,1.641495440,-0.517245539,-4.896659737
1781283252.029195786,0.000000000,0.000000000,0.000000000
1781283252.031026363,1.641933502,-0.495259662,-4.901890165
1781283252.033093929,1.644622223,-0.505249866,-4.907246573
1781283252.034320593,1.652256708,-0.516695875,-4.902444687
1781283252.040487051,1.648958311,-0.512132306,-4.901260577
1781283252.041284323,1.658035651,-0.517907332,-4.908609763
1781283252.042419195,0.000000000,0.000000000,0.000000000
1781283252.045618296,1.659311827,-0.521790814,-4.917038044
1781283252.046390533,1.662066221,-0.520025426,-4.917894180
1781283252.047464371,0.000000000,0.000000000,0.000000000
1781283252.053085089,1.654424237,-0.524587779,-4.921052910
1781283252.054314137,1.656534015,-0.530939632,-4.923957418
1781283252.055873871,1.652192651,-0.537701971,-4.921782187
1781283252.058169603,1.654802834,-0.543846076,-4.921596635
1781283252.059216261,1.656749705,-0.543383368,-4.938986990
1781283252.065503120,1.653619035,-0.547454108,-4.923668020
1781283252.066271544,1.647278389,-0.544779462,-4.935410590
1781283252.067471743,0.000000000,0.000000000,0.000000000
1781283252.070588350,1.647305727,-0.539926274,-4.931849216
1781283252.071370840,1.640987037,-0.539666181,-4.934172098
1781283252.072531700,0.000000000,0.000000000,0.000000000
1781283252.077932835,1.644438008,-0.545691368,-4.924127825
1781283252.079193115,1.639136677,-0.536831091,-4.934241067
1781283252.081017494,1.645005060,-0.551558264,-4.936323988
1781283252.083017349,1.647939045,-0.543585898,-4.947820866
1781283252.084203482,1.656572653,-0.551029600,-4.950410215
1781283252.087910414,1.657756485,-0.543309573,-4.960578580
1781283252.090649843,1.674888873,-0.536420185,-4.973983388
1781283252.091448307,1.686028533,-0.536303519,-4.994266133
1781283252.092576265,0.000000000,0.000000000,0.000000000
1781283252.094254732,1.691109259,-0.531741541,-4.997063051
1781283252.095846415,1.692571919,-0.522720566,-5.007120171
1781283252.103042364,1.698103119,-0.522808261,-5.014696156
1781283252.104284048,1.714913429,-0.490269836,-5.030354782
1781283252.105854750,1.712525275,-0.482601095,-5.021482589
1781283252.108126402,1.727194749,-0.479375888,-5.033129639
1781283252.109221458,1.733980307,-0.463034740,-5.032935408
1781283252.115529776,1.741754018,-0.471614128,-5.043183263
1781283252.116276741,1.768639516,-0.419184855,-5.072202835
1781283252.117450237,0.000000000,0.000000000,0.000000000
1781283252.120687485,1.773594294,-0.422601104,-5.078026695
1781283252.121510744,1.789472889,-0.378101315,-5.108980639
1781283252.122404575,0.000000000,0.000000000,0.000000000
1781283252.128046751,1.799452263,-0.391323976,-5.127255091
1781283252.129356384,1.802444337,-0.319548512,-5.181111665
1781283252.131003857,1.817715529,-0.318947714,-5.189475481
1781283252.133154869,1.815004429,-0.307621277,-5.198794043
1781283252.134382725,1.809669932,-0.254818700,-5.206371654
1781283252.140539646,1.814463106,-0.277792308,-5.199994987
1781283252.141306400,1.764906766,-0.167673996,-5.175672054
1781283252.142453909,0.000000000,0.000000000,0.000000000
1781283252.145599604,1.768905933,-0.201945718,-5.143960928
1781283252.146366119,1.754738011,-0.151129443,-5.123036568
1781283252.147429228,0.000000000,0.000000000,0.000000000
1781283252.150553703,1.743854786,-0.173078487,-5.085480478
1781283252.151085615,0.000000000,0.000000000,0.000000000
1781283252.152984619,1.668103279,-0.117140665,-5.013764617
1781283252.154225111,1.643264516,-0.051889522,-4.983073023
1781283252.156040192,1.671284487,-0.130848670,-4.939541279
1781283252.158039570,1.644801364,-0.098643280,-4.913109401
1781283252.159269094,1.626915798,-0.041687328,-4.883123486
1781283252.165569067,1.631555524,-0.087597599,-4.836156130
1781283252.166408539,1.559387956,0.036052207,-4.672223499
1781283252.167507887,0.000000000,0.000000000,0.000000000
1781283252.170572281,1.637097491,-0.079758982,-4.607857813
1781283252.171359777,1.644318898,-0.008416984,-4.564146585
1781283252.172475100,0.000000000,0.000000000,0.000000000
1781283252.178076506,1.680436057,-0.082588606,-4.513483871
1781283252.179357767,1.692798684,0.058577214,-4.386795937
1781283252.180838585,1.741828370,0.028364250,-4.345636972
1781283252.183110952,1.764098242,-0.057564049,-4.315302632
1781283252.184310913,1.780007881,0.006868981,-4.308510188
1781283252.190676451,1.793906170,-0.080634001,-4.279218714
1781283252.191466093,1.814786951,0.040997893,-4.225419634
1781283252.192583799,0.000000000,0.000000000,0.000000000
1781283252.194222450,1.904957169,-0.121959397,-4.174468341
1781283252.196051836,1.922313780,-0.078293323,-4.145190433
1781283252.202988386,1.946999966,-0.165031770,-4.117937007
1781283252.204206228,1.943816786,-0.080681674,-4.042327453
1781283252.206030846,2.020273050,-0.236088464,-3.980110201
1781283252.208087444,2.001837473,-0.214469538,-3.982191586
1781283252.209341764,2.017874725,-0.175284825,-3.966757760
1781283252.215572596,2.025408274,-0.240581563,-3.952974082
1781283252.216343403,2.028852179,-0.170686772,-3.955521041
1781283252.217557192,2.047835125,-0.235991478,-3.943559080
1781283252.219200611,2.098731843,-0.305611860,-3.908298831
1781283252.221027613,2.118631047,-0.258299611,-3.885971982
1781283252.226096392,2.138586036,-0.337001740,-3.866640646
1781283252.227994680,2.061501183,-0.284370558,-3.814820340
1781283252.229261160,2.061575995,-0.256806711,-3.768866709
1781283252.231026888,2.096528519,-0.404700463,-3.677310806
1781283252.233092546,2.068449724,-0.398536200,-3.654666375
1781283252.234293699,2.059940372,-0.362745368,-3.608511567
1781283252.240553379,2.040618407,-0.435953505,-3.556431085
1781283252.241358519,1.988731711,-0.370902493,-3.472253997
1781283252.242485285,0.000000000,0.000000000,0.000000000
1781283252.244200468,2.060251002,-0.521127728,-3.388496314
1781283252.246037006,2.070325915,-0.482652415,-3.345590523
1781283252.253009558,2.074989162,-0.563284646,-3.303836581
1781283252.254226208,2.069875215,-0.494217158,-3.249435877
1781283252.256044865,2.145648590,-0.669347294,-3.157437451
1781283252.258078575,2.139642114,-0.659013774,-3.147319176
1781283252.259290695,2.199763851,-0.628080680,-3.108855607
1781283252.265484810,2.209784169,-0.756472156,-3.069876522
1781283252.266235590,2.272860278,-0.699518350,-3.062179398
1781283252.267436028,0.000000000,0.000000000,0.000000000
1781283252.270510674,2.330696836,-1.017477960,-2.932206655
1781283252.271297932,2.396651394,-0.974472565,-2.911264218
1781283252.272416353,0.000000000,0.000000000,0.000000000
1781283252.278007269,2.397778510,-1.149885761,-2.854038350
1781283252.279248238,2.442529396,-1.121964899,-2.823522855
1781283252.280832291,2.461842590,-1.295369681,-2.733373348
1781283252.283233643,2.444130062,-1.438149889,-2.676672532
1781283252.284205198,2.453163743,-1.433025379,-2.657575986
1781283252.286560059,2.401956982,-1.565712353,-2.608964982
1781283252.290588617,2.373224762,-1.551097810,-2.621722997
1781283252.291361332,2.386025898,-1.517453741,-2.620189121
1781283252.292473316,0.000000000,0.000000000,0.000000000
1781283252.295592785,2.347863048,-1.761675279,-2.488419757
1781283252.296371937,2.371848952,-1.727234067,-2.489340975
1781283252.297467947,0.000000000,0.000000000,0.000000000
1781283252.302690744,2.334470276,-1.824188821,-2.444590405
1781283252.304263115,2.320973732,-1.912145525,-2.378645328
1781283252.305901766,2.330951428,-1.906410512,-2.357883110
1781283252.308086395,2.303150136,-1.985123896,-2.320478568
1781283252.309304714,2.311721072,-1.990950937,-2.290217024
1781283252.315531492,2.283091272,-2.057842258,-2.248607405
1781283252.316299915,2.302474538,-2.026444535,-2.236867692
1781283252.317387581,0.000000000,0.000000000,0.000000000
1781283252.320628881,2.261605162,-2.152108298,-2.156583530
1781283252.321418524,2.273423986,-2.132021241,-2.159673805
1781283252.322539330,0.000000000,0.000000000,0.000000000
1781283252.327939749,2.264241413,-2.184761342,-2.138353161
1781283252.329219341,2.289903143,-2.198913008,-2.144687146
1781283252.331023455,2.257502794,-2.309518756,-2.075884815
1781283252.332676649,2.260795099,-2.315062566,-2.076156715
1781283252.334287643,2.250094580,-2.370588165,-2.039833823
1781283252.340557575,2.238537999,-2.367429351,-2.036300486
1781283252.341360331,2.241550819,-2.375163747,-2.026378237
1781283252.342490673,0.000000000,0.000000000,0.000000000
1781283252.345609188,2.187429032,-2.473294402,-1.951864965
1781283252.346402168,2.202804595,-2.465116827,-1.957371731
1781283252.347477913,0.000000000,0.000000000,0.000000000
1781283252.353001833,2.173256036,-2.505922956,-1.933734498
1781283252.354244947,2.194159419,-2.504401498,-1.953745321
1781283252.355840921,2.168816184,-2.550857082,-1.913220604
1781283252.358058929,2.135950451,-2.584317595,-1.886324481
1781283252.359310627,2.134457236,-2.593623902,-1.876075864
1781283252.363047838,2.101676543,-2.632953649,-1.846254723
1781283252.365526199,2.104625166,-2.634333506,-1.835806511
1781283252.366277218,2.122998792,-2.656574655,-1.818263202
1781283252.367471933,0.000000000,0.000000000,0.000000000
1781283252.370576143,2.085412131,-2.755252689,-1.746293891
1781283252.371345758,2.119551651,-2.782255092,-1.739632143
1781283252.372475863,0.000000000,0.000000000,0.000000000
1781283252.378026962,2.099272027,-2.826745760,-1.704939358
1781283252.379271746,2.154144190,-2.850592411,-1.692745004
1781283252.380825758,2.130949695,-2.896288659,-1.653995833
1781283252.383091450,2.116315584,-2.931453711,-1.634316437
1781283252.384294987,2.111216036,-2.947137459,-1.625401599
1781283252.390590668,2.091711303,-2.972697916,-1.605396659
1781283252.391365767,2.098072525,-2.974098914,-1.605208924
1781283252.392477036,0.000000000,0.000000000,0.000000000
1781283252.395546198,2.045227371,-3.047230796,-1.547378694
1781283252.396318913,2.049319630,-3.050080870,-1.542609592
1781283252.397556305,2.023228019,-3.075280643,-1.517572350
1781283252.402959108,2.026805586,-3.079306835,-1.519615198
1781283252.404193401,2.024119028,-3.082313659,-1.537068278
1781283252.406026602,1.981608764,-3.139128618,-1.490044454
1781283252.408095837,1.994387261,-3.129733420,-1.508833850
1781283252.409294367,1.991458277,-3.140426082,-1.505660110
1781283252.415550709,1.989529004,-3.160955740,-1.498145380
1781283252.416310549,1.987079933,-3.172202195,-1.526513021
1781283252.417387247,0.000000000,0.000000000,0.000000000
1781283252.420710325,1.941034980,-3.213660993,-1.480750877
1781283252.421464443,1.937213730,-3.227701828,-1.476023494
1781283252.422592878,0.000000000,0.000000000,0.000000000
1781283252.425943851,1.922181440,-3.249690695,-1.454652470
1781283252.428057671,1.927294311,-3.258293080,-1.462382315
1781283252.429300308,1.929120380,-3.263421142,-1.458186451
1781283252.430892229,1.928076926,-3.301885496,-1.429940097
1781283252.433146000,1.917361753,-3.328129386,-1.410858868
1781283252.434388876,1.935326788,-3.336780707,-1.408410762
1781283252.440538168,1.917684975,-3.362636192,-1.398683991
1781283252.441348553,1.937912842,-3.404223867,-1.395944609
1781283252.442492723,0.000000000,0.000000000,0.000000000
1781283252.445553541,1.908557006,-3.471845916,-1.329060401
1781283252.446344614,1.900675795,-3.485805865,-1.306902098
1781283252.447453499,0.000000000,0.000000000,0.000000000
1781283252.453026772,1.891088198,-3.520941061,-1.275489429
1781283252.454263210,1.916091451,-3.576765918,-1.246056003
1781283252.455872059,1.893427278,-3.615682268,-1.196398384
1781283252.458128929,1.877445828,-3.651094981,-1.166125770
1781283252.459357977,1.879525096,-3.668474457,-1.146748479
1781283252.465537310,1.870193619,-3.697333277,-1.116739432
1781283252.466308117,1.898175739,-3.738709026,-1.083210797
1781283252.467390537,0.000000000,0.000000000,0.000000000
1781283252.470669508,1.849863126,-3.808815946,-0.998324584
1781283252.471452475,1.876315574,-3.845343097,-0.967804190
1781283252.472592354,0.000000000,0.000000000,0.000000000
1781283252.478260994,1.865711295,-3.886259823,-0.937509759
1781283252.479307890,1.902559132,-3.938398423,-0.910196112
1781283252.480890036,1.885217300,-3.965390107,-0.875759663
1781283252.483067513,1.870561759,-3.979998824,-0.862593645
1781283252.484290600,1.897438606,-3.983181989,-0.865047006
1781283252.487724781,1.897053635,-3.998338840,-0.864447886
1781283252.490514517,1.930880658,-3.916233897,-0.924916077
1781283252.491532087,1.934920106,-3.882971212,-0.915322608
1781283252.492734432,1.911731675,-3.868076631,-0.920272638
1781283252.494290352,1.864469752,-3.865356353,-0.908360821
1781283252.495836020,1.822830466,-3.864501181,-0.894524334
1781283252.502978086,1.815040488,-3.882054071,-0.890294780
1781283252.504227400,1.822609906,-3.922746986,-0.892203578
1781283252.505926847,1.806483086,-3.953081921,-0.852637187
1781283252.508122683,1.804948700,-3.984067772,-0.835055407
1781283252.509188890,1.818772928,-4.008357458,-0.811823208
1781283252.515546799,1.804608217,-4.041089779,-0.790873886
1781283252.516318321,1.838411518,-4.110839861,-0.797738404
1781283252.517535210,1.818121342,-4.136417543,-0.784195581
1781283252.519199610,1.799440311,-4.187973157,-0.740259626
1781283252.520912170,1.793329736,-4.202694982,-0.724987858
1781283252.527994633,1.785531138,-4.250993327,-0.688695090
1781283252.529202938,1.799282365,-4.329483978,-0.641504030
1781283252.530833483,1.767327491,-4.368818192,-0.581540952
1781283252.533070326,1.753813042,-4.402496392,-0.547682447
1781283252.534303188,1.741814678,-4.426068211,-0.532735772
1781283252.540626287,1.731449147,-4.456834569,-0.502457156
1781283252.541259289,0.000000000,0.000000000,0.000000000
1781283252.542542696,1.723828722,-4.531713489,-0.444836269
1781283252.544195414,1.693361486,-4.565665337,-0.393725050
1781283252.545882702,1.676831526,-4.588812828,-0.383197082
1781283252.549765587,1.661221412,-4.626401004,-0.343332008
1781283252.552963257,1.673618831,-4.669016813,-0.322632403
1781283252.554257393,1.674322746,-4.726219241,-0.294781683
1781283252.556058168,1.595155245,-4.777052306,-0.212517956
1781283252.558071613,1.603911719,-4.814616406,-0.193231016
1781283252.559315681,1.585809909,-4.836922292,-0.176409647
1781283252.565143108,1.566082874,-4.881122005,-0.132837296
1781283252.566089392,1.549639758,-4.949983990,-0.088563158
1781283252.567846537,1.523291337,-4.981106808,-0.045087335
1781283252.569285393,1.474825899,-5.010761652,0.000445327
1781283252.570851564,1.446938802,-5.034880481,0.028598219
1781283252.578029394,1.422042831,-5.049344029,0.058644244
1781283252.579264879,1.398707659,-5.096676524,0.129622739
1781283252.580849886,1.357617793,-5.119065876,0.173599499
1781283252.583095312,1.338686895,-5.125462889,0.199945376
1781283252.584347010,1.318476087,-5.133622961,0.214891508
1781283252.590564489,1.293109975,-5.132267580,0.237982998
1781283252.591355324,1.268111346,-5.130361369,0.272398926
1781283252.592482090,0.000000000,0.000000000,0.000000000
1781283252.595566750,1.225062166,-5.126478726,0.293806836
1781283252.596360683,1.196568734,-5.108808438,0.299724322
1781283252.597483397,0.000000000,0.000000000,0.000000000
1781283252.603069305,1.187678309,-5.102587225,0.302494585
1781283252.604318380,1.157810070,-5.091411631,0.303140014
1781283252.605865002,1.127580125,-5.099005228,0.309182931
1781283252.608127117,1.127517272,-5.102210243,0.304937729
1781283252.609323502,1.105585285,-5.103721042,0.311068459
1781283252.615557194,1.102300647,-5.109842214,0.312504130
1781283252.616342783,1.081668401,-5.115050014,0.330471187
1781283252.617469072,0.000000000,0.000000000,0.000000000
1781283252.620677233,1.061126693,-5.111920030,0.333849305
1781283252.621483326,1.039129654,-5.110327657,0.348027278
1781283252.622423887,0.000000000,0.000000000,0.000000000
1781283252.625654459,1.034248392,-5.108062762,0.349938264
1781283252.626203537,0.000000000,0.000000000,0.000000000
1781283252.628115654,1.025393241,-5.099615847,0.344702386
1781283252.629164934,1.012224185,-5.109591331,0.352490273
1781283252.630836248,0.989264199,-5.115403837,0.356934766
1781283252.633074045,0.986812428,-5.117341393,0.357349358
1781283252.634273529,0.966661007,-5.118690833,0.361685009
1781283252.640585899,0.964249335,-5.121375024,0.367349789
1781283252.641463995,0.939390867,-5.127259448,0.373335340
1781283252.642441750,0.000000000,0.000000000,0.000000000
1781283252.644333839,0.925476052,-5.137620069,0.390957089
1781283252.645848989,0.920011460,-5.139086314,0.398740202
1781283252.652980089,0.908508906,-5.133377321,0.404755789
1781283252.654233694,0.899989616,-5.125878898,0.419687776
1781283252.655875206,0.888723860,-5.127445803,0.432691550
1781283252.658070087,0.885873787,-5.127248657,0.440739438
1781283252.659233332,0.886214298,-5.120520363,0.451757396
1781283252.665549755,0.874603615,-5.116103972,0.454615857
1781283252.666363716,0.879664914,-5.102549092,0.490996560
1781283252.667504787,0.000000000,0.000000000,0.000000000
1781283252.670558453,0.862232778,-5.093936614,0.501165737
1781283252.671336174,0.859772348,-5.067188780,0.544074268
1781283252.672484636,0.000000000,0.000000000,0.000000000
1781283252.678075314,0.858705223,-5.057595417,0.553086636
1781283252.679324627,0.857412625,-5.021796360,0.606300636
1781283252.680873394,0.847226745,-5.003946510,0.617481489
1781283252.683087111,0.847526108,-4.998735179,0.625580464
1781283252.684282303,0.837566589,-4.980013878,0.638185112
1781283252.686441660,0.842799567,-4.961976195,0.640818703
1781283252.690568686,0.832094981,-4.941238568,0.651797387
1781283252.691401005,0.825293017,-4.900164841,0.672922878
1781283252.692569017,0.000000000,0.000000000,0.000000000
1781283252.694173336,0.827674729,-4.884885284,0.656735429
1781283252.696021318,0.823466974,-4.871727374,0.661504612
1781283252.702462196,0.825830310,-4.859466215,0.648113257
1781283252.705342531,0.819497427,-4.816900938,0.652397634
1781283252.706154823,0.822678900,-4.816966394,0.658925698
1781283252.708129883,0.821020138,-4.802612359,0.644285639
1781283252.709372759,0.827416587,-4.800198402,0.649640814
1781283252.715511799,0.826359413,-4.794701952,0.638170600
1781283252.716275454,0.834084475,-4.782416759,0.638561497
1781283252.717383862,0.000000000,0.000000000,0.000000000
1781283252.720602274,0.855232340,-4.782871473,0.621003378
1781283252.721385717,0.859994442,-4.781884762,0.612564615
1781283252.722510815,0.000000000,0.000000000,0.000000000
1781283252.728032112,0.864742072,-4.776228821,0.604843632
1781283252.729286432,0.874261173,-4.770833857,0.599169893
1781283252.731029510,0.887708577,-4.766628837,0.587181193
1781283252.732634306,0.885719530,-4.765109243,0.584571229
1781283252.734243870,0.899190383,-4.762170259,0.579491502
1781283252.740526199,0.896887078,-4.759576897,0.579199223
1781283252.741334438,0.900620498,-4.738020613,0.589034832
1781283252.742454529,0.000000000,0.000000000,0.000000000
1781283252.745573521,0.923049340,-4.731430980,0.573881531
1781283252.746360302,0.927243346,-4.722773131,0.579692709
1781283252.747606754,0.935142659,-4.719482203,0.572792194
1781283252.752979279,0.933242978,-4.712603603,0.566755689
1781283252.754188299,0.942753870,-4.692740972,0.584450107
1781283252.755874395,0.962138739,-4.689713137,0.570586541
1781283252.758138418,0.963293236,-4.680680512,0.561446743
1781283252.759356499,0.973646532,-4.672298025,0.562472790
1781283252.762530327,0.977848715,-4.660430151,0.555849213
1781283252.765563250,0.971951494,-4.659451604,0.561868533
1781283252.766416073,0.981898982,-4.644784267,0.569009001
1781283252.767517328,0.000000000,0.000000000,0.000000000
1781283252.770567894,1.005660816,-4.634143370,0.533882083
1781283252.771353483,1.023197589,-4.627560466,0.536584603
1781283252.772482157,0.000000000,0.000000000,0.000000000
1781283252.777548075,1.037634993,-4.617051555,0.513355694
1781283252.779206276,1.062272490,-4.579546115,0.490125098
1781283252.780865669,1.082314812,-4.568254746,0.483210886
1781283252.783097267,1.092409633,-4.560724634,0.471480537
1781283252.784336329,1.110702683,-4.551583293,0.462484039
1781283252.790533066,1.118277867,-4.541721804,0.446645705
1781283252.791339397,1.134114806,-4.493600554,0.440292340
1781283252.792495012,0.000000000,0.000000000,0.000000000
1781283252.794215441,1.176358265,-4.476555349,0.393518905
1781283252.796018124,1.176403057,-4.452937516,0.384125470
1781283252.802986383,1.200772902,-4.441284307,0.356412136
1781283252.804207325,1.199138963,-4.364675480,0.339121722
1781283252.805915356,1.211623996,-4.341381813,0.305178536
1781283252.807667732,1.238469114,-4.321484229,0.270091164
1781283252.809214115,1.238013287,-4.298099837,0.257720824
1781283252.815559149,1.258338211,-4.284605673,0.217499845
1781283252.816339970,1.256918703,-4.240192822,0.188492392
1781283252.817433834,0.000000000,0.000000000,0.000000000
1781283252.820647955,1.290570412,-4.219372513,0.115523296
1781283252.821421385,1.294683279,-4.211697126,0.101458236
1781283252.822510004,0.000000000,0.000000000,0.000000000
1781283252.828013420,1.315536590,-4.192764785,0.037584594
1781283252.829280376,1.302427741,-4.184735328,0.030994208
1781283252.830826283,1.318422606,-4.184334712,0.000732535
1781283252.833040237,1.339890058,-4.177649886,-0.028347219
1781283252.834243059,1.344699878,-4.183743437,-0.026893464
1781283252.837842226,1.353225262,-4.172510352,-0.056500247
1781283252.840548515,1.351694697,-4.174976068,-0.040188753
1781283252.841350794,1.345678053,-4.174703756,-0.044343062
1781283252.842623949,1.360483075,-4.168786539,-0.074071521
1781283252.844253540,1.365409043,-4.158390478,-0.101722308
1781283252.845851660,1.363459563,-4.151184161,-0.111793430
1781283252.852886677,1.367114111,-4.139025852,-0.133502489
1781283252.854359388,1.330541042,-4.083923597,-0.164097038
1781283252.856029749,1.319283801,-4.066949233,-0.169710234
1781283252.858155727,1.325807984,-4.053219311,-0.192034475
1781283252.859159708,1.318185503,-4.045755316,-0.202613174
1781283252.865531921,1.330290712,-4.025620937,-0.223883217
1781283252.866295099,1.310576429,-4.006713434,-0.225726438
1781283252.867504120,1.323192228,-3.998430956,-0.249890162
1781283252.869191408,1.344768859,-3.978461853,-0.296283597
1781283252.870889187,1.342032985,-3.972113932,-0.300584523
1781283252.878024578,1.354862520,-3.956685133,-0.332522367
1781283252.879294872,1.315030356,-3.914092222,-0.352562336
1781283252.880852699,1.344690716,-3.889013183,-0.397426159
1781283252.883065224,1.357489822,-3.870922815,-0.438831868
1781283252.884286404,1.366718557,-3.870647920,-0.453281750
1781283252.890535593,1.383467183,-3.853865463,-0.494613822
1781283252.891290188,1.391665134,-3.843458933,-0.522879770
1781283252.892412901,0.000000000,0.000000000,0.000000000
1781283252.895575285,1.439534408,-3.808040217,-0.602269630
1781283252.896349430,1.439503904,-3.801069035,-0.627008968
1781283252.897444963,0.000000000,0.000000000,0.000000000
1781283252.900693893,1.474453857,-3.784476068,-0.660820985
1781283252.901214361,0.000000000,0.000000000,0.000000000
1781283252.903056383,1.452650819,-3.771645272,-0.657822064
1781283252.904329062,1.459004817,-3.770608546,-0.675775411
1781283252.905968189,1.471066961,-3.746865520,-0.714289056
1781283252.908114195,1.495226410,-3.719814870,-0.753379915
1781283252.909304857,1.474551568,-3.708474754,-0.765757925
1781283252.915513277,1.498350728,-3.686799007,-0.799486533
1781283252.916265011,1.466303986,-3.663120589,-0.790819713
1781283252.917471886,0.000000000,0.000000000,0.000000000
1781283252.920635462,1.518047338,-3.624027708,-0.868859351
1781283252.921431065,1.517565633,-3.624655261,-0.860351735
1781283252.922572851,0.000000000,0.000000000,0.000000000
1781283252.928045511,1.548324130,-3.610057634,-0.886416389
1781283252.929351807,1.537134067,-3.603535354,-0.862618031
1781283252.930889606,1.561540771,-3.582785059,-0.898492347
1781283252.933136940,1.573124562,-3.551617835,-0.916877132
1781283252.934375286,1.562312735,-3.537523739,-0.912057564
1781283252.940548897,1.571657992,-3.503772758,-0.951364928
1781283252.941345215,1.518606622,-3.457250161,-0.913982514
1781283252.942480087,0.000000000,0.000000000,0.000000000
1781283252.945555687,1.575567848,-3.361864772,-1.036962124
1781283252.946341515,1.510013823,-3.302503760,-0.989183876
1781283252.947418213,0.000000000,0.000000000,0.000000000
1781283252.953041792,1.529760293,-3.233875143,-1.038474715
1781283252.954282999,1.472360754,-3.170054218,-0.994147320
1781283252.955930471,1.495659819,-3.084018782,-1.071387013
1781283252.958166361,1.532579360,-3.006566010,-1.143526031
1781283252.959182262,1.502830457,-2.982751536,-1.142373153
1781283252.962515354,1.546336248,-2.902664970,-1.217490864
1781283252.965565205,1.510680696,-2.864727820,-1.177356023
1781283252.966313601,1.490025762,-2.839873306,-1.183461253
1781283252.967439651,0.000000000,0.000000000,0.000000000
1781283252.970618486,1.569138827,-2.677271384,-1.379777038
1781283252.971386909,1.537370995,-2.636023473,-1.385212978
1781283252.972522497,0.000000000,0.000000000,0.000000000
1781283252.977715969,1.572468513,-2.554872768,-1.466254582
1781283252.979381800,1.634647314,-2.477567481,-1.582625312
1781283252.980896711,1.636700260,-2.460248839,-1.608697693
1781283252.983095407,1.679862885,-2.394931533,-1.689886391
1781283252.984298468,1.691894991,-2.393105986,-1.727197022
1781283252.990614891,1.735627308,-2.325700926,-1.811403218
1781283252.991412401,1.758316065,-2.349987191,-1.869895405
1781283252.992509604,0.000000000,0.000000000,0.000000000
1781283252.994281292,1.811376897,-2.179016145,-2.051751838
1781283252.995858192,1.812005468,-2.186806970,-2.093292017
1781283253.003022194,1.840976145,-2.108351940,-2.178215253
1781283253.004262686,1.850860219,-2.146389209,-2.243582315
1781283253.005889893,1.859699707,-2.062350113,-2.330842024
1781283253.008070230,1.886115510,-1.977658266,-2.400738927
1781283253.009231329,1.879201790,-1.990823764,-2.421279997
1781283253.015543461,1.898668268,-1.907329547,-2.487177419
1781283253.016307592,1.897859447,-1.958164863,-2.507132961
1781283253.017484665,0.000000000,0.000000000,0.000000000
1781283253.019234896,1.931568224,-1.802116733,-2.611676627
1781283253.020884991,1.923043872,-1.806497461,-2.617501359
1781283253.023957491,1.946524235,-1.740311915,-2.659532828
1781283253.024623632,1.936386609,-1.747587499,-2.654280833
1781283253.028013229,1.932578601,-1.754693427,-2.652056997
1781283253.029248238,1.912096785,-1.763815461,-2.640487624
1781283253.030995131,1.920280221,-1.638797238,-2.703632798
1781283253.033093929,1.910290523,-1.641977586,-2.696616794
1781283253.034309149,1.893539470,-1.647700436,-2.685402349
1781283253.039584875,1.901769490,-1.589044909,-2.706782209
1781283253.040987015,1.863395903,-1.582845482,-2.687671442
1781283253.042748690,1.866656141,-1.533143401,-2.702695466
1781283253.044231653,1.866528675,-1.483713871,-2.717713237
1781283253.045857430,1.849362352,-1.487941290,-2.710666720
1781283253.052972555,1.850872760,-1.438471110,-2.727766147
1781283253.054177284,1.814497013,-1.446911768,-2.694969774
1781283253.055898666,1.795984897,-1.409104307,-2.706043773
1781283253.058103800,1.800100837,-1.362552570,-2.720284760
1781283253.059301853,1.784547591,-1.380184894,-2.712097860
1781283253.065512419,1.780077229,-1.331487916,-2.716677502
1781283253.066153049,0.000000000,0.000000000,0.000000000
1781283253.067765474,1.757484705,-1.318302697,-2.683596083
1781283253.069237709,1.738116270,-1.281100294,-2.700760265
1781283253.070873499,1.721947225,-1.279136247,-2.708639519
1781283253.077965021,1.713159020,-1.227566952,-2.739004446
1781283253.079228878,1.688636969,-1.245610716,-2.788996810
1781283253.081010580,1.658437744,-1.132377699,-2.858541183
1781283253.083120108,1.657689466,-1.143975485,-2.870072959
1781283253.084329128,1.639542669,-1.154823538,-2.889063622
1781283253.090530396,1.634735903,-1.102157994,-2.926536180
1781283253.091322899,1.630481908,-1.154252832,-2.984892336
1781283253.092449665,0.000000000,0.000000000,0.000000000
1781283253.095580578,1.598166142,-1.048007086,-3.057026544
1781283253.096382618,1.590390774,-1.055567559,-3.074154176
1781283253.097497702,0.000000000,0.000000000,0.000000000
1781283253.101621866,1.591871809,-1.021658497,-3.112280992
1781283253.103004694,1.620554684,-1.061084848,-3.133796790
1781283253.104243994,1.620957195,-1.078439354,-3.141267977
1781283253.105876684,1.600315197,-1.035985765,-3.182571171
1781283253.108098030,1.607791338,-0.994764544,-3.198407296
1781283253.109320641,1.606911532,-1.008612859,-3.216536345
1781283253.115519285,1.595480120,-0.976137587,-3.232694837
1781283253.116154194,0.000000000,0.000000000,0.000000000
1781283253.117724180,1.587065842,-0.987705304,-3.243682932
1781283253.119174480,1.562277679,-0.946298391,-3.271088293
1781283253.120939255,1.554550702,-0.974360584,-3.266517610
1781283253.127964973,1.541149968,-0.923365520,-3.282595838
1781283253.129186630,1.549743978,-0.969392083,-3.262957603
1781283253.130831957,1.522159460,-0.937703352,-3.281900797
1781283253.133148193,1.511259974,-0.893632877,-3.303438073
1781283253.134285450,1.500956185,-0.912107537,-3.296947183
1781283253.140573740,1.494515085,-0.869144667,-3.324376980
1781283253.141395569,1.488619547,-0.888484687,-3.303190702
1781283253.142540693,0.000000000,0.000000000,0.000000000
1781283253.144204140,1.454215407,-0.832509337,-3.327582147
1781283253.145891666,1.455598504,-0.839994224,-3.329232605
1781283253.147759199,1.440543891,-0.813008749,-3.330796055
1781283253.152980804,1.441470587,-0.818698352,-3.324317275
1781283253.154211521,1.438478098,-0.824840204,-3.305353840
1781283253.155869007,1.425016333,-0.814595007,-3.312849893
1781283253.158123016,1.416399413,-0.784718613,-3.323947606
1781283253.159338713,1.412781356,-0.794265706,-3.325347146
1781283253.163051605,1.398637250,-0.770737500,-3.333645261
1781283253.165584564,1.401655887,-0.778364490,-3.337833707
1781283253.166349411,1.389783368,-0.786115060,-3.345680535
1781283253.167470694,0.000000000,0.000000000,0.000000000
1781283253.170639992,1.363729482,-0.756429963,-3.363088543
1781283253.171413422,1.356236982,-0.764683157,-3.367601387
1781283253.172533989,0.000000000,0.000000000,0.000000000
1781283253.178002596,1.341041017,-0.753918411,-3.366661702
1781283253.179318190,1.332642954,-0.782358810,-3.379402605
1781283253.180906057,1.315502387,-0.763601032,-3.401445201
1781283253.183098078,1.308745276,-0.745767226,-3.405401274
1781283253.184317589,1.309632515,-0.752729173,-3.410659452
1781283253.190482616,1.301917600,-0.738935768,-3.419916628
1781283253.191248178,1.297264561,-0.745810264,-3.431444713
1781283253.192555904,1.291940067,-0.715919036,-3.444290080
1781283253.194201469,1.284628893,-0.709346346,-3.452498759
1781283253.195870876,1.277264716,-0.710194771,-3.444350121
1781283253.202949047,1.273723642,-0.698507329,-3.454693448
1781283253.204173326,1.276071350,-0.721671017,-3.440183137
1781283253.205899954,1.264839938,-0.709704976,-3.440046337
1781283253.208128691,1.265167839,-0.702894508,-3.447126495
1781283253.209367752,1.261811182,-0.705056667,-3.440879600
1781283253.215536118,1.259819078,-0.696363579,-3.445368520
1781283253.216338158,1.263633246,-0.707789999,-3.446391578
1781283253.217553616,1.262006178,-0.702546577,-3.452902352
1781283253.219198704,1.250286905,-0.683838340,-3.467416121
1781283253.220865011,1.248345751,-0.696626440,-3.468378721
1781283253.225193739,1.240580691,-0.676848097,-3.479547168
1781283253.225919485,1.246986419,-0.696194647,-3.491604138
1781283253.227983713,1.245175200,-0.708375277,-3.490228278
1781283253.229246616,1.249709589,-0.728571978,-3.495118398
1781283253.231034517,1.231199256,-0.699445483,-3.510408718
1781283253.233093977,1.240754607,-0.708887412,-3.512247156
1781283253.234287024,1.242763782,-0.725839135,-3.504771381
1781283253.240587711,1.241433618,-0.710047259,-3.514610027
1781283253.241472244,1.243091670,-0.735020219,-3.516167115
1781283253.242434978,0.000000000,0.000000000,0.000000000
1781283253.244185209,1.231902995,-0.702438609,-3.530915831
1781283253.245906591,1.228199738,-0.722393519,-3.540336366
1781283253.253050089,1.220983585,-0.694824527,-3.556476565
1781283253.254262924,1.226447471,-0.721860597,-3.561635151
1781283253.255916595,1.215680057,-0.716151459,-3.565351507
1781283253.258092642,1.211606750,-0.692343502,-3.579318005
1781283253.259369850,1.205570531,-0.704237393,-3.573302609
1781283253.265501499,1.209471057,-0.684127552,-3.586641522
1781283253.266279697,1.208771447,-0.691248831,-3.597036746
1781283253.267396688,0.000000000,0.000000000,0.000000000
1781283253.270642996,1.201799495,-0.662836016,-3.614481143
1781283253.271433115,1.196238393,-0.668343609,-3.625473064
1781283253.272560596,0.000000000,0.000000000,0.000000000
1781283253.277992249,1.194122189,-0.658224780,-3.640160486
1781283253.279250383,1.194158383,-0.663667655,-3.649956512
1781283253.280984402,1.175468246,-0.644882231,-3.662393845
1781283253.283090591,1.180454169,-0.642305207,-3.668781493
1781283253.284298897,1.180628350,-0.661344400,-3.669631814
1781283253.286043882,1.178972305,-0.648608481,-3.685574982
1781283253.290501356,1.186617572,-0.666185283,-3.685301285
1781283253.291258574,1.185968742,-0.682133981,-3.692766884
1781283253.292383194,0.000000000,0.000000000,0.000000000
1781283253.295644283,1.167850117,-0.645280031,-3.714451560
1781283253.296407938,1.175986099,-0.672586621,-3.724017700
1781283253.297537088,0.000000000,0.000000000,0.000000000
1781283253.301376343,1.175331006,-0.646722723,-3.744339072
1781283253.303015947,1.181636369,-0.652752023,-3.756545470
1781283253.304281473,1.184638836,-0.662976141,-3.766097403
1781283253.305870533,1.185419211,-0.649704232,-3.783606911
1781283253.308113575,1.180400717,-0.637750718,-3.793289568
1781283253.309300184,1.181051558,-0.642485287,-3.804953362
1781283253.315545559,1.175571029,-0.629459516,-3.814846435
1781283253.316304684,1.183932546,-0.648708817,-3.838462645
1781283253.317400694,0.000000000,0.000000000,0.000000000
1781283253.320645332,1.174916756,-0.626446026,-3.848946189
1781283253.321422815,1.191900947,-0.645116612,-3.852008976
1781283253.322548628,0.000000000,0.000000000,0.000000000
1781283253.328013182,1.182263014,-0.629269054,-3.866868793
1781283253.329240561,1.177202099,-0.641575374,-3.879243971
1781283253.330833673,1.174338491,-0.636477997,-3.887292782
1781283253.333111048,1.168240140,-0.615020632,-3.892506390
1781283253.334297657,1.173998194,-0.624252496,-3.894742451
1781283253.340644598,1.173557856,-0.612391487,-3.902407834
1781283253.341479778,1.177650894,-0.620889461,-3.905295734
1781283253.342417955,0.000000000,0.000000000,0.000000000
1781283253.344241858,1.174968352,-0.609527943,-3.907248551
1781283253.345899343,1.184798082,-0.615473370,-3.914000106
1781283253.349163294,1.176495339,-0.616445419,-3.912593767
1781283253.353015661,1.182184814,-0.618164896,-3.913447160
1781283253.354247808,1.177462616,-0.627813494,-3.916388715
1781283253.355851889,1.178022623,-0.625244797,-3.930002216
1781283253.358119726,1.172778483,-0.624412444,-3.933759748
1781283253.359314919,1.173865260,-0.626883045,-3.939926943
1781283253.364085436,1.168701454,-0.628876708,-3.943654793
1781283253.364795208,1.179635658,-0.636898386,-3.970175539
1781283253.365804672,0.000000000,0.000000000,0.000000000
1781283253.367804289,1.173558406,-0.643904145,-3.975209802
1781283253.369280577,1.173155817,-0.637985567,-3.985698218
1781283253.370867968,1.180142490,-0.656007423,-3.990794013
1781283253.377939224,1.182046980,-0.645711619,-4.003826332
1781283253.379202366,1.194042116,-0.676987185,-4.019964877
1781283253.381030321,1.185911286,-0.672001217,-4.034463702
1781283253.383089304,1.190137892,-0.671481778,-4.038403634
1781283253.384295940,1.190318311,-0.685334429,-4.042472377
1781283253.390549660,1.193101466,-0.671626936,-4.054361702
1781283253.391323328,1.193093062,-0.692147263,-4.068293221
1781283253.392440319,0.000000000,0.000000000,0.000000000
1781283253.395372152,1.188980498,-0.681087026,-4.069812232
1781283253.396108150,1.190434085,-0.676115742,-4.072570637
1781283253.397445440,0.000000000,0.000000000,0.000000000
1781283253.403244257,1.191775802,-0.682072581,-4.076352365
1781283253.404291391,1.185079816,-0.700854479,-4.067837836
1781283253.406040668,1.185419922,-0.682947711,-4.063128906
1781283253.408162355,1.195521430,-0.687215292,-4.056866182
1781283253.409218550,1.188762721,-0.683329715,-4.048656435
1781283253.415579081,1.197103080,-0.690342671,-4.046888937
1781283253.416351318,1.186740106,-0.680074450,-4.002411006
1781283253.417428493,0.000000000,0.000000000,0.000000000
1781283253.419294119,1.195025187,-0.669199172,-3.990480074
1781283253.420916319,1.196299141,-0.677469203,-3.976105418
1781283253.426257849,1.196310248,-0.664644810,-3.961940942
1781283253.428008795,1.192092955,-0.660804275,-3.932170137
1781283253.429263115,1.193596837,-0.642793306,-3.928486192
1781283253.430849791,1.197096065,-0.651691969,-3.916194609
1781283253.433161259,1.193314011,-0.646879766,-3.907337740
1781283253.434376717,1.196955772,-0.646875477,-3.899845979
1781283253.440443277,1.197408514,-0.645371865,-3.898759477
1781283253.441243410,1.208059484,-0.628028620,-3.893657831
1781283253.442558050,1.210354859,-0.626295555,-3.895890301
1781283253.444183111,1.230661840,-0.627186279,-3.898930380
1781283253.445866585,1.235539726,-0.600766419,-3.906143189
1781283253.452928305,1.247384996,-0.606535621,-3.907528559
1781283253.454165220,1.260655830,-0.546061238,-3.934307951
1781283253.455847979,1.278698831,-0.532926891,-3.942497232
1781283253.458160877,1.286327347,-0.541758540,-3.948524921
1781283253.459175110,1.294214818,-0.506926458,-3.974483657
1781283253.465540409,1.312483851,-0.518847936,-3.985272620
1781283253.466200590,0.000000000,0.000000000,0.000000000
1781283253.467561007,1.371668695,-0.461500433,-4.089752260
1781283253.469199181,1.380115200,-0.444270581,-4.104359272
1781283253.470884323,1.395195380,-0.410771088,-4.128759665
1781283253.477961302,1.401262807,-0.418364262,-4.140341904
1781283253.479230165,1.454208539,-0.308581982,-4.202977444
1781283253.480844975,1.464886026,-0.283266088,-4.213181275
1781283253.483070850,1.468187271,-0.309503142,-4.222728381
1781283253.484288216,1.472392784,-0.252718059,-4.237546260
1781283253.487779379,1.485817772,-0.272417370,-4.246370554
1781283253.490553856,1.496863786,-0.232670212,-4.271579548
1781283253.491479635,1.503538869,-0.178108367,-4.285619699
1781283253.492595196,1.514232924,-0.163966672,-4.298072449
1781283253.494295835,1.542142803,-0.192387042,-4.296966117
1781283253.495875835,1.557506491,-0.145667477,-4.312264322
1781283253.502453089,1.574395169,-0.166752981,-4.310861291
1781283253.503187656,1.587200053,-0.093183420,-4.329061584
1781283253.504187107,0.000000000,0.000000000,0.000000000
1781283253.505945921,1.606299247,-0.052473592,-4.306541528
1781283253.508130550,1.621956237,-0.091783097,-4.291590258
1781283253.509193897,1.621909353,-0.033369100,-4.285838032
1781283253.515568495,1.635376025,-0.078218524,-4.263752742
1781283253.516347408,1.610260347,0.014733535,-4.202297070
1781283253.517552614,1.625832263,-0.022696871,-4.178323333
1781283253.519222736,1.644025401,-0.040979339,-4.143299576
1781283253.520879507,1.643288990,0.013499126,-4.121305927
1781283253.528089523,1.653745663,-0.047124294,-4.083822359
1781283253.529347897,1.609187330,0.054822311,-3.955785450
1781283253.530866385,1.635655781,0.034225095,-3.929688053
1781283253.533061981,1.653594709,-0.016904222,-3.911667518
1781283253.534257174,1.658258710,0.038105755,-3.892908804
1781283253.540525913,1.677180618,-0.022279885,-3.878332206
1781283253.541276693,1.671455896,0.069795053,-3.862586821
1781283253.542455435,0.000000000,0.000000000,0.000000000
1781283253.544227600,1.730982686,-0.062121855,-3.816379503
1781283253.545927525,1.733963107,-0.010154415,-3.797388860
1781283253.549618006,1.758457523,-0.087375403,-3.787568745
1781283253.553064346,1.749689074,-0.059489829,-3.780010788
1781283253.554303646,1.760075788,-0.007894583,-3.757455485
1781283253.555935383,1.803585920,-0.060542037,-3.726807818
1781283253.558127880,1.833483767,-0.126523687,-3.701110454
1781283253.559377909,1.849747072,-0.094557335,-3.684628416
1781283253.565115690,1.869109368,-0.165424984,-3.657532657
1781283253.566013575,1.889323835,-0.099046411,-3.626690203
1781283253.567794323,1.913258712,-0.166766596,-3.607285568
1781283253.569221020,1.959072539,-0.212427708,-3.580467319
1781283253.570893526,1.987990856,-0.176189590,-3.557712664
1781283253.578091621,2.007929127,-0.245045375,-3.540141036
1781283253.579348564,2.006384379,-0.177465551,-3.488123668
1781283253.580893040,2.045496984,-0.232691138,-3.443661377
1781283253.583114862,2.046422958,-0.296818496,-3.403091523
1781283253.584329844,2.062831563,-0.272985518,-3.371682829
1781283253.590525389,2.049930061,-0.336475815,-3.340901351
1781283253.591279030,2.011720384,-0.279859533,-3.295069973
1781283253.592412233,0.000000000,0.000000000,0.000000000
1781283253.595623493,2.030676542,-0.396016223,-3.236188122
1781283253.596441031,1.984991641,-0.345813033,-3.178617293
1781283253.597555399,0.000000000,0.000000000,0.000000000
1781283253.603005409,1.973404722,-0.410206249,-3.155868653
1781283253.604301929,1.953456917,-0.376823442,-3.109077333
1781283253.605870962,1.973128641,-0.440817999,-3.062889086
1781283253.608222008,1.960846586,-0.509791009,-3.037783584
1781283253.609205008,1.967349437,-0.512601154,-3.014731679
1781283253.612341881,1.959528559,-0.584406691,-2.982037120
1781283253.612858295,0.000000000,0.000000000,0.000000000
1781283253.615684986,1.925030978,-0.571257875,-2.972015738
1781283253.616491795,1.930487126,-0.566464241,-2.947655938
1781283253.617402315,0.000000000,0.000000000,0.000000000
1781283253.619205952,1.962316937,-0.768366135,-2.867767385
1781283253.620896578,1.967738306,-0.736005995,-2.844588952
1781283253.628025293,1.962696583,-0.852985613,-2.808135141
1781283253.629252911,1.987837168,-0.804778378,-2.781040466
1781283253.630839109,2.016469524,-0.930199478,-2.730198366
1781283253.633120298,2.013053796,-1.050324175,-2.682947770
1781283253.634350300,2.037144568,-1.048665117,-2.659812829
1781283253.640585184,2.023057687,-1.165092795,-2.605139837
1781283253.641345501,2.047566187,-1.145076413,-2.574297832
1781283253.642417669,0.000000000,0.000000000,0.000000000
1781283253.645668745,2.039240257,-1.397602759,-2.445466748
1781283253.646450281,2.060693362,-1.374512483,-2.433754798
1781283253.647566557,0.000000000,0.000000000,0.000000000
1781283253.653049231,2.033264970,-1.477447868,-2.380015547
1781283253.654266119,2.075931871,-1.462824344,-2.375188498
1781283253.655876160,2.073420240,-1.586354896,-2.313448324
1781283253.658055782,2.068176325,-1.679541891,-2.280483382
1781283253.659279108,2.091808417,-1.694650376,-2.263845320
1781283253.665671587,2.077587935,-1.777654435,-2.241144334
1781283253.666432619,2.042429710,-1.766997625,-2.214301456
1781283253.667534351,0.000000000,0.000000000,0.000000000
1781283253.669189215,1.988907132,-1.934830984,-2.107486995
1781283253.670911789,1.981229032,-1.930786734,-2.082163165
1781283253.675770521,1.939784083,-1.990651849,-2.030025999
1781283253.676367044,0.000000000,0.000000000,0.000000000
1781283253.678000689,1.893709991,-1.968611805,-2.028783982
1781283253.679201126,1.891627995,-1.975334453,-2.005980675
1781283253.680928469,1.865235367,-2.037277198,-1.946164593
1781283253.683150053,1.841000573,-2.101421889,-1.909336179
1781283253.684345484,1.849732326,-2.099470605,-1.895472545
1781283253.690549374,1.826138274,-2.154696408,-1.857455610
1781283253.691348553,1.794992861,-2.140379647,-1.851753125
1781283253.692472696,0.000000000,0.000000000,0.000000000
1781283253.694244146,1.748920811,-2.233923209,-1.758674358
1781283253.695919275,1.719808809,-2.240875286,-1.739744622
1781283253.702979565,1.687998001,-2.273066511,-1.696798679
1781283253.704175949,1.609425363,-2.247862330,-1.707799905
1781283253.705878973,1.576116555,-2.288934990,-1.658384752
1781283253.708205700,1.527507463,-2.315245906,-1.639993087
1781283253.709235668,1.529270744,-2.314999746,-1.642432173
1781283253.715562344,1.503581796,-2.346941982,-1.630130119
1781283253.716309547,1.504078873,-2.336043521,-1.698440269
1781283253.717431068,0.000000000,0.000000000,0.000000000
1781283253.720679998,1.445738358,-2.415771816,-1.606051847
1781283253.721441984,1.412942034,-2.427256171,-1.604381029
1781283253.722591639,0.000000000,0.000000000,0.000000000
1781283253.728066921,1.373477997,-2.460068479,-1.571222085
1781283253.729335546,1.339324986,-2.479232817,-1.549578319
1781283253.730859280,1.323382015,-2.529431126,-1.491516657
1781283253.733094692,1.292004488,-2.572411829,-1.446799901
1781283253.734278917,1.305089652,-2.590664459,-1.432563569
1781283253.738575697,1.279115080,-2.642031926,-1.390348719
1781283253.739320993,1.289766235,-2.653824482,-1.403725054
1781283253.740863085,1.312706018,-2.672033955,-1.392323256
1781283253.742809534,1.291167673,-2.717112808,-1.342409302
1781283253.744230509,1.284483047,-2.763161357,-1.283919366
1781283253.745860577,1.290918486,-2.786638809,-1.260640218
1781283253.752970457,1.279405901,-2.827124637,-1.223979308
1781283253.754228354,1.306686426,-2.874250629,-1.200153498
1781283253.755850554,1.286729401,-2.922221567,-1.128899231
1781283253.758034706,1.268104973,-2.954852517,-1.090363589
1781283253.759242296,1.278779147,-2.979415290,-1.055721938
1781283253.765568495,1.271639874,-3.009408870,-1.018526369
1781283253.766313791,1.354883567,-3.077155832,-1.003745534
1781283253.767383575,0.000000000,0.000000000,0.000000000
1781283253.770693779,1.322278720,-3.140399667,-0.919138403
1781283253.771482706,1.351004342,-3.180178889,-0.918294559
1781283253.772436380,0.000000000,0.000000000,0.000000000
1781283253.778041601,1.343682851,-3.210937942,-0.893723164
1781283253.779282570,1.345824711,-3.234653810,-0.892092879
1781283253.781026602,1.317738653,-3.278347733,-0.812349479
1781283253.783136606,1.305466091,-3.283991264,-0.807626593
1781283253.784370899,1.326164011,-3.302855356,-0.794875345
1781283253.790542364,1.292473824,-3.323078217,-0.767436442
1781283253.791202784,0.000000000,0.000000000,0.000000000
1781283253.792547464,1.291313909,-3.376280655,-0.737503207
1781283253.794205189,1.288295450,-3.411780147,-0.700423653
1781283253.795876741,1.284332075,-3.420869942,-0.687517136
1781283253.800601482,1.269510589,-3.437177930,-0.663179393
1781283253.801275492,1.264464441,-3.453710048,-0.673881703
1781283253.802945137,0.000000000,0.000000000,0.000000000
1781283253.804178953,1.285453964,-3.453366891,-0.671085435
1781283253.805886507,1.262708460,-3.479984866,-0.641009620
1781283253.808072329,1.251425380,-3.503647894,-0.627474690
1781283253.809283972,1.248211152,-3.511098462,-0.619893101
1781283253.815384865,1.232559231,-3.530615659,-0.603354041
1781283253.816156864,1.236859501,-3.549621404,-0.603173234
1781283253.817567825,1.211035313,-3.566093412,-0.573800426
1781283253.820631027,1.183915896,-3.582240370,-0.541706770
1781283253.821415663,1.192972425,-3.594600991,-0.519661380
1781283253.822497606,0.000000000,0.000000000,0.000000000
1781283253.827986479,1.139531319,-3.621904550,-0.463769034
1781283253.829291821,1.139449705,-3.646690720,-0.471982353
1781283253.831035376,1.130688755,-3.677584184,-0.431012621
1781283253.833087206,1.131929426,-3.684611837,-0.441335728
1781283253.834299803,1.142801857,-3.702411122,-0.444651613
1781283253.840473413,1.124639055,-3.726139548,-0.428186356
1781283253.841248274,1.126775036,-3.784351117,-0.438738617
1781283253.842568398,1.098349109,-3.814735348,-0.414496918
1781283253.844213009,1.083209436,-3.838544725,-0.383196674
1781283253.845852613,1.072138825,-3.852212088,-0.381931926
1781283253.853030205,1.059315158,-3.882452365,-0.351189203
1781283253.854235411,1.051503979,-3.931611020,-0.363032970
1781283253.855894089,1.020780650,-3.949409052,-0.331457656
1781283253.858159304,1.007053526,-3.965827458,-0.305121570
1781283253.859162569,0.997932054,-3.977292285,-0.309136716
1781283253.862377882,0.988114751,-3.993301744,-0.281711158
1781283253.863035917,0.999254624,-4.020666957,-0.286543944
1781283253.865576982,0.999094491,-4.031566630,-0.294492742
1781283253.866348982,1.002200452,-4.050849362,-0.297420212
1781283253.867452383,0.000000000,0.000000000,0.000000000
1781283253.870626688,0.951035069,-4.076167442,-0.238941522
1781283253.871420145,0.948241376,-4.100085344,-0.241622364
1781283253.872542620,0.000000000,0.000000000,0.000000000
1781283253.877998114,0.942376563,-4.136470820,-0.215554370
1781283253.879290819,0.930794062,-4.160377666,-0.204081081
1781283253.880831480,0.913840523,-4.177799049,-0.184875986
1781283253.883193493,0.891381616,-4.192504068,-0.155603205
1781283253.884170294,0.887705363,-4.202478323,-0.163102136
1781283253.890548229,0.871625838,-4.211965889,-0.139111254
1781283253.891324997,0.859962019,-4.231509040,-0.141780613
1781283253.892421246,0.000000000,0.000000000,0.000000000
1781283253.895714998,0.816876795,-4.253097680,-0.107860740
1781283253.896532297,0.807634244,-4.292403600,-0.126923203
1781283253.897439003,0.000000000,0.000000000,0.000000000
1781283253.903114319,0.803283751,-4.311525837,-0.113705812
1781283253.904245138,0.774471976,-4.336867512,-0.124900833
1781283253.905925035,0.755678395,-4.352507820,-0.115930340
1781283253.908262491,0.733616458,-4.356152209,-0.094730133
1781283253.909271479,0.719084696,-4.368797815,-0.099790500
1781283253.915546894,0.703692143,-4.367731600,-0.086481074
1781283253.916307688,0.684072072,-4.385305301,-0.095232280
1781283253.917408705,0.000000000,0.000000000,0.000000000
1781283253.920618534,0.647558016,-4.385651410,-0.066470477
1781283253.921453714,0.629507320,-4.389802301,-0.074374421
1781283253.922577858,0.000000000,0.000000000,0.000000000
1781283253.924672127,0.620525746,-4.399182761,-0.055223664
1781283253.928043604,0.624593840,-4.394344155,-0.060880593
1781283253.929302216,0.604796676,-4.400853835,-0.052555926
1781283253.930877447,0.583173104,-4.411843109,-0.036865298
1781283253.933088303,0.576386246,-4.402124099,-0.024254593
1781283253.934288502,0.571242464,-4.407050130,-0.018189617
1781283253.940072536,0.562869629,-4.412107504,-0.012588450
1781283253.940963745,0.569371005,-4.429566874,-0.031349857
1781283253.942788363,0.561072002,-4.432029897,-0.026427066
1781283253.944204092,0.551903641,-4.443236240,-0.033908293
1781283253.945887566,0.527554795,-4.448137208,-0.033586725
1781283253.952923298,0.530535960,-4.451687835,-0.034315087
1781283253.954326630,0.503443226,-4.467970452,-0.037161244
1781283253.956027985,0.487523458,-4.468863961,-0.028426641
1781283253.958106279,0.490250456,-4.484221060,-0.027543156
1781283253.959307432,0.482894301,-4.489289419,-0.030249121
1781283253.965561628,0.480624477,-4.497787258,-0.022148499
1781283253.966309786,0.484215619,-4.523717474,-0.018913224
1781283253.967402935,0.000000000,0.000000000,0.000000000
1781283253.970635414,0.465010754,-4.528318392,-0.000444170
1781283253.971423626,0.469220309,-4.556032147,0.012521618
1781283253.972537518,0.000000000,0.000000000,0.000000000
1781283253.978084326,0.464336361,-4.555607176,0.023499106
1781283253.979374647,0.477988378,-4.586804334,0.039106966
1781283253.980906487,0.457912862,-4.592293943,0.057776321
1781283253.983127594,0.464521016,-4.607723524,0.065750689
1781283253.984313726,0.448001569,-4.619341602,0.067391959
1781283253.987052202,0.455446239,-4.628973194,0.067785545
1781283253.987603188,0.000000000,0.000000000,0.000000000
1781283253.990593910,0.455222202,-4.639191964,0.071069348
1781283253.991413832,0.442571100,-4.652208844,0.068340392
1781283253.992588282,0.000000000,0.000000000,0.000000000
1781283253.994176865,0.438527187,-4.656013569,0.074446654
1781283253.995853901,0.422670378,-4.660076161,0.076760476
1781283254.002709150,0.416655906,-4.660456614,0.079851427
1781283254.004306316,0.398739267,-4.672448588,0.098144233
1781283254.005862713,0.388160080,-4.676946714,0.098605326
1781283254.008175850,0.385538306,-4.679026211,0.114098800
1781283254.009191275,0.378367334,-4.680249452,0.117409275
1781283254.015552044,0.382842004,-4.685873074,0.131913412
1781283254.016319036,0.392097522,-4.670012456,0.173956362
1781283254.017423630,0.000000000,0.000000000,0.000000000
1781283254.020692587,0.381198397,-4.666061691,0.185282357
1781283254.021499395,0.379300915,-4.657865435,0.213897219
1781283254.022414446,0.000000000,0.000000000,0.000000000
1781283254.027999878,0.390969618,-4.649464892,0.219483123
1781283254.029248238,0.385513196,-4.624961265,0.255633397
1781283254.030865431,0.388318619,-4.617443403,0.263864977
1781283254.033037186,0.398354068,-4.599147549,0.271685793
1781283254.034189463,0.397221289,-4.586975560,0.283043742
1781283254.040558815,0.411020540,-4.580230651,0.287984552
1781283254.041337013,0.420625917,-4.535225511,0.335880791
1781283254.042448759,0.000000000,0.000000000,0.000000000
1781283254.045672417,0.431903771,-4.519933237,0.323218093
1781283254.046445131,0.430602726,-4.489189744,0.351334305
1781283254.047538519,0.000000000,0.000000000,0.000000000
1781283254.053072691,0.430717278,-4.485992163,0.351217863
1781283254.054379463,0.437498576,-4.428026520,0.388538450
1781283254.055957794,0.435944462,-4.409017852,0.396191298
1781283254.058149815,0.452254783,-4.394920609,0.386762776
1781283254.059352398,0.439529696,-4.373890111,0.408451433
1781283254.064053059,0.459789132,-4.363341089,0.392025093
1781283254.064678192,0.453789190,-4.317571199,0.415992319
1781283254.065837860,0.000000000,0.000000000,0.000000000
1781283254.067867517,0.475118292,-4.305272759,0.405162818
1781283254.069347620,0.485530823,-4.288302658,0.401878205
1781283254.070905209,0.487857886,-4.278732234,0.417264474
1781283254.078015327,0.504553185,-4.251599919,0.393858275
1781283254.079300404,0.510912713,-4.190766666,0.437406402
1781283254.080890179,0.523273424,-4.171604599,0.422909519
1781283254.083154202,0.545771239,-4.162240805,0.400956688
1781283254.084168196,0.547383984,-4.140243000,0.418415018
1781283254.090550900,0.574155984,-4.131573399,0.390945502
1781283254.091335058,0.582806313,-4.080610599,0.424369266
1781283254.092483044,0.000000000,0.000000000,0.000000000
1781283254.095072985,0.633045931,-4.066907673,0.370210521
1781283254.095979452,0.655582105,-4.061821505,0.377537564
1781283254.103067875,0.677921029,-4.051641745,0.348460357
1781283254.104315519,0.709448598,-3.990278314,0.366500346
1781283254.105861187,0.747561258,-3.977174183,0.327381236
1781283254.108177185,0.768201831,-3.953798836,0.295222041
1781283254.109176397,0.782996689,-3.936000330,0.293167378
1781283254.115599155,0.804593962,-3.907350088,0.253413767
1781283254.116380453,0.818435403,-3.800711130,0.261231781
1781283254.117447615,0.000000000,0.000000000,0.000000000
1781283254.120634794,0.878963961,-3.759241804,0.161055499
1781283254.121422291,0.867193351,-3.724696384,0.162114461
1781283254.122543097,0.000000000,0.000000000,0.000000000
1781283254.125752926,0.899041434,-3.697007499,0.113844436
1781283254.126440048,0.883862665,-3.612972425,0.104706976
1781283254.127960205,0.886191682,-3.589963596,0.094754023
1781283254.129140139,0.000000000,0.000000000,0.000000000
1781283254.130867481,0.906364253,-3.556260532,0.036938833
1781283254.133111000,0.943131802,-3.528738661,-0.012650024
1781283254.134315491,0.945623639,-3.502050038,-0.019051475
1781283254.140435934,0.972905645,-3.474127926,-0.073653573
1781283254.141222239,0.972939498,-3.417219768,-0.069097486
1781283254.142719984,1.002874450,-3.406041343,-0.117521840
1781283254.144372463,1.028455603,-3.380940273,-0.175738311
1781283254.145920753,1.041573799,-3.381102084,-0.180510437
1781283254.153033018,1.056759818,-3.368095823,-0.225283153
1781283254.154260874,1.040097927,-3.349707101,-0.231876538
1781283254.155898333,1.059560365,-3.330260748,-0.297150094
1781283254.158227682,1.076812291,-3.299668766,-0.350895268
1781283254.159325838,1.070943476,-3.291869716,-0.361363589
1781283254.165569305,1.083497593,-3.264123444,-0.412935521
1781283254.166254044,0.000000000,0.000000000,0.000000000
1781283254.167515039,1.060526101,-3.214435863,-0.464247842
1781283254.170622349,1.076653487,-3.180970765,-0.527872672
1781283254.171392918,1.056254558,-3.167578689,-0.533803671
1781283254.172493935,0.000000000,0.000000000,0.000000000
1781283254.178003073,1.070027171,-3.137929709,-0.575855414
1781283254.179277897,1.004332712,-3.099249769,-0.570187506
1781283254.180828094,1.007220496,-3.077360005,-0.616050663
1781283254.183160305,1.019578134,-3.049833397,-0.660089408
1781283254.184367418,1.000629173,-3.039107796,-0.661183375
1781283254.188537121,1.020063893,-3.004582801,-0.707555019
1781283254.189231634,0.992490469,-2.993548637,-0.696960860
1781283254.190904617,0.969246052,-2.983037236,-0.702242373
1781283254.192780972,0.979413245,-2.948381679,-0.738981807
1781283254.194278002,0.984588450,-2.916145965,-0.790706731
1781283254.195860386,0.972163337,-2.892536159,-0.806890388
1781283254.203016520,0.969759623,-2.864153506,-0.837884087
1781283254.204278946,0.898550604,-2.804827067,-0.817258524
1781283254.205851078,0.922137234,-2.772566253,-0.866993214
1781283254.208090305,0.933146883,-2.748908912,-0.890950330
1781283254.209291935,0.931469971,-2.727491649,-0.902086282
1781283254.215585470,0.955396651,-2.714023408,-0.926382020
1781283254.216334581,0.945713777,-2.714543381,-0.930862886
1781283254.217553854,0.975213540,-2.689050882,-0.973111639
1781283254.219184160,1.000479027,-2.653306003,-1.043358785
1781283254.220934868,1.004840534,-2.640857501,-1.070370617
1781283254.228079319,1.027395405,-2.620888142,-1.126604158
1781283254.229333639,1.006758479,-2.620817298,-1.154009403
1781283254.230859518,1.049048662,-2.558336478,-1.239083910
1781283254.233164072,1.086593900,-2.519825074,-1.308198271
1781283254.234390020,1.084502576,-2.510934254,-1.331148806
1781283254.240625143,1.121498302,-2.468160206,-1.410602198
1781283254.241463184,1.127846062,-2.489759286,-1.430440615
1781283254.242385387,0.000000000,0.000000000,0.000000000
1781283254.244242191,1.222315689,-2.356938606,-1.594146204
1781283254.245946169,1.228718032,-2.370752898,-1.604836364
1781283254.250596285,1.268241481,-2.303292948,-1.672554384
1781283254.251116991,0.000000000,0.000000000,0.000000000
1781283254.253043890,1.264229647,-2.338510372,-1.658843183
1781283254.254287720,1.251323451,-2.329564778,-1.663003840
1781283254.255874634,1.292153285,-2.253146061,-1.734966843
1781283254.258169651,1.318489293,-2.180958078,-1.789115516
1781283254.259168863,1.316165107,-2.181536153,-1.786827112
1781283254.265624046,1.333414019,-2.109972343,-1.835856272
1781283254.266391516,1.307133065,-2.107882522,-1.796367807
1781283254.267501831,0.000000000,0.000000000,0.000000000
1781283254.270638704,1.354192553,-1.963130487,-1.898154377
1781283254.271430492,1.323010002,-1.954878281,-1.858751122
1781283254.272555590,0.000000000,0.000000000,0.000000000
1781283254.278077364,1.329294477,-1.890579131,-1.888627243
1781283254.279339314,1.293096712,-1.876435042,-1.837711915
1781283254.280891180,1.298726536,-1.806897034,-1.874049670
1781283254.282545090,1.313619590,-1.735854744,-1.906532351
1781283254.284184217,1.315639831,-1.670196498,-1.934400801
1781283254.290644407,1.308872749,-1.671255129,-1.919258525
1781283254.291421890,1.267354780,-1.670446317,-1.863371761
1781283254.292545557,0.000000000,0.000000000,0.000000000
1781283254.294187546,1.284353946,-1.533201187,-1.949086791
1781283254.296034098,1.262812879,-1.531658627,-1.938960629
1781283254.302998304,1.264175894,-1.468253467,-1.969537601
1781283254.304232597,1.236081272,-1.474795339,-1.962603193
1781283254.305877209,1.236827639,-1.410368224,-2.015767122
1781283254.308137417,1.242234060,-1.360721267,-2.048460870
1781283254.309390783,1.236915984,-1.355614426,-2.054641539
1781283254.312620640,1.240020316,-1.307831038,-2.079773014
1781283254.315646648,1.240871346,-1.318693055,-2.077632894
1781283254.316424847,1.237640053,-1.315061187,-2.085007529
1781283254.317537546,0.000000000,0.000000000,0.000000000
1781283254.319176674,1.238086982,-1.212571659,-2.136172295
1781283254.320922136,1.236070581,-1.223639678,-2.133043800
1781283254.328046560,1.245647075,-1.173210641,-2.160892885
1781283254.329290867,1.240058450,-1.201618282,-2.143862475
1781283254.330855608,1.236579899,-1.169738860,-2.163629416
1781283254.333155394,1.237932571,-1.126160496,-2.188610363
1781283254.334360600,1.232504260,-1.136140645,-2.183412207
1781283254.340552807,1.228224659,-1.095204836,-2.212137570
1781283254.341319799,1.220700278,-1.125126469,-2.211481309
1781283254.342426300,0.000000000,0.000000000,0.000000000
1781283254.345672607,1.213673946,-1.041312336,-2.268124853
1781283254.346449375,1.223971486,-1.051354131,-2.272891384
1781283254.347550392,0.000000000,0.000000000,0.000000000
1781283254.353047371,1.226039642,-1.010060164,-2.297362389
1781283254.354323149,1.225170240,-1.030896106,-2.301606975
1781283254.355898857,1.217865142,-0.994522033,-2.328499040
1781283254.358204603,1.204396304,-0.966858335,-2.347734657
1781283254.359198093,1.201736758,-0.977630392,-2.354845589
1781283254.365562916,1.191277701,-0.950396245,-2.369395822
1781283254.366327047,1.176192625,-0.996914239,-2.348339428
1781283254.367432594,0.000000000,0.000000000,0.000000000
1781283254.370663643,1.158498958,-0.924285667,-2.394812942
1781283254.371452808,1.155198788,-0.947482615,-2.394797315
1781283254.372587919,0.000000000,0.000000000,0.000000000
1781283254.375593185,1.147416741,-0.906811917,-2.422444376
1781283254.376270771,1.155109296,-0.921520309,-2.428690413
1781283254.378027678,1.153809019,-0.919005154,-2.430588169
1781283254.379173994,0.000000000,0.000000000,0.000000000
1781283254.380857468,1.134771353,-0.901081290,-2.460126774
1781283254.383141994,1.140798824,-0.877805951,-2.492862333
1781283254.384155512,1.133058776,-0.886693844,-2.499370398
1781283254.390630007,1.132532581,-0.861380271,-2.514490570
1781283254.391357660,1.145942378,-0.900978860,-2.519994802
1781283254.392561197,0.000000000,0.000000000,0.000000000
1781283254.394286394,1.114711330,-0.840661823,-2.565075500
1781283254.395862341,1.118351319,-0.864832484,-2.570869045
1781283254.403018713,1.116233457,-0.830496494,-2.595735042
1781283254.404255629,1.141062128,-0.871168652,-2.646767779
1781283254.406043291,1.129343661,-0.823750875,-2.689375175
1781283254.408182621,1.131855802,-0.827403971,-2.703690158
1781283254.409170389,1.134188033,-0.849252118,-2.714893004
1781283254.415585518,1.130723079,-0.831442272,-2.741188575
1781283254.416365862,1.145383938,-0.890974884,-2.782777678
1781283254.417452574,0.000000000,0.000000000,0.000000000
1781283254.420624018,1.129879672,-0.840736436,-2.813911644
1781283254.421406984,1.131273024,-0.865995326,-2.824991337
1781283254.422540188,0.000000000,0.000000000,0.000000000
1781283254.428050995,1.130423683,-0.839394824,-2.853147053
1781283254.429339409,1.148275430,-0.883831239,-2.885131951
1781283254.430877447,1.135078014,-0.863794098,-2.902391262
1781283254.433144569,1.136467944,-0.839372042,-2.925349586
1781283254.434357405,1.134380842,-0.854034029,-2.932460582
1781283254.437201500,1.135315744,-0.828887225,-2.957195719
1781283254.437695026,0.000000000,0.000000000,0.000000000
1781283254.440482616,1.147289639,-0.839634114,-2.973755556
1781283254.441308022,1.143681220,-0.854671800,-2.981567372
1781283254.442575932,1.137996812,-0.839167653,-2.995133972
1781283254.444182158,1.131392994,-0.821578443,-3.014685007
1781283254.445900202,1.135494796,-0.843252398,-3.017114682
1781283254.452591896,1.130561898,-0.818861248,-3.034346086
1781283254.454185724,1.142805135,-0.831858566,-3.072590626
1781283254.455902338,1.150812663,-0.853861506,-3.078049649
1781283254.458154917,1.141663772,-0.824977532,-3.099587907
1781283254.459168434,1.149479629,-0.846722688,-3.103745654
1781283254.465579271,1.147784686,-0.821783127,-3.121697360
1781283254.466240883,0.000000000,0.000000000,0.000000000
1781283254.467570543,1.156267685,-0.844685317,-3.164806877
1781283254.469205856,1.148163913,-0.843583863,-3.172476333
1781283254.470904589,1.158572450,-0.858922365,-3.177949109
1781283254.478024483,1.152529959,-0.847678754,-3.196458690
1781283254.479240656,1.190203386,-0.902914416,-3.229236235
1781283254.480873585,1.189635233,-0.898277557,-3.249807031
1781283254.483000755,1.190063220,-0.871921798,-3.274833180
1781283254.484328747,1.202809336,-0.898611335,-3.286410137
1781283254.490553379,1.208210897,-0.869558350,-3.310422719
1781283254.491315603,1.239178435,-0.922844850,-3.355184951
1781283254.492534399,1.230043663,-0.898566853,-3.384418472
1781283254.494178772,1.226678035,-0.894388347,-3.414872273
1781283254.495886087,1.226509602,-0.906763365,-3.424685203
1781283254.498978853,1.229614229,-0.891905869,-3.452967223
1781283254.499951363,1.250364587,-0.919426230,-3.476666679
1781283254.502993107,1.253669311,-0.927262015,-3.487691037
1781283254.504334211,1.271614773,-0.959103989,-3.496962859
1781283254.505966425,1.251655370,-0.947368418,-3.512778792
1781283254.508136034,1.248485004,-0.933631408,-3.534088806
1781283254.509286165,1.243174520,-0.952885102,-3.539005309
1781283254.514180899,1.240496875,-0.932594385,-3.567440548
1781283254.515840054,1.245716776,-0.975052951,-3.582907018
1781283254.517737865,1.242418033,-0.956624555,-3.603844531
1781283254.519308329,1.228937859,-0.937664953,-3.620887865
1781283254.520843506,1.239477580,-0.968700864,-3.626891886
1781283254.528017759,1.230072874,-0.937183163,-3.643839560
1781283254.529229879,1.246445099,-0.995669113,-3.676123347
1781283254.530860901,1.242873580,-0.984066563,-3.700826598
1781283254.533113480,1.239358830,-0.963561409,-3.711254212
1781283254.534331799,1.243400259,-0.990427152,-3.720620508
1781283254.540582418,1.235923347,-0.972999400,-3.739969297
1781283254.541330099,1.248319249,-1.000567680,-3.777768472
1781283254.542456388,0.000000000,0.000000000,0.000000000
1781283254.545652390,1.240455289,-0.973112143,-3.786506788
1781283254.546451807,1.258073004,-0.994132702,-3.813893878
1781283254.547554016,0.000000000,0.000000000,0.000000000
1781283254.553038597,1.261550774,-0.979620113,-3.828829231
1781283254.554286003,1.290537368,-1.017199715,-3.841623047
1781283254.555834532,1.287241948,-1.013484733,-3.855866955
1781283254.558167458,1.290066834,-1.004439053,-3.874221859
1781283254.559374809,1.299045077,-1.023636438,-3.872065010
1781283254.561689854,1.301631820,-1.021064616,-3.891724016
1781283254.565531492,1.303735735,-1.023875587,-3.895210584
1781283254.566298962,1.316625048,-1.047548408,-3.896922219
1781283254.567380667,0.000000000,0.000000000,0.000000000
1781283254.570660114,1.309640473,-1.027230120,-3.925303268
1781283254.571452856,1.317400566,-1.052981422,-3.938650990
1781283254.572577953,0.000000000,0.000000000,0.000000000
1781283254.576776743,1.323789475,-1.041806622,-3.947062682
1781283254.577544928,1.331366514,-1.050252664,-3.953185642
1781283254.579218626,1.328789899,-1.040436336,-3.973325921
1781283254.580871344,1.343574579,-1.063576535,-3.979476740
1781283254.583145380,1.347068748,-1.043406904,-3.996491582
1781283254.584366322,1.358344010,-1.070113462,-4.005664567
1781283254.590621948,1.359591880,-1.051183528,-4.025795144
1781283254.591438770,1.377275092,-1.086917850,-4.038625020
1781283254.592580795,0.000000000,0.000000000,0.000000000
1781283254.594267845,1.376997361,-1.069099123,-4.058174013
1781283254.595839262,1.388761435,-1.094196085,-4.072808108
1781283254.602962732,1.385328311,-1.089181192,-4.072191260
1781283254.604171515,1.406456822,-1.120379714,-4.078797941
1781283254.606040716,1.411102717,-1.106107641,-4.092490292
1781283254.608064890,1.407348081,-1.109289990,-4.094149146
1781283254.609317064,1.418506817,-1.115112241,-4.096708358
1781283254.615545034,1.419397241,-1.113533704,-4.102106515
1781283254.616297960,1.439483935,-1.116152809,-4.109846145
1781283254.617376804,0.000000000,0.000000000,0.000000000
1781283254.620638847,1.444166789,-1.109579370,-4.116942153
1781283254.621422052,1.460835795,-1.114500955,-4.112655093
1781283254.622542381,0.000000000,0.000000000,0.000000000
1781283254.628043652,1.468256825,-1.120872429,-4.126039712
1781283254.629312277,1.475637850,-1.124928306,-4.125149656
1781283254.630845785,1.487584007,-1.126400693,-4.128931659
1781283254.633113384,1.486757693,-1.127809324,-4.132004291
1781283254.634323120,1.490764124,-1.129947754,-4.145967779
1781283254.638700485,1.490308952,-1.136354627,-4.144880478
1781283254.639256001,0.000000000,0.000000000,0.000000000
1781283254.641063690,1.499687368,-1.135196674,-4.169233960
1781283254.642745256,1.504016554,-1.133486568,-4.189990217
1781283254.644171238,1.511063678,-1.130333864,-4.204242688
1781283254.645828962,1.521084805,-1.139282945,-4.213100050
1781283254.652996778,1.523990553,-1.133123883,-4.222432263
1781283254.654221535,1.541208366,-1.134508576,-4.254807773
1781283254.655923605,1.543218811,-1.140921451,-4.259065213
1781283254.658174992,1.541319924,-1.145811323,-4.264137657
1781283254.659259081,1.546422542,-1.141414463,-4.275146441
1781283254.665584803,1.549945574,-1.151404199,-4.283458739
1781283254.666392088,1.563911665,-1.146968321,-4.305627247
1781283254.667536020,0.000000000,0.000000000,0.000000000
1781283254.669201374,1.557262977,-1.138690168,-4.309063166
1781283254.670964718,1.569684137,-1.142932539,-4.315732824
1781283254.677980661,1.567432023,-1.136827137,-4.333771706
1781283254.679223537,1.595701544,-1.122280807,-4.382104808
1781283254.680829525,1.605528613,-1.126969152,-4.393598241
1781283254.683147669,1.607511419,-1.118635219,-4.407172171
1781283254.684165716,1.614070436,-1.115815549,-4.422769616
1781283254.690794468,1.617603343,-1.105763946,-4.432322155
1781283254.691586733,1.630524983,-1.088205449,-4.462795612
1781283254.692500353,0.000000000,0.000000000,0.000000000
1781283254.694225073,1.637491661,-1.097164434,-4.472326799
1781283254.695906639,1.634924125,-1.083497593,-4.480220264
1781283254.701481104,1.640389123,-1.094128863,-4.484029079
1781283254.702975512,1.629310652,-1.082035207,-4.506960492
1781283254.704338074,1.635859395,-1.077251300,-4.513757050
1781283254.705846786,1.626498296,-1.074631382,-4.518221736
1781283254.708189011,1.626167608,-1.091411774,-4.518872160
1781283254.709264040,1.620319917,-1.071401724,-4.534506008
1781283254.715551853,1.627501443,-1.088789443,-4.548299705
1781283254.716315031,1.618051260,-1.069587733,-4.584281627
1781283254.717465162,0.000000000,0.000000000,0.000000000
1781283254.720722914,1.617265697,-1.082683278,-4.588549404
1781283254.721523523,1.615240726,-1.056750583,-4.614748249
1781283254.722427845,0.000000000,0.000000000,0.000000000
1781283254.728092909,1.622966593,-1.068157091,-4.621958865
1781283254.729355097,1.618098414,-1.038160748,-4.661001376
1781283254.730883598,1.612522666,-1.029730902,-4.663898560
1781283254.733175516,1.619473398,-1.044385084,-4.672907863
1781283254.734161615,1.618262997,-1.016850510,-4.681823553
1781283254.740541458,1.615283531,-1.033911881,-4.678055972
1781283254.741328478,1.605876058,-0.981831956,-4.698028844
1781283254.742448092,0.000000000,0.000000000,0.000000000
1781283254.745884418,1.614901652,-0.996967946,-4.697088390
1781283254.753012896,1.624403349,-0.981222366,-4.710368849
1781283254.754347086,1.622938717,-0.919740963,-4.728171749
1781283254.756025791,1.633863828,-0.947153566,-4.716081579
1781283254.758136988,1.635776633,-0.925506908,-4.718781536
1781283254.759355783,1.636428636,-0.903297981,-4.728787417
1781283254.762872219,1.642747582,-0.908181618,-4.726110725
1781283254.765642881,1.639960016,-0.884527487,-4.728306850
1781283254.766398907,1.636357209,-0.842138041,-4.736785706
1781283254.767464161,0.000000000,0.000000000,0.000000000
1781283254.770739794,1.642766573,-0.875284248,-4.725868961
1781283254.771533489,1.641997144,-0.828613318,-4.729326438
1781283254.772441626,0.000000000,0.000000000,0.000000000
1781283254.778021336,1.645941229,-0.845319373,-4.726900771
1781283254.779323578,1.635454019,-0.789053434,-4.739189476
1781283254.780860662,1.642676134,-0.798777194,-4.747428115
1781283254.783202171,1.645980709,-0.806540327,-4.738968270
1781283254.784171104,1.645730497,-0.782580768,-4.752050850
1781283254.790606499,1.650915131,-0.792956086,-4.746778638
1781283254.791392088,1.652152047,-0.713354798,-4.800641909
1781283254.792518377,0.000000000,0.000000000,0.000000000
1781283254.794189692,1.677208929,-0.751729282,-4.795993015
1781283254.795894861,1.671839035,-0.708802760,-4.810956951
1781283254.803016901,1.688246023,-0.728177733,-4.814101096
1781283254.804241419,1.658558017,-0.636730702,-4.835048811
1781283254.805869818,1.657108766,-0.635069561,-4.832943800
1781283254.808107853,1.662112026,-0.663481194,-4.826081632
1781283254.809192419,1.651651607,-0.614976213,-4.830244248
1781283254.815546513,1.654147319,-0.647552814,-4.817674176
1781283254.816308260,1.634739795,-0.560935526,-4.830391113
1781283254.817540646,1.639195957,-0.587558401,-4.820710714
1781283254.819185734,1.639153151,-0.579893271,-4.806646439
1781283254.820886135,1.626675291,-0.526078397,-4.802048419
1781283254.825693130,1.640459300,-0.584260899,-4.779819184
1781283254.826380014,1.593392697,-0.527919970,-4.741507817
1781283254.827958822,1.567813856,-0.502678033,-4.733346116
1781283254.829063892,0.000000000,0.000000000,0.000000000
1781283254.830876112,1.571239671,-0.483900334,-4.708109357
1781283254.833294153,1.570187422,-0.507115278,-4.680051386
1781283254.834294319,1.555413656,-0.461827467,-4.661281259
1781283254.840648174,1.552411756,-0.495692058,-4.633451898
1781283254.841440916,1.476983385,-0.375180353,-4.528050560
1781283254.842566729,0.000000000,0.000000000,0.000000000
1781283254.844240189,1.493899211,-0.451816268,-4.474126078
1781283254.845940590,1.482067707,-0.385299652,-4.446389334
1781283254.853053331,1.480344696,-0.431088864,-4.399630470
1781283254.854278564,1.421397177,-0.307375609,-4.265705213
1781283254.855912924,1.453932923,-0.292974236,-4.227687723
1781283254.858128548,1.472172092,-0.341273625,-4.179247952
1781283254.859352112,1.475286479,-0.272706771,-4.153696660
1781283254.865634441,1.487360290,-0.329237456,-4.107014092
1781283254.866254330,0.000000000,0.000000000,0.000000000
1781283254.867517471,1.459394101,-0.283620220,-4.000614344
1781283254.869180202,1.477534163,-0.292756674,-3.963030290
1781283254.871013880,1.484631120,-0.244093231,-3.937280186
1781283254.878084183,1.493321111,-0.282649239,-3.911220031
1781283254.879221916,1.464164844,-0.168228886,-3.845822802
1781283254.880908966,1.495475567,-0.184293712,-3.808591976
1781283254.883143187,1.494060039,-0.230866199,-3.784856049
1781283254.884346008,1.512499314,-0.182926382,-3.757385719
1781283254.890684843,1.508011240,-0.232884823,-3.727119473
1781283254.891463041,1.470205865,-0.174680552,-3.614726891
1781283254.892597437,0.000000000,0.000000000,0.000000000
1781283254.894207954,1.519030435,-0.291099063,-3.545044457
1781283254.895878792,1.542362772,-0.259072745,-3.509360050
1781283254.901771069,1.537689565,-0.335030834,-3.466468515
1781283254.902578115,1.498323894,-0.329538788,-3.418221824
1781283254.904265165,1.531606555,-0.384576594,-3.371842333
1781283254.905916929,1.558631563,-0.361538262,-3.354310099
1781283254.908150911,1.550080598,-0.433130073,-3.330149103
1781283254.909166813,1.587330879,-0.414165561,-3.324642686
1781283254.915535688,1.588547688,-0.509669659,-3.299470631
1781283254.916278839,1.580963665,-0.457668356,-3.296024691
1781283254.917527199,1.586811337,-0.566810903,-3.281225753
1781283254.920653820,1.639224220,-0.667617642,-3.239150202
1781283254.921422005,1.660315431,-0.642599731,-3.238901913
1781283254.922521830,0.000000000,0.000000000,0.000000000
1781283254.928017378,1.665593431,-0.774577241,-3.210078322
1781283254.929285765,1.706055243,-0.723643035,-3.229688026
1781283254.930855989,1.762060611,-0.844016601,-3.194461025
1781283254.933171034,1.775092866,-0.967234805,-3.167255943
1781283254.934173107,1.811565062,-0.942636065,-3.164242285
1781283254.940639496,1.827110425,-1.066734907,-3.140930596
1781283254.941425323,1.866423708,-0.995664791,-3.171185402
1781283254.942546844,0.000000000,0.000000000,0.000000000
1781283254.944198847,1.921365133,-1.252436745,-3.054415517
1781283254.945932388,1.945517629,-1.212984297,-3.049672165
1781283254.953006506,1.953105019,-1.323923332,-3.006210280
1781283254.954270840,1.945168908,-1.267665436,-2.986361330
1781283254.956040144,1.942292265,-1.503361105,-2.860957987
1781283254.958165646,1.937327421,-1.489027955,-2.859438981
1781283254.959354162,1.944505871,-1.476065423,-2.844061551
1781283254.962154627,1.926048612,-1.578817173,-2.786204678
1781283254.962836981,1.910558519,-1.572225831,-2.788031119
1781283254.965567589,1.908007851,-1.562927798,-2.794043442
1781283254.966329813,1.914145602,-1.546927717,-2.776362317
1781283254.967442989,0.000000000,0.000000000,0.000000000
1781283254.970676184,1.894285193,-1.752566466,-2.651363484
1781283254.971481323,1.893334319,-1.718264309,-2.632711924
1781283254.972388029,0.000000000,0.000000000,0.000000000
1781283254.977745771,1.864022946,-1.804764464,-2.571468459
1781283254.979349852,1.834990241,-1.868799254,-2.488624729
1781283254.980855942,1.842636460,-1.855284363,-2.491329097
1781283254.983182907,1.790340623,-1.944868843,-2.419796631
1781283254.984194040,1.792784219,-1.918741051,-2.416933502
1781283254.990584135,1.747770397,-1.990568554,-2.353400908
1781283254.991371155,1.731557071,-1.952648907,-2.341076652
1781283254.992457390,0.000000000,0.000000000,0.000000000
1781283254.995717764,1.676639553,-2.086972550,-2.244803194
1781283254.996515036,1.668035418,-2.049136793,-2.237334362
1781283254.997408628,0.000000000,0.000000000,0.000000000
1781283255.003043413,1.626982134,-2.103657872,-2.192626952
1781283255.004271507,1.617849738,-2.061180547,-2.172079044
1781283255.005849838,1.606135132,-2.118546921,-2.123155774
1781283255.008254528,1.582114678,-2.148323058,-2.092717791
1781283255.009239674,1.592384809,-2.153211231,-2.076490667
1781283255.015548229,1.573547258,-2.193441261,-2.046903479
1781283255.016310215,1.610504982,-2.201163772,-2.039986586
1781283255.017378330,0.000000000,0.000000000,0.000000000
1781283255.020671844,1.588503116,-2.277666357,-1.974493135
1781283255.021472931,1.616863708,-2.274081571,-1.981374255
1781283255.022362232,0.000000000,0.000000000,0.000000000
1781283255.027973413,1.593371085,-2.300843887,-1.961962697
1781283255.029253483,1.612199051,-2.281233189,-1.973303101
1781283255.030829668,1.614448039,-2.316119802,-1.946803860
1781283255.033195257,1.604876698,-2.359764236,-1.931890132
1781283255.034160376,1.635611747,-2.358480567,-1.936364988
1781283255.038152695,1.620261205,-2.410037460,-1.912799452
1781283255.040515900,1.638586273,-2.404397169,-1.932601577
1781283255.041287184,1.656251638,-2.410764381,-1.931328515
1781283255.042394876,0.000000000,0.000000000,0.000000000
1781283255.045711040,1.617740789,-2.496026459,-1.863612055
1781283255.046493053,1.637661472,-2.506225535,-1.860167813
1781283255.047372580,0.000000000,0.000000000,0.000000000
1781283255.053031445,1.609509681,-2.556798955,-1.828456967
1781283255.054311275,1.648332096,-2.565873314,-1.837609504
1781283255.056003571,1.629864596,-2.623842533,-1.787013491
1781283255.058199406,1.601437875,-2.672215181,-1.757266459
1781283255.059225321,1.611255610,-2.684621720,-1.747828554
1781283255.065558195,1.589247341,-2.728169354,-1.716865707
1781283255.066313267,1.615750498,-2.747400509,-1.720193515
1781283255.067434072,0.000000000,0.000000000,0.000000000
1781283255.070699692,1.543632871,-2.848124119,-1.627136545
1781283255.071515322,1.551645073,-2.864319930,-1.619555059
1781283255.072402477,0.000000000,0.000000000,0.000000000
1781283255.077966928,1.531856274,-2.914364358,-1.586797600
1781283255.079208136,1.551140277,-2.940726680,-1.572385721
1781283255.080824614,1.532053259,-2.988682993,-1.520731676
1781283255.083171368,1.501343376,-3.030333964,-1.473497461
1781283255.084370852,1.525643686,-3.045491200,-1.463910728
1781283255.090623617,1.496601208,-3.086442737,-1.423008897
1781283255.091419697,1.535204372,-3.107800972,-1.414201316
1781283255.092510700,0.000000000,0.000000000,0.000000000
1781283255.095627069,1.493315144,-3.182523532,-1.333711521
1781283255.096396923,1.504148757,-3.190876529,-1.322661366
1781283255.097620487,1.489782131,-3.212309967,-1.294830333
1781283255.100686789,1.496583752,-3.221407699,-1.298599792
1781283255.101359844,1.516329326,-3.224511074,-1.301381379
1781283255.102991343,1.530643681,-3.237486753,-1.303568450
1781283255.104084253,0.000000000,0.000000000,0.000000000
1781283255.105922937,1.512239483,-3.276377554,-1.254606982
1781283255.108128071,1.498982906,-3.313360156,-1.226458924
1781283255.109334946,1.515309197,-3.322794887,-1.223283087
1781283255.115498781,1.493826611,-3.353076232,-1.196305570
1781283255.116254091,1.536976057,-3.384184736,-1.201802704
1781283255.117560863,1.510065959,-3.405952681,-1.178585754
1781283255.119232178,1.497789904,-3.445227413,-1.142727984
1781283255.120943785,1.497782480,-3.445829835,-1.129086603
1781283255.128002882,1.477326687,-3.478719303,-1.109524883
1781283255.129226208,1.492335964,-3.497929762,-1.093219307
1781283255.130858183,1.459615688,-3.520713208,-1.055517565
1781283255.133219719,1.440704946,-3.551480084,-1.038426994
1781283255.134250164,1.442476206,-3.546199064,-1.030263833
1781283255.140652895,1.432070797,-3.576295336,-1.013590141
1781283255.141438961,1.483855724,-3.595765176,-1.031129389
1781283255.142556906,0.000000000,0.000000000,0.000000000
1781283255.144267321,1.425396805,-3.640693465,-0.971423568
1781283255.145926714,1.437856754,-3.657911877,-0.964031269
1781283255.153053761,1.414481876,-3.681400038,-0.948643064
1781283255.154209852,1.468353454,-3.737394886,-0.950685796
1781283255.155957222,1.454355778,-3.779981113,-0.911864029
1781283255.158108950,1.436784828,-3.817897694,-0.889209068
1781283255.159338474,1.457406700,-3.834581302,-0.886893038
1781283255.162715197,1.445466262,-3.872568317,-0.869682145
1781283255.165576935,1.498479339,-3.897656635,-0.907891097
1781283255.166330338,1.520736135,-3.914755240,-0.907786566
1781283255.167535067,1.504342666,-3.950038126,-0.893835631
1781283255.169175386,1.474113128,-3.983603971,-0.863685979
1781283255.170893908,1.496893448,-3.997457714,-0.863354102
1781283255.177933216,1.465231537,-4.029584690,-0.839583770
1781283255.179360867,1.471563922,-4.092471419,-0.823918805
1781283255.181029081,1.453253200,-4.127684200,-0.767942648
1781283255.183175087,1.459504085,-4.138340651,-0.771384067
1781283255.184154749,1.475766597,-4.152485023,-0.759373010
1781283255.190603495,1.440342518,-4.178707639,-0.720091850
1781283255.191371679,1.488485875,-4.201907866,-0.710232928
1781283255.192603588,1.453723493,-4.233196578,-0.673631856
1781283255.194234133,1.436167424,-4.257891816,-0.612097558
1781283255.196010828,1.437085530,-4.272263220,-0.592429687
1781283255.203047514,1.427246390,-4.289623348,-0.564243243
1781283255.204266310,1.475634962,-4.356224717,-0.521669246
1781283255.205837965,1.445606968,-4.393164747,-0.451143610
1781283255.208205700,1.441905168,-4.422785416,-0.404713404
1781283255.209212065,1.444943632,-4.442178089,-0.359350475
1781283255.215623617,1.429552956,-4.468166759,-0.314520583
1781283255.216389418,1.446791721,-4.508705128,-0.242799085
1781283255.217607021,1.434202976,-4.523854703,-0.207078436
1781283255.219234943,1.411650993,-4.540379733,-0.145817815
1781283255.220936060,1.432701907,-4.545318834,-0.116279966
1781283255.224653959,1.407006081,-4.562117839,-0.089683309
1781283255.228019714,1.424182370,-4.580828603,-0.082901754
1781283255.229230165,1.455338044,-4.599676410,-0.060620121
1781283255.230873108,1.450049449,-4.624188281,-0.017682212
1781283255.233188391,1.424153786,-4.640977533,-0.000231543
1781283255.234185457,1.445641816,-4.652147218,0.022293967
1781283255.240599632,1.419516480,-4.666092440,0.039384748
1781283255.241495848,1.449271682,-4.706550968,0.068675236
1781283255.242489815,0.000000000,0.000000000,0.000000000
1781283255.244225979,1.391260309,-4.730969540,0.110861012
1781283255.245992422,1.402935560,-4.744763769,0.115430331
1781283255.252974987,1.385660062,-4.764761248,0.122092540
1781283255.254242420,1.427899541,-4.800578116,0.122047650
1781283255.255969763,1.410295314,-4.817769242,0.140199681
1781283255.258137465,1.393961350,-4.838787609,0.147137509
1781283255.259374380,1.403085701,-4.853218488,0.146927461
1781283255.265616894,1.400286005,-4.883619230,0.153198417
1781283255.266385078,1.421731113,-4.910328895,0.132720131
1781283255.267496109,0.000000000,0.000000000,0.000000000
1781283255.269248247,1.376221156,-4.929248409,0.152604902
1781283255.270983219,1.376763613,-4.941164388,0.144367985
1781283255.277964354,1.358650023,-4.936743367,0.145508934
1781283255.279194832,1.364892888,-4.936911087,0.137045675
1781283255.280827284,1.334468862,-4.946539275,0.156532418
1781283255.283158779,1.332632810,-4.957722905,0.158807610
1781283255.284360886,1.323349920,-4.964419398,0.154830910
1781283255.286932468,1.317648500,-4.977274675,0.167109024
1781283255.287619591,1.318309111,-4.983576321,0.162396492
1781283255.290571690,1.321980834,-4.998125695,0.160073796
1781283255.291336298,1.307538252,-5.004206997,0.155151431
1781283255.292436361,0.000000000,0.000000000,0.000000000
1781283255.295628309,1.275497536,-5.026366069,0.184499734
1781283255.296407700,1.266418176,-5.058508595,0.198612542
1781283255.297504663,0.000000000,0.000000000,0.000000000
1781283255.302630424,1.250748855,-5.078647808,0.226253168
1781283255.304221392,1.226731801,-5.126500344,0.272781683
1781283255.305902004,1.199629817,-5.139318334,0.288389089
1781283255.308185577,1.197014146,-5.152865293,0.309284901
1781283255.309163094,1.177604061,-5.163985548,0.326028832
1781283255.315499067,1.170212610,-5.179905987,0.347042351
1781283255.316245317,1.142472215,-5.201037547,0.379161216
1781283255.317333698,0.000000000,0.000000000,0.000000000
1781283255.320720434,1.109174502,-5.219495184,0.406327349
1781283255.321505070,1.079844135,-5.217253531,0.422333631
1781283255.322400808,0.000000000,0.000000000,0.000000000
1781283255.328057051,1.069276780,-5.219470469,0.430988286
1781283255.329299212,1.036598761,-5.202171333,0.446000786
1781283255.330847979,1.020954477,-5.208902190,0.456482698
1781283255.332644701,1.001792541,-5.199513852,0.464915050
1781283255.334260941,0.987858042,-5.203048201,0.477246591
1781283255.340613365,0.977738030,-5.186752198,0.484790225
1781283255.341418743,0.957754056,-5.142476949,0.527138181
1781283255.342550039,0.000000000,0.000000000,0.000000000
1781283255.344232321,0.948227294,-5.144334157,0.529675667
1781283255.346038818,0.932653293,-5.125397943,0.540632411
1781283255.352978230,0.936571460,-5.112387252,0.542343919
1781283255.354218245,0.903850378,-5.053946711,0.559381032
1781283255.355841398,0.888467186,-5.035200811,0.551793809
1781283255.358188391,0.894883649,-5.020836453,0.545157924
1781283255.359218836,0.875584483,-5.013943157,0.541062074
1781283255.362669230,0.879303627,-5.009325669,0.533058755
1781283255.365645647,0.864708889,-4.988117957,0.518361517
1781283255.366416216,0.845481965,-4.977176732,0.508680440
1781283255.367540121,0.000000000,0.000000000,0.000000000
1781283255.369182348,0.844042047,-4.965756892,0.487600796
1781283255.371018410,0.844136389,-4.965510651,0.480238294
1781283255.378171206,0.837325797,-4.955937268,0.473245468
1781283255.379173517,0.825906809,-4.955682487,0.478462197
1781283255.380990028,0.820552286,-4.956221966,0.475316618
1781283255.383177280,0.832691096,-4.956029245,0.472023180
1781283255.384157896,0.818433433,-4.953553393,0.475120619
1781283255.390583515,0.831078580,-4.951698924,0.477249219
1781283255.391355753,0.820168105,-4.943730979,0.477428096
1781283255.392466068,0.000000000,0.000000000,0.000000000
1781283255.395706892,0.821220882,-4.938008402,0.478377275
1781283255.396497250,0.820844719,-4.927173595,0.485015893
1781283255.397385120,0.000000000,0.000000000,0.000000000
1781283255.403016806,0.831644121,-4.923587223,0.487760866
1781283255.404274225,0.813233015,-4.913330832,0.493337707
1781283255.405880451,0.823427967,-4.902397727,0.486431580
1781283255.408169985,0.816394764,-4.896165049,0.484461593
1781283255.409161806,0.822291206,-4.887582712,0.481433515
1781283255.415751219,0.812808783,-4.874699499,0.477249794
1781283255.416722775,0.792572538,-4.826380229,0.479406678
1781283255.417462349,0.000000000,0.000000000,0.000000000
1781283255.419384956,0.802790117,-4.825583799,0.477912000
1781283255.420995712,0.797608070,-4.808924604,0.467643442
1781283255.425791740,0.804585031,-4.803860521,0.457139652
1781283255.426477671,0.783664073,-4.773022881,0.458117063
1781283255.427983761,0.783715323,-4.764498773,0.458914069
1781283255.429137468,0.000000000,0.000000000,0.000000000
1781283255.430871725,0.792668860,-4.747547701,0.440868087
1781283255.433150768,0.793981645,-4.737530084,0.433637046
1781283255.434156179,0.795836305,-4.729006197,0.426305039
1781283255.440636635,0.800118896,-4.718069914,0.409249015
1781283255.441462278,0.773041735,-4.685000881,0.397636371
1781283255.442392111,0.000000000,0.000000000,0.000000000
1781283255.444211483,0.788910004,-4.673053380,0.368861258
1781283255.445981741,0.783598709,-4.673398915,0.374328482
1781283255.453023434,0.789074309,-4.657382347,0.364620582
1781283255.454292774,0.772824503,-4.637423406,0.370472551
1781283255.455870152,0.772007436,-4.627398451,0.363850759
1781283255.458160639,0.779831134,-4.618596313,0.355161950
1781283255.459362507,0.775466254,-4.615786078,0.359606314
1781283255.465621233,0.781370927,-4.606284657,0.353196503
1781283255.466384649,0.766497976,-4.576732642,0.351722095
1781283255.467476368,0.000000000,0.000000000,0.000000000
1781283255.470716000,0.774667192,-4.573292008,0.349385575
1781283255.471519470,0.783993789,-4.563978933,0.347678240
1781283255.472439528,0.000000000,0.000000000,0.000000000
1781283255.478044748,0.782004974,-4.561021950,0.349640030
1781283255.479342699,0.768834024,-4.541569277,0.373382234
1781283255.480891705,0.786257770,-4.536176731,0.367277601
1781283255.483134270,0.780303530,-4.525013912,0.364884395
1781283255.484338999,0.784464026,-4.516877461,0.373499611
1781283255.488106728,0.788296671,-4.500821747,0.363765009
1781283255.490581274,0.776099546,-4.476264353,0.367871418
1781283255.491363049,0.777968273,-4.470070573,0.377124490
1781283255.492615223,0.774848712,-4.453584955,0.366777125
1781283255.494179010,0.790464799,-4.440197157,0.357216145
1781283255.495951653,0.777106543,-4.424379653,0.363566698
1781283255.503102303,0.788875693,-4.408661005,0.344450010
1781283255.504474401,0.743089768,-4.356181653,0.363162958
1781283255.505871296,0.747207356,-4.333035833,0.346768010
1781283255.508167267,0.752963063,-4.319752379,0.330117664
1781283255.509179592,0.746869762,-4.295745512,0.328561628
1781283255.515565634,0.751807674,-4.279685849,0.306261240
1781283255.516338348,0.729152390,-4.247199703,0.314781363
1781283255.517550468,0.727334008,-4.229827473,0.293001485
1781283255.519215822,0.750621854,-4.218762115,0.266863382
1781283255.521097183,0.729187041,-4.203018412,0.269386340
1781283255.522580147,0.747016781,-4.189030507,0.238435497
1781283255.528059006,0.728024220,-4.166840995,0.240224935
1781283255.529401541,0.700418393,-4.124826801,0.238425071
1781283255.530853033,0.704405555,-4.108461991,0.217211230
1781283255.533169985,0.724792749,-4.089840097,0.185187112
1781283255.534373283,0.710980616,-4.071568418,0.187722646
1781283255.540589809,0.729393585,-4.055285514,0.161088080
1781283255.541378260,0.689393595,-4.020354692,0.162052048
1781283255.542607546,0.711328208,-4.009168202,0.136351599
1781283255.544238091,0.730847340,-3.981654172,0.107258865
1781283255.545904875,0.727267471,-3.975708621,0.107062067
1781283255.550600529,0.744264790,-3.955787719,0.079442697
1781283255.551252365,0.729656554,-3.929690461,0.081718180
1781283255.553045988,0.729173183,-3.918509890,0.080683976
1781283255.554291248,0.713839578,-3.900520940,0.082604440
1781283255.555886507,0.744442525,-3.886529181,0.054011609
1781283255.558186531,0.759013558,-3.859847188,0.021003495
1781283255.559156179,0.759577724,-3.848503247,0.019386055
1781283255.565559387,0.777252689,-3.817634847,-0.017777250
1781283255.566345453,0.761670238,-3.767197142,-0.033443794
1781283255.567460299,0.000000000,0.000000000,0.000000000
1781283255.570875168,0.805452658,-3.721725181,-0.103166519
1781283255.578181982,0.816734437,-3.657362246,-0.158784420
1781283255.579193830,0.796223543,-3.580549332,-0.160312673
1781283255.581036091,0.817931984,-3.549267013,-0.212779932
1781283255.583185196,0.841209474,-3.522859695,-0.244427950
1781283255.584196806,0.829610509,-3.510015345,-0.259450436
1781283255.590579510,0.857428243,-3.487496362,-0.292114647
1781283255.591360807,0.830197470,-3.438030030,-0.312567139
1781283255.592484951,0.000000000,0.000000000,0.000000000
1781283255.595714569,0.895443524,-3.403443334,-0.393943616
1781283255.596558809,0.868465077,-3.364599510,-0.412329588
1781283255.597497940,0.000000000,0.000000000,0.000000000
1781283255.603049040,0.895147244,-3.339931333,-0.447489786
1781283255.604393482,0.864986466,-3.303780783,-0.446002143
1781283255.605948448,0.894725257,-3.276102707,-0.492154645
1781283255.608312368,0.904172705,-3.260155189,-0.517673826
1781283255.609410763,0.900381512,-3.250498846,-0.533297012
1781283255.611330271,0.906733420,-3.227091598,-0.562250667
1781283255.615590572,0.900376653,-3.218967008,-0.562891736
1781283255.616362333,0.869242752,-3.188792695,-0.566142308
1781283255.617480993,0.000000000,0.000000000,0.000000000
1781283255.619201422,0.907867196,-3.145032546,-0.645167213
1781283255.620997190,0.878732926,-3.131801531,-0.639469037
1781283255.627392292,0.901234370,-3.107713588,-0.668609911
1781283255.627935648,0.000000000,0.000000000,0.000000000
1781283255.629210472,0.859898427,-3.085145769,-0.652322755
1781283255.630981207,0.868864306,-3.062991781,-0.682130319
1781283255.633175373,0.893854016,-3.047065755,-0.711184944
1781283255.634178638,0.876292133,-3.044089402,-0.705603502
1781283255.640562296,0.901908845,-3.024935296,-0.732301831
1781283255.641364098,0.873508421,-3.018319609,-0.714815656
1781283255.642498732,0.000000000,0.000000000,0.000000000
1781283255.644233942,0.928689943,-2.982669059,-0.784793517
1781283255.645967245,0.912749087,-2.969311069,-0.780907477
1781283255.653149843,0.930700672,-2.937990471,-0.811886757
1781283255.654167414,0.886916989,-2.929639756,-0.786220358
1781283255.655843735,0.927796405,-2.906425877,-0.833796318
1781283255.658168316,0.965420504,-2.878477395,-0.884891883
1781283255.659189939,0.968998164,-2.881120997,-0.874667944
1781283255.665616274,1.008244871,-2.844235633,-0.926487046
1781283255.666414738,1.003387183,-2.854265507,-0.884313868
1781283255.667543888,0.000000000,0.000000000,0.000000000
1781283255.669177055,1.108028790,-2.763988787,-1.002652271
1781283255.670886993,1.100171257,-2.763165504,-0.986151577
1781283255.674595356,1.156296804,-2.725011417,-1.037863279
1781283255.678181887,1.142114882,-2.713164996,-1.021429995
1781283255.679229259,1.129489958,-2.715534258,-1.002051023
1781283255.680993795,1.180252109,-2.662246222,-1.058320468
1781283255.683162212,1.224762887,-2.606675658,-1.113214474
1781283255.684379578,1.219447060,-2.606662391,-1.104236038
1781283255.690564632,1.257087121,-2.544176126,-1.155489117
1781283255.691361666,1.254175216,-2.519587686,-1.166411341
1781283255.692464113,0.000000000,0.000000000,0.000000000
1781283255.695748806,1.346808442,-2.412860872,-1.276343624
1781283255.696539879,1.360334590,-2.413609943,-1.284743645
1781283255.697435617,0.000000000,0.000000000,0.000000000
1781283255.703083038,1.391804374,-2.361941747,-1.328855610
1781283255.704217196,1.412293153,-2.353791079,-1.341374329
1781283255.705924511,1.447315795,-2.311318434,-1.383230350
1781283255.708244801,1.496295525,-2.260030144,-1.423550515
1781283255.709216118,1.488087921,-2.256322085,-1.418062337
1781283255.715580702,1.524333118,-2.210190124,-1.450059526
1781283255.716337204,1.525096056,-2.212094955,-1.433696850
1781283255.717398643,0.000000000,0.000000000,0.000000000
1781283255.720716715,1.573307777,-2.126649882,-1.499313058
1781283255.721487999,1.576818551,-2.128882759,-1.487696985
1781283255.722500801,0.000000000,0.000000000,0.000000000
1781283255.728060484,1.598272463,-2.086191515,-1.518381194
1781283255.729170561,1.606580529,-2.084197316,-1.507583856
1781283255.730857372,1.617049502,-2.048862999,-1.533365046
1781283255.733188391,1.640203839,-2.010142427,-1.563976026
1781283255.734242201,1.631779414,-2.014464364,-1.558997698
1781283255.740654469,1.653119732,-1.970907584,-1.587036490
1781283255.741463423,1.678339518,-1.991908057,-1.571247770
1781283255.742605448,0.000000000,0.000000000,0.000000000
1781283255.744190454,1.705395835,-1.922975408,-1.633814351
1781283255.746007442,1.709089716,-1.924858593,-1.644080685
1781283255.751637459,1.717500024,-1.895002603,-1.668681399
1781283255.753049612,1.750787894,-1.912202049,-1.674456200
1781283255.754276514,1.753004276,-1.912340739,-1.694058174
1781283255.755895615,1.777423216,-1.870486070,-1.751496001
1781283255.758362293,1.798878437,-1.833762676,-1.797068954
1781283255.759342670,1.813065331,-1.828583407,-1.828983304
1781283255.765583754,1.838388692,-1.795386108,-1.880530208
1781283255.766235828,0.000000000,0.000000000,0.000000000
1781283255.767581701,1.903398881,-1.784357349,-1.987009298
1781283255.769224882,1.916457568,-1.753851868,-2.040478868
1781283255.770999908,1.929510931,-1.757197736,-2.067890678
1781283255.778196812,1.949468511,-1.731118143,-2.106032170
1781283255.779222965,2.001447325,-1.792457314,-2.148464164
1781283255.780988932,2.021968136,-1.752414097,-2.199270001
1781283255.783238411,2.046565083,-1.722863775,-2.237239411
1781283255.784228086,2.051099949,-1.723577259,-2.251460869
1781283255.790585995,2.074289849,-1.697984369,-2.284366871
1781283255.791367292,2.095095706,-1.738188367,-2.327341805
1781283255.792463303,0.000000000,0.000000000,0.000000000
1781283255.795697212,2.099676077,-1.654242422,-2.394485360
1781283255.796485662,2.096455677,-1.670970227,-2.406114129
1781283255.797556400,0.000000000,0.000000000,0.000000000
1781283255.803087473,2.106788187,-1.628061216,-2.437912693
1781283255.804365396,2.109588729,-1.661282644,-2.455826295
1781283255.805909395,2.105923255,-1.631119081,-2.487641701
1781283255.808114767,2.122323853,-1.588287722,-2.523701726
1781283255.809343815,2.108846433,-1.601674792,-2.521162434
1781283255.813769579,2.121861787,-1.559968814,-2.548735701
1781283255.814419031,2.122400195,-1.573391621,-2.544060904
1781283255.815838814,2.107711601,-1.580163202,-2.553790909
1781283255.817816734,2.115291834,-1.538073883,-2.572892787
1781283255.819230556,2.093678852,-1.501655414,-2.602874021
1781283255.820886135,2.104130560,-1.506674981,-2.604095231
1781283255.828163147,2.064704746,-1.409442379,-2.676168293
1781283255.829163074,2.047596289,-1.446444988,-2.631262519
1781283255.830956459,2.034227198,-1.416338543,-2.664762784
1781283255.833191395,2.024080766,-1.387675283,-2.681077211
1781283255.834152937,2.008911438,-1.389495640,-2.695623736
1781283255.840596914,1.998478829,-1.348315190,-2.711714870
1781283255.841347933,1.961688371,-1.364381369,-2.728213526
1781283255.842577696,1.944236150,-1.324814455,-2.761690903
1781283255.844200134,1.909946816,-1.268009969,-2.811345788
1781283255.845968246,1.879585920,-1.281833362,-2.823832277
1781283255.853009224,1.869207487,-1.225293599,-2.866515861
1781283255.854218006,1.845417231,-1.279507047,-2.882937452
1781283255.855865717,1.805203629,-1.223642224,-2.932743642
1781283255.858236313,1.800064782,-1.167912068,-2.971747891
1781283255.859229803,1.771686415,-1.194335842,-2.982788119
1781283255.861261606,1.756113819,-1.130678174,-3.029964348
1781283255.865553617,1.757174912,-1.144105332,-3.030700375
1781283255.866310835,1.728017433,-1.158966673,-3.078986978
1781283255.867528439,1.711326061,-1.093027397,-3.142458430
1781283255.870830536,1.670099821,-1.042502465,-3.192916693
1781283255.876336813,1.632452581,-1.011659499,-3.265936849
1781283255.878048182,1.640156208,-1.065108983,-3.269368169
1781283255.879289389,1.630941381,-1.100975395,-3.270585423
1781283255.880842447,1.602177824,-1.049769861,-3.312289153
1781283255.883186102,1.582795164,-1.001705982,-3.331170512
1781283255.884386063,1.576818218,-1.024949635,-3.337400318
1781283255.890574217,1.558590830,-0.976496186,-3.363709856
1781283255.891323328,1.560566834,-1.018316695,-3.364571366
1781283255.892453909,0.000000000,0.000000000,0.000000000
1781283255.895762205,1.513769765,-0.921405699,-3.419760756
1781283255.896543503,1.509729460,-0.957057859,-3.396663019
1781283255.897414923,0.000000000,0.000000000,0.000000000
1781283255.903067350,1.486313440,-0.923966058,-3.403048369
1781283255.904315233,1.479878669,-0.954927107,-3.366429505
1781283255.905887842,1.448922992,-0.938364108,-3.376209148
1781283255.907600403,1.430899639,-0.891733932,-3.386201546
1781283255.909226418,1.410755177,-0.870153865,-3.388817057
1781283255.915557146,1.408887266,-0.873365008,-3.373314629
1781283255.916326284,1.420235560,-0.911340676,-3.313516890
1781283255.917426586,0.000000000,0.000000000,0.000000000
1781283255.920824289,1.373651427,-0.838357822,-3.327197490
1781283255.927971840,1.358902703,-0.841797964,-3.272270001
1781283255.929238081,1.349769597,-0.900172217,-3.153275129
1781283255.930849314,1.310492348,-0.885915557,-3.141595734
1781283255.933188438,1.291961283,-0.858068647,-3.135196593
1781283255.934154034,1.273039972,-0.880291338,-3.122094692
1781283255.937777758,1.255063564,-0.852675577,-3.131429899
1781283255.940624237,1.271217949,-0.877145798,-3.109351062
1781283255.941420078,1.255606138,-0.890333380,-3.115960502
1781283255.942542791,0.000000000,0.000000000,0.000000000
1781283255.944240093,1.186710780,-0.817814470,-3.171894071
1781283255.946001291,1.194322444,-0.853345047,-3.210993925
1781283255.953241348,1.167607088,-0.820785454,-3.256503722
1781283255.954246998,1.202945057,-0.902131188,-3.330984670
1781283255.955903769,1.175758060,-0.889795359,-3.372099920
1781283255.958191872,1.153053836,-0.853309199,-3.408286738
1781283255.959214687,1.156808188,-0.889406874,-3.417953695
1781283255.965634584,1.148777835,-0.857626353,-3.456996368
1781283255.966393232,1.175470137,-0.923559326,-3.480240382
1781283255.967500210,0.000000000,0.000000000,0.000000000
1781283255.969255686,1.132852728,-0.849160633,-3.535052488
1781283255.971036911,1.143369745,-0.874981820,-3.547432268
1781283255.978056908,1.128324707,-0.842195362,-3.577659409
1781283255.979262352,1.146061640,-0.884609579,-3.590392734
1781283255.980912447,1.128757626,-0.854165960,-3.609258358
1781283255.983167410,1.118903872,-0.830725702,-3.620390218
1781283255.984162092,1.125039045,-0.831128745,-3.618735921
1781283255.990628481,1.112417466,-0.811216799,-3.628018051
1781283255.991421700,1.118753029,-0.813894398,-3.620513171
1781283255.992547750,0.000000000,0.000000000,0.000000000
1781283255.994248152,1.099623083,-0.788285716,-3.618417290
1781283255.995964766,1.094094754,-0.791101816,-3.606979199
1781283256.001146317,1.083771953,-0.772328479,-3.600483001
1781283256.003133297,1.076234696,-0.784093083,-3.575694505
1781283256.004168510,1.071751591,-0.779411561,-3.567705233
1781283256.005918741,1.059682357,-0.776451535,-3.559328792
1781283256.008150578,1.054548525,-0.763961188,-3.547228906
1781283256.009352684,1.058384569,-0.774315789,-3.547955521
1781283256.015627146,1.049561878,-0.763278473,-3.538965656
1781283256.016383410,1.044696332,-0.778377195,-3.515076198
1781283256.017518282,0.000000000,0.000000000,0.000000000
1781283256.019235611,1.039345078,-0.778052968,-3.509163685
1781283256.020960093,1.034604428,-0.806521652,-3.482875221
1781283256.028167248,1.024145077,-0.805629943,-3.471820160
1781283256.029171467,1.031327555,-0.825621632,-3.440587971
1781283256.030924559,1.033030019,-0.822719590,-3.450003313
1781283256.032695770,1.029655085,-0.816701516,-3.458408950
1781283256.034290552,1.023889479,-0.803506183,-3.475718994
1781283256.040576935,1.033125188,-0.804865937,-3.484784123
1781283256.041347980,1.075284864,-0.819598489,-3.553465014
1781283256.042469740,0.000000000,0.000000000,0.000000000
1781283256.045750618,1.069188859,-0.801697254,-3.585150593
1781283256.046528578,1.104306691,-0.830540570,-3.602619243
1781283256.047428846,0.000000000,0.000000000,0.000000000
1781283256.053075075,1.105341040,-0.827032995,-3.622994121
1781283256.054306507,1.139085183,-0.863034491,-3.667498170
1781283256.055954695,1.128240583,-0.847241202,-3.692066537
1781283256.058239460,1.123140375,-0.834971929,-3.711672560
1781283256.059247017,1.126551466,-0.845467165,-3.726155366
1781283256.064302683,1.120001632,-0.832369302,-3.747635233
1781283256.065845251,1.133982105,-0.856345156,-3.760485420
1781283256.067851543,1.128848736,-0.843247080,-3.779205037
1781283256.069306374,1.116646988,-0.826770083,-3.790191986
1781283256.071009159,1.130010231,-0.842169120,-3.789682900
1781283256.078106403,1.114162563,-0.817568345,-3.796460166
1781283256.079326391,1.119525070,-0.839990334,-3.790436109
1781283256.080904007,1.118339027,-0.830149371,-3.786889834
1781283256.083206892,1.107915028,-0.815354545,-3.782850770
1781283256.084182262,1.108736766,-0.826463092,-3.767077407
1781283256.090605021,1.103344945,-0.816923079,-3.767006292
1781283256.091365576,1.097413870,-0.831836281,-3.723229061
1781283256.092472076,0.000000000,0.000000000,0.000000000
1781283256.095569134,1.087564644,-0.826430613,-3.724364576
1781283256.096265078,1.082464691,-0.827170148,-3.711542747
1781283256.097497463,1.085505954,-0.835323867,-3.699781505
1781283256.103116751,1.079030719,-0.831706735,-3.687361983
1781283256.104341507,1.069909978,-0.829975072,-3.662546080
1781283256.105933905,1.058991337,-0.829813804,-3.646351688
1781283256.108128309,1.057147659,-0.836704553,-3.642877148
1781283256.109377146,1.046523842,-0.833704268,-3.637967805
1781283256.111188889,1.045034524,-0.838754164,-3.626565180
1781283256.115599632,1.038586436,-0.833439524,-3.617971070
1781283256.116249323,0.000000000,0.000000000,0.000000000
1781283256.117586851,1.029825535,-0.832956112,-3.595783476
1781283256.119252682,1.023190594,-0.829110613,-3.586830715
1781283256.120973587,1.019418661,-0.837995280,-3.579568752
1781283256.127239943,1.009437666,-0.832976571,-3.565702399
1781283256.127776384,0.000000000,0.000000000,0.000000000
1781283256.129371405,0.973587023,-0.821191655,-3.533274650
1781283256.130885839,0.968084768,-0.816145581,-3.526310037
1781283256.133225918,0.958292234,-0.807357001,-3.523396127
1781283256.134255171,0.957186469,-0.816031790,-3.517827741
1781283256.140638828,0.953374425,-0.805235343,-3.514534439
1781283256.141411781,0.936964573,-0.784785371,-3.502330803
1781283256.142515182,0.000000000,0.000000000,0.000000000
1781283256.144183159,0.935412653,-0.795873338,-3.492067885
1781283256.146010876,0.938449578,-0.785224030,-3.499195954
1781283256.153074265,0.934274409,-0.789125770,-3.495541653
1781283256.154314756,0.933309618,-0.766930495,-3.519826894
1781283256.155941486,0.946479849,-0.763444549,-3.531449199
1781283256.158231497,0.948683043,-0.770065456,-3.536824511
1781283256.159390211,0.955688171,-0.753838658,-3.554438052
1781283256.165583611,0.957581084,-0.766340401,-3.557363991
1781283256.166363716,0.972218545,-0.739468718,-3.592434818
1781283256.167577982,0.974924345,-0.743568877,-3.604220303
1781283256.169253588,0.986174205,-0.740008338,-3.610244469
1781283256.170972824,0.988212049,-0.730912380,-3.617972830
1781283256.174063921,0.994058213,-0.731961074,-3.630834605
1781283256.174710512,0.987236259,-0.716937738,-3.639755352
1781283256.178063631,0.982249157,-0.718798195,-3.643050183
1781283256.179309845,0.979913473,-0.697384232,-3.642004915
1781283256.180863142,0.982746624,-0.698939841,-3.642236416
1781283256.183155298,0.978328246,-0.699043467,-3.640735096
1781283256.184183359,0.977305140,-0.694655292,-3.632202524
1781283256.189258814,0.973534419,-0.696218497,-3.626322411
1781283256.190950871,0.960005804,-0.663155091,-3.624793952
1781283256.192909241,0.963894096,-0.668250322,-3.625966220
1781283256.194368839,0.966070281,-0.668641289,-3.616396882
1781283256.196006775,0.963414577,-0.642230831,-3.621553068
1781283256.203160524,0.964041748,-0.650999696,-3.619594712
1781283256.204355478,0.937942411,-0.594678202,-3.628954334
1781283256.205970287,0.943860478,-0.598008328,-3.631824968
1781283256.208197594,0.942457280,-0.609761759,-3.617703327
1781283256.209178209,0.935841620,-0.582869838,-3.625073696
1781283256.215600252,0.939092788,-0.598232160,-3.613505397
1781283256.216369629,0.919192795,-0.555395176,-3.606345544
1781283256.217594624,0.917118957,-0.567636896,-3.591423311
1781283256.219218493,0.921366317,-0.569719127,-3.587063415
1781283256.220968723,0.915274737,-0.545152576,-3.583089274
1781283256.228209972,0.921101184,-0.559976844,-3.568283160
1781283256.229239941,0.870767482,-0.499880582,-3.551234324
1781283256.230866194,0.874439847,-0.490040854,-3.540343330
1781283256.233200073,0.880767192,-0.516172904,-3.522766706
1781283256.234173298,0.868059388,-0.484179967,-3.520243416
1781283256.236711502,0.872861889,-0.505459832,-3.505876851
1781283256.240607500,0.852640668,-0.496568821,-3.497835907
1781283256.241383314,0.829717768,-0.448984872,-3.485355942
1781283256.242507696,0.000000000,0.000000000,0.000000000
1781283256.244208574,0.858542419,-0.489736190,-3.473169143
1781283256.246002436,0.838750224,-0.441059188,-3.470789331
1781283256.252640009,0.850366243,-0.459389510,-3.460854973
1781283256.254246950,0.854313604,-0.405444568,-3.481935833
1781283256.255933523,0.855204106,-0.372319412,-3.489429575
1781283256.258214951,0.866860391,-0.386844774,-3.491072052
1781283256.259248257,0.872573566,-0.356937470,-3.504413831
1781283256.265608072,0.887786774,-0.371587547,-3.505139296
1781283256.266370296,0.881999252,-0.294797076,-3.543297484
1781283256.267444372,0.000000000,0.000000000,0.000000000
1781283256.270706654,0.922976301,-0.341707189,-3.539839759
1781283256.271487236,0.913915479,-0.268923330,-3.575080064
1781283256.272577286,0.000000000,0.000000000,0.000000000
1781283256.278072119,0.919936956,-0.295907685,-3.566852906
1781283256.279375792,0.930751401,-0.227806158,-3.586330680
1781283256.280955791,0.959039796,-0.234619008,-3.578724817
1781283256.282572985,0.976001128,-0.269832687,-3.569379880
1781283256.284172297,1.006965872,-0.274531477,-3.558267563
1781283256.290595770,1.004296951,-0.263006376,-3.552971853
1781283256.291389704,0.981344530,-0.173453680,-3.515527048
1781283256.292520523,0.000000000,0.000000000,0.000000000
1781283256.295749187,1.026712931,-0.247459540,-3.483074307
1781283256.296535969,0.995907362,-0.157462060,-3.437978059
1781283256.297369003,0.000000000,0.000000000,0.000000000
1781283256.303012609,1.000152064,-0.197348896,-3.412182606
1781283256.304306269,0.987967878,-0.119396225,-3.386112149
1781283256.305847645,1.008409036,-0.145610998,-3.354762994
1781283256.308233738,1.017368220,-0.182147858,-3.334409713
1781283256.309219599,1.016579162,-0.157224421,-3.316568556
1781283256.312634945,1.028233945,-0.196946691,-3.296777087
1781283256.315696716,1.000537893,-0.173120189,-3.252441269
1781283256.316477299,0.995304078,-0.141469082,-3.224249216
1781283256.317570210,0.000000000,0.000000000,0.000000000
1781283256.319205761,1.036658768,-0.221580774,-3.177627820
1781283256.320981264,1.013062748,-0.180432579,-3.118542457
1781283256.328263283,1.002478944,-0.234013920,-3.073196477
1781283256.329293966,0.904039701,-0.191742205,-2.945173722
1781283256.330929756,0.918739183,-0.204465234,-2.903388471
1781283256.333329439,0.916271870,-0.263405115,-2.871594280
1781283256.334343195,0.917465893,-0.228136382,-2.852761566
1781283256.340622425,0.925937763,-0.278390480,-2.828667968
1781283256.341405392,0.926852574,-0.218140762,-2.804677452
1781283256.342532158,0.000000000,0.000000000,0.000000000
1781283256.344194651,0.995047909,-0.300362970,-2.764544186
1781283256.345994234,0.999642963,-0.252800492,-2.746545118
1781283256.353029490,1.005893980,-0.294085139,-2.735247505
1781283256.354263544,1.028518637,-0.236866518,-2.704045763
1781283256.355890989,1.076983660,-0.289506864,-2.667142970
1781283256.358177185,1.097105030,-0.373772294,-2.642586013
1781283256.359178305,1.122636613,-0.344086559,-2.628451253
1781283256.365691900,1.146397560,-0.436442140,-2.598295094
1781283256.366461039,1.188291588,-0.393086516,-2.589588167
1781283256.367566586,0.000000000,0.000000000,0.000000000
1781283256.369249582,1.268036412,-0.589318471,-2.515113994
1781283256.370994091,1.310208873,-0.557379586,-2.515814982
1781283256.376226664,1.336329113,-0.662604769,-2.491405349
1781283256.378220081,1.350426721,-0.647214855,-2.508510117
1781283256.379244328,1.396083176,-0.615366751,-2.504080042
1781283256.380908966,1.419832970,-0.715475550,-2.463935593
1781283256.383215189,1.433125333,-0.804203431,-2.431379423
1781283256.384214401,1.448119979,-0.784905752,-2.422654429
1781283256.390658379,1.453383815,-0.863206506,-2.401388855
1781283256.391442299,1.513316716,-0.809861518,-2.429125972
1781283256.392534018,0.000000000,0.000000000,0.000000000
1781283256.394207478,1.534751350,-0.958621688,-2.380416277
1781283256.396002293,1.561184022,-0.939888901,-2.387505601
1781283256.403144598,1.560692906,-1.006194197,-2.368351921
1781283256.404376507,1.559620950,-0.969349545,-2.376370242
1781283256.405978680,1.555230007,-1.008009352,-2.349863262
1781283256.408239603,1.541316141,-1.069538589,-2.333555546
1781283256.409276009,1.540033338,-1.051506227,-2.332576101
1781283256.415587664,1.524264368,-1.105806590,-2.302483719
1781283256.416336536,1.486398334,-1.064350462,-2.286445434
1781283256.417435408,0.000000000,0.000000000,0.000000000
1781283256.420722008,1.460186598,-1.164650035,-2.230747666
1781283256.421489954,1.447479802,-1.146138281,-2.213879511
1781283256.422559738,0.000000000,0.000000000,0.000000000
1781283256.428031683,1.438170902,-1.197181160,-2.188368106
1781283256.429310799,1.427927231,-1.172698873,-2.176881211
1781283256.430838585,1.421185985,-1.205414518,-2.146140377
1781283256.433180094,1.402910907,-1.260793111,-2.119183031
1781283256.434156418,1.408361718,-1.244826473,-2.123451066
1781283256.438586712,1.386824513,-1.293282804,-2.101146722
1781283256.439127445,0.000000000,0.000000000,0.000000000
1781283256.440910578,1.393298145,-1.270491596,-2.096365438
1781283256.442830324,1.386675386,-1.310765516,-2.069801095
1781283256.444255590,1.392979378,-1.344133931,-2.047538493
1781283256.445926905,1.411846396,-1.342799547,-2.043144156
1781283256.452939272,1.402651532,-1.379503648,-2.024376473
1781283256.454210520,1.440795635,-1.371635558,-2.036068961
1781283256.455833435,1.433665629,-1.418778754,-2.006722444
1781283256.458191633,1.427618976,-1.464251102,-1.990271586
1781283256.459167957,1.439090837,-1.469515014,-1.985920372
1781283256.465628624,1.434255977,-1.510183498,-1.966584164
1781283256.466377497,1.473826627,-1.517305123,-1.991603192
1781283256.467477798,0.000000000,0.000000000,0.000000000
1781283256.469208002,1.454485281,-1.607608835,-1.946857581
1781283256.470986128,1.477427373,-1.608788464,-1.959728499
1781283256.478065491,1.480962285,-1.658894907,-1.939495925
1781283256.479313612,1.539901974,-1.692634419,-1.975015918
1781283256.480837584,1.529889479,-1.732444325,-1.953752301
1781283256.483205795,1.522960006,-1.786173717,-1.938917110
1781283256.484186649,1.527428009,-1.792233905,-1.936672409
1781283256.490630388,1.518969270,-1.831997481,-1.912811253
1781283256.491419792,1.508889127,-1.840818353,-1.909343927
1781283256.492546558,0.000000000,0.000000000,0.000000000
1781283256.494199753,1.483640783,-1.917180210,-1.867715982
1781283256.496007919,1.480639209,-1.920718915,-1.859630645
1781283256.500849009,1.473440685,-1.958076472,-1.844637452
1781283256.503030777,1.512145224,-1.971667149,-1.859287856
1781283256.504310608,1.539330764,-1.975628859,-1.863438980
1781283256.505899906,1.525887300,-2.020604432,-1.840521034
1781283256.508171320,1.516733120,-2.050703859,-1.827256815
1781283256.509375095,1.508249916,-2.056392108,-1.824872107
1781283256.515620708,1.493229055,-2.082677097,-1.805680744
1781283256.516571283,1.475693958,-2.068131000,-1.804209544
1781283256.517538071,1.483563360,-2.065386530,-1.809754051
1781283256.519358635,1.468094615,-2.103564974,-1.780687159
1781283256.521022797,1.458507917,-2.129294823,-1.751743998
1781283256.528128386,1.439696536,-2.161622432,-1.728519197
1781283256.529238701,1.461794897,-2.158642918,-1.742384159
1781283256.530927181,1.462161739,-2.205458084,-1.709537247
1781283256.533233404,1.443448188,-2.246157733,-1.682376783
1781283256.534228325,1.453619916,-2.251501285,-1.679582690
1781283256.540633202,1.429877847,-2.294890241,-1.648340016
1781283256.541308403,0.000000000,0.000000000,0.000000000
1781283256.542615414,1.438289646,-2.371290101,-1.621535100
1781283256.544179916,1.433076919,-2.420886339,-1.597715885
1781283256.546023130,1.445311034,-2.435412557,-1.598826088
1781283256.553073168,1.437657774,-2.479773340,-1.585077504
1781283256.554368019,1.542463108,-2.529198026,-1.616351890
1781283256.556021214,1.530223115,-2.578049611,-1.589435615
1781283256.558206081,1.510080652,-2.629323401,-1.582024854
1781283256.559220314,1.514878109,-2.640527425,-1.585203458
1781283256.562717199,1.490231544,-2.685950011,-1.572922933
1781283256.565594196,1.494471250,-2.698345312,-1.599948927
1781283256.566370249,1.507455387,-2.709142440,-1.596290405
1781283256.567583323,1.485875663,-2.746145827,-1.573761852
1781283256.569225311,1.470423402,-2.782430740,-1.541542333
1781283256.570887089,1.476069327,-2.799417290,-1.533225031
1781283256.578038454,1.456907454,-2.822777592,-1.521233487
1781283256.579268932,1.509618950,-2.840314293,-1.579777502
1781283256.580879211,1.500592825,-2.878264159,-1.551557321
1781283256.583323002,1.494695339,-2.898688827,-1.554978832
1781283256.584295511,1.488607580,-2.901981005,-1.555456800
1781283256.590731382,1.474449917,-2.924287656,-1.551014641
1781283256.591486216,1.478162837,-2.960419360,-1.575664980
1781283256.592406273,0.000000000,0.000000000,0.000000000
1781283256.594229460,1.440195792,-3.017647230,-1.513829475
1781283256.595949411,1.452515226,-3.037529705,-1.505536140
1781283256.603041410,1.437662999,-3.057936823,-1.479437827
1781283256.604260683,1.454849861,-3.100311796,-1.488320666
1781283256.605892181,1.451843425,-3.131644040,-1.456474222
1781283256.608243227,1.436155111,-3.155524534,-1.438607506
1781283256.609336376,1.451619251,-3.172634669,-1.431863969
1781283256.615613937,1.440979398,-3.197383484,-1.413277076
1781283256.616434813,1.482463081,-3.227590785,-1.425710496
1781283256.617552996,0.000000000,0.000000000,0.000000000
1781283256.619253397,1.446163127,-3.282996829,-1.368337582
1781283256.620954037,1.460232736,-3.308123434,-1.362534399
1781283256.624833822,1.448371730,-3.335579684,-1.335271719
1781283256.628067493,1.453501847,-3.362513028,-1.340091774
1781283256.629345655,1.463063020,-3.392455523,-1.337233208
1781283256.630867481,1.459124664,-3.431398092,-1.307240122
1781283256.633164167,1.443025601,-3.461939500,-1.286059403
1781283256.634380102,1.455566060,-3.472409844,-1.289064146
1781283256.640656948,1.442981026,-3.505092934,-1.271753014
1781283256.641347408,1.462773651,-3.543846624,-1.301993926
1781283256.642460585,0.000000000,0.000000000,0.000000000
1781283256.644202471,1.436875135,-3.602445703,-1.226298760
1781283256.646011114,1.437693092,-3.638930870,-1.225207050
1781283256.653067589,1.425996628,-3.662728869,-1.211790621
1781283256.654291630,1.435319319,-3.730340438,-1.213469106
1781283256.655910015,1.418242754,-3.765760655,-1.166279707
1781283256.658161402,1.406695445,-3.789260442,-1.150785547
1781283256.659368038,1.402531811,-3.801299114,-1.134020409
1781283256.665618896,1.393382046,-3.815928116,-1.127434240
1781283256.666367769,1.391374774,-3.845334293,-1.144515415
1781283256.667444468,0.000000000,0.000000000,0.000000000
1781283256.670733452,1.380504797,-3.876261220,-1.100598730
1781283256.671537638,1.376237099,-3.917020910,-1.125204575
1781283256.672445297,0.000000000,0.000000000,0.000000000
1781283256.678282261,1.369125196,-3.937402458,-1.109502915
1781283256.679242611,1.374579580,-3.978501316,-1.099027859
1781283256.681035757,1.366520415,-3.996469404,-1.058448787
1781283256.683175802,1.360249456,-4.036105015,-1.021544803
1781283256.684181929,1.365684575,-4.044689573,-1.007197027
1781283256.687242031,1.358780738,-4.079762083,-0.973867262
1781283256.687964201,1.362055425,-4.087588870,-0.978877951
1781283256.690579414,1.366355273,-4.109472407,-0.969780827
1781283256.691382408,1.363739614,-4.120426432,-0.951326471
1781283256.692524910,0.000000000,0.000000000,0.000000000
1781283256.694271803,1.348973511,-4.169519034,-0.851735547
1781283256.695942402,1.351452252,-4.182207089,-0.822302730
1781283256.702657461,1.343909237,-4.202683855,-0.782579728
1781283256.704270840,1.347370976,-4.242303902,-0.692462751
1781283256.705980301,1.363914096,-4.262814433,-0.663017215
1781283256.708225489,1.354659329,-4.279697940,-0.619536192
1781283256.709225655,1.363120804,-4.296254941,-0.584478560
1781283256.715627909,1.355367730,-4.314950628,-0.546293402
1781283256.716400385,1.374777727,-4.355103962,-0.472854579
1781283256.717522860,0.000000000,0.000000000,0.000000000
1781283256.719197989,1.361701552,-4.374780720,-0.415301219
1781283256.721020699,1.367808642,-4.394474187,-0.356621368
1781283256.728025436,1.372991540,-4.416959209,-0.328631315
1781283256.729252815,1.387050525,-4.442718074,-0.233910819
1781283256.730855227,1.381768264,-4.443507340,-0.211287951
1781283256.733194113,1.390664898,-4.443404087,-0.194271045
1781283256.734171152,1.376526248,-4.440278741,-0.176696925
1781283256.740706205,1.378081692,-4.436778623,-0.181102875
1781283256.741490364,1.359044951,-4.389244729,-0.205553881
1781283256.742610693,0.000000000,0.000000000,0.000000000
1781283256.744175196,1.355639632,-4.376429823,-0.234010645
1781283256.746015549,1.368032243,-4.369287470,-0.229619972
1781283256.749742508,1.363940587,-4.365138466,-0.251869882
1781283256.753063440,1.355681855,-4.361512110,-0.261609856
1781283256.754221916,1.352250401,-4.381722033,-0.265366457
1781283256.756002665,1.360301884,-4.390402706,-0.273531367
1781283256.758242130,1.350995502,-4.397255074,-0.274374040
1781283256.759286880,1.358441801,-4.407482965,-0.276844969
1781283256.765075684,1.352354153,-4.410477857,-0.270959016
1781283256.765908480,1.346509081,-4.426799300,-0.279498904
1781283256.767693758,1.333554182,-4.430225556,-0.277024162
1781283256.769262314,1.332116145,-4.431686349,-0.278258578
1781283256.770940304,1.322357361,-4.424287076,-0.281251578
1781283256.778161049,1.325647325,-4.428437571,-0.285547361
1781283256.779356480,1.305443263,-4.413554082,-0.306154314
1781283256.780956507,1.298961516,-4.418466641,-0.300536559
1781283256.783208132,1.292084011,-4.428414368,-0.292089613
1781283256.784223795,1.286966221,-4.427672748,-0.294605445
1781283256.790607452,1.284463137,-4.431569500,-0.287521555
1781283256.791267395,0.000000000,0.000000000,0.000000000
1781283256.792561531,1.286775124,-4.448919047,-0.269779914
1781283256.794187546,1.286504527,-4.435372980,-0.260544371
1781283256.796039343,1.276004208,-4.441674745,-0.259396930
1781283256.803061485,1.280390533,-4.442455722,-0.245614748
1781283256.804276943,1.278944194,-4.439895586,-0.217117046
1781283256.805886030,1.271279810,-4.446145306,-0.204975187
1781283256.808151245,1.270967402,-4.438572438,-0.196830004
1781283256.809364080,1.269451985,-4.437454899,-0.175820062
1781283256.812182188,1.271631516,-4.432667489,-0.174175257
1781283256.812731504,0.000000000,0.000000000,0.000000000
1781283256.815585375,1.277598084,-4.434458527,-0.148060302
1781283256.816402197,1.275951914,-4.442218226,-0.129041651
1781283256.817685127,1.276937532,-4.430854223,-0.119152396
1781283256.819211006,1.279806629,-4.441901004,-0.103574761
1781283256.820924759,1.277959606,-4.436311566,-0.088818392
1781283256.828083038,1.280216407,-4.437392222,-0.081183175
1781283256.829335690,1.289932565,-4.419649883,-0.023963708
1781283256.830873489,1.286891951,-4.414150163,-0.018923257
1781283256.833153486,1.295286122,-4.406149563,-0.030173454
1781283256.834353685,1.286179141,-4.389028836,-0.030414642
1781283256.840652943,1.286530191,-4.380602866,-0.039826677
1781283256.841419220,1.270903772,-4.317571544,-0.040501843
1781283256.842525482,0.000000000,0.000000000,0.000000000
1781283256.844182491,1.290850061,-4.301252765,-0.082345140
1781283256.846015692,1.282088557,-4.287398518,-0.081332108
1781283256.853050470,1.294801457,-4.275689058,-0.109381073
1781283256.854269028,1.280977214,-4.270647579,-0.112695395
1781283256.855900526,1.287926070,-4.252521528,-0.125847923
1781283256.858227491,1.297321879,-4.255181724,-0.143483210
1781283256.859233379,1.294687941,-4.250301600,-0.141047582
1781283256.865716457,1.302388237,-4.246088336,-0.150290365
1781283256.866583586,1.299727919,-4.245895455,-0.142102285
1781283256.867536068,0.000000000,0.000000000,0.000000000
1781283256.869271040,1.309642204,-4.234407770,-0.171323268
1781283256.870967388,1.313135994,-4.232261220,-0.166974970
1781283256.874692202,1.315909258,-4.222961431,-0.180996156
1781283256.878085613,1.304556921,-4.218430332,-0.179158474
1781283256.879343510,1.298070630,-4.204747537,-0.178142289
1781283256.880867720,1.309524589,-4.198038426,-0.191487641
1781283256.883203983,1.303793593,-4.193374618,-0.194078665
1781283256.884185791,1.315549952,-4.193998612,-0.195315298
1781283256.890094280,1.312118760,-4.184931893,-0.196452419
1781283256.890976191,1.316968377,-4.185961366,-0.185661253
1781283256.892967224,1.319120634,-4.178150241,-0.195608889
1781283256.894169807,1.329283322,-4.183407557,-0.187998191
1781283256.895976067,1.329997714,-4.174669130,-0.194401719
1781283256.903069496,1.346712186,-4.176232956,-0.201401754
1781283256.904280663,1.343035780,-4.158324661,-0.177194817
1781283256.905833483,1.338234294,-4.144158395,-0.179324468
1781283256.908233404,1.347581638,-4.135544702,-0.182549673
1781283256.909213066,1.332564058,-4.117293215,-0.179459542
1781283256.915733814,1.342276042,-4.108828824,-0.184232018
1781283256.916364908,0.000000000,0.000000000,0.000000000
1781283256.917634249,1.328302410,-4.037217207,-0.174440367
1781283256.919229984,1.327187180,-4.005856544,-0.189051243
1781283256.920957088,1.324606038,-3.991793334,-0.181394182
1781283256.928232908,1.325432762,-3.962340793,-0.194423245
1781283256.929220438,1.291113119,-3.847829502,-0.160032992
1781283256.930829287,1.285467566,-3.810854665,-0.175419077
1781283256.933185101,1.287142731,-3.760338340,-0.202434574
1781283256.934184551,1.265588068,-3.725285249,-0.190896343
1781283256.938089132,1.264787604,-3.675594718,-0.225455357
1781283256.940612555,1.226889296,-3.582960659,-0.215593760
1781283256.941382170,1.205334999,-3.547127258,-0.209905404
1781283256.942506313,0.000000000,0.000000000,0.000000000
1781283256.944180250,1.224268355,-3.479502189,-0.285200599
1781283256.945991755,1.187551986,-3.390199337,-0.270834568
1781283256.953044415,1.193930327,-3.335085647,-0.303429731
1781283256.954291344,1.118072297,-3.146365727,-0.286522015
1781283256.955938578,1.117246995,-3.091889048,-0.332461449
1781283256.958225727,1.134505732,-3.038841223,-0.382150635
1781283256.959216118,1.117670932,-3.004983762,-0.382457967
1781283256.965612411,1.145565560,-2.966565125,-0.433123950
1781283256.966382027,1.107056164,-2.878622584,-0.426953650
1781283256.967469454,0.000000000,0.000000000,0.000000000
1781283256.970731258,1.152450565,-2.804849275,-0.532967736
1781283256.971564293,1.096592401,-2.713178795,-0.550051158
1781283256.972476244,0.000000000,0.000000000,0.000000000
1781283256.978052378,1.118728079,-2.664226258,-0.600806000
1781283256.979310751,1.089410686,-2.599286746,-0.632492667
1781283256.980843306,1.105737276,-2.561117670,-0.687754848
1781283256.983164787,1.133922026,-2.525311397,-0.744084507
1781283256.984158039,1.118869133,-2.511973222,-0.761692327
1781283256.990672112,1.147460790,-2.483861422,-0.808726562
1781283256.991448402,1.135021167,-2.465556256,-0.829362798
1781283256.992566586,0.000000000,0.000000000,0.000000000
1781283256.994263172,1.178421437,-2.408428974,-0.935000218
1781283256.995984793,1.173414436,-2.398962721,-0.959197176
1781283256.998962164,1.182780611,-2.371742524,-0.989533022
1781283256.999599457,1.188476219,-2.373531401,-0.986073594
1781283257.003030300,1.182065417,-2.371985140,-0.978077969
1781283257.004279375,1.185661401,-2.371542259,-0.994979057
1781283257.005867481,1.210418590,-2.343916086,-1.057132100
1781283257.008270025,1.225698366,-2.317675242,-1.083239766
1781283257.009275913,1.231037058,-2.314999104,-1.110609719
1781283257.014575243,1.247541423,-2.288799439,-1.139570382
1781283257.015973806,1.243338733,-2.286487552,-1.161661272
1781283257.017889261,1.262237360,-2.258202453,-1.189345341
1781283257.019317389,1.262904233,-2.223846207,-1.236557225
1781283257.020945311,1.264322773,-2.208653301,-1.261815369
1781283257.028109550,1.267825109,-2.191360079,-1.282963955
1781283257.029318094,1.242438912,-2.172076707,-1.259694860
1781283257.030897141,1.249378157,-2.132084855,-1.299533135
1781283257.033214808,1.250459011,-2.116876056,-1.299563789
1781283257.034196138,1.245224454,-2.106607122,-1.308638898
1781283257.040648460,1.253643094,-2.085712865,-1.309773442
1781283257.041411161,1.246696570,-2.079905325,-1.274091365
1781283257.042522430,0.000000000,0.000000000,0.000000000
1781283257.044198036,1.252648612,-2.028151263,-1.311214563
1781283257.046011209,1.228794318,-2.005588561,-1.290438253
1781283257.053105354,1.241852091,-1.979880181,-1.303393422
1781283257.054323196,1.206367321,-1.938748034,-1.261259637
1781283257.055947781,1.199290041,-1.885010175,-1.284677761
1781283257.058234692,1.209107106,-1.842769432,-1.315035477
1781283257.059232473,1.194683797,-1.825246675,-1.320054173
1781283257.061261892,1.207449172,-1.771160555,-1.361611051
1781283257.065729380,1.196966694,-1.776577359,-1.359307913
1781283257.066485167,1.215888786,-1.757688273,-1.366743346
1781283257.067590952,0.000000000,0.000000000,0.000000000
1781283257.069194555,1.257964957,-1.661568766,-1.462538137
1781283257.070978642,1.263016860,-1.655215753,-1.477340654
1781283257.076246500,1.274913417,-1.599905743,-1.517343518
1781283257.078080654,1.292097767,-1.612474727,-1.521427551
1781283257.079361916,1.287685203,-1.617328464,-1.529218151
1781283257.080892086,1.308970745,-1.557365184,-1.591873498
1781283257.083206415,1.320731386,-1.501626833,-1.632995818
1781283257.084247112,1.325341842,-1.501829255,-1.643334951
1781283257.090605497,1.335818974,-1.444127420,-1.687818452
1781283257.091363668,1.330795895,-1.472473366,-1.688082469
1781283257.092498541,0.000000000,0.000000000,0.000000000
1781283257.095768213,1.356288674,-1.336571247,-1.786995143
1781283257.096532583,1.349225350,-1.348714980,-1.783715041
1781283257.097434282,0.000000000,0.000000000,0.000000000
1781283257.103042364,1.362868505,-1.291147086,-1.822471247
1781283257.104290485,1.357119185,-1.323083873,-1.815401837
1781283257.105880976,1.354842316,-1.265169582,-1.852766040
1781283257.108221292,1.368615027,-1.201540988,-1.885035082
1781283257.109196186,1.356005765,-1.211044723,-1.882224436
1781283257.115731955,1.366898786,-1.154749626,-1.914388293
1781283257.116491318,1.342725921,-1.185685141,-1.890508062
1781283257.117581367,0.000000000,0.000000000,0.000000000
1781283257.119225264,1.360170120,-1.070959706,-1.946745715
1781283257.120985508,1.346098888,-1.082530073,-1.940731760
1781283257.128065109,1.360699627,-1.025744460,-1.966322086
1781283257.129329205,1.343194239,-1.069645548,-1.955876540
1781283257.130858183,1.337423331,-1.033655301,-1.975394173
1781283257.133269548,1.339797260,-0.971727433,-1.993403454
1781283257.134258032,1.327135084,-0.994361245,-1.980506929
1781283257.138768196,1.339757670,-0.939760870,-1.996975627
1781283257.139416218,1.332220066,-0.952442498,-1.967176479
1781283257.140929461,1.290423252,-0.964389946,-1.947196769
1781283257.142893791,1.267228317,-0.922499773,-1.964279021
1781283257.144340515,1.240106953,-0.868814548,-1.986459948
1781283257.146042109,1.206752581,-0.878931565,-1.974788881
1781283257.153073549,1.189915830,-0.822899653,-1.987627130
1781283257.154318094,1.138056306,-0.854094004,-1.985881987
1781283257.155922651,1.097718339,-0.786616960,-2.035684925
1781283257.158265114,1.095553094,-0.738195661,-2.079628853
1781283257.159292459,1.064184596,-0.740937391,-2.101683741
1781283257.165744066,1.051666467,-0.691881328,-2.139655212
1781283257.166526794,1.041153903,-0.743481545,-2.158686612
1781283257.167394638,0.000000000,0.000000000,0.000000000
1781283257.170795441,0.991733276,-0.626203148,-2.236305214
1781283257.171681404,0.986029851,-0.647863039,-2.252590931
1781283257.172385693,0.000000000,0.000000000,0.000000000
1781283257.178162098,0.971199790,-0.593197047,-2.276717138
1781283257.179218054,0.989021647,-0.643213123,-2.328461099
1781283257.180916309,0.970462118,-0.609706884,-2.367754799
1781283257.183177710,0.958439344,-0.551227654,-2.410069949
1781283257.184159040,0.958079813,-0.571408357,-2.421210398
1781283257.190663099,0.944131607,-0.516394900,-2.456623739
1781283257.191463709,0.947699307,-0.558620499,-2.496778073
1781283257.192605734,0.000000000,0.000000000,0.000000000
1781283257.194243193,0.915986532,-0.481543745,-2.529910301
1781283257.195959568,0.911681866,-0.497514437,-2.534736951
1781283257.201013088,0.896792180,-0.465277062,-2.547060268
1781283257.203063011,0.891153962,-0.477347639,-2.560820575
1781283257.204302549,0.886885640,-0.493437688,-2.557324680
1781283257.205926418,0.880804901,-0.475648867,-2.571040145
1781283257.208248854,0.866335788,-0.438726855,-2.582554988
1781283257.209238768,0.872662695,-0.460376931,-2.582225039
1781283257.215748549,0.860421671,-0.424993849,-2.596889361
1781283257.216585875,0.853154542,-0.449605514,-2.591678884
1781283257.217500925,0.000000000,0.000000000,0.000000000
1781283257.219247580,0.837754996,-0.432392434,-2.598730748
1781283257.220991135,0.830564236,-0.417145191,-2.600594452
1781283257.228168011,0.811662034,-0.402265079,-2.600465396
1781283257.229219913,0.801392150,-0.429140815,-2.590531459
1781283257.230982542,0.796027455,-0.417439108,-2.596590384
1781283257.233234167,0.781106493,-0.397806144,-2.598801591
1781283257.234236002,0.788939235,-0.413740720,-2.599314885
1781283257.240573406,0.776392385,-0.389724664,-2.603979513
1781283257.241374493,0.786392710,-0.409024598,-2.612826048
1781283257.242611647,0.778139731,-0.382940597,-2.622260131
1781283257.244255543,0.771985837,-0.371488153,-2.632995690
1781283257.245999575,0.764444898,-0.379732617,-2.634169217
1781283257.253091335,0.771640696,-0.362321684,-2.651420283
1781283257.254327059,0.781561434,-0.390953320,-2.672477493
1781283257.255932570,0.768163152,-0.379931918,-2.684350831
1781283257.258281708,0.757008704,-0.359124612,-2.700381330
1781283257.259251118,0.758794920,-0.370656474,-2.711692736
1781283257.262287617,0.751542918,-0.360864969,-2.727249411
1781283257.263028145,0.759158096,-0.363070579,-2.746119982
1781283257.265784025,0.760121404,-0.373523952,-2.745829610
1781283257.266577005,0.776880059,-0.402877769,-2.772420685
1781283257.267488003,0.000000000,0.000000000,0.000000000
1781283257.269192457,0.747883737,-0.341395305,-2.799440404
1781283257.270957708,0.756645533,-0.368735983,-2.810679328
1781283257.278163910,0.743939546,-0.333521752,-2.833572559
1781283257.279198647,0.780640510,-0.384282276,-2.886219665
1781283257.280938625,0.771139279,-0.371299478,-2.910381390
1781283257.283156633,0.758537011,-0.343166225,-2.926214466
1781283257.284353971,0.767446987,-0.371552533,-2.939914973
1781283257.290602207,0.752892727,-0.338706122,-2.958741248
1781283257.291364670,0.771494066,-0.385166970,-2.974055000
1781283257.292488813,0.000000000,0.000000000,0.000000000
1781283257.294211149,0.739007772,-0.329956589,-2.997463395
1781283257.295991182,0.751706004,-0.360770152,-3.012993312
1781283257.303067923,0.741162753,-0.332122056,-3.034937399
1781283257.304287910,0.759584829,-0.363922316,-3.056360441
1781283257.305891752,0.752183645,-0.357400533,-3.064156117
1781283257.308244944,0.750315825,-0.328079519,-3.083867837
1781283257.309262037,0.749809833,-0.344849184,-3.084701345
1781283257.315615416,0.741942061,-0.320589280,-3.094542888
1781283257.316377878,0.741284581,-0.350498904,-3.100867990
1781283257.317477703,0.000000000,0.000000000,0.000000000
1781283257.320719957,0.732122558,-0.326677499,-3.106776121
1781283257.321519613,0.737834924,-0.346026549,-3.130213274
1781283257.322410822,0.000000000,0.000000000,0.000000000
1781283257.328138828,0.737639901,-0.335008252,-3.147172484
1781283257.329176188,0.737755263,-0.350016796,-3.180628494
1781283257.330939770,0.745332923,-0.340994733,-3.201727311
1781283257.333222866,0.743370881,-0.332629587,-3.220426031
1781283257.334210396,0.754346785,-0.342561530,-3.236812533
1781283257.338904619,0.741009747,-0.340427130,-3.253227506
1781283257.339583635,0.754077612,-0.356743933,-3.283373700
1781283257.340828657,0.000000000,0.000000000,0.000000000
1781283257.342950344,0.751881323,-0.353934477,-3.304766340
1781283257.344216585,0.766006741,-0.379799931,-3.331898897
1781283257.345997334,0.756211538,-0.368373054,-3.344739175
1781283257.353166103,0.755134909,-0.363830194,-3.363925384
1781283257.354221582,0.772992965,-0.397436916,-3.408919686
1781283257.356022596,0.761389943,-0.386338504,-3.423751126
1781283257.358233213,0.753690937,-0.371829115,-3.447856976
1781283257.359212875,0.751963819,-0.378845922,-3.461094146
1781283257.365615129,0.746886222,-0.365142478,-3.476183500
1781283257.366381645,0.765652447,-0.393416878,-3.500840138
1781283257.367445946,0.000000000,0.000000000,0.000000000
1781283257.370749474,0.753673102,-0.364284441,-3.524506803
1781283257.371567488,0.768024698,-0.400148934,-3.540230290
1781283257.372474909,0.000000000,0.000000000,0.000000000
1781283257.378091335,0.767928438,-0.381137958,-3.553201801
1781283257.379338503,0.774573619,-0.402963564,-3.555373868
1781283257.380932331,0.776964297,-0.403037069,-3.562731386
1781283257.383287907,0.766826200,-0.388042073,-3.561836319
1781283257.384346008,0.775720276,-0.401356398,-3.557552455
1781283257.390721321,0.768375008,-0.384439895,-3.554101612
1781283257.391520977,0.780974345,-0.409861507,-3.544527524
1781283257.392426252,0.000000000,0.000000000,0.000000000
1781283257.394209623,0.766968879,-0.391782214,-3.540921755
1781283257.396008968,0.775684123,-0.407824842,-3.537842942
1781283257.399763584,0.780220750,-0.403918854,-3.543527764
1781283257.403065920,0.787334421,-0.406862933,-3.544252202
1781283257.404312372,0.801513748,-0.415370106,-3.550102652
1781283257.405935287,0.801194487,-0.413398267,-3.546495612
1781283257.408290386,0.806953868,-0.408524935,-3.554234071
1781283257.409271240,0.808792316,-0.415706226,-3.556624169
1781283257.415730715,0.813251397,-0.413905271,-3.559482235
1781283257.416492701,0.834868878,-0.420547498,-3.596615681
1781283257.417540550,0.000000000,0.000000000,0.000000000
1781283257.419211864,0.839323882,-0.429008839,-3.595559472
1781283257.421079397,0.851257427,-0.430367887,-3.610147901
1781283257.428083658,0.854254067,-0.432668919,-3.621543289
1781283257.429323435,0.878549101,-0.438398080,-3.659000892
1781283257.430913210,0.894691643,-0.441679155,-3.676906757
1781283257.433247328,0.889702347,-0.435909103,-3.676395080
1781283257.434221029,0.906208164,-0.447703401,-3.692302765
1781283257.440664768,0.906892031,-0.436907390,-3.695141659
1781283257.441435337,0.923837292,-0.444422057,-3.716945196
1781283257.442548990,0.000000000,0.000000000,0.000000000
1781283257.444204330,0.928671395,-0.443318960,-3.709102535
1781283257.445912123,0.928362438,-0.439597596,-3.713105058
1781283257.453117132,0.931060855,-0.445052507,-3.716595893
1781283257.454343319,0.945742668,-0.438745749,-3.723994762
1781283257.455920935,0.945272508,-0.430344263,-3.737369106
1781283257.458234310,0.951618699,-0.434152705,-3.737858584
1781283257.459239006,0.954273144,-0.429067378,-3.744204771
1781283257.462205410,0.956743476,-0.433957927,-3.752993366
1781283257.462764263,0.000000000,0.000000000,0.000000000
1781283257.465794325,0.959487892,-0.429185568,-3.757427911
1781283257.467869282,0.974058956,-0.437784855,-3.769356149
1781283257.469314814,0.975396945,-0.427576706,-3.773103542
1781283257.470994234,0.978413706,-0.435460974,-3.777953155
1781283257.477842331,0.974909380,-0.427597540,-3.776714447
1781283257.479225874,0.990398487,-0.428886137,-3.793390821
1781283257.480935097,0.998216139,-0.431538365,-3.805294612
1781283257.483281612,0.998055487,-0.419084297,-3.808138961
1781283257.484251738,1.008842963,-0.422125337,-3.819831692
1781283257.490726709,1.010785523,-0.407964353,-3.827217861
1781283257.491505623,1.021764677,-0.393780303,-3.847902087
1781283257.492403030,0.000000000,0.000000000,0.000000000
1781283257.494215012,1.026862794,-0.394063248,-3.855925967
1781283257.495991707,1.019112782,-0.383652569,-3.852607047
1781283257.503215790,1.025875481,-0.392290520,-3.863832688
1781283257.504262447,1.019860980,-0.368208849,-3.872920376
1781283257.505925417,1.017470538,-0.358165270,-3.868999246
1781283257.507755995,1.020432194,-0.366162452,-3.868791604
1781283257.509212971,1.017670885,-0.351074985,-3.873406384
1781283257.515727043,1.020536207,-0.364313215,-3.876110990
1781283257.516488314,1.024015853,-0.336589548,-3.893933117
1781283257.517565966,0.000000000,0.000000000,0.000000000
1781283257.519222975,1.021380235,-0.342310999,-3.891529642
1781283257.521007061,1.029005603,-0.323649814,-3.907200428
1781283257.522874832,1.038526089,-0.331323726,-3.910926753
1781283257.528092861,1.038448811,-0.322891714,-3.915145033
1781283257.529233694,1.037433423,-0.275424486,-3.934206506
1781283257.530955315,1.039863713,-0.280267604,-3.921493374
1781283257.533314943,1.045520902,-0.285047554,-3.926636121
1781283257.534396172,1.043490195,-0.271300418,-3.926827595
1781283257.538005829,1.046926539,-0.275256964,-3.932739842
1781283257.540727854,1.039184316,-0.257937425,-3.931744388
1781283257.541508436,1.033291837,-0.221783440,-3.931997981
1781283257.542402506,0.000000000,0.000000000,0.000000000
1781283257.544213772,1.040126594,-0.250812459,-3.920988012
1781283257.546006441,1.035950794,-0.219800266,-3.924646734
1781283257.553222179,1.034751567,-0.246597461,-3.917963762
1781283257.554244518,1.021198885,-0.195697663,-3.925474444
1781283257.555922270,1.030200172,-0.190321963,-3.930454105
1781283257.558252335,1.037425758,-0.213958390,-3.935539252
1781283257.559223890,1.039559260,-0.185187872,-3.938554910
1781283257.565696478,1.047473703,-0.212294987,-3.938270875
1781283257.566452980,1.065958495,-0.176781714,-3.971456833
1781283257.567530394,0.000000000,0.000000000,0.000000000
1781283257.569189787,1.079919488,-0.197664169,-3.974848867
1781283257.571064949,1.087435810,-0.180189883,-3.985430748
1781283257.578113794,1.096259992,-0.195000855,-3.991802355
1781283257.579350471,1.091988407,-0.141239519,-4.023830677
1781283257.580913067,1.096104853,-0.148121150,-4.032794941
1781283257.583291292,1.103627909,-0.161570534,-4.039947198
1781283257.584276676,1.100768012,-0.138103490,-4.045325780
1781283257.591068506,1.110406517,-0.153594070,-4.056195155
1781283257.592749357,1.116103952,-0.099850761,-4.097708801
1781283257.594200611,1.132077982,-0.109360361,-4.104111103
1781283257.596215487,1.136576564,-0.116120606,-4.107210304
1781283257.597527742,1.146906409,-0.145926456,-4.106226780
1781283257.600608826,1.136604232,-0.134142666,-4.103637603
1781283257.601278067,1.133048585,-0.128593505,-4.115554373
1781283257.603140831,1.114878616,-0.113702348,-4.114722139
1781283257.604161978,1.106419898,-0.085113395,-4.114119547
1781283257.605983734,1.114830801,-0.086922644,-4.104511949
1781283257.608298540,1.130973609,-0.130912739,-4.101557969
1781283257.609305382,1.122721543,-0.085258166,-4.093846739
1781283257.615777016,1.139697925,-0.133017244,-4.088336761
1781283257.616545916,1.101478616,-0.025850539,-4.088038593
1781283257.617431402,0.000000000,0.000000000,0.000000000
1781283257.619227886,1.139633677,-0.098998089,-4.062150672
1781283257.621083736,1.129840524,-0.047406326,-4.057369517
1781283257.628107548,1.135023089,-0.100524330,-4.029997105
1781283257.629315853,1.076681521,0.006984674,-3.934909267
1781283257.630948067,1.106892374,-0.020740426,-3.905800523
1781283257.633333921,1.119830017,-0.086522568,-3.870675832
1781283257.634362221,1.116183772,-0.031340431,-3.850965219
1781283257.640722513,1.126875526,-0.103410296,-3.811682918
1781283257.641566992,1.111921987,-0.024957731,-3.762166119
1781283257.642622709,1.100141547,-0.018699469,-3.750607905
1781283257.644263268,1.161359304,-0.132400903,-3.719525810
1781283257.646069288,1.168389187,-0.092310593,-3.714306945
1781283257.653109550,1.182659897,-0.153341794,-3.700832331
1781283257.654360294,1.178900333,-0.053320389,-3.693602544
1781283257.656030893,1.225798036,-0.090262513,-3.677885654
1781283257.658226728,1.249944833,-0.153324526,-3.658444458
1781283257.659243107,1.267944352,-0.107283230,-3.640596284
1781283257.663124084,1.285164461,-0.172581752,-3.621572952
1781283257.665761948,1.279441371,-0.149506282,-3.597202752
1781283257.666545630,1.297557287,-0.111437096,-3.579586910
1781283257.667447329,0.000000000,0.000000000,0.000000000
1781283257.669237614,1.355635201,-0.217969735,-3.539160675
1781283257.671097040,1.361388073,-0.165414612,-3.490609147
1781283257.678057909,1.370321040,-0.233634574,-3.464066596
1781283257.679239035,1.347487108,-0.183373787,-3.364659333
1781283257.680910587,1.376320136,-0.218277673,-3.324347339
1781283257.683259964,1.386432755,-0.287494563,-3.297830721
1781283257.684249163,1.398920895,-0.252706406,-3.272939074
1781283257.690797091,1.416011158,-0.327354004,-3.254833623
1781283257.692961216,1.467389427,-0.371065562,-3.229895868
1781283257.694172859,1.490852210,-0.333736477,-3.213594397
1781283257.696000576,1.527846607,-0.410020643,-3.184433636
1781283257.703103542,1.530991819,-0.525514663,-3.153398943
1781283257.704335928,1.520093332,-0.470132632,-3.111010205
1781283257.705907106,1.556864836,-0.565029585,-3.070930796
1781283257.708272934,1.553259490,-0.686570793,-3.032923500
1781283257.709274054,1.586727697,-0.664324830,-3.008685201
1781283257.715759993,1.583947229,-0.794011828,-2.972372152
1781283257.716514587,1.616522381,-0.766395029,-2.934293225
1781283257.717424154,0.000000000,0.000000000,0.000000000
1781283257.719213247,1.631336506,-1.007459672,-2.833001843
1781283257.721051931,1.652572043,-0.981773320,-2.810948854
1781283257.724196196,1.644072550,-1.109245953,-2.767951219
1781283257.728137970,1.642909540,-1.097254185,-2.755195626
1781283257.729381323,1.677865008,-1.076065411,-2.739897055
1781283257.730989933,1.687909886,-1.171553454,-2.688406809
1781283257.733276606,1.671817691,-1.277145281,-2.643766161
1781283257.734258890,1.683180259,-1.248450461,-2.635245962
1781283257.739485741,1.667137678,-1.347491982,-2.590479968
1781283257.741050243,1.686016899,-1.313712328,-2.586843836
1781283257.742878199,1.665658890,-1.415465011,-2.542070047
1781283257.744319201,1.660948197,-1.484454632,-2.499233001
1781283257.746001244,1.662326818,-1.475798643,-2.488173388
1781283257.753072262,1.639339003,-1.553572654,-2.444220478
1781283257.754322052,1.607671753,-1.523439094,-2.397319572
1781283257.755980015,1.587080982,-1.589105025,-2.352087205
1781283257.758207083,1.563456326,-1.647172099,-2.317661680
1781283257.759236336,1.561751343,-1.635407965,-2.310818060
1781283257.765669107,1.540646953,-1.685728607,-2.274089639
1781283257.766427040,1.543033879,-1.657413461,-2.279407696
1781283257.767537355,0.000000000,0.000000000,0.000000000
1781283257.769205809,1.514129330,-1.751551889,-2.228335561
1781283257.771208763,1.531189073,-1.729062696,-2.245488485
1781283257.772760630,1.510826372,-1.771589194,-2.220529999
1781283257.778237581,1.520863615,-1.761440964,-2.226180561
1781283257.779258966,1.544304904,-1.737959053,-2.232334113
1781283257.781011820,1.541144466,-1.782148481,-2.205418420
1781283257.783225775,1.512231802,-1.818674990,-2.183040737
1781283257.784199715,1.518956797,-1.808611019,-2.183101405
1781283257.791006327,1.486837554,-1.844446089,-2.156899543
1781283257.792604685,1.479017170,-1.823263451,-2.154289157
1781283257.794289589,1.444749363,-1.908269513,-2.090080164
1781283257.795982599,1.462783710,-1.903754953,-2.088362873
1781283257.800304413,1.444204563,-1.954674262,-2.064229078
1781283257.801032305,1.461194796,-1.958314259,-2.072554393
1781283257.803133249,1.473283755,-1.951698458,-2.077813038
1781283257.804250956,1.483125682,-1.958068868,-2.077463700
1781283257.805897236,1.472192365,-2.002661178,-2.049076908
1781283257.808211803,1.449761468,-2.048255433,-2.022508385
1781283257.809208393,1.453672720,-2.040719343,-2.019190868
1781283257.815646887,1.422455884,-2.079493059,-1.990090882
1781283257.816418171,1.413706847,-2.059401400,-1.985451626
1781283257.817533970,0.000000000,0.000000000,0.000000000
1781283257.819325209,1.364459853,-2.137618294,-1.929929025
1781283257.821130276,1.383145915,-2.138119548,-1.921778161
1781283257.822569370,1.338191296,-2.213795016,-1.872553044
1781283257.828082800,1.359988744,-2.215263407,-1.883996621
1781283257.829310417,1.413856117,-2.237376919,-1.903917651
1781283257.830903530,1.414796707,-2.279083985,-1.890120372
1781283257.833370209,1.403121263,-2.305556807,-1.871317347
1781283257.834396362,1.414938603,-2.314004687,-1.866079945
1781283257.840833902,1.398033686,-2.344881823,-1.847821067
1781283257.841856718,1.436499652,-2.363474177,-1.851809420
1781283257.842595816,0.000000000,0.000000000,0.000000000
1781283257.844278336,1.431530507,-2.415033518,-1.819018758
1781283257.846029758,1.428252540,-2.459013635,-1.787748864
1781283257.853106260,1.415335146,-2.501606215,-1.765653955
1781283257.854274511,1.487833112,-2.513821386,-1.782866877
1781283257.855893373,1.466875252,-2.556462331,-1.749669097
1781283257.858236551,1.456950694,-2.599838133,-1.731862552
1781283257.859241486,1.473913075,-2.605386680,-1.727656490
1781283257.862128735,1.455509781,-2.649624693,-1.703559307
1781283257.862833023,1.460487360,-2.649768320,-1.711665885
1781283257.865632296,1.482338355,-2.650900872,-1.714790746
1781283257.866414070,1.491643671,-2.664277933,-1.704293436
1781283257.867666006,1.482322098,-2.704878156,-1.679114813
1781283257.869222879,1.454484773,-2.744700086,-1.642936351
1781283257.871121645,1.475369436,-2.749460278,-1.633472500
1781283257.872591972,1.444204914,-2.791101423,-1.614509283
1781283257.877312660,1.469336612,-2.787581043,-1.622003244
1781283257.877874374,0.000000000,0.000000000,0.000000000
1781283257.879337311,1.524716066,-2.808737501,-1.633666759
1781283257.881029129,1.515134344,-2.837604145,-1.614924894
1781283257.883189678,1.483149399,-2.860972123,-1.600320834
1781283257.884193182,1.489637021,-2.861109787,-1.598815025
1781283257.890862226,1.462124157,-2.887207916,-1.575817528
1781283257.891871691,1.481289332,-2.871560594,-1.560310226
1781283257.892635584,0.000000000,0.000000000,0.000000000
1781283257.894383192,1.468205627,-2.900453442,-1.521813859
1781283257.896021605,1.443840878,-2.939123659,-1.473593256
1781283257.903137207,1.427603176,-2.960569017,-1.454452236
1781283257.904271841,1.498372993,-2.995909021,-1.455377825
1781283257.905881882,1.475697422,-3.033877275,-1.423971302
1781283257.908270836,1.470049881,-3.060323182,-1.415596875
1781283257.909273624,1.475544827,-3.067973931,-1.402889135
1781283257.915771008,1.461144557,-3.091382788,-1.387969168
1781283257.916517973,1.504890712,-3.117770571,-1.391444498
1781283257.917402506,0.000000000,0.000000000,0.000000000
1781283257.919213057,1.465267904,-3.182601005,-1.338772649
1781283257.921177626,1.495382681,-3.202753842,-1.337831789
1781283257.922666788,1.481923723,-3.236297201,-1.320521914
1781283257.928005219,1.509181996,-3.259572434,-1.342423420
1781283257.929264069,1.574520724,-3.318678709,-1.401062797
1781283257.930912495,1.573760259,-3.364758279,-1.397905730
1781283257.933261633,1.555664656,-3.404570030,-1.397665393
1781283257.934245586,1.585412680,-3.434151714,-1.411990326
1781283257.939152002,1.566311210,-3.474194972,-1.411398742
1781283257.939958811,1.606146067,-3.518944933,-1.475942834
1781283257.940836430,0.000000000,0.000000000,0.000000000
1781283257.942947626,1.587984292,-3.561560378,-1.441467441
1781283257.944361210,1.609904385,-3.589587349,-1.438048469
1781283257.946028709,1.588875536,-3.644940935,-1.389382511
1781283257.953377485,1.582790021,-3.693457509,-1.363784363
1781283257.954321623,1.639210083,-3.780504483,-1.385345361
1781283257.956019402,1.619801792,-3.835644498,-1.323752426
1781283257.958316088,1.609262524,-3.873076847,-1.288318715
1781283257.959173679,1.614534472,-3.906945782,-1.269473576
1781283257.965636730,1.606836515,-3.952440293,-1.227608176
1781283257.966391325,1.625132229,-4.024697961,-1.220770217
1781283257.967633486,1.605677449,-4.068789065,-1.170353530
1781283257.969198227,1.592375984,-4.121176881,-1.095382349
1781283257.971278667,1.585459133,-4.137263815,-1.074921512
1781283257.972742796,1.576149707,-4.172979640,-1.027438883
1781283257.978133917,1.566501129,-4.186309842,-1.032049507
1781283257.979274988,1.565878909,-4.223268326,-1.019417253
1781283257.980968237,1.548596543,-4.257785275,-0.953500379
1781283257.983255863,1.532744013,-4.279725116,-0.908359751
1781283257.984266520,1.531180294,-4.294911864,-0.896343632
1781283257.986040354,1.525450363,-4.318924537,-0.856329839
1781283257.990953684,1.524993393,-4.324100869,-0.871366368
1781283257.992760897,1.518067779,-4.372438368,-0.825317108
1781283257.994313478,1.505041498,-4.394020689,-0.771611206
1781283257.996042013,1.511033269,-4.411723150,-0.745986833
1781283258.001919985,1.499058766,-4.429911255,-0.715186381
1781283258.002611160,1.505651221,-4.453805597,-0.715517822
1781283258.004447699,1.498939441,-4.466011229,-0.661067781
1781283258.005878925,1.503290779,-4.490655546,-0.633157116
1781283258.008246899,1.500974448,-4.497542539,-0.605714501
1781283258.009269476,1.499821478,-4.515581306,-0.578515209
1781283258.015702486,1.500038375,-4.517502202,-0.551003079
1781283258.016457796,1.501837004,-4.542370241,-0.512925617
1781283258.017606497,0.000000000,0.000000000,0.000000000
1781283258.019409895,1.491775204,-4.550005903,-0.448944473
1781283258.021168232,1.493388029,-4.552185323,-0.424625036
1781283258.022638798,1.485192166,-4.562359648,-0.397157357
1781283258.028248549,1.488781313,-4.556472122,-0.396605331
1781283258.029286861,1.482257869,-4.558750192,-0.360849265
1781283258.031033278,1.483591109,-4.556631733,-0.333227871
1781283258.033208132,1.470113925,-4.561186712,-0.316490719
1781283258.034293890,1.472356253,-4.560483923,-0.303646814
1781283258.040767670,1.463497588,-4.552972596,-0.295906642
1781283258.041792631,1.445062783,-4.549796500,-0.304721056
1781283258.042547464,0.000000000,0.000000000,0.000000000
1781283258.044242382,1.446220199,-4.552345074,-0.309769278
1781283258.046023607,1.431622190,-4.554647618,-0.328475188
1781283258.049269915,1.422254071,-4.552366048,-0.342581439
1781283258.053076982,1.413056465,-4.563153056,-0.366094014
1781283258.054213762,1.399846114,-4.576700414,-0.379597176
1781283258.055870771,1.395562317,-4.588753396,-0.384456678
1781283258.058247089,1.387667485,-4.591972969,-0.372964348
1781283258.059264898,1.397490439,-4.602844134,-0.373258123
1781283258.065289497,1.388498063,-4.605309797,-0.363351471
1781283258.065824270,0.000000000,0.000000000,0.000000000
1781283258.067834139,1.391910015,-4.631167043,-0.345002613
1781283258.069298983,1.386470608,-4.637579826,-0.313861852
1781283258.071141005,1.379040121,-4.636665224,-0.312126248
1781283258.072603226,1.378873557,-4.648467112,-0.290188717
1781283258.078300714,1.371645017,-4.646813896,-0.292086918
1781283258.079313040,1.357445315,-4.670393433,-0.295935084
1781283258.080885649,1.335860506,-4.658707684,-0.267954727
1781283258.083270788,1.318349525,-4.664290169,-0.247064383
1781283258.084272623,1.315416331,-4.662463730,-0.241513303
1781283258.090797424,1.307549771,-4.667286558,-0.224265077
1781283258.091808081,1.288198664,-4.652545126,-0.217395046
1781283258.092562914,0.000000000,0.000000000,0.000000000
1781283258.094228029,1.278626208,-4.641555377,-0.186649468
1781283258.096043110,1.283457796,-4.637541754,-0.167630741
1781283258.103098154,1.271091008,-4.629856741,-0.157718977
1781283258.104261160,1.262427680,-4.599814047,-0.145669116
1781283258.105865479,1.266173931,-4.598886012,-0.133553652
1781283258.108231306,1.259690449,-4.594715507,-0.118744116
1781283258.109232903,1.262304105,-4.592029370,-0.108670775
1781283258.111116886,1.247081078,-4.589077162,-0.099430839
1781283258.115628958,1.256444213,-4.586403323,-0.089509770
1781283258.116388798,1.252719048,-4.570207130,-0.069401516
1781283258.117500782,0.000000000,0.000000000,0.000000000
1781283258.119195223,1.249850265,-4.560493392,-0.053170911
1781283258.121263742,1.239997005,-4.561095265,-0.039530945
1781283258.122744799,1.241616575,-4.563086655,-0.034831685
1781283258.126958370,1.234508494,-4.557240853,-0.029873998
1781283258.127456903,0.000000000,0.000000000,0.000000000
1781283258.130298138,1.223308258,-4.553554340,-0.022385289
1781283258.131162882,1.218331998,-4.550503554,-0.010814606
1781283258.132537127,1.215569482,-4.551515930,-0.006611229
1781283258.134218216,1.209171823,-4.548753412,0.001826823
1781283258.140758038,1.208606031,-4.550819617,0.013366255
1781283258.141781807,1.198413521,-4.536546924,0.030589679
1781283258.142580986,0.000000000,0.000000000,0.000000000
1781283258.144263506,1.182676286,-4.520388027,0.043553935
1781283258.146083355,1.180964434,-4.519304312,0.044742043
1781283258.153027058,1.168210940,-4.509629368,0.053269887
1781283258.154480696,1.144594346,-4.471327584,0.070928786
1781283258.156063318,1.140096890,-4.465977663,0.069660454
1781283258.157979012,1.131626385,-4.458918201,0.068881971
1781283258.159303427,1.120563874,-4.447322232,0.070596658
1781283258.165695667,1.123706552,-4.443439849,0.066252849
1781283258.166456699,1.100288612,-4.421848432,0.078665241
1781283258.167542696,0.000000000,0.000000000,0.000000000
1781283258.169219017,1.092951627,-4.415133492,0.070423450
1781283258.171253204,1.097764983,-4.419028504,0.075116224
1781283258.172710180,1.090851541,-4.416796475,0.073827213
1781283258.178203106,1.091435091,-4.421757208,0.075354882
1781283258.179443359,1.077459733,-4.423258759,0.079034042
1781283258.180937052,1.073487390,-4.430415886,0.081676542
1781283258.183326960,1.068794282,-4.431414561,0.081152747
1781283258.184306145,1.070630175,-4.431235437,0.084169550
1781283258.188608170,1.066015579,-4.435568406,0.080401261
1781283258.189439297,1.057693037,-4.449735937,0.083927933
1781283258.191070557,1.060757932,-4.452035949,0.093242792
1781283258.192520142,1.053113621,-4.453398807,0.095229554
1781283258.195773840,1.058218117,-4.462921814,0.098403655
1781283258.196536541,1.048215838,-4.463014501,0.112605067
1781283258.197444201,0.000000000,0.000000000,0.000000000
1781283258.203218699,1.057207264,-4.468510116,0.117210876
1781283258.204215288,1.062828311,-4.477262362,0.133650537
1781283258.205922127,1.058274808,-4.483730653,0.147851088
1781283258.208325148,1.063718371,-4.476715503,0.141301540
1781283258.209209442,1.059151539,-4.482471030,0.155350145
1781283258.215863705,1.065939563,-4.472458992,0.149263904
1781283258.217954397,1.061573712,-4.465129284,0.164219939
1781283258.219193697,1.049548856,-4.462030376,0.172596323
1781283258.221154690,1.057695051,-4.456782148,0.175179316
1781283258.222731829,1.052010996,-4.444466851,0.175289445
1781283258.228133202,1.057123655,-4.438862567,0.173456930
1781283258.229261398,1.046646076,-4.412048441,0.187895258
1781283258.230969906,1.054321233,-4.402099167,0.182135967
1781283258.233229399,1.048022908,-4.387240621,0.180804675
1781283258.234236956,1.046820639,-4.371282865,0.182213028
1781283258.240967989,1.046834722,-4.354648599,0.177534568
1781283258.242557049,1.027061896,-4.293841140,0.198740283
1781283258.244235992,1.036954697,-4.274044340,0.179204617
1781283258.246035814,1.031728915,-4.262542757,0.190330413
1781283258.250617981,1.032811453,-4.245175356,0.179054674
1781283258.251326561,1.025035705,-4.209558891,0.185622283
1781283258.253167391,1.017679847,-4.206766219,0.198329096
1781283258.254388809,1.016970711,-4.183841405,0.203423938
1781283258.256036997,1.019958273,-4.172946925,0.190932103
1781283258.258267879,1.030161549,-4.157038835,0.173438536
1781283258.259238005,1.018345089,-4.144997437,0.178209495
1781283258.265697718,1.032739202,-4.132699007,0.155666301
1781283258.266491890,1.013656951,-4.099414020,0.156723945
1781283258.267497301,1.012993101,-4.088356280,0.149115629
1781283258.269277334,1.024945985,-4.071290527,0.110954203
1781283258.271135807,1.020336364,-4.069956857,0.100831812
1781283258.272547483,1.023214072,-4.060621939,0.086525466
1781283258.278169394,1.026962520,-4.057107990,0.084762719
1781283258.279159307,1.026400755,-4.030838768,0.095278799
1781283258.280886650,1.045110843,-4.019128458,0.070207298
1781283258.283318043,1.051285174,-4.019230283,0.061166557
1781283258.284320593,1.055843902,-4.006467897,0.054906222
1781283258.290884495,1.063405857,-3.999846567,0.043090100
1781283258.292704582,1.075757207,-3.947608488,0.024503352
1781283258.294270515,1.088149762,-3.942748497,-0.002955106
1781283258.296057224,1.071385236,-3.918099875,-0.007331320
1781283258.303173542,1.089380086,-3.903628192,-0.032190449
1781283258.304328442,1.061760393,-3.812583122,-0.049186177
1781283258.305995464,1.055152208,-3.786291968,-0.077523733
1781283258.308243275,1.070055145,-3.759794149,-0.112475218
1781283258.309213161,1.053761924,-3.731347365,-0.120171355
1781283258.313407183,1.064877915,-3.701582711,-0.154954686
1781283258.314255238,1.054567161,-3.658810737,-0.150686580
1781283258.315922260,1.045685274,-3.637759514,-0.156663200
1781283258.317975044,1.054805345,-3.611709927,-0.182616160
1781283258.319173813,1.044496602,-3.593989770,-0.186912483
1781283258.321257830,1.059476454,-3.582146397,-0.220074943
1781283258.322726965,1.054398693,-3.553446878,-0.241217606
1781283258.328171253,1.060819808,-3.533749606,-0.238678027
1781283258.329322338,1.043239204,-3.480555347,-0.230807112
1781283258.331021309,1.049302049,-3.462289046,-0.262150270
1781283258.333277225,1.047704040,-3.430411713,-0.281343069
1781283258.334265709,1.043692918,-3.418969081,-0.288434585
1781283258.340864658,1.046266053,-3.384684912,-0.309811209
1781283258.341873407,1.029519124,-3.336215795,-0.298955583
1781283258.342628002,0.000000000,0.000000000,0.000000000
1781283258.344364166,1.034160482,-3.306791817,-0.328130968
1781283258.346029997,1.048899175,-3.274486044,-0.351660591
1781283258.353148699,1.055154901,-3.253495941,-0.375712129
1781283258.354299307,1.058603922,-3.234655915,-0.380680154
1781283258.355964661,1.076802883,-3.222464551,-0.426893442
1781283258.358279943,1.083873231,-3.205662928,-0.453177382
1781283258.359277725,1.083122823,-3.190343250,-0.468458016
1781283258.365745068,1.085350239,-3.179495210,-0.502039752
1781283258.366503239,1.089247326,-3.168094230,-0.515835510
1781283258.367479324,0.000000000,0.000000000,0.000000000
1781283258.369290113,1.116834129,-3.135446989,-0.600107515
1781283258.371178389,1.120180668,-3.131515907,-0.619339993
1781283258.372659206,1.145483233,-3.115802232,-0.656862521
1781283258.375326395,1.135695881,-3.113056222,-0.660776705
1781283258.375972271,1.147859393,-3.115476713,-0.659671557
1781283258.378113985,1.139117277,-3.111370995,-0.664466150
1781283258.379356384,1.146195057,-3.108018965,-0.693292207
1781283258.380916595,1.157669689,-3.087423886,-0.755950530
1781283258.383215666,1.182067646,-3.078385540,-0.799598116
1781283258.384190798,1.176256012,-3.077381631,-0.833582704
1781283258.390619516,1.193504186,-3.067732226,-0.875979513
1781283258.391430616,1.194676776,-3.078150087,-0.881198639
1781283258.392511368,0.000000000,0.000000000,0.000000000
1781283258.394197702,1.207347957,-3.040384016,-0.986318760
1781283258.395854712,1.222828872,-3.032220012,-1.014346980
1781283258.403192759,1.236478066,-3.005459646,-1.089323769
1781283258.404366732,1.273152221,-3.032270557,-1.120538974
1781283258.405911684,1.299177782,-3.013234028,-1.192949117
1781283258.408313036,1.311552342,-3.005845032,-1.218681223
1781283258.409167528,1.319084636,-2.998453569,-1.250213146
1781283258.415589094,1.326751032,-2.980721397,-1.275167728
1781283258.416249514,0.000000000,0.000000000,0.000000000
1781283258.417568684,1.329472718,-2.961040720,-1.313195204
1781283258.419211388,1.340199033,-2.928651978,-1.373233444
1781283258.421263218,1.324086134,-2.925493730,-1.396225379
1781283258.422536373,1.325770479,-2.923287694,-1.385708835
1781283258.428301573,1.329284391,-2.908471288,-1.423429862
1781283258.429180622,1.336757322,-2.919610237,-1.429025449
1781283258.430901527,1.343887942,-2.878257856,-1.477873468
1781283258.433304787,1.367234017,-2.854838039,-1.520864422
1781283258.434286118,1.362287254,-2.842469132,-1.524103023
1781283258.437172651,1.384144538,-2.808846494,-1.565404028
1781283258.437950134,1.374352858,-2.812986435,-1.553828279
1781283258.440739155,1.379091977,-2.810278231,-1.544408947
1781283258.441666126,1.355330585,-2.793896358,-1.525649272
1781283258.442403316,0.000000000,0.000000000,0.000000000
1781283258.444214821,1.352018599,-2.736838321,-1.582640876
1781283258.446030855,1.356522772,-2.678778799,-1.646809700
1781283258.452237606,1.355826509,-2.611332059,-1.695660464
1781283258.452896118,1.317147490,-2.590985823,-1.640100140
1781283258.454417944,1.290109623,-2.574713749,-1.625702298
1781283258.456032991,1.294466692,-2.506951650,-1.687692025
1781283258.458279371,1.297552729,-2.438990768,-1.738173143
1781283258.459285259,1.277796514,-2.432479910,-1.722592850
1781283258.465738297,1.281597578,-2.354369056,-1.772260237
1781283258.466487646,1.217574270,-2.333032462,-1.698424431
1781283258.467406034,0.000000000,0.000000000,0.000000000
1781283258.469195127,1.238290752,-2.194759057,-1.833422421
1781283258.471229553,1.222584497,-2.193549024,-1.814314758
1781283258.472652912,1.227646857,-2.120926680,-1.873348987
1781283258.478321314,1.212704519,-2.121105494,-1.854578877
1781283258.479237556,1.189969007,-2.139346565,-1.822836101
1781283258.480967999,1.194894127,-2.072114501,-1.870504648
1781283258.483233213,1.217624732,-2.000597079,-1.930772047
1781283258.484335661,1.211406113,-2.013129731,-1.918578785
1781283258.490900993,1.228666665,-1.943329407,-1.978224304
1781283258.492696524,1.231532214,-1.896098966,-2.023715648
1781283258.494262218,1.254642671,-1.836611984,-2.073143942
1781283258.495850325,1.248784770,-1.830549133,-2.068439585
1781283258.498883247,1.277300703,-1.769403026,-2.117320071
1781283258.499417782,0.000000000,0.000000000,0.000000000
1781283258.503229618,1.276614460,-1.784762294,-2.112420478
1781283258.504503012,1.264006423,-1.800841321,-2.113084315
1781283258.505867243,1.267480424,-1.731404296,-2.158695183
1781283258.508379698,1.281996389,-1.663944483,-2.217054788
1781283258.509213448,1.274688316,-1.675751448,-2.214135089
1781283258.514062166,1.292094230,-1.604265061,-2.266833064
1781283258.514568806,0.000000000,0.000000000,0.000000000
1781283258.516014814,1.291931677,-1.657593776,-2.282065389
1781283258.517935514,1.312459300,-1.582733760,-2.333228508
1781283258.519259453,1.312100246,-1.603826420,-2.339862468
1781283258.521116018,1.323000128,-1.521696269,-2.406893106
1781283258.522517204,1.327162327,-1.475202936,-2.466423293
1781283258.528060675,1.295923359,-1.492720280,-2.452715698
1781283258.529322624,1.223264774,-1.507455916,-2.475516542
1781283258.531317949,1.222358263,-1.438143350,-2.530628997
1781283258.533255577,1.223268223,-1.374401329,-2.575480456
1781283258.534295797,1.205926066,-1.390215859,-2.574010963
1781283258.540844679,1.219794828,-1.330140142,-2.614954097
1781283258.541872025,1.193588330,-1.364602112,-2.597405423
1781283258.542633533,0.000000000,0.000000000,0.000000000
1781283258.544330835,1.186248689,-1.308610147,-2.624250421
1781283258.546120405,1.184663128,-1.256066331,-2.657623920
1781283258.553260088,1.183220990,-1.204091951,-2.676133814
1781283258.554281235,1.206976959,-1.215515344,-2.690572063
1781283258.555977821,1.208797516,-1.169891527,-2.713244347
1781283258.558246374,1.211454467,-1.119848313,-2.742751331
1781283258.559240818,1.210984133,-1.132278944,-2.747920220
1781283258.565735579,1.209945417,-1.085841086,-2.767983364
1781283258.566499233,1.205381077,-1.106533023,-2.767400783
1781283258.567514420,1.208199722,-1.109826589,-2.772127211
1781283258.569188595,1.176321514,-1.020559810,-2.814636177
1781283258.571261168,1.163058617,-1.027908506,-2.819842191
1781283258.572724342,1.139915756,-0.982716500,-2.831490165
1781283258.576171160,1.141613891,-0.995825611,-2.835068585
1781283258.578238010,1.136538731,-1.011893695,-2.810256869
1781283258.579312563,1.114892191,-1.027202086,-2.806762330
1781283258.580867052,1.088388439,-0.977612686,-2.835373992
1781283258.583267450,1.068191746,-0.920926067,-2.857738702
1781283258.584276676,1.046122771,-0.935055475,-2.857773502
1781283258.590928078,1.016507523,-0.877835026,-2.888317094
1781283258.592537880,0.941146529,-0.917126206,-2.897916629
1781283258.594240189,0.879337795,-0.796570624,-2.963546190
1781283258.596032619,0.846132041,-0.809592764,-2.971809181
1781283258.603209496,0.817888512,-0.752872874,-2.989912488
1781283258.604471922,0.762312988,-0.786363932,-2.996383640
1781283258.606076956,0.716303927,-0.728768830,-3.012655563
1781283258.608274698,0.685066969,-0.678605852,-3.025596796
1781283258.609243631,0.662923256,-0.690725445,-3.019450112
1781283258.615700483,0.633521666,-0.642241925,-3.025360118
1781283258.616554022,0.604086641,-0.654250375,-3.018817685
1781283258.617480516,0.000000000,0.000000000,0.000000000
1781283258.619230747,0.544725737,-0.565242486,-3.040832007
1781283258.621191263,0.531889833,-0.583970888,-3.058921651
1781283258.622689009,0.520133482,-0.543680250,-3.071027062
1781283258.628082752,0.512501514,-0.551671929,-3.076158315
1781283258.629373312,0.509006541,-0.580121406,-3.105676833
1781283258.630936146,0.492318823,-0.555119294,-3.119549110
1781283258.633281946,0.478823683,-0.524042775,-3.137218057
1781283258.634293318,0.471915689,-0.536723715,-3.144291773
1781283258.637323380,0.461941968,-0.511197815,-3.156483608
1781283258.638154745,0.463416633,-0.507317885,-3.153418269
1781283258.640778542,0.469135085,-0.513820865,-3.153306369
1781283258.641654015,0.468671881,-0.519631008,-3.148245630
1781283258.642411470,0.000000000,0.000000000,0.000000000
1781283258.644303560,0.471068581,-0.497885686,-3.149647571
1781283258.645995140,0.481406646,-0.477026299,-3.145970532
1781283258.652975559,0.482247455,-0.437779268,-3.152786034
1781283258.654622078,0.516404130,-0.459703725,-3.128715311
1781283258.655898571,0.517892649,-0.473023669,-3.124925764
1781283258.657641649,0.512161854,-0.417566069,-3.138923708
1781283258.659217358,0.511053469,-0.409397321,-3.133684638
1781283258.665788651,0.508421366,-0.407424592,-3.131473955
1781283258.666676760,0.506487530,-0.440727466,-3.119891194
1781283258.667617798,0.000000000,0.000000000,0.000000000
1781283258.669419527,0.496459300,-0.396139790,-3.124688471
1781283258.671231031,0.494394081,-0.418755251,-3.126014564
1781283258.672702312,0.480766835,-0.407136468,-3.123289675
1781283258.678195953,0.481477389,-0.400175690,-3.121614645
1781283258.679209471,0.471477764,-0.422678222,-3.120491795
1781283258.680836201,0.475452936,-0.410574409,-3.130623631
1781283258.683280230,0.468636417,-0.397915925,-3.124348242
1781283258.684256315,0.471738176,-0.400058472,-3.126097881
1781283258.690875769,0.469627064,-0.389306540,-3.125948674
1781283258.691973686,0.477622005,-0.405180849,-3.129799371
1781283258.692724943,0.000000000,0.000000000,0.000000000
1781283258.694243193,0.477776068,-0.409072836,-3.130596969
1781283258.696039915,0.480702446,-0.394296081,-3.140493310
1781283258.700622082,0.479552049,-0.390815927,-3.140391877
1781283258.701171398,0.000000000,0.000000000,0.000000000
1781283258.703325987,0.483674650,-0.400525437,-3.132416025
1781283258.704303265,0.487500883,-0.417214787,-3.128423170
1781283258.705943108,0.493258251,-0.407110141,-3.139348965
1781283258.708297253,0.493530980,-0.406041712,-3.134467248
1781283258.709169388,0.499535273,-0.404676902,-3.138597294
1781283258.715768099,0.501830342,-0.404167670,-3.138382821
1781283258.716541767,0.520408932,-0.432154692,-3.154703264
1781283258.717444897,0.000000000,0.000000000,0.000000000
1781283258.719263315,0.519702798,-0.410587577,-3.170442324
1781283258.721237421,0.523655283,-0.423994497,-3.173753351
1781283258.722698927,0.522795879,-0.408881537,-3.185990249
1781283258.728164911,0.534933146,-0.420284277,-3.189515231
1781283258.729169846,0.570639778,-0.428502028,-3.213165877
1781283258.731046200,0.582297088,-0.433274562,-3.225671782
1781283258.733264446,0.587449121,-0.415631573,-3.231340339
1781283258.734281540,0.592652509,-0.437075079,-3.235690209
1781283258.740908861,0.593958663,-0.422888583,-3.249337200
1781283258.742720366,0.611826868,-0.441710630,-3.289938402
1781283258.744283199,0.613170749,-0.448225445,-3.301613799
1781283258.745847702,0.612806834,-0.451052790,-3.308122682
1781283258.753211975,0.612791965,-0.452577197,-3.316740732
1781283258.754471779,0.629296831,-0.487455168,-3.362377964
1781283258.756025076,0.628628649,-0.472867218,-3.386571630
1781283258.758352757,0.624336455,-0.462544399,-3.397653532
1781283258.759212971,0.635867559,-0.471389656,-3.411364472
1781283258.762262583,0.639397902,-0.459893655,-3.425234482
1781283258.762797117,0.000000000,0.000000000,0.000000000
1781283258.765760660,0.647257630,-0.463392414,-3.453695502
1781283258.766560793,0.670092615,-0.485399894,-3.485303913
1781283258.767452955,0.000000000,0.000000000,0.000000000
1781283258.769204140,0.661641483,-0.451374578,-3.503424228
1781283258.771257639,0.667162321,-0.462173013,-3.518393007
1781283258.772684097,0.661770210,-0.452107767,-3.529062688
1781283258.777476549,0.666783519,-0.452523346,-3.532777238
1781283258.778191090,0.683621391,-0.462890423,-3.556327381
1781283258.779253483,0.000000000,0.000000000,0.000000000
1781283258.780921459,0.679859295,-0.453333947,-3.563691182
1781283258.783365250,0.677674332,-0.451492682,-3.572692694
1781283258.784219265,0.676947564,-0.452518181,-3.579624279
1781283258.790910959,0.674653602,-0.448276233,-3.586195777
1781283258.792748690,0.686529035,-0.450876588,-3.607115082
1781283258.794350386,0.685632720,-0.442121870,-3.614459665
1781283258.796061516,0.687981642,-0.450721847,-3.612082906
1781283258.803183794,0.691590371,-0.444428633,-3.620589609
1781283258.804453850,0.706913357,-0.449576294,-3.612850047
1781283258.806047440,0.705735132,-0.448785976,-3.610557182
1781283258.807829618,0.714976271,-0.442734854,-3.622089457
1781283258.809314013,0.715669538,-0.443791693,-3.625830703
1781283258.815640450,0.719226039,-0.440834709,-3.631523500
1781283258.816403389,0.732156423,-0.442292732,-3.666862909
1781283258.817617178,0.739358975,-0.438890431,-3.683362386
1781283258.819174290,0.744955169,-0.441559227,-3.694280816
1781283258.821171999,0.752400011,-0.441185863,-3.701318078
1781283258.822607756,0.751504927,-0.437322477,-3.709816286
1781283258.828238487,0.760146670,-0.432924805,-3.725919066
1781283258.829379082,0.762643860,-0.452327483,-3.736799597
1781283258.830887794,0.767953105,-0.446152118,-3.743494940
1781283258.833392143,0.762904087,-0.438501217,-3.752555023
1781283258.834266424,0.771278898,-0.441036541,-3.756285613
1781283258.838455915,0.767824937,-0.430236272,-3.764903579
1781283258.839393139,0.779442166,-0.436983655,-3.768969594
1781283258.841167927,0.781854979,-0.451220952,-3.776351313
1781283258.842684984,0.777205256,-0.430455347,-3.784344178
1781283258.844366074,0.780898424,-0.428310771,-3.785024554
1781283258.846028328,0.784787212,-0.429818678,-3.790290945
1781283258.853175163,0.778756335,-0.423352800,-3.802072922
1781283258.854360104,0.785172691,-0.451251129,-3.808362278
1781283258.856050730,0.779528424,-0.431728964,-3.819375437
1781283258.857636929,0.778995215,-0.430480640,-3.819905552
1781283258.859210730,0.784853499,-0.425244282,-3.826079624
1781283258.865928411,0.796022792,-0.431354392,-3.827648364
1781283258.867607594,0.823720309,-0.450982120,-3.827376432
1781283258.869392633,0.822919331,-0.428021164,-3.834745682
1781283258.871488571,0.833432332,-0.441210921,-3.838878896
1781283258.872541189,0.838081352,-0.438281657,-3.837333085
1781283258.878310680,0.837492794,-0.441158866,-3.847315488
1781283258.879350662,0.843577500,-0.444361446,-3.858619771
1781283258.881037951,0.856307060,-0.442471049,-3.865030530
1781283258.883331776,0.858385909,-0.438480852,-3.862246510
1781283258.884288311,0.866407353,-0.443139354,-3.870522376
1781283258.891004324,0.860106541,-0.452387439,-3.871748640
1781283258.892616987,0.896431257,-0.465323365,-3.907426863
1781283258.894342899,0.901405676,-0.444885515,-3.914720636
1781283258.896067619,0.914695567,-0.457750415,-3.919642947
1781283258.901329279,0.920264674,-0.449419099,-3.938216666
1781283258.903333902,0.951802021,-0.463691366,-3.969239312
1781283258.904439211,0.950903889,-0.465068961,-3.969902080
1781283258.906047583,0.963393654,-0.462909658,-3.989221589
1781283258.907618284,0.963014472,-0.457076827,-4.000854098
1781283258.909229040,0.966332880,-0.453531090,-4.016701219
1781283258.915840864,0.965496658,-0.455194664,-4.019719367
1781283258.917570353,0.978624474,-0.462765235,-4.054671353
1781283258.919209719,0.976755239,-0.457590987,-4.060248570
1781283258.921376705,0.972434969,-0.463642907,-4.059253526
1781283258.922782183,0.975583923,-0.466222809,-4.066621173
1781283258.928318024,0.966270844,-0.457946740,-4.065644449
1781283258.929373741,0.968957806,-0.468767167,-4.059040291
1781283258.931012869,0.958125419,-0.458129769,-4.051509712
1781283258.933333874,0.958480045,-0.459301329,-4.055248992
1781283258.934412718,0.952956952,-0.455468563,-4.046451406
1781283258.941036224,0.954141593,-0.454685101,-4.041837839
1781283258.942780018,0.946191375,-0.450327896,-4.014159403
1781283258.944401503,0.940696239,-0.439644207,-4.005944929
1781283258.946158171,0.943389522,-0.437446704,-3.994813817
1781283258.947565317,0.940240671,-0.435219514,-3.982914839
1781283258.953306675,0.941544143,-0.430631912,-3.976078951
1781283258.954540968,0.933594319,-0.421509563,-3.948845152
1781283258.955863953,0.931580756,-0.409189173,-3.941675530
1781283258.957609892,0.932005752,-0.410706929,-3.931039573
1781283258.959182024,0.936894379,-0.400741817,-3.928125845
1781283258.963126183,0.938549377,-0.399287584,-3.917251101
1781283258.965850830,0.943889837,-0.391663534,-3.911917692
1781283258.967690468,0.944192947,-0.377136151,-3.906711890
1781283258.969363689,0.944222539,-0.362586228,-3.904412869
1781283258.971365452,0.949687796,-0.350039292,-3.913976578
1781283258.972770691,0.945586627,-0.335203210,-3.912709323
1781283258.978416681,0.954785005,-0.341769305,-3.918527760
1781283258.979406118,0.951335610,-0.297387783,-3.924386448
1781283258.980989456,0.955567375,-0.295270183,-3.927184338
1781283258.983338833,0.959462493,-0.293310956,-3.926409291
1781283258.984325409,0.959189696,-0.279544730,-3.934046595
1781283258.990925074,0.959717284,-0.280683172,-3.931886836
1781283258.992507696,0.957859310,-0.237154089,-3.944546271
1781283258.994256973,0.962809149,-0.262351625,-3.946381694
1781283258.996062994,0.963489074,-0.237377442,-3.963992904
1781283259.003219366,0.976403143,-0.256513141,-3.965940090
1781283259.004198313,0.999430512,-0.199346270,-4.020861875
1781283259.005851746,1.004500948,-0.187637547,-4.031171075
1781283259.008356094,1.013193700,-0.200902380,-4.046553852
1781283259.009213209,1.013036133,-0.163555869,-4.060377625
1781283259.015676498,1.021741543,-0.183520008,-4.066458764
1781283259.016446590,1.020933805,-0.105267518,-4.106335871
1781283259.017544746,0.000000000,0.000000000,0.000000000
1781283259.019240618,1.028660049,-0.123890985,-4.119390926
1781283259.021255493,1.016579974,-0.092828457,-4.119619424
1781283259.022729158,1.028012931,-0.104009869,-4.118654760
1781283259.024567604,1.027952596,-0.092377497,-4.118867778
1781283259.028262138,1.025806046,-0.077958503,-4.113486090
1781283259.029305935,1.009025790,-0.036841342,-4.112558772
1781283259.030843496,1.005620602,-0.031392777,-4.108422684
1781283259.033334494,1.013792113,-0.056163111,-4.098382651
1781283259.034350395,0.998235861,-0.025039262,-4.091197389
1781283259.040297985,1.008538287,-0.050467338,-4.095101708
1781283259.041175842,0.996367152,-0.015507401,-4.066329462
1781283259.042773485,0.980953092,0.016728272,-4.057582896
1781283259.044324875,0.971851134,0.023401468,-4.047618895
1781283259.046001911,0.973047575,0.010682349,-4.043287745
1781283259.053181410,0.973352374,-0.013456607,-4.025682418
1781283259.054426193,0.935191399,0.054672155,-3.953212150
1781283259.055880785,0.930944722,0.037578283,-3.928516990
1781283259.058322430,0.931917195,0.006794275,-3.907289638
1781283259.059187889,0.919938855,0.039776162,-3.883172300
1781283259.065760851,0.925650897,0.005189990,-3.867056335
1781283259.066517591,0.891910254,0.075198616,-3.789450576
1781283259.067429066,0.000000000,0.000000000,0.000000000
1781283259.069194794,0.909470838,0.022617745,-3.758734435
1781283259.071245432,0.896144676,0.058522422,-3.729923765
1781283259.072668076,0.900200159,0.027110573,-3.707362860
1781283259.078345299,0.888145221,0.026760434,-3.681820046
1781283259.079251766,0.848041376,0.103318530,-3.612369806
1781283259.080991983,0.863593705,0.081286331,-3.589423631
1781283259.083328485,0.872135729,0.048508378,-3.567642041
1781283259.084314823,0.872139121,0.082898015,-3.555540306
1781283259.091000080,0.888963620,0.051293326,-3.541776141
1781283259.092634201,0.891032529,0.145431394,-3.523990599
1781283259.094403505,0.921385035,0.080738779,-3.506844713
1781283259.096066713,0.930371206,0.122024989,-3.500975499
1781283259.101346016,0.940588490,0.086613416,-3.499857860
1781283259.103228092,0.935548620,0.136707999,-3.508971816
1781283259.104500294,0.944285764,0.196608310,-3.506637230
1781283259.105848551,0.981173720,0.175338244,-3.502748378
1781283259.108348131,0.999095577,0.126954239,-3.500873766
1781283259.109224081,1.006165656,0.170898031,-3.488163122
1781283259.115767717,1.023864439,0.119576335,-3.491173556
1781283259.116537333,1.020507361,0.207300111,-3.470956435
1781283259.117409229,0.000000000,0.000000000,0.000000000
1781283259.119191408,1.064931732,0.112833930,-3.448901054
1781283259.121218443,1.080353863,0.165101269,-3.436166765
1781283259.122629881,1.088390232,0.106805123,-3.413975664
1781283259.128225803,1.082384777,0.121116763,-3.404685482
1781283259.129358292,1.073581864,0.177123344,-3.334457295
1781283259.130826473,1.097642961,0.141131844,-3.306224999
1781283259.133460045,1.093758604,0.094226163,-3.277679045
1781283259.134215355,1.102823226,0.122473448,-3.250416467
1781283259.140912294,1.102372117,0.073381389,-3.225947879
1781283259.142730236,1.090597990,0.043209959,-3.117787578
1781283259.144312143,1.112355259,0.004546623,-3.077761183
1781283259.145853519,1.103111913,0.011839490,-3.042572341
1781283259.148113489,1.131760559,-0.049024529,-3.009914813
1781283259.153289080,1.119641423,-0.040770592,-2.974674795
1781283259.154284477,1.104156959,-0.028225861,-2.888011714
1781283259.155919552,1.125650731,-0.097498222,-2.842939662
1781283259.158306837,1.124879062,-0.184091232,-2.800482297
1781283259.159295559,1.134231921,-0.177648440,-2.765280175
1781283259.163827896,1.134064647,-0.270386171,-2.726576563
1781283259.164526939,1.109222952,-0.262597776,-2.699612607
1781283259.166027546,1.124555359,-0.254962901,-2.687291002
1781283259.167896032,1.133520478,-0.351063906,-2.661760502
1781283259.169364691,1.167301648,-0.454507875,-2.619483448
1781283259.171246767,1.202213688,-0.441516901,-2.612250025
1781283259.172669888,1.197461302,-0.550745175,-2.571978561
1781283259.178335905,1.196422671,-0.547612648,-2.568899170
1781283259.179215193,1.192619442,-0.537885752,-2.500060312
1781283259.181010485,1.214112216,-0.643826735,-2.453525329
1781283259.183355093,1.205084176,-0.741144353,-2.408468089
1781283259.184403896,1.229391278,-0.745488357,-2.396980486
1781283259.190902710,1.228156177,-0.839630126,-2.367793142
1781283259.192718506,1.286213890,-0.930775186,-2.351711781
1781283259.194411993,1.299596546,-1.026265840,-2.314888367
1781283259.196075201,1.333198303,-1.026691169,-2.309548917
1781283259.203293800,1.317080191,-1.107721090,-2.277729030
1781283259.204289198,1.367531564,-1.089518715,-2.277180171
1781283259.205907345,1.366839147,-1.182322938,-2.233771263
1781283259.208342791,1.349181224,-1.252973272,-2.198306206
1781283259.209183931,1.360099104,-1.260766820,-2.180789393
1781283259.215801001,1.343392954,-1.321068439,-2.152255118
1781283259.217920065,1.347469049,-1.377281875,-2.131973393
1781283259.219341040,1.344642012,-1.453665241,-2.087441228
1781283259.221261740,1.365900122,-1.445492588,-2.085783137
1781283259.222786188,1.349825268,-1.507914826,-2.058934701
1781283259.225935698,1.359426999,-1.496104503,-2.067345595
1781283259.228301048,1.352111044,-1.489098436,-2.069494150
1781283259.229229689,1.349689620,-1.500644507,-2.052749263
1781283259.230889559,1.334287122,-1.567318006,-2.004341671
1781283259.233337879,1.310676035,-1.625241796,-1.967459138
1781283259.234188795,1.313185381,-1.635382459,-1.950458995
1781283259.240842104,1.278861555,-1.684483205,-1.907938783
1781283259.241669893,1.260144740,-1.672516227,-1.898652430
1781283259.242478371,0.000000000,0.000000000,0.000000000
1781283259.244411707,1.232591652,-1.724926176,-1.844975952
1781283259.246048689,1.206916787,-1.772734141,-1.803253693
1781283259.253261089,1.180659440,-1.813761849,-1.772654500
1781283259.254490614,1.181685055,-1.806276802,-1.794094205
1781283259.255846500,1.157128307,-1.857976927,-1.754881495
1781283259.258358717,1.122293304,-1.884975098,-1.717482449
1781283259.259264708,1.114677919,-1.890817995,-1.701260978
1781283259.265838861,1.078370558,-1.927124430,-1.661998538
1781283259.267954588,1.031870857,-1.960808240,-1.604623191
1781283259.269176483,1.019105612,-1.965943785,-1.594341441
1781283259.271274567,1.006553722,-2.008308598,-1.553660400
1781283259.272710800,0.981450084,-2.049359875,-1.520540034
1781283259.278245211,0.993793457,-2.041367490,-1.527194230
1781283259.279355526,1.014278020,-2.057252226,-1.544632371
1781283259.280961990,1.007799778,-2.105190037,-1.507897244
1781283259.283289433,0.985315474,-2.146669901,-1.476000474
1781283259.284267902,0.989324534,-2.156830268,-1.472596122
1781283259.286061287,0.966589211,-2.196851010,-1.432709825
1781283259.290954113,0.971109306,-2.206505734,-1.434929695
1781283259.292736292,0.955194543,-2.257610055,-1.382962455
1781283259.294289589,0.947740720,-2.297216515,-1.345338109
1781283259.295833826,0.943729175,-2.304147596,-1.340469471
1781283259.300921917,0.939584710,-2.349124377,-1.308660960
1781283259.303288698,0.973531741,-2.375775007,-1.345527680
1781283259.304306030,0.994354829,-2.387555657,-1.352701391
1781283259.305913210,0.981600527,-2.429496231,-1.318168362
1781283259.308329821,0.977804179,-2.453760800,-1.300724907
1781283259.309414148,0.980440001,-2.465204701,-1.292378592
1781283259.315771580,0.973842835,-2.490268494,-1.268579527
1781283259.316539526,0.975766769,-2.501055394,-1.270668192
1781283259.317415714,0.000000000,0.000000000,0.000000000
1781283259.319207907,0.953870124,-2.550785398,-1.206854759
1781283259.321244717,0.960508223,-2.572569973,-1.208433448
1781283259.322628021,0.942233292,-2.593699647,-1.188538452
1781283259.328277588,0.949970957,-2.595967294,-1.201457546
1781283259.329423428,0.966841937,-2.616345749,-1.223704156
1781283259.330900669,0.972177616,-2.643569083,-1.199351668
1781283259.333323240,0.954055179,-2.669569747,-1.183725420
1781283259.334360838,0.964434171,-2.675833669,-1.187630830
1781283259.340993404,0.946864859,-2.709444556,-1.164495752
1781283259.342610598,0.940555992,-2.744772814,-1.168080651
1781283259.344302416,0.926321248,-2.790628258,-1.101384653
1781283259.346044540,0.923450638,-2.812448879,-1.086224305
1781283259.353357792,0.919187662,-2.835075318,-1.058884753
1781283259.354398727,0.935021048,-2.870755693,-1.058069942
1781283259.356014013,0.916725913,-2.898761943,-1.010870951
1781283259.358339071,0.909721759,-2.918076491,-0.982315038
1781283259.359224081,0.910485611,-2.927321627,-0.969438831
1781283259.363293886,0.908336289,-2.946727682,-0.944079671
1781283259.365728855,0.915734411,-2.963813032,-0.948608155
1781283259.366556406,0.929245808,-2.981899802,-0.944870042
1781283259.367506742,0.000000000,0.000000000,0.000000000
1781283259.369229555,0.908546969,-3.030699963,-0.867016145
1781283259.371252060,0.925897125,-3.044196372,-0.865731826
1781283259.372648716,0.909841286,-3.066454527,-0.836928611
1781283259.378359795,0.919792959,-3.078557483,-0.840452790
1781283259.379250050,0.922845704,-3.107491990,-0.816933320
1781283259.380984306,0.927591591,-3.136408195,-0.775593038
1781283259.383318424,0.912113075,-3.151300886,-0.742575768
1781283259.384292126,0.927312050,-3.169238820,-0.735408513
1781283259.391015291,0.914868582,-3.195032615,-0.707433427
1781283259.392624140,0.940875116,-3.242053810,-0.725947459
1781283259.394362688,0.935095814,-3.269096468,-0.674113013
1781283259.396065235,0.933734386,-3.285990455,-0.666186467
1781283259.403191090,0.930298206,-3.310744626,-0.646483656
1781283259.404450178,0.964749271,-3.388484597,-0.639179966
1781283259.405987740,0.958237656,-3.413703745,-0.604361431
1781283259.408277512,0.962286119,-3.450162409,-0.590086748
1781283259.409397125,0.966970169,-3.465600935,-0.580883279
1781283259.415765285,0.964851540,-3.483469663,-0.576194713
1781283259.416514635,0.988614781,-3.550143991,-0.626670230
1781283259.417410851,0.000000000,0.000000000,0.000000000
1781283259.420994759,0.961252477,-3.583001829,-0.591919797
1781283259.422536135,0.977590661,-3.624985584,-0.599076919
1781283259.428278446,0.970430786,-3.650955054,-0.586541119
1781283259.429196119,0.985244135,-3.718296625,-0.568252809
1781283259.430938959,0.988018947,-3.751369130,-0.534052009
1781283259.433276892,0.978467224,-3.777998595,-0.501674541
1781283259.434268713,0.994625386,-3.806274444,-0.487916068
1781283259.439160109,0.979394319,-3.831834587,-0.452440747
1781283259.439984560,0.993193659,-3.882170369,-0.444239665
1781283259.440988779,0.000000000,0.000000000,0.000000000
1781283259.442996502,0.983466672,-3.899023078,-0.400665789
1781283259.444311142,0.986518504,-3.919319603,-0.377528725
1781283259.446005821,0.976071918,-3.930518465,-0.327929837
1781283259.453267574,0.963411069,-3.948866571,-0.293289330
1781283259.454303503,0.969105572,-3.987297676,-0.273424593
1781283259.455924034,0.960975463,-3.999336667,-0.230930432
1781283259.458365917,0.954601638,-4.008032824,-0.200231402
1781283259.459239244,0.958935891,-4.016742011,-0.182576509
1781283259.465803146,0.948836907,-4.027561973,-0.153732511
1781283259.467986584,0.948452662,-4.072723441,-0.110669528
1781283259.469252348,0.962622346,-4.080116561,-0.105394990
1781283259.471229553,0.951253792,-4.107240076,-0.070315540
1781283259.472639084,0.952539335,-4.131025648,-0.056410659
1781283259.478301525,0.955926340,-4.147343711,-0.051004545
1781283259.479412317,0.975866636,-4.203746202,-0.031522653
1781283259.480991364,0.967560530,-4.222281350,-0.000567988
1781283259.483304501,0.963840870,-4.244214929,0.010246360
1781283259.484329700,0.967723001,-4.257982125,0.031001814
1781283259.490810394,0.968547833,-4.273837027,0.048654396
1781283259.491843224,0.984137084,-4.329254170,0.060586179
1781283259.492597818,0.000000000,0.000000000,0.000000000
1781283259.494238615,0.984627491,-4.348835743,0.088764614
1781283259.496112585,0.981431783,-4.366991243,0.107703606
1781283259.499880075,0.973341318,-4.386643515,0.127691377
1781283259.503258467,0.984486933,-4.412568322,0.124512809
1781283259.504217386,0.996458331,-4.436915060,0.131401509
1781283259.505842924,0.993056789,-4.444581838,0.144638679
1781283259.508373976,0.980477028,-4.461328907,0.161135863
1781283259.509244919,0.985536303,-4.469061890,0.165925933
1781283259.515010834,0.980690402,-4.477195452,0.176603090
1781283259.516034842,0.990058440,-4.482318748,0.165651970
1781283259.517982960,0.971992634,-4.486056229,0.180411302
1781283259.519256353,0.984973518,-4.481452175,0.179049728
1781283259.521281004,0.974030597,-4.490545147,0.199939869
1781283259.522669792,0.974978869,-4.494844298,0.204778852
1781283259.528254271,0.971434398,-4.493470389,0.204409935
1781283259.529356480,0.986709565,-4.498274488,0.212468016
1781283259.530965805,0.974565390,-4.500791279,0.222916372
1781283259.533281803,0.972701658,-4.516668206,0.237660281
1781283259.534369230,0.975803272,-4.510657661,0.239740799
1781283259.541020393,0.972228874,-4.513496225,0.252804998
1781283259.542665005,0.975049366,-4.522837342,0.259861318
1781283259.544167995,0.959009570,-4.518831409,0.268997279
1781283259.546166182,0.958822938,-4.527811931,0.278468852
1781283259.547535181,0.952891760,-4.531140903,0.283679354
1781283259.553377390,0.962476214,-4.537859326,0.288279982
1781283259.554557800,0.962501256,-4.554380983,0.307098758
1781283259.556114912,0.964338708,-4.557443502,0.321860169
1781283259.557657957,0.956147092,-4.561348463,0.331591503
1781283259.559334993,0.959315279,-4.565301521,0.347269549
1781283259.565824032,0.954573790,-4.568562740,0.348104901
1781283259.566746950,0.956873825,-4.587671488,0.376702471
1781283259.567466259,0.000000000,0.000000000,0.000000000
1781283259.569411755,0.952554224,-4.593154202,0.372352071
1781283259.571210146,0.951497043,-4.592309506,0.390550505
1781283259.572584152,0.952967177,-4.595036635,0.384799597
1781283259.575902700,0.956063826,-4.600864138,0.382175391
1781283259.578297615,0.958115619,-4.614870959,0.376188628
1781283259.579184294,0.960979765,-4.627889798,0.371368328
1781283259.580942631,0.956091086,-4.635250447,0.348381511
1781283259.583321810,0.963422935,-4.651950419,0.333402661
1781283259.584301949,0.959558923,-4.665497465,0.328068153
1781283259.590935469,0.963698695,-4.684477996,0.313613213
1781283259.592542648,0.979732897,-4.755580398,0.309881204
1781283259.594242573,0.979441884,-4.760932867,0.308043200
1781283259.595858574,0.990220544,-4.780069184,0.305843011
1781283259.603304148,0.983212612,-4.793707167,0.314330472
1781283259.604345083,0.987848951,-4.830869799,0.308873644
1781283259.605945826,0.988342517,-4.837611118,0.308656909
1781283259.608342648,0.983914860,-4.841410798,0.314189393
1781283259.609213352,0.982788263,-4.850590210,0.309464674
1781283259.615769148,0.981138387,-4.852717148,0.309419883
1781283259.616545916,0.978441095,-4.863867101,0.304587370
1781283259.617446184,0.000000000,0.000000000,0.000000000
1781283259.619279861,0.971226389,-4.854647650,0.306642194
1781283259.621214628,0.965582399,-4.865516335,0.307384308
1781283259.622627497,0.969584751,-4.866286767,0.315130372
1781283259.628310680,0.969166036,-4.862259394,0.310172757
1781283259.629192114,0.962161169,-4.869721966,0.315148529
1781283259.630921364,0.962277717,-4.871247486,0.319179725
1781283259.633306265,0.956569065,-4.869140289,0.329841666
1781283259.634344101,0.957678582,-4.868580409,0.328695008
1781283259.637515783,0.955724907,-4.861994274,0.339576095
1781283259.638306618,0.959784102,-4.865154908,0.342723206
1781283259.640803814,0.947780238,-4.861214225,0.345373411
1781283259.642544270,0.940113752,-4.853033179,0.357931468
1781283259.644172907,0.940448733,-4.850353834,0.361950938
1781283259.646070957,0.932298477,-4.839438453,0.364669568
1781283259.653034210,0.936979847,-4.836572853,0.372202433
1781283259.654477119,0.927789334,-4.824087103,0.392063767
1781283259.655844927,0.927063281,-4.817738130,0.393789128
1781283259.658421993,0.927402384,-4.809304312,0.398271831
1781283259.659298897,0.931010639,-4.802429138,0.400453156
1781283259.665808916,0.927206966,-4.797453033,0.406575852
1781283259.667992115,0.919706782,-4.753903427,0.402345906
1781283259.669237375,0.920232421,-4.757710637,0.401049700
1781283259.670947790,0.915567778,-4.742783810,0.390523069
1781283259.672701597,0.916582508,-4.742521557,0.384145651
1781283259.678231716,0.915215511,-4.734663142,0.386853714
1781283259.679304600,0.912000825,-4.732094134,0.398670560
1781283259.680870533,0.910231356,-4.728235489,0.391024321
1781283259.683333397,0.918436767,-4.735392521,0.387991062
1781283259.684335709,0.915349409,-4.738119349,0.389897749
1781283259.690965891,0.919206051,-4.743613109,0.386701470
1781283259.692556381,0.911636309,-4.737130120,0.400258719
1781283259.694266558,0.925022145,-4.737273214,0.376511899
1781283259.695829630,0.919572296,-4.732508825,0.380531929
1781283259.699881315,0.930482915,-4.734134098,0.367622138
1781283259.703334093,0.932220177,-4.734844960,0.367536470
1781283259.704358578,0.928102077,-4.739313845,0.369724000
1781283259.705977678,0.931371604,-4.738021434,0.369493999
1781283259.708373308,0.944446474,-4.734905564,0.352983266
1781283259.709285259,0.938996558,-4.732044811,0.360901022
1781283259.714990377,0.954653842,-4.737062271,0.353657772
1781283259.716067314,0.950011255,-4.732790577,0.361612721
1781283259.717954636,0.970032052,-4.727276907,0.345742292
1781283259.719201326,0.959545404,-4.720215788,0.349666615
1781283259.721215487,0.976462081,-4.718314206,0.338083652
1781283259.722599506,0.984358269,-4.702662126,0.323516908
1781283259.728280306,0.983656093,-4.695191304,0.321104817
1781283259.729309320,0.979433974,-4.660976258,0.317651595
1781283259.731060505,0.997629320,-4.651782709,0.307665595
1781283259.733328581,1.006399787,-4.633878187,0.285219831
1781283259.734354496,0.997934892,-4.622209296,0.288325061
1781283259.740934610,1.025937951,-4.609331374,0.264803188
1781283259.742728949,1.030766721,-4.536719740,0.250945795
1781283259.744301319,1.043597973,-4.507952670,0.226536240
1781283259.746026039,1.045820513,-4.480739854,0.234574639
1781283259.753305435,1.054804243,-4.459155890,0.210408509
1781283259.754324198,1.042927308,-4.334680361,0.230599885
1781283259.755945444,1.047424102,-4.303718767,0.211597383
1781283259.758384228,1.063148034,-4.263395784,0.179233397
1781283259.759256124,1.055374391,-4.225479944,0.188498020
1781283259.761407137,1.068141010,-4.181198256,0.152480797
1781283259.765759945,1.057036239,-4.148768328,0.162838144
1781283259.766552210,1.038740113,-4.028630971,0.176683692
1781283259.767456532,0.000000000,0.000000000,0.000000000
1781283259.769273996,1.061709896,-3.994465495,0.104003873
1781283259.770915270,1.054600347,-3.950039921,0.110965061
1781283259.772658587,1.056136203,-3.911104996,0.077124014
1781283259.776501894,1.046684933,-3.868664849,0.079619327
1781283259.778266191,1.036050799,-3.794083904,0.095981786
1781283259.779290199,1.026205148,-3.757726624,0.105667519
1781283259.780897379,1.039777420,-3.715591235,0.062290251
1781283259.783334732,1.041556026,-3.681359437,0.030565771
1781283259.784359932,1.038033340,-3.639399786,0.027950983
1781283259.790790796,1.041310856,-3.599965754,-0.007127502
1781283259.791625500,1.009155548,-3.483829839,0.015788699
1781283259.792668581,0.000000000,0.000000000,0.000000000
1781283259.794392824,1.029965026,-3.463868830,-0.038146028
1781283259.796099186,1.042364948,-3.439111446,-0.083666207
1781283259.803214073,1.071580305,-3.421505485,-0.132083635
1781283259.804249525,1.044700616,-3.360198456,-0.111954825
1781283259.805878401,1.042726871,-3.326764328,-0.165672070
1781283259.807710886,1.059765132,-3.301412204,-0.215874257
1781283259.809351683,1.060168988,-3.264537942,-0.277989817
1781283259.815683603,1.059731598,-3.246760218,-0.281089232
1781283259.816442728,1.022206837,-3.189694412,-0.299538934
1781283259.817655802,1.039647719,-3.170289931,-0.351979667
1781283259.819192171,1.044057263,-3.150492866,-0.420720007
1781283259.820849895,1.049526126,-3.145399039,-0.423325340
1781283259.822939396,1.068897862,-3.122664715,-0.520957978
1781283259.828268766,1.072238164,-3.121590664,-0.524298049
1781283259.829310417,1.062568484,-3.125144064,-0.544942893
1781283259.830946207,1.093103200,-3.121522699,-0.615606072
1781283259.833378315,1.111193948,-3.119149464,-0.661315145
1781283259.834350586,1.102173560,-3.126421053,-0.702711391
1781283259.838479996,1.120532818,-3.110637240,-0.740728625
1781283259.839254856,1.122765076,-3.124120648,-0.738389067
1781283259.840982914,1.125677239,-3.130570132,-0.768924820
1781283259.842901707,1.136034033,-3.115527441,-0.811721974
1781283259.844160080,1.140107003,-3.118006364,-0.843563343
1781283259.846009254,1.152481272,-3.102656670,-0.918721207
1781283259.853295088,1.173496439,-3.091634731,-0.958190511
1781283259.854316473,1.157010558,-3.112460741,-0.983236708
1781283259.856043100,1.168513075,-3.086617682,-1.055293957
1781283259.858351231,1.189216666,-3.072683665,-1.095396448
1781283259.859350681,1.180876195,-3.067146878,-1.115494095
1781283259.865777731,1.226417144,-3.065162681,-1.122503999
1781283259.866533518,1.314926432,-3.127577165,-1.077983786
1781283259.867386103,0.000000000,0.000000000,0.000000000
1781283259.870879173,1.379165951,-3.078602274,-1.190629450
1781283259.872532129,1.418106136,-3.072005351,-1.235620900
1781283259.878227234,1.417907917,-3.079006278,-1.218941729
1781283259.879217386,1.381127441,-3.084780278,-1.208845857
1781283259.880846977,1.409958943,-3.028140598,-1.294482573
1781283259.883323431,1.426247619,-2.965264689,-1.370158761
1781283259.884312630,1.420261853,-2.951964880,-1.381559143
1781283259.890765905,1.440422481,-2.887161923,-1.450309973
1781283259.891537666,1.398926055,-2.869627806,-1.453535319
1781283259.892404318,0.000000000,0.000000000,0.000000000
1781283259.894246817,1.476775705,-2.708006170,-1.638464162
1781283259.896053553,1.451572901,-2.698438125,-1.642120559
1781283259.899865389,1.481706411,-2.624454389,-1.732027629
1781283259.903286219,1.447598086,-2.628828357,-1.740042875
1781283259.904375792,1.423137007,-2.618122428,-1.749953389
1781283259.905840397,1.461304761,-2.527452097,-1.847660105
1781283259.908318996,1.493016218,-2.447411759,-1.929057970
1781283259.909324646,1.482240932,-2.437797076,-1.931163911
1781283259.915060759,1.511798407,-2.350062902,-2.009994210
1781283259.915826321,1.472989800,-2.345899762,-2.012656704
1781283259.918011904,1.513101188,-2.248052437,-2.080086702
1781283259.919285774,1.504687814,-2.241410263,-2.082029405
1781283259.920863152,1.541272966,-2.149163936,-2.143154942
1781283259.928249359,1.577558966,-2.058944543,-2.201485754
1781283259.929239273,1.550692730,-2.053709804,-2.190546384
1781283259.930879593,1.500461619,-1.973229012,-2.272866823
1781283259.933374882,1.550307621,-1.891408960,-2.294739231
1781283259.934352636,1.515496206,-1.891505367,-2.288128105
1781283259.940852165,1.513488317,-1.803627297,-2.338122677
1781283259.943057775,1.503260854,-1.734183659,-2.349230221
1781283259.944281816,1.475674300,-1.750156373,-2.322300984
1781283259.945855856,1.481885603,-1.678491463,-2.357073294
1781283259.953272581,1.485949093,-1.606310032,-2.398284014
1781283259.954260588,1.448387786,-1.607271772,-2.390635183
1781283259.955888271,1.435977609,-1.546352838,-2.419479757
1781283259.958320618,1.431640141,-1.467046875,-2.461341278
1781283259.959293365,1.411830744,-1.479133774,-2.451923159
1781283259.962380886,1.411321242,-1.407915834,-2.492853067
1781283259.963036537,1.397358178,-1.416002366,-2.488491237
1781283259.965815306,1.396558255,-1.411104022,-2.490031176
1781283259.968030691,1.376553481,-1.356223312,-2.516675173
1781283259.969238281,1.360624087,-1.373884200,-2.504743690
1781283259.970857859,1.358043220,-1.308645883,-2.529943516
1781283259.978266716,1.349334555,-1.260892693,-2.552780345
1781283259.979277849,1.347673535,-1.274722602,-2.533103342
1781283259.980978489,1.341363301,-1.213075590,-2.560326041
1781283259.983321905,1.352963941,-1.155723942,-2.587112106
1781283259.984316111,1.345931668,-1.161659310,-2.587872972
1781283259.990748405,1.345941696,-1.101032723,-2.616533313
1781283259.991506815,1.345820360,-1.130567633,-2.628162660
1781283259.992611885,0.000000000,0.000000000,0.000000000
1781283259.994372845,1.324884602,-1.041664633,-2.669579985
1781283259.995874166,1.325694543,-1.037368776,-2.677148711
1781283260.003271341,1.314438764,-1.008587459,-2.688719306
1781283260.004295111,1.313573984,-1.045882811,-2.682397533
1781283260.005963564,1.308342693,-1.005210185,-2.709727995
1781283260.008330822,1.298623690,-0.964138283,-2.733945344
1781283260.009336472,1.292716970,-0.978040173,-2.733431378
1781283260.015776157,1.288825325,-0.936152724,-2.756074529
1781283260.016529799,1.299319339,-0.983640206,-2.795371449
1781283260.017415285,0.000000000,0.000000000,0.000000000
1781283260.019201279,1.273624145,-0.890728412,-2.856450712
1781283260.020932913,1.279990134,-0.906543216,-2.860261862
1781283260.022547007,1.261998014,-0.868986361,-2.898784505
1781283260.024976492,1.271496234,-0.888844222,-2.903998180
1781283260.028221607,1.273393230,-0.901676322,-2.910929105
1781283260.029241323,1.283322541,-0.941694007,-2.927929682
1781283260.030939817,1.274539273,-0.911612471,-2.963355624
1781283260.033323765,1.256304457,-0.864557766,-2.994081097
1781283260.034298897,1.261628834,-0.883984242,-3.009373103
1781283260.040906906,1.251328827,-0.845398174,-3.044738574
1781283260.043063164,1.229958775,-0.866390006,-3.108517001
1781283260.044267654,1.226041557,-0.886007669,-3.114720969
1781283260.045885801,1.204883542,-0.857872726,-3.145100027
1781283260.053269863,1.177427634,-0.822603358,-3.171027280
1781283260.054347754,1.191585095,-0.913316800,-3.182007641
1781283260.055956364,1.165033589,-0.890403783,-3.201062847
1781283260.058305502,1.152091008,-0.844136419,-3.234901217
1781283260.059299469,1.160880854,-0.874089181,-3.245755804
1781283260.065792561,1.145383450,-0.830457858,-3.281410112
1781283260.068032742,1.163363029,-0.841198858,-3.361922325
1781283260.069243193,1.166588429,-0.864138313,-3.379556620
1781283260.070874453,1.162626221,-0.830521450,-3.405667863
1781283260.078288078,1.143698403,-0.795435557,-3.437036384
1781283260.079280853,1.199689963,-0.855410270,-3.452040945
1781283260.080961704,1.196618958,-0.827457469,-3.484583289
1781283260.083314896,1.179607828,-0.793362984,-3.502956445
1781283260.084295511,1.189685364,-0.809939238,-3.509529534
1781283260.088072538,1.178950909,-0.780371023,-3.529388636
1781283260.090786695,1.202076634,-0.796728900,-3.540365611
1781283260.091690302,1.223580708,-0.829004104,-3.563430944
1781283260.092619419,0.000000000,0.000000000,0.000000000
1781283260.094378710,1.196242385,-0.765948848,-3.609377373
1781283260.095858812,1.210861236,-0.781429657,-3.621615811
1781283260.103178978,1.200401881,-0.762346449,-3.647930064
1781283260.104325294,1.235602446,-0.839657036,-3.682523435
1781283260.105853319,1.220254592,-0.838430795,-3.699627245
1781283260.108350515,1.198801810,-0.799085482,-3.730684807
1781283260.109378576,1.207573641,-0.838897802,-3.730034870
1781283260.115795374,1.189268467,-0.798788284,-3.760794544
1781283260.117999792,1.169513647,-0.826579716,-3.815854782
1781283260.119218111,1.172935797,-0.854474190,-3.823654849
1781283260.120854855,1.157278092,-0.816891406,-3.841007909
1781283260.128220081,1.135331047,-0.788784520,-3.861304030
1781283260.129234076,1.182978890,-0.848462773,-3.870009353
1781283260.130976915,1.180341161,-0.837485665,-3.893908470
1781283260.132996082,1.169549185,-0.788254563,-3.914517925
1781283260.134369135,1.191331318,-0.824381917,-3.914160705
1781283260.140808582,1.182644572,-0.784326310,-3.936483577
1781283260.142952919,1.208341221,-0.795283061,-3.981060809
1781283260.144160271,1.221881044,-0.822631836,-3.985324603
1781283260.146058798,1.220431865,-0.809370012,-3.991384553
1781283260.153242111,1.215113808,-0.791032373,-4.016679097
1781283260.154240847,1.251983128,-0.842044451,-4.026469585
1781283260.155969858,1.242281549,-0.830856080,-4.022230732
1781283260.158387423,1.236883307,-0.814602369,-4.051409290
1781283260.159359932,1.240592913,-0.837986074,-4.040929234
1781283260.162608385,1.237773226,-0.822294034,-4.057995277
1781283260.165748596,1.248980245,-0.835836812,-4.061132338
1781283260.166491270,1.257535274,-0.855639833,-4.060184040
1781283260.167490005,1.261938394,-0.859776476,-4.064318736
1781283260.169222593,1.244767359,-0.835828950,-4.072255047
1781283260.170881987,1.252261041,-0.844446186,-4.067163374
1781283260.178257227,1.246249178,-0.842526627,-4.069835656
1781283260.179270267,1.269897702,-0.887212142,-4.050455797
1781283260.180953503,1.261851651,-0.872183328,-4.059795218
1781283260.183349133,1.263302817,-0.868591191,-4.067948078
1781283260.184334993,1.263848049,-0.879145548,-4.063200150
1781283260.190734625,1.259615780,-0.870586983,-4.068254359
1781283260.191492796,1.277300268,-0.885801581,-4.071082093
1781283260.192701101,1.267872684,-0.881759134,-4.079958606
1781283260.194215059,1.260888344,-0.868285058,-4.080848642
1781283260.196041346,1.270962940,-0.883190333,-4.078197004
1781283260.203303099,1.258324570,-0.864511468,-4.093367435
1781283260.204391241,1.267939042,-0.883185639,-4.109224664
1781283260.205936670,1.265783460,-0.876935701,-4.124280613
1781283260.208341122,1.258269126,-0.848981475,-4.129686592
1781283260.209337473,1.262232889,-0.863030795,-4.134619516
1781283260.215829611,1.262203043,-0.845805955,-4.144104236
1781283260.217932224,1.287357453,-0.844502894,-4.157290711
1781283260.219156265,1.302042153,-0.859804616,-4.161198745
1781283260.221048594,1.297108201,-0.849604004,-4.164829859
1781283260.224774361,1.293154988,-0.832870819,-4.190938762
1781283260.228281498,1.309201323,-0.840844371,-4.205643467
1781283260.229264736,1.326403292,-0.863479422,-4.231493909
1781283260.230945826,1.325109272,-0.859196549,-4.234792318
1781283260.233345509,1.321813019,-0.833959652,-4.244377208
1781283260.234352589,1.341151958,-0.851830268,-4.252937990
1781283260.240628481,1.339077391,-0.832743760,-4.270470143
1781283260.241201639,0.000000000,0.000000000,0.000000000
1781283260.242563486,1.355978727,-0.853697207,-4.288741573
1781283260.244337797,1.344887382,-0.833979796,-4.300693283
1781283260.245862961,1.340993447,-0.836777701,-4.314576559
1781283260.253250599,1.340731632,-0.837432472,-4.329977589
1781283260.254292011,1.348672441,-0.858039180,-4.340142024
1781283260.255962610,1.343407030,-0.860244029,-4.344561608
1781283260.258377314,1.338916815,-0.848993828,-4.355247581
1781283260.259372711,1.335025261,-0.861195079,-4.357987221
1781283260.265703201,1.336839118,-0.851085410,-4.364898013
1781283260.266459465,1.338321184,-0.863713187,-4.385406161
1781283260.267565250,0.000000000,0.000000000,0.000000000
1781283260.269247293,1.328597078,-0.855298235,-4.392803210
1781283260.271111488,1.321109357,-0.860705270,-4.410604560
1781283260.272556067,1.322492700,-0.870972590,-4.419077183
1781283260.278368950,1.317154598,-0.867818464,-4.422069833
1781283260.279322386,1.327493990,-0.882885676,-4.441240655
1781283260.280869246,1.324555253,-0.876604531,-4.440907538
1781283260.283343077,1.329902235,-0.882397705,-4.450100083
1781283260.284322023,1.329014728,-0.880541260,-4.452556166
1781283260.286693573,1.328745123,-0.884595731,-4.457540282
1781283260.290805578,1.332027133,-0.889140192,-4.466138567
1781283260.292959213,1.328344820,-0.894227774,-4.472651772
1781283260.294202805,1.332025752,-0.912429306,-4.483845916
1781283260.295871019,1.329226773,-0.909277296,-4.481172158
1781283260.301890135,1.323462223,-0.894838161,-4.485873315
1781283260.302555561,1.336246203,-0.897433637,-4.491601585
1781283260.304310799,1.333755701,-0.889835988,-4.488488700
1781283260.306019306,1.338253638,-0.892728198,-4.485195752
1781283260.308354616,1.335017373,-0.882415472,-4.487258400
1781283260.309360027,1.345646366,-0.882696306,-4.486902098
1781283260.315792084,1.343711416,-0.880009219,-4.485760797
1781283260.317941427,1.355147138,-0.884806769,-4.481139914
1781283260.319221497,1.357177909,-0.891981478,-4.481709326
1781283260.320884705,1.353326942,-0.890105335,-4.481421727
1781283260.328275681,1.355009254,-0.881343378,-4.485319744
1781283260.329267502,1.366468530,-0.898077345,-4.459938804
1781283260.330877304,1.359136524,-0.896292721,-4.454968425
1781283260.333345413,1.353084391,-0.883741512,-4.458407612
1781283260.334320068,1.350482070,-0.888642447,-4.448814249
1781283260.340741873,1.349297270,-0.874954313,-4.458546451
1781283260.341500282,1.352301725,-0.868858951,-4.457586862
1781283260.342414379,0.000000000,0.000000000,0.000000000
1781283260.344202280,1.345757817,-0.864863225,-4.461008719
1781283260.345895290,1.344903192,-0.857730517,-4.463625484
1781283260.348842621,1.350292261,-0.863566698,-4.459764708
1781283260.349487066,1.348541097,-0.851559151,-4.466302918
1781283260.353302479,1.341785275,-0.855632751,-4.463630328
1781283260.354374886,1.337270457,-0.852025358,-4.469905826
1781283260.355940580,1.328464372,-0.843283882,-4.467358725
1781283260.358317852,1.333425269,-0.841912796,-4.472242105
1781283260.359321117,1.328904275,-0.838473884,-4.472159787
1781283260.364069939,1.328106306,-0.839569577,-4.464197256
1781283260.364603996,0.000000000,0.000000000,0.000000000
1781283260.365992069,1.317694378,-0.834347266,-4.466035091
1781283260.367961884,1.320919549,-0.831319701,-4.465968223
1781283260.369217396,1.314556313,-0.831526887,-4.459029397
1781283260.370853424,1.320684728,-0.825190382,-4.461716978
1781283260.378239155,1.319686480,-0.832995571,-4.463091538
1781283260.379213572,1.331311695,-0.801488809,-4.464214723
1781283260.380903482,1.340334657,-0.783427406,-4.462347772
1781283260.383367777,1.352021906,-0.779874412,-4.462097307
1781283260.384375095,1.355035943,-0.761473028,-4.460007071
1781283260.390742302,1.366001273,-0.766104150,-4.455832227
1781283260.391506433,1.345790035,-0.725776462,-4.440254949
1781283260.392378569,0.000000000,0.000000000,0.000000000
1781283260.395272493,1.344681406,-0.718971683,-4.441306773
1781283260.395818472,0.000000000,0.000000000,0.000000000
1781283260.403332472,1.350293633,-0.723789306,-4.428940036
1781283260.404382229,1.321993716,-0.635307456,-4.435043600
1781283260.405850887,1.320587551,-0.625988026,-4.429859315
1781283260.408289433,1.323320448,-0.626387887,-4.427228546
1781283260.409264803,1.314143528,-0.594367035,-4.423015402
1781283260.415829897,1.315608165,-0.597657429,-4.415280015
1781283260.417999506,1.300296897,-0.551263280,-4.386491085
1781283260.419215441,1.290840144,-0.522505541,-4.383128013
1781283260.420850515,1.307256461,-0.532142044,-4.375221019
1781283260.426107407,1.315406369,-0.540858060,-4.362327852
1781283260.428253174,1.296030924,-0.490550320,-4.357352194
1781283260.429271698,1.278405813,-0.449810457,-4.354619674
1781283260.430944920,1.279476812,-0.451743509,-4.342484456
1781283260.433333635,1.286209418,-0.475943755,-4.325598047
1781283260.434326887,1.267408076,-0.439485286,-4.326094682
1781283260.440781116,1.272798542,-0.461186851,-4.298030284
1781283260.441577911,1.219822894,-0.370152697,-4.265431164
1781283260.442483664,0.000000000,0.000000000,0.000000000
1781283260.444271326,1.244276891,-0.421326074,-4.240326659
1781283260.445863008,1.238289181,-0.410134059,-4.228976155
1781283260.453210592,1.242220527,-0.409887171,-4.211182286
1781283260.454226494,1.198576441,-0.308810713,-4.143845592
1781283260.455984116,1.195466835,-0.316895781,-4.111809512
1781283260.458312750,1.207407100,-0.348568595,-4.081686193
1781283260.459303617,1.181504047,-0.306526637,-4.054817488
1781283260.465873480,1.187568193,-0.343501805,-4.017414692
1781283260.468051910,1.113979104,-0.302938747,-3.849411609
1781283260.469255447,1.091621489,-0.264917493,-3.816774052
1781283260.470846653,1.086411213,-0.305064747,-3.759626259
1781283260.478309393,1.087285293,-0.329762546,-3.708830556
1781283260.479297400,0.993829641,-0.245364386,-3.539729386
1781283260.480930805,0.988893763,-0.264052051,-3.489235731
1781283260.483344078,0.998766002,-0.320346166,-3.434626251
1781283260.484344959,0.971102448,-0.269930375,-3.397541034
1781283260.488571405,0.983853873,-0.325302354,-3.355012002
1781283260.489242554,0.945751452,-0.291621161,-3.293099368
1781283260.491015434,0.924145599,-0.249172512,-3.262580611
1781283260.493016005,0.938914990,-0.302463480,-3.239833994
1781283260.494218588,0.916053151,-0.256471908,-3.214824440
1781283260.495866776,0.933554654,-0.306649519,-3.198568264
1781283260.503314257,0.941718456,-0.326177276,-3.174351515
1781283260.504178047,0.936748372,-0.242838065,-3.152315737
1781283260.505960941,0.971360128,-0.258617807,-3.146113758
1781283260.508360386,0.990202240,-0.312344989,-3.129930090
1781283260.509335279,0.999041193,-0.264899131,-3.132656565
1781283260.515689373,1.021407191,-0.311088446,-3.115435354
1781283260.516443968,1.041651007,-0.245729230,-3.125085587
1781283260.517668962,1.057103960,-0.292359693,-3.110910136
1781283260.519280195,1.087738084,-0.299397625,-3.100017783
1781283260.520885706,1.075536998,-0.293342950,-3.086533500
1781283260.528275728,1.094019094,-0.296139528,-3.076196840
1781283260.529269457,1.137651431,-0.216406086,-3.060590178
1781283260.530947924,1.174416815,-0.238263433,-3.049014271
1781283260.533302784,1.216001888,-0.265389311,-3.042800517
1781283260.534296989,1.245005310,-0.233087930,-3.029329299
1781283260.540830612,1.284400361,-0.266353399,-3.018042195
1781283260.541738987,1.357431789,-0.208839921,-2.998011189
1781283260.542558432,1.363024206,-0.188425741,-2.996472263
1781283260.544281721,1.397177643,-0.214552025,-2.969512789
1781283260.545840740,1.411106468,-0.253268158,-2.958368437
1781283260.549914360,1.435785131,-0.273001085,-2.933115860
1781283260.553232670,1.424016537,-0.253235418,-2.916587922
1781283260.554248810,1.438813921,-0.205581017,-2.876990099
1781283260.555866957,1.472929895,-0.214166582,-2.842395850
1781283260.558357239,1.484160759,-0.272148802,-2.814020085
1781283260.559331179,1.506667051,-0.242244966,-2.797457934
1781283260.565084457,1.516169644,-0.305218468,-2.759786262
1781283260.566058874,1.525765450,-0.273449815,-2.707817065
1781283260.568009853,1.535051772,-0.358340921,-2.671213206
1781283260.569255352,1.560983955,-0.325419236,-2.648594295
1781283260.570909739,1.580118260,-0.424489731,-2.621850369
1781283260.578217030,1.612069456,-0.490759745,-2.574585902
1781283260.579205751,1.623601677,-0.440012522,-2.566608369
1781283260.580901384,1.652270826,-0.524711692,-2.536667398
1781283260.583347082,1.644095411,-0.615586628,-2.518024700
1781283260.584321737,1.659168108,-0.591480971,-2.515343685
1781283260.590810299,1.648358619,-0.688683901,-2.488057962
1781283260.592961550,1.646763354,-0.759451068,-2.467764871
1781283260.594199657,1.649973090,-0.731067137,-2.460409539
1781283260.595919847,1.632188796,-0.833682119,-2.426107314
1781283260.597533703,1.632898212,-0.911166454,-2.378599275
1781283260.603232384,1.616942486,-0.911241345,-2.376498208
1781283260.604269743,1.593406558,-0.875424999,-2.345961610
1781283260.605879784,1.591466250,-0.969450596,-2.296660652
1781283260.608353615,1.571942756,-1.047819159,-2.259751284
1781283260.609363079,1.584814360,-1.043410213,-2.236268614
1781283260.611900568,1.568642474,-1.117211124,-2.203945447
1781283260.612429142,0.000000000,0.000000000,0.000000000
1781283260.615795612,1.561423292,-1.118523580,-2.196838627
1781283260.616593122,1.575036264,-1.097081606,-2.184070416
1781283260.617516279,0.000000000,0.000000000,0.000000000
1781283260.619236231,1.560512198,-1.243158950,-2.105843322
1781283260.620893717,1.570195528,-1.232978485,-2.107093647
1781283260.627176285,1.573498792,-1.301658220,-2.068059577
1781283260.627819777,1.547511486,-1.282106498,-2.064883460
1781283260.629365206,1.545256793,-1.342585262,-2.031881082
1781283260.630977869,1.542944155,-1.329333006,-2.032486797
1781283260.633285999,1.522102919,-1.383646264,-2.003567795
1781283260.634265184,1.524721751,-1.379648396,-1.995773887
1781283260.640901327,1.506113101,-1.434129587,-1.976875547
1781283260.643087149,1.456415697,-1.461244381,-1.950644217
1781283260.644304276,1.460742436,-1.458405179,-1.943044815
1781283260.645882368,1.437602029,-1.505909577,-1.921668710
1781283260.653214455,1.421040131,-1.562776258,-1.882786427
1781283260.654222965,1.482048591,-1.540781198,-1.877421196
1781283260.655961514,1.486386266,-1.586949336,-1.853339496
1781283260.658359528,1.480958956,-1.639579324,-1.834406891
1781283260.659365416,1.506611818,-1.629133126,-1.844957003
1781283260.665759802,1.502175252,-1.685598472,-1.842151995
1781283260.666530132,1.558283122,-1.654822805,-1.922132679
1781283260.667415380,0.000000000,0.000000000,0.000000000
1781283260.669250250,1.534581352,-1.726806914,-1.870005044
1781283260.670919895,1.530676604,-1.725188659,-1.874877291
1781283260.673693895,1.518548529,-1.757935138,-1.855528390
1781283260.674356461,1.511036113,-1.756704957,-1.852071679
1781283260.678347349,1.509285541,-1.742954900,-1.861637578
1781283260.679327011,1.511476186,-1.739058228,-1.861223416
1781283260.680976629,1.486185346,-1.782292007,-1.828411194
1781283260.683391094,1.458311496,-1.821785431,-1.804513378
1781283260.684199095,1.451593608,-1.819911865,-1.801902858
1781283260.689395428,1.436931882,-1.865929584,-1.780150417
1781283260.691082001,1.437367856,-1.869624834,-1.803497863
1781283260.693043470,1.416733575,-1.905400926,-1.778419663
1781283260.694262028,1.417853989,-1.908515196,-1.787489370
1781283260.695858002,1.398262594,-1.953812852,-1.769858693
1781283260.703242540,1.380428408,-1.995381004,-1.748903485
1781283260.704302549,1.429007374,-1.986742119,-1.801872346
1781283260.705989122,1.411421696,-2.028178804,-1.781644747
1781283260.708323479,1.399018573,-2.067975342,-1.765670590
1781283260.709343672,1.396340638,-2.063091376,-1.764638241
1781283260.715831518,1.381777073,-2.102283425,-1.743471916
1781283260.718018055,1.335713880,-2.129070228,-1.730158602
1781283260.719250202,1.329370994,-2.128594895,-1.722363709
1781283260.720883608,1.317027599,-2.165743514,-1.696471086
1781283260.728364706,1.284504240,-2.211844695,-1.656925026
1781283260.729384422,1.305342477,-2.196077078,-1.689854034
1781283260.730979204,1.292405600,-2.238186780,-1.653772086
1781283260.733402491,1.275758141,-2.296561216,-1.618191487
1781283260.734375000,1.285675699,-2.299260264,-1.619585862
1781283260.736679792,1.267345989,-2.352950173,-1.586269103
1781283260.740825891,1.275517647,-2.354081713,-1.592266495
1781283260.743034840,1.271273597,-2.416234744,-1.547451209
1781283260.744245291,1.286806411,-2.423718809,-1.537309626
1781283260.745835066,1.267283461,-2.468891239,-1.498994038
1781283260.751773596,1.247215496,-2.513169046,-1.444650141
1781283260.752533197,1.263028737,-2.521863849,-1.464078710
1781283260.754202843,1.237607121,-2.559733680,-1.422781165
1781283260.755882263,1.253795355,-2.555168189,-1.419787750
1781283260.758415461,1.231088476,-2.590224384,-1.388972828
1781283260.759179115,1.248694000,-2.597663169,-1.385532819
1781283260.765757561,1.226925026,-2.628054336,-1.356067494
1781283260.766521454,1.260860400,-2.641189170,-1.376683357
1781283260.767387152,0.000000000,0.000000000,0.000000000
1781283260.769284487,1.234648934,-2.707601421,-1.300197927
1781283260.771082878,1.242973275,-2.717082629,-1.293550717
1781283260.778276205,1.226609006,-2.748268826,-1.261537763
1781283260.779285431,1.247154610,-2.769331633,-1.275182515
1781283260.780859232,1.237473812,-2.803385423,-1.231912693
1781283260.783329010,1.220139581,-2.837928565,-1.202866045
1781283260.784338713,1.236982769,-2.842169863,-1.195908513
1781283260.790832520,1.221615281,-2.877237229,-1.163937924
1781283260.793063402,1.243205883,-2.941196881,-1.131063020
1781283260.794289589,1.248983128,-2.952596681,-1.119830073
1781283260.795863867,1.245250109,-2.981674739,-1.088625222
1781283260.803369522,1.229715770,-3.016436002,-1.043384177
1781283260.804253578,1.270532761,-3.037066294,-1.040192896
1781283260.805993319,1.267578258,-3.059734465,-1.001485907
1781283260.808324099,1.245543335,-3.088852671,-0.981743765
1781283260.809319496,1.275193208,-3.089457204,-0.977244973
1781283260.813064098,1.264299727,-3.124144650,-0.958481768
1781283260.815723181,1.296039645,-3.140150289,-0.997735463
1781283260.816577196,1.310060849,-3.147261840,-0.999647231
1781283260.817640066,1.317497066,-3.158013123,-1.009303446
1781283260.819319487,1.296394888,-3.208951949,-0.938087772
1781283260.820911646,1.307085382,-3.216471352,-0.940899464
1781283260.828257322,1.280309743,-3.281851576,-0.850955973
1781283260.829259634,1.325818890,-3.330639915,-0.851251794
1781283260.830906391,1.317054805,-3.351781423,-0.826112094
1781283260.833353519,1.317405904,-3.376052403,-0.807702929
1781283260.834332705,1.317307813,-3.388853103,-0.790879440
1781283260.840944052,1.317630538,-3.416671099,-0.759543784
1781283260.843223095,1.338567517,-3.489114637,-0.710136616
1781283260.844254017,1.338680013,-3.508408747,-0.679982873
1781283260.845854521,1.328349321,-3.542237526,-0.651771744
1781283260.853340387,1.297887446,-3.574988324,-0.593141605
1781283260.854346991,1.305254553,-3.630439243,-0.552177862
1781283260.856032372,1.292751182,-3.657902232,-0.484400275
1781283260.858345747,1.268593752,-3.668375304,-0.451768602
1781283260.859321594,1.278895803,-3.682529262,-0.417254929
1781283260.865969658,1.257108365,-3.698705725,-0.380327188
1781283260.867598295,1.256271147,-3.729751175,-0.297192208
1781283260.869255781,1.237704144,-3.748735037,-0.251828736
1781283260.870895386,1.242626094,-3.757924944,-0.242297367
1781283260.876002789,1.221810340,-3.767444722,-0.200866836
1781283260.878234148,1.231797964,-3.789963956,-0.194702021
1781283260.879256964,1.232467061,-3.795640970,-0.174255156
1781283260.880912542,1.222216440,-3.815908268,-0.145251224
1781283260.883390903,1.201359241,-3.825775367,-0.130097863
1781283260.884355783,1.213208474,-3.830672197,-0.115534292
1781283260.890841484,1.193740242,-3.842680903,-0.107898562
1781283260.893031120,1.182466721,-3.860193270,-0.115251450
1781283260.894260645,1.188735232,-3.865559459,-0.114825960
1781283260.895868301,1.170868186,-3.870052965,-0.117528971
1781283260.903316736,1.177288672,-3.861745982,-0.133180606
1781283260.904341698,1.183851397,-3.851426295,-0.178409629
1781283260.905984402,1.187055892,-3.857215051,-0.191715475
1781283260.907970190,1.182310014,-3.857856954,-0.203390726
1781283260.909291267,1.189983881,-3.860819944,-0.216405665
1781283260.915904760,1.184285990,-3.865513685,-0.210525093
1781283260.918048382,1.204343761,-3.910559752,-0.193711730
1781283260.919281483,1.210588454,-3.920561273,-0.184382525
1781283260.920927048,1.215891859,-3.935282335,-0.179028801
1781283260.928367615,1.210160057,-3.946025389,-0.160634142
1781283260.929344893,1.206864551,-3.965340139,-0.171396746
1781283260.930980921,1.209602482,-3.975075270,-0.156678092
1781283260.933353424,1.200943173,-3.969433770,-0.152170167
1781283260.934331894,1.198407425,-3.973655984,-0.145196518
1781283260.937970638,1.190596321,-3.976911678,-0.140405569
1781283260.940806389,1.183223625,-3.980989220,-0.144039268
1781283260.943005085,1.191088470,-3.988438720,-0.130924795
1781283260.944217205,1.186006203,-3.998093247,-0.120859449
1781283260.946021318,1.172585577,-4.002030552,-0.102921894
1781283260.947549343,1.174422306,-4.008495866,-0.089516941
1781283260.953270912,1.164885697,-4.013498344,-0.082074814
1781283260.954300642,1.161069597,-4.020153828,-0.052546338
1781283260.956009626,1.155509484,-4.025423327,-0.029541795
1781283260.958306551,1.151882465,-4.019613869,-0.020704818
1781283260.959297895,1.151192689,-4.030660355,-0.001277675
1781283260.965895653,1.141459674,-4.025848628,0.009483631
1781283260.967986584,1.123906038,-4.038399050,0.062876507
1781283260.969238043,1.126840318,-4.038768039,0.073174352
1781283260.970877886,1.118056503,-4.043139708,0.091384799
1781283260.978295326,1.114482327,-4.038334666,0.100501254
1781283260.979275703,1.066998702,-4.014438698,0.117127715
1781283260.981022835,1.064990422,-4.005928970,0.116683057
1781283260.983340740,1.053562699,-3.987370033,0.105207924
1781283260.984214067,1.050366001,-3.973763907,0.115225533
1781283260.986022711,1.038469522,-3.955062537,0.100238674
1781283260.990834475,1.034086798,-3.943769291,0.106002283
1781283260.993051767,1.023227782,-3.911964948,0.099398607
1781283260.994264603,1.003210660,-3.882886615,0.109412687
1781283260.995912790,0.996646157,-3.865430234,0.094827893
1781283261.001632452,1.007763859,-3.849459612,0.077436990
1781283261.003362656,0.962154798,-3.823713951,0.099862620
1781283261.004385471,0.958720475,-3.808317117,0.106877766
1781283261.005977631,0.953009093,-3.791616136,0.090841202
1781283261.008424759,0.966557426,-3.770509600,0.071708168
1781283261.009076595,0.000000000,0.000000000,0.000000000
1781283261.015837431,0.961427850,-3.753541371,0.057312961
1781283261.018020630,0.921118644,-3.704255879,0.061982056
1781283261.019253969,0.887903019,-3.683680003,0.068565793
1781283261.020866871,0.906497041,-3.662799938,0.049088070
1781283261.028273344,0.906043921,-3.647756171,0.026837428
1781283261.029264212,0.859228923,-3.591204351,0.037640970
1781283261.030979395,0.877564299,-3.574853707,0.007224415
1781283261.033427000,0.885410423,-3.558155676,-0.019775444
1781283261.034088850,0.000000000,0.000000000,0.000000000
1781283261.040873766,0.909735099,-3.541351930,-0.060125823
1781283261.043032646,0.886041138,-3.480198593,-0.110565634
1781283261.044256449,0.883534613,-3.474537207,-0.119893958
1781283261.045910597,0.901451427,-3.453073619,-0.158638021
1781283261.053329706,0.920610582,-3.435108082,-0.199295272
1781283261.054352999,0.892189077,-3.410625388,-0.205736881
1781283261.055975676,0.918791991,-3.391292126,-0.250031518
1781283261.058373928,0.943089306,-3.377650971,-0.273748149
1781283261.059362411,0.939317786,-3.372690003,-0.286466267
1781283261.063051462,0.962836122,-3.363576720,-0.306587714
1781283261.065863132,0.955013865,-3.363294035,-0.296996199
1781283261.067966700,0.998065217,-3.333757230,-0.280848003
1781283261.069162130,1.026311250,-3.332765129,-0.263768397
1781283261.070877075,1.066073577,-3.325247526,-0.271412948
1781283261.077818394,1.098116889,-3.314178811,-0.295039312
1781283261.079366684,1.129863645,-3.288825948,-0.276154569
1781283261.080988646,1.129737638,-3.279781788,-0.270891951
1781283261.083367825,1.148467302,-3.261252108,-0.288429368
1781283261.084334850,1.147962290,-3.243192503,-0.280108762
1781283261.090821981,1.165316414,-3.216396832,-0.301513303
1781283261.092808008,1.174302225,-3.152629891,-0.298153541
1781283261.094167471,1.172028270,-3.136139110,-0.286550956
1781283261.095832109,1.188338190,-3.098286062,-0.304281435
1781283261.103296280,1.211965073,-3.073969393,-0.323760085
1781283261.104308367,1.178617451,-3.005732666,-0.284493590
1781283261.105981588,1.191885580,-2.962723761,-0.307034965
1781283261.107884169,1.215939886,-2.938196584,-0.325285185
1781283261.109212160,1.200198044,-2.916148880,-0.325172867
1781283261.115813732,1.219855443,-2.882165326,-0.339818298
1781283261.118029118,1.194958588,-2.782644273,-0.346503875
1781283261.119251251,1.170449801,-2.761873529,-0.349309601
1781283261.120898247,1.193777794,-2.729154356,-0.371980371
1781283261.122889996,1.204127523,-2.692332315,-0.403559122
1781283261.128266573,1.197407246,-2.674226189,-0.406326934
1781283261.129249334,1.137153279,-2.610647016,-0.419581955
1781283261.130919456,1.152753611,-2.572473690,-0.461767954
1781283261.133364677,1.159081896,-2.525613147,-0.496255343
1781283261.134368896,1.149569895,-2.508602361,-0.513346072
1781283261.137959957,1.152145890,-2.468018524,-0.550234366
1781283261.140805006,1.114995745,-2.428442701,-0.579192151
1781283261.143012285,1.111471987,-2.371685564,-0.639991659
1781283261.144233942,1.099392054,-2.362234322,-0.662133858
1781283261.145888805,1.106502705,-2.327027050,-0.697456941
1781283261.153293371,1.126954681,-2.288220487,-0.745359362
1781283261.154279947,1.085022780,-2.244608505,-0.790454418
1781283261.155909777,1.092357446,-2.205945355,-0.815886903
1781283261.158355236,1.110989897,-2.171164329,-0.847325260
1781283261.159344912,1.090126374,-2.159344660,-0.851118581
1781283261.165780306,1.111648731,-2.130434459,-0.878459845
1781283261.166416883,0.000000000,0.000000000,0.000000000
1781283261.167716026,1.081215278,-2.065702600,-0.901017848
1781283261.169180155,1.059670703,-2.063503709,-0.898982526
1781283261.170865774,1.077556056,-2.020185935,-0.923029831
1781283261.178242445,1.083703969,-1.987979550,-0.950651185
1781283261.179249287,1.055243191,-1.956111201,-0.934833016
1781283261.181000948,1.083810289,-1.914562316,-0.964757800
1781283261.183408976,1.111435937,-1.876990284,-0.992015623
1781283261.184204340,1.107893022,-1.871662479,-0.988559224
1781283261.190834045,1.141971787,-1.818310000,-1.017930080
1781283261.192951918,1.173734741,-1.750518980,-1.030451783
1781283261.194177628,1.166391930,-1.747135846,-1.024651277
1781283261.195882320,1.206789908,-1.694499576,-1.058469807
1781283261.200940371,1.238144009,-1.637228947,-1.101246670
1781283261.203483582,1.255990530,-1.628026789,-1.088507946
1781283261.204292774,1.255090904,-1.641297579,-1.083578930
1781283261.205989361,1.294634809,-1.583860547,-1.130696942
1781283261.208375692,1.332496519,-1.528196698,-1.177040675
1781283261.209167004,1.339619283,-1.537153840,-1.181133089
1781283261.215778828,1.376135829,-1.471586959,-1.232373012
1781283261.216422558,0.000000000,0.000000000,0.000000000
1781283261.217821836,1.361129098,-1.478343338,-1.275916183
1781283261.219339132,1.380440221,-1.413512317,-1.339173126
1781283261.220858097,1.390976275,-1.351048367,-1.390284962
1781283261.228255749,1.388722287,-1.291599952,-1.452597068
1781283261.229249239,1.377057669,-1.287421027,-1.496919001
1781283261.230855227,1.381501964,-1.227303451,-1.551546232
1781283261.233345509,1.402693057,-1.172495806,-1.600022140
1781283261.234348536,1.391706562,-1.178792740,-1.614046991
1781283261.240862131,1.416940113,-1.120503599,-1.651699768
1781283261.242983103,1.438341797,-1.082726510,-1.700117555
1781283261.244184732,1.432963598,-1.089883963,-1.712245774
1781283261.245869398,1.446415880,-1.040771619,-1.735014895
1781283261.253224850,1.438414053,-0.990746406,-1.768093030
1781283261.254325390,1.446550086,-1.025334897,-1.748427043
1781283261.255875587,1.445869919,-0.980395148,-1.784649680
1781283261.258301258,1.451523644,-0.937819433,-1.798388403
1781283261.259294748,1.442277794,-0.945370848,-1.801296906
1781283261.263239384,1.445794570,-0.906871444,-1.820259421
1781283261.265841961,1.443868253,-0.921150635,-1.808890958
1781283261.267931700,1.427236774,-0.888139356,-1.833316293
1781283261.269178152,1.416905039,-0.890654630,-1.842390174
1781283261.270845890,1.414376873,-0.851985907,-1.869746395
1781283261.278264999,1.399298411,-0.808807779,-1.908201248
1781283261.279304028,1.402974092,-0.840840033,-1.969748907
1781283261.280913115,1.386841469,-0.800236799,-2.024886941
1781283261.283358097,1.380770951,-0.756519510,-2.059829045
1781283261.284368992,1.360766348,-0.762217895,-2.087995771
1781283261.290808439,1.358242625,-0.719797218,-2.126733063
1781283261.292958736,1.376233275,-0.716426542,-2.193315146
1781283261.294168234,1.379783961,-0.737473723,-2.211413892
1781283261.295859575,1.381650462,-0.691593626,-2.235972346
1781283261.303214312,1.376751483,-0.662937880,-2.273754535
1781283261.304210663,1.405640814,-0.697018116,-2.322818710
1781283261.305893898,1.393968191,-0.653735682,-2.356688534
1781283261.308356285,1.383991524,-0.626456752,-2.384653629
1781283261.309340954,1.378068611,-0.639093173,-2.396698029
1781283261.315813780,1.371294488,-0.606647686,-2.418196683
1781283261.317975521,1.350051948,-0.579236924,-2.446265262
1781283261.319183826,1.344580354,-0.603494769,-2.454004079
1781283261.320841551,1.334438980,-0.574940060,-2.468738700
1781283261.324882984,1.320502614,-0.546747184,-2.484467674
1781283261.328319311,1.318260213,-0.567522709,-2.472836640
1781283261.329176426,1.313532958,-0.588474798,-2.459681484
1781283261.331047773,1.305951902,-0.570467555,-2.469592821
1781283261.333358526,1.300584107,-0.536426869,-2.473452555
1781283261.334361076,1.301831830,-0.559943938,-2.463388602
1781283261.340324402,1.290926516,-0.527443433,-2.465934750
1781283261.340866566,0.000000000,0.000000000,0.000000000
1781283261.342530251,1.275546341,-0.532565586,-2.443293253
1781283261.345888615,1.249773270,-0.518778289,-2.448483487
1781283261.353272438,1.223194811,-0.523939820,-2.415106359
1781283261.354297400,1.206484987,-0.565775362,-2.354979803
1781283261.355920553,1.177595632,-0.550672524,-2.366327079
1781283261.358369827,1.170989279,-0.511173636,-2.392076442
1781283261.359158516,1.157655264,-0.528320669,-2.418592627
1781283261.365797758,1.145526883,-0.484274250,-2.461600065
1781283261.368025303,1.113033814,-0.477034709,-2.552080611
1781283261.369222164,1.098860726,-0.514943455,-2.592764918
1781283261.370897293,1.077572763,-0.488794238,-2.621084178
1781283261.378277063,1.038460438,-0.468129707,-2.655347972
1781283261.379278183,1.032282569,-0.539581438,-2.702073694
1781283261.380886793,1.001045412,-0.522265371,-2.727049501
1781283261.383339405,0.978724654,-0.485820583,-2.756622712
1781283261.384323120,0.965975784,-0.510927746,-2.754400260
1781283261.386274815,0.956050738,-0.470958775,-2.790563602
1781283261.390814066,0.956400220,-0.486499964,-2.794782261
1781283261.393020391,0.924881970,-0.470001337,-2.831017938
1781283261.394264936,0.916217157,-0.498047650,-2.857978594
1781283261.395844698,0.896618742,-0.455695972,-2.882987761
1781283261.401607990,0.871887666,-0.439263759,-2.906626169
1781283261.403353691,0.874523377,-0.450427840,-2.906597931
1781283261.404360533,0.876101693,-0.459260478,-2.899525660
1781283261.405967236,0.852024016,-0.440993406,-2.911691299
1781283261.408365488,0.845864389,-0.401862250,-2.916595588
1781283261.409353018,0.851919645,-0.418016108,-2.911199003
1781283261.415740490,0.846606018,-0.383312450,-2.909877749
1781283261.416521311,0.866111008,-0.410110011,-2.914912991
1781283261.417406082,0.000000000,0.000000000,0.000000000
1781283261.419236422,0.847832466,-0.368903484,-2.933765459
1781283261.420868635,0.855809092,-0.373739667,-2.934474493
1781283261.428261280,0.857271436,-0.375170088,-2.939465813
1781283261.429265261,0.878431785,-0.421470276,-2.943503093
1781283261.430885792,0.867565990,-0.410394112,-2.946258066
1781283261.432724476,0.863521440,-0.410577865,-2.944841253
1781283261.434342146,0.850406352,-0.405242311,-2.940523411
1781283261.440850019,0.862175643,-0.424718628,-2.938843421
1781283261.443017244,0.881573821,-0.448566014,-2.922498075
1781283261.444242001,0.876884929,-0.450852019,-2.928297253
1781283261.445851803,0.884074268,-0.444716612,-2.936478475
1781283261.453339100,0.873885169,-0.430363915,-2.949800371
1781283261.454327106,0.895825544,-0.464201300,-2.988203781
1781283261.455876589,0.891133896,-0.462083644,-3.010367550
1781283261.458341837,0.877660920,-0.443741507,-3.027245708
1781283261.459333897,0.880991956,-0.467583738,-3.054213709
1781283261.463293791,0.871939757,-0.448902621,-3.076356872
1781283261.465851784,0.884803934,-0.463914834,-3.096937495
1781283261.467983484,0.884387384,-0.461137066,-3.127633929
1781283261.469187498,0.894262435,-0.480141691,-3.134201895
1781283261.470907450,0.881936790,-0.457221182,-3.149801654
1781283261.478233814,0.877815553,-0.453582293,-3.157503045
1781283261.479251623,0.887267099,-0.468123442,-3.182353252
1781283261.480971575,0.877196107,-0.461358005,-3.189815236
1781283261.483316660,0.868720234,-0.454356809,-3.201353257
1781283261.484292030,0.871248218,-0.459318412,-3.203914382
1781283261.490819693,0.862624678,-0.452840348,-3.209864301
1781283261.492956638,0.860705009,-0.455773202,-3.217676739
1781283261.494181633,0.861046860,-0.463912774,-3.211842870
1781283261.495887041,0.856873989,-0.456933545,-3.209296096
1781283261.503342867,0.850534186,-0.455332647,-3.214656989
1781283261.504162788,0.849947117,-0.476985801,-3.181164628
1781283261.506010771,0.843540280,-0.472808346,-3.182511819
1781283261.508565187,0.839294122,-0.467674023,-3.170120178
1781283261.509357929,0.845500135,-0.465263580,-3.170422685
1781283261.515841722,0.839471813,-0.456207127,-3.158973202
1781283261.518051147,0.853709784,-0.458083503,-3.128259994
1781283261.519274235,0.866399502,-0.454456033,-3.124242344
1781283261.520906687,0.869965505,-0.452501223,-3.112632119
1781283261.525536537,0.868304623,-0.453736644,-3.109294467
1781283261.526224852,0.875293105,-0.459368520,-3.104049749
1781283261.528366089,0.878016951,-0.469252675,-3.094720937
1781283261.529388905,0.884943119,-0.468792117,-3.094732434
1781283261.530820131,0.884950898,-0.472148037,-3.103033080
1781283261.533456802,0.880546136,-0.458197834,-3.109647299
1781283261.534212351,0.892447958,-0.467767716,-3.116613701
1781283261.540775061,0.886872244,-0.451017633,-3.123865739
1781283261.541557789,0.926081942,-0.457651253,-3.163799535
1781283261.542704105,0.000000000,0.000000000,0.000000000
1781283261.544237137,0.928929621,-0.448459952,-3.181043939
1781283261.545871019,0.937342834,-0.451203115,-3.187424264
1781283261.547570229,0.941163412,-0.443020341,-3.203157599
1781283261.553306580,0.946894523,-0.457525968,-3.207216747
1781283261.554341078,0.966672518,-0.469966422,-3.233030547
1781283261.555889130,0.968575238,-0.480044061,-3.244239087
1781283261.558319569,0.964980919,-0.466752925,-3.257592419
1781283261.559345007,0.973687591,-0.480674122,-3.255030651
1781283261.565968752,0.968153074,-0.471181179,-3.265149197
1781283261.567511559,0.971635032,-0.486095264,-3.282151139
1781283261.570908070,0.974659234,-0.487699313,-3.283099537
1781283261.578331947,0.961530386,-0.495104103,-3.280163407
1781283261.579302788,0.968259209,-0.510397144,-3.289435760
1781283261.581005096,0.958223342,-0.502420232,-3.291347357
1781283261.583396912,0.962050021,-0.501892037,-3.301916990
1781283261.584171057,0.959285265,-0.506692436,-3.310033908
1781283261.588004112,0.958936017,-0.508303912,-3.311389148
1781283261.590870619,0.968758577,-0.514791926,-3.307194479
1781283261.592977524,0.966947526,-0.520551252,-3.310957257
1781283261.594203711,0.965805295,-0.522209611,-3.305772831
1781283261.595884800,0.965692393,-0.525459939,-3.300052377
1781283261.602844477,0.959055781,-0.523673842,-3.302501809
1781283261.604335308,0.966637804,-0.541691949,-3.286137656
1781283261.605948210,0.960158154,-0.541696362,-3.286258953
1781283261.608451605,0.961891656,-0.543517894,-3.289177578
1781283261.609204769,0.967906588,-0.540817484,-3.291075660
1781283261.615871191,0.963519844,-0.539406863,-3.288203682
1781283261.617969990,0.985296246,-0.535458157,-3.304052324
1781283261.619215012,0.987322039,-0.536536678,-3.307033256
1781283261.620882750,0.990081944,-0.536007572,-3.310836832
1781283261.628226757,0.993030941,-0.529558282,-3.311641412
1781283261.629252434,1.010145539,-0.536503208,-3.317812667
1781283261.630877495,1.013147431,-0.542520071,-3.327817146
1781283261.632940054,1.009262403,-0.526183932,-3.339839173
1781283261.634295702,1.018956128,-0.538004257,-3.340165123
1781283261.640797138,1.015430192,-0.522272222,-3.346900969
1781283261.642958641,1.015530822,-0.521244883,-3.369009491
1781283261.644194126,1.024540788,-0.526212126,-3.381451377
1781283261.645859241,1.018151183,-0.509313967,-3.385294807
1781283261.647817373,1.022222053,-0.513444507,-3.382243793
1781283261.653311253,1.022570418,-0.508937306,-3.385108792
1781283261.654334068,1.036561971,-0.530206572,-3.385893650
1781283261.655857325,1.027929564,-0.519343159,-3.381970890
1781283261.658491135,1.028852134,-0.512086655,-3.380998754
1781283261.659278393,1.023872153,-0.522438276,-3.368573284
1781283261.663312435,1.024290060,-0.513738209,-3.380627974
1781283261.665894985,1.020553266,-0.515560663,-3.374045368
1781283261.668055534,1.008316511,-0.513406427,-3.368744923
1781283261.669270992,1.008022943,-0.523465812,-3.368660522
1781283261.670928717,1.004804068,-0.508398997,-3.364719179
1781283261.678325891,0.999110864,-0.515694834,-3.365604123
1781283261.679317474,0.983450013,-0.519205468,-3.328449554
1781283261.680996418,0.973867070,-0.505670350,-3.329920644
1781283261.683532953,0.966836105,-0.504731204,-3.325588915
1781283261.684297800,0.965953774,-0.500445505,-3.317791921
1781283261.690859795,0.958995767,-0.498514846,-3.306465845
1781283261.692984343,0.944791738,-0.481100763,-3.294276182
1781283261.694206715,0.941126978,-0.472351387,-3.272980273
1781283261.695897102,0.943324020,-0.470852191,-3.261079769
1781283261.703270197,0.942226424,-0.459546864,-3.260302428
1781283261.704300404,0.924277438,-0.442401198,-3.238311908
1781283261.706025839,0.924411223,-0.441260213,-3.236877762
1781283261.708403349,0.922187037,-0.434758069,-3.237039923
1781283261.709161997,0.915345804,-0.426703658,-3.242390722
1781283261.711042166,0.913344585,-0.421099430,-3.240000376
1781283261.715845108,0.911824464,-0.416172115,-3.245671220
1781283261.717529535,0.909820505,-0.413758254,-3.249763750
1781283261.719188213,0.912999906,-0.404999863,-3.257776412
1781283261.720865011,0.899164156,-0.391694604,-3.263502400
1781283261.726025581,0.904922603,-0.398969012,-3.271801889
1781283261.728267193,0.898455348,-0.378629014,-3.307843970
1781283261.729308844,0.897859024,-0.374332917,-3.311225751
1781283261.730902433,0.910913395,-0.368300905,-3.329999670
1781283261.733404875,0.921641371,-0.363419365,-3.342125725
1781283261.734055996,0.000000000,0.000000000,0.000000000
1781283261.740872860,0.933757180,-0.361314830,-3.366398503
1781283261.742572308,0.948715675,-0.317716268,-3.437891480
1781283261.744237185,0.973307191,-0.298808802,-3.468000561
1781283261.745967627,0.964736942,-0.280159212,-3.487562652
1781283261.753376961,0.989329536,-0.271096130,-3.489629479
1781283261.754169703,0.987667736,-0.178736335,-3.565189693
1781283261.756018877,1.001265550,-0.167848186,-3.586413246
1781283261.758433342,1.015118637,-0.179431078,-3.597146144
1781283261.759087801,0.000000000,0.000000000,0.000000000
1781283261.765879154,1.036125403,-0.171854675,-3.611990250
1781283261.768064499,1.039401995,-0.107230944,-3.677053637
1781283261.769294024,1.030808446,-0.043714580,-3.682989106
1781283261.770927191,1.048226690,-0.082747218,-3.680888949
1781283261.773593187,1.063358131,-0.082130072,-3.664871084
1781283261.774145126,0.000000000,0.000000000,0.000000000
1781283261.778418541,1.062044681,-0.068913970,-3.662041601
1781283261.779245377,1.029832595,0.019163647,-3.636448408
1781283261.781044483,1.053770362,0.010244853,-3.628983377
1781283261.783397198,1.065821203,-0.025724559,-3.616635274
1781283261.784371853,1.067080741,0.023281468,-3.622379364
1781283261.788774490,1.078750635,-0.010639862,-3.600204667
1781283261.789457083,1.057269685,0.027668906,-3.577249723
1781283261.791055441,1.052106309,0.081580496,-3.559725322
1781283261.792991877,1.069196259,0.028985593,-3.533981692
1781283261.794190884,1.062642922,0.087757724,-3.521628318
1781283261.795865297,1.079657258,0.026310135,-3.498318259
1781283261.803348780,1.108019387,0.011804023,-3.475497076
1781283261.804337978,1.071450561,0.112066572,-3.424705296
1781283261.806005716,1.102059971,0.078114725,-3.405974780
1781283261.808620930,1.114175538,0.021257905,-3.388717680
1781283261.809386253,1.115631753,0.065352299,-3.385464814
1781283261.816056490,1.129505285,0.012378735,-3.377710190
1781283261.817575216,1.121365992,0.050037443,-3.383609279
1781283261.819187880,1.146502309,0.014636777,-3.372498432
1781283261.820842981,1.138370693,0.035122014,-3.374240332
1781283261.828404427,1.193247002,-0.033006374,-3.343583351
1781283261.829208374,1.214560897,0.048626932,-3.328481280
1781283261.830978155,1.247995524,0.030342720,-3.312856279
1781283261.833386898,1.271649707,-0.022401741,-3.300106851
1781283261.834361315,1.272441421,0.015773535,-3.278802994
1781283261.840835094,1.291273019,-0.031049778,-3.264644954
1781283261.843045712,1.266521228,-0.022155738,-3.218663164
1781283261.844264269,1.264238419,-0.000165172,-3.206810072
1781283261.845911503,1.274799581,-0.040140478,-3.185449288
1781283261.851082325,1.304625109,-0.072052174,-3.153597665
1781283261.853290558,1.253660708,-0.054815370,-3.099368254
1781283261.854306936,1.258063098,-0.037421598,-3.065538230
1781283261.855985165,1.289828032,-0.063395584,-3.036324508
1781283261.858372211,1.292923848,-0.131876492,-3.005157786
1781283261.859340668,1.313304839,-0.097061347,-2.986137936
1781283261.865832090,1.321581202,-0.167046047,-2.951216494
1781283261.868030548,1.317357719,-0.179015310,-2.899726118
1781283261.869287014,1.327367875,-0.137852010,-2.893860826
1781283261.870894909,1.324693056,-0.187448623,-2.868934343
1781283261.878283501,1.360040628,-0.203563482,-2.850027876
1781283261.879276752,1.337046747,-0.165779888,-2.787175787
1781283261.880979776,1.383732599,-0.188123892,-2.744678625
1781283261.883375406,1.410259384,-0.265915578,-2.709090019
1781283261.884374142,1.444473728,-0.240228522,-2.673423056
1781283261.890813589,1.459314202,-0.323203423,-2.634935299
1781283261.892977238,1.451282190,-0.357013532,-2.560953209
1781283261.894187450,1.465290189,-0.325509571,-2.539914928
1781283261.895860910,1.471907249,-0.404248198,-2.516285506
1781283261.903240442,1.512245747,-0.477462247,-2.470367874
1781283261.904250145,1.516441437,-0.413639610,-2.462405800
1781283261.905900002,1.568142338,-0.493114090,-2.416057145
1781283261.908379793,1.570035678,-0.593397499,-2.385269480
1781283261.909233570,1.610178688,-0.568599444,-2.373850809
1781283261.912639141,1.608345667,-0.671662836,-2.344858072
1781283261.915830135,1.624743268,-0.661010584,-2.353006780
1781283261.918061018,1.675129529,-0.742996257,-2.300576425
1781283261.919250488,1.722889148,-0.725183558,-2.291158301
1781283261.920876503,1.724313694,-0.829061590,-2.263602669
1781283261.927962542,1.758553463,-0.911739787,-2.222818936
1781283261.929164648,1.830159125,-0.873256098,-2.228141108
1781283261.931039095,1.841227224,-0.955102780,-2.197460831
1781283261.933396816,1.835981473,-1.024932027,-2.182964934
1781283261.934159994,1.855372374,-1.012094179,-2.173304092
1781283261.940814972,1.838157226,-1.074541857,-2.154201516
1781283261.943024158,1.830784853,-1.117635885,-2.106393759
1781283261.944269896,1.847864756,-1.118432920,-2.079150806
1781283261.945925951,1.827926547,-1.191652893,-2.053056795
1781283261.953243017,1.823305758,-1.272877297,-1.999098195
1781283261.954245567,1.838327153,-1.279489440,-1.970802604
1781283261.955891609,1.836033006,-1.355140146,-1.916727789
1781283261.958378792,1.803103949,-1.438723918,-1.881087168
1781283261.959355593,1.820435583,-1.434987684,-1.865683036
1781283261.965837240,1.783843106,-1.515206812,-1.828409079
1781283261.967970610,1.754411670,-1.571413752,-1.766759444
1781283261.969176769,1.769294628,-1.555212081,-1.746491134
1781283261.970898390,1.730684732,-1.636832681,-1.715505422
1781283261.974922657,1.713697719,-1.690460078,-1.658784481
1781283261.978304863,1.716520081,-1.684127502,-1.660449388
1781283261.979292870,1.745727780,-1.683013483,-1.640520098
1781283261.981009007,1.731489496,-1.754388528,-1.585820420
1781283261.983417988,1.717055394,-1.818230018,-1.557951543
1781283261.984182358,1.738701714,-1.819507490,-1.537631265
1781283261.990809679,1.715437810,-1.874191575,-1.509160748
1781283261.993000507,1.711948490,-1.911205837,-1.484730684
1781283261.994191885,1.723599707,-1.890266592,-1.478289920
1781283261.995912313,1.706159022,-1.940073264,-1.459546980
1781283262.003232002,1.693751047,-1.976796294,-1.414562277
1781283262.004259109,1.750991634,-1.973878057,-1.407312084
1781283262.005919456,1.723805963,-2.020116418,-1.370350841
1781283262.008419275,1.701107260,-2.063746436,-1.345466629
1781283262.009163141,1.703853535,-2.065478712,-1.327936391
1781283262.015888929,1.679502745,-2.104708406,-1.300346625
1781283262.018074036,1.657054464,-2.130040500,-1.257674279
1781283262.019302845,1.659931166,-2.134003573,-1.250500741
1781283262.020942688,1.635481493,-2.156442281,-1.226906498
1781283262.028269053,1.617529100,-2.197494601,-1.197622021
1781283262.029244900,1.671341112,-2.199835565,-1.208442442
1781283262.030877590,1.650703735,-2.233818311,-1.182517539
1781283262.033414841,1.619961161,-2.270587169,-1.159774436
1781283262.034162283,1.618477770,-2.274076612,-1.153303268
1781283262.040851593,1.585123834,-2.311304154,-1.127072612
1781283262.043098450,1.547272121,-2.354906456,-1.071293537
1781283262.044304848,1.550367236,-2.364902516,-1.057171629
1781283262.045923710,1.523592874,-2.402604854,-1.023700427
1781283262.051169872,1.490222341,-2.433977047,-0.993034137
1781283262.053306103,1.500369397,-2.449859549,-0.992285815
1781283262.054305315,1.508157430,-2.453252426,-0.993297576
1781283262.056005955,1.489147212,-2.484563492,-0.962333135
1781283262.058425903,1.455881130,-2.520620297,-0.937066856
1781283262.059188604,1.475600746,-2.536089632,-0.936518304
1781283262.065822124,1.447182263,-2.572496964,-0.911154132
1781283262.068057537,1.467511138,-2.645698274,-0.893262119
1781283262.069251299,1.496311075,-2.669561239,-0.905269555
1781283262.070894241,1.467863705,-2.700959680,-0.891797188
1781283262.078274488,1.456702518,-2.731875165,-0.891260703
1781283262.079279184,1.548809069,-2.762249855,-0.958691852
1781283262.080891609,1.537351072,-2.791013486,-0.955954243
1781283262.083403587,1.529907112,-2.821576275,-0.945881302
1781283262.084367037,1.535814256,-2.827808158,-0.949296970
1781283262.090873480,1.528782550,-2.865747244,-0.939949620
1781283262.093017817,1.535239051,-2.948866835,-0.915026372
1781283262.094279051,1.564187854,-2.979485529,-0.904032751
1781283262.095896959,1.554849516,-3.024173321,-0.879240077
1781283262.103346586,1.539896536,-3.064628520,-0.837172678
1781283262.104372501,1.583977352,-3.130791453,-0.822195344
1781283262.106017590,1.568393065,-3.165420961,-0.780739011
1781283262.108421087,1.545097072,-3.200422593,-0.751537244
1781283262.109191179,1.551580918,-3.210349036,-0.751337769
1781283262.111916542,1.533652499,-3.245627962,-0.719790673
1781283262.112447023,0.000000000,0.000000000,0.000000000
1781283262.115867853,1.537110538,-3.254993976,-0.721729636
1781283262.118057966,1.535516819,-3.311292142,-0.686487914
1781283262.119271040,1.558012436,-3.348959301,-0.668996211
1781283262.120914221,1.541779561,-3.379216560,-0.636532748
1781283262.127647638,1.518489154,-3.411752517,-0.595951958
1781283262.129215956,1.485437048,-3.444761974,-0.580668765
1781283262.130846500,1.488613113,-3.441343879,-0.585521575
1781283262.133401155,1.447866880,-3.443548414,-0.573822280
1781283262.134367228,1.460670717,-3.434639194,-0.573947885
1781283262.140890360,1.429593278,-3.445369642,-0.567887479
1781283262.143033504,1.424914777,-3.466224866,-0.557378536
1781283262.144244194,1.433780871,-3.491198143,-0.553188162
1781283262.145962477,1.418461426,-3.511315270,-0.536937528
1781283262.153311253,1.407809175,-3.540160874,-0.504956376
1781283262.154336929,1.426527828,-3.605467235,-0.483254260
1781283262.155885696,1.412681985,-3.622725432,-0.455498010
1781283262.158301592,1.397959756,-3.642922448,-0.439573052
1781283262.159155846,1.398807778,-3.648141006,-0.430292294
1781283262.165877819,1.384402016,-3.656024007,-0.412403864
1781283262.168141603,1.374992686,-3.678551132,-0.404603321
1781283262.169356823,1.373856081,-3.681053018,-0.399512020
1781283262.170980453,1.376039770,-3.694929306,-0.391386792
1781283262.174340010,1.372332214,-3.713392717,-0.369924725
1781283262.178367615,1.393338863,-3.725167143,-0.382149581
1781283262.179381847,1.393544294,-3.731173588,-0.383993137
1781283262.180913925,1.382590104,-3.739750707,-0.358898839
1781283262.183422089,1.381627710,-3.747862136,-0.349342402
1781283262.184207678,1.375137407,-3.755481113,-0.335630013
1781283262.189412594,1.377316881,-3.764249784,-0.317507587
1781283262.190897703,1.370371793,-3.786008009,-0.301776174
1781283262.193163633,1.373996303,-3.796567089,-0.275810841
1781283262.194353819,1.362150277,-3.795190327,-0.263841141
1781283262.196000576,1.354275392,-3.806098564,-0.248047794
1781283262.197510958,1.335888327,-3.802277510,-0.224238702
1781283262.203318357,1.335673638,-3.797371289,-0.232103725
1781283262.204308987,1.302144211,-3.761865811,-0.243571144
1781283262.205896616,1.294454064,-3.753301375,-0.231062532
1781283262.208451748,1.282608122,-3.758320100,-0.217486576
1781283262.209218502,1.287356049,-3.758826151,-0.220504011
1781283262.215954542,1.272266433,-3.766295592,-0.206020523
1781283262.218305349,1.251438884,-3.782911833,-0.189057973
1781283262.219271183,1.252583012,-3.786233194,-0.181877093
1781283262.220993519,1.245087456,-3.800237115,-0.163268240
1781283262.222572803,1.242857732,-3.809701375,-0.135403700
1781283262.228393316,1.243585707,-3.819683487,-0.131696392
1781283262.229395390,1.254865272,-3.830793426,-0.131918182
1781283262.230922699,1.240568214,-3.832296278,-0.105505561
1781283262.233456373,1.242193505,-3.834600678,-0.090583195
1781283262.234224319,1.242060842,-3.846137609,-0.087049259
1781283262.240956068,1.243650661,-3.844568617,-0.079304927
1781283262.242592096,1.256804673,-3.884257573,-0.064112970
1781283262.244245052,1.253789701,-3.897269857,-0.039771007
1781283262.245943546,1.251762835,-3.906403323,-0.039680653
1781283262.251621485,1.240565019,-3.913183692,-0.021763185
1781283262.253276110,1.245777630,-3.935582980,-0.026359697
1781283262.254419088,1.241570035,-3.948228000,-0.022298674
1781283262.255987406,1.234010642,-3.965804102,-0.003963181
1781283262.258453369,1.229837014,-3.962789878,0.004839705
1781283262.259222746,1.215693224,-3.966861611,0.002690893
1781283262.265828609,1.218441559,-3.976995285,0.011047404
1781283262.268144369,1.203066269,-4.002496713,0.038118052
1781283262.269375086,1.192918034,-4.006439897,0.050549072
1781283262.270911694,1.200817938,-4.008727639,0.068160467
1781283262.278231621,1.189347653,-4.015286195,0.086092707
1781283262.279215097,1.166581076,-4.022134937,0.114089810
1781283262.280873299,1.170445881,-4.019321745,0.114503426
1781283262.283419371,1.160590013,-4.012584555,0.116072044
1781283262.284186602,1.162588337,-4.003163338,0.119626398
1781283262.290894985,1.156896046,-3.998479047,0.115399751
1781283262.293080568,1.149950482,-3.984401043,0.127722776
1781283262.294280291,1.148701791,-3.982716819,0.131948420
1781283262.295914412,1.144183526,-3.986099178,0.130721979
1781283262.303344250,1.153203566,-3.977319009,0.125986731
1781283262.304370880,1.137877831,-3.992628325,0.137485773
1781283262.305920124,1.145234574,-4.000727666,0.126437125
1781283262.308422565,1.145708850,-3.991550292,0.107044675
1781283262.309179783,1.150508042,-4.005832713,0.108568323
1781283262.313307285,1.148170003,-4.006991120,0.091786971
1781283262.315871716,1.139954705,-4.015973029,0.085384213
1781283262.318027258,1.151724709,-4.032009260,0.079654476
1781283262.319283009,1.154528215,-4.051561635,0.085711952
1781283262.320935011,1.155288423,-4.063115792,0.076527131
1781283262.328284740,1.170837865,-4.072938493,0.073867219
1781283262.329267263,1.168768755,-4.108828706,0.082615064
1781283262.330955029,1.163926970,-4.118698983,0.086883201
1781283262.333428621,1.177587998,-4.125847849,0.081119452
1781283262.334192991,1.169265283,-4.133234152,0.081892601
1781283262.340838909,1.185661143,-4.140180828,0.078314465
1781283262.343030691,1.178201514,-4.158488263,0.083792153
1781283262.344253063,1.173223008,-4.167973799,0.089904476
1781283262.345927477,1.180019741,-4.167301229,0.089399547
1781283262.353337288,1.183262799,-4.170537191,0.095702208
1781283262.354336262,1.164074018,-4.169001011,0.110068691
1781283262.355921745,1.166229624,-4.162964050,0.109744254
1781283262.358418226,1.165254867,-4.163983010,0.105464089
1781283262.359181404,1.155759284,-4.161835558,0.115069629
1781283262.365849972,1.164521018,-4.157744407,0.113771409
1781283262.368023157,1.160547421,-4.157628563,0.138473500
1781283262.369239330,1.148531579,-4.156642802,0.144690836
1781283262.370941162,1.164183707,-4.163815242,0.146151368
1781283262.376016617,1.159372945,-4.155641311,0.143564374
1781283262.378294706,1.137762611,-4.129656897,0.159020791
1781283262.379332781,1.113481847,-4.128714267,0.173563145
1781283262.380939722,1.125797257,-4.113598578,0.168846657
1781283262.383448362,1.125174482,-4.104682917,0.164624013
1781283262.384190559,1.114819634,-4.096755473,0.171376135
1781283262.390789270,1.116569842,-4.081534970,0.158970443
1781283262.391556263,1.069593526,-4.040792985,0.177581166
1781283262.392436981,0.000000000,0.000000000,0.000000000
1781283262.394202709,1.091104274,-4.025248379,0.151907920
1781283262.395928860,1.071646194,-4.007848240,0.148360346
1781283262.403437138,1.068633964,-3.982473456,0.142494199
1781283262.404209614,1.018639368,-3.945898872,0.157428684
1781283262.406034231,1.032351314,-3.933672786,0.137449264
1781283262.408457041,1.043270354,-3.910993860,0.112733083
1781283262.409251928,1.036014972,-3.902752910,0.121862592
1781283262.415838242,1.043037841,-3.883953828,0.092121142
1781283262.417975664,1.047940364,-3.841030756,0.078359201
1781283262.419199705,1.028766001,-3.833831155,0.084212305
1781283262.420917749,1.040243365,-3.813576245,0.061668056
1781283262.428220034,1.063163147,-3.805147931,0.031028975
1781283262.429227352,1.047744592,-3.799617034,0.041356784
1781283262.430896282,1.070704311,-3.803366488,0.020929289
1781283262.433415413,1.095266916,-3.796388073,-0.005500124
1781283262.434060574,0.000000000,0.000000000,0.000000000
1781283262.437582970,1.112467796,-3.792529309,-0.032258875
1781283262.440897465,1.101950119,-3.796077049,-0.031603429
1781283262.443116188,1.130986097,-3.796109376,-0.055103615
1781283262.444340944,1.130720170,-3.807478896,-0.058436473
1781283262.445974588,1.149176522,-3.801866771,-0.080947587
1781283262.447516918,1.189869063,-3.803736812,-0.105287940
1781283262.452971697,1.179272807,-3.814169340,-0.105056633
1781283262.454365253,1.190626128,-3.839523368,-0.106387015
1781283262.455974102,1.208336816,-3.844803250,-0.132014708
1781283262.458441496,1.241824942,-3.844592791,-0.155748350
1781283262.459087849,0.000000000,0.000000000,0.000000000
1781283262.465879679,1.263410007,-3.840957466,-0.176938847
1781283262.468051195,1.281667952,-3.860446239,-0.202355302
1781283262.469323874,1.281585424,-3.871049676,-0.207371412
1781283262.470916986,1.309513703,-3.867226059,-0.228033408
1781283262.478374481,1.322224798,-3.854059095,-0.253795736
1781283262.479365587,1.288311146,-3.834748045,-0.247818572
1781283262.481012821,1.311210810,-3.816538408,-0.272410901
1781283262.483414650,1.314504758,-3.795055332,-0.286735360
1781283262.484198809,1.306268729,-3.778379980,-0.293009979
1781283262.490916491,1.310611111,-3.755842907,-0.310708464
1781283262.493086815,1.293024441,-3.697416121,-0.327424344
1781283262.494284391,1.257916257,-3.665087863,-0.328510264
1781283262.495939493,1.267852024,-3.639703859,-0.346284586
1781283262.499928951,1.284459178,-3.601326942,-0.380319127
1781283262.503371716,1.257879049,-3.580796410,-0.369819274
1781283262.504176617,1.237866470,-3.550198696,-0.365054943
1781283262.506036043,1.253606798,-3.524893103,-0.398520168
1781283262.508443117,1.263187015,-3.495540409,-0.424586618
1781283262.509205103,1.257071070,-3.483830381,-0.432464930
1781283262.515885592,1.268722706,-3.454737661,-0.457285510
1781283262.517592669,1.258121602,-3.440081675,-0.481928778
1781283262.519214630,1.287284817,-3.423850929,-0.533638189
1781283262.520987272,1.286115235,-3.434720480,-0.526279289
1781283262.522567749,1.299085529,-3.421771084,-0.583139016
1781283262.528353453,1.304914426,-3.437088968,-0.586549974
1781283262.529367447,1.302096853,-3.478963485,-0.621331374
1781283262.531038523,1.289190468,-3.470474827,-0.691306760
1781283262.533374548,1.285962913,-3.451293269,-0.730785940
1781283262.534368515,1.263893671,-3.459439313,-0.757146263
1781283262.540882111,1.277003423,-3.445274990,-0.800931599
1781283262.543132305,1.246334515,-3.440179415,-0.865000234
1781283262.544337749,1.230835562,-3.442809584,-0.878404505
1781283262.545928001,1.254945406,-3.427146932,-0.911919497
1781283262.547599316,1.288428531,-3.406152614,-0.957874569
1781283262.553372860,1.294111728,-3.410704518,-0.931683072
1781283262.554237366,1.340910742,-3.454493218,-0.884951554
1781283262.555857182,1.389011712,-3.439692897,-0.936295106
1781283262.558476210,1.450591288,-3.418494101,-1.000044510
1781283262.559251547,1.449613203,-3.447044752,-0.988882752
1781283262.562537909,1.523797149,-3.417956445,-1.054598900
1781283262.565805435,1.535206911,-3.438965537,-1.042646562
1781283262.568124533,1.619116568,-3.436336600,-1.075999895
1781283262.569350958,1.626384376,-3.447468743,-1.057783124
1781283262.570930243,1.685166408,-3.404843776,-1.119839967
1781283262.578374624,1.752541611,-3.362324678,-1.174671876
1781283262.579375505,1.768109997,-3.368107520,-1.085836611
1781283262.580852509,1.812698353,-3.311384056,-1.141029599
1781283262.583492279,1.864616617,-3.254020175,-1.189874606
1781283262.584240198,1.862451450,-3.251817510,-1.172814808
1781283262.590899467,1.907723768,-3.188034722,-1.227475575
1781283262.593225002,1.904177864,-3.066766411,-1.223301350
1781283262.594231367,1.883337406,-3.044348544,-1.232131950
1781283262.595942497,1.889682203,-2.973941383,-1.305845174
1781283262.603264809,1.912007389,-2.876688225,-1.402889335
1781283262.604256153,1.851519331,-2.794637771,-1.456859527
1781283262.605951071,1.869221162,-2.710162157,-1.572042477
1781283262.608572006,1.898035037,-2.621384033,-1.670755434
1781283262.609220982,0.000000000,0.000000000,0.000000000
1781283262.615896702,1.907156849,-2.521236653,-1.790094842
1781283262.618182659,1.849116857,-2.409914265,-1.915674376
1781283262.619254589,1.817968351,-2.400610522,-1.945206601
1781283262.620977879,1.806971064,-2.321687168,-2.025703382
1781283262.622558117,1.800484383,-2.235443515,-2.126280623
1781283262.626025677,1.787466712,-2.232977425,-2.119209061
1781283262.628423929,1.756959145,-2.243745742,-2.122905245
1781283262.629197598,1.739982684,-2.238195854,-2.143258138
1781283262.630843401,1.728935548,-2.164874710,-2.221318369
1781283262.633453131,1.734188513,-2.082065742,-2.281374110
1781283262.634211302,1.713103776,-2.086908011,-2.282906359
1781283262.640871763,1.718337504,-2.013291880,-2.345132146
1781283262.643076658,1.681399348,-1.958494925,-2.409524722
1781283262.644293547,1.672532163,-1.978785005,-2.410086370
1781283262.645975590,1.678606274,-1.903779864,-2.451785523
1781283262.647523880,1.680198833,-1.853317002,-2.496571876
1781283262.653305769,1.694939388,-1.866235424,-2.491109069
1781283262.654289961,1.747925523,-1.920764874,-2.470826508
1781283262.656002283,1.753150391,-1.878936989,-2.505898627
1781283262.658451080,1.778459363,-1.818632469,-2.539517723
1781283262.659217358,1.783786888,-1.847987151,-2.532166034
1781283262.665953875,1.810597337,-1.790552363,-2.563998670
1781283262.668139219,1.868797049,-1.756137246,-2.560256028
1781283262.669170856,1.867568275,-1.780857015,-2.548794468
1781283262.670985222,1.878510920,-1.717360007,-2.577742490
1781283262.672539711,1.867967738,-1.658329104,-2.610575047
1781283262.678287029,1.876623907,-1.660338347,-2.594693165
1781283262.679301262,1.845775379,-1.685603974,-2.611407712
1781283262.681031466,1.819497793,-1.616223475,-2.681401943
1781283262.683394194,1.800851246,-1.547689256,-2.744748923
1781283262.684376717,1.775365655,-1.554263211,-2.770591877
1781283262.688117266,1.755532673,-1.485339886,-2.835592451
1781283262.690876007,1.745298193,-1.518507723,-2.862811645
1781283262.693152189,1.709885610,-1.460773794,-2.944675990
1781283262.694174290,1.699069125,-1.479094545,-2.959858140
1781283262.695945024,1.686832613,-1.409067787,-3.020442636
1781283262.703372002,1.669001125,-1.332904680,-3.084495199
1781283262.704365253,1.697614586,-1.400481117,-3.135479209
1781283262.706022978,1.664415135,-1.343885757,-3.199123278
1781283262.708384514,1.635919638,-1.272734029,-3.251694436
1781283262.709383965,1.626883678,-1.301049863,-3.261824856
1781283262.715921164,1.592171239,-1.238286445,-3.304132341
1781283262.718182564,1.526496175,-1.231846909,-3.350966674
1781283262.719238281,1.512118927,-1.268640309,-3.365903874
1781283262.720996141,1.479023512,-1.200900702,-3.411847625
1781283262.722513914,1.437118712,-1.147217096,-3.466081828
1781283262.728404522,1.429857333,-1.168164564,-3.483510836
1781283262.729231596,1.421876479,-1.220185084,-3.493226971
1781283262.731039762,1.382347878,-1.177753244,-3.536222649
1781283262.733417034,1.366590335,-1.101225570,-3.579577553
1781283262.734200239,1.369678074,-1.134073533,-3.574573618
1781283262.741012096,1.349621729,-1.066004268,-3.616731578
1781283262.742511749,1.370309363,-1.041371528,-3.646377352
1781283262.744217396,1.356747401,-1.005554401,-3.660872654
1781283262.745955706,1.366482982,-1.007359212,-3.657458628
1781283262.749556541,1.364548126,-0.971925634,-3.674438816
1781283262.753407001,1.396627098,-0.978749193,-3.670392423
1781283262.754253387,1.428035336,-1.001843814,-3.666690303
1781283262.755825043,1.424525118,-0.969837294,-3.670019837
1781283262.758455515,1.420650639,-0.922080024,-3.689857241
1781283262.759213686,1.442981712,-0.945715829,-3.675202795
1781283262.765611887,1.438930302,-0.897675729,-3.693649047
1781283262.766145468,0.000000000,0.000000000,0.000000000
1781283262.767667770,1.460742968,-0.893473883,-3.699348033
1781283262.769208193,1.477659840,-0.875736778,-3.698422531
1781283262.770939112,1.485848739,-0.885890772,-3.697163917
1781283262.772517204,1.489255395,-0.861325770,-3.706804515
1781283262.778336763,1.504058998,-0.872138863,-3.705170536
1781283262.779324293,1.558463473,-0.910428587,-3.703603331
1781283262.780853033,1.559106072,-0.889789397,-3.725462894
1781283262.783449411,1.556167144,-0.853209101,-3.760432693
1781283262.784212828,1.573018093,-0.874629036,-3.765811742
1781283262.790875435,1.565624197,-0.831809520,-3.814906194
1781283262.793041706,1.575841462,-0.834628275,-3.899186936
1781283262.794238091,1.611012737,-0.873801999,-3.946760866
1781283262.795929193,1.601945651,-0.827848606,-3.987123849
1781283262.803276300,1.601617975,-0.809573395,-4.020270966
1781283262.804278612,1.672057360,-0.862707723,-4.111467510
1781283262.806039810,1.677299448,-0.836367755,-4.145368931
1781283262.808323860,1.668100534,-0.800691447,-4.179446529
1781283262.809289694,1.692163462,-0.822079259,-4.199065514
1781283262.815725088,1.679505400,-0.796421294,-4.233483635
1781283262.816472769,1.723466023,-0.852464629,-4.268448476
1781283262.817573786,0.000000000,0.000000000,0.000000000
1781283262.819184542,1.696336291,-0.797756805,-4.308530647
1781283262.820942402,1.715665566,-0.825205191,-4.330747254
1781283262.822608948,1.696413447,-0.752327932,-4.369311161
1781283262.825926065,1.712359483,-0.777562816,-4.385010889
1781283262.828279972,1.739340135,-0.794748115,-4.417221329
1781283262.829284191,1.761511651,-0.809488549,-4.437780236
1781283262.830923080,1.767346702,-0.819396162,-4.466201522
1781283262.833468437,1.760147422,-0.791574847,-4.506451447
1781283262.834114552,0.000000000,0.000000000,0.000000000
1781283262.841044426,1.759810683,-0.781985316,-4.546494297
1781283262.842611790,1.801773766,-0.822635704,-4.627410784
1781283262.844223976,1.809338286,-0.811191951,-4.648045025
1781283262.845958471,1.818593215,-0.817732595,-4.667898231
1781283262.853283882,1.820909132,-0.803822304,-4.690162186
1781283262.854269266,1.883827048,-0.878157658,-4.725959722
1781283262.855937958,1.883602925,-0.846473737,-4.746132543
1781283262.858457327,1.876412245,-0.807962084,-4.772176655
1781283262.859329224,1.896937185,-0.829998064,-4.772871959
1781283262.865913630,1.881049313,-0.792611677,-4.790006259
1781283262.867563486,1.918300168,-0.783437955,-4.809667028
1781283262.869200706,1.914531131,-0.751393593,-4.828162064
1781283262.870954514,1.929782142,-0.768424075,-4.825999728
1781283262.878277302,1.926920604,-0.742999527,-4.836775608
1781283262.879276991,1.957967245,-0.778078560,-4.857644752
1781283262.880944252,1.963771466,-0.765220896,-4.881066314
1781283262.883401632,1.948580600,-0.744535837,-4.902148410
1781283262.884171009,1.959507030,-0.751837284,-4.910174314
1781283262.888564110,1.952357921,-0.723563069,-4.932378885
1781283262.889248610,1.970532960,-0.731967752,-4.972443942
1781283262.890882015,1.979051071,-0.725954968,-4.998806909
1781283262.893051386,1.985813222,-0.715645505,-5.018507400
1781283262.894255400,2.009913289,-0.724120594,-5.037949177
1781283262.895910740,2.005236302,-0.714680315,-5.067292042
1781283262.903381109,2.010884661,-0.691822168,-5.095443140
1781283262.904200792,2.101174077,-0.725167755,-5.194579564
1781283262.905843258,2.115179945,-0.721686707,-5.228408258
1781283262.908471346,2.117427772,-0.699613811,-5.264282666
1781283262.909220695,2.150099810,-0.709162057,-5.283812655
1781283262.915918350,2.149033094,-0.689424276,-5.319462203
1781283262.918083429,2.197853527,-0.694369903,-5.417030089
1781283262.919378281,2.218021981,-0.699172790,-5.439988755
1781283262.920940638,2.216275686,-0.690321236,-5.461181986
1781283262.928322077,2.221075452,-0.677571450,-5.483369378
1781283262.929328680,2.245812142,-0.713018433,-5.490072666
1781283262.930845499,2.234123600,-0.709604219,-5.496973271
1781283262.933399439,2.216616615,-0.688928751,-5.514747806
1781283262.934175968,2.219975055,-0.698551263,-5.503708193
1781283262.940887213,2.204017561,-0.676298084,-5.518165998
1781283262.942974806,2.203131514,-0.668344155,-5.538821399
1781283262.944166183,2.217234918,-0.675712066,-5.536047860
1781283262.945892096,2.203966884,-0.654857603,-5.543453809
1781283262.951014280,2.209696707,-0.646749399,-5.555486216
1781283262.953355074,2.214463185,-0.639351528,-5.560929350
1781283262.954388380,2.224816133,-0.644999458,-5.570122596
1781283262.956039190,2.209572198,-0.627846771,-5.566284758
1781283262.958425522,2.206543930,-0.625338691,-5.565452497
1781283262.959192991,2.203812849,-0.620325403,-5.562156247
1781283262.965860844,2.196538417,-0.614778845,-5.568242333
1781283262.968043566,2.182420862,-0.596041212,-5.573836261
1781283262.969303370,2.186109287,-0.590515038,-5.571834113
1781283262.970993996,2.181750930,-0.582599601,-5.584804718
1781283262.972552538,2.179750624,-0.585931156,-5.596461412
1781283262.978342533,2.179504759,-0.576084394,-5.603837822
1781283262.979350328,2.199266945,-0.571606477,-5.629090042
1781283262.980837107,2.196663222,-0.569361974,-5.637898210
1781283262.983113527,2.203068657,-0.573611194,-5.652698906
1781283262.984194040,2.211025649,-0.563139094,-5.663161155
1781283262.990859270,2.219449218,-0.566712426,-5.674575644
1781283262.993043900,2.243771684,-0.562461902,-5.725135109
1781283262.994266272,2.247944739,-0.556247238,-5.735009077
1781283262.996101379,2.259138026,-0.559614540,-5.744947859
1781283262.997512817,2.260234027,-0.552243030,-5.752147880
1781283263.003356218,2.263352386,-0.552019320,-5.756852093
1781283263.004356146,2.262321985,-0.528575077,-5.783452232
1781283263.005976439,2.268822263,-0.524349335,-5.796158073
1781283263.008490324,2.262665395,-0.523873754,-5.806013253
1781283263.009235144,2.264697327,-0.513546251,-5.821481099
1781283263.014600515,2.270132170,-0.519369612,-5.829769945
1781283263.015935898,2.267289461,-0.517991836,-5.840113048
1781283263.018003941,2.271151697,-0.532107935,-5.839991949
1781283263.019216776,2.262593864,-0.521397928,-5.845412803
1781283263.020973682,2.278482664,-0.535007294,-5.845810106
1781283263.028253317,2.272922528,-0.532804585,-5.849878788
1781283263.029228687,2.279023284,-0.527490623,-5.851423826
1781283263.030890942,2.280584049,-0.521778455,-5.850078083
1781283263.033398628,2.270597295,-0.514107749,-5.849304128
1781283263.034372807,2.267569902,-0.516176094,-5.848124071
1781283263.040850878,2.261890139,-0.506692588,-5.845312006
1781283263.043022156,2.236440171,-0.477945660,-5.848262602
1781283263.044213057,2.233569278,-0.472347245,-5.847933399
1781283263.045950651,2.226329250,-0.462860904,-5.846752937
1781283263.053284883,2.227344247,-0.462220639,-5.847486911
1781283263.054297686,2.204933107,-0.434399359,-5.831873309
1781283263.056001425,2.192811540,-0.418979437,-5.825902557
1781283263.058444023,2.189470864,-0.413043526,-5.828132075
1781283263.059212923,2.182416568,-0.405324302,-5.823533692
1781283263.061641932,2.184992979,-0.399868941,-5.827419730
1781283263.065866470,2.175859675,-0.397760112,-5.830367376
1781283263.068042040,2.167107579,-0.367367858,-5.834314855
1781283263.069327354,2.162152997,-0.357805806,-5.836311769
1781283263.070963383,2.158406737,-0.352190060,-5.836578556
1781283263.072532415,2.159269294,-0.357461822,-5.836064228
1781283263.076707602,2.153837534,-0.341883976,-5.839373344
1781283263.078349590,2.138067855,-0.320568649,-5.846225869
1781283263.079364300,2.136849625,-0.311133257,-5.848512284
1781283263.081027031,2.129417135,-0.303737340,-5.851941507
1781283263.083438873,2.140723536,-0.323375303,-5.843917017
1781283263.084189415,2.128490541,-0.292624828,-5.843638768
1781283263.090781212,2.135632494,-0.320107196,-5.836159759
1781283263.091571093,2.118138335,-0.281026159,-5.842143054
1781283263.092450380,0.000000000,0.000000000,0.000000000
1781283263.094222307,2.137778774,-0.321711828,-5.831277843
1781283263.095923901,2.133761039,-0.307945590,-5.829143316
1781283263.103401423,2.127844187,-0.319485578,-5.815281935
1781283263.104185104,2.113592021,-0.299851330,-5.798529154
1781283263.106004715,2.112589912,-0.313010911,-5.787023595
1781283263.108436108,2.119646154,-0.321303424,-5.780383091
1781283263.109236717,2.106163981,-0.319967637,-5.777061497
1781283263.115853786,2.112093720,-0.323231958,-5.767620820
1781283263.117998123,2.101000578,-0.323207251,-5.742293139
1781283263.119277954,2.087916824,-0.302821708,-5.736913491
1781283263.120972157,2.089034370,-0.306558269,-5.733340930
1781283263.122516394,2.094488866,-0.309187474,-5.729234723
1781283263.128374100,2.085000007,-0.301414804,-5.726259060
1781283263.129379749,2.062776251,-0.276959936,-5.716477344
1781283263.130820513,2.059190901,-0.280999909,-5.706295686
1781283263.133484125,2.063895631,-0.288146239,-5.701492720
1781283263.134232283,2.049062638,-0.279031168,-5.691733668
1781283263.138633728,2.060655633,-0.286281843,-5.687011389
1781283263.139353275,2.042301340,-0.269293945,-5.678778541
1781283263.140740871,0.000000000,0.000000000,0.000000000
1781283263.143110514,2.042716321,-0.277903875,-5.673528942
1781283263.144331694,2.028708291,-0.247428147,-5.663431063
1781283263.145992756,2.037873061,-0.251807566,-5.657678267
1781283263.147574425,2.045016055,-0.257342632,-5.640085102
1781283263.153368950,2.030492395,-0.229922598,-5.634276939
1781283263.154388905,1.993849266,-0.189164783,-5.602852772
1781283263.155946493,1.995999326,-0.178882636,-5.589631567
1781283263.158505917,2.000483320,-0.203305802,-5.562572802
1781283263.159256458,1.982961185,-0.170961971,-5.539093298
1781283263.165804625,1.993465712,-0.191696554,-5.518333443
1781283263.167935848,1.969593458,-0.156928555,-5.451917656
1781283263.169365644,1.952376389,-0.147950621,-5.405175476
1781283263.170838833,1.935556274,-0.130677261,-5.380985153
1781283263.178364277,1.933438337,-0.146139052,-5.345573979
1781283263.179334641,1.836691170,-0.044713246,-5.227091175
1781283263.181018114,1.838714510,-0.060673289,-5.187927149
1781283263.183422327,1.845158695,-0.111592845,-5.135740917
1781283263.184184790,1.816377064,-0.058703158,-5.097737207
1781283263.190841198,1.823836084,-0.121749014,-5.040345385
1781283263.193005562,1.739698376,-0.100936006,-4.872057227
1781283263.194216013,1.707589573,-0.045658555,-4.845338973
1781283263.195958376,1.720625414,-0.112519533,-4.802412521
1781283263.200847149,1.732178054,-0.135129637,-4.771060465
1781283263.203413486,1.679098199,-0.078300215,-4.741405017
1781283263.204219580,1.628693760,0.011815976,-4.722578221
1781283263.205944300,1.650433021,-0.014145576,-4.707768096
1781283263.208428621,1.666452748,-0.083672038,-4.681422473
1781283263.209185600,1.651765165,-0.014167761,-4.689948803
1781283263.215878963,1.667499356,-0.083051683,-4.664195504
1781283263.217983723,1.687901958,-0.037725698,-4.661662413
1781283263.219268322,1.690169361,0.035029378,-4.660775652
1781283263.220970154,1.733520269,-0.037593317,-4.654218420
1781283263.222553015,1.772182993,-0.044189635,-4.644001375
1781283263.228388548,1.770109824,-0.031870232,-4.647045524
1781283263.229050398,0.000000000,0.000000000,0.000000000
1781283263.231000662,1.804877725,0.030910062,-4.640010053
1781283263.233493090,1.836549465,-0.008477627,-4.628902796
1781283263.234261274,1.837019577,0.038132643,-4.628821871
1781283263.240964651,1.862366155,-0.007071126,-4.621016713
1781283263.243122339,1.870086017,0.016464879,-4.612782824
1781283263.244334459,1.861739024,0.062886765,-4.591872885
1781283263.245944500,1.882262137,0.008545057,-4.559595544
1781283263.247595787,1.905338911,-0.016842050,-4.512631281
1781283263.253395319,1.890865150,-0.018268467,-4.486534301
1781283263.254282951,1.834904525,0.014908647,-4.380112082
1781283263.255819082,1.845685417,-0.023458505,-4.334132572
1781283263.258423090,1.845041855,-0.073503198,-4.298678143
1781283263.259187698,1.824019838,-0.058092619,-4.269859990
1781283263.262372017,1.823166164,-0.107463710,-4.234379652
1781283263.262918949,0.000000000,0.000000000,0.000000000
1781283263.266081810,1.777741050,-0.092375591,-4.181874895
1781283263.267681837,1.781884916,-0.143549713,-4.109530165
1781283263.269275904,1.793504145,-0.203998540,-4.054093979
1781283263.271014214,1.768609691,-0.212309306,-4.009232699
1781283263.272529125,1.795388688,-0.281977804,-3.951946715
1781283263.277581453,1.773664091,-0.302880446,-3.906695011
1781283263.279283762,1.760851676,-0.395608878,-3.775235270
1781283263.280927896,1.764993702,-0.412442569,-3.737073385
1781283263.283507109,1.779917343,-0.478572590,-3.699625189
1781283263.284269094,1.794678986,-0.483603746,-3.672746806
1781283263.290935755,1.810818958,-0.552628353,-3.642652328
1781283263.293184519,1.892590712,-0.644668828,-3.611395090
1781283263.294231415,1.923522675,-0.644363309,-3.599725696
1781283263.295960426,1.962202871,-0.758556919,-3.573575863
1781283263.303361893,2.037586888,-0.909250552,-3.509393850
1781283263.304347277,2.127248828,-0.857927493,-3.583527724
1781283263.306033850,2.207125287,-1.014737089,-3.516986987
1781283263.308440685,2.262101292,-1.179089628,-3.460426614
1781283263.309406996,2.297354619,-1.173766303,-3.447893370
1781283263.315883875,2.330184697,-1.329552329,-3.383240324
1781283263.318041086,2.389109339,-1.480884627,-3.302792997
1781283263.319247484,2.399093703,-1.469803729,-3.291301560
1781283263.321006298,2.401076388,-1.598218490,-3.230841979
1781283263.322519779,2.408452421,-1.711861510,-3.155923564
1781283263.328382969,2.403184614,-1.698493929,-3.158222389
1781283263.329366207,2.408432512,-1.663246337,-3.141632078
1781283263.330865860,2.429468745,-1.765172888,-3.064717429
1781283263.333455563,2.432998965,-1.856300640,-3.014585943
1781283263.334206343,2.448755515,-1.842267501,-3.006617628
1781283263.340131998,2.432950065,-1.927960389,-2.957309153
1781283263.340889215,2.406710194,-1.892810189,-2.972987936
1781283263.343084812,2.401791920,-1.959113813,-2.922723536
1781283263.344295025,2.398570319,-1.936916997,-2.920219539
1781283263.345992565,2.366480628,-1.993438187,-2.878442342
1781283263.347514153,2.350709035,-2.048893186,-2.830102012
1781283263.353296518,2.326328169,-2.033526565,-2.824949314
1781283263.354339600,2.307413335,-2.000324164,-2.792121564
1781283263.355999231,2.299723844,-2.068940084,-2.736730818
1781283263.358541012,2.282609332,-2.131639045,-2.689724364
1781283263.359311819,2.284176927,-2.121088930,-2.671557090
1781283263.365918159,2.265531945,-2.191666067,-2.627360240
1781283263.368064642,2.221294684,-2.233199042,-2.553951845
1781283263.369290829,2.240221499,-2.206288298,-2.547552508
1781283263.370998859,2.195765944,-2.281689484,-2.492285175
1781283263.372522116,2.183696500,-2.354357399,-2.440571748
1781283263.378389835,2.194531134,-2.350077872,-2.443090095
1781283263.379370213,2.207998806,-2.321019304,-2.432563454
1781283263.380821943,2.201223715,-2.386030944,-2.380381652
1781283263.383487940,2.169733633,-2.448372427,-2.331052832
1781283263.384231806,2.190800753,-2.441024026,-2.316653589
1781283263.386671305,2.155995119,-2.504453954,-2.269617125
1781283263.391048431,2.167681896,-2.508207998,-2.269623203
1781283263.392581940,2.164248685,-2.564813528,-2.212691152
1781283263.394226074,2.162273452,-2.624980323,-2.158871612
1781283263.396176100,2.166798711,-2.621846241,-2.163495971
1781283263.397598267,2.164910732,-2.667555163,-2.127326900
1781283263.402607918,2.173313917,-2.666807212,-2.137587759
1781283263.404293299,2.207995403,-2.690763855,-2.152235015
1781283263.405898094,2.237806806,-2.692637883,-2.153391528
1781283263.408514023,2.245588276,-2.734368950,-2.144972252
1781283263.409279346,2.295621901,-2.737789996,-2.157041893
1781283263.415907383,2.293203501,-2.791004180,-2.151194564
1781283263.418137789,2.312416901,-2.834546826,-2.155172398
1781283263.419194698,2.312147950,-2.841498832,-2.145428361
1781283263.421035528,2.285856613,-2.875334752,-2.114441749
1781283263.422585011,2.255254391,-2.932153594,-2.068667309
1781283263.428346872,2.268004783,-2.924656995,-2.072584707
1781283263.429373026,2.282414870,-2.922948357,-2.067877094
1781283263.431032896,2.260736384,-2.962291330,-2.028367912
1781283263.433550119,2.225494724,-3.023292275,-1.995681553
1781283263.434303761,2.240443484,-3.014660757,-2.000245333
1781283263.440861940,2.201509431,-3.062400996,-1.968256171
1781283263.443085909,2.168183343,-3.072844560,-1.938167882
1781283263.444351196,2.189906522,-3.067722508,-1.930477512
1781283263.445998907,2.170285566,-3.119597545,-1.897038205
1781283263.447515965,2.139289523,-3.159423857,-1.850750782
1781283263.453365564,2.151168933,-3.148622834,-1.853610555
1781283263.454384565,2.161469155,-3.125378241,-1.849675561
1781283263.455868483,2.141084634,-3.154100147,-1.809472546
1781283263.458530188,2.098792212,-3.184701630,-1.774370655
1781283263.459300995,2.120204512,-3.167357200,-1.784634736
1781283263.465125322,2.078082909,-3.201896400,-1.753332992
1781283263.465847015,2.084460650,-3.154754387,-1.778209125
1781283263.468022108,2.057765643,-3.186607429,-1.739661006
1781283263.469257355,2.077531443,-3.166706030,-1.742044301
1781283263.471005678,2.048337946,-3.206370341,-1.701812840
1781283263.472531319,2.031330933,-3.241453294,-1.670541729
1781283263.478415012,2.036283838,-3.235889656,-1.661836382
1781283263.479171276,2.072760768,-3.226192147,-1.661320862
1781283263.480887890,2.053237211,-3.269011739,-1.623661152
1781283263.483521461,2.022389068,-3.308096771,-1.586467336
1781283263.484287739,2.039833240,-3.295703886,-1.577884796
1781283263.490886688,2.003196919,-3.330310004,-1.546434656
1781283263.493108034,1.997904471,-3.351731108,-1.522458815
1781283263.494303465,2.015111498,-3.326115266,-1.536097496
1781283263.495970249,1.989133946,-3.347454345,-1.507965866
1781283263.503334045,1.985114678,-3.367272607,-1.488710490
1781283263.504372835,2.025124963,-3.344257901,-1.515065892
1781283263.505935669,2.006032509,-3.378270084,-1.481436469
1781283263.508480310,1.991335359,-3.405610404,-1.454767590
1781283263.509223223,1.996101014,-3.412333574,-1.446920412
1781283263.512535572,1.980149432,-3.442639960,-1.418179350
1781283263.515931129,1.981206786,-3.440773836,-1.411447970
1781283263.518069506,1.985281896,-3.479219277,-1.378727965
1781283263.519324303,1.993673885,-3.472809944,-1.381712898
1781283263.520943642,1.964304621,-3.495265860,-1.361304969
1781283263.528459072,1.945884253,-3.512472566,-1.347437635
1781283263.529293776,1.955039877,-3.477360880,-1.383089555
1781283263.530881882,1.941529654,-3.499079720,-1.367134642
1781283263.533468962,1.936039774,-3.531152930,-1.350765575
1781283263.534263849,1.939035800,-3.534747891,-1.352562728
1781283263.540863752,1.933964310,-3.559613487,-1.331879897
1781283263.543044329,1.936696429,-3.609931551,-1.320169447
1781283263.544248104,1.934573134,-3.608436063,-1.320077200
1781283263.545980692,1.924353812,-3.626350379,-1.307601944
1781283263.553357363,1.902856285,-3.639953354,-1.295787441
1781283263.554360628,1.943128670,-3.632878898,-1.339164229
1781283263.555831432,1.944019607,-3.654868088,-1.332202561
1781283263.558454275,1.933286785,-3.680163015,-1.323282836
1781283263.559199333,1.944419628,-3.680377103,-1.337567647
1781283263.565973282,1.932662248,-3.705249957,-1.317872357
1781283263.567715406,1.971809545,-3.759770173,-1.331478305
1781283263.569321871,1.973725108,-3.782283039,-1.305037751
1781283263.570962667,1.987384873,-3.805561679,-1.311471979
1781283263.572509050,1.981472061,-3.833701082,-1.285639220
1781283263.575643778,1.995855196,-3.844513220,-1.293355673
1781283263.576267958,2.000464356,-3.852539337,-1.300142233
1781283263.578430891,2.009701960,-3.865077351,-1.309225002
1781283263.579182625,2.021488614,-3.863930078,-1.317765818
1781283263.580833197,2.016472806,-3.899599089,-1.282038952
1781283263.583482981,2.000661245,-3.928275148,-1.252834875
1781283263.584252596,2.022253320,-3.942166509,-1.252510748
1781283263.590867281,2.006517636,-3.964109610,-1.221251162
1781283263.593064308,2.025044795,-4.027303855,-1.175210935
1781283263.594282389,2.045045426,-4.045802844,-1.163169062
1781283263.595980406,2.032114130,-4.079464582,-1.119205887
1781283263.597508907,2.034627038,-4.116384211,-1.071352634
1781283263.603344679,2.042642276,-4.124005182,-1.058379429
1781283263.604367495,2.065574169,-4.159411970,-1.042792298
1781283263.605979919,2.038697067,-4.169178655,-1.022193778
1781283263.608460188,2.022363659,-4.167064247,-1.022137149
1781283263.609244823,2.023624531,-4.159013131,-1.041327171
1781283263.615847349,2.028435022,-4.166389456,-1.049910190
1781283263.618029356,2.035960247,-4.170362694,-1.093857493
1781283263.619233370,2.041645470,-4.186903427,-1.101737919
1781283263.621002913,2.035250758,-4.206634499,-1.094705299
1781283263.622550249,2.039808804,-4.235384718,-1.087228071
1781283263.628368616,2.038211913,-4.254522869,-1.080029358
1781283263.629345417,2.069303012,-4.305966862,-1.062174154
1781283263.630828381,2.055679686,-4.329563124,-1.048380164
1781283263.633470297,2.054489668,-4.348879761,-1.034640523
1781283263.634238720,2.048762107,-4.357425760,-1.032298152
1781283263.636609793,2.041316261,-4.375011992,-1.020578669
1781283263.640892982,2.043971056,-4.384555217,-1.022265957
1781283263.643137932,2.023641217,-4.400522756,-1.020277059
1781283263.644378662,2.019599977,-4.409424492,-1.016758567
1781283263.646020889,2.009533492,-4.410598130,-1.013583076
1781283263.647543669,1.988829858,-4.426445634,-0.999998022
1781283263.652230501,1.992019296,-4.426857546,-1.006000091
1781283263.652796745,0.000000000,0.000000000,0.000000000
1781283263.654259682,1.992741583,-4.434620658,-1.006153907
1781283263.655852318,1.976780281,-4.452950104,-0.996320700
1781283263.658400774,1.964922061,-4.458981501,-0.984014105
1781283263.659169197,1.963181654,-4.457469908,-0.982511619
1781283263.665888071,1.950023966,-4.472017829,-0.976718039
1781283263.668075085,1.964787643,-4.492547798,-0.966995126
1781283263.669194460,1.967103364,-4.496157530,-0.965420785
1781283263.670978785,1.960489888,-4.503437133,-0.959339350
1781283263.672509193,1.957140022,-4.503601885,-0.954526732
1781283263.678328753,1.958475136,-4.509761420,-0.952746888
1781283263.679321051,1.964678827,-4.498974245,-0.952859863
1781283263.680964947,1.959952723,-4.509692749,-0.934410392
1781283263.683305502,1.952725282,-4.512713047,-0.935625759
1781283263.684197426,1.956178802,-4.513525419,-0.933495298
1781283263.690851212,1.940206050,-4.505552179,-0.928551400
1781283263.693077087,1.954396745,-4.506986354,-0.913751370
1781283263.694194317,1.955126318,-4.517053146,-0.903400936
1781283263.695987225,1.950013856,-4.517433810,-0.893791528
1781283263.697524786,1.948300909,-4.526689236,-0.873336870
1781283263.703322887,1.943754240,-4.533546475,-0.865951749
1781283263.704366922,1.946296778,-4.523933827,-0.853780389
1781283263.705896616,1.943843681,-4.529295050,-0.830226986
1781283263.708573103,1.937567896,-4.527973075,-0.822633176
1781283263.709347725,1.931724616,-4.526574595,-0.809780625
1781283263.714955568,1.923475262,-4.518829229,-0.803865659
1781283263.715959787,1.917270386,-4.515363040,-0.799610975
1781283263.718193293,1.908657367,-4.511557689,-0.788334041
1781283263.719208002,1.919920992,-4.516814114,-0.789516370
1781283263.720974207,1.915640257,-4.522641421,-0.795717550
1781283263.722515106,1.922371944,-4.524140568,-0.799371411
1781283263.728318214,1.925579754,-4.535494239,-0.804010835
1781283263.729366302,1.942541131,-4.552069385,-0.799750565
1781283263.730829716,1.947127404,-4.566392064,-0.803396220
1781283263.733438969,1.940130095,-4.567214239,-0.804664503
1781283263.734071016,0.000000000,0.000000000,0.000000000
1781283263.741012812,1.955640027,-4.572272609,-0.802937495
1781283263.742596388,1.953998147,-4.599375734,-0.811141235
1781283263.744259596,1.956223705,-4.602527887,-0.819370360
1781283263.745904207,1.953283638,-4.607742304,-0.816940041
1781283263.747535706,1.952063237,-4.611456692,-0.824107100
1781283263.753446817,1.954135166,-4.608819006,-0.827310932
1781283263.754297733,1.960557578,-4.613574770,-0.835574259
1781283263.756024599,1.963467821,-4.630321520,-0.830995330
1781283263.758523703,1.958952919,-4.638727969,-0.828644690
1781283263.759368181,1.968201805,-4.638328830,-0.833175397
1781283263.765997887,1.968356564,-4.645512952,-0.824064145
1781283263.767557383,1.966139426,-4.679367959,-0.810858290
1781283263.769213915,1.971512783,-4.682436138,-0.796944428
1781283263.771010399,1.964267381,-4.689243980,-0.788644825
1781283263.772537470,1.967512762,-4.698162912,-0.780879515
1781283263.776498795,1.962484555,-4.701214795,-0.772736426
1781283263.778416157,1.962260289,-4.710856476,-0.766724985
1781283263.779180527,1.960639363,-4.716234858,-0.760298378
1781283263.780953169,1.950651234,-4.721397436,-0.742563672
1781283263.783475161,1.956456566,-4.730765828,-0.746429098
1781283263.784079313,0.000000000,0.000000000,0.000000000
1781283263.790952682,1.944870230,-4.726703846,-0.733065779
1781283263.792529106,1.933409380,-4.730009238,-0.715364897
1781283263.794175148,1.920996608,-4.709673865,-0.711048931
1781283263.795965910,1.919269797,-4.709483883,-0.709589782
1781283263.803361893,1.911006470,-4.694208213,-0.704696979
1781283263.804382324,1.866134234,-4.674078945,-0.673681656
1781283263.805844307,1.858855537,-4.657495815,-0.680749904
1781283263.808455944,1.858240264,-4.644415248,-0.686181750
1781283263.809222460,1.835830583,-4.639493091,-0.678963272
1781283263.815844297,1.844745505,-4.629567663,-0.691510525
1781283263.818079710,1.798796075,-4.597746204,-0.684967326
1781283263.819343090,1.776040859,-4.585481829,-0.674403763
1781283263.821078062,1.779920463,-4.570845083,-0.690357020
1781283263.822509766,1.809484007,-4.543892964,-0.733435447
1781283263.828379154,1.799484803,-4.537957554,-0.727729488
1781283263.829366922,1.751950348,-4.516036319,-0.709800033
1781283263.830981493,1.761850935,-4.495376817,-0.731572633
1781283263.833471060,1.771697225,-4.477189631,-0.745242646
1781283263.834232092,1.757005146,-4.466901495,-0.744861609
1781283263.838610411,1.771911286,-4.458916154,-0.763664408
1781283263.839307547,1.756465529,-4.446113196,-0.743969695
1781283263.840888739,1.742872864,-4.442514908,-0.735083377
1781283263.843083858,1.763213982,-4.433523283,-0.756745619
1781283263.844274282,1.752559162,-4.431406364,-0.754824978
1781283263.845994949,1.774191313,-4.418374649,-0.776548418
1781283263.853344440,1.784255555,-4.403790606,-0.802199603
1781283263.854366302,1.747390179,-4.402651551,-0.789572861
1781283263.855992317,1.770176610,-4.382604696,-0.817881436
1781283263.858566999,1.780432816,-4.358227577,-0.842864144
1781283263.859344959,1.779223233,-4.358251576,-0.845806000
1781283263.865903616,1.788020808,-4.338181536,-0.865216174
1781283263.868081808,1.785151570,-4.298739028,-0.880446787
1781283263.869361877,1.791085101,-4.297161375,-0.884387013
1781283263.870968819,1.799652900,-4.267886510,-0.903302831
1781283263.872512102,1.830456089,-4.246942470,-0.943086821
1781283263.878350735,1.820177366,-4.246237491,-0.934179130
1781283263.879360914,1.806236980,-4.225153409,-0.917368656
1781283263.880973101,1.828909922,-4.201565581,-0.949304558
1781283263.883486032,1.841909703,-4.172008429,-0.971069632
1781283263.884229183,1.837804146,-4.167089316,-0.967826072
1781283263.890964985,1.852329508,-4.137081029,-0.993760953
1781283263.892508268,1.832026376,-4.092399804,-0.977928955
1781283263.894170284,1.860809269,-4.063765155,-1.015153710
1781283263.895999193,1.843241710,-4.047064523,-0.992099664
1781283263.897547722,1.863398579,-4.019927424,-1.028952040
1781283263.900981903,1.854814930,-4.016147134,-1.005932322
1781283263.903382540,1.832933575,-3.980777417,-0.966182360
1781283263.904366970,1.811913869,-3.952824623,-0.963517549
1781283263.906035900,1.824762667,-3.908601616,-1.003624117
1781283263.908492327,1.831090509,-3.857626162,-1.029251053
1781283263.909267187,1.810491149,-3.836547667,-1.028187972
1781283263.915879488,1.810223422,-3.785427849,-1.058652808
1781283263.918095589,1.731610246,-3.638530151,-1.117348737
1781283263.919346571,1.723058135,-3.609077655,-1.128178429
1781283263.920968294,1.725763183,-3.554486434,-1.168943808
1781283263.922513485,1.743143584,-3.492238540,-1.253709632
1781283263.928443909,1.716968120,-3.479215873,-1.239145471
1781283263.929205418,1.682674835,-3.451230973,-1.209388057
1781283263.930864811,1.705480634,-3.416149088,-1.274944556
1781283263.933468819,1.714614095,-3.373965464,-1.319453273
1781283263.934251308,1.702091578,-3.366501419,-1.334396158
1781283263.941166878,1.718420754,-3.328190009,-1.368000075
1781283263.942583084,1.716947163,-3.291799173,-1.400909016
1781283263.944265604,1.738310696,-3.236536212,-1.471389881
1781283263.946025848,1.725730483,-3.248947168,-1.458206754
1781283263.947552919,1.746068635,-3.202956102,-1.525774136
1781283263.953523159,1.729119161,-3.211599946,-1.513346622
1781283263.954184532,0.000000000,0.000000000,0.000000000
1781283263.956009388,1.741316085,-3.179954833,-1.583830259
1781283263.958493710,1.770784845,-3.172313454,-1.636959655
1781283263.959251642,1.759944907,-3.186672283,-1.649390586
1781283263.963070393,1.803988039,-3.154193126,-1.702260354
1781283263.965927601,1.819110847,-3.192179343,-1.717822659
1781283263.967506170,1.851766049,-3.184795841,-1.782362338
1781283263.969178200,1.879264059,-3.157823960,-1.846559356
1781283263.970992565,1.884781220,-3.161941876,-1.854024080
1781283263.972515345,1.927911785,-3.128003949,-1.905880369
1781283263.978367329,1.944136051,-3.134278134,-1.902115164
1781283263.979351521,1.847097489,-3.177306493,-1.880081147
1781283263.980957985,1.863418882,-3.116045250,-1.956908777
1781283263.983517408,1.894422755,-3.024142798,-2.036203121
1781283263.984310389,1.866354688,-3.047157916,-2.021618970
1781283263.990965366,1.901638330,-2.943302591,-2.107738591
1781283263.992522001,1.862131770,-2.860430672,-2.177273456
1781283263.995976686,1.881053048,-2.769530583,-2.261249198
1781283264.003423452,1.905933477,-2.668726598,-2.343650636
1781283264.004205704,1.822944238,-2.681615825,-2.297599952
1781283264.005836487,1.841948135,-2.587893934,-2.373948242
1781283264.008472681,1.866715810,-2.482642647,-2.451461329
1781283264.009220600,1.842974992,-2.500199226,-2.427471763
1781283264.015855551,1.851502520,-2.406243742,-2.495078204
1781283264.018199205,1.836339361,-2.334171253,-2.530789375
1781283264.019249916,1.819006942,-2.361770270,-2.532274876
1781283264.020988703,1.832583830,-2.269915091,-2.612332881
1781283264.024122953,1.829273081,-2.189314940,-2.684747639
1781283264.028410435,1.806075629,-2.197582693,-2.700039917
1781283264.029189348,1.774527009,-2.226286507,-2.687181678
1781283264.030848265,1.767645599,-2.150108361,-2.757408693
1781283264.033657789,1.760152766,-2.068401087,-2.815076208
1781283264.034422636,1.742368684,-2.090001998,-2.819172476
1781283264.039236784,1.741292969,-2.004249102,-2.872919451
1781283264.041282892,1.699210089,-2.024021271,-2.867906496
1781283264.042519808,1.676646581,-2.055792229,-2.860805888
1781283264.044193506,1.655305297,-1.976278090,-2.921952854
1781283264.046092510,1.645865132,-1.893445132,-2.974623509
1781283264.047505856,1.619740166,-1.823049527,-3.027306100
1781283264.053544521,1.613991776,-1.823624197,-3.011056083
1781283264.054316998,1.574770108,-1.843114363,-3.002152123
1781283264.055825472,1.558574893,-1.770836675,-3.055575743
1781283264.058560133,1.535896824,-1.697452880,-3.102693410
1781283264.059315443,1.515660800,-1.723364061,-3.094910430
1781283264.065945625,1.505045576,-1.636534411,-3.138333516
1781283264.068020105,1.454631575,-1.598595284,-3.152714839
1781283264.069224119,1.436926923,-1.620496485,-3.152089755
1781283264.070968866,1.408746558,-1.548085710,-3.192026429
1781283264.078376532,1.375483099,-1.488091988,-3.236785639
1781283264.079372406,1.351670602,-1.536280761,-3.246812327
1781283264.080832958,1.326824319,-1.486333382,-3.287685934
1781283264.083501101,1.313887698,-1.421610185,-3.343059524
1781283264.084268332,1.300749328,-1.447193203,-3.342159701
1781283264.090822220,1.281623504,-1.384954058,-3.398492972
1781283264.093025923,1.250520829,-1.365849367,-3.438430346
1781283264.094221115,1.244906646,-1.404461003,-3.433463800
1781283264.095900536,1.222906905,-1.344232049,-3.471754668
1781283264.100845575,1.201704229,-1.313524272,-3.494952968
1781283264.103339434,1.209166841,-1.334276778,-3.489404651
1781283264.104348898,1.221415746,-1.360411551,-3.473994785
1781283264.105975151,1.207095644,-1.313795828,-3.496900536
1781283264.108452559,1.206308603,-1.261146730,-3.513961056
1781283264.109124184,0.000000000,0.000000000,0.000000000
1781283264.115827084,1.193840589,-1.212896868,-3.530426018
1781283264.118042469,1.230016409,-1.187942386,-3.523488364
1781283264.119185448,1.249814779,-1.207903753,-3.513209201
1781283264.121004343,1.236088233,-1.158692579,-3.524579763
1781283264.122573376,1.244288179,-1.128816835,-3.536568121
1781283264.128398895,1.242258512,-1.138210669,-3.537648912
1781283264.129154682,1.281790772,-1.160012075,-3.540946524
1781283264.130842924,1.268388000,-1.135736687,-3.556492813
1781283264.133569241,1.265151218,-1.088810224,-3.577132089
1781283264.134346724,1.280067498,-1.110184157,-3.582056285
1781283264.140836000,1.283541816,-1.071207902,-3.614132403
1781283264.143066883,1.315095675,-1.078672024,-3.672217072
1781283264.144256115,1.335174520,-1.108417422,-3.682054128
1781283264.145977497,1.334416009,-1.068497870,-3.724541135
1781283264.153324604,1.329997083,-1.057626633,-3.760536520
1781283264.154350042,1.371141290,-1.140483107,-3.847040850
1781283264.156013489,1.350549982,-1.118157335,-3.886318505
1781283264.158468008,1.347809862,-1.091576633,-3.926892356
1781283264.159209490,1.359734216,-1.115747273,-3.944112899
1781283264.163084984,1.349419397,-1.090729874,-3.980942598
1781283264.165915728,1.362920167,-1.124635654,-4.021699547
1781283264.168025970,1.366282079,-1.126124775,-4.077424173
1781283264.169267893,1.378767678,-1.146213946,-4.087312838
1781283264.170970917,1.378747998,-1.112258522,-4.118988556
1781283264.172548294,1.376916872,-1.095858555,-4.142686255
