source_timestamp_sec,Fx,Fy,Fz
1782841242.026761293,0.062741364,-0.023605663,0.014853886
1782841242.028234482,0.056837308,-0.024327928,0.011621070
1782841242.030121803,0.064469031,-0.021207855,0.010778500
1782841242.031705141,0.061520256,-0.019509924,0.011616182
1782841242.037600040,0.063584593,-0.019681730,0.007513697
1782841242.038461924,0.063019990,-0.017740137,0.005955060
1782841242.040062904,0.067663085,-0.018748566,0.007278016
1782841242.042632341,0.065664010,-0.021492553,0.010699419
1782841242.043542147,0.064451931,-0.019246145,0.014313849
1782841242.044881582,0.065215184,-0.018000193,0.016579196
1782841242.050129890,0.058993534,-0.017941545,0.016435462
1782841242.051701546,0.064409808,-0.027837290,0.013097624
1782841242.053365707,0.066462579,-0.023291650,0.015497312
1782841242.055130005,0.067833928,-0.022429056,0.012589882
1782841242.056695700,0.069501873,-0.024355511,0.012923464
1782841242.062550068,0.064672910,-0.023045807,0.009914780
1782841242.063412905,0.060056445,-0.014243442,0.007483020
1782841242.065088749,0.059812126,-0.011063367,0.006646580
1782841242.067623615,0.058426022,-0.006868032,0.013862099
1782841242.068490505,0.058814942,-0.007834410,0.010946995
1782841242.069936275,0.057624730,-0.014200829,0.009553473
1782841242.075188637,0.059832295,-0.012365252,0.011718805
1782841242.076556921,0.061671036,-0.017760374,0.011278421
1782841242.078378439,0.065241603,-0.018379499,0.013321604
1782841242.080135345,0.070484547,-0.024482300,0.013662779
1782841242.081701756,0.066801922,-0.017426083,0.013247383
1782841242.086299896,0.069891571,-0.021806396,0.011101871
1782841242.087094307,0.069026857,-0.017935000,0.013166692
1782841242.088387966,0.072767300,-0.017386502,0.012946976
1782841242.090062618,0.073148268,-0.012774282,0.014446105
1782841242.092648268,0.073020864,-0.015721631,0.011946132
1782841242.093525648,0.069838037,-0.011883298,0.016414167
1782841242.094968796,0.067444131,-0.013075966,0.019950884
1782841242.100158930,0.068566432,-0.012739451,0.019336913
1782841242.101727962,0.064471461,-0.013558759,0.018855216
1782841242.103439093,0.062644762,-0.010337575,0.015695741
1782841242.105046272,0.060072798,-0.010799711,0.015232145
1782841242.106613398,0.060231675,-0.013405690,0.012773304
1782841242.112548113,0.063940777,-0.016207760,0.010088062
1782841242.113405704,0.067032278,-0.014720562,0.011082179
1782841242.115080833,0.066606037,-0.013126303,0.013915392
1782841242.117652178,0.066684945,-0.012439445,0.012825038
1782841242.118668079,0.069540053,-0.006596691,0.015095833
1782841242.120064974,0.070134856,-0.012719314,0.011902564
1782841242.125131607,0.073292162,-0.010691012,0.014686844
1782841242.126560450,0.069070130,-0.008984109,0.014937978
1782841242.128360033,0.068310104,-0.010446851,0.010732390
1782841242.130106449,0.067720672,-0.008649829,0.013718573
1782841242.131669283,0.065874120,-0.006714558,0.014285657
1782841242.137627602,0.064262276,-0.006995405,0.010405923
1782841242.138504267,0.065446143,-0.010223777,0.008114227
1782841242.140076160,0.064693047,-0.008866617,0.009106097
1782841242.142618418,0.063356910,-0.009339111,0.008097941
1782841242.143484354,0.066592581,-0.012573468,0.012459753
1782841242.144917011,0.064554843,-0.011486187,0.011649462
1782841242.148324013,0.063347164,-0.010400031,0.010004868
1782841242.150173903,0.060476230,-0.014232074,0.013501313
1782841242.151768208,0.068324758,-0.008782257,0.007722780
1782841242.153425932,0.067779288,-0.011871985,0.008383748
1782841242.155116320,0.069540635,-0.009784184,0.008956410
1782841242.156687260,0.069807335,-0.004832373,0.010694850
1782841242.162478447,0.067757470,-0.011293752,0.014994945
1782841242.163346291,0.067787303,-0.010928974,0.014622507
1782841242.165008307,0.067983610,-0.011639703,0.008437742
1782841242.167619944,0.065002355,-0.010064385,0.010083230
1782841242.168492317,0.063579762,-0.008307611,0.005467873
1782841242.169929266,0.065597144,-0.010688466,0.005648456
1782841242.175197840,0.066985079,-0.008775763,0.004519473
1782841242.176766157,0.068573669,-0.004150517,0.001484744
1782841242.178211689,0.065109714,-0.004601922,0.001632130
1782841242.180125952,0.069431782,-0.003832111,0.005770389
1782841242.181707144,0.069862629,-0.004230028,0.001297111
1782841242.187535763,0.070427933,-0.006479409,0.007393401
1782841242.188405037,0.066946413,-0.008305009,0.009623838
1782841242.190067530,0.065778079,-0.010295789,0.011617701
1782841242.192621708,0.067550727,-0.010454141,0.008451283
1782841242.193521023,0.066945794,-0.009901635,0.010609488
1782841242.194955349,0.067408856,-0.007980393,0.004941753
1782841242.200140476,0.066808487,-0.009034265,0.009542021
1782841242.201711178,0.063584952,-0.007925305,0.009275394
1782841242.203371525,0.064125601,-0.005464844,0.010246677
1782841242.205066442,0.063960944,-0.008823295,0.005878438
1782841242.206629992,0.065119173,-0.009143610,-0.000920523
1782841242.211123466,0.062104680,-0.007844062,0.000839235
1782841242.213308096,0.066766295,-0.000017190,0.001125381
1782841242.214932203,0.069038078,0.003763827,0.003725410
1782841242.217584372,0.066603349,0.000540600,0.005014175
1782841242.218471289,0.068073159,-0.004350512,0.002605480
1782841242.219926834,0.066704795,0.000849685,0.004489213
1782841242.225135088,0.067316222,0.000801949,0.002040322
1782841242.226701498,0.074183923,-0.000603748,0.001522020
1782841242.228219986,0.070388834,-0.000630489,0.005874996
1782841242.230135679,0.066838881,0.002440661,0.009752597
1782841242.231690884,0.067949491,-0.003473825,0.006749368
1782841242.237530231,0.066546356,0.000106040,0.003878965
1782841242.238394499,0.060133909,-0.001310582,-0.003033163
1782841242.240052223,0.064968950,-0.007152029,-0.000346433
1782841242.242548704,0.063275879,-0.002789974,-0.004231102
1782841242.243474483,0.065373888,0.001716835,-0.002840019
1782841242.244947910,0.061711424,0.003245240,-0.003673189
1782841242.250047684,0.066521904,0.001327529,-0.002555514
1782841242.251650333,0.067991855,-0.001827681,-0.005486996
1782841242.253353119,0.069934840,-0.000600622,-0.003305731
1782841242.255137444,0.068660197,0.004404801,-0.001160806
1782841242.256686687,0.072175022,-0.002092707,-0.003911007
1782841242.262598038,0.072441674,-0.001146562,-0.003276449
1782841242.263457775,0.071822068,0.001423122,-0.001628021
1782841242.265012980,0.068711481,0.001574228,-0.000768448
1782841242.267621994,0.071452666,-0.002095221,0.002171695
1782841242.268501282,0.071608603,-0.000092790,0.001265830
1782841242.269936085,0.073292179,0.004460505,0.003063949
1782841242.273782253,0.066702698,-0.003449889,0.001541175
1782841242.275003910,0.064034609,-0.000726453,0.000689350
1782841242.276582241,0.066008037,-0.003170492,-0.000683796
1782841242.278241158,0.066327075,0.002078854,-0.003737126
1782841242.280094862,0.064694773,0.000468464,-0.000000455
1782841242.281655073,0.069016001,0.002619343,-0.008751176
1782841242.287579536,0.072689964,0.002041712,-0.003917774
1782841242.288444042,0.073931915,0.009876792,-0.003880174
1782841242.290014505,0.075548067,0.010252685,-0.009211685
1782841242.292592287,0.078739281,0.010802547,0.000163792
1782841242.293467283,0.076926400,0.009561597,-0.001825332
1782841242.294903278,0.078710571,0.006367424,-0.000405901
1782841242.299945116,0.073819784,0.008623175,0.002129879
1782841242.301642895,0.069686973,0.004709579,-0.000562581
1782841242.303311825,0.071333493,0.003129746,-0.004125890
1782841242.305058241,0.065446837,0.003689256,-0.001398090
1782841242.306603193,0.065870520,0.005676600,-0.004542271
1782841242.312641621,0.062908263,0.000571205,-0.009747299
1782841242.313540936,0.062345556,0.004406780,-0.008081661
1782841242.314883709,0.059076344,0.006758707,-0.010265729
1782841242.317631006,0.063097184,0.009659096,-0.009092194
1782841242.318507910,0.059427693,0.010172744,-0.006109300
1782841242.319965601,0.064082335,0.009400195,-0.006676928
1782841242.325030327,0.063095175,0.009699112,-0.009374369
1782841242.326590300,0.069042906,0.009622713,-0.006830361
1782841242.328262568,0.067436590,0.015506046,-0.001194330
1782841242.330147982,0.067652467,0.008265325,-0.004314329
1782841242.331707001,0.071193055,0.008256762,-0.007750598
1782841242.336166620,0.069389006,0.004734703,-0.006420451
1782841242.336959124,0.070632977,0.006050453,0.000086924
1782841242.338434696,0.068006594,0.005930895,-0.003600424
1782841242.340058088,0.065217937,0.002354989,-0.001553251
1782841242.342641592,0.066832727,0.002394553,-0.006535796
1782841242.343554735,0.066623360,0.000524337,-0.010743953
1782841242.344883442,0.069591585,0.007209993,-0.005696696
1782841242.350115538,0.066355572,0.005882717,-0.004673598
1782841242.351712465,0.066084688,0.007105887,-0.008299377
1782841242.353383303,0.067432296,0.006798777,-0.008428466
1782841242.355123043,0.068003144,0.008366529,-0.012712138
1782841242.356681824,0.065574471,0.009039498,-0.006336393
1782841242.362516165,0.070321384,0.007624242,-0.010252156
1782841242.363372087,0.068874576,0.009835238,-0.010717378
1782841242.365035295,0.070416849,0.006971619,-0.007172946
1782841242.367209435,0.066973745,0.011821493,-0.006040020
1782841242.368443727,0.069830212,0.009730518,-0.008431633
1782841242.375157833,0.070213635,0.008203635,-0.010752872
1782841242.376755476,0.066717150,0.008394362,-0.007542696
1782841242.378233194,0.072051215,0.008825622,-0.003658884
1782841242.380101919,0.070505114,0.003447136,-0.002231708
1782841242.381663799,0.072290160,0.000047584,-0.004552795
1782841242.387604237,0.071437561,-0.000345940,-0.003647651
1782841242.388489485,0.069446819,0.004740177,-0.007645717
1782841242.390098572,0.070338869,0.006844792,-0.002159623
1782841242.392545223,0.071994458,0.004919117,-0.004545625
1782841242.393439293,0.067772849,0.007677171,-0.002347111
1782841242.394903898,0.073475475,0.010638367,-0.005996370
1782841242.398283243,0.067272695,0.004557535,-0.012924155
1782841242.400141478,0.068287256,0.011869435,-0.006116315
1782841242.401715040,0.068373047,0.004268786,-0.010470171
1782841242.403439999,0.068412488,0.005203874,-0.007283760
1782841242.405115604,0.064865576,0.009530110,-0.011732610
1782841242.406762600,0.066676392,0.009325615,-0.007627278
1782841242.412536144,0.067975683,0.012224795,-0.009476468
1782841242.413406610,0.066464740,0.011082963,-0.013528010
1782841242.415069580,0.066457560,0.006176375,-0.008985941
1782841242.417603493,0.066787766,0.018965984,-0.005045930
1782841242.418499470,0.070374607,0.011124261,-0.010312147
1782841242.419940948,0.067332648,0.012804086,-0.005425651
1782841242.425031424,0.067758707,0.014088262,-0.007181756
1782841242.426613808,0.071833022,0.011497350,-0.007100590
1782841242.428270102,0.068162798,0.008357568,-0.001814445
1782841242.430121183,0.066102754,0.008569215,-0.003428522
1782841242.431707144,0.066591925,0.007447458,-0.008402963
1782841242.437545538,0.065472595,0.006463599,-0.002413510
1782841242.438410521,0.065301799,0.004764461,-0.006500808
1782841242.439977884,0.063679724,0.006870567,-0.006630360
1782841242.442580700,0.065835156,0.009978553,-0.009481266
1782841242.443458557,0.065519097,0.005640681,-0.005832443
1782841242.444954157,0.063520578,0.011629524,-0.008674789
1782841242.450156927,0.064609672,0.010539117,-0.003682504
1782841242.451728106,0.067311020,0.006883437,-0.010192576
1782841242.453406811,0.067152310,0.003203925,-0.011608727
1782841242.455058098,0.068071438,0.007096454,-0.008520955
1782841242.456626892,0.069447787,0.010521991,-0.007129613
1782841242.460213900,0.070104103,0.004120146,-0.007635424
1782841242.462600946,0.068769920,0.013116341,-0.008082757
1782841242.463576317,0.068841038,0.010864663,-0.005542274
1782841242.465065718,0.069297961,0.009921132,-0.010426821
1782841242.466675043,0.065403503,0.004367510,-0.006877258
1782841242.468268156,0.063898795,0.007493393,-0.011904203
1782841242.475072384,0.063926048,0.007387154,-0.011943116
1782841242.476761103,0.066016642,0.011264196,-0.008784917
1782841242.478244781,0.062655962,0.013854000,-0.013095219
1782841242.480114698,0.062833737,0.012128487,-0.013002091
1782841242.481697798,0.060456291,0.013319665,-0.009778429
1782841242.487570286,0.061865744,0.016688493,-0.008344204
1782841242.488430500,0.067436260,0.014982162,-0.007570088
1782841242.490028620,0.067997273,0.014574303,-0.009412062
1782841242.492280960,0.066464333,0.013930159,-0.010161374
1782841242.493514299,0.069923005,0.013763555,-0.011130986
1782841242.495248556,0.066190951,0.009864463,-0.009372170
1782841242.496917009,0.065834813,0.013715186,-0.012046424
1782841242.500021696,0.063834374,0.013561158,-0.005372256
1782841242.501652241,0.067156712,0.014124340,-0.008994723
1782841242.503400564,0.066708685,0.009211131,-0.009016347
1782841242.505122900,0.067400248,0.015182826,-0.008464395
1782841242.506754398,0.064567586,0.009471473,-0.010905099
1782841242.512577534,0.066684606,0.012611533,-0.005306225
1782841242.513452291,0.065137444,0.007012839,-0.010305101
1782841242.515017748,0.065958205,0.005112731,-0.012102987
1782841242.517628193,0.061863817,0.014041337,-0.009792674
1782841242.518506527,0.061761685,0.014398003,-0.009885602
1782841242.519946575,0.060259299,0.016323729,-0.009917862
1782841242.522794724,0.065927510,0.014940906,-0.011778807
1782841242.523540497,0.065407288,0.018341956,-0.011953892
1782841242.525028944,0.066799642,0.014929367,-0.010230339
1782841242.526600599,0.066743436,0.012556027,-0.011111152
1782841242.528265715,0.067416662,0.015386172,-0.009037115
1782841242.530106306,0.069385975,0.011086394,-0.006529227
1782841242.531666994,0.066372579,0.011357439,-0.009814022
1782841242.537540197,0.065829232,0.007541082,-0.007185490
1782841242.538427114,0.067779410,0.007306248,-0.003171772
1782841242.540004015,0.070727312,0.011655162,-0.003777980
1782841242.542615414,0.064847026,0.010342091,-0.008284160
1782841242.543484688,0.068486522,0.006476831,-0.012580428
1782841242.544925690,0.068980799,0.011886394,-0.009584794
1782841242.550065517,0.064648351,0.013416513,-0.010187209
1782841242.551630259,0.064858639,0.011536112,-0.015979108
1782841242.553322792,0.062773237,0.015406921,-0.015995182
1782841242.555083752,0.066724629,0.014636226,-0.016229813
1782841242.556684732,0.066661344,0.019084783,-0.009761456
1782841242.562558651,0.069116153,0.014949095,-0.011423486
1782841242.563417196,0.069419047,0.012640488,-0.008843777
1782841242.564984083,0.066204709,0.010169474,-0.011007900
1782841242.567625999,0.071568074,0.014634710,-0.004053443
1782841242.568527699,0.072637754,0.008503889,-0.008731201
1782841242.569903374,0.070321381,0.010278871,-0.010370535
1782841242.574977875,0.073264807,0.009447302,-0.012182367
1782841242.576568365,0.066758668,0.008704132,-0.007528356
1782841242.578243971,0.068044750,0.006195862,-0.010678510
1782841242.580125332,0.068538642,0.008413796,-0.011665307
1782841242.581693888,0.064124545,0.012553185,-0.011495533
1782841242.584680557,0.066621501,0.012068395,-0.011621014
1782841242.585433483,0.066377821,0.016493089,-0.010953023
1782841242.587565899,0.064297472,0.016705736,-0.012453604
1782841242.588460684,0.067420782,0.018066682,-0.010852988
1782841242.590059042,0.064268924,0.013235603,-0.016250937
1782841242.592667103,0.062712955,0.012172627,-0.014441438
1782841242.593582153,0.067140147,0.013042195,-0.013011754
1782841242.594946623,0.069741894,0.014786525,-0.009878526
1782841242.600042820,0.066104815,0.016496733,-0.008961199
1782841242.601670742,0.066313382,0.017313465,-0.008062929
1782841242.603358269,0.067968337,0.015115417,-0.007984898
1782841242.605070591,0.067949852,0.014899734,-0.005375864
1782841242.606651306,0.068003805,0.015731686,-0.004548266
1782841242.612560511,0.066141619,0.010653376,-0.010131153
1782841242.613446712,0.065744687,0.015064322,-0.009414175
1782841242.615015984,0.063937921,0.009937028,-0.014887118
1782841242.617658138,0.065398270,0.015775741,-0.010156283
1782841242.618537903,0.064556203,0.012117150,-0.015779678
1782841242.619879484,0.066260075,0.016132035,-0.011021344
1782841242.625016689,0.065991811,0.015356245,-0.011710737
1782841242.626572371,0.065296382,0.014590484,-0.010819481
1782841242.628261805,0.065416116,0.014475007,-0.010788946
1782841242.629984617,0.068450136,0.013122828,-0.010010267
1782841242.631706715,0.066455896,0.013199243,-0.011558231
1782841242.637635469,0.065171045,0.007630498,-0.010422283
1782841242.638496399,0.068923154,0.006383573,-0.007948304
1782841242.640098810,0.068618189,0.013106393,-0.004088416
1782841242.642623901,0.068413834,0.007029119,-0.008833007
1782841242.643536091,0.065354579,0.011037586,-0.008873605
1782841242.644889832,0.068076392,0.008429380,-0.006310376
1782841242.650076628,0.066101374,0.007788740,-0.002847259
1782841242.651659250,0.068882318,0.013454235,-0.000768923
1782841242.653325796,0.068861825,0.008315274,-0.004681716
1782841242.655095816,0.070752352,0.002054344,-0.007842636
1782841242.656661510,0.065214032,0.006624163,-0.007809845
1782841242.660128355,0.066323489,0.003709186,-0.008536800
1782841242.662635088,0.067860347,0.010246149,-0.008884301
1782841242.663492918,0.069350485,0.010615389,-0.013899807
1782841242.665064812,0.063792665,0.007464467,-0.018490848
1782841242.667600393,0.064683048,0.018728350,-0.008171617
1782841242.668476582,0.064562653,0.007633078,-0.016739564
1782841242.669927835,0.065214545,0.015559067,-0.010477834
1782841242.674985409,0.064636910,0.012643690,-0.012811331
1782841242.676563740,0.067494575,0.013552972,-0.008752392
1782841242.678248405,0.068168089,0.010309804,-0.011042040
1782841242.680146933,0.071577816,0.010165600,-0.012014718
1782841242.681708097,0.067663813,0.012834196,-0.006168611
1782841242.687607527,0.067547837,0.007518019,-0.007527357
1782841242.688469887,0.068032927,0.006696495,-0.006573496
1782841242.690033913,0.066255200,0.007323616,-0.004834362
1782841242.691886902,0.065776579,0.011144894,-0.007571065
1782841242.693314314,0.066780099,0.012822114,-0.001784204
1782841242.694921494,0.061145717,0.012414891,-0.011527601
1782841242.700025082,0.062286154,0.008857080,-0.015521593
1782841242.701637745,0.063253300,0.011065993,-0.010678771
1782841242.703356504,0.064469863,0.012940465,-0.007523759
1782841242.705056667,0.063727033,0.015597585,-0.008432085
1782841242.706627369,0.062117467,0.008366939,-0.005680546
1782841242.712606668,0.062944394,0.009477300,-0.008980176
1782841242.713473082,0.065071214,0.007307744,-0.007382846
1782841242.715056419,0.063087885,0.004945931,-0.012290856
1782841242.717601776,0.066324536,0.012655482,-0.008630808
1782841242.718466520,0.062423679,0.012524983,-0.009343703
1782841242.719928265,0.064137489,0.009031624,-0.011744673
1782841242.723805189,0.064202304,0.011750136,-0.011049623
1782841242.725016594,0.064702514,0.008438316,-0.013489197
1782841242.726586819,0.064569242,0.010140486,-0.013575482
1782841242.728255272,0.068985331,0.013697245,-0.011454035
1782841242.730078459,0.067473637,0.002719834,-0.011709169
1782841242.731647491,0.068920596,0.010871712,-0.012227481
1782841242.737595797,0.068981076,0.010456285,-0.009701713
1782841242.738463640,0.068886947,0.005363058,-0.007992309
1782841242.740027905,0.067600806,0.000583925,-0.011928543
1782841242.742626190,0.066572978,0.001747850,-0.011180261
1782841242.743483067,0.067472139,0.007213182,-0.008206680
1782841242.744939089,0.068109854,0.005056324,-0.009796838
1782841242.750030994,0.064855664,0.005671364,-0.011308648
1782841242.751614809,0.070056069,0.009793895,-0.010111760
1782841242.753299952,0.066195704,0.013430376,-0.015098409
1782841242.754986525,0.070550619,0.013355330,-0.008700214
1782841242.756709099,0.067912198,0.006922744,-0.010029677
1782841242.762571335,0.070667360,0.009572347,-0.014522693
1782841242.763456821,0.068591365,0.004114763,-0.009303856
1782841242.765021801,0.071838097,0.006267017,-0.007166228
1782841242.767644405,0.068833635,0.005032637,-0.008630332
1782841242.768596649,0.068815733,0.005428636,-0.011251665
1782841242.770108700,0.068504668,0.004594863,-0.011997489
1782841242.775114775,0.069278945,0.004605390,-0.010408136
1782841242.776726246,0.064205858,0.011520584,-0.014470117
1782841242.778444529,0.066637221,0.007580950,-0.012967065
1782841242.780107737,0.068472476,0.009167712,-0.011421983
1782841242.781687975,0.068022709,0.013916009,-0.009154659
1782841242.785639286,0.068874922,0.013248906,-0.012458477
1782841242.787569284,0.069799939,0.008690515,-0.011625455
1782841242.788431883,0.069199261,0.005942993,-0.008274463
1782841242.790009737,0.066422992,0.003589083,-0.006435189
1782841242.792635202,0.068824122,0.004918415,-0.009211684
1782841242.793500185,0.065046870,0.003804380,-0.006517759
1782841242.794958830,0.068862305,0.007716280,-0.008480833
1782841242.800110579,0.067751539,0.006409454,-0.008302449
1782841242.801686525,0.064126436,0.005610717,-0.008154493
1782841242.803375721,0.060535445,0.005253041,-0.010505052
1782841242.805139780,0.068006944,0.007670615,-0.010216421
1782841242.806721926,0.062845531,0.007322133,-0.015704829
1782841242.812669039,0.063366119,0.013643209,-0.013351958
1782841242.813531399,0.065667323,0.004266364,-0.013432877
1782841242.815099955,0.065668378,0.008278940,-0.010165991
1782841242.817119122,0.068490080,0.012313892,-0.006353565
1782841242.818386793,0.066112931,0.007323125,-0.009429414
1782841242.825031519,0.064803937,0.003284247,-0.010095997
1782841242.826607466,0.068993104,0.002856662,-0.009689234
1782841242.828276873,0.072220351,0.009438854,-0.006650491
1782841242.830129862,0.068501504,0.006453631,-0.009704274
1782841242.831704140,0.065343205,0.009700963,-0.010362757
1782841242.837689400,0.065412049,0.008532901,-0.012808803
1782841242.838752985,0.066845208,0.012142336,-0.009517433
1782841242.839972734,0.068948494,0.007844091,-0.011295818
1782841242.841582298,0.068923293,0.002755089,-0.009637123
1782841242.843256712,0.069484878,0.006620854,-0.010568603
1782841242.849219561,0.069406185,0.005591842,-0.005621211
1782841242.850063086,0.071595471,0.000001446,-0.009903013
1782841242.851744413,0.070654513,0.005191649,-0.005670172
1782841242.853279114,0.068236559,0.004542191,-0.007988440
1782841242.855142832,0.068546984,0.001409075,-0.010533414
1782841242.856742859,0.069426956,0.005801929,-0.008082244
1782841242.862576962,0.068759566,0.004072946,-0.009657088
1782841242.863445520,0.069529105,0.003860508,-0.008131263
1782841242.865050077,0.063942660,0.006393349,-0.008438646
1782841242.867618799,0.067282514,0.007201319,-0.014484781
1782841242.868514538,0.067802226,0.006693214,-0.016211797
1782841242.869961739,0.065819150,0.006538188,-0.015224160
1782841242.875020027,0.066974238,0.007306234,-0.012884113
1782841242.876585960,0.065172420,0.008719145,-0.013473460
1782841242.878271818,0.065428785,0.011271959,-0.012692492
1782841242.880149364,0.068595046,0.008222934,-0.014663071
1782841242.882027626,0.065167265,0.005296019,-0.011886427
1782841242.883286715,0.066024926,0.003164848,-0.007725545
1782841242.887639046,0.070007622,0.003370038,-0.009748818
1782841242.888528347,0.065868267,0.004125769,-0.012778219
1782841242.889880419,0.065351358,0.000475238,-0.014476159
1782841242.892623186,0.066564433,0.001797692,-0.014588154
1782841242.893477201,0.062721798,0.002461493,-0.011808533
1782841242.894917011,0.062617196,0.004809073,-0.014236395
1782841242.900057316,0.061286695,0.012013852,-0.015703102
1782841242.901649237,0.062548560,0.006735744,-0.014119043
1782841242.903331518,0.064867619,0.009451056,-0.014320277
1782841242.905148745,0.065293850,0.009708665,-0.018455092
1782841242.906714201,0.067056929,0.001078928,-0.013758745
1782841242.911679745,0.067826809,0.011299813,-0.007857524
1782841242.913329840,0.066792419,0.004194377,-0.011181833
1782841242.915041208,0.065520960,0.004540286,-0.011110020
1782841242.917617083,0.062347495,0.007484719,-0.009166140
1782841242.918484688,0.063708620,0.009883751,-0.008391185
1782841242.919913292,0.063363995,0.011235481,-0.011682336
1782841242.924979687,0.064986347,0.011805016,-0.010925999
1782841242.926640511,0.066710040,0.006650484,-0.013593613
1782841242.928365946,0.066011719,0.010560121,-0.011850239
1782841242.930179834,0.067638723,0.009225682,-0.011220443
1782841242.931739569,0.065732508,0.007969306,-0.012685696
1782841242.937538862,0.068605409,0.007962157,-0.012147798
1782841242.938400030,0.066675522,0.005583185,-0.008683886
1782841242.940061331,0.069359073,0.001932971,-0.011401298
1782841242.942240000,0.071188940,0.008282242,-0.004092894
1782841242.943295479,0.067810289,0.005293522,-0.008767739
1782841242.950025797,0.067286263,0.001747119,-0.010442464
1782841242.951663494,0.065990194,0.003179386,-0.015342577
1782841242.953347921,0.064121228,0.005186728,-0.010986345
1782841242.955103874,0.065073141,0.003974216,-0.011877018
1782841242.956698656,0.067463954,0.005063368,-0.011998780
1782841242.962603807,0.064881300,0.010406137,-0.010842911
1782841242.963514090,0.066179733,0.010071849,-0.008057985
1782841242.964910984,0.062595405,0.010025689,-0.010228535
1782841242.966576338,0.062872205,0.013690643,0.001735640
1782841242.968250513,0.062415670,0.009712029,0.002643034
1782841242.973080397,0.065064806,0.006873265,0.005035183
1782841242.975065470,0.059213633,0.003061973,0.000617517
1782841242.976708412,0.057604946,0.009962038,0.009228922
1782841242.978407383,0.062116592,0.008132842,0.012954744
1782841242.980130434,0.062252954,0.000665660,0.003623175
1782841242.981708527,0.063415430,-0.000452688,0.005887399
1782841242.987636805,0.064739516,-0.004478904,-0.000238747
1782841242.988563776,0.079909841,-0.009159461,-0.013032304
1782841242.989935398,0.072955701,-0.024138021,-0.030281408
1782841242.991602659,0.076455287,-0.036464270,-0.041867715
1782841242.993264437,0.074595389,-0.052051120,-0.048508470
1782841243.000049114,0.080367915,-0.049202346,-0.043632560
1782841243.001636505,0.079986880,-0.025638584,-0.037709519
1782841243.003319502,0.083634682,-0.025636385,-0.035557809
1782841243.005091429,0.092803070,-0.025055410,-0.031932682
1782841243.006654739,0.096275203,-0.028379247,-0.028195786
1782841243.012596130,0.101133776,-0.022090247,-0.014367331
1782841243.013448000,0.089877914,-0.021931664,-0.000312788
1782841243.014997482,0.111459110,-0.021306797,-0.005918617
1782841243.017635822,0.089782468,-0.021218991,-0.001515183
1782841243.018523216,0.109036040,-0.020955310,-0.003177744
1782841243.019982338,0.111929880,-0.020553465,-0.003939146
1782841243.025029898,0.067309590,-0.014461440,0.003091502
1782841243.026603460,0.113939676,-0.010379463,0.007939693
1782841243.028252363,0.060030634,-0.017423138,0.010701274
1782841243.030150890,0.154523460,-0.012533015,-0.009432061
1782841243.031694412,0.070504943,-0.010044187,0.034757689
1782841243.035116911,0.087225765,-0.012174910,-0.000014653
1782841243.037556887,0.068855627,-0.005283905,0.031357787
1782841243.038445711,0.125316249,0.001436766,0.028343900
1782841243.040010929,0.065745570,0.003871303,0.048535587
1782841243.042619467,0.119156308,0.007442466,0.019245602
1782841243.043494225,0.064719578,0.008084094,0.051399301
1782841243.044932604,0.125896047,0.000548375,0.028394926
1782841243.049979210,0.092467724,0.018958964,0.056653572
1782841243.051646471,0.103214499,0.010946432,0.041508789
1782841243.053315639,0.083021551,0.002990038,0.047905835
1782841243.055199146,0.107546331,0.017421293,0.036124947
1782841243.056769848,0.082903801,0.023810496,0.040395299
1782841243.062598705,0.113344182,0.018748371,0.040625287
1782841243.063490391,0.084050666,0.014666456,0.050463994
1782841243.065046310,0.103068088,0.001727201,0.018795985
1782841243.067639589,0.135446337,0.009106646,0.044114390
1782841243.068611383,0.081664508,0.011047139,0.042040765
1782841243.070044518,0.117298763,0.014779323,0.011641843
1782841243.074924946,0.107265492,0.011828511,0.032655855
1782841243.076593637,0.103052553,0.023113299,0.034229806
1782841243.078281403,0.123092473,0.016054934,0.024727384
1782841243.080143213,0.115765216,0.009320875,0.030571690
1782841243.081710339,0.128791492,0.020050437,0.024609287
1782841243.087483168,0.109791301,0.023350113,0.043612751
1782841243.088345051,0.126896523,0.044590126,0.077136527
1782841243.090005398,0.161829553,0.051807848,0.078324203
1782841243.092602253,0.158737237,0.057547291,0.087498086
1782841243.093487501,0.146395270,0.060144916,0.093812713
1782841243.094929218,0.165842679,0.065966903,0.086414369
1782841243.097404003,0.167574848,0.061174519,0.083738656
1782841243.098253250,0.135713600,0.061683853,0.088851659
1782841243.099960089,0.170507151,0.069684858,0.097077621
1782841243.101561069,0.224244449,0.080165247,0.104874228
1782841243.103229523,0.180924873,0.083889873,0.113059097
1782841243.105076551,0.162969620,0.075908241,0.106141159
1782841243.106645346,0.218179209,0.081131991,0.092410020
1782841243.112562656,0.151061345,0.089647266,0.098164531
1782841243.113476038,0.126668688,0.065146208,0.070672473
1782841243.115042925,0.152539413,0.063896318,0.061168607
1782841243.117642164,0.215908331,0.073484934,0.042293156
1782841243.118519783,0.096059509,0.070789104,0.065337434
1782841243.119958639,0.189522254,0.066475681,0.032102878
1782841243.125012636,0.168496817,0.060825454,0.034020032
1782841243.126575232,0.187885472,0.060240378,0.032286484
1782841243.128253937,0.133153533,0.062258514,0.034024617
1782841243.130111694,0.157965868,0.052114411,0.026001830
1782841243.131683588,0.176750238,0.047848517,0.014842508
1782841243.137578011,0.159349702,0.054424151,0.026139133
1782841243.138463736,0.163401625,0.056464901,0.018941189
1782841243.140026569,0.163562588,0.056056621,0.014472497
1782841243.142547607,0.172553619,0.058609594,0.019902718
1782841243.143391848,0.182305498,0.063199508,0.017710330
1782841243.150014400,0.173754370,0.055918128,0.018344040
1782841243.151669025,0.186613506,0.037099244,0.010146765
1782841243.153352499,0.178023647,0.032745641,-0.000462871
1782841243.155140877,0.196112428,0.041019357,0.002553540
1782841243.156691790,0.193979269,0.038621079,0.003559733
1782841243.159672022,0.165944811,0.031120278,0.003033088
1782841243.160428286,0.177969474,0.012802795,-0.000791685
1782841243.162619829,0.173274168,0.013441760,-0.004468589
1782841243.163472652,0.183123091,0.011920932,-0.010394542
1782841243.164925575,0.175164755,0.013912580,-0.000891485
1782841243.166589022,0.183738796,0.035748134,0.034174391
1782841243.168246269,0.186454793,0.041881331,0.014929873
1782841243.174809694,0.170530106,0.048178602,0.024608725
1782841243.175587416,0.165998379,0.051210461,0.033613551
1782841243.176732779,0.178113095,0.059292172,0.031401886
1782841243.178308249,0.172892602,0.058619693,0.030037044
1782841243.180160999,0.159773420,0.055957226,0.030521624
1782841243.181740046,0.176081550,0.046334179,0.017723309
1782841243.187550306,0.143320555,0.057476589,0.046218135
1782841243.188403368,0.135241250,0.075220649,0.075575141
1782841243.189997435,0.145160444,0.080675980,0.074357898
1782841243.192644596,0.136378317,0.076901277,0.077382478
1782841243.193511724,0.109556267,0.094845606,0.103056926
1782841243.194935322,0.126125179,0.092527650,0.094272664
1782841243.199977636,0.115673223,0.095975528,0.109179839
1782841243.201556206,0.104677382,0.115475905,0.136320692
1782841243.203215837,0.112438657,0.122605755,0.139022315
1782841243.205073833,0.102720165,0.126696764,0.131448098
1782841243.206653595,0.094485382,0.123270597,0.147200541
1782841243.212540388,0.071488119,0.143732846,0.167071788
1782841243.213445187,0.083524463,0.157421642,0.159192973
1782841243.215007067,0.092974049,0.156104630,0.156042540
1782841243.217620373,0.045706958,0.156565038,0.166617095
1782841243.218490601,0.068581811,0.161057992,0.160660238
1782841243.219928503,0.068403964,0.161810296,0.164733427
1782841243.225031614,0.064686217,0.159009269,0.165981976
1782841243.226602554,0.083496451,0.162096316,0.153855051
1782841243.228303671,0.047308109,0.157386783,0.168004548
1782841243.230146885,0.046537644,0.169522853,0.166672668
1782841243.231712103,0.064911988,0.171651278,0.165167077
1782841243.235199690,0.049761931,0.181834283,0.169366776
1782841243.237564087,0.037613890,0.192034900,0.194423477
1782841243.238418102,0.099327622,0.191122581,0.183620542
1782841243.240084171,0.070518329,0.212097681,0.218858826
1782841243.242631197,0.112130579,0.215416274,0.202203472
1782841243.243521929,0.126871556,0.216147275,0.223994238
1782841243.244957209,0.131181158,0.219283622,0.240713869
1782841243.250176907,0.135186806,0.244156028,0.261630155
1782841243.251746893,0.191795585,0.273521553,0.303118254
1782841243.253210545,0.180532604,0.292246560,0.333634093
1782841243.255170107,0.188404014,0.315676935,0.363699727
1782841243.256742716,0.212159244,0.346795355,0.409964842
1782841243.262587309,0.243647849,0.371289302,0.427951543
1782841243.263445139,0.215798565,0.435775657,0.500476642
1782841243.265002489,0.202855044,0.453463557,0.552731214
1782841243.267632723,0.302570166,0.468476035,0.528339445
1782841243.268511295,0.315481618,0.491590912,0.548528262
1782841243.269949913,0.322228564,0.509592539,0.564290306
1782841243.275044680,0.317524064,0.529239343,0.580594879
1782841243.276624918,0.324477627,0.562611842,0.625045620
1782841243.278283596,0.329014473,0.571971056,0.643530131
1782841243.280112267,0.333914531,0.594196090,0.663275574
1782841243.281670094,0.347276642,0.631813174,0.714694995
1782841243.287609100,0.352983797,0.651616424,0.736864209
1782841243.288473368,0.380535400,0.699034012,0.804959501
1782841243.289908171,0.386185330,0.718119219,0.835709577
1782841243.291586637,0.392331162,0.731020357,0.865773541
1782841243.293259859,0.405711990,0.741463403,0.899803553
1782841243.296859980,0.411824805,0.758902710,0.929587503
1782841243.300027847,0.420970516,0.783021491,0.960843882
1782841243.301623106,0.446696570,0.820340277,1.032766149
1782841243.303321123,0.453297748,0.838356066,1.071473768
1782841243.305125237,0.466516656,0.865756295,1.109182355
1782841243.306689262,0.471978681,0.883708467,1.148657541
1782841243.312631845,0.485839837,0.911178407,1.183740589
1782841243.313526392,0.540482752,1.025918026,1.331474166
1782841243.315099001,0.555204355,1.038301844,1.372717134
1782841243.317619801,0.577023147,1.070576619,1.417965173
1782841243.318516493,0.595687271,1.094621569,1.463348281
1782841243.319957018,0.619895132,1.121726241,1.506871051
1782841243.324984312,0.641326059,1.155907400,1.547705447
1782841243.326648474,0.683954236,1.210698447,1.634065722
1782841243.328329563,0.703868698,1.231867343,1.673991331
1782841243.330080748,0.728783612,1.255476865,1.703056375
1782841243.331649065,0.752555176,1.280534447,1.747705561
1782841243.337574244,0.764674859,1.306634511,1.787264702
1782841243.338429928,0.823602521,1.418688990,1.959603635
1782841243.339993000,0.840566857,1.435100011,2.005989380
1782841243.342628002,0.858009127,1.446657404,2.048020838
1782841243.343522787,0.872622271,1.464347797,2.088281854
1782841243.344958782,0.891762522,1.476411714,2.127143576
1782841243.349988461,0.907707647,1.500386901,2.163729766
1782841243.351561308,0.944832133,1.533042664,2.236037041
1782841243.353216887,0.969857692,1.545096323,2.275878401
1782841243.355094910,0.994957170,1.566423463,2.306315821
1782841243.356658697,1.014706291,1.575508169,2.346519446
1782841243.359064817,1.035808952,1.595345174,2.372565410
1782841243.359983683,1.075444422,1.636278225,2.431265467
1782841243.362545490,1.091674385,1.654404958,2.467417024
1782841243.363437176,1.110267025,1.671112261,2.497035942
1782841243.365004301,1.136797479,1.679051463,2.546530025
1782841243.367594242,1.160701069,1.671246756,2.597142924
1782841243.368473768,1.181395615,1.689727887,2.631701723
1782841243.369915724,1.203067852,1.683214229,2.675205204
1782841243.374866486,1.218688890,1.698249279,2.705681144
1782841243.375709295,1.253378060,1.741921220,2.765332662
1782841243.376616478,1.268370764,1.758626709,2.791000267
1782841243.378397465,1.290095534,1.781104167,2.829457736
1782841243.380040646,1.310108101,1.774945501,2.870486432
1782841243.381631613,1.341003383,1.764427269,2.925531767
1782841243.387570143,1.364127125,1.750987165,2.974778938
1782841243.388459921,1.411877265,1.818614427,3.080541267
1782841243.390058279,1.432337755,1.804105926,3.125689322
1782841243.392607212,1.454733422,1.787762555,3.171514234
1782841243.393509388,1.461037277,1.812901685,3.211071780
1782841243.394960165,1.484198147,1.788651296,3.258707771
1782841243.400006056,1.491516794,1.806548593,3.302882334
1782841243.401585817,1.522610778,1.822032731,3.394802622
1782841243.403285027,1.548995084,1.818311815,3.450593450
1782841243.405125141,1.562160150,1.834273009,3.491389710
1782841243.406692266,1.590249330,1.831789111,3.544466770
1782841243.412582397,1.608790540,1.848469329,3.581325822
1782841243.413441181,1.679005374,1.927720685,3.717713287
1782841243.415008307,1.712876636,1.909231540,3.758252281
1782841243.417641401,1.744844301,1.883252954,3.803292670
1782841243.418503523,1.766584689,1.914572365,3.834069120
1782841243.419945002,1.794947414,1.882552961,3.879813660
1782841243.424973488,1.809530916,1.886678642,3.912175247
1782841243.426622152,1.849718795,1.879406378,3.977429354
1782841243.428297043,1.888038049,1.864742774,4.016372490
1782841243.430124044,1.897638582,1.872317955,4.042177035
1782841243.431696415,1.922466649,1.857678126,4.065211041
1782841243.436733484,1.934591292,1.867829629,4.085311348
1782841243.438272715,1.967574041,1.901614308,4.146367548
1782841243.440067530,1.982853621,1.893907564,4.173139976
1782841243.442664146,2.001586352,1.882426284,4.192499524
1782841243.443531513,2.020716631,1.903920552,4.221471487
1782841243.444982290,2.038485465,1.903829278,4.241627483
1782841243.450007200,2.044475783,1.909870988,4.255275174
1782841243.451593399,2.060330358,1.913526563,4.272367786
1782841243.453325033,2.072688451,1.926895876,4.279779221
1782841243.455091715,2.063721913,1.927415184,4.288152237
1782841243.456656694,2.064068826,1.938287141,4.285139101
1782841243.462567091,2.060303078,1.936442806,4.288646129
1782841243.463430643,2.004741214,1.905168643,4.266061764
1782841243.464998007,2.003383941,1.908550559,4.243465252
1782841243.467640400,1.988228943,1.917926383,4.223238576
1782841243.468559980,1.977770442,1.909873495,4.208827480
1782841243.469903708,1.960537571,1.915400023,4.182396851
1782841243.475009680,1.941062111,1.899833052,4.171801319
1782841243.476568699,1.907000211,1.894185166,4.120676302
1782841243.478239298,1.901702926,1.917668170,4.084046382
1782841243.480109692,1.878384915,1.901544398,4.055259036
1782841243.481672764,1.878502926,1.925646150,4.006982425
1782841243.484220266,1.850824145,1.905224858,3.976838052
1782841243.484967709,1.798219092,1.877344493,3.921258286
1782841243.487647295,1.772286369,1.856989908,3.888208899
1782841243.488535643,1.763541329,1.822896387,3.852128683
1782841243.489901543,1.734536837,1.855303292,3.792639552
1782841243.491569996,1.724881357,1.874676273,3.729498666
1782841243.493278503,1.722514025,1.850343386,3.688523306
1782841243.499291182,1.688329044,1.890148365,3.631102960
1782841243.500050068,1.596917540,1.837685563,3.549934135
1782841243.501672506,1.595746185,1.872321839,3.492682379
1782841243.503230810,1.611812434,1.838609537,3.457651374
1782841243.505121231,1.584515456,1.883045880,3.402299244
1782841243.506706476,1.602505938,1.914952325,3.336465310
1782841243.512633085,1.584570849,1.898535143,3.317960549
1782841243.513487101,1.593411285,1.850362723,3.252415227
1782841243.515064955,1.617568463,1.893976524,3.188649044
1782841243.517649412,1.593654322,1.947766781,3.144959275
1782841243.518531561,1.624029389,1.921599242,3.105285850
1782841243.519981146,1.598988944,1.971606258,3.070680423
1782841243.524961472,1.587908569,1.963208048,3.054024105
1782841243.526557684,1.602260194,2.001772632,2.988820274
1782841243.528228998,1.623992993,2.044401736,2.938483538
1782841243.530220032,1.620515778,2.032441391,2.930367893
1782841243.531612635,1.659361269,2.020028486,2.906236201
1782841243.537574530,1.631896287,2.058076201,2.868784527
1782841243.538449287,1.672172034,2.019400881,2.844191545
1782841243.540020227,1.694406298,2.061342049,2.793923153
1782841243.542629719,1.671263863,2.112656434,2.774093881
1782841243.543529034,1.709428696,2.108827767,2.756917940
1782841243.544904709,1.689763823,2.161416904,2.742063036
1782841243.550055981,1.692821317,2.160005375,2.742753897
1782841243.551643610,1.708852410,2.225955679,2.711570362
1782841243.553356647,1.706726238,2.286546724,2.670834715
1782841243.555148840,1.719853130,2.288664816,2.674619869
1782841243.556726456,1.719074266,2.345318471,2.641985357
1782841243.561156750,1.727594499,2.350786972,2.649213564
1782841243.561947823,1.755157592,2.371924706,2.669103880
1782841243.563211441,1.785299032,2.378337658,2.661429779
1782841243.565055609,1.778575427,2.447762985,2.631058024
1782841243.567623377,1.758872714,2.505697721,2.616575376
1782841243.568520784,1.830563887,2.536196599,2.645667900
1782841243.569965363,1.827795249,2.583241327,2.587232244
1782841243.575060368,1.839801212,2.590098940,2.608620597
1782841243.576625347,1.881344230,2.664000270,2.604777531
1782841243.578356266,1.893506823,2.696844007,2.593961361
1782841243.580091476,1.911700977,2.711635625,2.603213015
1782841243.581655502,1.927848592,2.743385346,2.600741316
1782841243.587760210,1.939572266,2.756831204,2.606100736
1782841243.588665962,2.006363787,2.811586247,2.634357273
1782841243.590007067,2.016206550,2.838428899,2.635468678
1782841243.591571331,2.019167339,2.854005522,2.650376664
1782841243.593345642,2.026309130,2.865180101,2.671005950
1782841243.600017786,2.046524089,2.863546193,2.689115366
1782841243.601705313,2.083176305,2.873915447,2.759990627
1782841243.603430986,2.091896792,2.860407083,2.811171936
1782841243.605141640,2.103990998,2.874632858,2.823339839
1782841243.606713533,2.110715256,2.848397320,2.886499894
1782841243.608740330,2.122286666,2.864022862,2.895963095
1782841243.612611771,2.156163708,2.900866364,2.919169703
1782841243.613474846,2.164140418,2.949147666,2.978424269
1782841243.615052462,2.168748923,2.935552880,3.052908712
1782841243.617630482,2.225341633,2.898669145,3.108600567
1782841243.618539095,2.203509899,2.939587238,3.153179146
1782841243.619982481,2.267797763,2.890846360,3.221802487
1782841243.623699903,2.292550082,2.923206955,3.250458346
1782841243.624909639,2.348196068,2.981644095,3.318688139
1782841243.626591444,2.349397497,2.960158110,3.430963054
1782841243.628254414,2.355911589,2.924634253,3.551508459
1782841243.630175591,2.372603426,2.957114717,3.605384698
1782841243.631745100,2.366977818,2.909581915,3.728872697
1782841243.637531042,2.372188557,2.948359460,3.775714876
1782841243.638387442,2.341637180,3.081362333,3.904379778
1782841243.640007973,2.329093800,3.040291276,4.001755613
1782841243.642631292,2.381282575,2.941430892,4.085454163
1782841243.643512249,2.313396433,3.021087590,4.113017926
1782841243.644958258,2.375223549,2.926864294,4.198674491
1782841243.650026321,2.362406882,2.957249308,4.209577816
1782841243.651599884,2.332243011,2.930178178,4.310900512
1782841243.653280258,2.316297655,2.880768881,4.377729242
1782841243.655224562,2.308616462,2.918144639,4.391550937
1782841243.656558990,2.224593650,3.040531159,4.392806295
1782841243.662576199,2.278270371,2.926573884,4.479932202
1782841243.663458586,2.187988711,3.086035475,4.484807560
1782841243.665010691,2.187102898,3.020721788,4.532343229
1782841243.667643785,2.231550823,2.895648965,4.604543778
1782841243.668602705,2.169242312,2.983778257,4.570116333
1782841243.669985294,2.225723858,2.800275232,4.665303467
1782841243.674960852,2.222028462,2.826684570,4.678476729
1782841243.676625729,2.259371281,2.708566967,4.838498353
1782841243.678301811,2.298657469,2.529900717,4.996366525
1782841243.680200338,2.312875980,2.558233185,5.060325761
1782841243.681769609,2.360934120,2.389796278,5.292803720
1782841243.685302258,2.380689477,2.413698686,5.344491421
1782841243.687586784,2.426334701,2.472075737,5.411988019
1782841243.688455582,2.409492873,2.565207494,5.418704440
1782841243.690032244,2.458152366,2.350943095,5.549711254
1782841243.692679644,2.534824296,2.084360356,5.672798658
1782841243.693564177,2.538245854,2.171248209,5.693717900
1782841243.694898367,2.606661943,1.930191386,5.816196450
1782841243.700081110,2.641389885,1.944721433,5.863619018
1782841243.701654434,2.705785013,1.817089832,6.040303875
1782841243.703974485,2.738483748,1.824789366,6.102702730
1782841243.704901218,2.773278291,1.914037328,6.211545972
1782841243.706697226,2.791636952,1.786575075,6.307848240
1782841243.712601900,2.812527825,1.634912441,6.407823404
1782841243.713469028,2.866927717,1.703406527,6.573164217
1782841243.715053797,2.876214246,1.639182742,6.658827026
1782841243.717686892,2.879042520,1.554917982,6.741605676
1782841243.718542099,2.904200445,1.585762969,6.782295931
1782841243.719885111,2.904367843,1.539239255,6.846144241
1782841243.724962711,2.919925289,1.543518094,6.892842521
1782841243.726636887,2.932032567,1.538226496,6.940784003
1782841243.728290319,2.939003871,1.538864777,6.950562012
1782841243.730182648,2.938170371,1.528300001,6.971146412
1782841243.731743336,2.939488248,1.534829586,6.974787588
1782841243.737662792,2.928069018,1.503517500,6.992178740
1782841243.738559484,2.867062784,1.390378897,6.984978097
1782841243.739894390,2.829456362,1.416033374,6.972555843
1782841243.742677927,2.831234859,1.435612177,6.936672296
1782841243.743536472,2.845346836,1.374274277,6.901248626
1782841243.744964600,2.823187175,1.430600471,6.853131565
1782841243.746716499,2.802087053,1.394886446,6.812621348
1782841243.749978065,2.778820887,1.362629949,6.774025022
1782841243.751653194,2.797335931,1.406313645,6.707426109
1782841243.753340960,2.818835930,1.458033706,6.622111844
1782841243.755200386,2.833212470,1.403363738,6.567020045
1782841243.756757259,2.848318684,1.475193795,6.488631438
1782841243.762582064,2.843165681,1.426213927,6.449663111
1782841243.763438940,2.798204507,1.222123389,6.138721636
1782841243.764990091,2.818277277,1.291469780,6.014060110
1782841243.767697096,2.770136863,1.409041326,5.886042970
1782841243.768578291,2.790329769,1.327795644,5.780354853
1782841243.769906282,2.746689309,1.459210861,5.655314851
1782841243.774909019,2.698382311,1.419367166,5.561068501
1782841243.776566982,2.649509215,1.475071087,5.328984917
1782841243.778229475,2.635180711,1.573439631,5.188574263
1782841243.780211210,2.583439898,1.528154282,5.115492562
1782841243.781766653,2.570773095,1.617182476,4.984004505
1782841243.787654400,2.519306921,1.568620059,4.926872310
1782841243.788511515,2.395739155,1.378266178,4.673630034
1782841243.790062189,2.397835264,1.465135998,4.548483091
1782841243.792683601,2.359602292,1.588089514,4.436200463
1782841243.793545008,2.375212241,1.542489582,4.363274208
1782841243.794972897,2.330050008,1.661670244,4.255815132
1782841243.800033808,2.300215051,1.638655826,4.200821307
1782841243.801596642,2.275878849,1.718030922,4.034786807
1782841243.803261995,2.283180994,1.811767459,3.933642940
1782841243.805129290,2.262064925,1.796512833,3.893226602
1782841243.806688786,2.259951629,1.889116870,3.797085697
1782841243.809103489,2.245991755,1.875565803,3.761123491
1782841243.809939384,2.234534766,1.857963285,3.709444278
1782841243.812656879,2.226219061,1.853258272,3.689772958
1782841243.813542843,2.253153731,1.837442832,3.670900324
1782841243.814877033,2.222244178,1.947027375,3.606350200
1782841243.817685366,2.218227181,2.031500605,3.538953848
1782841243.818591833,2.243449888,2.010183633,3.522274267
1782841243.819928408,2.218526746,2.113505570,3.469916119
1782841243.824134350,2.206503867,2.102833434,3.467366080
1782841243.824927330,2.195017722,2.089475203,3.461330556
1782841243.826631069,2.194200714,2.158406532,3.409677396
1782841243.828310728,2.199217670,2.221368039,3.364770916
1782841243.830155373,2.193309323,2.217235880,3.369426929
1782841243.831758976,2.196985215,2.266453916,3.327847575
1782841243.837605476,2.196001566,2.262634276,3.332341688
1782841243.838470697,2.216951739,2.226348792,3.329281798
1782841243.840000391,2.200202320,2.287183882,3.297304330
1782841243.841759205,2.218075393,2.324789823,3.258495580
1782841243.843437910,2.257141672,2.313297128,3.244858893
1782841243.850052118,2.245789924,2.360867703,3.217612422
1782841243.851605654,2.306356760,2.359402408,3.226392983
1782841243.853212833,2.327695017,2.397235421,3.206769588
1782841243.855189562,2.327393037,2.447850429,3.196079189
1782841243.856556892,2.371962469,2.445855558,3.210913765
1782841243.862682581,2.371259370,2.491785715,3.211171324
1782841243.863564491,2.443141402,2.531883256,3.264340529
1782841243.864923477,2.446581687,2.585668538,3.270700375
1782841243.866606474,2.468600998,2.624601485,3.280259823
1782841243.868303776,2.510151551,2.636546950,3.304486394
1782841243.870821714,2.525433015,2.678166108,3.306977642
1782841243.871578932,2.561208541,2.700318458,3.335543711
1782841243.875053644,2.584852020,2.724431503,3.353695526
1782841243.876787663,2.610278135,2.778623410,3.364093137
1782841243.878242493,2.633939539,2.807652042,3.389329543
1782841243.880177736,2.652928331,2.864703571,3.397471495
1782841243.881752014,2.690965349,2.952991017,3.426543682
1782841243.886885881,2.715864875,2.986149378,3.434662621
1782841243.888257027,2.741771214,3.049325149,3.448108127
1782841243.890087366,2.736753419,3.091508699,3.460552750
1782841243.892644644,2.750589126,3.119616461,3.458758155
1782841243.893527269,2.734342885,3.180133260,3.457873054
1782841243.894891024,2.740500281,3.193157217,3.452129239
1782841243.900026560,2.745529197,3.216382480,3.445505064
1782841243.901603222,2.723015222,3.257027278,3.443205902
1782841243.903316975,2.702590775,3.269667847,3.469816675
1782841243.905112267,2.702067181,3.291361368,3.460333350
1782841243.906674147,2.683551580,3.290789740,3.497854202
1782841243.912612200,2.685879793,3.305522473,3.507199473
1782841243.913471699,2.651118395,3.413405037,3.644839443
1782841243.915049791,2.615540718,3.394881651,3.713511905
1782841243.917690754,2.623684098,3.356709940,3.746731239
1782841243.918582916,2.545258626,3.384307171,3.775227235
1782841243.919926643,2.553778509,3.341840227,3.806183805
1782841243.924933434,2.529787085,3.354251033,3.806040824
1782841243.926584005,2.447203090,3.351803522,3.900692749
1782841243.928248644,2.391793365,3.319772783,3.978682188
1782841243.930121183,2.372776330,3.339918047,3.989668255
1782841243.931686163,2.337262998,3.317325613,4.063670744
1782841243.937597990,2.319055835,3.345700791,4.074558520
1782841243.938479900,2.268450246,3.493678271,4.072563657
1782841243.940051794,2.268614783,3.473470425,4.122458483
1782841243.942714930,2.310727093,3.432167838,4.163128871
1782841243.943585873,2.288014073,3.494673191,4.159571103
1782841243.944925785,2.334135102,3.456114989,4.210968053
1782841243.948326826,2.356845749,3.498994681,4.224726263
1782841243.950113535,2.389380730,3.548178745,4.243896788
1782841243.951681614,2.421068741,3.549973806,4.320079897
1782841243.953344584,2.436649972,3.540988088,4.398859778
1782841243.955188274,2.468713673,3.592529525,4.441249582
1782841243.956752539,2.503473340,3.584309050,4.532365905
1782841243.962611198,2.539151888,3.639696108,4.582368392
1782841243.963542461,2.645566022,3.824898834,4.760965296
1782841243.965092897,2.712079480,3.749587093,4.880876552
1782841243.966715813,2.729088967,3.803709567,4.913174956
1782841243.968240261,2.785853171,3.702499070,5.044180369
1782841243.975113153,2.867040447,3.541815496,5.200198709
1782841243.976767540,2.946199206,3.619454089,5.352792190
1782841243.978404760,3.009706255,3.433933801,5.524642026
1782841243.980119705,3.069996761,3.204592857,5.692664844
1782841243.981678247,3.082163464,3.237692195,5.737165723
1782841243.987735748,3.136542063,3.000823033,5.905264647
1782841243.988888979,3.212761290,3.072326603,6.075536056
1782841243.990123034,3.230398589,3.086135775,6.117469184
1782841243.991731882,3.242284402,2.863314939,6.277587747
1782841243.993460417,3.233285867,2.643166009,6.425275382
1782841244.000236511,3.238306454,2.438346543,6.561413690
1782841244.001765966,3.256242653,2.466301258,6.714916531
1782841244.003449678,3.225809369,2.284092550,6.846263380
1782841244.005192757,3.202545930,2.118071604,6.941356595
1782841244.006613255,3.189010111,2.109706049,6.983123002
1782841244.010755062,3.161646867,1.977976923,7.072852401
1782841244.011633158,3.164608854,1.942807084,7.129690063
1782841244.013274908,3.144545345,1.911495498,7.158445340
1782841244.015051365,3.093095064,1.785391604,7.227433082
1782841244.018641949,3.046850282,1.712188275,7.281603433
1782841244.020025730,3.032658491,1.677668535,7.323514806
1782841244.025197744,2.994197071,1.638250754,7.387869903
1782841244.026853561,2.977783616,1.567405406,7.455799486
1782841244.032086611,2.952210811,1.540645800,7.483543344
1782841244.033434868,2.975904091,1.441142607,7.566021300
1782841244.035089016,2.963931961,1.408107776,7.596227994
1782841244.037565231,2.947611355,1.418394605,7.616864094
1782841244.038540125,2.964530443,1.363700839,7.641432660
1782841244.039952993,2.951493898,1.395774352,7.644242101
1782841244.041625500,2.959552838,1.410194016,7.630759966
1782841244.043457985,2.983683930,1.347834558,7.624044605
1782841244.050289392,2.975978578,1.410793714,7.602251428
1782841244.051780224,2.962170165,1.302919962,7.520659568
1782841244.053463936,2.969601893,1.336577344,7.456791397
1782841244.055190802,2.915433015,1.391724156,7.338904063
1782841244.056586742,2.911090139,1.329435650,7.261314063
1782841244.062633038,2.874476459,1.418009608,7.172962675
1782841244.063545227,2.755448687,1.293214640,6.918811082
1782841244.065003872,2.719495375,1.374728369,6.815870944
1782841244.066703081,2.721037979,1.424751439,6.694957413
1782841244.068439484,2.723077970,1.359784176,6.592954553
1782841244.073472977,2.685093748,1.452886512,6.475610971
1782841244.075135708,2.597769364,1.372957553,6.300479521
1782841244.076601744,2.587674201,1.322739359,6.211441241
1782841244.078460455,2.599308588,1.407485846,6.095866629
1782841244.080217361,2.538824818,1.499256097,5.934600177
1782841244.081746340,2.548812269,1.442670488,5.848190341
1782841244.087833405,2.536596313,1.558560978,5.742766631
1782841244.089017630,2.497042795,1.463183381,5.572056783
1782841244.090032578,2.474510583,1.441963671,5.519228323
1782841244.091768026,2.498387448,1.533425366,5.432954664
1782841244.093394041,2.528545978,1.621429911,5.344457324
1782841244.100146532,2.514226208,1.730956193,5.277530209
1782841244.101590395,2.543007224,1.665860460,5.207151159
1782841244.103288889,2.590135327,1.751603562,5.148043733
1782841244.105024576,2.594661927,1.851208022,5.100829669
1782841244.106616020,2.637184784,1.820238066,5.081706958
1782841244.112775564,2.634639606,1.907900726,5.036341017
1782841244.114027023,2.634950489,1.797307811,5.009318729
1782841244.115125895,2.620602314,1.768538363,4.998326161
1782841244.116671085,2.644149110,1.846407650,4.949321534
1782841244.118268013,2.655261163,1.915391642,4.892895025
1782841244.120701790,2.635464552,1.993363656,4.846449605
1782841244.121665955,2.624172308,1.974960778,4.837742862
1782841244.125132084,2.617920699,1.955710311,4.826034943
1782841244.126606226,2.631187355,1.916398282,4.806908392
1782841244.128426313,2.638651788,2.064879955,4.736317025
1782841244.130185843,2.629484486,2.054628535,4.741633084
1782841244.131765366,2.647934134,2.116303486,4.706052952
1782841244.136221647,2.641924179,2.108962455,4.708368503
1782841244.136985540,2.638921555,2.103498632,4.712745590
1782841244.138209105,2.664852594,2.090733935,4.707418859
1782841244.140083551,2.703531385,2.153650444,4.677541534
1782841244.142658949,2.709609009,2.232860491,4.660330631
1782841244.143532991,2.759246504,2.222863033,4.651348575
1782841244.144973040,2.774170639,2.298355638,4.636020623
1782841244.149996519,2.794747767,2.310822395,4.655656736
1782841244.151657581,2.860469455,2.378328075,4.654466373
1782841244.153383732,2.915060307,2.424534092,4.642657272
1782841244.155154467,2.940351759,2.440880938,4.669641340
1782841244.156733990,2.994938330,2.493194311,4.663283276
1782841244.162571192,3.022206496,2.515003803,4.691177030
1782841244.163437128,3.181031083,2.604447409,4.802144844
1782841244.165006161,3.244319789,2.663134254,4.797912137
1782841244.167595148,3.258476755,2.734305692,4.800236296
1782841244.168428898,3.283596631,2.764981360,4.822954866
1782841244.169904470,3.339475196,2.780307467,4.825668246
1782841244.175094604,3.347789854,2.855084855,4.820682177
1782841244.176714182,3.397103771,2.944935303,4.798630681
1782841244.178380013,3.411930258,3.010950717,4.775358743
1782841244.180175304,3.432208302,3.043536700,4.767690787
1782841244.181740046,3.437259560,3.101128093,4.736838997
1782841244.187639952,3.447989464,3.135262610,4.731499793
1782841244.188568115,3.461950797,3.241159402,4.708696924
1782841244.189943314,3.449472386,3.289441945,4.691106094
1782841244.191614389,3.436090898,3.343174106,4.694170972
1782841244.193299532,3.403740936,3.366315734,4.701240310
1782841244.198673487,3.399088538,3.393132188,4.686779706
1782841244.199966431,3.412409783,3.474946261,4.686086527
1782841244.201573372,3.374678637,3.507236589,4.723273082
1782841244.203253984,3.325523034,3.538054280,4.796181904
1782841244.205171824,3.340110333,3.580179102,4.871490482
1782841244.206746578,3.280298697,3.604893759,4.985747377
1782841244.212532043,3.259623450,3.648211847,5.058264721
1782841244.213391304,3.122292743,3.772293526,5.213665194
1782841244.215073109,3.028440611,3.772257502,5.261871411
1782841244.217731953,3.007183773,3.764694988,5.279383810
1782841244.218635082,2.880548442,3.825396330,5.291844269
1782841244.219975471,2.874247416,3.770916595,5.307522728
1782841244.224918842,2.842091519,3.813743156,5.271305846
1782841244.226588249,2.774725241,3.859423128,5.290176248
1782841244.228261709,2.751982460,3.871395331,5.340402960
1782841244.230130196,2.757049293,3.937046902,5.350498165
1782841244.231567860,2.731886478,4.037412635,5.370843650
1782841244.237602234,2.775391873,4.031687930,5.438279995
1782841244.238484383,2.837865137,4.348155139,5.505331017
1782841244.240059853,2.863477200,4.375925012,5.567567633
1782841244.242720604,2.917650062,4.355268180,5.643844138
1782841244.243604183,2.931140976,4.465627417,5.660090847
1782841244.244943142,2.997042501,4.444394388,5.754780782
1782841244.250043154,3.041799385,4.513918570,5.814669907
1782841244.251612425,3.123590832,4.588748585,5.978544400
1782841244.253300190,3.172212575,4.603168851,6.078930174
1782841244.255223274,3.213820748,4.650901111,6.143767699
1782841244.256555796,3.278185522,4.781574651,6.234782143
1782841244.261801958,3.334391396,4.718367949,6.352316499
1782841244.263265848,3.379976184,4.810784579,6.437960624
1782841244.265096664,3.417122963,4.787841998,6.511223573
1782841244.267721653,3.458449859,4.711961274,6.609275662
1782841244.268601656,3.485560940,4.771512476,6.664536217
1782841244.269929886,3.524009942,4.683482441,6.756323527
1782841244.274971247,3.540348923,4.693864034,6.786188958
1782841244.276648045,3.583739727,4.611023297,6.896095094
1782841244.278345346,3.610620761,4.492679166,6.981171932
1782841244.280116320,3.612082782,4.500535064,7.000422242
1782841244.281685591,3.645763233,4.349287512,7.097496005
1782841244.287581205,3.644870556,4.352974373,7.104942545
1782841244.288433552,3.645836203,4.395067732,7.142342699
1782841244.289877892,3.675302984,4.189862550,7.257062311
1782841244.292174339,3.702575967,3.998761130,7.368992945
1782841244.293210506,3.704606464,4.023710584,7.369992265
1782841244.300070763,3.727748905,3.803975281,7.497174868
1782841244.301644087,3.742012547,3.605069260,7.607075398
1782841244.303339958,3.746378801,3.387896374,7.716680070
1782841244.305164337,3.740471620,3.385756534,7.723411288
1782841244.306756496,3.714037062,3.164528576,7.825390464
1782841244.312604666,3.699213321,3.148373701,7.829030756
1782841244.313468933,3.625930206,3.097001224,7.803111629
1782841244.315041304,3.580555140,2.875962234,7.859128891
1782841244.317744970,3.546557062,2.660503734,7.913447218
1782841244.318608284,3.509583758,2.663906215,7.895193590
1782841244.319937229,3.472147703,2.475587032,7.949155490
1782841244.323127985,3.439992031,2.456434002,7.964245169
1782841244.323880196,3.415612736,2.428108277,7.982971476
1782841244.325137377,3.382287827,2.422684600,7.993382079
1782841244.326574087,3.353069432,2.257855938,8.045574770
1782841244.328237772,3.323924294,2.150410579,8.067237124
1782841244.330188990,3.303368068,2.118208516,8.062449518
1782841244.331754923,3.283258355,2.039649916,8.064681078
1782841244.337616682,3.269539191,2.005486527,8.041794022
1782841244.338479280,3.216700659,1.913631316,7.958340740
1782841244.340045929,3.192822379,1.849601703,7.880767331
1782841244.342700005,3.168335414,1.804658306,7.816751987
1782841244.343573093,3.164119183,1.788867915,7.742059656
1782841244.344913006,3.149594915,1.769860942,7.654661032
1782841244.349990606,3.122718409,1.722157679,7.559791233
1782841244.351553440,3.091767602,1.700289254,7.336540917
1782841244.353223562,3.092349698,1.742278135,7.177624686
1782841244.355181694,3.045932380,1.700594828,7.057127945
1782841244.356748581,3.039856145,1.743481433,6.886955161
1782841244.362581968,2.994793805,1.685238901,6.765891974
1782841244.363458395,2.826493451,1.456051410,6.298416965
1782841244.364900112,2.798596304,1.514062389,6.169104532
1782841244.366577625,2.801512572,1.578158541,6.011413662
1782841244.368335962,2.788771366,1.532088483,5.894187847
1782841244.374996901,2.758851532,1.602805932,5.762743210
1782841244.376584530,2.661275055,1.591519872,5.447804985
1782841244.378267288,2.654024056,1.665464591,5.316115221
1782841244.380159378,2.613722581,1.628719882,5.241698916
1782841244.381725311,2.605041208,1.703347195,5.122209545
1782841244.384220362,2.559393931,1.669577965,5.053349942
1782841244.385001898,2.469734264,1.608409231,4.931258512
1782841244.387659311,2.425016928,1.586733668,4.878576154
1782841244.388526917,2.413515799,1.549563677,4.815526577
1782841244.390102625,2.401647386,1.632076275,4.724555040
1782841244.392724514,2.364761931,1.708928309,4.651826739
1782841244.393599510,2.357755652,1.679561930,4.599181969
1782841244.394934893,2.324687549,1.751159560,4.527921962
1782841244.400113583,2.293402462,1.723110742,4.498422722
1782841244.401750803,2.266126665,1.755769508,4.401444171
1782841244.403218031,2.272255936,1.715939527,4.354609802
1782841244.405169964,2.252532812,1.771450435,4.293186939
1782841244.406749487,2.255968550,1.815183994,4.210968653
1782841244.412576675,2.242933812,1.789963793,4.168778770
1782841244.413462162,2.239330725,1.715586029,3.970690004
1782841244.414898157,2.231527963,1.767895364,3.910655621
1782841244.416794777,2.248512351,1.813549477,3.859347420
1782841244.418399334,2.270898191,1.792636626,3.837659921
1782841244.425029516,2.259895079,1.818800328,3.788527940
1782841244.426768541,2.278073545,1.842712262,3.673556625
1782841244.428227186,2.289994157,1.841794466,3.619057129
1782841244.430188417,2.270016525,1.883295460,3.603603801
1782841244.431545973,2.298658695,1.877574178,3.534310431
1782841244.437654018,2.291587753,1.907752466,3.475553344
1782841244.438535213,2.259216289,1.929587907,3.338296087
1782841244.439877272,2.238400273,1.957861642,3.310543186
1782841244.442681074,2.226382344,1.979262580,3.301857574
1782841244.443572521,2.226490025,1.979676769,3.315643952
1782841244.444903851,2.202678253,2.020063827,3.339674727
1782841244.450088501,2.193979589,2.034562648,3.375906821
1782841244.451656342,2.198336933,2.102631282,3.451946802
1782841244.453310490,2.217330690,2.141858502,3.490860281
1782841244.455164909,2.233636664,2.180432550,3.529897976
1782841244.456735134,2.289482886,2.273879529,3.613660846
1782841244.461724758,2.326941137,2.322628933,3.663729811
1782841244.463311911,2.402156960,2.421365791,3.784218150
1782841244.465047836,2.436143271,2.475524940,3.853449725
1782841244.467708111,2.461667175,2.518170396,3.928755397
1782841244.468583584,2.510607633,2.586398767,4.025262823
1782841244.469905853,2.522486378,2.604597945,4.056004133
1782841244.474982738,2.522896602,2.634246403,4.084621106
1782841244.476643324,2.544236729,2.670113933,4.104973874
1782841244.478340864,2.554750643,2.684703623,4.108380531
1782841244.480185509,2.574973913,2.720250955,4.125952150
1782841244.481743097,2.614797779,2.803941116,4.169841333
1782841244.487633705,2.649720670,2.866239184,4.209794187
1782841244.488507748,2.751558725,3.009952326,4.324308402
1782841244.490067959,2.793693700,3.060878811,4.387185359
1782841244.492261648,2.828125905,3.089007346,4.458048707
1782841244.493275881,2.855454662,3.143610429,4.520681932
1782841244.500040293,2.887950983,3.163060011,4.596673995
1782841244.501600027,2.994706740,3.253842160,4.759643594
1782841244.503240347,3.024431477,3.291134291,4.796149505
1782841244.505132675,3.070930405,3.305000029,4.857229587
1782841244.506704807,3.117716214,3.328426423,4.911202137
1782841244.512623787,3.159928845,3.360340887,4.950204753
1782841244.513491392,3.319561176,3.472097528,5.090763021
1782841244.515060663,3.358926682,3.477901625,5.129276316
1782841244.517699242,3.384763155,3.472117222,5.172949774
1782841244.518583298,3.394347692,3.490447380,5.194841961
1782841244.519915819,3.418896170,3.471600542,5.232038325
1782841244.523815393,3.435328129,3.477733183,5.262065672
1782841244.525104284,3.469025149,3.477634344,5.305871737
1782841244.526678562,3.479267409,3.454755772,5.332201829
1782841244.528337002,3.492616611,3.419008585,5.350256532
1782841244.530229568,3.501452893,3.405753643,5.354683700
1782841244.531550884,3.499681706,3.401496779,5.363774910
1782841244.537614822,3.512030679,3.356906167,5.392684177
1782841244.538483381,3.506631099,3.322348111,5.424922538
1782841244.540049314,3.516479175,3.278080267,5.447501530
1782841244.542672634,3.525477087,3.224465228,5.467004802
1782841244.543547630,3.522732109,3.216081006,5.481350017
1782841244.544880390,3.536706003,3.157629458,5.509384618
1782841244.550056458,3.542486568,3.145875908,5.527376532
1782841244.551670790,3.557592749,3.064668450,5.574720763
1782841244.553329229,3.564088124,2.996399484,5.597818963
1782841244.555043459,3.576722669,2.975857833,5.612170311
1782841244.556733608,3.582598595,2.902535154,5.639641381
1782841244.562617779,3.587602281,2.876284227,5.654360427
1782841244.563522339,3.586874572,2.750311642,5.676516040
1782841244.565079451,3.594445805,2.688100174,5.707439198
1782841244.567713022,3.605676096,2.634021624,5.741279489
1782841244.568575382,3.612027637,2.601679588,5.785499281
1782841244.569903851,3.622644335,2.553660408,5.829634968
1782841244.575139284,3.637695761,2.529508174,5.876457269
1782841244.576713085,3.676769275,2.424793173,5.952891557
1782841244.578397751,3.688104976,2.390100925,5.956215549
1782841244.580168486,3.698181238,2.369948125,5.952850132
1782841244.581739664,3.706372159,2.345127948,5.934911624
1782841244.586260796,3.718341317,2.332737201,5.923810850
1782841244.587006330,3.713652962,2.305561515,5.890546348
1782841244.588324308,3.708582596,2.281716888,5.867062087
1782841244.590053082,3.704420468,2.286332110,5.845208684
1782841244.591576815,3.694940773,2.268759852,5.830294814
1782841244.593446493,3.689707436,2.265901640,5.808140454
1782841244.600219011,3.688647668,2.277379609,5.791409141
1782841244.601600885,3.634128738,2.187556156,5.719476082
1782841244.603368998,3.612083372,2.183667087,5.683250782
1782841244.605216026,3.582922525,2.194033137,5.640327019
1782841244.606709003,3.556598368,2.168460024,5.616401822
1782841244.612649202,3.522805371,2.179573763,5.578042045
1782841244.613540888,3.410472368,2.114264476,5.434928144
1782841244.614885807,3.364859836,2.128045759,5.363184216
1782841244.617741108,3.320455013,2.131277543,5.279504297
1782841244.618665695,3.284297280,2.111046632,5.220102026
1782841244.620027781,3.238521192,2.126127338,5.146155487
1782841244.625011206,3.190869711,2.103698216,5.095539703
1782841244.626573086,3.111782342,2.088433422,4.997283972
1782841244.628257275,3.077871406,2.097171064,4.947105284
1782841244.630193710,3.030917888,2.065788695,4.904225412
1782841244.631771088,2.998612144,2.062452995,4.848128699
1782841244.633864880,2.886539065,2.005253468,4.795700259
1782841244.637550116,2.851959399,1.988291139,4.768267695
1782841244.638506889,2.789693406,1.953927055,4.728354086
1782841244.639889956,2.765062470,1.974645289,4.703542356
1782841244.641582012,2.763069349,1.988881945,4.674477809
1782841244.643414021,2.764003432,1.969150911,4.664045943
1782841244.648773193,2.756422269,1.992201853,4.642674702
1782841244.650023937,2.781292448,1.958726729,4.648084853
1782841244.651585817,2.827695035,1.982458484,4.637900824
1782841244.653255939,2.881507090,1.999346254,4.622848610
1782841244.655264854,2.914137742,2.006103290,4.636933329
1782841244.656582594,2.983838887,1.996290506,4.637281288
1782841244.662531137,3.012246242,2.034026522,4.638606252
1782841244.663397789,3.150984469,2.043031816,4.657422540
1782841244.665057182,3.220721833,2.060526171,4.621713186
1782841244.667670250,3.256782925,2.106231221,4.612696095
1782841244.668570518,3.328077800,2.095249961,4.573274722
1782841244.669917107,3.349535809,2.139752810,4.542623417
1782841244.675000906,3.374887521,2.152207442,4.526392711
1782841244.676591873,3.452235110,2.174515537,4.468060624
1782841244.678290367,3.511617263,2.197603771,4.430965874
1782841244.680143356,3.526660208,2.200431131,4.436343621
1782841244.681718349,3.604672088,2.229727127,4.421299795
1782841244.687537909,3.621352181,2.239515994,4.429181124
1782841244.688402176,3.727626008,2.248133601,4.385935257
1782841244.690073252,3.780333503,2.292022745,4.328552136
1782841244.692734480,3.778199630,2.341320303,4.279435441
1782841244.693607569,3.820709377,2.343580571,4.227833789
1782841244.694944620,3.808596610,2.387054149,4.163147293
1782841244.700055361,3.812620365,2.384417003,4.112677155
1782841244.701634884,3.802713925,2.440707564,3.977391652
1782841244.703319311,3.791974987,2.483021535,3.910085364
1782841244.705159426,3.768255436,2.486255436,3.853549575
1782841244.706731081,3.732658497,2.529371659,3.757766986
1782841244.711244345,3.718737700,2.525912668,3.721514795
1782841244.712014437,3.709167993,2.543918121,3.681564076
1782841244.713284254,3.698123088,2.550275410,3.712448456
1782841244.715081215,3.678199789,2.598263686,3.780509352
1782841244.717682362,3.690230354,2.631083915,3.842560558
1782841244.718557596,3.685771241,2.658585845,3.995566638
1782841244.719893217,3.705122746,2.705459110,4.119732570
1782841244.725038767,3.754167197,2.742457397,4.249529773
1782841244.726605892,3.770976590,2.791269256,4.533063442
1782841244.728378296,3.743971997,2.799386627,4.692702899
1782841244.730199337,3.779738296,2.841207114,4.756332413
1782841244.731774807,3.750844307,2.883349806,4.920630123
1782841244.737616062,3.763821422,2.934048344,4.935383432
1782841244.738480806,3.689298063,3.116011941,4.954887017
1782841244.739914179,3.682203180,3.153107728,4.962530622
1782841244.741580486,3.604133544,3.186937203,5.037734345
1782841244.743337154,3.564227837,3.259549025,5.061859804
1782841244.750027418,3.564641315,3.295685690,5.065384418
1782841244.751590729,3.550634391,3.510902065,5.207453226
1782841244.753273010,3.521599384,3.556215400,5.301689727
1782841244.755181313,3.522064290,3.636423972,5.352786000
1782841244.756757498,3.496561563,3.679363677,5.427667890
1782841244.762554884,3.508076328,3.761381109,5.463011113
1782841244.763445139,3.519075581,4.062385348,5.494775167
1782841244.765029907,3.539562981,4.078020533,5.538302067
1782841244.767657280,3.590279667,4.037818012,5.591780947
1782841244.768531561,3.599656265,4.119111318,5.611184338
1782841244.769977570,3.648865572,4.062978589,5.678281104
1782841244.772353172,3.683061876,4.085411517,5.722660947
1782841244.775110483,3.713119100,4.097069919,5.758504550
1782841244.776685238,3.747226184,4.074084386,5.827372604
1782841244.778349400,3.781723477,4.043320124,5.899546303
1782841244.780220270,3.809775072,4.049821335,5.949581627
1782841244.781552076,3.824038630,4.092668893,5.987746257
1782841244.787556410,3.876326945,4.030588882,6.082867203
1782841244.788430691,4.005153139,4.084776829,6.291531111
1782841244.790113211,4.046307789,4.042601104,6.362675418
1782841244.791550636,4.089085136,3.977227563,6.442391920
1782841244.793322563,4.113468939,3.996443249,6.476863166
1782841244.800110817,4.162477184,3.931007284,6.555790901
1782841244.801693916,4.257877332,3.885423715,6.714858138
1782841244.803391218,4.284302236,3.849149620,6.789607412
1782841244.805196524,4.307358435,3.859036910,6.851633942
1782841244.806564569,4.326003615,3.863002989,6.882878306
1782841244.812557459,4.358971513,3.808860695,6.941828366
1782841244.813423634,4.442783933,3.784630670,7.058689374
1782841244.815083981,4.454851830,3.711672196,7.118110438
1782841244.817698002,4.480937627,3.626464055,7.193332279
1782841244.818594694,4.485651902,3.605412903,7.234677748
1782841244.819938183,4.502003931,3.511455269,7.323176805
1782841244.824972630,4.513598359,3.492590134,7.374905242
1782841244.826639414,4.530947395,3.370099071,7.528962847
1782841244.828325033,4.539760846,3.275658670,7.629126417
1782841244.830192089,4.546114014,3.252888792,7.693552105
1782841244.831754923,4.556367189,3.153223905,7.802828320
1782841244.835888147,4.566891532,3.129065628,7.879403641
1782841244.836740494,4.598389821,3.033657781,8.030602167
1782841244.838295937,4.604875179,3.005019449,8.050045799
1782841244.840099573,4.611840788,2.895378321,8.080433764
1782841244.841575146,4.618433524,2.790663558,8.113732467
1782841244.843334675,4.626208219,2.758293058,8.109329047
1782841244.850111485,4.632405190,2.665700679,8.138216480
1782841244.852091312,4.616593476,2.491394168,8.155763283
1782841244.853403807,4.605051556,2.446257534,8.140431416
1782841244.855185986,4.574549641,2.364087369,8.118835612
1782841244.856588125,4.552877974,2.313899285,8.072899338
1782841244.862635612,4.511531820,2.245235629,8.028602958
1782841244.863513231,4.320555350,2.005827503,7.753067772
1782841244.864973545,4.235923848,1.947408391,7.651433951
1782841244.866585493,4.165938208,1.904151295,7.543348656
1782841244.868344545,4.076535860,1.848162306,7.400835723
1782841244.874985218,3.975285106,1.812227474,7.243227768
1782841244.876599312,3.656131685,1.695663947,6.806358322
1782841244.878308296,3.559284912,1.690949398,6.654989178
1782841244.880216599,3.443995388,1.656678157,6.549078360
1782841244.881558418,3.349246508,1.623665771,6.443084323
1782841244.887578487,3.259393664,1.658302764,6.340887779
1782841244.888454914,3.000594953,1.555977322,6.117662699
1782841244.890044212,2.981378800,1.584654449,6.062823023
1782841244.892729282,2.967242848,1.618786331,6.003007830
1782841244.893624783,2.961455397,1.596238487,5.967153774
1782841244.894961596,2.962590691,1.636167191,5.921267910
1782841244.898278713,2.960269356,1.621276708,5.910619666
1782841244.900084972,2.965066479,1.604483114,5.902864719
1782841244.901657104,2.999587870,1.655201039,5.877756228
1782841244.903350353,3.034880946,1.701196971,5.853672617
1782841244.905186892,3.054388225,1.686691446,5.868237329
1782841244.906762123,3.126880229,1.712622306,5.858664316
1782841244.912605762,3.163294297,1.692250652,5.867752697
1782841244.913467407,3.274863547,1.640576600,5.914430064
1782841244.914899826,3.309011798,1.696117385,5.913910576
1782841244.916582823,3.364164441,1.737685001,5.902962581
1782841244.918307304,3.410303301,1.717719458,5.904152107
1782841244.925091267,3.427848772,1.769283072,5.890467007
1782841244.926652431,3.489446103,1.806316384,5.808731976
1782841244.928336859,3.538538113,1.849951699,5.743764666
1782841244.930230141,3.540669848,1.863461145,5.717551365
1782841244.931567192,3.578472420,1.875556688,5.645951391
1782841244.937674284,3.567729324,1.934612348,5.607481793
1782841244.938542128,3.589686314,1.949757254,5.518886316
1782841244.939900875,3.579034822,1.994496864,5.486107265
1782841244.941558599,3.626815892,2.018468228,5.416573734
1782841244.943359137,3.673611062,1.998475416,5.359691172
1782841244.950081587,3.663290935,2.035385786,5.312263701
1782841244.951700687,3.695657747,2.054418883,5.153292487
1782841244.953419209,3.751027964,2.067006762,5.051556114
1782841244.955203295,3.735362684,2.081155357,5.022507213
1782841244.956788540,3.746680181,2.093043220,4.852525098
1782841244.960342169,3.733351362,2.100147216,4.798283809
1782841244.962620735,3.701013914,2.110894604,4.668678081
1782841244.963487864,3.726143666,2.102334328,4.574943227
1782841244.965056658,3.735649406,2.123654440,4.478169816
1782841244.967721224,3.702602546,2.138978594,4.394759812
1782841244.968600512,3.719416098,2.135295553,4.308783285
1782841244.969937325,3.682769959,2.122106404,4.233147213
1782841244.975038290,3.654615304,2.112891242,4.164068714
1782841244.976643562,3.599061554,2.099599717,4.027905775
1782841244.978367805,3.562935541,2.102407823,3.974735179
1782841244.980154514,3.536378817,2.100625241,3.935651668
1782841244.981729269,3.494511761,2.103970678,3.898137280
1782841244.987640381,3.475542081,2.105312318,3.868525577
1782841244.988516569,3.457531252,2.140827965,4.020760112
1782841244.990087509,3.453362285,2.170516594,4.211116060
1782841244.991598845,3.476510226,2.205802207,4.378555283
1782841244.993369341,3.479845492,2.212594342,4.556211786
1782841245.000025749,3.507717322,2.240956503,4.661594483
1782841245.001601696,3.539829618,2.300369733,4.792728752
1782841245.003291368,3.495118316,2.309101006,4.823253364
1782841245.005209923,3.498279505,2.344455001,4.785707031
1782841245.006586790,3.454248263,2.383272618,4.795581046
1782841245.012631178,3.443343483,2.413753013,4.773486582
1782841245.013548374,3.418097848,2.629726738,4.790370706
1782841245.014917612,3.428603402,2.668767296,4.824129955
1782841245.016608000,3.397305409,2.708013406,4.874774752
1782841245.018377304,3.381021075,2.768285415,4.919124289
1782841245.021711826,3.383333182,2.789476774,4.952641930
1782841245.025133610,3.378127700,2.846402700,4.974106186
1782841245.026707888,3.356946382,2.968835903,5.088496877
1782841245.028378725,3.348118674,3.022580539,5.110342133
1782841245.030200720,3.353054876,3.067883635,5.119626479
1782841245.031766176,3.370738383,3.116862443,5.147410871
1782841245.037270546,3.400231500,3.165560887,5.152512987
1782841245.038393259,3.496949644,3.347837389,5.209788128
1782841245.039894104,3.530109318,3.344231570,5.246112006
1782841245.041610718,3.556561803,3.364739047,5.281506619
1782841245.043393612,3.574588921,3.403332108,5.301062875
1782841245.050044775,3.608462340,3.385075821,5.353233920
1782841245.051614523,3.673090031,3.431829543,5.491104736
1782841245.053331375,3.695349802,3.444989287,5.537606113
1782841245.055239916,3.713815915,3.464060328,5.567857114
1782841245.056612492,3.730290643,3.495868219,5.576935543
1782841245.062634706,3.762213816,3.481074989,5.610743551
1782841245.063533783,3.838894443,3.502215337,5.667998397
1782841245.064888239,3.853733695,3.460510091,5.697506697
1782841245.066581011,3.858096445,3.440439569,5.729812825
1782841245.068403006,3.856653665,3.438032088,5.739992114
1782841245.075104475,3.867951248,3.403200401,5.781991888
1782841245.076681852,3.891355997,3.359117433,5.882953574
1782841245.078370810,3.905815968,3.321482670,5.942415824
1782841245.080132008,3.923727004,3.317557203,5.991286021
1782841245.081696749,3.945882889,3.272284214,6.067026126
1782841245.085222721,3.965344652,3.274179133,6.124302501
1782841245.087575436,4.020925418,3.277326641,6.258402599
1782841245.088500738,4.083101602,3.282631494,6.398123053
1782841245.089957714,4.120394949,3.220538873,6.497913867
1782841245.091561079,4.159956331,3.159299807,6.610139516
1782841245.093436480,4.197930079,3.154015897,6.692250033
1782841245.100134850,4.235189048,3.078672666,6.818380166
1782841245.101729631,4.350087741,2.978720948,7.072444837
1782841245.103227854,4.398509546,2.961223956,7.135440946
1782841245.105211735,4.429797613,2.876157661,7.212633020
1782841245.106570005,4.459779595,2.847141496,7.264065002
1782841245.112630606,4.487986886,2.758966523,7.338370187
1782841245.113503695,4.587176957,2.634136005,7.432182800
1782841245.115073919,4.576283391,2.529416836,7.469278145
1782841245.117812395,4.567825791,2.441042138,7.504415167
1782841245.118724108,4.572959870,2.392462863,7.505404556
1782841245.120072126,4.553936973,2.310000984,7.524240091
1782841245.125018597,4.521911355,2.261853595,7.530843745
1782841245.126590252,4.455322445,2.140339154,7.535894769
1782841245.128266573,4.430113244,2.087525338,7.524499856
1782841245.130176544,4.395721775,2.035427293,7.510378771
1782841245.131774902,4.348844431,1.985372220,7.504486669
1782841245.137611628,4.315154523,1.937726036,7.482835318
1782841245.138479948,4.146744220,1.750004917,7.339828314
1782841245.140049219,4.099338309,1.717455275,7.280204008
1782841245.142710447,4.053569743,1.702953464,7.223238251
1782841245.143565178,4.016509644,1.671919836,7.156935412
1782841245.144918919,3.963609464,1.676376870,7.099571166
1782841245.147059202,3.920929716,1.649472502,7.043370047
1782841245.150228500,3.860030839,1.647088390,7.002759568
1782841245.151608706,3.807348614,1.624069372,6.957036985
1782841245.153423548,3.767159224,1.686731891,6.885477698
1782841245.155211687,3.724083849,1.643434567,6.832508172
1782841245.156680584,3.608727314,1.628582430,6.720724218
1782841245.162105083,3.559277854,1.666456956,6.641419932
1782841245.163276196,3.405183675,1.665838926,6.433466977
1782841245.165051222,3.357620263,1.724611438,6.348388249
1782841245.167713642,3.312405736,1.773694829,6.272153345
1782841245.168621063,3.271960088,1.769228095,6.232537496
1782841245.169981003,3.220852349,1.820037326,6.190136815
1782841245.175063133,3.166534953,1.819284881,6.158730570
1782841245.176626921,3.115457734,1.847842446,6.097036233
1782841245.178356171,3.121054729,1.883850456,6.056335469
1782841245.180237770,3.091994870,1.871885425,6.058761836
1782841245.181572437,3.094683296,1.823468220,6.042426900
1782841245.187622786,3.090514330,1.862591334,6.036846212
1782841245.188486814,3.168314498,1.803785165,6.057833582
1782841245.189915895,3.198906051,1.844665576,6.059618944
1782841245.191594362,3.280351193,1.870707107,6.041223296
1782841245.193333864,3.383117062,1.834456953,6.035158934
1782841245.200062513,3.420435972,1.883705955,6.045056217
1782841245.201745033,3.620776175,1.900740579,6.044743719
1782841245.203415155,3.735656546,1.929873937,6.000970867
1782841245.205165386,3.775624307,1.929314791,6.014821129
1782841245.206753016,3.890512883,1.956842207,5.952036866
1782841245.209159851,3.923462063,1.968765412,5.954999725
1782841245.210022449,3.971065960,1.987029015,5.944999631
1782841245.212634802,3.989905163,2.000807886,5.926667920
1782841245.213522673,4.104592880,1.992065006,5.855210967
1782841245.214971304,4.118208121,2.049082363,5.831867627
1782841245.216556787,4.225405748,2.082283617,5.742174558
1782841245.218333721,4.333561470,2.063004234,5.665450184
1782841245.224816799,4.326704784,2.116365272,5.656071727
1782841245.225579977,4.332037612,2.120166242,5.662426106
1782841245.226723909,4.427857495,2.111861920,5.602512492
1782841245.228278399,4.525585590,2.140694911,5.523250030
1782841245.230211496,4.544562865,2.189010572,5.504048953
1782841245.231541395,4.636233851,2.190567030,5.439996236
1782841245.237712383,4.664563278,2.249204763,5.419045874
1782841245.238611698,4.806708198,2.311009386,5.328331957
1782841245.239953995,4.829040437,2.369405526,5.300585926
1782841245.241662741,4.888119739,2.414974855,5.234689954
1782841245.243380070,4.950533676,2.457802026,5.187313552
1782841245.250089645,4.960159035,2.510504129,5.146057098
1782841245.251653910,5.037054907,2.574254664,5.051349908
1782841245.253370047,5.062037899,2.621237747,5.036797403
1782841245.255205631,5.075143695,2.645508822,5.042158070
1782841245.256545782,5.070540377,2.660373144,5.053671556
1782841245.262659311,5.083208544,2.715306931,5.061194092
1782841245.263516188,5.167211728,2.848311440,5.180032068
1782841245.265073061,5.134019463,2.920453861,5.288877903
1782841245.267700911,5.168490749,2.996759281,5.382359951
1782841245.268598080,5.134829643,3.057945032,5.547929030
1782841245.269924641,5.168863014,3.112706741,5.629846579
1782841245.275153637,5.195826742,3.169846696,5.697704841
1782841245.276751280,5.103598974,3.282327332,5.858424312
1782841245.278413296,4.983605467,3.316675756,5.969861343
1782841245.280194521,4.976367200,3.378662957,5.985170505
1782841245.281763077,4.859689123,3.425683494,6.068731393
1782841245.286812544,4.834290726,3.499847571,6.063924216
1782841245.288402319,4.661576068,3.745117519,6.018824178
1782841245.290118933,4.559702814,3.832745921,6.049036298
1782841245.292724609,4.554303019,3.877754625,6.048150980
1782841245.293612242,4.489829225,4.100882784,6.076649427
1782841245.294947386,4.509996246,4.160562743,6.109120048
1782841245.300051928,4.525383004,4.244909654,6.121796091
1782841245.301656246,4.566677424,4.459939043,6.193053780
1782841245.303358316,4.587406132,4.570474003,6.261859432
1782841245.305215597,4.638339207,4.664994196,6.299791884
1782841245.306555748,4.634568060,4.813400558,6.339251900
1782841245.312625885,4.704317632,4.835546063,6.404397917
1782841245.313492060,4.787181822,5.062827541,6.474239127
1782841245.315043211,4.789563784,5.069790845,6.496987067
1782841245.317768812,4.821248135,5.022757963,6.529758314
1782841245.318641901,4.797008596,5.059058455,6.525490407
1782841245.319975615,4.826927277,5.002634564,6.561858799
1782841245.324939728,4.841834837,5.003854850,6.573420367
1782841245.326608181,4.836813744,4.993543471,6.648197842
1782841245.328285933,4.821776406,4.972079319,6.693404495
1782841245.330213308,4.827195981,4.968366278,6.723700404
1782841245.331785202,4.825526860,4.953861567,6.771171439
1782841245.337647915,4.834373650,4.950264345,6.791635846
1782841245.338512897,4.883635491,5.034009157,6.863271206
1782841245.340077400,4.890416314,5.035066048,6.901755392
1782841245.342743397,4.924378332,5.019185690,6.930813431
1782841245.343619347,4.935939824,5.058655300,6.942087265
1782841245.344951391,4.975536486,5.025413114,6.994759706
1782841245.348056793,4.991724929,5.041033659,7.005355746
1782841245.348799706,5.020247278,5.054526719,7.032312993
1782841245.350090981,5.047039261,5.077056238,7.061853720
1782841245.351648331,5.068001070,5.042688818,7.133971111
1782841245.353308916,5.096257149,4.994492074,7.232503153
1782841245.355195522,5.121864945,5.008383281,7.268753228
1782841245.356754541,5.155860307,4.941621618,7.372535766
1782841245.362592459,5.184228038,4.955361200,7.413385035
1782841245.363462687,5.222060218,4.998606883,7.489162935
1782841245.364890099,5.242110954,4.883304779,7.576117877
1782841245.366551876,5.249495993,4.758820534,7.666694687
1782841245.368334532,5.244140955,4.769919416,7.694486656
1782841245.375022411,5.265965864,4.633153726,7.810839190
1782841245.376593590,5.302305325,4.509619088,8.052902065
1782841245.378259182,5.293534178,4.356841012,8.192597714
1782841245.380251169,5.309666710,4.359434446,8.250287398
1782841245.381610394,5.306786113,4.357561136,8.355760426
1782841245.387651920,5.312009708,4.189651429,8.501685758
1782841245.388552189,5.377910882,4.188395329,8.792841581
1782841245.389886379,5.392083163,4.022084903,8.990783258
1782841245.391548157,5.395899371,3.848835081,9.165890790
1782841245.393378019,5.411094061,3.827864998,9.233590336
1782841245.400069475,5.411616252,3.657815714,9.355989068
1782841245.401667833,5.436020834,3.439736345,9.522747408
1782841245.403379917,5.425904289,3.286167450,9.586528522
1782841245.405178785,5.437672105,3.241546172,9.604915544
1782841245.406743765,5.432096587,3.105441326,9.657152468
1782841245.409889698,5.422020333,3.043986497,9.676386890
1782841245.412740469,5.402735662,2.902363246,9.701688532
1782841245.413608789,5.385348796,2.749596241,9.704880553
1782841245.414938688,5.356099323,2.605050845,9.703747099
1782841245.416620016,5.323904149,2.514440941,9.679154716
1782841245.418358326,5.305690531,2.430871714,9.644495728
1782841245.425080538,5.280399503,2.357835375,9.625230127
1782841245.426765442,5.207230278,2.169296060,9.496290228
1782841245.428221703,5.185837804,2.092845089,9.410286593
1782841245.430188656,5.150413269,2.066699274,9.312846665
1782841245.431733847,5.118444428,2.058820277,9.192659778
1782841245.437658310,5.068597847,1.995387363,9.097336270
1782841245.438509703,4.854132056,1.748257071,8.672814679
1782841245.440057993,4.813779434,1.764697509,8.536456884
1782841245.442759514,4.739276936,1.802702813,8.401229812
1782841245.443634510,4.688789873,1.746190774,8.280471416
1782841245.444966793,4.609015564,1.801694646,8.146983268
1782841245.450093031,4.556565122,1.751977396,8.033660570
1782841245.451688051,4.403200463,1.766603659,7.791035418
1782841245.453378201,4.343515062,1.840900274,7.653196102
1782841245.455176592,4.266552380,1.821011702,7.567452697
1782841245.456746578,4.203150752,1.888387904,7.437771727
1782841245.462687731,4.124139524,1.853353196,7.343305606
1782841245.463569403,3.860713247,1.726053942,7.010154171
1782841245.464909792,3.793635235,1.788266980,6.920368998
1782841245.466571569,3.768805959,1.843744147,6.819116547
1782841245.468391657,3.739772196,1.806214828,6.743529793
1782841245.471812010,3.692727742,1.866662831,6.670431696
1782841245.475061178,3.660993680,1.839731357,6.625571663
1782841245.476648569,3.637724994,1.873367952,6.504213475
1782841245.478354216,3.644299364,1.935103139,6.430261777
1782841245.480250359,3.622983469,1.909477891,6.405928433
1782841245.481586695,3.652442504,1.880990968,6.365467997
1782841245.487249851,3.639775557,1.946639808,6.333818893
1782841245.488256693,3.716979615,1.867327392,6.279774126
1782841245.490053415,3.790334244,1.929912273,6.203309682
1782841245.492725849,3.801018321,1.997254919,6.154884718
1782841245.493609905,3.889065515,1.983500983,6.081666744
1782841245.494945526,3.888736159,2.059794496,6.030112588
1782841245.500096560,3.903065973,2.064332750,6.005585384
1782841245.501685858,3.975184885,2.128733896,5.921805201
1782841245.503223658,4.065774098,2.127339718,5.880776015
1782841245.505244017,4.056263567,2.196957841,5.873407187
1782841245.506563187,4.150305810,2.189603186,5.837185389
1782841245.512672663,4.149865506,2.254965480,5.842491314
1782841245.513535738,4.282252094,2.281852188,5.792853177
1782841245.514879704,4.276096793,2.347976110,5.768370779
1782841245.517715693,4.350061969,2.393972782,5.682087959
1782841245.518597603,4.426251172,2.398077359,5.601708926
1782841245.519937038,4.419159912,2.456332959,5.566941444
1782841245.525025129,4.413812549,2.473466079,5.523375315
1782841245.526584864,4.457819413,2.551738998,5.380992214
1782841245.528263569,4.493509856,2.604634733,5.287384153
1782841245.530235291,4.481385534,2.630977586,5.237596318
1782841245.531582117,4.504763623,2.658248089,5.152079310
1782841245.533801794,4.471635459,2.708664119,5.086395527
1782841245.537651777,4.427584213,2.756213344,4.970748514
1782841245.538503408,4.405690325,2.735925995,4.826376243
1782841245.540076017,4.374616431,2.761351589,4.761218629
1782841245.542724609,4.337183950,2.811910088,4.770213645
1782841245.543580770,4.315169775,2.845590981,4.791584306
1782841245.544907808,4.307607618,2.914889574,4.867307581
1782841245.549716711,4.329873015,2.970616485,4.998949222
1782841245.550476074,4.406475178,3.088032746,5.352346651
1782841245.551619530,4.443921234,3.136597375,5.537647972
1782841245.553440332,4.420641275,3.179290676,5.663055065
1782841245.555200577,4.465988101,3.224938629,5.760653930
1782841245.556746483,4.434277258,3.254122660,5.834318036
1782841245.562632799,4.447291658,3.297266450,5.834675421
1782841245.563484192,4.410260462,3.470926971,5.814010591
1782841245.565050125,4.354516821,3.540090241,5.844154643
1782841245.567688942,4.342777816,3.617367482,5.857457482
1782841245.568557501,4.285289124,3.722739197,5.890109330
1782841245.569914341,4.276025885,3.797428124,5.913026156
1782841245.575030088,4.258564693,3.896307664,5.919250897
1782841245.576637506,4.196619628,4.088184513,5.954100884
1782841245.578322649,4.164405057,4.192879078,5.971111941
1782841245.580234051,4.186291776,4.281310645,5.979438682
1782841245.581618071,4.170802089,4.504279006,5.948968550
1782841245.587626696,4.191427553,4.558909600,5.951600634
1782841245.588501930,4.185115549,4.816867553,5.911056374
1782841245.590059519,4.169731937,4.877243575,5.895042112
1782841245.592682123,4.176947931,4.882511368,5.904718418
1782841245.593555212,4.143653177,4.959297497,5.865355313
1782841245.594894171,4.156573680,4.952259931,5.875966551
1782841245.596660137,4.165611879,4.973904654,5.873321943
1782841245.600121498,4.156991248,4.999048817,5.876219131
1782841245.601723194,4.162628084,5.038398715,5.891684405
1782841245.603393316,4.156328112,5.037450289,5.940058135
1782841245.605236053,4.141059720,5.036309069,5.955199665
1782841245.606570482,4.137391672,5.119344530,5.988222395
1782841245.611768007,4.140223159,5.037597436,6.054939356
1782841245.613222361,4.154128419,5.104059377,6.071822128
1782841245.615056992,4.168979793,5.043222158,6.130641320
1782841245.617788076,4.213119803,4.928869608,6.209226361
1782841245.618663073,4.245653322,4.959854767,6.199662459
1782841245.620002508,4.315397160,4.820289252,6.282300464
1782841245.625035286,4.334855743,4.822489682,6.288518432
1782841245.626596689,4.380805870,4.676164006,6.346697179
1782841245.628298044,4.391180087,4.522684113,6.431105239
1782841245.630208969,4.391366017,4.513681474,6.414709240
1782841245.631622076,4.370297630,4.521909295,6.413353710
1782841245.637612581,4.403887961,4.339875732,6.526288085
1782841245.638475895,4.409079133,4.345726098,6.640572492
1782841245.640038013,4.426149990,4.160525747,6.772142008
1782841245.642726898,4.452577116,3.958627993,6.892603588
1782841245.643643618,4.444841216,3.950294038,6.894369625
1782841245.644990683,4.461743809,3.748436753,7.007683182
1782841245.650191069,4.469160622,3.736410102,7.028213155
1782841245.651765823,4.465251606,3.524859605,7.168340556
1782841245.653457403,4.455085106,3.339908141,7.287469903
1782841245.655212879,4.457098671,3.319197271,7.306878320
1782841245.656563282,4.446135365,3.305872783,7.330273714
1782841245.658276796,4.432337528,3.120080742,7.426621010
1782841245.662661791,4.431991703,3.103715825,7.451018983
1782841245.663551331,4.426092667,3.048027243,7.512855533
1782841245.664892912,4.420269439,2.873483163,7.611218087
1782841245.666557550,4.398743480,2.724511814,7.707993942
1782841245.668364763,4.394647389,2.712090391,7.744791583
1782841245.673818350,4.386101871,2.575701568,7.824872167
1782841245.675056696,4.397226279,2.507316778,7.914609409
1782841245.676639557,4.371883383,2.390468471,7.965239896
1782841245.678303957,4.354886276,2.298825807,8.016226526
1782841245.680214643,4.358067134,2.268936561,8.024917134
1782841245.681544304,4.351471793,2.245043265,8.037757745
1782841245.687668800,4.333663620,2.162411009,8.075740044
1782841245.688555479,4.303097434,2.053433466,8.094064525
1782841245.689891577,4.278919632,1.982590561,8.105307690
1782841245.691571712,4.249920092,1.931458905,8.102368934
1782841245.693328619,4.243978908,1.899678970,8.094687318
1782841245.700091600,4.219333521,1.861160027,8.079783349
1782841245.701653242,4.178033053,1.756792512,7.994752430
1782841245.703367472,4.174867129,1.764028302,7.954300680
1782841245.705213070,4.155635393,1.719364787,7.927446957
1782841245.706776619,4.157515801,1.679429188,7.894493924
1782841245.712649584,4.140273878,1.700470510,7.850030317
1782841245.713581324,4.057747978,1.500521969,7.680018874
1782841245.714952946,4.030039483,1.529890881,7.609206850
1782841245.716622591,4.031927082,1.562915754,7.503999889
1782841245.718402386,4.027554247,1.512812027,7.442924797
1782841245.720328331,3.992207207,1.553489801,7.355528216
1782841245.725027323,3.947783253,1.504044287,7.310449254
1782841245.726632595,3.884093891,1.487295971,7.166283218
1782841245.728302717,3.873110986,1.533295243,7.065670184
1782841245.730189323,3.831394814,1.461194130,7.013593359
1782841245.731765032,3.822154111,1.516511135,6.926355368
1782841245.735097170,3.772649722,1.450262420,6.884134883
1782841245.737658024,3.685663022,1.337175605,6.797901329
1782841245.738530159,3.636621741,1.228324797,6.692953451
1782841245.740088463,3.648628365,1.286499144,6.597421272
1782841245.742733955,3.629360414,1.354183731,6.520688277
1782841245.743606806,3.638103515,1.309354229,6.450318637
1782841245.744944334,3.629030160,1.386180581,6.369829214
1782841245.750084162,3.610653554,1.354071873,6.319965753
1782841245.751781225,3.609847942,1.399584036,6.179350599
1782841245.753227234,3.615965871,1.364987283,6.116560689
1782841245.755182743,3.605432566,1.445718105,6.048265994
1782841245.756759882,3.629345643,1.526361386,5.954830603
1782841245.762670994,3.607777341,1.506586136,5.920972133
1782841245.763534784,3.563231679,1.442129080,5.770924979
1782841245.764976740,3.544549950,1.534252787,5.717342132
1782841245.766639471,3.563201377,1.613242251,5.643848640
1782841245.768361568,3.582412191,1.595717015,5.600448924
1782841245.775064707,3.560765800,1.678497020,5.547001915
1782841245.776638508,3.547944810,1.740112007,5.459678369
1782841245.778347969,3.578022791,1.815042618,5.393501597
1782841245.780243635,3.557441529,1.809647218,5.373747706
1782841245.781595707,3.586839882,1.795006291,5.296392695
1782841245.787640095,3.575145222,1.872324474,5.232792964
1782841245.788513422,3.607136811,1.882730732,5.069450970
1782841245.790080309,3.644277257,1.947979012,4.983360231
1782841245.792705774,3.625640357,2.019437044,4.949790904
1782841245.793605089,3.658898927,2.011514084,4.917952191
1782841245.794938564,3.635371831,2.079720228,4.909385282
1782841245.800027609,3.617328060,2.077973413,4.926692256
1782841245.801591873,3.641282043,2.110221437,4.917340730
1782841245.803260565,3.676588166,2.150273732,4.891916751
1782841245.805203915,3.680892894,2.150456097,4.906980564
1782841245.806548357,3.736987654,2.132494134,4.903175304
1782841245.811821461,3.742506323,2.187875640,4.892283046
1782841245.813338518,3.821760145,2.192961033,4.886042362
1782841245.815093517,3.868972462,2.233074456,4.855016818
1782841245.817793608,3.890595690,2.282858178,4.854218826
1782841245.818669558,3.966211738,2.300779186,4.851990788
1782841245.820002317,3.989013326,2.356731106,4.846835951
1782841245.825097799,4.020995888,2.373659358,4.857795570
1782841245.826672316,4.097236961,2.453137060,4.831602192
1782841245.828335285,4.144157579,2.508206299,4.804172470
1782841245.830250502,4.158864727,2.538172048,4.799421918
1782841245.831566334,4.198772692,2.611192292,4.753118034
1782841245.837593794,4.203521720,2.677544496,4.725921575
1782841245.838479519,4.213911305,2.768412445,4.638375756
1782841245.840040684,4.208129745,2.801179080,4.590933135
1782841245.842656612,4.205613802,2.849167540,4.561863517
1782841245.843541861,4.183216711,2.899238532,4.545672192
1782841245.844913960,4.153826549,2.948643353,4.529808269
1782841245.850070477,4.141538093,2.986430673,4.551456019
1782841245.851635695,4.095379557,3.086693663,4.633887661
1782841245.853319407,4.060778696,3.139215162,4.692277331
1782841245.855158091,4.069654057,3.178784310,4.734588911
1782841245.856724977,4.020945268,3.220944846,4.776815636
1782841245.862679482,4.021819694,3.261427504,4.789771767
1782841245.863655806,3.894384575,3.408751743,4.765030649
1782841245.865102768,3.866983791,3.438782168,4.760571659
1782841245.866676092,3.802196885,3.489393141,4.812750762
1782841245.868399143,3.734194323,3.550854880,4.868216008
1782841245.873184443,3.704831570,3.600216309,4.927838694
1782841245.874002218,3.649078458,3.713552329,4.985708176
1782841245.875105619,3.620836970,3.774231292,5.008132952
1782841245.876593351,3.539221196,3.845974602,5.022560821
1782841245.878407955,3.487034031,3.878283700,5.046244415
1782841245.880162716,3.468024737,3.939418519,5.020927546
1782841245.881735563,3.417403319,3.993991843,5.009141782
1782841245.887627840,3.405373761,4.051316240,4.972951121
1782841245.888542891,3.367251335,4.245771788,4.858309529
1782841245.889901400,3.371362157,4.267906172,4.834808112
1782841245.891601086,3.365756331,4.312641212,4.836378932
1782841245.893354654,3.342818150,4.382004044,4.817908897
1782841245.900032759,3.359556497,4.413595840,4.856996777
1782841245.901602268,3.391648475,4.542949231,5.021516979
1782841245.903273344,3.386080444,4.572302975,5.077846457
1782841245.905244827,3.396958052,4.616883883,5.093971669
1782841245.906604052,3.393442694,4.673584293,5.080742994
1782841245.912649393,3.414911151,4.681182691,5.098734344
1782841245.913544178,3.464470368,4.810431370,5.012882599
1782841245.914891005,3.491205079,4.795999848,5.033908943
1782841245.916603088,3.519167637,4.779228740,5.066766469
1782841245.918381453,3.529552939,4.819394119,5.068216363
1782841245.925169230,3.564321089,4.764322888,5.138372906
1782841245.926762819,3.614056545,4.717720685,5.276774270
1782841245.928219080,3.613937289,4.746825490,5.284344266
1782841245.930258512,3.658493213,4.639733732,5.388482928
1782841245.931610107,3.662028448,4.661636008,5.396362906
1782841245.935250759,3.705461534,4.533684219,5.498432461
1782841245.937623739,3.723149585,4.557193091,5.506696636
1782841245.938524008,3.723836798,4.577491326,5.495776867
1782841245.939878225,3.754508837,4.417572456,5.604243077
1782841245.941562176,3.788511033,4.257335091,5.705045980
1782841245.943400383,3.783014692,4.272036713,5.691662323
1782841245.950104952,3.809358185,4.075011807,5.804333289
1782841245.951680899,3.813145414,3.872850616,5.931755286
1782841245.953377485,3.814524362,3.673331204,6.056293188
1782841245.955239534,3.803160665,3.666287213,6.056848655
1782841245.956582069,3.789225788,3.677129746,6.058959281
1782841245.962652206,3.789716324,3.455896988,6.176005250
1782841245.963527679,3.729431809,3.440713549,6.152675304
1782841245.965091705,3.700731063,3.248970287,6.266199264
1782841245.967724562,3.674352857,3.037310758,6.363237397
1782841245.968575716,3.641444004,3.051717208,6.361924028
1782841245.969937563,3.613209664,2.859586988,6.467959492
1782841245.975007296,3.601065341,2.857303163,6.472454603
1782841245.976586580,3.542263114,2.682749079,6.572918519
1782841245.978267193,3.488579291,2.531383294,6.668348958
1782841245.980219364,3.490728786,2.532675507,6.683866007
1782841245.981551409,3.464005464,2.544571423,6.718946879
1782841245.987676382,3.435420256,2.387923946,6.811466351
1782841245.988577604,3.430467348,2.396624054,6.873673782
1782841245.989952803,3.398758425,2.256343480,6.963854396
1782841245.991613865,3.349371104,2.147693834,7.049751692
1782841245.993377686,3.336553130,2.165919258,7.068629563
1782841245.998078585,3.306223213,2.049994436,7.132755618
1782841245.998955727,3.326337421,2.055514918,7.167770547
1782841246.000043154,3.337037573,2.057525754,7.191348935
1782841246.001616478,3.298486709,1.968146506,7.263546483
1782841246.003319263,3.261192099,1.901468226,7.339923561
1782841246.005189657,3.273301383,1.897817001,7.368833382
1782841246.006753922,3.243122165,1.828756921,7.435069061
1782841246.012659311,3.257986814,1.825833210,7.465507510
1782841246.013539314,3.277331969,1.810987964,7.533018911
1782841246.014884710,3.263420976,1.731138112,7.567401368
1782841246.017752171,3.242414168,1.677940575,7.586229530
1782841246.018612385,3.232957209,1.667526944,7.574412061
1782841246.019946814,3.214412051,1.615740896,7.568726374
1782841246.025051117,3.214672513,1.599642783,7.549830556
1782841246.026607513,3.180522623,1.548564972,7.513884609
1782841246.028249979,3.155377779,1.519939849,7.486908758
1782841246.030183554,3.132647909,1.504148561,7.471615980
1782841246.031759024,3.093294493,1.465773318,7.433387866
1782841246.037553549,3.059385072,1.440344839,7.409178378
1782841246.038405895,2.976110280,1.362109943,7.254961884
1782841246.040064812,2.972677333,1.349605596,7.174895870
1782841246.042797804,2.957421813,1.357902971,7.109193260
1782841246.043647289,2.946285970,1.324824886,7.041120044
1782841246.044993401,2.932363301,1.335634006,6.968678402
1782841246.050053596,2.896720562,1.301966021,6.913285299
1782841246.051641226,2.876746799,1.274683553,6.771819597
1782841246.053312302,2.910201350,1.295478552,6.684291647
1782841246.055183887,2.875189766,1.247089986,6.635680035
1782841246.056733131,2.916872362,1.266999254,6.545766876
1782841246.060029745,2.895657241,1.211215348,6.507707107
1782841246.062713385,2.839310450,1.089585170,6.468640350
1782841246.063615561,2.810718352,0.945051338,6.452071641
1782841246.064976215,2.819594425,0.964247952,6.412422262
1782841246.066543818,2.873169782,0.981203931,6.352152630
1782841246.068209410,2.894033676,0.886896430,6.321099948
1782841246.075089693,2.912184596,0.920743731,6.246183961
1782841246.076691628,2.939696349,0.789957549,6.048940486
1782841246.078336477,3.006945395,0.830166850,5.934548062
1782841246.080241203,2.992835640,0.772803207,5.884943984
1782841246.081555128,3.016820524,0.689289150,5.817848386
1782841246.087615967,3.031640005,0.769293185,5.732908642
1782841246.088470936,3.025610786,0.561037430,5.545515678
1782841246.089887142,3.043473166,0.644478473,5.466504545
1782841246.091569662,3.105792912,0.713501850,5.382333431
1782841246.093396187,3.120412845,0.657214787,5.331909064
1782841246.100059748,3.130604867,0.757039302,5.285850954
1782841246.101617336,3.089824520,0.775683140,5.118099757
1782841246.103306293,3.101757238,0.850169933,5.029379187
1782841246.105247259,3.051629037,0.832106084,4.972125413
1782841246.106603384,3.047659819,0.797577520,4.906185727
1782841246.112658978,3.019497788,0.896769997,4.816219009
1782841246.113527775,2.859698689,0.822535585,4.587854879
1782841246.115086555,2.873274756,0.908962597,4.509338416
1782841246.117724657,2.850893617,1.003254691,4.449624451
1782841246.118571997,2.851102139,0.974658918,4.411405803
1782841246.119889498,2.830240395,1.063772079,4.360521063
1782841246.121697664,2.808916268,1.054669677,4.345170329
1782841246.125014067,2.792145498,1.045688686,4.333465967
1782841246.126636982,2.822814945,1.111068362,4.278522696
1782841246.128301620,2.853754706,1.173916278,4.236795727
1782841246.130214453,2.856823104,1.166592127,4.239043758
1782841246.131770611,2.891525570,1.222701972,4.202243708
1782841246.137016773,2.902104385,1.210742275,4.215830141
1782841246.138296366,2.978855344,1.168059324,4.266244127
1782841246.140159845,3.022001657,1.222011423,4.248741193
1782841246.141634464,3.047228281,1.293760966,4.244709298
1782841246.143367052,3.090823673,1.271513739,4.259227926
1782841246.150098562,3.113188709,1.335106176,4.254478597
1782841246.151657104,3.213729758,1.360428772,4.263709822
1782841246.153357267,3.258239236,1.403423856,4.238444162
1782841246.155256987,3.284445400,1.407777613,4.242697680
1782841246.156597137,3.329804810,1.396497242,4.240145762
1782841246.162616730,3.354828035,1.462352721,4.228182959
1782841246.163490295,3.475232977,1.491326123,4.285591287
1782841246.165056467,3.523002887,1.546941196,4.272945913
1782841246.167821884,3.549217025,1.610303306,4.293356217
1782841246.168715954,3.602892387,1.610214444,4.309679770
1782841246.170127630,3.624997081,1.663472407,4.335436889
1782841246.175065517,3.655264954,1.678288075,4.377627906
1782841246.176625490,3.724125367,1.744023897,4.409462807
1782841246.178298950,3.780742465,1.785299518,4.393681457
1782841246.180171490,3.813604135,1.807499174,4.407822667
1782841246.181737185,3.862013949,1.857852890,4.390174712
1782841246.187733412,3.890371567,1.889919032,4.397301278
1782841246.188686848,3.988995687,2.023235793,4.414256804
1782841246.190078497,3.997941983,2.091410174,4.412572301
1782841246.191656828,4.023897112,2.152161049,4.403668916
1782841246.193377495,4.051289108,2.196380081,4.405334797
1782841246.198206902,4.063440288,2.255812354,4.418351887
1782841246.200150013,4.115189837,2.351287991,4.500501422
1782841246.201761007,4.153451689,2.420936463,4.559217095
1782841246.203412771,4.182664443,2.493885866,4.649313038
1782841246.205427885,4.216897573,2.549494495,4.762718736
1782841246.206745386,4.257822024,2.663588965,4.988601828
1782841246.212856770,4.257086536,2.726412906,5.068470507
1782841246.213729382,4.257407394,2.899790902,5.188801720
1782841246.214894295,4.232040833,2.962086611,5.185942545
1782841246.216708422,4.173125246,3.042595023,5.180116623
1782841246.218363762,4.106006992,3.147978674,5.184876061
1782841246.225103855,4.093098036,3.195563850,5.180165516
1782841246.226657391,3.997779334,3.456585577,5.179079494
1782841246.228356600,3.981480295,3.564712748,5.204446173
1782841246.230219841,3.984394163,3.645701532,5.204670233
1782841246.231559992,3.935396040,3.845343896,5.177164071
1782841246.237612486,3.937076739,3.895031477,5.170278854
1782841246.238459349,3.838365559,4.124809596,5.057778971
1782841246.240050316,3.802318113,4.178737933,5.023043760
1782841246.242800951,3.782291536,4.192434381,4.995610817
1782841246.243683338,3.742537947,4.274598997,4.947588357
1782841246.245060682,3.732384382,4.278231420,4.940851750
1782841246.250139952,3.718459006,4.318785889,4.916782642
1782841246.251722574,3.707042298,4.394313434,4.923781745
1782841246.253393412,3.694232119,4.410016846,4.923386863
1782841246.255242586,3.686581739,4.435116686,4.924595342
1782841246.256643057,3.665356839,4.509432515,4.896805327
1782841246.261203051,3.686066586,4.484817684,4.898428566
1782841246.261966705,3.706426258,4.499499304,4.842854717
1782841246.263219595,3.708985258,4.529892413,4.794557857
1782841246.265075684,3.736340742,4.513436057,4.768761658
1782841246.267739296,3.786436431,4.475994488,4.773588115
1782841246.268618584,3.800154601,4.495482627,4.740673354
1782841246.269953728,3.838880664,4.455311020,4.760508203
1782841246.275113821,3.864810075,4.462967152,4.762179834
1782841246.276690960,3.918935751,4.452792748,4.782394583
1782841246.278362989,3.950646350,4.435700781,4.802210504
1782841246.280260086,3.968801370,4.438438080,4.803388734
1782841246.281591177,3.989506175,4.456934566,4.778055749
1782841246.287673712,4.013058587,4.398130806,4.796626526
1782841246.288558960,4.004714892,4.397509028,4.711626087
1782841246.289914370,4.026314418,4.318515494,4.726205868
1782841246.291571140,4.044306930,4.239102915,4.737944574
1782841246.293327332,4.033653732,4.243105071,4.698376518
1782841246.300166368,4.056259470,4.127509042,4.739140594
1782841246.301783800,4.080480789,4.010544187,4.809164419
1782841246.303225279,4.085803059,4.025051229,4.821992411
1782841246.305272102,4.123363861,3.903349492,4.956830225
1782841246.306603193,4.146221405,3.960109017,5.051653496
1782841246.312666178,4.176769467,3.817652037,5.185073497
1782841246.313531876,4.183382819,3.860416022,5.147532222
1782841246.315097094,4.209412433,3.721604396,5.217680957
1782841246.317704201,4.226247800,3.555088072,5.314783798
1782841246.318589687,4.221696385,3.578330021,5.297194551
1782841246.319920301,4.230515928,3.404757618,5.406975001
1782841246.323706388,4.234945351,3.407984729,5.419700577
1782841246.325119495,4.237356779,3.420534207,5.461422828
1782841246.326700687,4.231644030,3.260308265,5.590511400
1782841246.328373194,4.237827591,3.077638275,5.689720026
1782841246.330277205,4.231688837,3.087970129,5.722551157
1782841246.331606865,4.226764243,3.106521891,5.715293626
1782841246.337685108,4.200443143,2.927255381,5.820644512
1782841246.338559389,4.158442854,2.936372142,5.804817543
1782841246.339942455,4.119720005,2.757563256,5.895776321
1782841246.341620684,4.071074664,2.613919338,5.961638755
1782841246.343395710,4.052684676,2.627940795,5.942403057
1782841246.350049973,4.003497974,2.474758561,5.999261945
1782841246.351643801,3.909466485,2.332162669,5.990388970
1782841246.353349686,3.862900491,2.234323684,6.023848592
1782841246.355015278,3.838311680,2.219917095,6.023421240
1782841246.356773853,3.807389417,2.134545685,6.059363954
1782841246.362669945,3.782261096,2.119752021,6.062754014
1782841246.363564968,3.729929075,2.045810668,6.070811135
1782841246.364911556,3.705460335,1.943056685,6.132919465
1782841246.366576910,3.699711955,1.880959662,6.177831298
1782841246.368209362,3.709019271,1.874291273,6.200269135
1782841246.370548964,3.703073724,1.808649097,6.247466589
1782841246.375310183,3.704521285,1.774311829,6.283353407
1782841246.376667500,3.727278405,1.660267851,6.349321145
1782841246.378260374,3.740053458,1.613351788,6.365764933
1782841246.380266190,3.736862969,1.568563283,6.385855961
1782841246.381593227,3.754680285,1.532205021,6.385773417
1782841246.386404037,3.766260267,1.495703117,6.392775816
1782841246.387142658,3.756279932,1.389688996,6.411067932
1782841246.388367176,3.779535322,1.350009443,6.399087437
1782841246.390057802,3.812422475,1.329009097,6.360438945
1782841246.392807007,3.823054011,1.335206219,6.341325545
1782841246.393689632,3.846444353,1.284545475,6.319207478
1782841246.395064116,3.849269664,1.293141969,6.278142153
1782841246.400010586,3.835921548,1.245921956,6.254378494
1782841246.401579142,3.849360872,1.215331176,6.166849307
1782841246.403343439,3.892520646,1.235319182,6.095453376
1782841246.405275822,3.879129939,1.186479069,6.062558401
1782841246.406675339,3.894905590,1.126506421,6.006587010
1782841246.412654638,3.896816070,1.165189916,5.957179374
1782841246.413599253,3.871807553,0.967801849,5.820820365
1782841246.414996147,3.855152305,1.004302410,5.740072125
1782841246.416568518,3.872441764,1.033092036,5.622524772
1782841246.418219328,3.866282177,0.982515610,5.559562384
1782841246.425080538,3.842155239,1.042949830,5.467320103
1782841246.426635265,3.769785015,1.014854963,5.256351562
1782841246.428311825,3.768792893,1.054361983,5.171064664
1782841246.430208206,3.725725093,1.022872485,5.133012419
1782841246.431778431,3.680296438,1.019086774,5.034632757
1782841246.437632084,3.648443322,0.982333486,5.015909281
1782841246.438519239,3.567841089,0.849559174,4.980961294
1782841246.439882755,3.554047482,0.905291708,4.957240024
1782841246.442765713,3.565701688,0.936712682,4.917266367
1782841246.443633795,3.577911150,0.881624605,4.893672097
1782841246.444977522,3.564216560,0.937261346,4.860150355
1782841246.447376013,3.543849085,0.901727920,4.852527211
1782841246.448239088,3.526318326,0.869541478,4.847932094
1782841246.450161219,3.510194594,0.842548075,4.841790087
1782841246.451754093,3.535830927,0.887504268,4.799893858
1782841246.453242540,3.545285031,0.842512993,4.782255937
1782841246.455278873,3.540919948,0.910418459,4.762556002
1782841246.456615925,3.562892459,0.870115965,4.762373674
1782841246.462328434,3.570436315,0.941481590,4.754323604
1782841246.463363171,3.628433576,0.890990156,4.787633814
1782841246.465075254,3.674849179,0.949562758,4.762579468
1782841246.467783689,3.707380197,1.027730823,4.755279492
1782841246.468641520,3.751925368,1.011010338,4.757750841
1782841246.469999313,3.798316889,1.092870806,4.756806865
1782841246.475005388,3.816948397,1.089501490,4.765292252
1782841246.476579666,3.893756439,1.156516184,4.772158879
1782841246.478256702,3.940171089,1.225706594,4.750356818
1782841246.480270147,3.956898292,1.228183621,4.752901532
1782841246.481617212,3.994945405,1.229859487,4.736665580
1782841246.487597227,3.998277878,1.293497687,4.699757123
1782841246.488465309,3.997178676,1.318933630,4.607838328
1782841246.489902258,3.997293162,1.400450937,4.568468458
1782841246.491574526,4.006740232,1.458008927,4.521598817
1782841246.493426800,4.014241496,1.463171438,4.514175445
1782841246.500119686,4.011016807,1.525528531,4.510568040
1782841246.501766205,4.041449455,1.589720516,4.578101940
1782841246.503260612,4.070293774,1.597122685,4.613377810
1782841246.505328178,4.080551761,1.651740694,4.638028523
1782841246.506663799,4.130843834,1.664263242,4.685107182
1782841246.508384228,4.144949190,1.717963449,4.704248131
1782841246.512694120,4.170720775,1.734391946,4.725508518
1782841246.513765812,4.227559885,1.771916703,4.766337834
1782841246.515000105,4.256058177,1.797193181,4.788132257
1782841246.516638756,4.284798460,1.843297943,4.806054342
1782841246.518402576,4.321555276,1.897320624,4.822951131
1782841246.523434877,4.350968700,1.954126564,4.848075214
1782841246.525096893,4.423685883,2.027489416,4.929310392
1782841246.526615620,4.459179331,2.063543998,4.979806245
1782841246.528310537,4.489996361,2.125286715,5.012569645
1782841246.530289650,4.518429935,2.190510031,5.051256790
1782841246.531705618,4.549993660,2.232637103,5.082891248
1782841246.537748575,4.579720216,2.301373825,5.112267278
1782841246.538961649,4.683604861,2.536848909,5.175528717
1782841246.539965391,4.709098749,2.598015078,5.191217378
1782841246.541708946,4.723309432,2.677158394,5.201756123
1782841246.543387413,4.730640952,2.758355423,5.221833878
1782841246.550159931,4.748669614,2.814828393,5.236213866
1782841246.551769495,4.748322286,3.002947574,5.239303537
1782841246.553426981,4.727580690,3.064869099,5.229759796
1782841246.555283070,4.713291630,3.102963462,5.206545846
1782841246.556766272,4.675005195,3.164401118,5.185100555
1782841246.562697887,4.655144036,3.200606957,5.147133023
1782841246.563739538,4.517586403,3.369487275,5.006312421
1782841246.564958572,4.492186935,3.408010159,4.995746135
1782841246.566634178,4.458214073,3.448255164,5.002307863
1782841246.568447113,4.430124251,3.483975063,5.009357674
1782841246.575224638,4.406946223,3.504084922,5.012582767
1782841246.576666832,4.373971628,3.616544503,5.064516118
1782841246.578368187,4.351998976,3.649475737,5.098773067
1782841246.580243111,4.357091599,3.661860384,5.118777697
1782841246.581638575,4.338658882,3.703785702,5.128814847
1782841246.584823608,4.344859899,3.707449011,5.118311093
1782841246.586084366,4.344876150,3.743688200,5.063543143
1782841246.587351084,4.358913223,3.759858148,5.031630321
1782841246.588589430,4.365896856,3.772177411,4.996015721
1782841246.590134621,4.359066264,3.798666179,4.974953152
1782841246.592150688,4.371296187,3.797609783,4.943917045
1782841246.593598604,4.392385882,3.787092302,4.941729652
1782841246.595109940,4.382527209,3.797903505,4.934325620
1782841246.597077608,4.391049699,3.803131960,4.940613794
1782841246.598568916,4.406449304,3.780529742,4.944723449
1782841246.600433350,4.397723249,3.799378880,4.946015993
1782841246.601821661,4.404130983,3.790778826,4.963883815
1782841246.603375435,4.392566035,3.810135031,4.976972790
1782841246.605017662,4.397864156,3.811157641,5.002236622
1782841246.606617928,4.393253013,3.810628843,5.026583681
1782841246.612746477,4.408186721,3.800951597,5.042398163
1782841246.613826513,4.399715277,3.844504802,5.028198546
1782841246.615086317,4.403922617,3.849870839,5.013748531
1782841246.616764069,4.405322722,3.840558796,5.022384280
1782841246.618283272,4.414173724,3.815035707,5.036717146
1782841246.625128984,4.434549625,3.773429104,5.060288068
1782841246.626797915,4.444244034,3.781348403,5.063464261
1782841246.628318548,4.459169882,3.736854729,5.091985357
1782841246.630270004,4.483099386,3.675806666,5.119006372
1782841246.631839514,4.468584128,3.674480813,5.130651856
1782841246.637744188,4.489771994,3.608824717,5.165490590
1782841246.638848305,4.450457657,3.559455881,5.182317066
1782841246.640085697,4.440926693,3.537371468,5.186060039
1782841246.641684771,4.444024294,3.446975996,5.218548954
1782841246.643408060,4.439788150,3.353518268,5.258617419
1782841246.646778107,4.441640609,3.248889789,5.287756688
1782841246.650233984,4.429154506,3.217418595,5.289641330
1782841246.651642323,4.380170785,3.159855262,5.290390718
1782841246.653232813,4.361690995,3.047298708,5.320913704
1782841246.655306339,4.353423013,2.945360925,5.350928578
1782841246.656638384,4.321083415,2.871472722,5.366513142
1782841246.661429882,4.325992639,2.773502031,5.403013337
1782841246.662196636,4.310602412,2.697737816,5.417434596
1782841246.663239002,4.298024494,2.662825526,5.432578838
1782841246.665116310,4.290680392,2.564894086,5.458243652
1782841246.666597128,4.293669299,2.480338879,5.482225503
1782841246.668212891,4.279772132,2.444075251,5.489135669
1782841246.675045252,4.280312948,2.371609286,5.501343266
1782841246.676637411,4.276466987,2.251210846,5.536157594
1782841246.678236008,4.274600965,2.222010218,5.564236101
1782841246.680295467,4.289006765,2.168527900,5.597049408
1782841246.681645393,4.298707295,2.105004389,5.637269544
1782841246.687601328,4.304944315,2.053690092,5.643165523
1782841246.688507318,4.322146066,1.953358878,5.609428358
1782841246.690070152,4.326732352,1.911453513,5.593894052
1782841246.692325830,4.332090645,1.874839242,5.569627940
1782841246.693503857,4.319684388,1.846222271,5.548303505
1782841246.695030451,4.311107967,1.829727991,5.517998702
1782841246.700284004,4.311769201,1.796956729,5.494723966
1782841246.701695681,4.275254167,1.719825390,5.448540706
1782841246.703335047,4.285149466,1.697722003,5.423199900
1782841246.705276251,4.293328539,1.676688276,5.394498912
1782841246.706615448,4.258148117,1.596034991,5.364078230
1782841246.712625504,4.235819042,1.578473793,5.329691129
1782841246.713557243,4.156738759,1.466549112,5.301750113
1782841246.714946032,4.130477408,1.457950386,5.272581358
1782841246.716554642,4.097094994,1.449200843,5.232169272
1782841246.718228817,4.056152468,1.406830224,5.186434587
1782841246.723568678,4.025036983,1.399884393,5.125880343
1782841246.726294279,3.940779275,1.330771808,5.006291118
1782841246.727238894,3.851824069,1.247189949,4.887475307
1782841246.728440523,3.801804039,1.210586063,4.829474094
1782841246.730007172,3.769181540,1.207530149,4.761709769
1782841246.731565475,3.730568153,1.198729868,4.708815734
1782841246.737705231,3.694407829,1.199656452,4.643391389
1782841246.738644600,3.568776974,1.097015412,4.495251207
1782841246.740034580,3.542957986,1.105791982,4.450088957
1782841246.741618156,3.518526395,1.107552401,4.403180478
1782841246.743385077,3.506062418,1.076831237,4.384292249
1782841246.750056982,3.494116100,1.080731336,4.361415355
1782841246.751647949,3.471495038,1.039800919,4.306350630
1782841246.753330708,3.469981219,1.050952300,4.268753886
1782841246.755234003,3.460821631,1.036810078,4.236772421
1782841246.756572008,3.453533458,1.016942099,4.205806301
1782841246.762696981,3.447869084,1.038689048,4.156792686
1782841246.763561964,3.414086742,0.968147389,4.077443460
1782841246.764898300,3.415970401,0.997866282,4.052494244
1782841246.766573906,3.418687455,1.015266308,4.023833311
1782841246.768373251,3.415021750,0.995321396,4.011066305
1782841246.770808697,3.416649599,1.022107630,3.984412989
1782841246.771567583,3.402432056,1.010693530,3.971518824
1782841246.775063753,3.390515378,1.003527947,3.960446956
1782841246.776658297,3.376827696,1.025824839,3.928572345
1782841246.778353691,3.380837708,1.047734636,3.893386017
1782841246.780307055,3.365346716,1.043033073,3.869856950
1782841246.781743526,3.355175197,1.031099870,3.838835046
1782841246.786307812,3.343963906,1.056346444,3.793235845
1782841246.787071466,3.310985026,1.056059098,3.674952904
1782841246.788305998,3.302670368,1.049815731,3.629993764
1782841246.790153980,3.299961572,1.080637721,3.580486563
1782841246.791623831,3.303014978,1.113310231,3.544073631
1782841246.793212891,3.306227877,1.117171177,3.526739045
1782841246.800197124,3.304103347,1.149776512,3.513202946
1782841246.801751614,3.330819841,1.190930076,3.545008124
1782841246.803259134,3.353321274,1.184426875,3.556690262
1782841246.805267811,3.366575801,1.221044610,3.569195177
1782841246.806608200,3.376286041,1.217193113,3.584570817
1782841246.812706947,3.377411547,1.248444020,3.579187326
1782841246.813598156,3.432963197,1.311754598,3.576480103
1782841246.814939022,3.446024792,1.354124643,3.563685130
1782841246.816600561,3.459595474,1.378236148,3.554183283
1782841246.818443298,3.470482059,1.385056399,3.544368990
1782841246.825122118,3.475301901,1.420999405,3.533233863
1782841246.826587200,3.491136526,1.465840231,3.537230987
1782841246.828403473,3.474361648,1.489333739,3.544202716
1782841246.830291510,3.481961400,1.519401398,3.556656165
1782841246.831629515,3.472252783,1.523108050,3.573277478
1782841246.837710619,3.466651607,1.554595498,3.577601286
1782841246.838610172,3.432338764,1.628540522,3.627764356
1782841246.839968204,3.424686850,1.665447952,3.646886623
1782841246.841562748,3.406926409,1.690729209,3.679356455
1782841246.843220472,3.390758490,1.709219240,3.716715167
1782841246.848770857,3.387546106,1.742539874,3.730738375
1782841246.849986553,3.383760468,1.833212072,3.774387729
1782841246.851610899,3.367613340,1.855267066,3.806698389
1782841246.853312254,3.352788634,1.886554811,3.834734206
1782841246.855257988,3.345077811,1.916026010,3.840768636
1782841246.856585026,3.331052413,1.946287799,3.869093621
1782841246.862822056,3.327375405,1.978745416,3.882956245
1782841246.863685846,3.326343355,2.074643189,3.914674781
1782841246.865097761,3.333948687,2.109646520,3.911341452
1782841246.866798401,3.332763103,2.144206205,3.936960819
1782841246.868260145,3.340308120,2.180702781,3.939943424
1782841246.875054121,3.361665492,2.222092537,3.957339787
1782841246.876683950,3.435722935,2.370206429,4.063210566
1782841246.878356218,3.446397467,2.413255008,4.107889837
1782841246.880230904,3.466853280,2.466322660,4.143694119
1782841246.881723404,3.477113042,2.527294949,4.172286892
1782841246.887658834,3.508747560,2.559884988,4.194503335
1782841246.888610601,3.571302707,2.719549821,4.198268532
1782841246.889983177,3.588966895,2.735766726,4.201085915
1782841246.891646624,3.586556563,2.763700551,4.206413578
1782841246.893375158,3.574183507,2.799780560,4.200139852
1782841246.895777225,3.571168059,2.804775996,4.204840232
1782841246.896643400,3.565190055,2.824278800,4.200009943
1782841246.900135517,3.565498622,2.840839642,4.202846775
1782841246.901763916,3.556121774,2.845222953,4.198142816
1782841246.903265715,3.538614297,2.873475436,4.186565798
1782841246.905293941,3.536555502,2.868366250,4.186974821
1782841246.906621456,3.513769689,2.907521599,4.165327572
1782841246.911334038,3.508546624,2.900470778,4.165138228
1782841246.912144423,3.500171051,2.928495313,4.134327485
1782841246.913223982,3.486466197,2.960323647,4.111437370
1782841246.915148497,3.475184341,2.966456997,4.111267957
1782841246.916559935,3.473177198,2.958265286,4.114705988
1782841246.918250084,3.453891904,2.986352190,4.094557554
1782841246.925123215,3.447364544,2.969317774,4.104462397
1782841246.926695824,3.431253270,3.005479876,4.152626118
1782841246.928377867,3.425309097,3.001555416,4.193107786
1782841246.930232525,3.423910528,3.019144655,4.206250668
1782841246.931555510,3.423956740,3.054067106,4.217679227
1782841246.937689304,3.427837594,3.023683139,4.251325436
1782841246.938686371,3.427424851,3.077129177,4.245591558
1782841246.940099478,3.430410982,3.036165213,4.280934919
1782841246.941667795,3.425546058,2.994381489,4.325865980
1782841246.943268299,3.418626568,3.012308443,4.338685159
1782841246.950093985,3.423936031,2.947387507,4.388060184
1782841246.951723814,3.418146857,2.888624748,4.442385788
1782841246.953398466,3.423840479,2.814208953,4.491380751
1782841246.955238104,3.413120156,2.818036283,4.494392956
1782841246.956588507,3.406941669,2.828547092,4.499411433
1782841246.959152222,3.402550656,2.737641610,4.553574226
1782841246.959911108,3.405201939,2.741166650,4.593985862
1782841246.962643147,3.404170385,2.744204366,4.622969194
1782841246.963533401,3.402648512,2.766994123,4.647164619
1782841246.964901209,3.397776125,2.676337984,4.721270221
1782841246.967729330,3.392243592,2.587182443,4.789929282
1782841246.968596220,3.385477889,2.608631811,4.809723816
1782841246.969920397,3.385086901,2.506824425,4.877886184
1782841246.973809242,3.376056514,2.512736450,4.882913671
1782841246.974998474,3.374113297,2.508138498,4.895862562
1782841246.976567745,3.376979344,2.422948546,4.945447568
1782841246.978235960,3.374225762,2.336710519,5.009477171
1782841246.980288267,3.383979540,2.330470059,5.030378165
1782841246.981621742,3.388087074,2.344815042,5.048674776
1782841246.987563610,3.395630248,2.235311342,5.107065384
1782841246.988464117,3.410217942,2.222544527,5.180966924
1782841246.989919901,3.423180608,2.113832582,5.253202987
1782841246.991628170,3.423617371,2.038595954,5.315742354
1782841246.993430614,3.423635573,2.048663141,5.341404318
1782841247.000094414,3.430503101,1.957839452,5.394911261
1782841247.001674175,3.432869379,1.865547811,5.442923830
1782841247.003412008,3.438937436,1.809095610,5.461218937
1782841247.005346298,3.445241059,1.788426073,5.455788342
1782841247.006553888,3.441760425,1.783497572,5.447530718
1782841247.012596607,3.443618767,1.711455913,5.463640516
1782841247.013476372,3.449735816,1.626516192,5.531061026
1782841247.014917374,3.447451577,1.559655236,5.560953868
1782841247.016579390,3.452226685,1.526267780,5.581333866
1782841247.018220425,3.457551801,1.516635087,5.595321838
1782841247.025037050,3.468843848,1.468007627,5.607933169
1782841247.026605606,3.494727247,1.396410121,5.632135247
1782841247.028285980,3.511443049,1.386458311,5.624989268
1782841247.030261993,3.517713930,1.366664656,5.635342271
1782841247.031611204,3.529549883,1.347623241,5.642419574
1782841247.033819675,3.538007304,1.336066608,5.635548971
1782841247.037581205,3.538819851,1.284821572,5.628908805
1782841247.038474083,3.537260318,1.250790301,5.608196952
1782841247.039906740,3.549001143,1.257956171,5.591888865
1782841247.041579962,3.559264126,1.271418373,5.563214142
1782841247.043265581,3.555180854,1.257886986,5.540200508
1782841247.049350023,3.556733741,1.276382335,5.516803359
1782841247.050144672,3.523088297,1.212779165,5.473350640
1782841247.051585197,3.521583473,1.195862179,5.455414018
1782841247.053388119,3.533741505,1.265225159,5.403279927
1782841247.055312872,3.511823003,1.240858799,5.391844075
1782841247.056674719,3.499433479,1.218570023,5.370186441
1782841247.062623739,3.483581310,1.242483862,5.332422523
1782841247.063488483,3.419497388,1.168867719,5.241537119
1782841247.064937115,3.390999524,1.198076341,5.194291432
1782841247.066601038,3.391240142,1.232310243,5.124100623
1782841247.068276167,3.369352162,1.206982226,5.078144462
1782841247.075224638,3.354966174,1.241094659,5.011711896
1782841247.076572180,3.261264295,1.178629671,4.924957456
1782841247.078228712,3.253319368,1.202987253,4.891012363
1782841247.080229521,3.240016872,1.230884466,4.878901019
1782841247.081712246,3.222477251,1.200283893,4.879756242
1782841247.087767601,3.223143204,1.223050938,4.856753628
1782841247.088903427,3.170933587,1.126754506,4.807983037
1782841247.089881420,3.161040885,1.106328835,4.787936491
1782841247.091615915,3.170606457,1.137994902,4.746882293
1782841247.093336821,3.183911653,1.169403712,4.705168480
1782841247.094978094,3.179422810,1.205066176,4.679625366
1782841247.100224733,3.166870066,1.188328072,4.659375001
1782841247.101823092,3.172941060,1.148746534,4.626260702
1782841247.103523016,3.179429618,1.172252432,4.576123163
1782841247.105022430,3.191988009,1.207634785,4.549766350
1782841247.106729269,3.204576401,1.231686954,4.506767575
1782841247.111428499,3.193566005,1.214238643,4.491144029
1782841247.112355947,3.140333499,1.163609923,4.415741410
1782841247.113556385,3.135742857,1.139219012,4.371587747
1782841247.115045309,3.121404177,1.169082606,4.316088693
1782841247.116677761,3.118440700,1.192947407,4.252539095
1782841247.118529558,3.104425230,1.170394724,4.202132031
1782841247.125370264,3.095931471,1.201390744,4.151896393
1782841247.126864433,3.041499538,1.148394561,4.051567435
1782841247.128460884,3.041729483,1.172185054,4.011839893
1782841247.130006313,3.034350371,1.196336228,3.975073522
1782841247.131734133,3.026128835,1.175590804,3.951980729
1782841247.143311501,3.018430549,1.196150485,3.917273615
1782841247.144490957,2.926377002,1.133572091,3.794414338
1782841247.145519972,2.907771962,1.128271963,3.786751893
1782841247.146764517,2.892516555,1.149011480,3.774141739
1782841247.148377180,2.884861361,1.173187616,3.756610044
1782841247.149970055,2.887318263,1.193634724,3.741828928
1782841247.151689768,2.891848010,1.210657713,3.730435884
1782841247.153457880,2.899642805,1.220982172,3.715485794
1782841247.155263901,2.897104338,1.217900556,3.720926465
1782841247.156623125,2.913147697,1.205078497,3.715159898
1782841247.158351660,2.912768687,1.226977189,3.714970906
1782841247.162685156,2.919943398,1.226002309,3.731616061
1782841247.163678885,2.920187994,1.223731716,3.766167713
1782841247.164911032,2.918496863,1.229090677,3.785997124
1782841247.166620493,2.938426259,1.252384329,3.785406232
1782841247.168452263,2.968263942,1.279348632,3.797949343
1782841247.173919916,2.982226721,1.304011749,3.806765122
1782841247.175055504,3.057345263,1.341897402,3.840979106
1782841247.176626682,3.098533747,1.349043860,3.843255700
1782841247.178361893,3.139541125,1.371119992,3.838871666
1782841247.180306673,3.156591448,1.405404259,3.846475637
1782841247.181665182,3.188000691,1.412120358,3.846933568
1782841247.187805891,3.203995840,1.451277282,3.855021242
1782841247.188739300,3.251754311,1.500320213,3.882614807
1782841247.189976931,3.267237618,1.529382723,3.896184682
1782841247.191637516,3.281903397,1.547060434,3.891853826
1782841247.193239689,3.304019878,1.573089479,3.883856491
1782841247.200228453,3.304928430,1.608192901,3.880374591
1782841247.201793909,3.324233025,1.665687976,3.859732180
1782841247.203396082,3.322907478,1.690204223,3.847683366
1782841247.205015898,3.322658150,1.725763505,3.842859252
1782841247.206875086,3.326951575,1.744982785,3.844617199
1782841247.212889433,3.315295270,1.781439814,3.839281590
1782841247.214018583,3.260642815,1.864359772,3.760531738
1782841247.215028048,3.236035072,1.887661800,3.720703481
1782841247.216750622,3.209089203,1.908363662,3.676535319
1782841247.219766617,3.170403150,1.938498990,3.623272658
1782841247.220752239,3.144642672,1.955862679,3.571260323
1782841247.221834898,3.107326832,1.973924893,3.536578153
1782841247.223585606,3.101372401,1.995625729,3.537604127
1782841247.225207329,3.111980635,2.028698241,3.573114216
1782841247.226643085,3.124913106,2.061871596,3.643040364
1782841247.228388071,3.126708584,2.101405979,3.734235029
1782841247.230264425,3.134732405,2.124009313,3.790885726
1782841247.231712818,3.113281994,2.156841809,3.846519481
1782841247.234719753,3.107078908,2.173006969,3.864254232
1782841247.235526800,3.095818482,2.187486970,3.853685319
1782841247.237728596,3.099348771,2.203906307,3.832826115
1782841247.238831520,3.073218048,2.225859387,3.790292312
1782841247.240118027,3.073508051,2.237501940,3.735438998
1782841247.241762400,3.066185725,2.249871762,3.691360827
1782841247.243253708,3.061734973,2.255514068,3.647280775
1782841247.250356436,3.084678970,2.266489725,3.614523435
1782841247.251656055,3.193311154,2.376208848,3.622550811
1782841247.253239870,3.222064640,2.384121973,3.634423967
1782841247.254996777,3.234640701,2.403176480,3.658407784
1782841247.256772041,3.248611311,2.421375040,3.672427807
1782841247.262650013,3.264228403,2.451638499,3.654914523
1782841247.263628483,3.297421419,2.526688457,3.596297469
1782841247.265073299,3.312197776,2.528366705,3.570754987
1782841247.266686678,3.311537018,2.535347870,3.566907970
1782841247.268242836,3.314256593,2.550657155,3.546501134
1782841247.275333166,3.324699995,2.545388042,3.543372893
1782841247.276844025,3.321416266,2.596604201,3.549832453
1782841247.278372765,3.310636070,2.597612484,3.568638396
1782841247.280287504,3.300769674,2.593827110,3.577304566
1782841247.281765461,3.285635066,2.608405310,3.575733355
1782841247.287756920,3.278584270,2.598174783,3.574707607
1782841247.288873434,3.236673833,2.622899657,3.540711741
1782841247.290167809,3.230227337,2.628516551,3.526380862
1782841247.291621923,3.217766048,2.621916466,3.518717325
1782841247.293282747,3.211701675,2.615498261,3.521035174
1782841247.296883821,3.203671350,2.598855303,3.517574247
1782841247.300951481,3.205711662,2.619934267,3.528946987
1782841247.301980495,3.197333200,2.646095351,3.559589970
1782841247.303224087,3.198469781,2.667634472,3.578612331
1782841247.304927111,3.192355355,2.669527620,3.595404404
1782841247.311971426,3.193154850,2.657347500,3.616722408
1782841247.313448191,3.201413950,2.708608365,3.627838427
1782841247.315104485,3.211641908,2.700364992,3.643460879
1782841247.316644192,3.207836687,2.716946108,3.638320007
1782841247.318386793,3.212632125,2.699427937,3.649818227
1782841247.320051670,3.216987720,2.678577026,3.676549183
1782841247.325331211,3.223293507,2.644240255,3.711238771
1782841247.326747417,3.248548817,2.666719943,3.725189517
1782841247.328305006,3.256021282,2.630297666,3.761013985
1782841247.330330849,3.255420215,2.582955980,3.796025492
1782841247.331687212,3.256492178,2.588128859,3.796782699
1782841247.337838173,3.254070155,2.530437450,3.843316548
1782841247.338982582,3.255197959,2.547885640,3.897187928
1782841247.339988470,3.257565653,2.553697116,3.917366372
1782841247.341728926,3.251027674,2.502683550,3.975688040
1782841247.343390226,3.242348270,2.441353654,4.034633938
1782841247.350153446,3.233440092,2.376894952,4.097805431
1782841247.351622105,3.223796143,2.368766241,4.152447286
1782841247.353412151,3.207289195,2.303596944,4.218056877
1782841247.355269670,3.199911584,2.233577556,4.288415010
1782841247.356655598,3.196564834,2.217316451,4.337598401
1782841247.362762451,3.193639257,2.145808914,4.399362475
1782841247.363640308,3.194735729,2.117368595,4.458861314
1782841247.365003824,3.186507406,2.051359545,4.508171937
1782841247.366558552,3.170677762,1.999977874,4.557895002
1782841247.368237019,3.189428306,1.986275910,4.574063174
1782841247.372800350,3.172411256,1.938196929,4.626142693
1782841247.373579025,3.184697354,1.919285529,4.645941314
1782841247.375048637,3.195947543,1.908214939,4.660415396
1782841247.376735926,3.200242448,1.867284643,4.697925776
1782841247.378418207,3.201421225,1.831989364,4.734539830
1782841247.380278349,3.220015106,1.826566397,4.748314372
1782841247.381617308,3.244249036,1.825144301,4.773611228
1782841247.387716532,3.253978508,1.791926168,4.817452682
1782841247.388586998,3.327654394,1.791479250,4.941746748
1782841247.390029907,3.339713424,1.772766784,4.985167658
1782841247.391752005,3.345483700,1.755524270,5.013711507
1782841247.393208742,3.363758182,1.750902768,5.027600798
1782841247.400014877,3.377284713,1.740787569,5.041399005
1782841247.401600838,3.404750513,1.719915918,5.029394841
1782841247.403265715,3.402906714,1.721417682,5.026928760
1782841247.405325413,3.412424206,1.719391634,5.024279333
1782841247.406561852,3.403038432,1.705028774,5.020682664
1782841247.412683249,3.389271144,1.718121571,5.013125510
1782841247.413563013,3.355813859,1.688647982,5.025703048
1782841247.414908886,3.339207461,1.693388167,5.029474857
1782841247.416580915,3.325350145,1.708007455,5.027022321
1782841247.418284178,3.308359631,1.680607473,5.028123468
1782841247.425199986,3.286187249,1.694250136,5.025317183
1782841247.426556587,3.211255821,1.606123589,4.984905798
1782841247.428380251,3.186066117,1.639504668,4.930498302
1782841247.430272818,3.154368936,1.610473447,4.910357187
1782841247.431626797,3.101271516,1.537541565,4.868960534
1782841247.435287714,3.078757830,1.547048190,4.843577016
1782841247.437829494,3.051382354,1.513570994,4.836227420
1782841247.438895226,3.018399152,1.445727174,4.810542874
1782841247.440155029,2.995323414,1.419010994,4.804572187
1782841247.441591501,2.986837018,1.424708680,4.789359773
1782841247.443324327,2.983971936,1.432730809,4.774411014
1782841247.450110435,2.984583119,1.452444589,4.763821557
1782841247.451746702,2.984689841,1.382877802,4.771897678
1782841247.453446388,2.994068163,1.395970911,4.752384151
1782841247.455306053,2.991759667,1.424085137,4.738866099
1782841247.456718445,2.990966266,1.393888902,4.729056048
1782841247.462853432,2.977574266,1.423681678,4.700623768
1782841247.463943720,2.934839703,1.332674038,4.643053636
1782841247.464899302,2.930680313,1.317251890,4.634493123
1782841247.466664553,2.935430232,1.331394545,4.614495119
1782841247.468314648,2.947041248,1.348430085,4.606161430
1782841247.475215197,2.954178196,1.375399627,4.600427937
1782841247.476626635,2.994190157,1.326752781,4.645998523
1782841247.478299379,3.012420104,1.346988372,4.644085772
1782841247.480276108,3.028171981,1.385329702,4.645989467
1782841247.481701136,3.045502030,1.364304128,4.651949776
1782841247.487844229,3.051466680,1.389617467,4.634428697
1782841247.489028215,3.075667326,1.340627516,4.583734401
1782841247.490018129,3.074671081,1.332928316,4.562558375
1782841247.491681099,3.079572550,1.353059263,4.525259918
1782841247.493278980,3.082859892,1.375438977,4.496076829
1782841247.498840094,3.080016977,1.401541424,4.462287323
1782841247.500211716,3.041379022,1.373946377,4.411044356
1782841247.501788139,3.031604599,1.349787067,4.385643390
1782841247.503260851,3.019550275,1.368511965,4.357668811
1782841247.505228758,2.998663433,1.385169592,4.328863153
1782841247.506589413,2.986872603,1.374138434,4.310534405
1782841247.512773275,2.965691348,1.392770382,4.279864349
1782841247.513880491,2.916466681,1.374782804,4.220498066
1782841247.514894485,2.894610692,1.371698884,4.188978423
1782841247.516630173,2.885996725,1.395149801,4.155113438
1782841247.518252850,2.870787692,1.407772315,4.110209776
1782841247.525308609,2.852991968,1.432775360,4.071463180
1782841247.526767015,2.795724737,1.421357775,3.990158503
1782841247.528382063,2.774439689,1.424699692,3.956056970
1782841247.530313253,2.751505267,1.435858714,3.927889287
1782841247.531731606,2.734667760,1.425769165,3.913166917
1782841247.537674189,2.712624375,1.431291389,3.890389905
1782841247.538569212,2.646841031,1.371088635,3.857045091
1782841247.539930105,2.618804239,1.371846148,3.828846141
1782841247.541600704,2.597183044,1.363500137,3.803454764
1782841247.543252945,2.580516715,1.326467129,3.781479825
1782841247.546379566,2.555341641,1.325301306,3.759249898
1782841247.547235966,2.531012754,1.301815054,3.742015651
1782841247.550114393,2.512036638,1.280208805,3.729201302
1782841247.551685572,2.502619755,1.244948978,3.719130489
1782841247.553320408,2.505343668,1.230092382,3.697979592
1782841247.555311680,2.491997888,1.228828888,3.684504261
1782841247.556771755,2.488170944,1.186386659,3.674823797
1782841247.561355352,2.481512854,1.191133584,3.664424001
1782841247.562112808,2.443826367,1.128745681,3.620423210
1782841247.563373804,2.448062216,1.089254791,3.599230506
1782841247.565075874,2.454888184,1.074091037,3.564459322
1782841247.567922592,2.446755944,1.090835415,3.528067999
1782841247.568808556,2.456436018,1.055121274,3.502087492
1782841247.569922686,2.446699893,1.045759414,3.478340091
1782841247.575245619,2.442762541,1.071089892,3.441415813
1782841247.576730490,2.445439369,1.039626032,3.392303040
1782841247.578329086,2.454249125,1.047217033,3.344651497
1782841247.580308199,2.448514326,1.088781564,3.314587840
1782841247.581637383,2.457967375,1.063565418,3.286429017
1782841247.587747812,2.447211114,1.106526481,3.251514004
1782841247.588601589,2.400405824,1.053767053,3.146327723
1782841247.589933872,2.387457033,1.093647461,3.104490883
1782841247.591614723,2.390915875,1.108428994,3.051019804
1782841247.593239546,2.389216339,1.072013875,3.019939337
1782841247.600148678,2.376243987,1.122839873,2.979201899
1782841247.601732731,2.339124759,1.147148575,2.908094775
1782841247.603398085,2.334175867,1.175299713,2.871425707
1782841247.605305195,2.316066113,1.175495442,2.864293199
1782841247.606664658,2.313045902,1.155275355,2.842103684
1782841247.612611294,2.305744595,1.208115618,2.816606939
1782841247.613494635,2.310775129,1.207749196,2.813102603
1782841247.614937067,2.301520552,1.257552570,2.798246633
1782841247.616601944,2.310213754,1.291244530,2.780299239
1782841247.618269682,2.320443739,1.269904728,2.768792445
1782841247.622819185,2.313376813,1.324610402,2.749307759
1782841247.623658895,2.298619236,1.320098680,2.736736286
1782841247.625098705,2.285638595,1.317229135,2.726735899
1782841247.626704454,2.282676686,1.346320288,2.688679265
1782841247.628390789,2.271575501,1.370927922,2.658885341
1782841247.630275965,2.248986098,1.360413261,2.645551745
1782841247.631614447,2.245363623,1.337893594,2.626627584
1782841247.637629986,2.224887340,1.383290762,2.600162647
1782841247.638509989,2.192117221,1.353724470,2.575094650
1782841247.639946222,2.176567391,1.393191829,2.560972660
1782841247.641619921,2.169575160,1.411194886,2.539660126
1782841247.643263817,2.175537711,1.396589444,2.546642159
1782841247.650156736,2.162993029,1.426111733,2.535895655
1782841247.651746273,2.169635486,1.436291789,2.534732596
1782841247.653468847,2.183634654,1.455711632,2.523313858
1782841247.655261993,2.183998305,1.451976402,2.529045450
1782841247.656804323,2.201239016,1.438885034,2.523876046
1782841247.662675142,2.202106027,1.472239026,2.510137895
1782841247.663554668,2.218958426,1.474117494,2.499745318
1782841247.664891481,2.209465542,1.509102156,2.476842293
1782841247.666575193,2.211625218,1.533327818,2.450332649
1782841247.668277264,2.218711601,1.527350283,2.437429232
1782841247.675120115,2.216295573,1.562102781,2.415150422
1782841247.676722050,2.213023809,1.594299766,2.378053478
1782841247.678398609,2.214029353,1.606761665,2.350930327
1782841247.680313587,2.212200131,1.613349623,2.344600272
1782841247.681589603,2.201781962,1.618786114,2.325005229
1782841247.684947491,2.190260599,1.642133505,2.308452215
1782841247.687748194,2.183213664,1.643497905,2.301746829
1782841247.688746214,2.185900034,1.657833068,2.291963785
1782841247.689962387,2.182997516,1.659839578,2.291323293
1782841247.691590071,2.182404877,1.679700227,2.273119134
1782841247.693390846,2.181304930,1.702958577,2.264402660
1782841247.700182199,2.177412737,1.717999707,2.249903674
1782841247.701769590,2.176456471,1.762933836,2.235110383
1782841247.703217983,2.163474797,1.768327783,2.228499681
1782841247.705282211,2.164622042,1.784252304,2.222873636
1782841247.706617594,2.160957983,1.789750024,2.220065064
1782841247.712662697,2.161664921,1.802036480,2.219423341
1782841247.713550806,2.166357010,1.809236871,2.242585267
1782841247.714901686,2.172973769,1.826881572,2.246351700
1782841247.716972113,2.172473211,1.835470116,2.260226260
1782841247.718413591,2.173037680,1.845634437,2.260871907
1782841247.720217705,2.176022438,1.852852842,2.266651250
1782841247.722025871,2.175200238,1.864841659,2.262754043
1782841247.725033283,2.176122851,1.865438371,2.255810531
1782841247.726726770,2.168410081,1.870087363,2.245234331
1782841247.728249550,2.162544353,1.876011458,2.239647507
1782841247.730352163,2.156268491,1.879021360,2.222736566
1782841247.731785297,2.150308384,1.876537234,2.217972707
1782841247.737704992,2.142385993,1.876201269,2.203134574
1782841247.738582850,2.127759342,1.864448872,2.181326111
1782841247.739936829,2.123310732,1.869241936,2.174620667
1782841247.741623878,2.118322634,1.869659593,2.159283995
1782841247.743211508,2.104135448,1.865833864,2.155249093
1782841247.745791674,2.099080667,1.871271222,2.141928393
1782841247.750175953,2.086745645,1.864265047,2.137650424
1782841247.751691103,2.060777194,1.854819640,2.126791729
1782841247.753278017,2.047131811,1.854191680,2.113535284
1782841247.755298138,2.041696793,1.851681243,2.099347008
1782841247.756622314,2.027586041,1.841379289,2.092846008
1782841247.760831833,2.020770718,1.844819527,2.077812294
1782841247.761632681,2.005799756,1.841557299,2.064670365
1782841247.763446569,2.004005524,1.841682669,2.065411954
1782841247.765127897,1.999438896,1.844209445,2.056085626
1782841247.766645432,2.002242549,1.850221983,2.049456818
1782841247.768353224,2.002700548,1.851904226,2.050804447
1782841247.775316000,2.005014279,1.858466914,2.042297979
1782841247.776787043,2.034842482,1.866275689,2.065258160
1782841247.778320312,2.036607449,1.872978760,2.066496480
1782841247.780315161,2.044135594,1.880714347,2.060427869
1782841247.781705856,2.049993178,1.878508948,2.058791522
1782841247.787852287,2.058383332,1.884725970,2.048299169
1782841247.789023399,2.052752131,1.876660560,2.033872284
1782841247.789994955,2.052521994,1.870803126,2.030577232
1782841247.791760445,2.048551294,1.864480971,2.022936309
1782841247.793406963,2.039639221,1.858242251,2.017397846
1782841247.800399542,2.035448749,1.853302951,2.012812352
1782841247.801789999,2.015490614,1.816338741,1.998648475
1782841247.803587198,2.008061909,1.805642340,1.991085940
1782841247.805038691,2.003032903,1.794183225,1.987683345
1782841247.806865454,1.998902551,1.786980745,1.984739809
1782841247.808398962,1.996999679,1.770318389,1.983828314
1782841247.812938452,1.994261487,1.762933752,1.979522213
1782841247.814250708,1.989826725,1.742891855,1.976035197
1782841247.815386057,1.986978715,1.730161705,1.974935554
1782841247.816802979,1.988560372,1.728797233,1.969419024
1782841247.818581581,1.979663882,1.719493723,1.963802463
1782841247.820014000,1.978085372,1.714784244,1.962654747
1782841247.821698904,1.973606266,1.712321764,1.958288237
1782841247.825390339,1.969197227,1.705542628,1.951792121
1782841247.826829910,1.964517835,1.705683100,1.948104110
1782841247.828446388,1.959675356,1.706671939,1.948895988
1782841247.830184460,1.964210101,1.706631684,1.942956844
1782841247.831650257,1.965168770,1.697498198,1.941024851
1782841247.833406448,1.960381052,1.698243947,1.935977307
1782841247.838182926,1.965145947,1.699387646,1.937196262
1782841247.839625597,1.959619666,1.706436547,1.933015004
1782841247.840796709,1.948720163,1.712388705,1.932040349
1782841247.841936827,1.945537890,1.719276038,1.934331688
1782841247.843489647,1.944592733,1.718910631,1.932003720
1782841247.845147371,1.945567784,1.723760253,1.927625575
1782841247.846947908,1.944844723,1.730200692,1.934087751
1782841247.848588943,1.943846370,1.733373843,1.934859090
1782841247.855111599,1.949696221,1.740609085,1.938250902
1782841247.856798172,1.940794496,1.760320738,1.939603055
1782841247.858520031,1.942428424,1.771277279,1.937292857
1782841247.860199213,1.940029567,1.776056646,1.935194761
1782841247.861847401,1.941377633,1.784877452,1.935667367
1782841247.863373518,1.946909951,1.789371755,1.931279663
1782841247.865293980,1.947581525,1.793699944,1.926539897
1782841247.866873980,1.949871302,1.802788948,1.922052062
1782841247.868446112,1.951657615,1.807298935,1.925191887
1782841247.870013475,1.955095891,1.804466162,1.919611891
1782841247.872160912,1.956319210,1.812428765,1.921097448
1782841247.873637915,1.964993923,1.816265923,1.922783659
1782841247.875035048,1.966979320,1.814411631,1.931057625
1782841247.876785040,1.969758286,1.813759278,1.931254290
1782841247.878438711,1.967580379,1.814580264,1.932849597
1782841247.880257845,1.970548599,1.812093578,1.927566611
1782841247.881820202,1.969004040,1.801655152,1.936347539
1782841247.883621931,1.971441217,1.808319033,1.938326427
1782841247.885187149,1.973717323,1.810093663,1.947021454
1782841247.886992931,1.972560171,1.801125071,1.946446560
1782841247.888466597,1.974579280,1.796923170,1.952882899
1782841247.890326738,1.973256822,1.794894130,1.952194312
1782841247.892009497,1.973069770,1.787331695,1.953171695
1782841247.893678427,1.972623293,1.789787300,1.946983344
1782841247.895166159,1.973891884,1.792520036,1.949537044
1782841247.896771193,1.975340549,1.787242567,1.949934271
1782841247.900334358,1.978071713,1.787965983,1.947510787
1782841247.901648283,1.978376891,1.787429823,1.944157394
1782841247.903322697,1.978549077,1.790657403,1.939838635
1782841247.905265331,1.980244663,1.788838903,1.941111222
1782841247.906630754,1.983831343,1.796397867,1.934722681
1782841247.912764311,1.982555363,1.790513913,1.934665805
1782841247.913806200,1.980984381,1.793893124,1.936997186
1782841247.914989471,1.978666366,1.796823744,1.939519095
1782841247.916697741,1.981801435,1.795485249,1.939241551
1782841247.920689106,1.977399190,1.792612466,1.938090879
1782841247.921667337,1.963802402,1.794795446,1.933710969
1782841247.925261497,1.960255027,1.794013732,1.930803749
1782841247.926675797,1.946170528,1.793554602,1.921081153
1782841247.928278685,1.945435233,1.792156347,1.918276134
1782841247.930308819,1.941201958,1.790506012,1.908985239
1782841247.931663513,1.935052571,1.794449417,1.908629393
1782841247.937659264,1.937622102,1.796637717,1.900193824
1782841247.938548803,1.934578835,1.794007328,1.892160405
1782841247.939932346,1.932490882,1.795863300,1.890220171
1782841247.941593647,1.939171928,1.792737636,1.886558357
1782841247.943284512,1.935285327,1.789788387,1.888271607
1782841247.946718931,1.939840504,1.790808993,1.884359307
1782841247.950186014,1.941611133,1.791823240,1.880287143
1782841247.951778889,1.939855059,1.787908274,1.874939349
1782841247.953221083,1.935989951,1.784364285,1.877010494
1782841247.955289602,1.940766270,1.782446618,1.873579254
1782841247.956638098,1.941696250,1.783000542,1.871812415
1782841247.962326527,1.940121063,1.773858906,1.864839566
1782841247.963385820,1.934345264,1.773444213,1.856938238
1782841247.964927673,1.929282857,1.765113332,1.854501867
1782841247.966648817,1.929523277,1.769958856,1.853539946
1782841247.968431473,1.921270346,1.763043138,1.850788931
1782841247.975149393,1.925541954,1.762799418,1.846289405
1782841247.976739168,1.919529554,1.759732949,1.833864144
1782841247.978236914,1.913866647,1.753473574,1.827768892
1782841247.980249166,1.909245337,1.756865849,1.826141861
1782841247.981619835,1.904750889,1.752133947,1.821134529
1782841247.987697601,1.902028136,1.748092790,1.815910112
1782841247.988555431,1.891357716,1.744568143,1.817120817
1782841247.989898682,1.891023107,1.737573765,1.817852954
1782841247.991568804,1.884886850,1.735423411,1.820068165
1782841247.993328094,1.884218042,1.738098594,1.823623305
1782841248.000304699,1.880672875,1.733814304,1.821967864
1782841248.001795292,1.876362053,1.727235196,1.825750535
1782841248.003397226,1.874930236,1.720762296,1.823606524
1782841248.005241632,1.870930322,1.716647376,1.823480754
1782841248.006607771,1.868469529,1.717055985,1.821906285
1782841248.009271383,1.867627673,1.711513599,1.818370423
1782841248.010081053,1.868033880,1.710020992,1.811863422
1782841248.012717724,1.866329209,1.707091042,1.810610017
1782841248.013726234,1.862653380,1.704979364,1.812287280
1782841248.014923096,1.862483512,1.702381976,1.812081599
1782841248.016782761,1.859778442,1.701632740,1.803812449
1782841248.018285513,1.863950742,1.705607511,1.810301293
1782841248.025379896,1.861963124,1.705130980,1.810090284
1782841248.026767492,1.852386153,1.705554043,1.799393626
1782841248.028579712,1.854411918,1.705664184,1.793945320
1782841248.030129194,1.852906935,1.708742989,1.793305064
1782841248.031795979,1.852517786,1.706393813,1.789474077
1782841248.037652731,1.853142147,1.706365254,1.785507469
1782841248.038643837,1.834311113,1.708438278,1.766488384
1782841248.040079594,1.833374597,1.712827535,1.758814905
1782841248.041696310,1.829263239,1.714662897,1.756711248
1782841248.043320179,1.825625435,1.714785994,1.754710500
1782841248.051765203,1.825106082,1.717924804,1.748712043
1782841248.053560019,1.810556197,1.705331531,1.733386694
1782841248.055731058,1.807740124,1.701579680,1.725258644
1782841248.057829618,1.796824860,1.694970997,1.719308547
1782841248.059839964,1.800186506,1.691024294,1.724037664
1782841248.061564207,1.805035992,1.692360284,1.721978276
1782841248.063463449,1.795430332,1.687619852,1.725140783
1782841248.065488577,1.796999328,1.684408541,1.725525361
1782841248.066902399,1.795285881,1.679153160,1.727085987
1782841248.068690538,1.794277190,1.674413303,1.734174808
1782841248.070132494,1.787585513,1.665317060,1.731028459
1782841248.071771622,1.782680008,1.654222660,1.727437148
1782841248.073402405,1.783598471,1.652540991,1.729420588
1782841248.075016022,1.777096260,1.646885267,1.722833202
1782841248.076865673,1.777715804,1.646290448,1.722434048
1782841248.078416586,1.774439147,1.633188322,1.720466010
1782841248.080114841,1.771868313,1.633285613,1.725760837
1782841248.081878901,1.771118412,1.624044270,1.722298638
1782841248.083396435,1.771567356,1.619974591,1.726836450
1782841248.084981918,1.768325394,1.612805986,1.724452364
1782841248.087682009,1.771745759,1.609932454,1.727023615
1782841248.088650227,1.769308261,1.598460128,1.724732934
1782841248.090024948,1.771399275,1.601462145,1.727799336
1782841248.091647148,1.771153992,1.597698515,1.728425756
1782841248.093247414,1.770067114,1.590986553,1.730114850
1782841248.100201607,1.770053052,1.586517067,1.731940338
1782841248.101554394,1.758634579,1.581388650,1.732590417
1782841248.103368282,1.760910954,1.579525249,1.729511646
1782841248.105438709,1.760808809,1.581795285,1.728212401
1782841248.106861830,1.755116865,1.582464678,1.720344553
1782841248.112750769,1.753352013,1.581359062,1.717967899
1782841248.113739491,1.736287352,1.588354143,1.698065076
1782841248.114909410,1.730881497,1.583779373,1.692726406
1782841248.116739273,1.727475242,1.578287877,1.680404895
1782841248.118253231,1.720713480,1.581165058,1.671125134
1782841248.125154734,1.714801807,1.572358605,1.660285996
1782841248.126749754,1.704720066,1.555417775,1.642285491
1782841248.128227472,1.695308109,1.548855656,1.633543845
1782841248.130321980,1.692130647,1.544759284,1.627701214
1782841248.131675720,1.684697619,1.540833900,1.625386512
1782841248.134855270,1.676074261,1.531172562,1.620699525
1782841248.135673523,1.659466714,1.509885270,1.606250154
1782841248.137781620,1.655246355,1.504917340,1.595188076
1782841248.138686657,1.643566859,1.494793752,1.587845468
1782841248.140058517,1.631000263,1.479748307,1.577015239
1782841248.141633511,1.622948235,1.474202724,1.572857760
1782841248.143517256,1.612737176,1.464647214,1.558687080
1782841248.144911766,1.609273282,1.458351497,1.557269474
1782841248.150138378,1.601411121,1.451903404,1.553215955
1782841248.151803493,1.582873096,1.434379836,1.540139713
1782841248.153429747,1.579809857,1.427311874,1.543000464
1782841248.155354261,1.571591474,1.420197770,1.537549869
1782841248.156616688,1.564632161,1.415447267,1.537756105
1782841248.162671804,1.562222716,1.408451897,1.538629534
1782841248.163573265,1.547477240,1.398719865,1.537170523
1782841248.164933920,1.544580301,1.389483265,1.529837568
1782841248.166612148,1.545265897,1.388974236,1.532959731
1782841248.168259382,1.544127112,1.386951530,1.530162185
1782841248.175091267,1.545052790,1.383990285,1.525419248
1782841248.176655293,1.540340689,1.374241139,1.526665836
1782841248.178368092,1.543146458,1.373547472,1.526207547
1782841248.180305719,1.542228698,1.376861696,1.532674979
1782841248.181672335,1.538088125,1.374355489,1.531923133
1782841248.187705755,1.540683360,1.372278275,1.535203843
1782841248.188580990,1.538397339,1.366486560,1.536960835
1782841248.189927101,1.541204061,1.365123952,1.536439098
1782841248.191593885,1.541693109,1.362459904,1.533522975
1782841248.193231821,1.547753158,1.364295966,1.539899298
1782841248.196815729,1.548620612,1.371951968,1.544212753
1782841248.200186014,1.550128489,1.367913762,1.547998480
1782841248.201704264,1.554568066,1.364808173,1.546422828
1782841248.203315258,1.557382002,1.367433172,1.544197642
1782841248.205251694,1.556873794,1.361060054,1.553711142
1782841248.206608295,1.561032188,1.365945136,1.552659041
1782841248.212667942,1.561481280,1.362976915,1.551702852
1782841248.213557959,1.557004256,1.358667839,1.539104160
1782841248.214907408,1.559655453,1.367931426,1.545213679
1782841248.216602802,1.558910608,1.361285538,1.537914615
1782841248.218234301,1.554545130,1.357122382,1.530563432
1782841248.225137234,1.557504765,1.358110653,1.527815143
1782841248.226698399,1.554489968,1.358069765,1.509170371
1782841248.228395939,1.558542745,1.363178977,1.509835068
1782841248.230268955,1.561023532,1.367481794,1.504966289
1782841248.231623888,1.557747036,1.363751480,1.507463970
1782841248.237687826,1.561529925,1.367054834,1.511188247
1782841248.238566399,1.565870332,1.376153540,1.508318792
1782841248.239896297,1.565479323,1.374704735,1.500934898
1782841248.241573095,1.563270584,1.376529129,1.505474933
1782841248.243281364,1.562420985,1.378932233,1.501896014
1782841248.250257492,1.562381818,1.379676638,1.505116355
1782841248.251797199,1.552980136,1.386244065,1.511397725
1782841248.253422976,1.550162590,1.387384506,1.513385142
1782841248.255350113,1.555704279,1.391476170,1.519485910
1782841248.256725788,1.549570763,1.383520930,1.522575018
1782841248.259841442,1.551975885,1.388791477,1.523389916
1782841248.262776852,1.550740009,1.389394907,1.526827098
1782841248.263645172,1.550451939,1.386069077,1.527962315
1782841248.264997005,1.553487353,1.386514341,1.532159774
1782841248.266564846,1.551251829,1.383259703,1.534393758
1782841248.268293381,1.548319804,1.381360392,1.534650974
1782841248.275070190,1.550287574,1.379187403,1.535914724
1782841248.276800394,1.550197059,1.384147489,1.545589848
1782841248.278304815,1.552098790,1.384587024,1.548666187
1782841248.280296564,1.556595107,1.383716134,1.555163307
1782841248.281624556,1.553380620,1.385978804,1.554141797
1782841248.287663221,1.551298358,1.381216094,1.553320705
1782841248.288526773,1.542445606,1.387461278,1.545145519
1782841248.289882421,1.541391850,1.379336848,1.540531731
1782841248.292822599,1.541443921,1.378225636,1.540302118
1782841248.293701649,1.540035216,1.376709555,1.535957374
1782841248.295045853,1.536114940,1.372904399,1.532101113
1782841248.300180674,1.536448301,1.371212176,1.529529727
1782841248.301768541,1.533577402,1.371089705,1.529545261
1782841248.303435802,1.527394185,1.362075861,1.523504544
1782841248.305268288,1.532682479,1.369873110,1.524139131
1782841248.306607008,1.527909217,1.361858694,1.515432554
1782841248.312799931,1.521037843,1.355020198,1.506266721
1782841248.313838959,1.500175611,1.348356373,1.485350644
1782841248.315017939,1.499027175,1.349642961,1.479511717
1782841248.316596031,1.491862245,1.350221343,1.473221353
1782841248.318243265,1.490955996,1.348419230,1.463443832
1782841248.322784424,1.481392365,1.342993347,1.453591469
1782841248.325147629,1.474962768,1.345204384,1.444573250
1782841248.326789379,1.466825194,1.338266501,1.435387048
1782841248.328289270,1.467271136,1.340296133,1.436919114
1782841248.330301046,1.465991595,1.342505521,1.435323277
1782841248.331631899,1.462508554,1.343882240,1.435269670
1782841248.337702513,1.457884828,1.338237465,1.437854349
1782841248.338584423,1.448759591,1.346427623,1.431248451
1782841248.339927197,1.443398527,1.345322829,1.430050049
1782841248.341596127,1.441712821,1.348811612,1.424445026
1782841248.343232632,1.441582599,1.354967497,1.424873091
1782841248.350100517,1.432309811,1.351030498,1.425895585
1782841248.351666212,1.434281552,1.359857917,1.440948619
1782841248.353327513,1.438909950,1.363938503,1.447742183
1782841248.355346680,1.444001103,1.368935240,1.453540775
1782841248.356685638,1.446266933,1.368770047,1.461627582
1782841248.362669468,1.453004369,1.367433417,1.456109455
1782841248.363530636,1.462295415,1.372543968,1.455228214
1782841248.365088701,1.458779062,1.365888822,1.450328890
1782841248.367802858,1.452373779,1.363299052,1.446226534
1782841248.368679523,1.284582034,1.398432170,1.739372435
1782841248.370014191,1.492412393,1.376636761,1.395769119
1782841248.375158548,1.259881804,1.347659331,1.593594128
1782841248.376723051,1.374676139,1.361644334,1.489448749
1782841248.378394365,1.387302950,1.388235606,1.523107328
1782841248.380235195,1.415922092,1.374257928,1.483050174
1782841248.381560326,1.390376555,1.390330733,1.528528184
1782841248.385243177,1.411922989,1.387412610,1.518188123
1782841248.387727499,1.430810271,1.388906586,1.519464545
1782841248.388631821,1.428107350,1.389970978,1.511557685
1782841248.389953852,1.416357541,1.391728495,1.527466846
1782841248.391614199,1.425767961,1.388049582,1.524151234
1782841248.393226624,1.428103115,1.395189074,1.534719183
1782841248.400186777,1.431079853,1.392851876,1.531279467
1782841248.401745558,1.425354104,1.400478209,1.543032603
1782841248.403434992,1.434214406,1.403269220,1.545851532
1782841248.405296564,1.439655766,1.395238223,1.540526948
1782841248.406646013,1.431436563,1.401184765,1.551783157
1782841248.412680387,1.431523859,1.407972622,1.547292023
1782841248.413547516,1.432171610,1.424822474,1.544588186
1782841248.414898396,1.438007808,1.419586361,1.529338927
1782841248.416634083,1.434939420,1.427341610,1.532048951
1782841248.418263435,1.442292902,1.418817449,1.514747732
1782841248.425035000,1.428241863,1.421107016,1.529523574
1782841248.426607609,1.428250008,1.418874936,1.505676266
1782841248.428274155,1.430248943,1.418928158,1.498411201
1782841248.430116892,1.424514034,1.409003660,1.495307857
1782841248.431715012,1.426412416,1.410010269,1.486374605
1782841248.437694073,1.414935187,1.403039844,1.479816451
1782841248.438593626,1.404023113,1.391757109,1.456492788
1782841248.439938784,1.404365063,1.387958407,1.452794238
1782841248.441632986,1.406236926,1.382843486,1.453980031
1782841248.443418026,1.405428440,1.376284590,1.446570993
1782841248.445135832,1.400128194,1.362789069,1.444229674
1782841248.450074434,1.403943333,1.363115502,1.441794044
1782841248.451653957,1.387213159,1.347191619,1.427173996
1782841248.453334093,1.384997933,1.339545124,1.430272746
1782841248.455270767,1.381594118,1.328817003,1.418611315
1782841248.456602335,1.370312583,1.330740163,1.423093046
1782841248.461197615,1.364999272,1.326076540,1.418842954
1782841248.461951017,1.341857980,1.309912228,1.413777524
1782841248.463436604,1.341417731,1.310139447,1.398089919
1782841248.464916706,1.329498701,1.307136454,1.395447634
1782841248.466592789,1.333552226,1.303735170,1.383618485
1782841248.468397379,1.319298634,1.299490597,1.381812649
1782841248.475065708,1.304804878,1.286023525,1.379764095
1782841248.476660252,1.305970168,1.264556302,1.361892879
1782841248.478459835,1.289755036,1.252742840,1.360334640
1782841248.480309248,1.285379914,1.251077337,1.363442304
1782841248.481711149,1.283353579,1.242208973,1.356120785
1782841248.487745285,1.282307677,1.235846303,1.353628259
1782841248.488631725,1.259948918,1.225498832,1.348485209
1782841248.489977121,1.258522314,1.228945694,1.345828898
1782841248.491539717,1.254000130,1.218150660,1.347272195
1782841248.493270874,1.247450772,1.220286847,1.350985388
1782841248.500041962,1.247507669,1.217000108,1.346035383
1782841248.501597404,1.246016236,1.205262528,1.342008872
1782841248.503375292,1.239407370,1.194807533,1.341570738
1782841248.505296469,1.233222184,1.189895745,1.338878283
1782841248.506623507,1.222424056,1.177971036,1.334796837
1782841248.512754202,1.197861038,1.130195135,1.338968818
1782841248.513678074,1.184643507,1.145543842,1.310553624
1782841248.515047312,1.182105011,1.137780560,1.304957610
1782841248.516605616,1.175469474,1.126426693,1.294448054
1782841248.518294573,1.147037000,1.105482269,1.296721536
1782841248.523715973,1.152506631,1.101210998,1.286950837
1782841248.525272131,1.119888318,1.076733917,1.274453674
1782841248.526618958,1.103468819,1.062794538,1.266163306
1782841248.528389692,1.083893663,1.051388883,1.260060671
1782841248.530294180,1.071740572,1.042613277,1.249799144
1782841248.531624079,1.034850563,1.025988061,1.232067867
1782841248.537710190,1.164711344,1.016223050,1.111201285
1782841248.538595200,1.257458618,0.985174815,0.953630031
1782841248.539931774,1.190881355,0.966176531,1.015837729
1782841248.545111418,1.134037256,0.955917560,1.049102389
1782841248.546775579,1.172442301,0.942964239,1.000254213
1782841248.548353672,1.202651422,0.925327365,0.951019882
1782841248.550175428,1.217470946,0.917189679,0.915579149
1782841248.551673651,1.209313476,0.904472986,0.888713067
1782841248.553286552,1.187081815,0.890676347,0.886629833
1782841248.555235624,1.147828881,0.882383336,0.900602299
1782841248.556566715,1.103003408,0.871558584,0.917431877
1782841248.562676907,1.080115461,0.859304090,0.918323226
1782841248.563540697,1.015502521,0.830115738,0.874654198
1782841248.565099716,0.947547091,0.829452197,0.924291214
1782841248.567798615,0.925001880,0.826992537,0.936962179
1782841248.568678856,1.015579066,0.768346462,0.903477245
1782841248.570051908,1.174432912,0.784029353,0.682202457
1782841248.575177670,0.959152117,0.833322536,0.863083695
1782841248.576744318,0.971412594,0.817331254,0.776276101
1782841248.578206539,1.102485922,0.789219094,0.641750384
1782841248.580292940,1.022650203,0.796536299,0.715460315
1782841248.581634998,1.049452890,0.768278763,0.672862968
1782841248.586812496,1.048309282,0.775038814,0.673924898
1782841248.588289738,0.943777514,0.751100834,0.746953221
1782841248.589920282,0.993319694,0.710881912,0.679758229
1782841248.591586590,1.068507988,0.718467383,0.596246547
1782841248.593262196,0.930610451,0.712730199,0.712485847
1782841248.600130081,0.991247728,0.706660521,0.656029203
1782841248.601711035,0.912886639,0.659141730,0.636204565
1782841248.603395224,0.908513494,0.652396103,0.636374912
1782841248.605318069,0.879653040,0.624755733,0.634076327
1782841248.606647730,0.881098662,0.617456949,0.620779042
1782841248.612667084,0.870861343,0.600275736,0.609060333
1782841248.613532782,0.775620334,0.518994807,0.569551850
1782841248.615086555,0.765806925,0.504509972,0.543488295
1782841248.617820263,0.742795436,0.493584059,0.536797676
1782841248.618725300,0.699411633,0.464104048,0.555590465
1782841248.619978189,0.739738612,0.459632119,0.474980321
1782841248.625268221,0.680818341,0.442748974,0.488798090
1782841248.626814604,0.653698095,0.405183159,0.446973398
1782841248.628400087,0.609052529,0.378104300,0.433654253
1782841248.630384684,0.636444674,0.368252267,0.371652555
1782841248.631599188,0.567908568,0.343713875,0.368939779
1782841248.634419680,0.591065139,0.344846967,0.337641903
1782841248.635241032,0.477122452,0.327975637,0.375836703
1782841248.637767315,0.453575964,0.294372449,0.328040444
1782841248.638650417,0.587513874,0.289380262,0.173798453
1782841248.639995813,0.378787289,0.268815562,0.325094445
1782841248.641547441,0.472951341,0.244723319,0.213652464
1782841248.643322229,0.458519481,0.235173853,0.202185598
1782841248.650295019,0.352233973,0.196817239,0.251429665
1782841248.651615858,0.353762484,0.146394098,0.096159801
1782841248.653275013,0.223179239,0.123923893,0.170973123
1782841248.655299902,0.320567676,0.107985727,0.048507237
1782841248.656619549,0.237984781,0.090056017,0.082107469
1782841248.662662983,0.231351253,0.075048741,0.062747688
1782841248.663522482,0.197318384,0.039113534,0.002345042
1782841248.665088654,0.168106925,0.035835338,-0.002029557
1782841248.667897701,0.144477129,0.029418134,-0.010322428
1782841248.668757915,0.137483586,0.019243488,-0.034284222
1782841248.669884205,0.127711972,0.009002142,-0.039478254
1782841248.675205231,0.132281235,0.011484337,-0.056031226
1782841248.676765680,0.130314106,0.030688314,-0.059844150
1782841248.678426981,0.140780717,0.029222107,-0.050113048
1782841248.680447340,0.139229234,0.040022167,-0.061607300
1782841248.681597948,0.126034911,0.018764907,-0.045292723
1782841248.687777758,0.136921428,0.017952178,-0.059870759
1782841248.688663483,0.110063140,0.004853180,-0.072069590
1782841248.689986706,0.111759933,-0.001692000,-0.071171981
1782841248.691569567,0.109658225,0.005252023,-0.069334952
1782841248.693333626,0.116804977,-0.002003552,-0.064564719
1782841248.696785688,0.111002157,-0.000304958,-0.066333210
1782841248.700261116,0.116217189,-0.003334645,-0.067954122
1782841248.701640844,0.116584202,-0.002145646,-0.066900948
1782841248.703450441,0.114299429,-0.007872428,-0.068019640
1782841248.705387831,0.113005841,-0.005759964,-0.067764021
1782841248.706708431,0.108033242,0.000861744,-0.067261477
1782841248.712300301,0.109019073,-0.000291414,-0.069478924
1782841248.713501692,0.113745013,0.000655470,-0.066079320
1782841248.715014696,0.115978940,-0.000218729,-0.067029274
1782841248.716631651,0.118387509,-0.003223471,-0.065344202
1782841248.718359947,0.118803468,-0.008197306,-0.060430414
1782841248.725132942,0.122666883,0.000622431,-0.057095899
1782841248.726705074,0.120911646,-0.006731273,-0.057154178
1782841248.728385687,0.119065610,-0.007329576,-0.054607075
1782841248.730340242,0.116817037,-0.012361823,-0.054774483
1782841248.731669188,0.116684005,-0.008578297,-0.047371508
1782841248.737781048,0.120000074,-0.006411222,-0.048948247
1782841248.738638878,0.119852344,-0.011930026,-0.050762220
1782841248.739973783,0.119079686,-0.008882844,-0.055427771
1782841248.741639137,0.118842637,-0.008177007,-0.051271831
1782841248.743513584,0.116311672,-0.012075582,-0.051134029
1782841248.750289679,0.117571812,-0.012642748,-0.051475101
1782841248.751731157,0.116362771,-0.009713077,-0.045099250
1782841248.753364325,0.122975222,-0.002378729,-0.047762400
1782841248.755364180,0.119892375,-0.004595140,-0.044024324
1782841248.756579399,0.123185695,-0.011973504,-0.043664777
1782841248.758287430,0.125372424,-0.008983855,-0.043111926
1782841248.762761116,0.122688490,-0.016610169,-0.036082305
1782841248.763663292,0.129683259,-0.008404364,-0.038227302
1782841248.765011072,0.130351098,-0.012293360,-0.040432357
1782841248.766587257,0.125691070,-0.012590042,-0.034233233
1782841248.768260002,0.129304963,-0.008868559,-0.036820754
1782841248.773819685,0.126583678,-0.009444187,-0.038698166
1782841248.775165796,0.119147589,-0.011764196,-0.039354194
1782841248.776746988,0.123028891,-0.004279580,-0.040063115
1782841248.778233290,0.124491175,-0.002471630,-0.037845465
1782841248.780253649,0.126684010,-0.004460549,-0.036254485
1782841248.781578541,0.126145921,-0.012464801,-0.037583381
1782841248.787730217,0.129013653,-0.012371424,-0.037257583
1782841248.788589954,0.129208029,-0.011750143,-0.032313679
1782841248.789927244,0.128763138,-0.009131629,-0.033418481
1782841248.791618824,0.129716098,-0.011813516,-0.029133285
1782841248.793313265,0.127120652,-0.012298895,-0.030616000
1782841248.800218582,0.123870104,-0.013183382,-0.029038059
1782841248.801575661,0.125951110,-0.014903130,-0.029488390
1782841248.803358793,0.123369417,-0.011475986,-0.034008487
1782841248.805359364,0.124816244,-0.008955241,-0.036190084
1782841248.806563854,0.124509525,-0.007618729,-0.036590712
1782841248.812795401,0.125527836,-0.005751498,-0.035245943
1782841248.813706875,0.129875042,-0.007746601,-0.027709497
1782841248.815068483,0.127448347,-0.015892502,-0.030775865
1782841248.816648722,0.127648808,-0.010008909,-0.024099630
1782841248.818277597,0.124276879,-0.012407928,-0.031534050
1782841248.820411921,0.125787745,-0.008086929,-0.027056602
1782841248.825156689,0.124264238,-0.010627205,-0.031694288
1782841248.826752901,0.121918791,-0.007401275,-0.031245331
1782841248.828431129,0.124630133,-0.002795368,-0.035880226
1782841248.830270290,0.123702640,0.000440621,-0.031007273
1782841248.831603765,0.123234176,-0.006759409,-0.033528243
1782841248.835835934,0.127691653,-0.004282519,-0.035175622
1782841248.836580515,0.124346139,-0.005456789,-0.029654583
1782841248.838353395,0.124938502,-0.007461331,-0.035267494
1782841248.839901686,0.126659522,-0.005510294,-0.032247151
1782841248.841617823,0.128381295,-0.004763372,-0.031580572
1782841248.843377352,0.128379454,-0.002382913,-0.031518032
1782841248.850320816,0.129294713,-0.002515413,-0.030046683
1782841248.851754904,0.129259453,-0.005375624,-0.032373507
1782841248.853388309,0.129848163,-0.007717012,-0.031497836
1782841248.855312347,0.128721692,-0.002572087,-0.026439221
1782841248.856665134,0.126636797,-0.008971732,-0.027653316
1782841248.862630606,0.130222070,-0.004977692,-0.028229998
1782841248.863507986,0.123865932,-0.007997789,-0.034716522
1782841248.864944458,0.122785608,-0.004912688,-0.029643526
1782841248.866659403,0.125124102,-0.001304651,-0.032325590
1782841248.868273497,0.123027970,-0.003732315,-0.036142870
1782841248.875206947,0.125805319,-0.003187497,-0.038127470
1782841248.876547813,0.127034296,-0.000819259,-0.028937029
1782841248.878317595,0.126469842,0.002631840,-0.032021569
1782841248.880297184,0.126394192,0.002449381,-0.027820243
1782841248.881633043,0.126745797,-0.003134744,-0.029511133
1782841248.887889862,0.127279291,-0.001115078,-0.026245938
1782841248.888915300,0.124525451,-0.001525134,-0.024133420
1782841248.890126705,0.127611321,-0.003034497,-0.027842708
1782841248.891722202,0.128168591,-0.005855160,-0.027182765
1782841248.893283606,0.128935997,-0.002330539,-0.025446283
1782841248.898311138,0.127356796,-0.006165068,-0.026135987
1782841248.900273323,0.130241286,-0.008239136,-0.025871397
1782841248.901618481,0.128361860,-0.007983959,-0.029027097
1782841248.903437376,0.128258926,-0.005369455,-0.022266272
1782841248.905294418,0.125670974,-0.002010508,-0.024254974
1782841248.906625986,0.128286424,-0.002738453,-0.028951411
1782841248.912650585,0.125820420,-0.006643947,-0.031390310
1782841248.913521528,0.119635019,0.001273866,-0.030124937
1782841248.914961815,0.126114633,-0.001403543,-0.032844264
1782841248.916627407,0.125425988,0.000476937,-0.026868828
1782841248.918275833,0.125933888,0.001156092,-0.026262668
1782841248.925144434,0.127847211,-0.000006340,-0.029999507
1782841248.926719189,0.129247707,-0.006068449,-0.023378462
1782841248.928387165,0.123620000,-0.008253373,-0.031434187
1782841248.930243015,0.131105069,-0.001607837,-0.026834587
1782841248.931566238,0.124592567,-0.007385093,-0.027667489
1782841248.937664986,0.126235472,-0.007711553,-0.024586830
1782841248.938542366,0.123756906,-0.003696002,-0.030908080
1782841248.939877987,0.124494639,-0.006670528,-0.032101427
1782841248.942857742,0.120884418,-0.005799731,-0.038587355
1782841248.943769693,0.124287096,-0.003975284,-0.035038563
1782841248.944931030,0.128207205,0.000225262,-0.030159448
1782841248.950152159,0.121577013,-0.002852383,-0.032850720
1782841248.951736212,0.128720578,-0.000784055,-0.029847751
1782841248.953216791,0.124058329,0.002643821,-0.030797294
1782841248.955301046,0.126822762,-0.005740225,-0.033886492
1782841248.956636906,0.137480760,0.006078885,-0.012844707
1782841248.961346388,0.166070989,0.014023373,0.032794009
1782841248.962109566,0.234116348,0.092985697,0.172099663
1782841248.963359594,0.284758412,0.156510234,0.253294393
1782841248.965126514,0.320737063,0.218954056,0.296779370
1782841248.966591597,0.366716814,0.259118910,0.323561425
1782841248.968260050,0.382282164,0.300059270,0.315809992
1782841248.975163698,0.377224345,0.310370307,0.303873144
1782841248.976758480,0.369844817,0.348659441,0.219585400
1782841248.978238821,0.389913084,0.343292950,0.240983811
1782841248.980367184,0.502830286,0.343411995,0.202229786
1782841248.981734037,0.465457713,0.320158795,0.162175884
1782841248.987858057,0.487159273,0.317522537,0.166329675
1782841248.988720655,0.329281133,0.340716500,0.200045683
1782841248.990057707,0.375614900,0.369404605,0.220405169
1782841248.991617680,0.352359468,0.384765272,0.269184293
1782841248.993316889,0.295039300,0.429245955,0.377440015
1782841249.000138044,0.291627430,0.484925951,0.454331504
1782841249.001723051,0.503482708,0.603668120,0.697502558
1782841249.003419399,0.525559186,0.649902485,0.687903804
1782841249.005327463,0.633486220,0.686941951,0.659034811
1782841249.006670713,0.655593640,0.695454063,0.739337757
1782841249.008297682,0.373348923,0.761459217,1.063034873
1782841249.012670755,0.583727252,0.764920203,0.997011315
1782841249.013562202,0.568606747,0.820446560,1.164097038
1782841249.014940977,0.455984456,0.833936014,1.257188029
1782841249.016606808,0.499497900,0.855401052,1.270321753
1782841249.018317699,0.537737032,0.846314153,1.288251467
1782841249.023349524,0.464510027,0.852803133,1.343473664
1782841249.025221586,0.480235053,0.860759623,1.364342033
1782841249.026681900,0.505589530,0.857066841,1.373731736
1782841249.028317451,0.535078318,0.845443980,1.383749402
1782841249.030368805,0.527830918,0.854305923,1.388249920
1782841249.031704187,0.586242814,0.847872985,1.402968070
1782841249.037765503,0.621148567,0.856063245,1.394435711
1782841249.038657904,0.681170087,0.870722923,1.421138664
1782841249.040017843,0.687065944,0.876420547,1.435576733
1782841249.041587353,0.665597797,0.892257140,1.492347187
1782841249.043246508,0.659148771,0.885147396,1.527069888
1782841249.050127029,0.669905993,0.904603176,1.557150199
1782841249.051700830,0.686062793,0.952131191,1.640693229
1782841249.053368807,0.681474367,0.958418090,1.671624117
1782841249.055309772,0.693660215,0.984626207,1.696658920
1782841249.056647062,0.698749015,0.995136872,1.728248975
1782841249.062808037,0.708673470,1.015552217,1.753820902
1782841249.063672543,0.736816540,1.092386003,1.858642933
1782841249.065000296,0.747851039,1.114782176,1.889871052
1782841249.066584110,0.752894673,1.128472195,1.932356854
1782841249.068248272,0.754424769,1.135331198,1.965139401
1782841249.070119143,0.765744233,1.158694109,1.998227949
1782841249.075175524,0.772493752,1.178915608,2.017878305
1782841249.076759815,0.778079549,1.214261393,2.063949903
1782841249.078235865,0.769802815,1.237432096,2.087406057
1782841249.080320597,0.772246436,1.257947719,2.105757075
1782841249.081659317,0.767720566,1.271421471,2.132458468
1782841249.085490942,0.770662340,1.295394228,2.154956275
1782841249.087661266,0.778085214,1.335227424,2.196951127
1782841249.088554144,0.785971917,1.363423653,2.251501180
1782841249.089902878,0.797856913,1.378893509,2.278910203
1782841249.091590643,0.794778508,1.389839936,2.312294695
1782841249.093328714,0.795269037,1.403357159,2.347352419
1782841249.100290298,0.798255170,1.414061888,2.377340222
1782841249.101630211,0.810870284,1.459595182,2.480438828
1782841249.103306770,0.808008899,1.470378542,2.510412155
1782841249.105318785,0.810859021,1.482166557,2.534733098
1782841249.106676817,0.807775515,1.493689525,2.559935096
1782841249.112654448,0.814976677,1.502428591,2.584797089
1782841249.113518476,0.823181123,1.522789924,2.646747346
1782841249.114962339,0.826012330,1.522443062,2.657299149
1782841249.116635323,0.827598298,1.521075554,2.675223229
1782841249.118601322,0.822504756,1.518619035,2.691123916
1782841249.120106936,0.824153643,1.518717502,2.713384798
1782841249.125069380,0.825679938,1.519256290,2.735745794
1782841249.126757860,0.830843263,1.512859032,2.780249791
1782841249.128432035,0.840189334,1.504395542,2.800573851
1782841249.130254269,0.848381021,1.503928270,2.820948435
1782841249.131624699,0.860005647,1.496548934,2.842418454
1782841249.137756586,0.869453105,1.496971007,2.862987922
1782841249.138676882,0.916369373,1.496709212,2.962856429
1782841249.140021563,0.926168772,1.494802397,2.987569515
1782841249.141579390,0.944327400,1.482565097,3.011704409
1782841249.143310308,0.954235640,1.463154110,3.031108903
1782841249.147378445,0.963656114,1.461507142,3.052660944
1782841249.148297548,0.973066106,1.450624737,3.077407995
1782841249.150231600,0.981169695,1.439664964,3.082539972
1782841249.151606321,0.987750631,1.416967595,3.090004729
1782841249.153428555,0.995134668,1.397070779,3.090291864
1782841249.155329943,0.993764469,1.391392705,3.086668351
1782841249.156787872,1.003006769,1.371813875,3.088460392
1782841249.162281275,0.999891679,1.366312832,3.081989519
1782841249.163389206,1.000147524,1.328170126,3.063608778
1782841249.164900780,0.990673906,1.317967068,3.047106826
1782841249.166580915,0.995866433,1.291578654,3.038911764
1782841249.168340206,1.006719553,1.264684296,3.028373384
1782841249.175324678,1.001611482,1.262026039,3.015839154
1782841249.176659346,0.990674655,1.217045391,2.990444808
1782841249.178380966,0.995091907,1.198516600,2.981803437
1782841249.180322409,0.993671660,1.199352184,2.984179571
1782841249.181641579,0.997681837,1.165478164,2.983799080
1782841249.187756300,0.996384496,1.178801755,2.989255528
1782841249.188639402,1.014301647,1.144604084,3.031649351
1782841249.190002918,1.020040070,1.163680192,3.044808408
1782841249.191573620,1.033199002,1.173767853,3.055415034
1782841249.193313122,1.056763752,1.146167720,3.078294905
1782841249.200289011,1.058477400,1.174759347,3.094406867
1782841249.201651812,1.112882114,1.133225317,3.166444388
1782841249.203428030,1.132438375,1.231982982,3.147941868
1782841249.205278397,1.142891449,1.231028128,3.167587593
1782841249.206603289,1.193918603,1.211768984,3.212647729
1782841249.209261894,1.197390481,1.293279811,3.216781266
1782841249.210107088,1.206820236,1.296475371,3.233940805
1782841249.212703228,1.221095196,1.295938259,3.253808224
1782841249.213604927,1.244116363,1.285302960,3.266241273
1782841249.214971066,1.246999371,1.369782230,3.256423167
1782841249.216636658,1.265603969,1.448230602,3.239654485
1782841249.218254805,1.312239855,1.434326112,3.259069807
1782841249.225088596,1.299440158,1.564192537,3.227854562
1782841249.226646185,1.330338536,1.646009688,3.236074155
1782841249.228327036,1.338376243,1.708370001,3.221602046
1782841249.230307102,1.344231511,1.717053159,3.231956002
1782841249.231647253,1.372578220,1.728540022,3.257463087
1782841249.237773895,1.362374249,1.807555656,3.239276702
1782841249.238648415,1.401737997,1.840749745,3.264109038
1782841249.239981174,1.394147404,1.915367371,3.245208321
1782841249.241581917,1.397776865,1.986255801,3.224602236
1782841249.243329287,1.421296253,1.994120423,3.229730563
1782841249.250141621,1.414251843,2.062317517,3.216287235
1782841249.251734972,1.441832008,2.165120986,3.237379254
1782841249.253417015,1.442238265,2.230024735,3.234171936
1782841249.255381107,1.455164137,2.248820345,3.253150728
1782841249.256710291,1.497962296,2.281540150,3.288006285
1782841249.262837410,1.493020756,2.333352548,3.291999031
1782841249.263691902,1.564790154,2.377189156,3.353652208
1782841249.265021324,1.566668176,2.411922078,3.354062447
1782841249.266571045,1.581479621,2.454749887,3.361467676
1782841249.268418312,1.620171818,2.459326418,3.376619160
1782841249.271805048,1.639171203,2.489383748,3.387536175
1782841249.275044918,1.669758382,2.500106517,3.401935959
1782841249.276615381,1.729619233,2.533484944,3.424508149
1782841249.278320074,1.756227619,2.554513750,3.438725341
1782841249.280326843,1.777355065,2.572565177,3.454661406
1782841249.281653643,1.809722792,2.594999129,3.468598177
1782841249.287323475,1.833961602,2.617517083,3.499434086
1782841249.288309097,1.971982491,2.731882239,3.606561292
1782841249.290014029,2.003742012,2.757855380,3.628874598
1782841249.291594982,2.038395238,2.784746814,3.670081732
1782841249.293251038,2.071372597,2.803849781,3.715221137
1782841249.300304890,2.113803518,2.806212975,3.765969496
1782841249.301622629,2.254194753,2.997249829,3.877768415
1782841249.303339720,2.279883610,3.012389433,3.925557855
1782841249.305313349,2.321036459,3.007206817,3.984466682
1782841249.306638479,2.332830295,3.065888848,4.007598729
1782841249.312678337,2.374434165,3.044895821,4.070171220
1782841249.313539743,2.409191410,3.197742255,4.157088267
1782841249.315093279,2.425081678,3.173655323,4.241309399
1782841249.317880869,2.479705348,3.125870950,4.332191273
1782841249.318770885,2.469051581,3.187289396,4.381735121
1782841249.320099592,2.518726320,3.118599047,4.479845675
1782841249.325156212,2.539330967,3.166621529,4.521957136
1782841249.326721191,2.592410277,3.155058120,4.672823964
1782841249.328384161,2.627258096,3.085968866,4.782007961
1782841249.330311060,2.644838001,3.139357882,4.823711844
1782841249.331635714,2.619363938,3.225448609,4.861945986
1782841249.333389997,2.695994263,3.118841965,4.968844771
1782841249.337730169,2.702301403,3.173566292,4.993756974
1782841249.338651896,2.670238370,3.383337590,5.055084960
1782841249.340024710,2.724472484,3.270263667,5.171072638
1782841249.341589212,2.733302543,3.188571008,5.284645914
1782841249.343302250,2.657558224,3.304383697,5.334479612
1782841249.348325968,2.717678492,3.163565119,5.466239350
1782841249.350306034,2.677003328,3.282139740,5.548835654
1782841249.351631641,2.593681836,3.392405059,5.580390606
1782841249.353424311,2.654912436,3.083539951,5.793396109
1782841249.355324745,2.646533574,3.144341269,5.833339966
1782841249.356644392,2.554336343,3.264354500,5.876937495
1782841249.362684488,2.625350626,3.104889921,6.010993227
1782841249.363549948,2.543627032,3.373570096,6.181090048
1782841249.364875555,2.622722548,3.193241578,6.293649525
1782841249.367916584,2.618765768,3.086118742,6.400175768
1782841249.368792534,2.544068141,3.194488751,6.409871963
1782841249.369894981,2.549113918,3.236472902,6.429634889
1782841249.375277042,2.612558946,3.047347371,6.520907206
1782841249.376621485,2.533115993,3.162636159,6.537713127
1782841249.378420115,2.558890305,2.865504814,6.679677803
1782841249.380328894,2.561188875,2.875286525,6.700310789
1782841249.381707191,2.465122650,2.993596141,6.690012066
1782841249.387679100,2.527657822,2.801431277,6.773120382
1782841249.388543606,2.454026241,2.949472400,6.807114898
1782841249.389873981,2.514208274,2.734898313,6.892017537
1782841249.392875910,2.461868279,2.621719780,6.960523995
1782841249.393775463,2.363044148,2.735962560,6.961204284
1782841249.394880772,2.367687182,2.735944444,6.954660574
1782841249.400185585,2.408673707,2.508668042,7.028094411
1782841249.401596785,2.316082388,2.615232701,7.025433563
1782841249.403400183,2.292489725,2.302848339,7.161855036
1782841249.405390978,2.301235831,2.308103766,7.176909642
1782841249.406714916,2.238258538,2.391951456,7.223210966
1782841249.410642385,2.251923369,2.228578469,7.291785030
1782841249.412679911,2.253211081,2.220834563,7.336682410
1782841249.413530111,2.180389305,2.281273020,7.348537696
1782841249.414881945,2.184658301,2.135073400,7.400029757
1782841249.417845011,2.129257208,2.069409882,7.438715429
1782841249.418716192,2.081800224,2.080586516,7.456070195
1782841249.420039892,2.062908782,1.994485315,7.494157991
1782841249.425134182,2.042855287,1.975175616,7.510656425
1782841249.426698685,1.977246381,1.895490474,7.559717147
1782841249.428383112,1.944029069,1.848846749,7.574311176
1782841249.430344105,1.920029628,1.822557558,7.563663074
1782841249.431666613,1.881605122,1.732761003,7.508355999
1782841249.437708378,1.854895779,1.709097172,7.465774595
1782841249.438587666,1.797244509,1.555857729,7.322220638
1782841249.439918995,1.770424701,1.547779871,7.271178058
1782841249.441597700,1.764047291,1.514025067,7.214420534
1782841249.443333387,1.769977037,1.422814055,7.164296917
1782841249.450188875,1.740705152,1.458591511,7.100417082
1782841249.451775312,1.694077301,1.368169446,6.916308324
1782841249.453433514,1.710148401,1.370615430,6.840561218
1782841249.455304623,1.681917461,1.328453870,6.769437303
1782841249.456611633,1.662394210,1.190448526,6.614187374
1782841249.462807417,1.624865295,1.262685998,6.506698114
1782841249.463681698,1.547564120,1.100871102,6.260270900
1782841249.465018988,1.493212394,1.180743053,6.160141878
1782841249.466593027,1.490803180,1.205669111,6.052422935
1782841249.468297482,1.489261128,1.119491835,5.969315433
1782841249.472819090,1.446994363,1.209647115,5.852143572
1782841249.473621607,1.363986619,1.159675544,5.658871735
1782841249.475247145,1.320171857,1.137957973,5.552578640
1782841249.476580381,1.335243588,1.064928918,5.461098839
1782841249.478356123,1.354329470,1.218778565,5.308465014
1782841249.480349302,1.306686609,1.201459148,5.246312391
1782841249.481673479,1.317151988,1.125785999,5.173088224
1782841249.487801790,1.281037710,1.226811857,5.095010607
1782841249.488680363,1.243609170,1.109298246,4.983380619
1782841249.490001440,1.223284782,1.195899328,4.928086681
1782841249.491562366,1.258734408,1.244141726,4.877794784
1782841249.493316650,1.302993332,1.180773017,4.853649084
1782841249.500273705,1.298319394,1.279222057,4.804949768
1782841249.501609564,1.386209537,1.193542400,4.727712618
1782841249.503247738,1.444785721,1.267623209,4.683244884
1782841249.505285501,1.447083070,1.378864505,4.639495755
1782841249.506657600,1.515101021,1.342536242,4.633691503
1782841249.512691975,1.523482934,1.448839097,4.598103796
1782841249.513582945,1.581516050,1.401157144,4.598013243
1782841249.514906645,1.565940641,1.505667452,4.569745393
1782841249.516593456,1.603663265,1.573586166,4.528821442
1782841249.518287420,1.650602220,1.544935848,4.526813754
1782841249.520351887,1.636075366,1.630621101,4.490026950
1782841249.525180817,1.634126824,1.620472737,4.488351283
1782841249.526544333,1.673415073,1.586616426,4.478560148
1782841249.528342962,1.681376525,1.750065338,4.408618899
1782841249.530253410,1.679241522,1.739829575,4.402892297
1782841249.531580210,1.704535431,1.728642132,4.391092195
1782841249.535322189,1.680099476,1.803901490,4.363270818
1782841249.537665367,1.669986460,1.799693741,4.344731856
1782841249.538527250,1.692443352,1.785110851,4.340112750
1782841249.539874315,1.671943367,1.859845846,4.304979720
1782841249.542886019,1.683497259,1.918966228,4.273905617
1782841249.543776989,1.715380306,1.910416826,4.273504655
1782841249.544903755,1.721432628,1.906662390,4.273476444
1782841249.550248146,1.707844493,1.984197738,4.249930439
1782841249.551572561,1.744898229,1.977882585,4.247967119
1782841249.553231716,1.762028828,2.065883936,4.217487376
1782841249.555359125,1.746223462,2.170760624,4.187710388
1782841249.556680918,1.786112221,2.175557484,4.191660102
1782841249.562825680,1.770707961,2.287983926,4.156543077
1782841249.563701630,1.888564746,2.348243585,4.225178028
1782841249.565027237,1.883713804,2.472942037,4.204768668
1782841249.566617727,1.896953589,2.599569296,4.184126840
1782841249.568352699,1.949489194,2.618552525,4.203634163
1782841249.575393915,1.937029959,2.741679531,4.188066467
1782841249.576583385,2.066442560,2.837571433,4.301553354
1782841249.578386545,2.075789141,2.948592062,4.280064554
1782841249.580315113,2.074485731,3.041245529,4.260708216
1782841249.581670761,2.109253736,3.061166123,4.268870964
1782841249.587721109,2.106582396,3.139364566,4.255024341
1782841249.588621855,2.169231332,3.208538361,4.279525908
1782841249.589979649,2.162051620,3.262625979,4.260966539
1782841249.591632366,2.161238146,3.301106297,4.254326920
1782841249.593291759,2.161861708,3.327674443,4.259950451
1782841249.597304583,2.163695273,3.346058177,4.264186564
1782841249.600272417,2.165817109,3.388193337,4.276757153
1782841249.601691723,2.146344885,3.413792106,4.301143924
1782841249.603290558,2.127162656,3.410842616,4.347115963
1782841249.605329752,2.134953765,3.387302457,4.390278265
1782841249.606692314,2.110089415,3.413988059,4.432945192
1782841249.612871885,2.132272950,3.376076796,4.490126460
1782841249.613636971,2.163084093,3.546286131,4.578464725
1782841249.615035534,2.151886011,3.594924978,4.629979797
1782841249.616616249,2.160377922,3.569024508,4.738213060
1782841249.618319988,2.174772554,3.531456393,4.861969655
1782841249.625317097,2.235146903,3.485370456,4.982794890
1782841249.626643419,2.215371647,3.675164243,5.165050561
1782841249.628417492,2.283245169,3.481978579,5.352825726
1782841249.630335331,2.285833160,3.533102730,5.392015579
1782841249.631732464,2.234662528,3.611659874,5.429427604
1782841249.637813091,2.302305567,3.518389289,5.525238728
1782841249.638681173,2.293342122,3.779223752,5.610497463
1782841249.640018463,2.392518303,3.678515834,5.713618269
1782841249.641590118,2.440022262,3.607635189,5.815923733
1782841249.643316507,2.414516020,3.696938076,5.855414413
1782841249.650215387,2.500209038,3.573901012,5.957201034
1782841249.651782036,2.557084137,3.560520613,6.136991305
1782841249.653234005,2.499844193,3.632243366,6.164328718
1782841249.655369520,2.573821990,3.496055936,6.231563395
1782841249.656700611,2.532782785,3.565650137,6.266046728
1782841249.659849644,2.609893744,3.424579429,6.333133488
1782841249.660636902,2.615913175,3.435966992,6.344954960
1782841249.662774801,2.626050446,3.441837386,6.354155515
1782841249.663675785,2.595947008,3.485454664,6.350684207
1782841249.665038109,2.671995278,3.344276089,6.404347852
1782841249.666599751,2.693759673,3.247796495,6.442500155
1782841249.668304682,2.658551174,3.278132364,6.438240203
1782841249.675266981,2.713099780,3.158772188,6.478530239
1782841249.676641226,2.669578214,3.158270079,6.477358257
1782841249.678227186,2.675786155,3.068406920,6.499901630
1782841249.680375338,2.705069023,2.961326850,6.505324664
1782841249.681713104,2.660266114,2.962938650,6.461797911
1782841249.687863827,2.685478837,2.865109306,6.461405896
1782841249.688722372,2.620107030,2.820380941,6.389788903
1782841249.690057755,2.627186653,2.717978543,6.374723412
1782841249.691617489,2.605158914,2.639989519,6.345161467
1782841249.693331480,2.555231074,2.619834118,6.298195784
1782841249.700332165,2.549542674,2.535299323,6.260331759
1782841249.701689720,2.422991243,2.440411147,6.141026155
1782841249.703240395,2.377312891,2.369306728,6.125779691
1782841249.705354691,2.349759835,2.311894665,6.087162594
1782841249.706703186,2.245701127,2.240817296,6.002040515
1782841249.712658882,2.220253211,2.177616711,5.946509539
1782841249.713531971,2.081152028,2.063174679,5.743093551
1782841249.714970827,2.056679678,2.020508295,5.673440144
1782841249.716629744,2.008956583,1.979009234,5.620740686
1782841249.718344688,1.963710518,1.942257277,5.565656598
1782841249.722979307,1.933496619,1.919494841,5.504367502
1782841249.723809958,1.874309248,1.866091678,5.371657573
1782841249.725230932,1.851901161,1.833741473,5.314954917
1782841249.726624012,1.827305881,1.798728597,5.273437628
1782841249.728410721,1.809771060,1.784237478,5.226881738
1782841249.730297089,1.785451972,1.753694119,5.178784735
1782841249.731638908,1.772898081,1.709900893,5.133946247
1782841249.737694740,1.764058913,1.707853999,5.075276663
1782841249.738632202,1.785049597,1.621216817,4.934708032
1782841249.740028620,1.789931706,1.631418283,4.883561817
1782841249.741648436,1.805881190,1.632914207,4.833074232
1782841249.743333578,1.827030491,1.593830441,4.798948458
1782841249.750194073,1.815837313,1.608485236,4.754094864
1782841249.751754045,1.815735705,1.562979484,4.655831615
1782841249.753337383,1.827329312,1.526613421,4.631142521
1782841249.755379438,1.810512720,1.540701903,4.601799897
1782841249.756611347,1.825776558,1.500042130,4.585568484
1782841249.762847185,1.805376313,1.519996040,4.549005069
1782841249.763743877,1.799695737,1.391802124,4.465860352
1782841249.764881372,1.794928236,1.365104072,4.441362581
1782841249.766652584,1.793715527,1.418080257,4.386171661
1782841249.768378735,1.813790192,1.384687211,4.357318339
1782841249.775185585,1.802089667,1.412692295,4.327187176
1782841249.776591778,1.803391331,1.351081371,4.250606241
1782841249.778393269,1.794815252,1.410940860,4.200426791
1782841249.780388594,1.780771859,1.398622889,4.175724924
1782841249.781551123,1.792826678,1.390308922,4.152055940
1782841249.784043550,1.766983347,1.415198251,4.115359468
1782841249.784914970,1.732458603,1.394365190,4.064773613
1782841249.787749052,1.714731608,1.385582348,4.049085230
1782841249.788631439,1.721759400,1.370730502,4.010905289
1782841249.789989948,1.700186085,1.410768795,3.980619822
1782841249.791542292,1.689896082,1.466945970,3.934320822
1782841249.793362617,1.705894577,1.456034037,3.914822085
1782841249.799300194,1.673394554,1.530773334,3.876935945
1782841249.802503109,1.646499383,1.608892326,3.807847421
1782841249.803404331,1.669119286,1.592221272,3.790681373
1782841249.805377722,1.639240091,1.708286411,3.760847938
1782841249.806727409,1.668448232,1.706985528,3.756069791
1782841249.812804222,1.639550123,1.838146397,3.723796189
1782841249.813673258,1.740620414,1.834823596,3.744041678
1782841249.815040827,1.695752869,1.979200123,3.758986685
1782841249.816599369,1.719916198,2.139952317,3.697627396
1782841249.818277359,1.821873638,2.144062300,3.696704232
1782841249.825133801,1.766708451,2.308544598,3.663430894
1782841249.826699734,1.850541126,2.498298765,3.663017770
1782841249.828401327,1.867501277,2.657791773,3.599257535
1782841249.830368996,1.887001163,2.667633421,3.620535704
1782841249.831574678,1.966660271,2.676623348,3.613714974
1782841249.837841034,1.918788424,2.832114353,3.568605552
1782841249.838703871,2.070942000,2.872722782,3.620330110
1782841249.840051174,2.017495364,3.022568357,3.568380319
1782841249.841607809,2.017384693,3.171107666,3.491682888
1782841249.843334913,2.087549967,3.199704961,3.474983775
1782841249.846908092,2.029290831,3.329436863,3.435120521
1782841249.850265741,2.050727561,3.341042054,3.449043170
1782841249.851616144,2.131868557,3.387365020,3.437109478
1782841249.853404284,2.042436376,3.587209981,3.329576788
1782841249.855341911,2.067929916,3.615628135,3.339067253
1782841249.856665611,2.121153931,3.641562753,3.321439625
1782841249.862399817,2.084306929,3.732397873,3.292094333
1782841249.863421202,2.182430757,3.849792022,3.273420299
1782841249.864909887,2.144659512,3.923653269,3.242909455
1782841249.866609573,2.129291410,4.000575459,3.198010687
1782841249.868270397,2.147426049,4.048363142,3.180155364
1782841249.875276089,2.128151473,4.110087468,3.163322135
1782841249.876619816,2.171847844,4.203896373,3.136195878
1782841249.878434896,2.123955143,4.257404154,3.125315463
1782841249.880327463,2.133869873,4.282545586,3.109953370
1782841249.881695509,2.117646462,4.306833488,3.101288094
1782841249.887816191,2.105265671,4.331420852,3.095501515
1782841249.888693810,2.097378491,4.430305537,3.053061209
1782841249.890024424,2.094705509,4.437229061,3.079758677
1782841249.891590357,2.080339225,4.449607241,3.127388202
1782841249.893393993,2.049901013,4.477231092,3.151454978
1782841249.900282145,2.070648882,4.469911790,3.207047943
1782841249.901571274,2.045389288,4.543408140,3.260222927
1782841249.903438330,2.045337420,4.516348950,3.332719788
1782841249.905354738,2.079436685,4.479684999,3.397195755
1782841249.906785727,2.034513544,4.529028665,3.438049433
1782841249.909283876,2.078951701,4.497624987,3.510620355
1782841249.910065889,2.074188172,4.524563005,3.517337920
1782841249.912699223,2.063434272,4.557014380,3.523964868
1782841249.913575411,2.021316972,4.592097229,3.552097771
1782841249.914919138,2.063928581,4.542235887,3.622263592
1782841249.916593313,2.077491102,4.496535382,3.724611902
1782841249.918291807,2.028010834,4.527680746,3.753307897
1782841249.924799442,2.084976263,4.470705525,3.845753858
1782841249.925737858,2.047253461,4.577998157,3.883899997
1782841249.926725864,2.004319548,4.621749255,3.898553829
1782841249.928250551,2.069246624,4.556769658,3.988877342
1782841249.929979801,2.102271727,4.499971543,4.097057390
1782841249.931597471,2.050041664,4.545267330,4.121352925
1782841249.937898636,2.122664303,4.473602253,4.218077365
1782841249.938784361,2.081559763,4.605012123,4.258679130
1782841249.939892530,2.075039177,4.640922035,4.258805943
1782841249.941751719,2.193953826,4.451496002,4.442056477
1782841249.943305254,2.134032435,4.492544005,4.454498288
1782841249.950283289,2.204482907,4.406403322,4.537286044
1782841249.951630831,2.112945306,4.506506170,4.538135049
1782841249.953417301,2.228806374,4.315221915,4.681138562
1782841249.955345154,2.215281451,4.341371574,4.673569447
1782841249.956686735,2.170493441,4.401310112,4.659453580
1782841249.962749243,2.257492304,4.304674867,4.721449027
1782841249.963765860,2.233328770,4.370318837,4.719905034
1782841249.964911938,2.244660391,4.388831069,4.731862871
1782841249.966700792,2.348721719,4.200314776,4.902294006
1782841249.968299866,2.319887600,4.242230358,4.953682388
1782841249.972325087,2.397756683,4.165467785,5.076715362
1782841249.975314617,2.436925052,4.206801547,5.163977635
1782841249.976653337,2.412088488,4.241805327,5.208939580
1782841249.978237867,2.450466849,4.166113094,5.304426678
1782841249.980379581,2.525880621,4.076376851,5.367255618
1782841249.981699705,2.528640560,4.116238213,5.393996425
1782841249.987832785,2.592811706,4.029990033,5.441950538
1782841249.988716364,2.587435440,4.048420661,5.451275594
1782841249.990045786,2.638647748,3.951422221,5.490729946
1782841249.991612911,2.650144082,3.869687045,5.548060048
1782841249.993365765,2.619245006,3.866133023,5.563662223
1782841250.000333786,2.650827800,3.773977889,5.604224371
1782841250.001646519,2.602575118,3.719700037,5.635892594
1782841250.003291845,2.595682354,3.636028565,5.677933327
1782841250.005400181,2.606306144,3.562780147,5.710602580
1782841250.006719351,2.572391607,3.552335920,5.730554952
1782841250.012870789,2.580347177,3.485744549,5.764361353
1782841250.013726473,2.516694123,3.435259166,5.779199658
1782841250.015050411,2.520973240,3.373185273,5.792035096
1782841250.016608715,2.499680740,3.310996335,5.815820811
1782841250.018346310,2.472412992,3.283376808,5.809452614
1782841250.025131702,2.472745727,3.228303119,5.820258032
1782841250.026599407,2.421055038,3.164192729,5.837158381
1782841250.028381586,2.413690419,3.077856124,5.860985237
1782841250.030406952,2.401734234,3.055423812,5.856700645
1782841250.031724930,2.362058414,2.991067516,5.822117784
1782841250.035987139,2.340603463,2.938981355,5.813048249
1782841250.036881208,2.285287332,2.871923343,5.781715518
1782841250.038425446,2.243995109,2.824524881,5.761339034
1782841250.040018797,2.214092256,2.767490208,5.723489677
1782841250.041602373,2.174596523,2.709776577,5.673848817
1782841250.043336868,2.123190519,2.651093543,5.594847818
1782841250.050218821,2.082139231,2.597488117,5.503579737
1782841250.051771402,1.942416144,2.458089543,5.206675103
1782841250.053401709,1.896058521,2.407133815,5.099503786
1782841250.055373430,1.839616208,2.371831795,5.001962975
1782841250.056756496,1.789323010,2.318678433,4.903309299
1782841250.062760830,1.732544424,2.290437340,4.806960661
1782841250.063621044,1.501639398,2.121798075,4.471850090
1782841250.064947844,1.443653275,2.093995946,4.389418603
1782841250.066619396,1.390602555,2.050668644,4.308973917
1782841250.068312407,1.345722296,2.005375014,4.228728451
1782841250.075267792,1.296112249,1.967029819,4.162532965
1782841250.076592207,1.180815111,1.821033235,4.026738340
1782841250.078358650,1.164879192,1.817588686,3.987837486
1782841250.080406189,1.152556478,1.774983067,3.970068663
1782841250.081739902,1.162476535,1.724408843,3.957725440
1782841250.087857485,1.166384580,1.714937431,3.935029086
1782841250.088730097,1.285375776,1.610311930,3.914663621
1782841250.090061188,1.320717767,1.622176120,3.895997486
1782841250.091624260,1.363144615,1.624915280,3.873724616
1782841250.093332529,1.424979801,1.615416578,3.856677292
1782841250.097268105,1.451897909,1.634240679,3.857939630
1782841250.100144625,1.503197994,1.603245953,3.864079303
1782841250.101720810,1.569409682,1.607912032,3.856143415
1782841250.103397608,1.625029371,1.625753722,3.872624944
1782841250.105302334,1.643615655,1.610403829,3.899721920
1782841250.106638908,1.701513312,1.596221519,3.901070001
1782841250.112705946,1.705314915,1.613984238,3.909109128
1782841250.113613844,1.684604394,1.474306041,3.945158288
1782841250.114951849,1.665815858,1.514666352,3.933897152
1782841250.116636992,1.647959722,1.561566607,3.922778247
1782841250.118302107,1.670504262,1.542026180,3.890985573
1782841250.125298500,1.645203621,1.615528267,3.868209398
1782841250.126631260,1.682954916,1.580153152,3.845386648
1782841250.128423214,1.652254318,1.795850167,3.728054522
1782841250.130433798,1.646504126,1.799425035,3.735905981
1782841250.131573439,1.710243576,1.767300684,3.689885976
1782841250.137860537,1.665124044,1.898247434,3.635835219
1782841250.138806581,1.737974175,1.880739705,3.606362289
1782841250.139917135,1.749099094,1.879692082,3.615449566
1782841250.141681910,1.708025736,2.141523803,3.496073507
1782841250.143353939,1.782952239,2.135432212,3.472083175
1782841250.150144577,1.732296473,2.276087065,3.425006040
1782841250.151683092,1.842772977,2.275746997,3.416797009
1782841250.153259516,1.855448877,2.410100878,3.342879450
1782841250.155373573,1.803485207,2.545837044,3.301500924
1782841250.156707525,1.895033031,2.561523211,3.310335910
1782841250.159921169,1.846380683,2.704068254,3.272468144
1782841250.162903309,1.864730822,2.718472457,3.292498106
1782841250.163772106,1.961100608,2.742377272,3.310700366
1782841250.164880753,1.986213406,2.759660918,3.334907294
1782841250.166659594,1.916462568,2.986698645,3.226621291
1782841250.168310642,1.987435387,3.006636582,3.233566050
1782841250.175246239,1.950451084,3.116439110,3.204067401
1782841250.176590919,2.069596462,3.178076501,3.232817692
1782841250.178384304,2.007345314,3.342744891,3.155874076
1782841250.180335760,2.030612231,3.366935171,3.158745079
1782841250.181662560,2.082246557,3.409156596,3.157573482
1782841250.187690496,2.053051083,3.485133015,3.122028900
1782841250.188549519,2.078551398,3.554791803,3.088013633
1782841250.189876556,2.043997560,3.619052246,3.050687127
1782841250.192918777,2.015111490,3.664835012,3.025866997
1782841250.193808794,2.007339730,3.679330517,3.017057943
1782841250.194978714,2.005430136,3.696536067,2.994190838
1782841250.200321674,1.981175580,3.730191676,2.969653377
1782841250.201708317,1.952541908,3.764571017,2.942133819
1782841250.203354359,1.917264261,3.766050514,2.947180512
1782841250.205319405,1.907520617,3.773263987,2.951228220
1782841250.206656694,1.866742299,3.790049431,2.946940906
1782841250.212715864,1.866454377,3.786543367,2.959771893
1782841250.213589907,1.819036912,3.837468920,2.945785541
1782841250.214931488,1.827055216,3.825387873,2.959004901
1782841250.216599464,1.817514765,3.812618116,3.001677451
1782841250.218330145,1.764083800,3.829207420,3.033080427
1782841250.222809076,1.807787788,3.766692470,3.106865705
1782841250.223620653,1.786993250,3.829160262,3.161417258
1782841250.225310802,1.782079099,3.859103803,3.199508315
1782841250.226651192,1.746777014,3.886065253,3.256860373
1782841250.228428602,1.801268728,3.788312068,3.425309449
1782841250.230375051,1.803659209,3.812772081,3.452828385
1782841250.231709003,1.774067776,3.840220131,3.499995181
1782841250.237866640,1.826168886,3.787790072,3.582574861
1782841250.238749743,1.795758744,3.879766041,3.655420991
1782841250.240103006,1.826475862,3.831102346,3.750835730
1782841250.241656780,1.900425446,3.785259900,3.843013023
1782841250.243237972,1.881076594,3.825686650,3.878905434
1782841250.250138521,1.937171162,3.771304252,3.959631389
1782841250.251747608,1.994384728,3.787988075,4.091897486
1782841250.253412008,2.036947673,3.717914723,4.185185990
1782841250.255364180,2.045386059,3.746413316,4.201772676
1782841250.256701231,2.022209536,3.786934280,4.232930625
1782841250.262841702,2.089624059,3.703282872,4.315588688
1782841250.263742685,2.075009772,3.781244532,4.352590693
1782841250.265069723,2.139505716,3.695815939,4.405620869
1782841250.266638041,2.167793928,3.608715292,4.477810209
1782841250.268321991,2.154596888,3.631624847,4.479170135
1782841250.275287867,2.215356850,3.547391664,4.523458812
1782841250.276670218,2.238213631,3.581463644,4.477573216
1782841250.278273821,2.271591567,3.501040485,4.526731853
1782841250.280347347,2.324392867,3.409592632,4.564446617
1782841250.281683445,2.305319281,3.413264062,4.578587496
1782841250.285423279,2.349793210,3.342168608,4.637382041
1782841250.287667751,2.364058029,3.350831822,4.660601847
1782841250.288535595,2.361911862,3.366476250,4.736403809
1782841250.289968014,2.411064180,3.290233226,4.799920042
1782841250.291628838,2.426992084,3.211802078,4.875492427
1782841250.293357372,2.409153722,3.200502341,4.903130397
1782841250.300129175,2.444182680,3.135572095,4.944612149
1782841250.301706791,2.468322867,3.072394815,5.003203938
1782841250.303387403,2.474767148,2.999111251,5.055689622
1782841250.305297613,2.489226562,3.005643418,5.049247143
1782841250.306618452,2.476007431,2.992856165,5.074860744
1782841250.312851667,2.502437787,2.937957027,5.097573427
1782841250.313720703,2.512853150,2.945476774,5.175713181
1782841250.315052986,2.539052667,2.889788170,5.231921433
1782841250.316627264,2.525993908,2.826156323,5.301128955
1782841250.318359375,2.506001908,2.814730626,5.348733796
1782841250.325294018,2.519913976,2.770458354,5.399347218
1782841250.326638699,2.498165776,2.777792378,5.465929047
1782841250.328288794,2.490008567,2.728539549,5.526684865
1782841250.330384254,2.498039592,2.691533212,5.561148312
1782841250.331716776,2.469821204,2.685835027,5.595981735
1782841250.337819099,2.476218773,2.646903873,5.626077329
1782841250.338733435,2.443126655,2.636268053,5.704918666
1782841250.340071201,2.436209114,2.589812831,5.747605470
1782841250.341641903,2.419085437,2.523268715,5.790395518
1782841250.343361855,2.394418423,2.500430998,5.802662037
1782841250.348459482,2.396124335,2.448971670,5.827343301
1782841250.350268841,2.388070908,2.422319122,5.831377253
1782841250.351669788,2.361084913,2.397202624,5.852554655
1782841250.353266716,2.334243114,2.332725490,5.877803361
1782841250.355411530,2.337747238,2.278235243,5.900861003
1782841250.356745481,2.310211183,2.245752772,5.925476356
1782841250.362803936,2.308968362,2.190745928,5.942172845
1782841250.363770723,2.195830329,2.059988258,5.884755080
1782841250.364876986,2.165434981,2.023082657,5.838804654
1782841250.366664171,2.103988637,1.921328028,5.798208928
1782841250.368344784,2.037310235,1.863791760,5.743812165
1782841250.375263214,1.997269829,1.812290069,5.682718872
1782841250.376606464,1.834433311,1.695593688,5.497722341
1782841250.378395557,1.754780194,1.613727522,5.438792298
1782841250.380356073,1.698736197,1.583174891,5.345792823
1782841250.381725550,1.569407624,1.490335411,5.169141255
1782841250.387840986,1.514115736,1.455167339,5.072871645
1782841250.388703585,1.297158949,1.350599736,4.844452813
1782841250.390039682,1.232870537,1.316305660,4.768141210
1782841250.391599417,1.169654544,1.264449559,4.690524674
1782841250.393356085,1.104842407,1.211663123,4.611367772
1782841250.400280476,1.056856170,1.187686797,4.527753834
1782841250.401628494,0.931976378,1.094463433,4.285292894
1782841250.403412104,0.918599207,1.086527901,4.203173713
1782841250.405392647,0.893516573,1.070983098,4.133791448
1782841250.406738997,0.871559838,1.002833425,4.000667932
1782841250.409402609,0.851964019,0.984480102,3.952032133
1782841250.410174608,0.832987769,0.945391027,3.905872245
1782841250.412867785,0.822144519,0.941818177,3.876753842
1782841250.413750887,0.847144223,0.925501905,3.847108086
1782841250.415081978,0.854332526,0.930080094,3.818219354
1782841250.416649818,0.892588766,0.926496693,3.800433321
1782841250.418332100,0.927875639,0.913485005,3.782188106
1782841250.425364494,0.950229652,0.927313342,3.760772049
1782841250.426604033,1.047597026,0.902277686,3.709973493
1782841250.428422213,1.100550792,0.908625372,3.682565995
1782841250.430381298,1.118502794,0.917653896,3.666815803
1782841250.431746721,1.179556232,0.892993644,3.639583097
1782841250.437839508,1.186516252,0.901778865,3.632731058
1782841250.438710690,1.225395099,0.871833980,3.630903707
1782841250.440037727,1.220107852,0.878526440,3.627911662
1782841250.441615582,1.237249136,0.888287161,3.612689280
1782841250.443361044,1.255628437,0.874899888,3.601531518
1782841250.450290203,1.244168027,0.879376792,3.590384030
1782841250.451604366,1.245378148,0.813328447,3.558531423
1782841250.453385353,1.276490741,0.862171276,3.514575576
1782841250.455373287,1.267100961,0.836140388,3.517154637
1782841250.456693888,1.293998509,0.801374109,3.464437931
1782841250.462820053,1.284451000,0.823392080,3.441483920
1782841250.463681221,1.303381609,0.797564292,3.412768326
1782841250.465022564,1.287574979,0.844827703,3.402738505
1782841250.466578484,1.290207164,0.911195788,3.380038028
1782841250.468317986,1.314766966,0.910834673,3.379889205
1782841250.471645594,1.301553889,0.978650890,3.367537774
1782841250.475162983,1.299781421,0.984505579,3.372228469
1782841250.476746082,1.310264998,1.073137016,3.360140638
1782841250.478203297,1.338435797,1.081326986,3.368267419
1782841250.480370760,1.326001133,1.183590462,3.353119981
1782841250.481741905,1.375678646,1.205090015,3.372037461
1782841250.486858606,1.360110801,1.323758650,3.361252287
1782841250.488426447,1.412267723,1.351826432,3.383334166
1782841250.489979982,1.393449160,1.471234893,3.358988294
1782841250.491679668,1.399748873,1.597672318,3.324785324
1782841250.493368864,1.437846281,1.609578751,3.324354386
1782841250.500264168,1.412270131,1.733857262,3.300836996
1782841250.501635313,1.477750683,1.789260345,3.346388032
1782841250.503277779,1.474961874,1.907947169,3.306477925
1782841250.505383968,1.446484076,2.016871718,3.275366603
1782841250.506713629,1.484189917,2.029830435,3.263809929
1782841250.512773037,1.455701223,2.132585321,3.231979901
1782841250.513631105,1.513003961,2.182030540,3.211703386
1782841250.514972448,1.488953328,2.279586879,3.168433195
1782841250.516632557,1.488461920,2.363059234,3.113216739
1782841250.518334866,1.520693756,2.393545114,3.097749770
1782841250.525275707,1.501372287,2.459478161,3.058649519
1782841250.526629210,1.558415217,2.547605949,2.980415105
1782841250.528414011,1.519927583,2.623898888,2.928860149
1782841250.530373573,1.525128292,2.644037525,2.917159348
1782841250.531692982,1.526946312,2.665069314,2.899827793
1782841250.537878990,1.510913812,2.688904642,2.902751150
1782841250.538753510,1.468377055,2.733039011,2.958062250
1782841250.540094614,1.451791406,2.731935092,2.986790204
1782841250.541672707,1.436037098,2.722722217,3.023590673
1782841250.543364286,1.421592698,2.737505794,3.046411380
1782841250.548393488,1.416880176,2.716075893,3.092034763
1782841250.550310612,1.425754571,2.738690062,3.113474047
1782841250.551764965,1.413450915,2.750555176,3.122428912
1782841250.553361177,1.410939222,2.713143467,3.154098759
1782841250.555371284,1.421899709,2.679747880,3.184195153
1782841250.556733608,1.405677485,2.700047522,3.186203510
1782841250.562715769,1.426393239,2.658594079,3.218061162
1782841250.563585281,1.428751915,2.769006576,3.228019769
1782841250.564938307,1.456088235,2.733167374,3.305891746
1782841250.566598892,1.468774201,2.695292366,3.410747860
1782841250.568274975,1.450998212,2.724459123,3.467199766
1782841250.575069189,1.461422883,2.655276738,3.559363720
1782841250.576633692,1.518994567,2.648150724,3.704437269
1782841250.578321457,1.544182594,2.580737159,3.781072017
1782841250.580331802,1.561883198,2.599853155,3.779674400
1782841250.581673384,1.559109978,2.622771503,3.793277013
1782841250.587835312,1.608720526,2.544400683,3.834095526
1782841250.588700056,1.630260234,2.600912471,3.816279465
1782841250.590029478,1.673722476,2.509540298,3.852599323
1782841250.591703415,1.690456993,2.427285595,3.904774714
1782841250.593324184,1.663175857,2.425481370,3.922196512
1782841250.600321770,1.708680688,2.343986012,3.982479741
1782841250.601697683,1.670903484,2.324741658,4.069514862
1782841250.603283882,1.673398396,2.225116782,4.138088591
1782841250.605381012,1.684204284,2.122331810,4.165668675
1782841250.606730700,1.655290260,2.109661075,4.160562043
1782841250.610356092,1.672032367,2.018054967,4.161767389
1782841250.612854958,1.661985216,1.989056802,4.071619442
1782841250.613709927,1.625532484,1.977190547,4.049511660
1782841250.615064383,1.651573165,1.904251909,4.054256754
1782841250.616645575,1.642816263,1.833214676,4.073364906
1782841250.618356466,1.613864560,1.833287493,4.065201982
1782841250.625315905,1.626593298,1.765357691,4.081216959
1782841250.626662016,1.592081548,1.750843656,4.071914597
1782841250.628317595,1.580593694,1.696923678,4.105204327
1782841250.630400658,1.584637301,1.642114530,4.118879889
1782841250.631708145,1.550739396,1.640871391,4.125374779
1782841250.637900591,1.555057707,1.581394718,4.140528614
1782841250.638759136,1.522006605,1.560684171,4.153927035
1782841250.640089989,1.529582705,1.496883082,4.174876516
1782841250.641711473,1.501610624,1.445297576,4.214664778
1782841250.643375158,1.462215408,1.425246718,4.241422977
1782841250.650274038,1.471398840,1.373077483,4.264498454
1782841250.651632786,1.444029077,1.332238662,4.338966450
1782841250.653240919,1.401925153,1.287724269,4.387542988
1782841250.655422926,1.411465363,1.239153982,4.414436738
1782841250.656544209,1.375221128,1.233663686,4.498242325
1782841250.662826300,1.386821753,1.197925881,4.556920157
1782841250.663706303,1.383255014,1.190364343,4.797890350
1782841250.665048361,1.399348216,1.144580185,4.874578119
1782841250.666621923,1.361720476,1.107098668,4.965740405
1782841250.668368816,1.326982666,1.098581005,5.038822145
1782841250.672905445,1.344820756,1.057661660,5.093747929
1782841250.673671484,1.371631647,1.028372479,5.175714654
1782841250.675290585,1.375626711,1.010592317,5.193492450
1782841250.676617622,1.330982891,0.995200766,5.230555292
1782841250.678417683,1.283724362,0.924546757,5.267897644
1782841250.680391312,1.282085985,0.903156567,5.274637504
1782841250.681716442,1.242665597,0.874014644,5.284076427
1782841250.687838078,1.232260565,0.824681188,5.276581794
1782841250.688706160,1.172119570,0.746980998,5.201132697
1782841250.690080881,1.151611276,0.698203172,5.167172447
1782841250.691657543,1.114828036,0.654968635,5.135710583
1782841250.693382263,1.089405229,0.618471066,5.084005875
1782841250.700292349,1.068756252,0.580815174,5.021811883
1782841250.701646805,0.983161430,0.494557009,4.764800532
1782841250.703434229,0.964453430,0.452467478,4.653239624
1782841250.705367327,0.924863803,0.430906695,4.524634130
1782841250.706748009,0.865893107,0.398282024,4.265385319
1782841250.712872028,0.825413515,0.392676908,4.138072512
1782841250.713765383,0.721610225,0.391425208,3.727767950
1782841250.715101719,0.684094813,0.409928689,3.602367036
1782841250.716672897,0.665311681,0.416473860,3.485003198
1782841250.718328714,0.658807656,0.429278283,3.378812641
1782841250.720394611,0.623415308,0.450525291,3.286952791
1782841250.725305319,0.591604326,0.462797881,3.211627199
1782841250.726667404,0.560866428,0.465603662,3.059248519
1782841250.728250027,0.568138756,0.471473586,3.001877357
1782841250.730407953,0.541185680,0.482459119,2.948274952
1782841250.731731653,0.538861353,0.485620896,2.866337787
1782841250.735432386,0.526176996,0.490098714,2.833787679
1782841250.737897635,0.512489658,0.482142911,2.814530611
1782841250.738756895,0.519503059,0.461315369,2.789464896
1782841250.739886999,0.514322393,0.449976064,2.778144930
1782841250.741677523,0.547579722,0.450393299,2.770306206
1782841250.743274212,0.593801858,0.439415458,2.761672252
1782841250.750176430,0.609677946,0.431201536,2.758115423
1782841250.751770735,0.682342212,0.405033134,2.742727963
1782841250.753205776,0.735428014,0.385588247,2.731889828
1782841250.755408287,0.746557992,0.379709375,2.734216995
1782841250.756736994,0.847340594,0.342063863,2.740812240
1782841250.762792110,0.883324505,0.344136649,2.737516826
1782841250.763648987,0.970129500,0.309814208,2.738128892
1782841250.764979362,0.975848284,0.308519998,2.765675852
1782841250.767041206,1.015333366,0.316032214,2.759106852
1782841250.768868208,1.049453005,0.302466615,2.754879602
1782841250.770056963,1.050519651,0.293102547,2.773357167
1782841250.775316954,1.057801321,0.299001961,2.779945452
1782841250.776721716,1.094694198,0.272392656,2.797268918
1782841250.778308153,1.124854252,0.286785335,2.785571063
1782841250.780394793,1.119212965,0.306609734,2.788850223
1782841250.781763792,1.150939739,0.305077552,2.779892374
1782841250.787809849,1.144672319,0.334240944,2.765291594
1782841250.788828373,1.168078112,0.347481823,2.762844130
1782841250.789942265,1.168978372,0.353290856,2.761510282
1782841250.791732311,1.177847405,0.435479391,2.748480749
1782841250.793269157,1.199880520,0.440412765,2.739802606
1782841250.797531605,1.188585433,0.494637725,2.733547415
1782841250.798368692,1.200608501,0.502986347,2.747813800
1782841250.800298691,1.208373806,0.501699318,2.756558712
1782841250.801667929,1.236240549,0.513390230,2.748848281
1782841250.803239584,1.259556976,0.575039512,2.741046318
1782841250.805388689,1.257077659,0.645536243,2.748012565
1782841250.806735754,1.288349722,0.650404707,2.746112935
1782841250.812874079,1.290235858,0.726276085,2.747147477
1782841250.813870430,1.351749585,0.772668094,2.771539397
1782841250.815019369,1.365846544,0.784755884,2.786867505
1782841250.816564083,1.374124439,0.872037366,2.773880734
1782841250.818404913,1.371558888,0.962914841,2.758587578
1782841250.825340509,1.349128482,1.054865498,2.762025107
1782841250.826681614,1.403723418,1.085079798,2.772388329
1782841250.828281403,1.405912692,1.177911011,2.750640856
1782841250.830389261,1.396242283,1.266501176,2.735504788
1782841250.831735611,1.423901541,1.281660457,2.726762660
1782841250.837865114,1.415423549,1.369689814,2.706202379
1782841250.838738441,1.487664735,1.443345290,2.667127393
1782841250.840063334,1.468977878,1.521220997,2.634160803
1782841250.841610193,1.467980500,1.591096158,2.594407213
1782841250.843362570,1.475742644,1.616561905,2.576949172
1782841250.850274324,1.455320058,1.664108338,2.543155719
1782841250.851579428,1.457650811,1.692165993,2.507543597
1782841250.853255510,1.430878035,1.743210423,2.501662939
1782841250.855357885,1.405692914,1.771239176,2.524424149
1782841250.856692314,1.397443195,1.784638150,2.538610893
1782841250.858993292,1.374888764,1.802698596,2.561300236
1782841250.859892368,1.369138946,1.810901018,2.612274433
1782841250.862751007,1.371948559,1.812348925,2.630995884
1782841250.863669634,1.371041672,1.816560499,2.647746829
1782841250.865011930,1.367963671,1.822372131,2.661595623
1782841250.866590500,1.355236799,1.829557013,2.689075055
1782841250.868389368,1.362377180,1.846660633,2.695890710
1782841250.874890327,1.365924568,1.845309491,2.737066699
1782841250.876641273,1.398672753,1.902138910,2.867741992
1782841250.878205776,1.395908502,1.935181439,2.909529738
1782841250.880425930,1.426377446,1.923814320,2.981619400
1782841250.881763697,1.445130933,1.987541194,3.080431159
1782841250.887846231,1.474056773,1.973981059,3.153162501
1782841250.888721466,1.484021172,2.073969087,3.254913932
1782841250.890070915,1.505918903,2.057138874,3.316803435
1782841250.891658306,1.513710699,2.035587418,3.371970532
1782841250.893347263,1.503605772,2.077004770,3.391289457
1782841250.900302649,1.528778764,2.051218049,3.436706887
1782841250.901621580,1.513081641,2.181403254,3.458409442
1782841250.903399944,1.550867060,2.096051889,3.530617183
1782841250.905375004,1.548416681,2.132668180,3.554605834
1782841250.906774759,1.539344244,2.204839244,3.591011984
1782841250.919075489,1.566704512,2.161829171,3.642160136
1782841250.920096874,1.568070908,2.344058033,3.830049072
1782841250.921716452,1.601674076,2.292579639,3.875850176
1782841250.923425674,1.620214824,2.256639137,3.923502910
1782841250.924998045,1.642192891,2.214520680,3.967325915
1782841250.926680803,1.662825711,2.176159227,4.001413174
1782841250.928419113,1.663375005,2.205262326,4.018518182
1782841250.930369139,1.698509440,2.165307774,4.066120954
1782841250.931704521,1.694255981,2.195429758,4.099061692
1782841250.936348677,1.727648955,2.149682484,4.142400884
1782841250.937155008,1.749100568,2.175407323,4.201897374
1782841250.938429594,1.749061685,2.192207943,4.233894253
1782841250.939949274,1.786917502,2.143641450,4.289504277
1782841250.941648006,1.811775684,2.106116216,4.340646067
1782841250.943346024,1.813387860,2.118001147,4.383086949
1782841250.950374603,1.851462804,2.073414537,4.446279045
1782841250.951699495,1.878273296,2.104911556,4.538655712
1782841250.953285456,1.902494610,2.066337237,4.576471662
1782841250.955398560,1.938463898,2.020379997,4.610312645
1782841250.956732988,1.942271971,2.015419729,4.643111461
1782841250.962877512,1.969275459,1.966022974,4.674599718
1782841250.963728666,1.944632082,1.931810814,4.698041296
1782841250.965082645,1.954310533,1.871703275,4.708067207
1782841250.966633320,1.947751222,1.830256088,4.723922289
1782841250.968344927,1.921831640,1.821968151,4.735531604
1782841250.975335598,1.915307327,1.768161412,4.743521081
1782841250.976660967,1.826662303,1.687506851,4.722565271
1782841250.978215933,1.801452469,1.641105978,4.710331118
1782841250.980386972,1.776391902,1.583386857,4.674649958
1782841250.981708288,1.695274763,1.536451548,4.608300813
1782841250.983392477,1.666061456,1.478208957,4.571753790
1782841250.987880707,1.620822381,1.443968295,4.532638007
1782841250.988740921,1.521625716,1.389247814,4.439563774
1782841250.990096331,1.481481030,1.347207120,4.388137571
1782841250.991650343,1.435035344,1.317935324,4.340001894
1782841250.993348598,1.382858872,1.302588854,4.286330527
1782841250.999320507,1.355609367,1.275454199,4.243249254
1782841251.000118971,1.271879894,1.191395695,4.075031560
1782841251.001724005,1.255834721,1.183341972,4.010768406
1782841251.003402710,1.246488433,1.173850617,3.951477280
1782841251.005420685,1.239372224,1.166882473,3.899210115
1782841251.006556511,1.234685868,1.163615044,3.848998969
1782841251.012805223,1.235635747,1.158302830,3.801086801
1782841251.013672829,1.255960517,1.121262356,3.686433852
1782841251.015012980,1.242621244,1.134725074,3.683571314
1782841251.016576290,1.255162262,1.144425382,3.668799594
1782841251.018366337,1.277457182,1.145037844,3.667563639
1782841251.025335550,1.284371905,1.156191574,3.665944653
1782841251.026652813,1.338682115,1.162005011,3.678811034
1782841251.028440952,1.365537323,1.190165747,3.671513511
1782841251.030391693,1.371724143,1.178648817,3.677124747
1782841251.031568289,1.404016594,1.174993774,3.688725568
1782841251.037928104,1.420691245,1.179220816,3.707981730
1782841251.038836002,1.468545414,1.139754704,3.745383382
1782841251.039974689,1.469644889,1.124286598,3.759105663
1782841251.041545868,1.493643668,1.123842836,3.749186970
1782841251.043325186,1.510050803,1.124626462,3.735152837
1782841251.045897484,1.511485327,1.127783971,3.725344852
1782841251.046692848,1.509894219,1.117942539,3.717054526
1782841251.050354004,1.511007538,1.113912586,3.707360846
1782841251.051756144,1.523339509,1.111023309,3.677489100
1782841251.053351879,1.497095711,1.107130662,3.665932030
1782841251.055367708,1.492229756,1.127015961,3.649397571
1782841251.056694984,1.487906456,1.121720578,3.612904444
1782841251.061278105,1.483276187,1.138570805,3.606939517
1782841251.062012672,1.458582875,1.127683425,3.600294847
1782841251.063230276,1.468903825,1.124695424,3.584464885
1782841251.065087795,1.453756296,1.146656832,3.582006942
1782841251.066665888,1.451091826,1.174288701,3.562600716
1782841251.068305969,1.459137405,1.170636151,3.548374761
1782841251.075196981,1.447660870,1.197646727,3.527607051
1782841251.076759100,1.445806964,1.240329253,3.482227969
1782841251.078207731,1.457896614,1.242553359,3.477209275
1782841251.080441236,1.446727431,1.285854518,3.452913411
1782841251.081762314,1.454392085,1.292361584,3.440851028
1782841251.087887526,1.445381284,1.351288085,3.432405925
1782841251.088772535,1.487463841,1.358995660,3.465052898
1782841251.089875937,1.496314784,1.351742933,3.484412716
1782841251.091654539,1.508876356,1.488184648,3.446612441
1782841251.093370199,1.541787517,1.481896972,3.455030056
1782841251.100346088,1.556745479,1.553543333,3.450692470
1782841251.101662397,1.654134715,1.560129746,3.492073242
1782841251.103319883,1.688139231,1.653069413,3.466939247
1782841251.105427027,1.691412836,1.743273335,3.445437301
1782841251.106749058,1.740259535,1.758255750,3.444502468
1782841251.112822771,1.742414878,1.846300472,3.416962350
1782841251.113688946,1.834391014,1.897758789,3.431266213
1782841251.115036011,1.824588031,1.992730149,3.396248317
1782841251.116612196,1.834468445,2.099047604,3.339987100
1782841251.118392229,1.869139148,2.117463052,3.320378419
1782841251.123673916,1.852859012,2.209011476,3.282740573
1782841251.125347376,1.866283129,2.232956665,3.261190404
1782841251.126678705,1.894711144,2.254357005,3.222740819
1782841251.128343582,1.900635620,2.349246803,3.148158114
1782841251.130414724,1.879053362,2.422176733,3.090267364
1782841251.131740570,1.901334777,2.452405042,3.025156619
1782841251.137899637,1.878847199,2.515469007,2.970497460
1782841251.138849258,1.885418346,2.537917962,2.868578775
1782841251.140000105,1.874654388,2.548545968,2.841027088
1782841251.141631365,1.853073797,2.616834396,2.756203007
1782841251.143357754,1.826170768,2.681889540,2.677800067
1782841251.150336027,1.796983237,2.710569265,2.629374116
1782841251.151731014,1.764269762,2.723731254,2.531429394
1782841251.153315783,1.735441104,2.752261340,2.485120462
1782841251.155393600,1.714569267,2.751594599,2.463786382
1782841251.156741381,1.688615954,2.746621552,2.419135966
1782841251.162913084,1.681701130,2.736244604,2.409843345
1782841251.163796186,1.642739452,2.704418405,2.350835390
1782841251.164898634,1.631959353,2.690272083,2.334947453
1782841251.166679144,1.609842036,2.663369956,2.338860855
1782841251.168484926,1.587223093,2.661913983,2.323323060
1782841251.175355911,1.589338137,2.621219521,2.329277960
1782841251.176705122,1.554813985,2.584474874,2.302013847
1782841251.178285837,1.546229715,2.563789925,2.343455182
1782841251.180405855,1.559020374,2.520623493,2.401206449
1782841251.181725264,1.534079764,2.539646162,2.502285969
1782841251.184488297,1.552784691,2.500853936,2.578964197
1782841251.185274363,1.565846305,2.508334111,2.641153912
1782841251.187873840,1.575418005,2.521019469,2.680829079
1782841251.188735485,1.555766823,2.532966643,2.725135915
1782841251.190090895,1.589508330,2.481180136,2.785161862
1782841251.191667795,1.592547610,2.435668391,2.840230257
1782841251.193340063,1.570259516,2.442418987,2.855663345
1782841251.200305700,1.599637116,2.392963672,2.893164656
1782841251.201640844,1.531953608,2.391613820,2.842811111
1782841251.203224182,1.510262046,2.335460351,2.867702151
1782841251.205374002,1.517818698,2.276257896,2.880760874
1782841251.206703901,1.449132711,2.278238938,2.844989778
1782841251.212685585,1.460418505,2.219483422,2.852855660
1782841251.213546515,1.377594616,2.228314753,2.823898628
1782841251.214875698,1.384204362,2.159750502,2.830281638
1782841251.216584682,1.385377241,2.106130057,2.863562313
1782841251.218396664,1.349609076,2.118538895,2.845600865
1782841251.225340366,1.374897436,2.033079261,2.860260425
1782841251.226679325,1.271496972,2.003894020,2.820102873
1782841251.228228807,1.252512303,1.960713227,2.798713511
1782841251.230376482,1.255956498,1.904122305,2.806841643
1782841251.231712103,1.206299130,1.899621113,2.783282547
1782841251.237794399,1.223016438,1.854346756,2.796323191
1782841251.238673687,1.203070381,1.905301283,2.782730271
1782841251.240028858,1.224264467,1.870668221,2.806730297
1782841251.241581917,1.231738483,1.841066710,2.835728195
1782841251.243325710,1.217032585,1.869766734,2.845818214
1782841251.245791912,1.246708043,1.840727370,2.881294668
1782841251.246636629,1.250048400,1.854395025,2.893997892
1782841251.250415325,1.260216474,1.874035494,2.902020177
1782841251.251677990,1.269331578,1.908193120,2.912648269
1782841251.253298283,1.304729073,1.887862478,2.933132641
1782841251.255425930,1.360507779,1.861697320,2.941767808
1782841251.256756783,1.361766142,1.880136036,2.946767282
1782841251.261516809,1.398166401,1.854430932,2.959695912
1782841251.262325525,1.416963660,1.871108169,2.973150457
1782841251.263364792,1.417338194,1.891610594,2.986551043
1782841251.265060186,1.441989009,1.866230901,3.029755691
1782841251.266637087,1.442336471,1.849040139,3.069536996
1782841251.268321276,1.434195768,1.869408440,3.103120078
1782841251.275236845,1.451621884,1.848766775,3.140665525
1782841251.276564121,1.451855473,1.884979869,3.215614589
1782841251.278389692,1.451034626,1.849653940,3.269692048
1782841251.280429602,1.456360772,1.856569670,3.308621588
1782841251.281764507,1.435262684,1.871886942,3.342207413
1782841251.287891388,1.454307976,1.850123465,3.390086784
1782841251.288774252,1.460225762,1.860351645,3.501947751
1782841251.289882898,1.472182078,1.855115739,3.521486565
1782841251.291675329,1.476299456,1.810016200,3.558343427
1782841251.293375254,1.472939274,1.819195457,3.585592773
1782841251.300367832,1.482362620,1.777239987,3.601747125
1782841251.301699400,1.477578046,1.719622518,3.648234355
1782841251.303277493,1.448467738,1.688821300,3.656417470
1782841251.305398941,1.446677061,1.650308561,3.661976466
1782841251.306739807,1.417546588,1.637434849,3.656690732
1782841251.312844992,1.405729479,1.593368240,3.644570379
1782841251.313706398,1.345332729,1.520729083,3.596531139
1782841251.315036774,1.331990042,1.479364871,3.564908398
1782841251.316598892,1.311834528,1.442664504,3.538044475
1782841251.318385124,1.284779645,1.416523079,3.505562602
1782841251.322939157,1.275209546,1.375835760,3.469584844
1782841251.323776722,1.233006271,1.324777538,3.373544444
1782841251.325350046,1.218436286,1.302934257,3.315353423
1782841251.326716900,1.177411898,1.279636945,3.272963650
1782841251.328310013,1.167458359,1.248894833,3.222150593
1782841251.330424309,1.157982748,1.220948917,3.167449250
1782841251.331767321,1.138241803,1.205341729,3.128553436
1782841251.337864399,1.120403054,1.183316021,3.077965719
1782841251.338754177,1.039339075,1.138982408,2.974264552
1782841251.340100527,1.010249233,1.131053963,2.935449841
1782841251.341675282,1.000059955,1.126641271,2.891772264
1782841251.343353748,0.993767305,1.109678811,2.858035164
1782841251.350192785,0.975749754,1.107673441,2.815461504
1782841251.351766586,0.941987944,1.091367247,2.718999177
1782841251.353473902,0.946918485,1.094121842,2.706108361
1782841251.355402231,0.948403967,1.076169720,2.704102554
1782841251.356604338,0.960365235,1.062752159,2.720794772
1782841251.362894535,0.961986392,1.070272306,2.728530312
1782841251.363774538,1.030430282,1.019683021,2.801321301
1782841251.364878654,1.045826088,1.014695075,2.815044697
1782841251.366691113,1.080871550,1.033733136,2.806670162
1782841251.368369579,1.118122571,1.015240564,2.810949821
1782841251.375344992,1.138195410,1.036354711,2.800135875
1782841251.376687765,1.221577789,1.038872000,2.804342915
1782841251.378246784,1.264648246,1.057969870,2.799977664
1782841251.380367041,1.280912001,1.085192822,2.798443401
1782841251.381711483,1.336122653,1.094006776,2.812347179
1782841251.384375572,1.348435049,1.119204863,2.821422026
1782841251.385131359,1.360079105,1.125755078,2.839212189
1782841251.390154600,1.387463143,1.140200928,2.853843027
1782841251.391608953,1.414801770,1.131673459,2.856531236
1782841251.393374205,1.436073646,1.143896942,2.850586764
1782841251.400315285,1.429219268,1.163721177,2.850558378
1782841251.401695013,1.416427352,1.153249126,2.850887345
1782841251.403307915,1.422852622,1.160270757,2.836279730
1782841251.405415058,1.404027666,1.174676405,2.831422830
1782841251.406764269,1.404572465,1.163694947,2.832606753
1782841251.412873030,1.397215496,1.177606946,2.825642352
1782841251.413752317,1.393716000,1.148719009,2.797403419
1782841251.415093899,1.378280419,1.174501891,2.782827192
1782841251.416657686,1.383034752,1.187520219,2.755189082
1782841251.418372393,1.392186537,1.178865795,2.743239800
1782841251.425296545,1.385546278,1.202201953,2.739876715
1782841251.426620483,1.384816461,1.200835361,2.722791181
1782841251.428409576,1.392887092,1.232858955,2.715973132
1782841251.430422544,1.388636726,1.235968127,2.717949472
1782841251.431749582,1.420843649,1.227575069,2.734600965
1782841251.437864304,1.429157004,1.261840677,2.734150865
1782841251.438723803,1.507279337,1.263053046,2.759249902
1782841251.440062523,1.524651335,1.302164493,2.761863330
1782841251.441622734,1.555183429,1.342101979,2.756631180
1782841251.443380117,1.592215380,1.338291868,2.760766320
1782841251.446721792,1.605581815,1.389796858,2.757094560
1782841251.450314760,1.626042256,1.385657884,2.765033992
1782841251.451695919,1.681400321,1.389376611,2.777774744
1782841251.453283072,1.696354231,1.428089275,2.762250735
1782841251.455431938,1.702671707,1.481260315,2.758491622
1782841251.456544876,1.747034352,1.470561747,2.777342815
1782841251.462514162,1.744820672,1.523366380,2.764346897
1782841251.463399887,1.794018303,1.530341206,2.803406168
1782841251.464895725,1.826066480,1.523649722,2.797213274
1782841251.466711283,1.846457588,1.596873114,2.783547185
1782841251.468342066,1.858558580,1.649863782,2.747839370
1782841251.475333214,1.865076127,1.722272711,2.732355233
1782841251.476666927,1.939929549,1.758006950,2.718785939
1782841251.478366613,1.946465088,1.816905467,2.683554497
1782841251.480400324,1.933377367,1.885829528,2.661504194
1782841251.481732130,1.961344942,1.912257288,2.636530115
1782841251.487824202,1.938850416,1.974972027,2.601745009
1782841251.488690615,1.954079694,2.026884593,2.564321555
1782841251.490012884,1.929445416,2.080784815,2.537622442
1782841251.491697550,1.916008289,2.122803321,2.518659983
1782841251.493298531,1.920578553,2.144838361,2.518819902
1782841251.500306129,1.897922268,2.183045514,2.508582174
1782841251.501638889,1.902395427,2.243974328,2.550076900
1782841251.503251791,1.879806714,2.276368580,2.595387940
1782841251.505442858,1.864748408,2.304682870,2.649718294
1782841251.506540060,1.855667968,2.317205178,2.708086410
1782841251.508836269,1.850653300,2.339101216,2.768172574
1782841251.512914658,1.852926282,2.351443945,2.807798547
1782841251.513806105,1.858897223,2.379951860,2.873096604
1782841251.514921427,1.869147602,2.392750791,2.884965099
1782841251.516704798,1.840557974,2.388157330,2.943467861
1782841251.518362045,1.835929193,2.404880096,2.964728879
1782841251.523833275,1.841896983,2.406184637,2.989968291
1782841251.525392532,1.862660736,2.465153224,3.021533780
1782841251.526731014,1.853468559,2.527450991,3.084969081
1782841251.528316259,1.839280291,2.527253891,3.144564534
1782841251.530413151,1.852654029,2.518897604,3.195577065
1782841251.531738520,1.834998068,2.542744342,3.223201452
1782841251.537843943,1.841312974,2.521744834,3.262050987
1782841251.538737059,1.790257637,2.574710350,3.247327751
1782841251.540099382,1.802282600,2.547502238,3.271198557
1782841251.541689396,1.800395300,2.520483126,3.287444282
1782841251.543365717,1.787533307,2.548401664,3.274250552
1782841251.550280094,1.807758569,2.519083136,3.294903617
1782841251.551619291,1.805599796,2.586286889,3.299133442
1782841251.553427935,1.830910740,2.486133338,3.357114179
1782841251.555426836,1.814724295,2.479955985,3.351184174
1782841251.556550980,1.783401090,2.474031567,3.353451770
1782841251.562859058,1.788026984,2.413849996,3.374028083
1782841251.563720942,1.738825698,2.369053994,3.334346993
1782841251.565074921,1.752307390,2.295779723,3.333116560
1782841251.566627979,1.758269187,2.229521374,3.332045067
1782841251.568366051,1.743492699,2.201570368,3.308710512
1782841251.575387001,1.754494815,2.120874660,3.301322140
1782841251.576565981,1.685519437,2.043044354,3.266167217
1782841251.578372717,1.681079716,1.992291599,3.305357528
1782841251.580345392,1.689471841,1.941429144,3.356184757
1782841251.581682444,1.684461248,1.933412743,3.385180939
1782841251.585347414,1.705840360,1.895031118,3.435755628
1782841251.587848186,1.720582730,1.914347919,3.458135809
1782841251.588710546,1.725587256,1.931098106,3.454726573
1782841251.590051889,1.741985402,1.905780683,3.457907752
1782841251.591609955,1.752893673,1.878751547,3.454552883
1782841251.593376160,1.758361088,1.902151551,3.439393817
1782841251.600310564,1.764308617,1.883040958,3.446465495
1782841251.601662636,1.758853434,1.935840817,3.469881793
1782841251.603217602,1.759689283,1.907623119,3.509686389
1782841251.605420113,1.761915810,1.882352149,3.557978063
1782841251.606628180,1.755123881,1.885133597,3.591686479
1782841251.612854719,1.760140758,1.855726525,3.645873342
1782841251.613743544,1.789163142,1.884749594,3.868529128
1782841251.615070581,1.807220635,1.869291425,3.935557855
1782841251.616617203,1.819482331,1.860124727,3.996015855
1782841251.618359089,1.827661590,1.883761514,4.043728423
1782841251.625221491,1.845002968,1.880748489,4.105674956
1782841251.626771212,1.914561002,1.944628528,4.278732777
1782841251.628234148,1.943023786,1.975141333,4.344574994
1782841251.630398750,1.982154674,1.985644200,4.424141181
1782841251.631743670,2.014112484,2.017137589,4.498514314
1782841251.637883186,2.052867981,2.016859102,4.584413279
1782841251.638747215,2.199151522,2.116018093,4.938985458
1782841251.640064716,2.236506161,2.105446441,5.030160330
1782841251.641629934,2.264697616,2.102405576,5.113991474
1782841251.643372536,2.290656145,2.115654029,5.193433032
1782841251.647282600,2.324092989,2.112104176,5.259463093
1782841251.650302410,2.385045271,2.133227080,5.368051250
1782841251.651629686,2.400350625,2.138718486,5.424883312
1782841251.653204203,2.410415699,2.116188385,5.474529355
1782841251.655380249,2.432473084,2.100565621,5.528366183
1782841251.656698704,2.459218826,2.094812169,5.601250195
1782841251.662919760,2.465084317,2.068322633,5.636978443
1782841251.663774729,2.467584069,2.020206999,5.664812297
1782841251.665098667,2.463182438,1.975064097,5.690744066
1782841251.666711092,2.446677199,1.914184455,5.674725109
1782841251.668367386,2.423027005,1.872308454,5.671541817
1782841251.675284863,2.412796329,1.828628613,5.648167141
1782841251.676600695,2.348326033,1.707502549,5.528962587
1782841251.678396940,2.322576796,1.637228053,5.458321726
1782841251.680396795,2.280299100,1.600982862,5.371898870
1782841251.681751013,2.188557042,1.528550121,5.177436060
1782841251.687876225,2.138992478,1.501204254,5.071697666
1782841251.688762903,1.979991035,1.443027205,4.703336608
1782841251.689876795,1.921548651,1.435325530,4.584239007
1782841251.691664219,1.870360010,1.428405267,4.466903885
1782841251.693365097,1.820798490,1.413166816,4.362171434
1782841251.700336933,1.765872157,1.419826510,4.266740515
1782841251.701672792,1.665172832,1.369046872,4.009216340
1782841251.703263283,1.656195134,1.362028054,3.950839319
1782841251.705387115,1.634506479,1.356180324,3.907591073
1782841251.706692457,1.654340228,1.305832687,3.850563160
1782841251.710524321,1.662510170,1.294899721,3.830305830
1782841251.712718010,1.687180595,1.237193731,3.796742851
1782841251.713581562,1.719751485,1.202496268,3.765701331
1782841251.714914083,1.729743595,1.196509647,3.749474790
1782841251.716574430,1.768345840,1.179719583,3.715701357
1782841251.718394279,1.811797717,1.140276769,3.691846599
1782841251.725338936,1.836965839,1.132060921,3.675075108
1782841251.726691008,1.926841670,1.053823011,3.622578830
1782841251.728255987,1.967208316,1.053522077,3.596963939
1782841251.730416775,1.984641769,1.060135689,3.578342390
1782841251.731755495,2.047352260,1.017600896,3.556041347
1782841251.737984419,2.063787658,1.028546269,3.549403994
1782841251.738855839,2.103970742,0.954701796,3.519035252
1782841251.739957571,2.103280690,0.937914745,3.512589838
1782841251.741726160,2.114947640,0.955498549,3.479573364
1782841251.743312120,2.136437342,0.931358721,3.455019980
1782841251.750339985,2.123903100,0.935330284,3.440696115
1782841251.751685381,2.108878753,0.892877712,3.366989506
1782841251.753259182,2.122974665,0.905501199,3.336657549
1782841251.755407095,2.105754161,0.919856496,3.315258725
1782841251.756578684,2.125993880,0.919444580,3.292931829
1782841251.762845039,2.121323987,0.934617086,3.274429733
1782841251.763731956,2.116622853,0.927253582,3.224026597
1782841251.765069962,2.099953772,0.943285732,3.210375210
1782841251.766630888,2.115246720,0.963039720,3.182145502
1782841251.768363237,2.145352798,0.952154828,3.157619679
1782841251.771984100,2.132357759,0.978717319,3.153314537
1782841251.775388479,2.133429864,0.969797343,3.156866602
1782841251.776609182,2.165099411,0.925359293,3.137849555
1782841251.778248549,2.201540929,0.962152389,3.120058842
1782841251.780439377,2.192385065,1.013877445,3.116217887
1782841251.781593323,2.248944588,1.005829390,3.091216003
1782841251.787504196,2.240400229,1.063554380,3.092583742
1782841251.788418531,2.294500773,1.073683289,3.124242932
1782841251.789967060,2.356978459,1.064081531,3.090435834
1782841251.791651011,2.410289579,1.143854138,3.057933823
1782841251.793437719,2.457107207,1.224522315,3.005670030
1782841251.800416231,2.440197788,1.305529594,2.999237215
1782841251.801604033,2.533459985,1.312028171,2.992250998
1782841251.803433418,2.562648920,1.409371624,2.944722239
1782841251.805471420,2.527387493,1.499455542,2.941330779
1782841251.806611776,2.584883750,1.507931853,2.907923837
1782841251.812954664,2.544057372,1.598463114,2.903098566
1782841251.813836098,2.599705786,1.624720051,2.862206165
1782841251.814955711,2.601349650,1.631517600,2.857393383
1782841251.816758871,2.561512099,1.819350163,2.782688108
1782841251.818340302,2.590625709,1.839675680,2.738874183
1782841251.825208664,2.544508708,1.924261295,2.715248782
1782841251.826550961,2.561693381,1.990141046,2.635895477
1782841251.828329802,2.503632255,2.136892359,2.565747376
1782841251.830387354,2.498508094,2.154499988,2.544500165
1782841251.831709862,2.503917440,2.177450952,2.495832756
1782841251.833841085,2.467767456,2.235115850,2.461590570
1782841251.837756634,2.458169425,2.237799700,2.436176716
1782841251.838649750,2.423694260,2.274437786,2.340524658
1782841251.840001822,2.377440871,2.308008235,2.306922758
1782841251.841565132,2.346416728,2.348125075,2.263429247
1782841251.843403339,2.316256354,2.354549170,2.231757814
1782841251.849951506,2.288123153,2.363437976,2.209623425
1782841251.851717710,2.233957307,2.355985327,2.132109092
1782841251.853325844,2.205561445,2.347095594,2.117459386
1782841251.855408192,2.198949232,2.338960764,2.111510756
1782841251.856733799,2.162525505,2.354515313,2.134022448
1782841251.862790585,2.160285964,2.344592600,2.182357819
1782841251.863654613,2.098316129,2.391262811,2.355287355
1782841251.864998102,2.175178231,2.418226787,2.462341671
1782841251.866597176,2.153994726,2.410703125,2.516455924
1782841251.868219852,2.127582741,2.438142903,2.544297178
1782841251.875348091,2.128277035,2.414949946,2.581027963
1782841251.876698732,2.137991234,2.516044131,2.589330927
1782841251.878283978,2.137199303,2.511128551,2.637388082
1782841251.880438805,2.169522139,2.502871061,2.674407193
1782841251.881547213,2.141133925,2.543378830,2.716229054
1782841251.887888193,2.183570644,2.537854315,2.760874122
1782841251.888753891,2.174815238,2.685732817,2.848259951
1782841251.890084505,2.208423181,2.657766001,2.880869365
1782841251.891653061,2.203176777,2.630470981,2.931768674
1782841251.893395424,2.170058379,2.661633737,2.951119840
1782841251.895951271,2.192911502,2.622398503,2.968953464
1782841251.896742105,2.186996389,2.629048071,2.957629442
1782841251.900352240,2.172428549,2.637252021,2.939084066
1782841251.901722670,2.132261105,2.663127297,2.937303394
1782841251.903286219,2.118518368,2.628647115,2.969312765
1782841251.905392885,2.141749762,2.586429755,2.994682467
1782841251.906715393,2.098754672,2.628293327,3.028674344
1782841251.911941767,2.122958916,2.592585429,3.083086643
1782841251.913440704,2.090811626,2.638902341,3.118830192
1782841251.915011644,2.073104756,2.576825430,3.161953017
1782841251.916613817,2.072676429,2.539666014,3.219259632
1782841251.918387175,2.048104120,2.565133606,3.216800743
1782841251.925398111,2.069741332,2.521892198,3.229255992
1782841251.926766396,1.989497430,2.551101325,3.204492339
1782841251.928368330,1.980106178,2.516393293,3.218095456
1782841251.930403233,1.980879298,2.473052594,3.225493578
1782841251.931735992,1.948780174,2.498054842,3.197830265
1782841251.937872410,1.959181199,2.451750584,3.207741458
1782841251.938738346,1.933361510,2.482368688,3.202824567
1782841251.940102577,1.960737693,2.445469177,3.235404366
1782841251.941659212,1.960872518,2.411809247,3.269518695
1782841251.943440914,1.950577963,2.426526797,3.292163486
1782841251.950305700,1.969149140,2.384802386,3.322678063
1782841251.951641560,1.987915590,2.409958814,3.393283662
1782841251.953321218,2.003870096,2.379986366,3.445084415
1782841251.955427170,2.030916957,2.346369503,3.495587303
1782841251.956748247,2.042980027,2.360275107,3.511648918
1782841251.962887764,2.074717228,2.337649901,3.531927957
1782841251.963753939,2.112683869,2.385384624,3.570448488
1782841251.965095997,2.134639412,2.354105910,3.605902049
1782841251.966656208,2.138973687,2.333151899,3.643330937
1782841251.968398809,2.133115655,2.342596792,3.671748966
1782841251.973473549,2.147172048,2.305903357,3.712760959
1782841251.975360870,2.157654084,2.297018533,3.775817065
1782841251.976764441,2.144390144,2.299424538,3.801941428
1782841251.978363514,2.140337529,2.265573162,3.838043328
1782841251.980439901,2.144931718,2.222443135,3.857107940
1782841251.981771231,2.116431300,2.192420606,3.861945277
1782841251.987801552,2.111342085,2.143540765,3.873871994
1782841251.988669634,2.053946359,2.064107481,3.889760757
1782841251.990027189,2.042191419,2.008382797,3.895661463
1782841251.991688251,2.024821794,1.971015753,3.902525773
1782841251.993384361,2.000433912,1.936526875,3.884444695
1782841252.000289440,1.994666996,1.886610134,3.881833974
1782841252.001611948,1.953732492,1.723543973,3.859487068
1782841252.003431320,1.961281934,1.676911943,3.856618199
1782841252.005436420,1.954690663,1.627262555,3.840691652
1782841252.006654024,1.951379886,1.597103117,3.823718564
1782841252.012876272,1.951474464,1.549925782,3.810381823
1782841252.013783693,1.924501855,1.448078368,3.755367280
1782841252.014905453,1.912230786,1.421217508,3.734226648
1782841252.016717672,1.917504209,1.397888160,3.705351702
1782841252.018390656,1.910625347,1.378083889,3.682775589
1782841252.025341749,1.906337749,1.356662080,3.670025243
1782841252.026694298,1.902225462,1.302992704,3.571565533
1782841252.028250933,1.917569638,1.295078335,3.547332691
1782841252.030418396,1.921544891,1.293371279,3.519467859
1782841252.031740904,1.934199028,1.284582167,3.485852636
1782841252.035399914,1.933232689,1.291739045,3.457437591
1782841252.037855148,1.931099688,1.283814240,3.388465181
1782841252.038752556,1.939449975,1.276998852,3.354029681
1782841252.039894342,1.940478702,1.279251762,3.330636803
1782841252.041718483,1.943851321,1.291963691,3.283603288
1782841252.043396473,1.947759008,1.293976035,3.257224246
1782841252.050377369,1.936353739,1.304288358,3.236327906
1782841252.051739693,1.882818244,1.271642544,3.163466922
1782841252.053289890,1.874437896,1.269989282,3.116730560
1782841252.055438519,1.850370501,1.271517503,3.085061775
1782841252.056756020,1.843647980,1.261705468,3.039049954
1782841252.062906504,1.821188192,1.263778458,3.004453885
1782841252.063763380,1.777631042,1.238217234,2.906051317
1782841252.064885378,1.758168174,1.228501628,2.879671967
1782841252.066660643,1.747148750,1.240229673,2.834014539
1782841252.068461895,1.735586054,1.230675103,2.809010755
1782841252.069918394,1.708502721,1.229084746,2.783225896
1782841252.075119734,1.678055752,1.229242330,2.778142861
1782841252.076679945,1.651917561,1.208320857,2.747410213
1782841252.078378201,1.642561102,1.203879584,2.731167897
1782841252.080430269,1.626968019,1.198139527,2.727853237
1782841252.081762314,1.630258971,1.178344462,2.731494356
1782841252.087829828,1.626039696,1.183459689,2.736151541
1782841252.088724375,1.672887667,1.161242764,2.764196624
1782841252.090061188,1.698633154,1.171024557,2.775051605
1782841252.091624737,1.729298856,1.180790563,2.769961761
1782841252.093431711,1.761200612,1.179907130,2.771045162
1782841252.098283052,1.781281496,1.198450426,2.774149738
1782841252.100357533,1.820248314,1.206868027,2.782151475
1782841252.101705313,1.845928577,1.211030660,2.784839878
1782841252.103282213,1.870256582,1.234964087,2.782769607
1782841252.105422735,1.877483852,1.258418510,2.775974263
1782841252.106755495,1.902366127,1.265092211,2.776383149
1782841252.112742662,1.905603490,1.299016188,2.776086460
1782841252.113639116,1.960045457,1.317434152,2.801735319
1782841252.115037918,1.962216477,1.352573881,2.802574377
1782841252.116600275,1.975624087,1.386303415,2.791123884
1782841252.118407011,1.999019725,1.382670662,2.783116988
1782841252.125295401,1.999608521,1.418413622,2.775624692
1782841252.126640558,2.048924001,1.431496520,2.758920873
1782841252.128417253,2.049877005,1.508417149,2.718205258
1782841252.130452871,2.055988073,1.512800780,2.703535536
1782841252.131571293,2.083091776,1.519251569,2.679774814
1782841252.137794495,2.076376910,1.565983526,2.651600059
1782841252.138671637,2.100565450,1.588732574,2.543638211
1782841252.139998198,2.093094954,1.638452295,2.507158541
1782841252.141687632,2.083779747,1.675086545,2.453903249
1782841252.143399239,2.081953223,1.682696143,2.422813037
1782841252.145514011,2.065095200,1.715909759,2.385367576
1782841252.150398731,2.058631914,1.726847289,2.368065621
1782841252.151761293,2.044920408,1.734997978,2.346415207
1782841252.153372765,2.022640646,1.750075663,2.338287883
1782841252.155447006,2.012101411,1.761094718,2.337474183
1782841252.156565189,1.999603743,1.754274111,2.377495448
1782841252.160490036,1.987797388,1.768547330,2.399852281
1782841252.162813187,1.983167247,1.786343036,2.452472116
1782841252.163729906,1.980056030,1.795829860,2.472512905
1782841252.165109634,1.975215627,1.806521467,2.489634519
1782841252.166671991,1.963320580,1.822144077,2.513488711
1782841252.168399096,1.962390124,1.840722844,2.526041805
1782841252.175338745,1.959468313,1.841582009,2.537588203
1782841252.176705599,1.945512868,1.900800408,2.553825283
1782841252.178257942,1.927919147,1.899411608,2.571133074
1782841252.180347204,1.921256091,1.907698793,2.586952634
1782841252.181663275,1.896863717,1.948758663,2.611116816
1782841252.187744617,1.886597125,1.951174233,2.628741420
1782841252.188603640,1.820751742,2.008328948,2.647379126
1782841252.189939499,1.809408744,1.998605226,2.663389901
1782841252.191599369,1.791266499,1.994595152,2.689925586
1782841252.193426609,1.758808630,2.008390680,2.692194111
1782841252.200312853,1.745568055,1.989026114,2.701715547
1782841252.201673031,1.711292700,2.065268538,2.760431779
1782841252.203227043,1.708787138,2.075229873,2.838724150
1782841252.205357790,1.721709458,2.075434894,2.897759167
1782841252.206681013,1.714510307,2.154162792,2.962525794
1782841252.212773085,1.727494743,2.139215618,2.986900827
1782841252.213655710,1.697023682,2.222145475,2.924143384
1782841252.215008497,1.708455062,2.199795696,2.913527001
1782841252.216579199,1.703192145,2.177495632,2.903534404
1782841252.218415022,1.692092364,2.200362576,2.874345460
1782841252.223371267,1.762683646,2.164396080,2.862588825
1782841252.225342274,1.700107905,2.168948046,2.868792992
1782841252.226550102,1.697384942,2.172293039,2.882899785
1782841252.228387117,1.718658629,2.130165725,2.934425934
1782841252.230473042,1.732871439,2.094482681,2.984221559
1782841252.231622696,1.728287846,2.102708075,3.062884535
1782841252.237901211,1.753655941,2.069971649,3.117613736
1782841252.238770485,1.771577682,2.093460080,3.274363951
1782841252.239889383,1.778002689,2.096964499,3.311437672
1782841252.241668701,1.802967625,2.039369619,3.369522369
1782841252.243379116,1.797963183,2.055910002,3.390280552
1782841252.250343800,1.825652967,2.030860580,3.419683414
1782841252.251664639,1.921334978,2.095779597,3.481722936
1782841252.253357887,1.935304521,2.088277538,3.538443043
1782841252.255413771,1.970947911,2.073271087,3.605556333
1782841252.256541014,1.973142735,2.100408759,3.658932663
1782841252.262779951,2.000139681,2.081542119,3.713649260
1782841252.263657331,2.036640955,2.106845177,3.817891852
1782841252.264989376,2.056635064,2.077799937,3.861921681
1782841252.266685486,2.069679409,2.075727605,3.912435082
1782841252.268382549,2.074234005,2.090029019,3.956077912
1782841252.270218611,2.096541721,2.064401779,4.023546432
1782841252.275334835,2.118442978,2.058290339,4.091127284
1782841252.276662588,2.162601810,2.027960406,4.332946370
1782841252.278318405,2.184584038,2.008368040,4.409862036
1782841252.280431271,2.221306170,1.963362562,4.488440355
1782841252.281756401,2.234691191,1.956539704,4.540705288
1782841252.285570621,2.276462102,1.918575494,4.611723230
1782841252.287809610,2.298605879,1.893223578,4.666546547
1782841252.288690329,2.345832895,1.868337906,4.747906431
1782841252.290044069,2.379343983,1.827420550,4.786691116
1782841252.291711092,2.406896734,1.794670883,4.793576813
1782841252.293347836,2.442623129,1.785043310,4.795938167
1782841252.300438166,2.470288644,1.740706263,4.803279474
1782841252.301758766,2.549794463,1.635073838,4.771950785
1782841252.303447247,2.583112441,1.597294974,4.758273532
1782841252.305452585,2.588245744,1.544809798,4.738035613
1782841252.306567907,2.605253669,1.522790305,4.701076373
1782841252.312840223,2.599128978,1.474717800,4.671609716
1782841252.313716173,2.569352014,1.383339386,4.525475625
1782841252.315043688,2.545895493,1.354718648,4.478369211
1782841252.316635370,2.539619693,1.335738152,4.406639702
1782841252.318410635,2.522617377,1.317838923,4.345647586
1782841252.325319290,2.493076873,1.310955491,4.290800634
1782841252.326650620,2.413558543,1.259854104,4.100504035
1782841252.328214169,2.402431141,1.256236838,4.034241541
1782841252.330404282,2.363942006,1.250392547,3.968283529
1782841252.331771374,2.342879604,1.234741170,3.903169897
1782841252.337943316,2.298658642,1.229597691,3.838143262
1782841252.338807821,2.138573523,1.177075612,3.596926567
1782841252.339917660,2.097561050,1.165238107,3.540630829
1782841252.341729403,2.074730189,1.177895504,3.471753063
1782841252.343344450,2.054874903,1.164131276,3.419199465
1782841252.346687078,2.019697502,1.166753573,3.381314202
1782841252.350332737,1.995580290,1.155986625,3.343518906
1782841252.351609945,1.976698100,1.116082585,3.293740219
1782841252.353246927,1.982691957,1.104151384,3.268879459
1782841252.355400085,1.973226072,1.104933668,3.258769505
1782841252.356734753,1.985061231,1.066521494,3.255010890
1782841252.362273932,1.975358144,1.066283495,3.247082673
1782841252.363333464,1.984801439,1.003055166,3.206966623
1782841252.364921331,2.010888877,0.980770711,3.183782674
1782841252.366761446,2.036277597,0.984279912,3.161252734
1782841252.368347645,2.059049298,0.986740137,3.135879754
1782841252.375370502,2.080559038,1.001401567,3.127340804
1782841252.376722336,2.139141762,0.982099445,3.107574904
1782841252.378316164,2.173595306,0.989865383,3.098281603
1782841252.380445480,2.188019962,0.995996111,3.093522027
1782841252.381559134,2.227118320,0.992854359,3.087121039
1782841252.387768507,2.231997779,1.011781719,3.091202735
1782841252.388642788,2.264272636,1.016422277,3.092164066
1782841252.390004635,2.264323740,1.043596515,3.103529915
1782841252.391705513,2.282466093,1.060728835,3.093986916
1782841252.393413067,2.296443820,1.054595749,3.095661495
1782841252.400379181,2.301807109,1.074649945,3.107832301
1782841252.401775360,2.344378131,1.095038648,3.158416699
1782841252.403365850,2.372460701,1.114247319,3.171014915
1782841252.405400276,2.395592477,1.139468405,3.199412071
1782841252.406729698,2.446914503,1.143174983,3.245108455
1782841252.408385277,2.464391494,1.168558127,3.275373044
1782841252.412806749,2.487841401,1.181827533,3.303412502
1782841252.413662195,2.535568308,1.200253149,3.350770385
1782841252.415016174,2.559188060,1.220011901,3.356462219
1782841252.416564703,2.587141288,1.250277055,3.375801367
1782841252.418365240,2.617592512,1.258627587,3.378002535
1782841252.423620939,2.639336436,1.294289206,3.383373484
1782841252.425370216,2.678728850,1.315089245,3.399313659
1782841252.426719189,2.706859523,1.334780215,3.410749757
1782841252.428286791,2.724466044,1.377624818,3.407753403
1782841252.430449963,2.730850535,1.410176683,3.403179582
1782841252.431666851,2.758969417,1.461292547,3.415288495
1782841252.437892914,2.761683884,1.505825280,3.423805587
1782841252.438800573,2.798966974,1.576080958,3.504629667
1782841252.439946890,2.803888884,1.597898060,3.539684015
1782841252.441736221,2.807540997,1.662403705,3.553375043
1782841252.443391085,2.821663195,1.687759247,3.580752916
1782841252.450382233,2.832170091,1.733976695,3.606659743
1782841252.451722622,2.885689217,1.819569420,3.767296136
1782841252.453296423,2.904285480,1.868806234,3.820968499
1782841252.455421925,2.924104617,1.913799557,3.879733371
1782841252.456762791,2.972158522,1.978578063,3.989241772
1782841252.462818623,2.999246943,2.028258874,4.029592492
1782841252.463671923,3.056627056,2.140427272,4.109051214
1782841252.464993000,3.066978518,2.182909697,4.125051092
1782841252.466567039,3.078276839,2.223913165,4.141391684
1782841252.468416691,3.086234990,2.270989945,4.155779496
1782841252.475334406,3.097177368,2.302944658,4.168220934
1782841252.476663828,3.094205529,2.429901307,4.171099464
1782841252.478205204,3.083197517,2.454634518,4.165520527
1782841252.480422020,3.064045258,2.461079691,4.154078464
1782841252.481737614,3.038663001,2.484547120,4.137959057
1782841252.485572338,3.015715569,2.484086330,4.122692102
1782841252.487801313,2.952933536,2.500447176,4.057773974
1782841252.488664865,2.914821229,2.515797583,4.019211960
1782841252.489988327,2.889023999,2.504948488,3.982001926
1782841252.491652489,2.856354196,2.505336061,3.936984530
1782841252.493393660,2.811446798,2.511964262,3.884575647
1782841252.500353575,2.774720302,2.495860391,3.838203181
1782841252.501660347,2.601860669,2.487156875,3.587845292
1782841252.503370762,2.564630724,2.465906514,3.519547046
1782841252.505422831,2.530206996,2.431495018,3.460829994
1782841252.506743193,2.490888939,2.423015206,3.389937394
1782841252.512823105,2.462997940,2.388018031,3.344264940
1782841252.513718367,2.348610324,2.336610260,3.224701582
1782841252.515031576,2.313615377,2.290085973,3.190004241
1782841252.516698599,2.291611962,2.269992556,3.176019736
1782841252.518381596,2.255392400,2.259311918,3.133613490
1782841252.525370836,2.235369837,2.221169503,3.111095535
1782841252.526685238,2.127643335,2.162059667,2.967344292
1782841252.528282166,2.116052189,2.142062062,2.946285443
1782841252.530427217,2.110162170,2.113655092,2.933005102
1782841252.531746387,2.091356001,2.116113536,2.902130343
1782841252.537791491,2.094577512,2.087994183,2.889481140
1782841252.538652658,2.066667978,2.090188279,2.831245661
1782841252.539982796,2.064991197,2.074909670,2.822152071
1782841252.541677475,2.057388110,2.068443971,2.803907180
1782841252.543425083,2.049300951,2.077311209,2.779464668
1782841252.548543692,2.040831709,2.055145635,2.762619403
1782841252.550334454,2.019344026,2.034762524,2.715005409
1782841252.551737309,2.009914067,2.040493028,2.692543853
1782841252.553306341,2.005020225,2.034709209,2.672955226
1782841252.555478573,1.998143147,2.010800303,2.665727373
1782841252.556568384,1.986397947,2.018377581,2.648475092
1782841252.562862396,1.983993255,1.995426021,2.642978243
1782841252.563750744,1.958332893,1.981508123,2.615783274
1782841252.565088749,1.955603607,1.963478452,2.624382628
1782841252.566643000,1.955232101,1.956487288,2.617962762
1782841252.568408728,1.946087401,1.974652730,2.610585501
1782841252.575409174,1.948175209,1.951891849,2.621710653
1782841252.576730728,1.934664169,1.972239125,2.613619933
1782841252.578281403,1.941902729,1.981854984,2.620053910
1782841252.580425739,1.940966749,1.959914742,2.630203647
1782841252.581540585,1.943469542,1.990028774,2.622803351
1782841252.587817907,1.950326141,1.968924632,2.646490711
1782841252.588720083,1.956636027,1.998646232,2.682923914
1782841252.590050936,1.966233257,1.970261972,2.722164958
1782841252.591598511,1.980153280,1.962004631,2.746769317
1782841252.593398094,1.990392273,1.979403177,2.753038893
1782841252.595462084,2.001378542,1.940321555,2.797506814
1782841252.600395679,2.011806517,1.938127909,2.832878045
1782841252.601719856,2.032444738,1.948203489,2.873141865
1782841252.603285074,2.052605128,1.948094727,2.905271546
1782841252.605478287,2.060835961,1.915508677,2.951151662
1782841252.606565237,2.078163528,1.943537940,2.955687456
1782841252.610546827,2.089389047,1.914534038,2.998379045
1782841252.612790346,2.120507374,1.916338152,3.024894462
1782841252.613673449,2.139591628,1.937571275,3.008485283
1782841252.615000486,2.156861419,1.913076711,3.031543427
1782841252.616670132,2.176874433,1.906318383,3.032673522
1782841252.618411779,2.204903175,1.924626617,3.019972493
1782841252.625363111,2.220329334,1.903747045,3.050753790
1782841252.626702070,2.281100126,1.928455193,3.121150927
1782841252.628353119,2.311437886,1.920369276,3.147423959
1782841252.630480528,2.329435946,1.896694774,3.177556288
1782841252.631592989,2.379840821,1.907430878,3.170714738
1782841252.637804031,2.403828079,1.875734124,3.189343380
1782841252.638674974,2.446101573,1.866934875,3.156266073
1782841252.639998913,2.447770633,1.830555696,3.158596457
1782841252.641581297,2.463046681,1.814711100,3.144371535
1782841252.643417358,2.476311853,1.807205775,3.117068584
1782841252.650385380,2.460751789,1.769209148,3.107933744
1782841252.651693344,2.424085554,1.697500074,2.999238094
1782841252.653234720,2.410632133,1.673039435,2.943797394
1782841252.655469418,2.387080546,1.647270643,2.913393402
1782841252.656558514,2.338719655,1.595463416,2.822224963
1782841252.662916183,2.302062970,1.568118281,2.790674839
1782841252.663823843,2.226680806,1.487216174,2.682538723
1782841252.664990425,2.215627006,1.442673323,2.650577660
1782841252.666584015,2.199575781,1.421407927,2.619821010
1782841252.668370962,2.193047365,1.409737437,2.581061215
1782841252.672694683,2.178235631,1.395754677,2.570038959
1782841252.673470020,2.151274735,1.335301732,2.572017560
1782841252.675352812,2.153193155,1.313011670,2.585302645
1782841252.676688910,2.169091384,1.283734251,2.572429556
1782841252.678309202,2.187614749,1.279994747,2.559588635
1782841252.680449486,2.185673197,1.281988148,2.562922969
1782841252.681542397,2.201781155,1.261557200,2.546345344
1782841252.687908888,2.189179767,1.272252662,2.530808164
1782841252.688766241,2.183099534,1.245586008,2.468742039
1782841252.689891338,2.176598470,1.243895983,2.450199086
1782841252.691666126,2.181032966,1.287367965,2.398429218
1782841252.693390608,2.201675808,1.292139739,2.376823029
1782841252.700364113,2.188991705,1.320241486,2.350185425
1782841252.701691389,2.198585447,1.306757574,2.320727043
1782841252.703376532,2.202016893,1.325379440,2.299955878
1782841252.705459118,2.188859013,1.348114936,2.281687459
1782841252.706558228,2.187078362,1.337946373,2.259376774
1782841252.712875366,2.170453877,1.349021032,2.235024919
1782841252.713761568,2.142231383,1.329200503,2.173105555
1782841252.715091944,2.126031301,1.342719462,2.148490762
1782841252.716644049,2.116927298,1.353140961,2.115755243
1782841252.718397856,2.115185596,1.333855171,2.095790137
1782841252.725359201,2.099948033,1.352451741,2.081893685
1782841252.726765156,2.059138933,1.309772517,2.032715484
1782841252.728318691,2.048559410,1.317673394,2.001187609
1782841252.730476618,2.026816109,1.322704295,1.985004469
1782841252.731554270,2.008412902,1.296809386,1.972115148
1782841252.735481501,1.994233767,1.306902542,1.973598642
1782841252.737856388,1.984427022,1.288945679,1.979556167
1782841252.738776922,1.976838283,1.253237459,1.988015213
1782841252.739886761,1.977023852,1.239475138,1.997847242
1782841252.741687775,1.976815063,1.256462649,1.982431003
1782841252.743364096,1.982682423,1.237781397,1.974036706
1782841252.750333548,1.989031333,1.241862805,1.973407182
1782841252.751658201,2.040421332,1.212076394,1.999597347
1782841252.753252029,2.058466379,1.218041651,2.005494077
1782841252.755360603,2.062939088,1.218800064,2.013060954
1782841252.756712198,2.082380106,1.217331044,2.019401225
1782841252.762886286,2.100162720,1.235561249,2.028555505
1782841252.763747215,2.142938766,1.232414452,2.034668335
1782841252.765080214,2.153835760,1.248973130,2.037187715
1782841252.766767740,2.173582457,1.262793955,2.027305796
1782841252.768447161,2.193844793,1.264335815,2.028254478
1782841252.775386810,2.205862900,1.286865573,2.028948188
1782841252.776708364,2.272562687,1.328061516,2.068728477
1782841252.778283596,2.284356338,1.344452225,2.064988399
1782841252.780442476,2.294181270,1.371228471,2.070714109
1782841252.781547308,2.312322332,1.382081376,2.071717435
1782841252.787820101,2.317011770,1.406436606,2.070339761
1782841252.788701057,2.351239012,1.451391031,2.065486796
1782841252.790048122,2.360397773,1.481258882,2.064599638
1782841252.791604757,2.372781856,1.500768217,2.064379452
1782841252.793210506,2.383676991,1.514488796,2.062189303
1782841252.795821667,2.385535034,1.532303625,2.061106490
1782841252.796630144,2.390488285,1.544144606,2.064468989
1782841252.800387859,2.386784499,1.558697712,2.070410187
1782841252.801630020,2.394042076,1.574166632,2.058765992
1782841252.803234816,2.386216091,1.592171625,2.041561251
1782841252.805440187,2.374113603,1.612717155,2.021398682
1782841252.806559086,2.371067491,1.626440382,2.000634097
1782841252.811409712,2.355734971,1.653022943,1.971044284
1782841252.812151432,2.344801192,1.683011384,1.937337788
1782841252.813440561,2.345144600,1.692994375,1.918804986
1782841252.815072298,2.339580959,1.724741166,1.909095129
1782841252.816655397,2.338221748,1.751272896,1.907329431
1782841252.818420649,2.338399736,1.764409913,1.912638486
1782841252.825304270,2.342249222,1.796028665,1.921064868
1782841252.826649904,2.386590722,1.844320801,1.973562363
1782841252.828245878,2.386865558,1.864343668,1.981581285
1782841252.830420017,2.401035811,1.893565546,1.996484845
1782841252.831547022,2.409862546,1.909982929,2.014581266
1782841252.837867975,2.423274338,1.939729662,2.026048600
1782841252.838722944,2.457521550,2.012342449,2.064311832
1782841252.840074778,2.474790842,2.035963197,2.065359828
1782841252.841660738,2.468472842,2.060214036,2.063055452
1782841252.843421459,2.473076434,2.082536937,2.061961341
1782841252.850375414,2.491046383,2.106740524,2.066199281
1782841252.851696014,2.543605667,2.157659298,2.132235165
1782841252.853353977,2.562618303,2.177053637,2.175847249
1782841252.855477810,2.582747326,2.188304980,2.220921635
1782841252.856571198,2.599866579,2.205718402,2.256318691
1782841252.862878799,2.619631765,2.217175529,2.287001873
1782841252.863764524,2.648079905,2.285841519,2.323887852
1782841252.864891291,2.651568428,2.307277671,2.320931828
1782841252.866672039,2.654084819,2.307572982,2.337100992
1782841252.868375063,2.642795704,2.328241413,2.336741482
1782841252.873806715,2.648443392,2.330877283,2.336833744
1782841252.875369549,2.645639907,2.364535366,2.328136165
1782841252.876735210,2.635775111,2.384869008,2.337775087
1782841252.878305674,2.629588755,2.385226896,2.341284600
1782841252.880435467,2.625513782,2.393441831,2.340882302
1782841252.881760359,2.605142261,2.402862639,2.337076261
1782841252.887853146,2.601464192,2.402309253,2.331185102
1782841252.888738394,2.557282251,2.441631056,2.292899680
1782841252.890067816,2.560816977,2.441031897,2.282741236
1782841252.891647339,2.551969156,2.448663049,2.278358470
1782841252.893420458,2.542290902,2.468913707,2.266160222
1782841252.900329351,2.537485702,2.474260301,2.255946543
1782841252.901698589,2.515018108,2.538098577,2.195968833
1782841252.903403759,2.511127052,2.541748737,2.185172989
1782841252.905493021,2.508084220,2.539882646,2.169947164
1782841252.906743526,2.474331290,2.559626346,2.124340581
1782841252.912962437,2.470242485,2.552353205,2.115754442
1782841252.913858891,2.403323652,2.552728014,2.061498483
1782841252.914979458,2.386302962,2.545515928,2.044972675
1782841252.916554689,2.362614135,2.528460085,2.039054618
1782841252.918415546,2.334565571,2.508136356,2.031585338
1782841252.920912027,2.316611286,2.484337523,2.017711083
1782841252.921821833,2.289355129,2.468510420,1.991238605
1782841252.925332308,2.257831043,2.457847801,1.959909653
1782841252.926584482,2.215838105,2.440225384,1.936656952
1782841252.928216219,2.182494143,2.412530223,1.923251476
1782841252.930491447,2.162722346,2.386799220,1.908458327
1782841252.931588411,2.148945543,2.377805359,1.959550042
1782841252.936581135,2.169560685,2.381649946,2.033330852
1782841252.938222647,2.201353936,2.421155411,2.212692805
1782841252.940127373,2.223677316,2.413808447,2.299343775
1782841252.941704988,2.220654266,2.419973275,2.374642984
1782841252.943335533,2.200118061,2.430001260,2.416894279
1782841252.950337887,2.203160209,2.419480844,2.422008867
1782841252.951653242,2.201362572,2.458991597,2.307824322
1782841252.953236818,2.190171941,2.457939373,2.295283448
1782841252.955469608,2.199387323,2.453080430,2.279652810
1782841252.956584692,2.201256103,2.480252295,2.276652319
1782841252.962890863,2.218434678,2.464217665,2.296855110
1782841252.963793039,2.221115383,2.487665587,2.375714121
1782841252.964893579,2.220458224,2.490192053,2.398180144
1782841252.966693878,2.217555591,2.449469137,2.471337573
1782841252.968434811,2.193059930,2.455179536,2.506198461
1782841252.975462675,2.203852726,2.427012106,2.559322214
1782841252.976627111,2.154565620,2.427744377,2.590149004
1782841252.978465319,2.138914407,2.405665409,2.620509795
1782841252.980461836,2.140291460,2.362622516,2.640520960
1782841252.981576443,2.093248571,2.378619093,2.614508472
1782841252.984579802,2.099382820,2.323211551,2.637543388
1782841252.985435486,2.089862682,2.324387438,2.621899285
1782841252.987910986,2.081203776,2.323966699,2.616201048
1782841252.988849401,2.062618566,2.334728660,2.620883891
1782841252.990024328,2.053349577,2.326325161,2.611185788
1782841252.991608858,2.033642782,2.284961117,2.652747586
1782841252.993450880,2.021197987,2.236091384,2.689744540
1782841252.999577284,2.021883842,2.168577170,2.719845241
1782841253.000371218,1.996040198,2.155946221,2.691015646
1782841253.001543045,1.977077745,2.163282588,2.683570426
1782841253.003346920,1.965478628,2.114788797,2.725354989
1782841253.005518436,1.965794437,2.059409586,2.760204481
1782841253.006646156,1.955665814,2.068626010,2.757630581
1782841253.012969732,1.952673522,2.009399386,2.803598342
1782841253.013842344,1.940161068,2.003014924,2.848697649
1782841253.014954329,1.940032612,1.990617580,2.866694348
1782841253.016549587,1.940264914,1.937163781,2.921904365
1782841253.018396616,1.939157351,1.881441324,2.976912275
1782841253.025372505,1.943638187,1.823931481,3.033605973
1782841253.026714802,1.959756361,1.802864800,3.107355389
1782841253.028270721,1.956620631,1.760175596,3.143557948
1782841253.030417919,1.961885797,1.717500080,3.175925671
1782841253.031748772,1.964745969,1.720038032,3.186005297
1782841253.037922382,1.970774289,1.681569911,3.216741237
1782841253.038811684,2.003978352,1.680306889,3.235545290
1782841253.039915085,2.016583831,1.680425023,3.256253218
1782841253.041716814,2.032643546,1.613277990,3.311817862
1782841253.043411255,2.051141676,1.615726744,3.325488184
1782841253.045969009,2.065144845,1.582312420,3.356373211
1782841253.046738148,2.080103241,1.583586732,3.370418443
1782841253.050338507,2.091948112,1.578482651,3.375098232
1782841253.051739931,2.105863588,1.581901112,3.384505975
1782841253.053350210,2.125630280,1.551909494,3.401456213
1782841253.055486441,2.138236493,1.524275562,3.423198839
1782841253.056578398,2.159024842,1.524129360,3.431792269
1782841253.061881542,2.170507106,1.500280062,3.453172356
1782841253.063354492,2.211228474,1.484996140,3.464857551
1782841253.065068007,2.222059305,1.466258913,3.468365712
1782841253.066665649,2.239204796,1.442291039,3.460756971
1782841253.068419695,2.251914030,1.427936553,3.443642236
1782841253.075342417,2.257202756,1.413778491,3.440158241
1782841253.076680422,2.255041773,1.370243303,3.416734089
1782841253.078269005,2.264033720,1.353085729,3.413142610
1782841253.080456734,2.266061574,1.345064074,3.419992210
1782841253.081552982,2.271011193,1.322800332,3.428122847
1782841253.087907553,2.264331640,1.325578986,3.427554234
1782841253.088777542,2.244823797,1.267880991,3.414930900
1782841253.089881182,2.237357979,1.255258232,3.410517833
1782841253.091666698,2.238000878,1.277004764,3.375352549
1782841253.093452454,2.238250322,1.248287311,3.363034734
1782841253.100340128,2.223456087,1.259691255,3.347844820
1782841253.101689577,2.213571237,1.165995701,3.370948279
1782841253.103248835,2.224374715,1.159766240,3.381460587
1782841253.105425596,2.225938653,1.177070058,3.417280423
1782841253.106750965,2.245056541,1.138118463,3.463028559
1782841253.108407736,2.244621912,1.160579234,3.496939636
1782841253.112908125,2.250109105,1.146366255,3.543907139
1782841253.113782406,2.297639289,1.096639070,3.575762026
1782841253.114883184,2.310198232,1.095021222,3.563781246
1782841253.116686344,2.332444250,1.163105489,3.510439406
1782841253.118408918,2.361810569,1.145333317,3.480528958
1782841253.123760223,2.362606063,1.174267499,3.441911415
1782841253.125336647,2.375912288,1.159196928,3.410034159
1782841253.126672268,2.394816706,1.135449193,3.393949163
1782841253.128269196,2.418697518,1.154034118,3.370114072
1782841253.130450964,2.415639341,1.184308352,3.358899223
1782841253.131545305,2.437716744,1.142231120,3.376324079
1782841253.137882471,2.429934411,1.172859232,3.381482468
1782841253.138752699,2.425786715,1.129245105,3.404670035
1782841253.140088797,2.403161620,1.161244701,3.384381671
1782841253.141661406,2.403126695,1.181485150,3.343479497
1782841253.143396378,2.401623547,1.162668877,3.308778427
1782841253.150383949,2.373953069,1.203966517,3.259777869
1782841253.151734829,2.313741655,1.164011865,3.147639461
1782841253.153289557,2.302346707,1.177776341,3.095292591
1782841253.155527115,2.278324212,1.206235875,3.060790270
1782841253.156657934,2.249967842,1.171739303,3.024993075
1782841253.162899971,2.232595852,1.203157447,3.013092783
1782841253.163867235,2.212196065,1.159471379,3.018150178
1782841253.165021181,2.215315568,1.156781960,3.022409988
1782841253.166594982,2.221905875,1.178309696,3.003655350
1782841253.168411016,2.236075302,1.201852085,2.978563815
1782841253.171026468,2.222447159,1.238052837,2.960089884
1782841253.171787739,2.218412201,1.225787832,2.957624480
1782841253.175365448,2.215633171,1.225971826,2.959199320
1782841253.176718950,2.226283343,1.199884221,2.945068439
1782841253.178281546,2.236175059,1.220612594,2.923844206
1782841253.180477381,2.228309525,1.256009317,2.912995017
1782841253.181581974,2.245924687,1.236052991,2.902426296
1782841253.186807394,2.249929322,1.264814134,2.893845020
1782841253.188368797,2.280133807,1.252820719,2.891970357
1782841253.190135717,2.293606965,1.277238313,2.885795702
1782841253.191721916,2.313576430,1.295893908,2.867315796
1782841253.193220854,2.340164161,1.283067807,2.865610454
1782841253.200367689,2.347704998,1.305010878,2.859939264
1782841253.201687813,2.366731550,1.282434895,2.843107992
1782841253.203376770,2.373012479,1.299554373,2.828006239
1782841253.205393553,2.361657258,1.317058465,2.818604354
1782841253.206725597,2.371841630,1.314515641,2.806964968
1782841253.212747097,2.365644522,1.334404622,2.795313756
1782841253.213606119,2.350597303,1.325185308,2.741698839
1782841253.214939117,2.347785645,1.351332321,2.725009641
1782841253.216619968,2.348007354,1.359913841,2.697271249
1782841253.218456030,2.355984353,1.362484144,2.688709019
1782841253.225364208,2.343573668,1.375641035,2.667262234
1782841253.226726770,2.324069131,1.377983728,2.652970483
1782841253.228300095,2.319400908,1.379890668,2.638262009
1782841253.230460882,2.312200461,1.398618492,2.629289807
1782841253.231594086,2.299628222,1.387152647,2.612659969
1782841253.233608484,2.287729593,1.396137462,2.602352520
1782841253.237902641,2.281770558,1.399264747,2.601153778
1782841253.238802671,2.284977712,1.389249777,2.586675760
1782841253.240062475,2.285674773,1.396477411,2.593305825
1782841253.241646051,2.298811948,1.402381768,2.577540890
1782841253.243358135,2.306420374,1.409702041,2.565849971
1782841253.248297215,2.299029464,1.437076520,2.566251717
1782841253.250399590,2.299901407,1.449198880,2.579722488
1782841253.251735449,2.307120743,1.450141052,2.587255231
1782841253.253292084,2.312132451,1.464824626,2.574236284
1782841253.255430937,2.300651386,1.482650274,2.572349925
1782841253.256768227,2.310807262,1.485692625,2.568608501
1782841253.262849808,2.305836261,1.506728772,2.567774521
1782841253.263724804,2.318396556,1.521021307,2.585870564
1782841253.265054941,2.324967423,1.551268378,2.596419436
1782841253.266710281,2.340211225,1.570203080,2.581553147
1782841253.268370628,2.359790661,1.583690390,2.576848132
1782841253.275354624,2.362538382,1.605044330,2.571643344
1782841253.276690483,2.380469968,1.660206936,2.547498283
1782841253.278351545,2.394671037,1.690203399,2.524787545
1782841253.279910088,2.396740838,1.717705770,2.511125019
1782841253.281580448,2.403318829,1.746102965,2.484661567
1782841253.287933111,2.408478347,1.761397526,2.485843127
1782841253.288788319,2.419623812,1.810140584,2.456163343
1782841253.289887905,2.415085315,1.818377703,2.446055632
1782841253.291665554,2.409896804,1.860122759,2.414308793
1782841253.293415308,2.411364274,1.877925814,2.395081020
1782841253.300383329,2.401250599,1.897055133,2.372069262
1782841253.301727057,2.378862718,1.919149481,2.320644199
1782841253.303280354,2.367844883,1.931744097,2.292156482
1782841253.305488110,2.360337351,1.939117421,2.275034344
1782841253.306580544,2.352341346,1.954785220,2.252480246
1782841253.310885191,2.344869241,1.962000210,2.233644837
1782841253.311707258,2.305155202,1.953067397,2.183174539
1782841253.313380003,2.286060748,1.955393551,2.155152807
1782841253.315130711,2.273017389,1.951788224,2.130491301
1782841253.316684484,2.251980199,1.954407212,2.100582825
1782841253.318381548,2.231416125,1.955647467,2.082639549
1782841253.325375319,2.217074868,1.944985840,2.062290252
1782841253.326700211,2.194160075,1.936297104,2.065136716
1782841253.328266859,2.189811089,1.945382279,2.071519513
1782841253.330496311,2.195405930,1.943989053,2.073712132
1782841253.331588984,2.185812801,1.943035173,2.072577680
1782841253.337852240,2.193348501,1.942713176,2.060907210
1782841253.338742495,2.182063947,1.940248516,2.000706750
1782841253.340064287,2.184161010,1.933529941,1.983340782
1782841253.341614723,2.179299888,1.932540200,1.969592059
1782841253.343208075,2.161527596,1.931122128,1.962913212
1782841253.350356817,2.162422925,1.921203367,1.950376630
1782841253.351676941,2.131566020,1.904349886,1.916635057
1782841253.353244305,2.119835833,1.896628850,1.909169652
1782841253.355455637,2.118328358,1.883135564,1.899121300
1782841253.356558323,2.099984400,1.884696294,1.891391240
1782841253.362906933,2.092986642,1.868504287,1.882859664
1782841253.363782406,2.031863744,1.841360384,1.852031014
1782841253.364877224,2.019537598,1.835295867,1.838877983
1782841253.366675615,2.016369037,1.822811949,1.828679607
1782841253.368398190,1.994411076,1.812243875,1.808584389
1782841253.372958899,1.989639001,1.805072820,1.797511915
1782841253.373769522,1.963103786,1.792695892,1.770990673
1782841253.375367880,1.950445753,1.784732764,1.756496169
1782841253.376722097,1.929673322,1.785020966,1.742261483
1782841253.378294230,1.920938687,1.779239652,1.728552758
1782841253.380465984,1.908614021,1.765630495,1.717643641
1782841253.381575346,1.890652997,1.760707717,1.702531550
1782841253.387775898,1.878677999,1.749841218,1.689126763
1782841253.388672352,1.836295096,1.736006420,1.649592075
1782841253.390019894,1.824330380,1.727267325,1.632005715
1782841253.391690016,1.811124459,1.718389569,1.618908526
1782841253.393388510,1.795925457,1.714623413,1.607182597
1782841253.400404692,1.789723420,1.703384555,1.590439364
1782841253.401539564,1.760945948,1.688327674,1.571306329
1782841253.403319597,1.759537930,1.681424916,1.578566128
1782841253.405473471,1.760097549,1.676114218,1.586123893
1782841253.406580448,1.753878620,1.670179347,1.592959224
1782841253.412832260,1.747599064,1.660745724,1.596472458
1782841253.413723946,1.733249108,1.625137191,1.587631239
1782841253.415065050,1.719449431,1.612785719,1.592096936
1782841253.416614771,1.723464825,1.605874921,1.587613812
1782841253.418208838,1.708867176,1.587523413,1.578864455
1782841253.425431728,1.706731735,1.573922248,1.573021274
1782841253.426675797,1.695839526,1.551281027,1.575862830
1782841253.428271055,1.695292395,1.544722875,1.571340931
1782841253.430494785,1.690647361,1.537128563,1.568227959
1782841253.431579590,1.676112660,1.525642624,1.548737419
1782841253.435810804,1.677539201,1.525437132,1.546195469
1782841253.436606646,1.666537982,1.511259581,1.526935918
1782841253.438354015,1.663186489,1.509547830,1.520817026
1782841253.440143108,1.661485940,1.503472729,1.513803519
1782841253.441692829,1.666312001,1.513273523,1.519455713
1782841253.443398952,1.661834425,1.505107727,1.513484041
1782841253.450429201,1.661693268,1.500094621,1.509236452
1782841253.451563358,1.658766907,1.508170089,1.499796761
1782841253.453418016,1.653900257,1.496526748,1.495882744
1782841253.455478191,1.652265942,1.495170649,1.492764730
1782841253.456604242,1.653592804,1.506427632,1.492570653
1782841253.462929487,1.655776214,1.505125215,1.493955799
1782841253.463803291,1.657467895,1.519942696,1.488958321
1782841253.464901209,1.656124951,1.524515098,1.486577937
1782841253.466682673,1.654293289,1.524957653,1.483717654
1782841253.468375444,1.655640601,1.534711823,1.483913839
1782841253.475388288,1.656259127,1.540614339,1.474996875
1782841253.476715803,1.660370100,1.560655373,1.472844510
1782841253.478291512,1.661353594,1.561671948,1.472406233
1782841253.480492830,1.662524718,1.567145742,1.472365730
1782841253.481608152,1.670399731,1.571554599,1.473340348
1782841253.487927437,1.668184371,1.567269752,1.474260583
1782841253.488826990,1.663831332,1.561243269,1.468095571
1782841253.489937782,1.669485443,1.559513180,1.467178441
1782841253.491736412,1.665943141,1.551855310,1.469232322
1782841253.493428946,1.662635261,1.550295255,1.467399843
1782841253.498823404,1.661206909,1.544792297,1.466002898
1782841253.500388384,1.656353443,1.537378619,1.466366436
1782841253.501739502,1.657578071,1.526598729,1.478384242
1782841253.503277063,1.660593760,1.520522315,1.492069068
1782841253.505444288,1.663611244,1.514984547,1.502067377
1782841253.506560326,1.666835369,1.503946831,1.503964531
1782841253.512882233,1.666093861,1.496708889,1.513403126
1782841253.513756990,1.677480950,1.485100391,1.521565161
1782841253.515093088,1.688254878,1.483996664,1.535470686
1782841253.516660213,1.700451871,1.478866720,1.538510044
1782841253.518424988,1.704927348,1.478690379,1.542945407
1782841253.525429010,1.721452388,1.474756675,1.555131533
1782841253.526540756,1.754347676,1.467430123,1.572475926
1782841253.528315783,1.758357247,1.463505002,1.573602069
1782841253.530422211,1.767974326,1.464265375,1.576694157
1782841253.531751633,1.775552277,1.466167958,1.581981679
1782841253.537885189,1.784228205,1.468432089,1.590183786
1782841253.538757563,1.799058148,1.478665241,1.604867049
1782841253.540084362,1.806898737,1.482403794,1.604833344
1782841253.541648626,1.806170947,1.483526198,1.606043952
1782841253.543416500,1.811982213,1.488762755,1.608294706
1782841253.545855045,1.814646882,1.491982401,1.607408288
1782841253.546667337,1.817643764,1.491282788,1.608896172
1782841253.550403118,1.821722601,1.500497017,1.605939416
1782841253.551603794,1.823766574,1.510624716,1.607888332
1782841253.553229332,1.828872688,1.514443185,1.609565823
1782841253.555509090,1.835747608,1.523398028,1.608823851
1782841253.556607723,1.834473235,1.529029846,1.600603510
1782841253.561708212,1.834793041,1.544585927,1.602681509
1782841253.563280821,1.834114201,1.543904307,1.595157887
1782841253.565045118,1.835295349,1.546190683,1.585810973
1782841253.566603422,1.829581915,1.544475080,1.577767828
1782841253.568211794,1.823197249,1.537012164,1.572659197
1782841253.575366974,1.825162607,1.537264083,1.568578861
1782841253.576698542,1.806285287,1.527150152,1.538045391
1782841253.578460455,1.803707770,1.524562593,1.536963148
1782841253.580459356,1.802520631,1.522420419,1.529168051
1782841253.581583500,1.796755070,1.518161500,1.519537808
1782841253.587868214,1.789109812,1.508830337,1.508254079
1782841253.588718891,1.770605519,1.488364201,1.493414992
1782841253.590073347,1.768237917,1.480375286,1.493024917
1782841253.591767788,1.762013710,1.470082606,1.495969315
1782841253.593431234,1.762801017,1.459387231,1.497403166
1782841253.600361824,1.765717779,1.455770579,1.504216133
1782841253.601712465,1.763573809,1.445526443,1.499383386
1782841253.603371382,1.766118851,1.438181228,1.490407200
1782841253.605404139,1.762372611,1.430951566,1.487548644
1782841253.606721878,1.766186002,1.429125092,1.485996065
1782841253.608342409,1.767443666,1.427755765,1.486235135
1782841253.612901449,1.770760433,1.429105612,1.491903677
1782841253.613767862,1.769397894,1.420763931,1.493704997
1782841253.614888668,1.767332460,1.419810299,1.492096767
1782841253.616666794,1.765929896,1.412082722,1.494249778
1782841253.618392944,1.766093629,1.412431653,1.496159851
1782841253.623828411,1.764480454,1.413138126,1.502251292
1782841253.625397205,1.757207395,1.409666015,1.509620815
1782841253.626726151,1.758244305,1.412523422,1.511746062
1782841253.628300667,1.752443119,1.410815252,1.514688151
1782841253.630407810,1.754637156,1.408122449,1.512539844
1782841253.631589651,1.759353947,1.412571986,1.516368492
1782841253.637920380,1.751414514,1.414208573,1.517337397
1782841253.638829231,1.745511573,1.420851689,1.513633444
1782841253.639972687,1.745111795,1.418242772,1.512056381
1782841253.641560793,1.744562003,1.417856678,1.509616123
1782841253.643424511,1.742051325,1.415224730,1.507395106
1782841253.650376081,1.735554708,1.411371211,1.504512509
1782841253.651737213,1.731083917,1.407747987,1.488233801
1782841253.653311014,1.733135756,1.402010938,1.485948053
1782841253.655405045,1.727068857,1.403796120,1.481383656
1782841253.656643867,1.726064756,1.406766637,1.481243882
1782841253.662907600,1.725195896,1.401520054,1.472650544
1782841253.663766861,1.717098662,1.386050212,1.462892341
1782841253.664885759,1.711391091,1.379463445,1.454206037
1782841253.666683674,1.707972209,1.371801513,1.452001504
1782841253.668224812,1.697615955,1.361736321,1.449159786
1782841253.671345949,1.696634178,1.359929835,1.445798335
1782841253.672156096,1.682968615,1.349371355,1.442501187
1782841253.675415754,1.675015981,1.341275322,1.433230437
1782841253.676554203,1.670179868,1.336601158,1.434489026
1782841253.678353071,1.665699597,1.325215771,1.436938955
1782841253.680429697,1.664109564,1.317907486,1.440938781
1782841253.681542873,1.655161180,1.299489219,1.432540345
1782841253.687383413,1.651075614,1.292973308,1.427854219
1782841253.688388824,1.652883852,1.282921082,1.415984405
1782841253.690121412,1.649477400,1.275411843,1.409209562
1782841253.691695213,1.647293425,1.268409425,1.408793663
1782841253.693209171,1.651344289,1.260312247,1.399537622
1782841253.700422764,1.649418933,1.255546813,1.403873726
1782841253.701758385,1.638223338,1.241008952,1.392726447
1782841253.703328609,1.637258124,1.240289625,1.393717170
1782841253.705482006,1.629307610,1.235974115,1.392637812
1782841253.706596136,1.623635134,1.230654816,1.388012847
1782841253.712800026,1.616177107,1.226477670,1.382894321
1782841253.713688850,1.598643056,1.223060153,1.374291695
1782841253.715034485,1.592510762,1.218929414,1.367653961
1782841253.716709375,1.590730333,1.219439143,1.368163480
1782841253.718209028,1.582444358,1.209911985,1.354227770
1782841253.725375175,1.581173165,1.208564748,1.348677303
1782841253.726696014,1.568414434,1.204387351,1.338754218
1782841253.728278399,1.565103460,1.202162937,1.336434034
1782841253.730511665,1.559612135,1.197406660,1.335992840
1782841253.731604338,1.563966675,1.197265117,1.341532427
1782841253.733574390,1.560465125,1.193374402,1.345438845
1782841253.737820387,1.560416865,1.196405197,1.346160906
1782841253.738686562,1.558783688,1.195487122,1.347755599
1782841253.740053415,1.562190390,1.193427000,1.349090155
1782841253.741611004,1.565598937,1.193456670,1.349790632
1782841253.743234873,1.565849287,1.194447501,1.348427757
1782841253.749618769,1.566456099,1.187114135,1.347858623
1782841253.750395775,1.565210701,1.178784004,1.340992945
1782841253.751567841,1.560225659,1.180085102,1.336549068
1782841253.753306866,1.558431613,1.174230785,1.339340700
1782841253.755516529,1.558912063,1.168826540,1.341311301
1782841253.756620646,1.555871686,1.168301355,1.336828753
1782841253.762815714,1.560790490,1.166304080,1.339089969
1782841253.763684034,1.560955557,1.163635017,1.343483073
1782841253.765021563,1.559083767,1.164356943,1.347056316
1782841253.766684532,1.558915158,1.157849452,1.347758072
1782841253.768432140,1.555194472,1.156732843,1.345618470
1782841253.775479078,1.562673109,1.163194934,1.350416847
1782841253.776572943,1.558551025,1.158063139,1.347015463
1782841253.778364182,1.559847503,1.153425387,1.345959101
1782841253.780557632,1.561046089,1.151054484,1.348125305
1782841253.781666994,1.564017606,1.149865812,1.349107095
1782841253.787860870,1.560526096,1.150079274,1.346866323
1782841253.788752317,1.562992099,1.155218262,1.346797681
1782841253.790075302,1.565209761,1.155116389,1.346361950
1782841253.791651249,1.563904359,1.152901591,1.347275121
1782841253.793235779,1.826050871,1.108292760,1.095055105
1782841253.795557261,1.735539170,1.120133280,1.247070706
1782841253.800476551,1.654426100,1.114206367,1.303923485
1782841253.801597357,1.736027510,1.147675931,1.148332004
1782841253.803431749,1.680467484,1.140506885,1.222508752
1782841253.805483103,1.699046509,1.124539206,1.190058226
1782841253.806585312,1.657369510,1.125095082,1.227989307
1782841253.811548233,1.660525684,1.110960830,1.196704229
1782841253.813378572,1.632346683,1.109963405,1.210349570
1782841253.815153599,1.609831928,1.101181097,1.215847419
1782841253.816542149,1.606139885,1.091078787,1.213254251
1782841253.818457603,1.594015156,1.086322167,1.207520605
1782841253.825368166,1.578592610,1.078624312,1.209915497
1782841253.826765299,1.534414259,1.037457847,1.205250926
1782841253.828350544,1.529259463,1.030686284,1.214834221
1782841253.830450773,1.525949192,1.022927004,1.215689744
1782841253.831543446,1.524437994,1.024732567,1.222277281
1782841253.837980986,1.518633024,1.020929350,1.231398310
1782841253.838849783,1.510636823,1.018772912,1.241475865
1782841253.839962006,1.505476274,1.017547029,1.238548557
1782841253.841754913,1.502960252,1.015487079,1.241057495
1782841253.843220711,1.501839385,1.015914391,1.238513566
1782841253.850391626,1.496066974,1.004613652,1.235318334
1782841253.851740122,1.498360095,0.998748273,1.228045442
1782841253.853301287,1.494229996,0.999169800,1.226871521
1782841253.855468273,1.494778260,0.993541980,1.218504315
1782841253.856561899,1.497840072,0.990309944,1.214258975
1782841253.858466625,1.501072284,0.986601577,1.208159479
1782841253.862906218,1.499504915,0.977950296,1.202293732
1782841253.863790989,1.508835294,0.965069394,1.185144879
1782841253.864902020,1.511031300,0.954928189,1.176525927
1782841253.866721153,1.510291941,0.948278481,1.173512058
1782841253.868434429,1.514636623,0.950828564,1.173075513
1782841253.873347759,1.514374136,0.942388238,1.164100971
1782841253.875368834,1.511275699,0.937046356,1.155198738
1782841253.876697063,1.509351190,0.939991827,1.150331715
1782841253.878396511,1.508388183,0.932729127,1.143260719
1782841253.880549192,1.505529594,0.928825265,1.138982687
1782841253.881646156,1.501477077,0.924987082,1.125519799
1782841253.887893915,1.494778922,0.916150565,1.119640310
1782841253.888778687,1.489222738,0.912331885,1.107860575
1782841253.889909506,1.482673661,0.901989804,1.098694874
1782841253.891733885,1.478050238,0.898935993,1.097162695
1782841253.893451929,1.475478107,0.894090952,1.093859996
1782841253.900379896,1.468158379,0.887926061,1.087141046
1782841253.901728392,1.456178163,0.873866173,1.067650889
1782841253.903321981,1.449772409,0.864822281,1.058683848
1782841253.905488253,1.446151322,0.862914419,1.051817852
1782841253.906584263,1.430720321,0.857656105,1.040176623
1782841253.912948608,1.422847083,0.848520911,1.032873613
1782841253.913827896,1.392974945,0.820742751,1.008732719
1782841253.914936066,1.384736739,0.812982288,0.997470080
1782841253.916716814,1.372214285,0.800186200,0.992867172
1782841253.918470383,1.358798159,0.784153696,0.977882115
1782841253.925411463,1.346801743,0.773605765,0.964325948
1782841253.926746845,1.312937623,0.727433756,0.922348441
1782841253.928313017,1.305268690,0.709490269,0.908846499
1782841253.930492640,1.298786553,0.702774558,0.897118905
1782841253.931590796,1.285302688,0.675629286,0.876880380
1782841253.933658600,1.279015870,0.662562722,0.864522328
1782841253.937894106,1.272046029,0.650967143,0.844766458
1782841253.938980341,1.250071671,0.623500894,0.811397026
1782841253.939909935,1.239632463,0.610155324,0.790663130
1782841253.941780806,1.230570894,0.595484206,0.773463175
1782841253.943395138,1.216535790,0.582219250,0.751105255
1782841253.949488640,1.207838692,0.563773128,0.737465564
1782841253.950479507,1.173217674,0.502219029,0.666995382
1782841253.951758385,1.160364828,0.486092204,0.639445396
1782841253.953431129,1.147180933,0.469197347,0.619407779
1782841253.954897881,1.020337487,0.465643586,0.682119615
1782841253.956567764,1.013658435,0.567076290,0.792882036
1782841253.962942600,1.303716270,0.299701559,0.477522774
1782841253.963795424,0.953822705,0.531943185,0.557608324
1782841253.964970827,0.931578076,0.444239672,0.560410242
1782841253.966777802,1.030785683,0.440479685,0.455695335
1782841253.968231201,0.821164854,0.442688902,0.545438993
1782841253.975394487,0.959852542,0.422520056,0.405564175
1782841253.976721287,0.594508815,0.418335755,0.493751245
1782841253.978404999,1.057431965,0.279174295,0.129013163
1782841253.980390787,0.562512377,0.477980044,0.552014769
1782841253.981751442,0.811173152,0.334539643,0.306350288
1782841253.987917185,0.803999735,0.332888168,0.283066684
1782841253.988806963,0.609522102,0.299443049,0.267288727
1782841253.989914894,0.623873468,0.284845623,0.227597740
1782841253.991727114,0.577950732,0.260545940,0.211949196
1782841253.993417740,0.567334148,0.251794247,0.187559005
1782841253.995917320,0.550354595,0.229482119,0.159139112
1782841254.000375509,0.526538538,0.210179296,0.137199099
1782841254.001672506,0.437352959,0.161736952,0.061335264
1782841254.003333807,0.396361295,0.148986111,0.046866088
1782841254.005501747,0.388577652,0.135924056,0.014948210
1782841254.006603241,0.340421669,0.129472288,0.007990471
1782841254.010998487,0.323803609,0.118539548,-0.018054370
1782841254.011817694,0.266147579,0.089674248,-0.053712768
1782841254.013367414,0.247530440,0.084688177,-0.078421136
1782841254.015154839,0.222944356,0.066966956,-0.077089741
1782841254.016716003,0.190903784,0.060378879,-0.089506076
1782841254.018230915,0.185937085,0.044954894,-0.096597438
1782841254.025399208,0.159287724,0.037068524,-0.096493576
1782841254.026789188,0.128932274,0.003413474,-0.095582715
1782841254.028369904,0.127311966,-0.023784223,-0.095864690
1782841254.030529022,0.116359651,-0.042727952,-0.098614392
1782841254.031652689,0.171411608,-0.040118264,-0.120966258
1782841254.037955999,0.140254735,-0.019408305,-0.074047663
1782841254.038830280,0.153028419,-0.032114688,-0.084362247
1782841254.039945364,0.145253271,-0.041002564,-0.086228470
1782841254.041755676,0.156452047,-0.055845327,-0.088041703
1782841254.043216705,0.141330884,-0.046941945,-0.083380224
1782841254.050438881,0.154178524,-0.040756446,-0.093966134
1782841254.051558018,0.155573227,-0.038223659,-0.091935524
1782841254.053345442,0.140872900,-0.042105178,-0.091518236
1782841254.055510283,0.160044331,-0.045994428,-0.100835604
1782841254.056722641,0.147176083,-0.035950397,-0.092013535
1782841254.062975645,0.150694056,-0.031182741,-0.091362200
1782841254.063920021,0.145386039,-0.044013975,-0.100607185
1782841254.065068722,0.150850062,-0.044411825,-0.104834255
1782841254.066660643,0.148716453,-0.046991744,-0.099031306
1782841254.068215609,0.151406168,-0.040889960,-0.094825070
1782841254.072841883,0.161683013,-0.038110948,-0.092677648
1782841254.073667526,0.155782824,-0.039620953,-0.093856483
1782841254.075444221,0.159662350,-0.036070399,-0.090004092
1782841254.076640129,0.160082011,-0.034663452,-0.088768711
1782841254.078228712,0.163862292,-0.034303620,-0.085278295
1782841254.080534220,0.160143946,-0.036725935,-0.080486435
1782841254.081651449,0.160981921,-0.036019200,-0.078275441
1782841254.087961674,0.166586566,-0.025710706,-0.073458897
1782841254.088897228,0.160330105,-0.029729992,-0.069686902
1782841254.090016842,0.168082922,-0.033729536,-0.070290599
1782841254.091574192,0.168794407,-0.032197231,-0.064621405
1782841254.093419075,0.173073537,-0.031807640,-0.063347071
1782841254.100348711,0.170404374,-0.032184563,-0.062708067
1782841254.101663113,0.166974224,-0.037134688,-0.068798527
1782841254.103263140,0.168395304,-0.037566336,-0.059150078
1782841254.105507374,0.166784484,-0.035936773,-0.059729368
1782841254.106625557,0.165001882,-0.038977312,-0.060492659
1782841254.112903357,0.168842994,-0.029848293,-0.059024594
1782841254.113773584,0.165369590,-0.030385233,-0.058624610
1782841254.114868164,0.171648573,-0.030486946,-0.061497283
1782841254.116656303,0.166741612,-0.034494360,-0.054381042
1782841254.118410826,0.170122619,-0.032739507,-0.052451929
1782841254.125406027,0.169782316,-0.036431508,-0.056501612
1782841254.126711130,0.170756546,-0.038143470,-0.046581070
1782841254.128361940,0.169653700,-0.041416549,-0.048292397
1782841254.130595446,0.171153592,-0.033039540,-0.046179340
1782841254.131763935,0.174457000,-0.036347277,-0.042637564
1782841254.134886265,0.170992275,-0.039428447,-0.043085875
1782841254.137941360,0.171335064,-0.040579731,-0.039644650
1782841254.138978481,0.167995368,-0.034778480,-0.041667057
1782841254.139965057,0.168150287,-0.041795026,-0.046635467
1782841254.141742229,0.169406307,-0.041895861,-0.043408332
1782841254.143448591,0.171460187,-0.030322001,-0.037201593
1782841254.150378704,0.171114610,-0.035736550,-0.041376422
1782841254.151771784,0.173148628,-0.033464767,-0.045126160
1782841254.153372288,0.172907535,-0.033054315,-0.039926496
1782841254.155607700,0.174443442,-0.034129378,-0.041701323
1782841254.156632185,0.175755065,-0.034727236,-0.031014248
1782841254.162997007,0.172083101,-0.031782061,-0.031563937
1782841254.164111137,0.174300831,-0.036129169,-0.028133588
1782841254.165088177,0.178466116,-0.036146749,-0.032519192
1782841254.166627884,0.172661653,-0.039138262,-0.032971711
1782841254.168266058,0.172551041,-0.037454875,-0.033750806
1782841254.175532103,0.172789122,-0.038407228,-0.032985980
1782841254.176652908,0.169983738,-0.032747856,-0.037719410
1782841254.178479910,0.169391930,-0.031660228,-0.039719919
1782841254.179984331,0.171135234,-0.031010118,-0.041541262
1782841254.181790590,0.169523256,-0.026801902,-0.038356119
1782841254.187940598,0.174894070,-0.024076094,-0.038504362
1782841254.188911676,0.172893660,-0.025077098,-0.040044752
1782841254.190087318,0.174457102,-0.025612494,-0.036860566
1782841254.191675901,0.172710042,-0.028728893,-0.040416137
1782841254.193473816,0.175046245,-0.025220006,-0.039710752
1782841254.197485924,0.174388591,-0.026965211,-0.043127412
1782841254.198409796,0.175984702,-0.024275620,-0.035475927
1782841254.200455427,0.175535006,-0.028511922,-0.040945914
1782841254.201765537,0.174019588,-0.025215594,-0.037305471
1782841254.203440189,0.178729662,-0.026271358,-0.033800799
1782841254.205461740,0.178469517,-0.023805007,-0.039434588
1782841254.206669092,0.175735408,-0.029023925,-0.042478543
1782841254.212615967,0.173269133,-0.027845496,-0.042222945
1782841254.213959932,0.174366534,-0.026393140,-0.040468603
1782841254.215522289,0.173713417,-0.025961711,-0.042204783
1782841254.217050791,0.173058332,-0.025524022,-0.038802882
1782841254.218560457,0.174483851,-0.026219913,-0.040613657
1782841254.220079899,0.173089020,-0.028152081,-0.038220647
1782841254.221986294,0.172729026,-0.029243124,-0.044437338
1782841254.223471403,0.174600957,-0.023396429,-0.041356237
1782841254.225109100,0.172362389,-0.022808116,-0.044028568
1782841254.226570606,0.173717246,-0.021668254,-0.044049271
1782841254.228285551,0.173537398,-0.022739896,-0.044713239
1782841254.229963779,0.173097563,-0.025457503,-0.045453074
1782841254.231650591,0.169314609,-0.025120392,-0.050468668
1782841254.237985611,0.173742672,-0.018854386,-0.047503803
1782841254.239086866,0.166499146,-0.022889430,-0.041680425
1782841254.240053177,0.168128928,-0.020998368,-0.045768890
1782841254.241716385,0.165253925,-0.023798067,-0.048645501
1782841254.243474960,0.171783618,-0.020117121,-0.046458615
1782841254.244938135,0.172970963,-0.015833634,-0.046593099
1782841254.250552177,0.169850889,-0.018184419,-0.050061029
1782841254.251717806,0.169401710,-0.012048568,-0.044030232
1782841254.253260136,0.169369689,-0.009241599,-0.044361252
1782841254.254928589,0.171533186,-0.010919281,-0.047504586
1782841254.256665945,0.173521457,-0.011547757,-0.046216691
1782841254.258396626,0.173424922,-0.017033896,-0.048914573
1782841254.263119698,0.174917118,-0.011328411,-0.043803836
1782841254.264353514,0.173436529,-0.013991883,-0.044135464
1782841254.265366793,0.170948414,-0.013754861,-0.046363541
1782841254.266646624,0.175290580,-0.012077901,-0.043109971
1782841254.268394232,0.173608533,-0.020196036,-0.046235176
1782841254.270078897,0.174351488,-0.016888725,-0.042429274
1782841254.274151325,0.173442783,-0.020062220,-0.046371232
1782841254.275584936,0.173790628,-0.016686790,-0.045794320
1782841254.276963711,0.171618216,-0.017384755,-0.047527459
1782841254.278454781,0.175898725,-0.017752597,-0.051644073
1782841254.280020714,0.173056816,-0.024772070,-0.052287469
1782841254.281681538,0.179610725,-0.021843995,-0.050272130
1782841254.287990570,0.181407086,-0.022759780,-0.054189003
1782841254.288985968,0.195922091,-0.014047739,-0.042451506
1782841254.289925814,0.206754881,0.011217167,-0.018831675
1782841254.291587830,0.244074239,0.023400285,0.022372737
1782841254.293395042,0.269421455,0.044548707,0.079742030
1782841254.300404549,0.298229709,0.067443522,0.127973205
1782841254.301724195,0.404362677,0.150349772,0.229528411
1782841254.303297997,0.425750869,0.164778121,0.250756882
1782841254.304996252,0.462189358,0.185094817,0.266952312
1782841254.306689262,0.499280763,0.200619684,0.295600766
1782841254.312910557,0.468346331,0.211941574,0.326646890
1782841254.313773632,0.474164572,0.248635394,0.391583623
1782841254.314872026,0.523557404,0.257085881,0.403822603
1782841254.316665888,0.646252243,0.251997406,0.409190324
1782841254.318233728,0.491043102,0.267346697,0.475774638
1782841254.325397491,0.651417426,0.252511558,0.441175865
1782841254.326757669,0.599497394,0.269182411,0.528729057
1782841254.328329802,0.611833907,0.277181975,0.557190150
1782841254.330527782,0.630579275,0.301353333,0.586783541
1782841254.331629992,0.621404495,0.303239479,0.611043407
1782841254.334926605,0.659540635,0.332503498,0.635089870
1782841254.337929726,0.655471267,0.376116490,0.692839569
1782841254.338797092,0.679841816,0.403445391,0.754262306
1782841254.339899778,0.681057258,0.417745588,0.800773445
1782841254.341706514,0.705906275,0.431597188,0.825198542
1782841254.343216658,0.699537789,0.448549495,0.872090746
1782841254.350315094,0.675756160,0.477625613,0.917363365
1782841254.351567507,0.608190620,0.569828156,1.179018947
1782841254.353356600,0.580593872,0.590075003,1.240713484
1782841254.355465889,0.594100393,0.606187311,1.276180238
1782841254.356587887,0.628739500,0.615442461,1.315507703
1782841254.362903357,0.643825756,0.636467311,1.348671428
1782841254.363766193,0.715209568,0.724171673,1.484597452
1782841254.364876747,0.730179774,0.767780372,1.528524468
1782841254.366653442,0.739686904,0.791764740,1.584606040
1782841254.368223429,0.749000542,0.807717731,1.648886440
1782841254.375420094,0.757767861,0.823815242,1.682192880
1782841254.376738310,0.812864105,0.854465201,1.749968206
1782841254.378310204,0.825425263,0.859420382,1.782533147
1782841254.380493164,0.848317432,0.875720728,1.794682284
1782841254.381595135,0.869186115,0.876178430,1.825654632
1782841254.387995720,0.891245679,0.881786219,1.836900831
1782841254.388895988,0.953983935,0.918777308,1.930155102
1782841254.390004873,0.949028241,0.933061687,1.958616983
1782841254.391577721,0.946236087,0.944811168,2.003289183
1782841254.393211842,0.941770399,0.960541296,2.049413863
1782841254.398051262,0.951925015,0.982292407,2.076256174
1782841254.398863316,0.976762723,1.020825641,2.141435948
1782841254.400407076,0.988503235,1.044609118,2.165960258
1782841254.401578188,0.985709812,1.052977397,2.195173423
1782841254.403416157,0.978224333,1.075247935,2.227983470
1782841254.405471087,0.984538263,1.096969576,2.245008745
1782841254.406586409,0.982434156,1.109548523,2.277673255
1782841254.412929773,0.984590371,1.131858332,2.295040230
1782841254.413838625,0.982882027,1.180913745,2.348662654
1782841254.414947271,0.983873051,1.200417825,2.360587104
1782841254.416743040,0.975126322,1.217529264,2.377146302
1782841254.418447256,0.961971511,1.239455120,2.389300860
1782841254.425364971,0.968619756,1.246131202,2.400040730
1782841254.426717758,0.953029153,1.268781316,2.432968980
1782841254.428320885,0.944836996,1.279398688,2.441973344
1782841254.430502892,0.940484270,1.282649007,2.455050864
1782841254.431651115,0.928697551,1.298406668,2.460927870
1782841254.438015938,0.928106491,1.301780339,2.465727460
1782841254.438925266,0.922788300,1.310462475,2.467243684
1782841254.440047741,0.924611900,1.313486617,2.468396181
1782841254.441616535,0.909817338,1.318578186,2.473848176
1782841254.443435431,0.908754847,1.322258857,2.471620279
1782841254.450343847,0.904121757,1.313518965,2.474292648
1782841254.451767445,0.894321088,1.313858354,2.495813065
1782841254.453324318,0.891874802,1.317959510,2.508837719
1782841254.455449104,0.891429676,1.310205591,2.519861314
1782841254.456761122,0.892519957,1.317369995,2.554246136
1782841254.458407879,0.892180786,1.308722044,2.579344331
1782841254.462894678,0.895247353,1.307484203,2.604843997
1782841254.463785887,0.910613051,1.319840550,2.651971968
1782841254.464902163,0.925411707,1.327533417,2.687619549
1782841254.466680765,0.939834597,1.335182642,2.720612542
1782841254.468209982,0.962222276,1.356824005,2.756329345
1782841254.473820925,0.987073433,1.364162355,2.804464581
1782841254.475402117,1.047426154,1.390726352,2.898678932
1782841254.476736784,1.105970210,1.419842764,2.997920539
1782841254.478325605,1.134181418,1.431679595,3.046045748
1782841254.480477810,1.166152803,1.433419353,3.099003356
1782841254.481578112,1.192306097,1.453354631,3.143414683
1782841254.487907171,1.226925551,1.448326777,3.197120919
1782841254.488776684,1.289185207,1.452714280,3.327694905
1782841254.489915609,1.294427863,1.443963246,3.355515615
1782841254.491708517,1.309917678,1.432060245,3.380180811
1782841254.493212700,1.311793653,1.421944789,3.389476174
1782841254.500364304,1.317463498,1.407784459,3.398237283
1782841254.501687765,1.297488985,1.368528316,3.368967096
1782841254.503318310,1.288351284,1.349491298,3.353126071
1782841254.505465508,1.282931693,1.340961029,3.340509780
1782841254.506679296,1.275295033,1.322820673,3.319720856
1782841254.512930632,1.268558033,1.300803228,3.295165694
1782841254.513814688,1.237154045,1.265798896,3.248861211
1782841254.514946699,1.225958330,1.254713004,3.243525217
1782841254.516729832,1.218995948,1.233901011,3.230364621
1782841254.518236160,1.213145533,1.215360497,3.229927382
1782841254.521125793,1.207106951,1.202898858,3.221692630
1782841254.521955013,1.199318795,1.184370427,3.216602109
1782841254.525385618,1.192447920,1.174157277,3.214561344
1782841254.526724100,1.190878354,1.154748638,3.212474973
1782841254.528386831,1.188167292,1.139065039,3.206689810
1782841254.530542612,1.189249973,1.126577555,3.210378607
1782841254.531638861,1.179352642,1.098100486,3.228017103
1782841254.536630392,1.174875442,1.090360474,3.231991602
1782841254.538348913,1.172708198,1.060881150,3.231551644
1782841254.540168762,1.175026545,1.064040511,3.219391986
1782841254.541731358,1.182487181,1.053533216,3.195977262
1782841254.543263197,1.199276730,1.044276471,3.186419264
1782841254.550328493,1.200650885,1.048048650,3.167565749
1782841254.551669359,1.203769834,1.024384948,3.115957120
1782841254.553398609,1.221444195,1.025563021,3.102323244
1782841254.555504084,1.226542179,1.037507717,3.087602019
1782841254.556622028,1.243805871,1.031373541,3.078427838
1782841254.562979460,1.254075831,1.039865766,3.060099524
1782841254.563855171,1.287614137,1.004045467,3.089224356
1782841254.564958811,1.288829516,0.990237972,3.097188644
1782841254.566746712,1.334392113,1.027406756,3.076119508
1782841254.568322182,1.345564609,1.012434856,3.071756091
1782841254.575417042,1.353966689,1.031138998,3.056676717
1782841254.576605797,1.376109392,1.005005995,3.052302090
1782841254.578454256,1.404195809,1.028763432,3.027090182
1782841254.580487490,1.421146850,1.073096793,3.015181053
1782841254.581596136,1.440189297,1.066037496,3.018366366
1782841254.583516836,1.455376406,1.114474564,3.003142267
1782841254.588003874,1.469267375,1.118029900,3.011736699
1782841254.588879585,1.520873456,1.121372945,3.022962468
1782841254.589991093,1.531703740,1.126676800,3.031582569
1782841254.591566563,1.567825050,1.178405614,3.003552381
1782841254.593237877,1.603206544,1.230245772,2.980172636
1782841254.599081516,1.613343694,1.286730985,2.963908787
1782841254.599891663,1.653169742,1.288682982,2.994771649
1782841254.601631641,1.686460497,1.339778757,2.968872439
1782841254.603394032,1.723868829,1.335980965,2.972667587
1782841254.605491638,1.735809292,1.389959700,2.963446154
1782841254.606603384,1.779188331,1.383347900,2.965795971
1782841254.612884045,1.788574962,1.439466504,2.964262588
1782841254.613773346,1.873029575,1.424539852,3.001517481
1782841254.614917994,1.892936467,1.428497738,3.026728312
1782841254.616714716,1.910599934,1.514225981,2.991628822
1782841254.618434906,1.955440848,1.515846578,3.006243946
1782841254.625407696,1.963221511,1.556644234,3.014431927
1782841254.626746178,2.044950544,1.562510324,3.045227162
1782841254.628339052,2.072090650,1.603539762,3.033503242
1782841254.630520821,2.077712758,1.632686473,3.040566764
1782841254.631618500,2.140426572,1.649479156,3.053876613
1782841254.637904882,2.149997366,1.678160266,3.068497756
1782841254.638767242,2.237725054,1.705409301,3.099050597
1782841254.639889717,2.265193740,1.715088165,3.123110500
1782841254.641678810,2.274819470,1.759460587,3.141269695
1782841254.643243790,2.315169788,1.781891351,3.157263149
1782841254.650455713,2.328536523,1.812906554,3.191162299
1782841254.651583910,2.375247911,1.883647279,3.238216520
1782841254.653366566,2.377815045,1.908743776,3.260100364
1782841254.655518532,2.370719653,1.913658197,3.287207466
1782841254.656611204,2.383755884,1.969880754,3.327006989
1782841254.659535646,2.382135731,1.974289513,3.364176079
1782841254.660337687,2.396226377,1.999378894,3.382033908
1782841254.662893772,2.403981913,2.019771351,3.406749321
1782841254.663770199,2.413194172,2.056013445,3.421801408
1782841254.664885759,2.427011260,2.081245923,3.447185092
1782841254.666665792,2.427696334,2.072531508,3.505114027
1782841254.668252707,2.429710234,2.113633192,3.524705282
1782841254.675354719,2.446907389,2.107790682,3.564695289
1782841254.676759958,2.498467605,2.219858191,3.631095833
1782841254.678322077,2.506449324,2.236986034,3.668462481
1782841254.680575132,2.532690396,2.215635929,3.709874146
1782841254.681691408,2.555103506,2.301915570,3.738119125
1782841254.687915325,2.579854830,2.284970428,3.769276330
1782841254.688786507,2.600018481,2.409876085,3.790631077
1782841254.689900398,2.606752371,2.441715614,3.794878632
1782841254.691680670,2.615709947,2.385412327,3.855278996
1782841254.693251610,2.595844469,2.444202929,3.850558507
1782841254.700414419,2.619879984,2.405179914,3.899015893
1782841254.701745272,2.598419516,2.507851347,3.945473550
1782841254.703371286,2.583554941,2.489132026,3.994452293
1782841254.705513477,2.602445053,2.436804321,4.045686482
1782841254.706607819,2.581017231,2.512957560,4.070898468
1782841254.712864399,2.608951969,2.451793694,4.124898565
1782841254.713736296,2.605459406,2.576961185,4.179611745
1782841254.715072870,2.634788299,2.526104676,4.236323405
1782841254.716771841,2.626010381,2.511615871,4.302589823
1782841254.718231201,2.592121662,2.585956381,4.340129632
1782841254.721774817,2.614807249,2.536721012,4.415196540
1782841254.725487947,2.624765746,2.575223748,4.451842254
1782841254.726627350,2.610481941,2.720974211,4.554341010
1782841254.728420496,2.601785977,2.697286067,4.622091210
1782841254.730600119,2.636884262,2.637562105,4.685492786
1782841254.731685877,2.614887033,2.696351309,4.708794561
1782841254.736835957,2.648685501,2.623900181,4.768462482
1782841254.738398790,2.637135364,2.702642205,4.813592087
1782841254.740253687,2.665664604,2.626453998,4.888308533
1782841254.741574287,2.637969973,2.669319143,4.911542299
1782841254.743245125,2.634257660,2.616518786,4.989014376
1782841254.750331163,2.664464963,2.513888443,5.067180692
1782841254.751674652,2.648817609,2.604117538,5.186154129
1782841254.753353834,2.649369839,2.495998668,5.272119488
1782841254.755556107,2.683235073,2.329310457,5.347421222
1782841254.756640434,2.662830292,2.380658951,5.376483758
1782841254.762972593,2.706517538,2.198970883,5.454946353
1782841254.763845205,2.726490566,2.253775518,5.489200155
1782841254.764961243,2.752043027,2.270086694,5.515540523
1782841254.766737461,2.794930670,1.870321971,5.679828433
1782841254.768421650,2.774459324,1.905706046,5.714315756
1782841254.775362968,2.817304030,1.701286370,5.807534850
1782841254.776722908,2.798374636,1.711704025,5.880010314
1782841254.778318405,2.770022725,1.520244122,5.948853492
1782841254.780439615,2.775426584,1.330199555,5.982770754
1782841254.781542540,2.708790992,1.351956435,5.984269440
1782841254.783379316,2.697709329,1.187158242,5.989991210
1782841254.787962914,2.680577161,1.183754567,5.958170908
1782841254.788846016,2.556450602,1.170226122,5.849806683
1782841254.789954424,2.530284287,1.150255699,5.801415757
1782841254.791746140,2.461619746,0.933081052,5.794189206
1782841254.793312311,2.382004085,0.927371095,5.757221103
1782841254.799022198,2.348847256,0.845711328,5.705584001
1782841254.799908400,2.224359053,0.772742462,5.533791507
1782841254.801644802,2.147901625,0.734770033,5.499453486
1782841254.803271770,2.068701878,0.714385607,5.464694306
1782841254.805541277,2.042264372,0.691436437,5.418615015
1782841254.806638002,1.978041370,0.666656490,5.389475436
1782841254.812909126,1.944096602,0.658751053,5.329997514
1782841254.813784361,1.834027905,0.580487994,5.196773901
1782841254.814888477,1.799430825,0.558795805,5.154358832
1782841254.816668272,1.786069782,0.621315879,5.096437418
1782841254.818208694,1.758939019,0.585786796,5.060612063
1782841254.825368166,1.753045153,0.632833831,5.008708191
1782841254.826686859,1.713733074,0.552318804,4.911771255
1782841254.828349113,1.719993527,0.580848372,4.876570103
1782841254.830460787,1.712805967,0.632206813,4.829223014
1782841254.831784248,1.711634150,0.592200038,4.795276225
1782841254.838019848,1.701841517,0.650485054,4.743225100
1782841254.839032173,1.618160286,0.573903637,4.561062420
1782841254.839956999,1.588902373,0.563255398,4.510307648
1782841254.841565609,1.581374468,0.601268610,4.437589384
1782841254.843384266,1.581364303,0.640334760,4.376278935
1782841254.845916510,1.552024073,0.704594010,4.306549803
1782841254.846659184,1.518160705,0.697440014,4.251128791
1782841254.850402117,1.482750453,0.690714777,4.190347653
1782841254.851545811,1.470098061,0.668812557,4.114734326
1782841254.853354692,1.463489687,0.715371618,4.035357893
1782841254.855506897,1.434901161,0.782535723,3.961123892
1782841254.856731176,1.421192116,0.758269307,3.910639495
1782841254.860936642,1.394212405,0.823735199,3.843192831
1782841254.861734152,1.290855092,0.820963061,3.720334978
1782841254.863356590,1.290778408,0.800950430,3.663167548
1782841254.865160942,1.265843796,0.872182903,3.609480055
1782841254.866743565,1.262114686,0.922840390,3.537394305
1782841254.868218422,1.261793873,0.913175413,3.496177560
1782841254.875352383,1.239638511,0.987861493,3.443339149
1782841254.876669884,1.213673811,0.985642163,3.370036557
1782841254.878221512,1.232372731,1.033475198,3.341730900
1782841254.880504608,1.226510230,1.099741169,3.313750217
1782841254.881618738,1.252000131,1.079862910,3.316714853
1782841254.887892246,1.256012354,1.135245562,3.296536530
1782841254.888769150,1.313147471,1.123969217,3.295263264
1782841254.889872551,1.333333881,1.123762663,3.295960996
1782841254.891646385,1.359877142,1.232381707,3.238497407
1782841254.893249989,1.401748543,1.225043790,3.229006223
1782841254.900417805,1.396341222,1.288310847,3.205576336
1782841254.901728392,1.440190023,1.262434779,3.187090862
1782841254.903298140,1.457459149,1.303273477,3.157756102
1782841254.905513287,1.443406270,1.353623496,3.138655057
1782841254.906628132,1.465306866,1.334494925,3.126774132
1782841254.908543587,1.451255050,1.380818973,3.108603680
1782841254.912862301,1.449272457,1.377083547,3.111335172
1782841254.913735867,1.470352810,1.349439361,3.101766135
1782841254.915059805,1.458018770,1.388937042,3.084240849
1782841254.916726112,1.466514907,1.413633961,3.063354982
1782841254.918234110,1.485883714,1.394499019,3.060573098
1782841254.923577547,1.481913718,1.431072947,3.050983051
1782841254.925422430,1.483946612,1.416393120,3.049863959
1782841254.926756620,1.505863583,1.409430094,3.048399195
1782841254.928333998,1.518023380,1.438424559,3.029449186
1782841254.930531025,1.514852005,1.471719412,3.026150178
1782841254.931648731,1.545534757,1.469569464,3.031416512
1782841254.937918186,1.550129819,1.505703560,3.038577330
1782841254.938804388,1.607484806,1.516968299,3.075102611
1782841254.940115452,1.621563513,1.523537765,3.093626089
1782841254.941635370,1.652477157,1.548026676,3.097997147
1782841254.943347454,1.668449040,1.581263261,3.096666704
1782841254.950411558,1.680920390,1.617466757,3.107246190
1782841254.951587677,1.761833833,1.649714107,3.170353092
1782841254.953393936,1.785897422,1.687513417,3.177162139
1782841254.955455303,1.797393580,1.728814322,3.195181255
1782841254.956552029,1.833135605,1.742517080,3.215340046
1782841254.962894440,1.842519565,1.784021017,3.233451755
1782841254.963771343,1.938176931,1.852511101,3.312376181
1782841254.964883089,1.957118887,1.872035732,3.328657577
1782841254.966682434,1.968125396,1.933588485,3.332086642
1782841254.968259573,1.985596543,1.960689215,3.351500898
1782841254.970091343,2.000010492,1.992423218,3.361717203
1782841254.975390911,2.014477438,2.020247231,3.374958620
1782841254.976582050,2.035071168,2.072805413,3.402279872
1782841254.978413820,2.025953415,2.101920787,3.422531072
1782841254.980545998,2.033171409,2.118532095,3.440053497
1782841254.981637001,2.033220581,2.170614322,3.469182644
1782841254.985547543,2.043974410,2.178136554,3.490127746
1782841254.987993479,2.047456948,2.195819403,3.492478454
1782841254.988947392,2.031003448,2.256549336,3.503603988
1782841254.990103483,2.033138399,2.280873106,3.509823169
1782841254.991666079,2.011504402,2.291355868,3.518572422
1782841254.993217707,1.993075309,2.304434218,3.543235244
1782841255.000366211,2.005089693,2.296921597,3.563957317
1782841255.001734972,1.958244524,2.382453118,3.555031045
1782841255.003344059,1.917401076,2.374278068,3.570605174
1782841255.005537271,1.924891104,2.348299212,3.578303638
1782841255.006661415,1.856568312,2.406692356,3.555945399
1782841255.012865543,1.858513691,2.382440272,3.574982641
1782841255.013749599,1.803676352,2.467744123,3.615994225
1782841255.015081167,1.815010494,2.443656556,3.672583045
1782841255.016689777,1.793854182,2.434880345,3.723303582
1782841255.018252373,1.746057546,2.478126906,3.739408774
1782841255.025397301,1.767815320,2.444911220,3.772082984
1782841255.026539087,1.721514166,2.530323442,3.729382304
1782841255.028315306,1.700438791,2.517057952,3.761796414
1782841255.030492783,1.724352663,2.480745138,3.773141135
1782841255.031585217,1.710350015,2.540540984,3.776132394
1782841255.037887335,1.739929476,2.497796256,3.796431907
1782841255.038750172,1.771810747,2.596402305,3.825891501
1782841255.040093660,1.802110033,2.560272029,3.883356548
1782841255.041639090,1.817562554,2.541242554,3.929106630
1782841255.043233633,1.818746883,2.569469396,3.941107842
1782841255.048341274,1.856450998,2.524611723,3.997288483
1782841255.050438404,1.903389570,2.548742797,4.037573469
1782841255.051583767,1.894763422,2.573283511,4.049210948
1782841255.053364277,1.909440953,2.537244980,4.084191585
1782841255.055494785,1.944451553,2.461204348,4.116831427
1782841255.056588888,1.933074354,2.475648996,4.112806475
1782841255.062976599,1.964009142,2.379216385,4.151399379
1782841255.063785791,1.984891759,2.353904739,4.123858428
1782841255.064928293,1.973554357,2.363986835,4.128076070
1782841255.066701651,1.992248319,2.266326700,4.180245430
1782841255.068266392,2.005234794,2.163262129,4.247404390
1782841255.075414419,2.037372269,2.025432994,4.315469569
1782841255.076766253,2.020096624,2.009004219,4.386985443
1782841255.078372240,2.013595438,1.880971601,4.468221007
1782841255.080524683,2.021094295,1.739393056,4.537726474
1782841255.081663847,1.988161357,1.740675545,4.549821302
1782841255.087866068,1.993191810,1.600465558,4.598475231
1782841255.088727951,1.914813153,1.527942418,4.535487984
1782841255.090085506,1.904274941,1.396538377,4.555318420
1782841255.091634750,1.868247386,1.289793134,4.587669082
1782841255.093415737,1.825577255,1.269133433,4.598119282
1782841255.100369453,1.811485092,1.167757217,4.619505791
1782841255.101698160,1.747719773,1.073771251,4.622185810
1782841255.103263378,1.712960781,0.993649983,4.635783713
1782841255.105502605,1.707039512,0.932817641,4.628327146
1782841255.106615782,1.681612926,0.895001894,4.620418329
1782841255.108696938,1.669139015,0.862434844,4.602071406
1782841255.112960815,1.659872615,0.832837968,4.572794653
1782841255.113874912,1.613932253,0.739699797,4.476799385
1782841255.114984512,1.599678484,0.712133478,4.439117926
1782841255.116772413,1.571909595,0.715053980,4.384647946
1782841255.118271589,1.553640992,0.671005022,4.329698236
1782841255.123883247,1.526272547,0.690492158,4.252554037
1782841255.125461102,1.472948241,0.651062884,4.099910188
1782841255.126618624,1.454659347,0.617809308,4.015174066
1782841255.128414869,1.428522600,0.631382138,3.920681443
1782841255.130566597,1.393626322,0.673388085,3.834666914
1782841255.131654501,1.338126517,0.633505622,3.661886385
1782841255.137933493,1.302039873,0.681762910,3.567345973
1782841255.138845444,1.200396278,0.647468144,3.327140654
1782841255.139968157,1.170045088,0.639269427,3.253526865
1782841255.141757965,1.146097589,0.731980039,3.157054601
1782841255.143247843,1.133316040,0.713816218,3.085476887
1782841255.150398493,1.103686755,0.776067545,3.012993591
1782841255.151733160,1.041726371,0.738125656,2.831993140
1782841255.153434992,1.025635188,0.773310118,2.767078089
1782841255.155543327,0.999932761,0.821736095,2.701323481
1782841255.156717300,0.978649300,0.788809664,2.628410866
1782841255.162841320,0.947575968,0.829929872,2.587873875
1782841255.163708925,0.919749279,0.764783678,2.517926389
1782841255.165048838,0.903613439,0.792501774,2.490017928
1782841255.166729927,0.895767535,0.805833213,2.462466837
1782841255.168229580,0.900038315,0.765420737,2.443847022
1782841255.170178175,0.881310403,0.788086167,2.410584201
1782841255.175432444,0.874121171,0.764308511,2.394543219
1782841255.176680326,0.880589055,0.714797707,2.372436118
1782841255.178330183,0.892676724,0.731387960,2.347800049
1782841255.180524588,0.887147232,0.754377468,2.328074537
1782841255.181617498,0.920309470,0.723450517,2.332608575
1782841255.185449362,0.927064774,0.762469075,2.333183970
1782841255.187978268,0.940898170,0.757683894,2.350040139
1782841255.188866615,0.991445609,0.750322496,2.374322879
1782841255.189981461,1.010543531,0.755086419,2.390323343
1782841255.191768408,1.027395271,0.829755094,2.387809889
1782841255.193227291,1.067203931,0.833040738,2.403068626
1782841255.200448513,1.074413118,0.873532331,2.414275225
1782841255.201588869,1.160076316,0.914975718,2.521656421
1782841255.203380823,1.176846386,0.946121166,2.522566666
1782841255.205458164,1.188825088,0.987684471,2.552443440
1782841255.206545830,1.219537829,0.986742760,2.571450894
1782841255.212713957,1.227441618,1.032032997,2.582213843
1782841255.213580370,1.290328719,1.058881298,2.652797887
1782841255.214930058,1.297639793,1.103659067,2.663351024
1782841255.216605186,1.323303625,1.145160578,2.667883337
1782841255.218255997,1.355318385,1.149469793,2.677435147
1782841255.225377321,1.360031912,1.194043689,2.674427516
1782841255.226713419,1.421405654,1.221149887,2.701588967
1782841255.228297710,1.440435367,1.254692853,2.687569903
1782841255.230494499,1.440578461,1.281567327,2.688829413
1782841255.231635094,1.466247391,1.282717128,2.687067168
1782841255.237925291,1.461379758,1.323201376,2.689373667
1782841255.238804579,1.502797774,1.369195906,2.699366276
1782841255.239927530,1.501257891,1.380396768,2.692841510
1782841255.241709232,1.505082351,1.448174921,2.660404988
1782841255.243232250,1.526434111,1.461083331,2.645932529
1782841255.247386694,1.521776673,1.500602321,2.622174515
1782841255.248254299,1.526895411,1.532998614,2.588357297
1782841255.250410318,1.525508072,1.545520625,2.574125412
1782841255.251621485,1.537307456,1.553047906,2.545054813
1782841255.253262520,1.530809017,1.590591392,2.515012037
1782841255.255462646,1.510086264,1.632566599,2.490348301
1782841255.256570816,1.504477725,1.638250807,2.474659293
1782841255.262376547,1.478144046,1.666485391,2.457414095
1782841255.263431549,1.455273608,1.689446992,2.478388543
1782841255.264890671,1.440802425,1.719114830,2.511145396
1782841255.266583681,1.423097229,1.737649584,2.569341422
1782841255.268269062,1.416278643,1.742090777,2.631866935
1782841255.275370836,1.418072343,1.768331217,2.696762713
1782841255.276724815,1.427907354,1.769501164,2.842591462
1782841255.278284550,1.420945997,1.780752621,2.895690685
1782841255.280524015,1.439731028,1.785501512,2.930507794
1782841255.281613588,1.429578823,1.796193186,2.961698352
1782841255.287940025,1.440628836,1.799548122,2.986996765
1782841255.288825035,1.477927362,1.897205136,3.060847954
1782841255.289953232,1.491390845,1.933162504,3.076827369
1782841255.291736364,1.498568200,1.925612489,3.132192221
1782841255.293240309,1.497661021,1.965046198,3.161755142
1782841255.300427198,1.519207404,1.971730276,3.206023216
1782841255.301755667,1.540458550,2.062712357,3.272642707
1782841255.303343058,1.578804768,2.078226041,3.297205085
1782841255.305498838,1.470787279,2.038971862,3.340800585
1782841255.306601763,1.443551168,2.055984354,3.335133972
1782841255.308477640,1.442633896,2.040340515,3.341516421
1782841255.312917233,1.447429609,2.023275207,3.342430623
1782841255.313770533,1.435129829,2.059741364,3.374166147
1782841255.314890385,1.451109452,2.075102767,3.407829002
1782841255.316667795,1.482046719,2.022545207,3.466888459
1782841255.318273067,1.473272984,2.043538681,3.497494853
1782841255.323831797,1.500754828,2.005666908,3.548097266
1782841255.325422525,1.535404342,2.005863058,3.590068916
1782841255.326581240,1.538583916,2.016708450,3.602994831
1782841255.328386307,1.570109800,1.986306090,3.632440236
1782841255.330491066,1.630338258,1.953054282,3.641381789
1782841255.331579208,1.650100843,1.961888944,3.635272296
1782841255.337954760,1.693197684,1.928756954,3.630190432
1782841255.338812113,1.745059898,1.934024789,3.560278216
1782841255.339936972,1.740468714,1.933259688,3.548083333
1782841255.341728687,1.732295129,1.869473755,3.556597804
1782841255.343235016,1.705832911,1.867580966,3.545043680
1782841255.350377798,1.702671606,1.835952879,3.555037359
1782841255.351750374,1.659391975,1.794620317,3.525118792
1782841255.353314161,1.652554914,1.759280200,3.525262765
1782841255.355510712,1.657201160,1.724819056,3.520961780
1782841255.356630087,1.659841989,1.689531261,3.521237055
1782841255.363064051,1.675620042,1.661078308,3.538837744
1782841255.363946438,1.666264389,1.622973996,3.582394872
1782841255.365051508,1.655143585,1.606155879,3.586494113
1782841255.366611004,1.644049081,1.564470616,3.588920402
1782841255.368231058,1.638074841,1.531452888,3.579907094
1782841255.370001793,1.626520944,1.492237893,3.568753913
1782841255.375416994,1.611514934,1.460717915,3.538057060
1782841255.376554966,1.550823663,1.406688661,3.473239916
1782841255.378371000,1.516263660,1.366193186,3.432416140
1782841255.380465984,1.479471360,1.335709048,3.391020324
1782841255.381595135,1.392999957,1.305862918,3.305409480
1782841255.385382891,1.353315291,1.285347530,3.278173171
1782841255.387889147,1.316774939,1.272867832,3.259114657
1782841255.388761044,1.245524164,1.233113852,3.211950663
1782841255.390106678,1.215569165,1.212568342,3.167886664
1782841255.391555548,1.190024983,1.204538033,3.133691657
1782841255.393273830,1.169688700,1.193447641,3.100417471
1782841255.400373936,1.161766990,1.186374306,3.064373273
1782841255.401723385,1.132173112,1.181489879,2.991908240
1782841255.403298855,1.129495993,1.183515055,2.984377877
1782841255.405552864,1.133511826,1.191786540,2.982187457
1782841255.406652212,1.145538467,1.185042051,2.994107518
1782841255.412904501,1.157563174,1.193891003,2.999812319
1782841255.413783073,1.239740033,1.169322499,3.031863133
1782841255.414892673,1.257023444,1.164543895,3.041351981
1782841255.416745186,1.289512160,1.172476003,3.053244551
1782841255.418208122,1.324009715,1.162329595,3.064083553
1782841255.425430298,1.344413222,1.168241084,3.063480014
1782841255.426544905,1.422363912,1.147067420,3.080299860
1782841255.428425550,1.445094120,1.144981931,3.070169228
1782841255.430586338,1.416279700,1.144246964,3.073914491
1782841255.431688070,1.415717299,1.085178904,3.058261310
1782841255.437932253,1.400696789,1.097145412,3.075535012
1782841255.438872099,1.410488963,1.006185839,3.097956572
1782841255.440013647,1.408414978,0.982788981,3.094151493
1782841255.441573143,1.399665731,0.978519061,3.095891107
1782841255.443255901,1.421148238,0.969847052,3.077316959
1782841255.446835995,1.407829641,0.979853125,3.071073243
1782841255.450445890,1.390021519,0.965313083,3.068384877
1782841255.451578856,1.368984267,0.935718061,3.033226418
1782841255.453403234,1.383796645,0.939381108,3.002955020
1782841255.455595016,1.357798824,0.964126480,2.995733225
1782841255.456713438,1.386839668,0.945912456,2.976516187
1782841255.462901115,1.374773210,0.977975292,2.943397573
1782841255.463719368,1.352513804,0.978521735,2.930399606
1782841255.464948893,1.391443567,0.966345110,2.919328807
1782841255.466566563,1.424039307,0.999158594,2.897207563
1782841255.468294859,1.460552065,1.041600951,2.874472270
1782841255.475389719,1.452825533,1.107442051,2.869482246
1782841255.476737976,1.548974234,1.117614645,2.889470718
1782841255.478308439,1.599658857,1.188857429,2.869837477
1782841255.480514288,1.597822227,1.266694319,2.870472903
1782841255.481618404,1.678237410,1.267084648,2.858240704
1782841255.487863302,1.673501421,1.359735881,2.854282106
1782841255.488722086,1.821862437,1.402032084,2.900715221
1782841255.490060091,1.812836527,1.496165925,2.893214256
1782841255.491731882,1.841426786,1.575797332,2.864622187
1782841255.493237972,1.896212470,1.577656828,2.854313597
1782841255.500398159,1.879179610,1.661111630,2.846339910
1782841255.501773357,1.941712736,1.680030362,2.860141776
1782841255.503337622,1.953071261,1.761454098,2.831726312
1782841255.505544662,1.926126343,1.846461889,2.816276536
1782841255.506635904,1.958867308,1.851770276,2.811262746
1782841255.509787798,1.937639181,1.932941597,2.801833070
1782841255.510529995,1.950220028,1.945104379,2.797111293
1782841255.512845516,1.959748492,1.957439383,2.795099041
1782841255.513742685,1.983501954,1.966506957,2.773632311
1782841255.515092134,1.959003142,2.037015089,2.742828159
1782841255.516769886,1.946741577,2.098859361,2.714154293
1782841255.518427849,1.954646631,2.115917968,2.689453345
1782841255.524859190,1.939577388,2.174189977,2.665363834
1782841255.526616096,1.922925155,2.258436389,2.610309618
1782841255.528378963,1.908037644,2.277291009,2.594430376
1782841255.530550241,1.879587752,2.303737792,2.571888462
1782841255.531652451,1.853262905,2.319733938,2.554172098
1782841255.537974596,1.832087545,2.342239582,2.531817654
1782841255.538830280,1.755948869,2.366386143,2.460206145
1782841255.539921999,1.735139403,2.364821669,2.435675198
1782841255.541724682,1.692031228,2.374996553,2.442520950
1782841255.543243408,1.655956319,2.381269397,2.438622010
1782841255.550432920,1.650665867,2.368031770,2.434561671
1782841255.551539898,1.594259659,2.382932591,2.414397965
1782841255.553422451,1.571886060,2.379313159,2.442487330
1782841255.554947615,1.577732297,2.360425653,2.472381347
1782841255.556660891,1.552767332,2.336860016,2.522834806
1782841255.562925339,1.556760498,2.347085897,2.550314400
1782841255.563817501,1.545032238,2.396670808,2.675675287
1782841255.564926386,1.555291261,2.417805536,2.710122058
1782841255.566704750,1.573437255,2.345822949,2.819278876
1782841255.568271637,1.552549287,2.376211276,2.879938676
1782841255.570355892,1.595808135,2.352311076,2.951547851
1782841255.575440168,1.616142686,2.380059131,2.995256626
1782841255.576545954,1.623992817,2.447258510,3.127550216
1782841255.578356743,1.633625969,2.428184219,3.221164140
1782841255.580571890,1.675983424,2.392923681,3.290600711
1782841255.581663370,1.650898900,2.467358705,3.362394148
1782841255.585671425,1.686951985,2.434264703,3.415118116
1782841255.587951660,1.684155169,2.501938053,3.439946415
1782841255.588856936,1.646624824,2.549097223,3.464349159
1782841255.589964628,1.644477502,2.582479314,3.469086466
1782841255.591549397,1.643777692,2.561273911,3.523097796
1782841255.593280077,1.650098259,2.540934172,3.571048875
1782841255.600385189,1.695144588,2.504326329,3.619038008
1782841255.601728678,1.713221691,2.606255580,3.662701141
1782841255.603310585,1.689163840,2.548843303,3.718059921
1782841255.605555058,1.743274336,2.490814350,3.781187226
1782841255.606671333,1.709124427,2.525023318,3.814082426
1782841255.612836123,1.738592414,2.456448894,3.870768805
1782841255.613711596,1.700237664,2.478520187,3.993167962
1782841255.615059614,1.720100856,2.410051779,4.055359465
1782841255.616631985,1.710241739,2.363759442,4.095451152
1782841255.618247271,1.671677000,2.375533431,4.111314804
1782841255.625397444,1.689067577,2.313997288,4.136065245
1782841255.626749754,1.649014200,2.324960201,4.098465551
1782841255.628310442,1.667964188,2.280444225,4.104258314
1782841255.630545378,1.717316786,2.232914659,4.104338517
1782841255.631652355,1.730550737,2.250114102,4.054186779
1782841255.637932777,1.756940286,2.206292488,4.055517081
1782841255.638810396,1.710939937,2.205996607,4.028830413
1782841255.639919996,1.691535157,2.203625429,4.037419893
1782841255.641709566,1.698477775,2.133872717,4.081774753
1782841255.643250704,1.663617121,2.132304560,4.095977068
1782841255.646921396,1.654888586,2.090002051,4.124870086
1782841255.650393963,1.626660348,2.075022990,4.137779025
1782841255.651727200,1.569761538,2.049072025,4.126935879
1782841255.653408289,1.554680287,2.003757980,4.113326312
1782841255.655560017,1.544920469,1.948756083,4.099369554
1782841255.656671286,1.498295189,1.925312398,4.040531158
1782841255.661619425,1.493023036,1.880420032,4.030111442
1782841255.663362026,1.446143039,1.845492858,4.037190469
1782841255.665176153,1.419801933,1.792277328,4.035986703
1782841255.666759491,1.400091574,1.760321020,4.043330162
1782841255.668265104,1.374971777,1.736739924,4.023241501
1782841255.675396204,1.352703604,1.695131384,3.996914528
1782841255.676566124,1.203077221,1.559985222,3.778503640
1782841255.678392410,1.182010682,1.535331367,3.726957346
1782841255.680528402,1.160254267,1.509691432,3.681735921
1782841255.681651354,1.140629290,1.488246583,3.629096558
1782841255.687921524,1.118444258,1.458321988,3.592147122
1782841255.688795328,1.071973426,1.386598870,3.451186674
1782841255.689915419,1.050022002,1.360378134,3.409490938
1782841255.691685438,1.043099615,1.344106868,3.372969620
1782841255.693309546,1.056518977,1.335892439,3.338574813
1782841255.700397015,1.054766467,1.339650478,3.318734190
1782841255.701739073,1.056915676,1.300643889,3.292356120
1782841255.703285217,1.058739591,1.308875742,3.283467147
1782841255.705505848,1.062028570,1.320198855,3.275892761
1782841255.706609011,1.080352313,1.310144736,3.277332562
1782841255.712899208,1.079166378,1.321247082,3.284246045
1782841255.713776827,1.115330910,1.300786508,3.296240503
1782841255.714871645,1.098314574,1.294555440,3.295100484
1782841255.716658831,1.103001871,1.307183846,3.283175213
1782841255.718300104,1.108389617,1.289035877,3.277021901
1782841255.722823143,1.113710538,1.289339980,3.253115405
1782841255.723613977,1.106380497,1.254858718,3.253206009
1782841255.725333452,1.099129239,1.240328492,3.244714159
1782841255.726722717,1.107788999,1.223543932,3.242914496
1782841255.728341818,1.113387508,1.218791648,3.237895274
1782841255.730536699,1.110673949,1.223912547,3.233184039
1782841255.731649399,1.126614385,1.203225503,3.223076622
1782841255.737828493,1.130645790,1.201064036,3.208463115
1782841255.738720417,1.151373855,1.149632577,3.161935417
1782841255.740057468,1.153677017,1.161701645,3.146774121
1782841255.741722345,1.173463824,1.162422816,3.122840228
1782841255.743277311,1.202850699,1.143553009,3.102256418
1782841255.750415564,1.195475565,1.161905976,3.074834232
1782841255.751729727,1.228704055,1.146095356,3.049409266
1782841255.753298998,1.265038142,1.161327864,3.032436065
1782841255.755539894,1.262781718,1.194262640,3.022661559
1782841255.756633520,1.315218487,1.178441415,3.024428617
1782841255.762926817,1.312821739,1.227149547,3.027345138
1782841255.763794899,1.442869324,1.241384168,3.072765263
1782841255.764885902,1.469439177,1.251035578,3.094450269
1782841255.766669273,1.524565593,1.358989440,3.058957149
1782841255.768283844,1.609743135,1.359985643,3.054967431
1782841255.775382042,1.620670265,1.442260625,3.044903183
1782841255.776694059,1.769645392,1.457896793,3.070095693
1782841255.778373957,1.830467362,1.531348932,3.033282243
1782841255.780556440,1.819482731,1.619592803,3.031117125
1782841255.781644821,1.895986611,1.612708369,3.021943212
1782841255.784615040,1.875497940,1.706638557,3.006260289
1782841255.785367012,1.916485656,1.719323807,3.025110332
1782841255.787938595,1.939201036,1.726872012,3.035053455
1782841255.788812399,2.016182176,1.724618634,3.010245692
1782841255.789914131,2.040282703,1.731055663,3.021061536
1782841255.791686773,2.033873242,1.898792348,2.952015710
1782841255.793230534,2.100240354,1.900836705,2.934162553
1782841255.799977064,2.069858819,1.991029295,2.909056955
1782841255.803198814,2.129374410,2.026319320,2.902110375
1782841255.805083275,2.180163475,2.108981836,2.840456149
1782841255.806642771,2.162332087,2.182085786,2.808878927
1782841255.813006401,2.138321087,2.262447043,2.779947494
1782841255.813904762,2.174393499,2.304043916,2.694189762
1782841255.815037012,2.171405919,2.315971419,2.664053549
1782841255.816596508,2.131448546,2.375745447,2.618988695
1782841255.818226814,2.095526455,2.423058825,2.580582932
1782841255.825365782,2.053758717,2.465021458,2.547958736
1782841255.826684952,2.009009196,2.470323723,2.464088100
1782841255.828378201,1.963170382,2.492107753,2.453508560
1782841255.830559015,1.925651365,2.510567942,2.442038210
1782841255.831655979,1.894000551,2.505387372,2.461204522
1782841255.837920189,1.867632727,2.523337937,2.470768887
1782841255.838778734,1.832894128,2.523997536,2.612571910
1782841255.839881182,1.840590519,2.523507023,2.645450121
1782841255.841644049,1.799065563,2.510490124,2.718336310
1782841255.843223810,1.766625157,2.493335900,2.753357810
1782841255.845918417,1.775305503,2.469421880,2.788702380
1782841255.846688032,1.775604261,2.460938000,2.781798019
1782841255.850430965,1.779106485,2.468398217,2.780950103
1782841255.851650238,1.749621498,2.461180989,2.795680266
1782841255.853261948,1.715283619,2.430682578,2.846046454
1782841255.855558395,1.721510738,2.402262901,2.874135926
1782841255.856646061,1.687062067,2.427986931,2.897592243
1782841255.861100435,1.693728026,2.409857014,2.954571682
1782841255.861987591,1.683947591,2.427003677,2.980618289
1782841255.863357782,1.634034244,2.436109776,3.021245996
1782841255.865095139,1.650390709,2.397873739,3.058092565
1782841255.866662025,1.644545778,2.366109341,3.107565648
1782841255.868263245,1.597556207,2.374857583,3.128294398
1782841255.875427961,1.620611021,2.329794254,3.154440547
1782841255.876554012,1.576558887,2.335438018,3.165671994
1782841255.878324986,1.554050228,2.294016980,3.198622549
1782841255.880554914,1.574341970,2.242597185,3.211714616
1782841255.881659985,1.528781660,2.249106267,3.192055687
1782841255.887896776,1.565435108,2.195318396,3.200269512
1782841255.888772726,1.521349034,2.201782560,3.143543918
1782841255.889880180,1.519160474,2.205362518,3.122078761
1782841255.891693115,1.534689867,2.120036429,3.165500286
1782841255.893329382,1.509324919,2.150405280,3.165018227
1782841255.900498390,1.538229114,2.108281161,3.198176314
1782841255.901686192,1.520293494,2.154600503,3.314737872
1782841255.903304338,1.528200984,2.126624423,3.387359443
1782841255.905548573,1.561095380,2.082256680,3.451028130
1782841255.906684875,1.576105900,2.125804471,3.542301225
1782841255.912963390,1.603628602,2.082449344,3.591297423
1782841255.913847685,1.603531718,2.140959058,3.677641047
1782841255.914985418,1.617849202,2.153395219,3.704714111
1782841255.916549206,1.625781449,2.131184304,3.743108845
1782841255.918293715,1.647075616,2.106641435,3.792193518
1782841255.921541929,1.682537495,2.073960524,3.844228486
1782841255.925416470,1.692080527,2.088669240,3.897103136
1782841255.926548719,1.696880200,2.144523139,3.997215288
1782841255.928336382,1.714435486,2.115662392,4.072174933
1782841255.930567980,1.749422102,2.077082834,4.132398015
1782841255.931668282,1.756829860,2.086392916,4.201282129
1782841255.936877251,1.797546813,2.043633664,4.245012444
1782841255.938363552,1.821026790,2.054972399,4.294033565
1782841255.940123558,1.856983362,2.014679688,4.334440361
1782841255.941682339,1.869660834,1.975182559,4.365556733
1782841255.943290472,1.869480017,1.983725580,4.378223575
1782841255.950392962,1.891382870,1.935783346,4.390155398
1782841255.951718092,1.903943564,1.885847110,4.380685281
1782841255.953421593,1.898404637,1.833071071,4.380400659
1782841255.955538273,1.895895281,1.772980230,4.369303381
1782841255.956746340,1.878457817,1.753861339,4.356953372
1782841255.962955713,1.863927346,1.696554332,4.350311802
1782841255.963877201,1.757044449,1.532762527,4.302583958
1782841255.965015173,1.735602149,1.486913444,4.261008910
1782841255.966581345,1.724364847,1.430681968,4.220526260
1782841255.968292713,1.701212782,1.383377149,4.176846877
1782841255.975440502,1.667508864,1.338404325,4.137636352
1782841255.976756334,1.526536454,1.219695747,4.003013592
1782841255.978462219,1.529587520,1.183170918,3.973589473
1782841255.980554581,1.533383716,1.155400913,3.941893189
1782841255.981643677,1.528755817,1.129874706,3.913464611
1782841255.984547615,1.533865597,1.106648826,3.886720031
1782841255.985307932,1.528538927,1.078406747,3.853051220
1782841255.987910032,1.497480983,1.062799857,3.818821501
1782841255.988791704,1.477129251,1.042168917,3.783289903
1782841255.989897013,1.449926641,1.022004958,3.750683639
1782841255.991706371,1.440499264,1.013161812,3.709759846
1782841255.993325710,1.419257104,1.001202551,3.674584055
1782841256.000440598,1.395997066,0.992280108,3.632886066
1782841256.001562357,1.332109831,0.949101070,3.521443359
1782841256.003369331,1.325648922,0.939893594,3.482731914
1782841256.005531311,1.301816153,0.940269213,3.447650039
1782841256.006622791,1.286731318,0.934486496,3.422771572
1782841256.012916803,1.270829046,0.933174170,3.383235799
1782841256.013785601,1.206586628,0.895613998,3.311074482
1782841256.014890432,1.207505308,0.882924443,3.293808337
1782841256.016734838,1.211807141,0.894955599,3.285622288
1782841256.018250465,1.202720730,0.880929761,3.282444443
1782841256.025425911,1.189515457,0.881863498,3.286652515
1782841256.026754856,1.202000216,0.822948573,3.294305543
1782841256.028407812,1.220501098,0.814232316,3.286005224
1782841256.030536652,1.241458992,0.813160244,3.266774926
1782841256.031650543,1.273576684,0.796091270,3.249935113
1782841256.037920237,1.268241649,0.792240755,3.237783831
1782841256.038797617,1.307797226,0.745319806,3.181016289
1782841256.039915562,1.309854761,0.733954554,3.170970134
1782841256.041691542,1.341443647,0.748074255,3.149535723
1782841256.043279648,1.378079645,0.731628270,3.128723682
1782841256.046828747,1.387684168,0.743869733,3.119133023
1782841256.050419092,1.397602987,0.731839082,3.100993158
1782841256.051772118,1.449485613,0.721345075,3.070623414
1782841256.053347826,1.494844213,0.723978608,3.030980469
1782841256.055508375,1.493461468,0.744050238,3.012698602
1782841256.056604862,1.546074294,0.735457517,2.972140656
1782841256.062490940,1.542175603,0.752612794,2.957538966
1782841256.063319206,1.553154933,0.753972035,2.898638386
1782841256.064966917,1.590312782,0.775309231,2.855939005
1782841256.066707850,1.628157305,0.800591456,2.822677956
1782841256.068308592,1.666579841,0.798783208,2.781894902
1782841256.075401783,1.653318526,0.837682929,2.773116623
1782841256.076745510,1.690293490,0.850930531,2.741319591
1782841256.078417540,1.714644231,0.881936763,2.711945919
1782841256.080520391,1.694540434,0.924135321,2.710535547
1782841256.081648111,1.715721395,0.922495626,2.698188741
1782841256.087921381,1.692858877,0.960598794,2.695089502
1782841256.088787794,1.727914236,0.969685852,2.688045689
1782841256.089894772,1.730860945,0.978596035,2.695235549
1782841256.091675043,1.755526769,1.070983957,2.657716501
1782841256.093279123,1.799371751,1.077864915,2.632705247
1782841256.100431442,1.804522409,1.136777355,2.627396998
1782841256.101768255,1.868971009,1.181407654,2.591557838
1782841256.103340387,1.883219738,1.238605009,2.556420019
1782841256.105576038,1.878851653,1.291973195,2.532570167
1782841256.106684446,1.914250983,1.318735691,2.499753495
1782841256.112940311,1.901128179,1.371570764,2.480275067
1782841256.113838196,1.920958049,1.416033464,2.416952306
1782841256.114952087,1.918640519,1.432387892,2.397289059
1782841256.116729259,1.899055521,1.506692765,2.350788377
1782841256.118268013,1.899371261,1.520815207,2.318051056
1782841256.123649120,1.873807500,1.555610048,2.287700992
1782841256.125425577,1.861431317,1.557822233,2.233401541
1782841256.126548052,1.855341929,1.568832585,2.210538248
1782841256.128403664,1.834667152,1.600313787,2.202953351
1782841256.130517006,1.811398550,1.617366919,2.191790174
1782841256.131614685,1.788771052,1.635063472,2.211724479
1782841256.137925386,1.772632852,1.647690994,2.218534153
1782841256.138834000,1.753032791,1.666157847,2.253690200
1782841256.139948845,1.752670096,1.670123618,2.255393780
1782841256.141742706,1.737112594,1.668242825,2.277412023
1782841256.143270493,1.720815880,1.681035227,2.288663299
1782841256.150407791,1.732579624,1.672291269,2.292260164
1782841256.151733160,1.739609620,1.705569459,2.293259319
1782841256.153303385,1.724724170,1.708218244,2.314458609
1782841256.155564308,1.739636939,1.700527785,2.328307857
1782841256.156674385,1.704399000,1.724963099,2.345993207
1782841256.162862062,1.704667848,1.705872469,2.368447845
1782841256.163738489,1.664347467,1.729656937,2.405039638
1782841256.165066719,1.675588806,1.713001303,2.420441295
1782841256.166768789,1.642078238,1.698183724,2.459516695
1782841256.168216705,1.626260357,1.716008042,2.464748191
1782841256.175401688,1.644172701,1.678348636,2.483975825
1782841256.176743984,1.618381742,1.723036334,2.494617092
1782841256.178315401,1.604010874,1.699855401,2.529768851
1782841256.180564404,1.626010161,1.673849514,2.552808307
1782841256.181680918,1.580420379,1.701470091,2.608853853
1782841256.184633493,1.594588160,1.670355353,2.641672330
1782841256.185488224,1.593638538,1.683188130,2.664954988
1782841256.187201738,1.598356215,1.702312155,2.697377031
1782841256.188423157,1.594271345,1.714384061,2.726046631
1782841256.200082302,1.579508691,1.722757183,2.749820562
1782841256.201809168,1.601633608,1.878363669,2.886533146
1782841256.203763723,1.573715717,1.922905945,2.920223478
1782841256.205619812,1.573457764,1.963417259,2.949777810
1782841256.206795454,1.592798393,2.004694821,2.977128953
1782841256.208427906,1.594373345,2.005403681,3.032550229
1782841256.210190296,1.593880096,2.007223110,3.089058110
1782841256.211850405,1.604202065,2.016613868,3.143772884
1782841256.213333368,1.622559305,2.046451714,3.159197580
1782841256.215080023,1.622186829,2.041916768,3.206470474
1782841256.216735601,1.665343205,2.029592512,3.234026612
1782841256.218312740,1.655612589,2.076642272,3.254460560
1782841256.219958305,1.657264171,2.073954465,3.301549600
1782841256.221557856,1.671128773,2.071346815,3.348466451
1782841256.223388195,1.686461156,2.073434181,3.396311920
1782841256.225517273,1.724433864,2.049305827,3.436593280
1782841256.226818562,1.753392779,2.127323478,3.495952284
1782841256.228246927,1.778141426,2.122720445,3.546699623
1782841256.230610847,1.824020552,2.097855064,3.590368032
1782841256.231762886,1.841576279,2.134941783,3.613894145
1782841256.238024235,1.891900515,2.108831880,3.641201700
1782841256.238888502,1.984676460,2.158438562,3.620756378
1782841256.239984989,2.003172334,2.168149557,3.604152995
1782841256.241564274,2.004532348,2.141711247,3.616091022
1782841256.243284702,1.999535175,2.117526643,3.627968404
1782841256.250518322,2.007017404,2.088006175,3.648992346
1782841256.251801014,1.944429383,2.098447104,3.715142242
1782841256.253430843,1.929938310,2.064595642,3.755450680
1782841256.255584002,1.936718456,2.030339798,3.777461570
1782841256.256700277,1.919387907,2.024001712,3.795553499
1782841256.260677814,1.938828049,1.984842743,3.817229158
1782841256.261585712,1.964759056,1.961758872,3.828263525
1782841256.263249874,1.957926769,1.952804427,3.845490067
1782841256.265209436,1.971738014,1.918139085,3.877499582
1782841256.266652346,1.955439159,1.914151866,3.909180159
1782841256.268278360,1.952176468,1.874779033,3.959333212
1782841256.275361776,1.960297933,1.834286892,4.000963015
1782841256.276701212,1.966217330,1.783422464,4.082922161
1782841256.278249025,1.963581155,1.728953777,4.107305662
1782841256.280561209,1.986148583,1.682469799,4.123045533
1782841256.281649351,1.962725015,1.663517295,4.128487894
1782841256.287896156,1.968525497,1.616567789,4.124528924
1782841256.288753986,1.945704634,1.525950409,4.117632653
1782841256.290096283,1.928170233,1.484276490,4.116504411
1782841256.291667223,1.896499785,1.434855367,4.121107884
1782841256.293308020,1.867367236,1.399824688,4.125303253
1782841256.300425768,1.861821448,1.358602900,4.127374252
1782841256.301546574,1.806821906,1.265419390,4.121191420
1782841256.303349495,1.775617377,1.222930816,4.109328920
1782841256.305561543,1.748992663,1.199614476,4.096319502
1782841256.306676388,1.730337458,1.161079110,4.074918625
1782841256.312941790,1.714223932,1.141886829,4.048598170
1782841256.313800812,1.613777077,1.062495513,3.916416387
1782841256.314915657,1.578407859,1.053621588,3.873080230
1782841256.316694260,1.560759636,1.063728820,3.822950194
1782841256.318257809,1.541306905,1.041971905,3.780366730
1782841256.322014809,1.522111753,1.056554867,3.743757482
1782841256.325433731,1.500803956,1.054142043,3.704091154
1782841256.326564312,1.504769046,1.047388533,3.612795299
1782841256.328350067,1.515593385,1.060232006,3.573459410
1782841256.330560207,1.484986839,1.089430474,3.545615602
1782841256.331677437,1.475769902,1.085276134,3.514422583
1782841256.337303400,1.457253730,1.110332110,3.485107013
1782841256.338346481,1.327619264,1.111184418,3.480113506
1782841256.340146542,1.309322668,1.131690649,3.481113361
1782841256.341732502,1.307592140,1.133634691,3.486228371
1782841256.343283176,1.318661794,1.126824923,3.502646290
1782841256.350387573,1.318417506,1.143079778,3.510563393
1782841256.351731777,1.395087879,1.121692452,3.551434237
1782841256.353325844,1.434162116,1.141353969,3.541658242
1782841256.355575323,1.457227560,1.167309770,3.540946195
1782841256.356686831,1.516500281,1.150177289,3.530333346
1782841256.362959862,1.533226702,1.174281599,3.526200146
1782841256.363827705,1.582127669,1.163720032,3.509890437
1782841256.364944458,1.588968157,1.164427153,3.509621016
1782841256.366725922,1.609116222,1.206328174,3.483371055
1782841256.368256569,1.624186762,1.196849163,3.469282724
1782841256.375416756,1.622031089,1.218274080,3.453045952
1782841256.376756191,1.629956259,1.205441757,3.403265538
1782841256.378330231,1.635142381,1.228569419,3.376208871
1782841256.380582809,1.632918414,1.236984968,3.352526123
1782841256.381688833,1.624494263,1.236561065,3.305707995
1782841256.384882450,1.616157727,1.254124989,3.278230463
1782841256.387954712,1.607921764,1.251965815,3.261987468
1782841256.388831615,1.614235199,1.247096362,3.208398256
1782841256.389931679,1.613729220,1.241395761,3.176873012
1782841256.391739607,1.610653869,1.266439579,3.138982521
1782841256.393260002,1.618260139,1.266216774,3.107856774
1782841256.400323629,1.602087938,1.276450891,3.079298923
1782841256.401566029,1.578897446,1.280167453,3.000027138
1782841256.403356314,1.568733765,1.296923381,2.975316283
1782841256.405573845,1.548748232,1.310403298,2.955068719
1782841256.406687975,1.541330413,1.313443368,2.924509654
1782841256.412909031,1.537408377,1.325206548,2.903157203
1782841256.413784981,1.548002694,1.326634994,2.874730811
1782841256.414893150,1.551283073,1.329580767,2.866143170
1782841256.416671276,1.545026712,1.358268483,2.845565163
1782841256.418246508,1.550024587,1.352902097,2.827959143
1782841256.425487518,1.540115283,1.366379696,2.810653874
1782841256.426579714,1.532206149,1.361002040,2.765374088
1782841256.428408384,1.531119893,1.380206661,2.741904963
1782841256.430631161,1.526904096,1.402126683,2.725331711
1782841256.431764603,1.519418446,1.400215959,2.677966191
1782841256.438071489,1.515828599,1.422530986,2.656114641
1782841256.438937187,1.516592902,1.434937377,2.606414460
1782841256.440038681,1.510534181,1.442123244,2.583864929
1782841256.441606760,1.503303428,1.461344987,2.550177109
1782841256.443278790,1.491678919,1.481692816,2.520880978
1782841256.447148085,1.483149111,1.502918672,2.500580551
1782841256.450397015,1.480865991,1.499346755,2.480966841
1782841256.451804876,1.463114806,1.504412343,2.447160903
1782841256.453381062,1.446476535,1.516622384,2.428864697
1782841256.455565691,1.436606239,1.525711242,2.418967175
1782841256.456673384,1.424804093,1.521357559,2.403647616
1782841256.462173462,1.409490579,1.527405669,2.391506843
1782841256.463405609,1.394559918,1.517599613,2.356159661
1782841256.465189695,1.389858333,1.519652297,2.346863413
1782841256.466746092,1.380451295,1.524422599,2.351819184
1782841256.468355417,1.369102420,1.517530442,2.353512907
1782841256.475458860,1.364398905,1.513154106,2.379500681
1782841256.476577282,1.351954318,1.494103907,2.438693025
1782841256.478406906,1.341951068,1.482068784,2.447411050
1782841256.480540991,1.343908710,1.474738772,2.464426576
1782841256.481646299,1.337853870,1.474351955,2.465997818
1782841256.487966061,1.337483630,1.463924824,2.474290235
1782841256.488855839,1.315542741,1.462290592,2.470102036
1782841256.490075588,1.311463128,1.469440833,2.461508059
1782841256.491635084,1.298575519,1.463809383,2.460795598
1782841256.493286610,1.291532830,1.449461795,2.459562937
1782841256.500448704,1.232799474,1.431047047,2.439683773
1782841256.501610518,1.127798834,1.416359844,2.391455910
1782841256.503417253,1.111441020,1.401735045,2.389424895
1782841256.505531311,1.104928858,1.379239479,2.384309131
1782841256.506613016,1.087983664,1.386597159,2.385655232
1782841256.508505106,1.083193434,1.373656566,2.385626635
1782841256.512922764,1.080906393,1.367614795,2.376424532
1782841256.513808250,1.069288023,1.367593530,2.364450717
1782841256.514912367,1.071858853,1.364753823,2.352018997
1782841256.516709328,1.090081778,1.338066859,2.353887720
1782841256.518316269,1.097933277,1.345797054,2.345242862
1782841256.523809910,1.112331917,1.336281012,2.341793828
1782841256.525444984,1.141534345,1.340827582,2.292551299
1782841256.526533604,1.140485072,1.344824820,2.279545043
1782841256.528426886,1.151677965,1.340136394,2.271130700
1782841256.530496120,1.162449372,1.324570423,2.264318858
1782841256.531606913,1.165048019,1.329307575,2.245111716
1782841256.537950993,1.178677445,1.321921232,2.239245661
1782841256.538822412,1.198844429,1.328826331,2.197746139
1782841256.539924383,1.195815375,1.329882788,2.188379519
1782841256.541694403,1.193938403,1.300409280,2.203988753
1782841256.543285131,1.183345265,1.301275534,2.218714047
1782841256.550474644,1.181148101,1.282925921,2.243530781
1782841256.551567316,1.170947764,1.282332510,2.314755752
1782841256.553362370,1.168024116,1.277952542,2.335863017
1782841256.555494308,1.165945128,1.272343714,2.347271854
1782841256.556736231,1.157157523,1.281871089,2.357497711
1782841256.563019991,1.157494661,1.282459857,2.361888200
1782841256.563903332,1.183360712,1.334535375,2.355630915
1782841256.565025806,1.194667057,1.351593492,2.358555200
1782841256.566576481,1.199808898,1.369278464,2.383036437
1782841256.568252802,1.204943414,1.386075677,2.414944396
1782841256.571529865,1.222531909,1.398755199,2.450928079
1782841256.575428486,1.236065597,1.421407721,2.488361437
1782841256.576553106,1.252478014,1.472884078,2.549139508
1782841256.578343391,1.258197042,1.487404933,2.583879389
1782841256.580563784,1.272900080,1.488784773,2.617474908
1782841256.581640005,1.270453785,1.517743512,2.635785105
1782841256.586543322,1.282508988,1.509045324,2.659516649
1782841256.588358402,1.296101710,1.561648992,2.685278012
1782841256.590160608,1.306213534,1.541850797,2.701597861
1782841256.591713190,1.294315084,1.533372271,2.733831258
1782841256.593339205,1.285930203,1.550904093,2.750214524
1782841256.600353003,1.295106677,1.522153355,2.785434858
1782841256.601692438,1.262279656,1.520171021,2.912657367
1782841256.603343487,1.245729723,1.486299593,2.961611299
1782841256.605552197,1.253311376,1.444929026,3.001362882
1782841256.606642008,1.243976724,1.452196906,3.047056785
1782841256.612998009,1.255042793,1.403027823,3.079782157
1782841256.613853455,1.242226261,1.402760515,3.129683070
1782841256.614960670,1.248675682,1.394667352,3.133587906
1782841256.616721630,1.241819673,1.318275824,3.192737636
1782841256.618225813,1.232722932,1.318523552,3.232817317
1782841256.625446320,1.237174080,1.276371333,3.272600082
1782841256.626626015,1.230300238,1.230529615,3.311857275
1782841256.628211498,1.226948616,1.181017229,3.325551722
1782841256.630570889,1.219548222,1.135477513,3.324707273
1782841256.631677151,1.212640827,1.099953893,3.312942698
1782841256.634059668,1.208893295,1.063342756,3.323661255
1782841256.634918213,1.210322615,1.044639759,3.329254818
1782841256.638011217,1.209168286,1.022814014,3.339755669
1782841256.638873100,1.204537906,0.991282168,3.352636936
1782841256.639974594,1.203455770,0.967641057,3.369245120
1782841256.641753912,1.207409583,0.914381945,3.384699714
1782841256.643273592,1.212165740,0.885784887,3.390941441
1782841256.648799419,1.205408547,0.858496051,3.382984003
1782841256.650418997,1.197509048,0.809217506,3.372789227
1782841256.651532888,1.202191274,0.773613681,3.361603466
1782841256.653335571,1.212760047,0.752667264,3.354474177
1782841256.655556679,1.205547625,0.745389103,3.348669799
1782841256.656650066,1.209771541,0.699550903,3.344114949
1782841256.662898779,1.204898263,0.702438848,3.347784653
1782841256.663767338,1.220203340,0.645493017,3.346431914
1782841256.664900064,1.225957867,0.627464068,3.339333681
1782841256.666701078,1.246620637,0.650159373,3.322041021
1782841256.668335915,1.275997012,0.630911502,3.314139492
1782841256.675436258,1.276653667,0.652226107,3.286452878
1782841256.676752090,1.318901800,0.621736169,3.222327505
1782841256.678415537,1.322472004,0.629685869,3.201399601
1782841256.680501223,1.306170437,0.638207242,3.165767336
1782841256.681733131,1.310701369,0.625400916,3.125268250
1782841256.687970161,1.295090551,0.651370866,3.102419857
1782841256.688851118,1.270974248,0.617411443,3.028716249
1782841256.689953327,1.263423410,0.609407724,3.012327786
1782841256.691726685,1.268784943,0.654980565,2.985598123
1782841256.693272114,1.287821211,0.654622702,2.960978649
1782841256.696504116,1.287667872,0.683685843,2.946392582
1782841256.697252035,1.276046663,0.693885341,2.946428080
1782841256.700468302,1.271295837,0.692250945,2.936632408
1782841256.701635122,1.285415295,0.700253365,2.916628110
1782841256.703423500,1.304001582,0.718127988,2.909063957
1782841256.705501795,1.297299842,0.746204885,2.906016132
1782841256.706592321,1.314205921,0.736237470,2.895612842
1782841256.711809635,1.315377069,0.764888667,2.899299486
1782841256.713427782,1.348548903,0.750636121,2.904899487
1782841256.715207100,1.356015131,0.777285762,2.917105440
1782841256.716763020,1.384979556,0.792470438,2.920680299
1782841256.718302011,1.425439050,0.788846886,2.929124866
1782841256.725425005,1.440622025,0.810174677,2.945369044
1782841256.726749182,1.555751590,0.789461213,3.019167176
1782841256.728240967,1.592359909,0.808536270,3.025185970
1782841256.730555296,1.606627722,0.833056111,3.031069328
1782841256.731667519,1.643278912,0.829207265,3.027357431
1782841256.737915039,1.652690525,0.858126479,3.032575136
1782841256.738794327,1.705678876,0.856096120,3.049133388
1782841256.739901543,1.710672705,0.856005433,3.056807751
1782841256.741681099,1.727954638,0.897367795,3.043626541
1782841256.743231773,1.753872054,0.901132252,3.044738057
1782841256.750432253,1.759158419,0.919602570,3.058994385
1782841256.751766443,1.787869874,0.921102067,3.055402672
1782841256.753308058,1.800118764,0.938317816,3.036929319
1782841256.755522013,1.795188440,0.956733533,3.028317040
1782841256.756615162,1.812449726,0.963154747,3.023572217
1782841256.758503437,1.806529001,0.987519944,3.011910448
1782841256.763010502,1.806423499,0.986305300,3.004968361
1782841256.763894081,1.809188878,0.993682404,2.983991167
1782841256.765004158,1.809181500,0.997319223,2.978112012
1782841256.766561031,1.815442026,1.019308829,2.969092060
1782841256.768290997,1.825304700,1.040413055,2.961202293
1782841256.773627281,1.825384314,1.054954052,2.945899311
1782841256.775428295,1.822401146,1.063359392,2.928289559
1782841256.776564837,1.837972245,1.069944132,2.919208369
1782841256.778352499,1.845119247,1.081666079,2.889850667
1782841256.780565739,1.842299226,1.101609113,2.876157948
1782841256.781673193,1.849886277,1.105462817,2.854483943
1782841256.787908792,1.846545169,1.122064314,2.829977136
1782841256.788789988,1.843546518,1.153885909,2.718616838
1782841256.789953709,1.836897286,1.159061610,2.679798905
1782841256.791575909,1.833249220,1.175604167,2.642573930
1782841256.793259382,1.827540643,1.190717985,2.600400275
1782841256.800461292,1.810976947,1.201687033,2.563456162
1782841256.801588297,1.790962526,1.186726308,2.444101837
1782841256.803418159,1.773312261,1.188428709,2.409368912
1782841256.805562496,1.743478618,1.190096085,2.363930121
1782841256.806664705,1.722119589,1.186875547,2.345814486
1782841256.812963247,1.692080373,1.183227993,2.314645111
1782841256.813830853,1.603781892,1.151574580,2.255996252
1782841256.814948320,1.582386331,1.145873940,2.234566920
1782841256.816725016,1.551382866,1.144011454,2.223343175
1782841256.818270445,1.529884533,1.131434790,2.210302348
1782841256.832457304,1.517645762,1.130076158,2.202654472
1782841256.834687233,1.498022135,1.183099559,2.452256905
1782841256.836671591,1.539143419,1.217798790,2.534931453
1782841256.838578224,1.559688296,1.234373598,2.569596189
1782841256.840048790,1.573831387,1.248978880,2.586680056
1782841256.841750860,1.577671738,1.264988443,2.602909954
1782841256.843334198,1.573776582,1.286248450,2.636083577
1782841256.845232725,1.569155765,1.303488411,2.654129656
1782841256.846780539,1.573819866,1.332438730,2.652279192
1782841256.848434448,1.565792793,1.339487682,2.664680537
1782841256.850013494,1.557607523,1.341285922,2.672407153
1782841256.851644516,1.551359906,1.351160408,2.684590465
1782841256.853217840,1.541726349,1.363231980,2.698197390
1782841256.855632782,1.545341200,1.366171150,2.697061490
1782841256.856738091,1.539215399,1.383722852,2.698305346
1782841256.863016844,1.545595329,1.389143152,2.708929196
1782841256.863892555,1.610265070,1.456232120,2.737301064
1782841256.865028381,1.630045383,1.475046618,2.757269593
1782841256.866679907,1.644294462,1.480801004,2.788334205
1782841256.868301630,1.658412599,1.483213341,2.824137274
1782841256.875445843,1.674362132,1.492927920,2.860928844
1782841256.876556158,1.730769808,1.556655962,2.963448340
1782841256.878233910,1.745716512,1.562763707,3.005809020
1782841256.880617142,1.770049260,1.579493634,3.057554939
1782841256.881622076,1.797183735,1.626446583,3.121379905
1782841256.887908459,1.819900380,1.634983984,3.150577145
1782841256.888816118,1.815754849,1.678387842,3.202934678
1782841256.889952898,1.827273516,1.694467857,3.219566220
1782841256.891759157,1.830246837,1.687651282,3.260347703
1782841256.893400192,1.814872804,1.709156277,3.284140121
1782841256.894945621,1.818052098,1.708790333,3.307911906
1782841256.900476933,1.820012376,1.723718345,3.320107070
1782841256.901647806,1.804314141,1.755084989,3.364442108
1782841256.903241873,1.780762962,1.752427759,3.394550320
1782841256.905531883,1.778270157,1.744390056,3.413441045
1782841256.906634331,1.755740335,1.747399834,3.464726128
1782841256.911514997,1.750746835,1.735348722,3.495076088
1782841256.913222790,1.712493485,1.738712259,3.574005873
1782841256.915219069,1.721013222,1.721802186,3.613371923
1782841256.916554451,1.696932058,1.716600427,3.667505475
1782841256.918331385,1.680155763,1.690608550,3.719575930
1782841256.925424337,1.691344718,1.668892774,3.757501881
1782841256.926543951,1.685186745,1.633191070,3.886335112
1782841256.928355455,1.670729696,1.607448316,3.914008283
1782841256.930522919,1.678402818,1.582291035,3.928798408
1782841256.931622982,1.666353129,1.566132125,3.952772587
1782841256.937923431,1.669845970,1.539176320,3.965715708
1782841256.938829184,1.644038900,1.499597983,3.975582280
1782841256.939942837,1.643991745,1.484944887,3.976053309
1782841256.941728830,1.620080362,1.441656689,3.996892672
1782841256.943332911,1.595089953,1.417302827,4.004777989
1782841256.950403929,1.590071144,1.389573365,3.989499102
1782841256.951739788,1.553459380,1.326378051,3.896592904
1782841256.953431606,1.532305760,1.297941726,3.864373212
1782841256.955572605,1.520968988,1.281306950,3.816805496
1782841256.956675291,1.464019052,1.230997004,3.727660453
1782841256.958647490,1.446032028,1.212120720,3.675682230
1782841256.963073730,1.416758099,1.188519843,3.627090535
1782841256.964092493,1.391703688,1.142208383,3.568018357
1782841256.965025187,1.381993928,1.123763799,3.547503550
1782841256.966664791,1.361191656,1.101037838,3.529752118
1782841256.968259096,1.360893121,1.085339396,3.507010542
1782841256.974125862,1.340415895,1.082763695,3.471144324
1782841256.974904776,1.315726282,1.069008642,3.366358059
1782841256.976650953,1.311628815,1.069395665,3.322016031
1782841256.978389502,1.307294629,1.059539283,3.284721994
1782841256.980583906,1.290303894,1.075137587,3.249489120
1782841256.981685400,1.284865014,1.072649912,3.215357942
1782841256.987950802,1.270721584,1.085829510,3.181087870
1782841256.988836050,1.225120418,1.061855479,3.108376311
1782841256.990030527,1.202766587,1.053876637,3.081936894
1782841256.991710186,1.195205797,1.053132286,3.056950983
1782841256.993326664,1.190771386,1.055803036,3.030766100
1782841257.000396490,1.171300276,1.063029552,3.008204563
1782841257.001745224,1.151269031,1.054169280,2.996056865
1782841257.003323317,1.159562458,1.062322819,2.990901388
1782841257.005350828,1.152381190,1.071242339,3.003572139
1782841257.006715059,1.168751605,1.063554791,3.008548174
1782841257.012976170,1.166048902,1.075095654,3.013263240
1782841257.013858795,1.233192309,1.062950507,3.095164873
1782841257.014986992,1.256087574,1.056792870,3.108555757
1782841257.016553402,1.301226693,1.062144099,3.116720015
1782841257.018290043,1.341709709,1.067635713,3.124964780
1782841257.020879984,1.361057412,1.075177952,3.138463791
1782841257.021693707,1.383809965,1.076113186,3.151595512
1782841257.025486946,1.397090102,1.073797655,3.164194640
1782841257.026611328,1.428117939,1.057491519,3.163627596
1782841257.028408051,1.462705258,1.066737688,3.160465960
1782841257.030577183,1.475282787,1.083908087,3.168479907
1782841257.031666994,1.505635315,1.081822438,3.169262740
1782841257.036954641,1.516566236,1.098268338,3.170710927
1782841257.038257837,1.552546739,1.108036839,3.180792502
1782841257.040207148,1.561161803,1.125366993,3.174380862
1782841257.041579485,1.578916797,1.128614706,3.168977487
1782841257.043322563,1.582853029,1.141581230,3.159400179
1782841257.050423384,1.585694266,1.158471019,3.156461077
1782841257.051741600,1.572910568,1.161008249,3.132888156
1782841257.053231478,1.573553430,1.171239850,3.114091115
1782841257.055530310,1.563052480,1.173147080,3.095687674
1782841257.056626797,1.565187435,1.173932648,3.082679850
1782841257.062891006,1.551897519,1.185032139,3.067850675
1782841257.063745022,1.533583125,1.177627772,3.023603200
1782841257.065093517,1.524229366,1.185433726,3.008903653
1782841257.066666126,1.529478517,1.194358804,2.992567238
1782841257.068310499,1.535224434,1.189807546,2.984810861
1782841257.075446367,1.531278533,1.205055541,2.972130274
1782841257.076577187,1.546051771,1.186477110,2.958789316
1782841257.078366995,1.546048409,1.197961833,2.946342533
1782841257.080544233,1.540635668,1.221049727,2.939315955
1782841257.081629515,1.547299835,1.208832130,2.930997838
1782841257.088008404,1.543306343,1.234378601,2.925182500
1782841257.088919401,1.548605489,1.218321692,2.913533341
1782841257.090046406,1.548142300,1.214067223,2.911928025
1782841257.091595650,1.542822017,1.232804667,2.898172832
1782841257.093317032,1.539319758,1.254649285,2.889935979
1782841257.098350286,1.527709989,1.274123234,2.874041598
1782841257.100458384,1.528821876,1.276412391,2.877900923
1782841257.101697206,1.531972850,1.278239768,2.870444439
1782841257.103355885,1.524937352,1.306200374,2.862461417
1782841257.105560780,1.518927296,1.331445738,2.862530416
1782841257.106683254,1.519310923,1.345053367,2.865380845
1782841257.112893581,1.513539614,1.368716837,2.865816587
1782841257.113776684,1.523208473,1.382924290,2.872454872
1782841257.114886522,1.526894489,1.393755091,2.875573518
1782841257.116694450,1.520811989,1.435289244,2.866730906
1782841257.118346214,1.523635433,1.444543229,2.876876830
1782841257.125436783,1.528766157,1.462767970,2.883911918
1782841257.126554728,1.539697561,1.487963021,2.943702438
1782841257.128223896,1.538775964,1.499087609,2.962907106
1782841257.130513430,1.538550984,1.509981301,2.977470985
1782841257.131605625,1.546765388,1.518687342,3.005975279
1782841257.138013601,1.544883665,1.524186435,3.018003869
1782841257.138867617,1.551672467,1.540846700,3.045242427
1782841257.139975309,1.551709833,1.545978305,3.044609884
1782841257.141754389,1.548191517,1.546415467,3.054583178
1782841257.143311501,1.546896277,1.564291606,3.062632485
1782841257.150551319,1.542034970,1.560917716,3.060115564
1782841257.151659250,1.539888985,1.589748235,3.052756044
1782841257.153339624,1.534852356,1.591669071,3.046703782
1782841257.155618429,1.531166960,1.577737358,3.041167271
1782841257.156714916,1.508645308,1.602771606,3.014561208
1782841257.158671379,1.514806819,1.594812662,3.012582071
1782841257.162859917,1.502762507,1.595426368,2.998764686
1782841257.163741589,1.482752472,1.604474808,2.954804571
1782841257.165097713,1.475567425,1.588394141,2.935740781
1782841257.166647911,1.468785752,1.580150565,2.922191764
1782841257.168295145,1.453074047,1.584360589,2.889555414
1782841257.173889637,1.444948934,1.562068795,2.867881968
1782841257.174910307,1.424456336,1.565429782,2.819156063
1782841257.176580429,1.356268313,1.565842228,2.809084079
1782841257.178234339,1.315427883,1.535492793,2.809519475
1782841257.180602551,1.281279980,1.493206296,2.829534471
1782841257.181716204,1.215493286,1.460634529,2.837896588
1782841257.187947273,1.194378094,1.423656029,2.845071969
1782841257.188827515,1.148220608,1.380537232,2.808174329
1782841257.189936399,1.141983512,1.376658030,2.788080762
1782841257.191760063,1.140453793,1.319904713,2.779997281
1782841257.193320513,1.131604023,1.320086417,2.757849572
1782841257.200475693,1.139029113,1.290796628,2.744745946
1782841257.201677322,1.118036851,1.274693202,2.717394664
1782841257.203254938,1.118180109,1.247546133,2.706817368
1782841257.205055714,1.115151740,1.216080972,2.701597084
1782841257.206576586,1.110733717,1.206458754,2.683200824
1782841257.213020563,1.115046138,1.172123306,2.665715653
1782841257.213896513,1.127654264,1.137474046,2.599073728
1782841257.214996576,1.142713310,1.126570592,2.578705287
1782841257.216572285,1.142421920,1.102811292,2.577324858
1782841257.218348742,1.149150432,1.088846143,2.572498934
1782841257.225529194,1.160935455,1.068712950,2.577628454
1782841257.226653099,1.168946870,1.103000098,2.604263319
1782841257.228316784,1.167558962,1.103809335,2.616797375
1782841257.230615139,1.178829546,1.091035687,2.628968531
1782841257.231696844,1.168438639,1.112957012,2.640741293
1782841257.234873295,1.170061156,1.096368425,2.646935739
1782841257.237953186,1.174968187,1.104994014,2.650406245
1782841257.238818407,1.163549600,1.136180229,2.679439984
1782841257.239933491,1.166171880,1.138314719,2.684915138
1782841257.241716385,1.152702998,1.126774704,2.712235222
1782841257.243313074,1.128709766,1.143037529,2.721859011
1782841257.250349998,1.121894333,1.138267738,2.733808364
1782841257.251664639,1.092082648,1.160280072,2.725875137
1782841257.253298044,1.074448466,1.162656660,2.720172713
1782841257.255597830,1.078929977,1.149064080,2.708802968
1782841257.256708384,1.063372347,1.166848652,2.683340125
1782841257.262906551,1.068673274,1.150590851,2.686980497
1782841257.263767481,1.059560430,1.162989079,2.700744051
1782841257.264885902,1.064788943,1.159532348,2.708885004
1782841257.266708612,1.057572834,1.132939320,2.740985823
1782841257.268323183,1.045068866,1.143689133,2.754869315
1782841257.275576591,1.059084453,1.121413482,2.776827150
1782841257.276696920,1.091271690,1.167394585,2.833657769
1782841257.278252602,1.090881945,1.161370660,2.872565795
1782841257.280627489,1.111561609,1.136807998,2.903530972
1782841257.281559229,1.110318221,1.156599525,2.919439018
1782841257.287974119,1.128168623,1.129727330,2.941990253
1782841257.288859129,1.158629776,1.156014512,2.958056258
1782841257.289966583,1.171969048,1.164100598,2.960513296
1782841257.291742802,1.176771623,1.103085835,2.983336144
1782841257.293307781,1.172935154,1.118506766,2.987202913
1782841257.296835899,1.182805123,1.091896573,3.004700595
1782841257.300610542,1.188863517,1.088247309,3.022154730
1782841257.301729918,1.182657007,1.082206988,3.049677290
1782841257.303304195,1.175475502,1.044670915,3.055608943
1782841257.305585384,1.180842329,1.011078673,3.059770734
1782841257.306804895,1.171538167,1.001797064,3.049926063
1782841257.312606573,1.159222641,0.963166891,3.045582614
1782841257.313453913,1.115137878,0.918069661,3.042807522
1782841257.315073967,1.109232692,0.883090331,3.047010773
1782841257.316763878,1.110665950,0.851277610,3.063479874
1782841257.318333864,1.109230629,0.829417460,3.077149205
1782841257.325419188,1.106051731,0.795708890,3.089188336
1782841257.326764584,1.111722463,0.717881906,3.096060317
1782841257.328352213,1.132729707,0.688133631,3.073748489
1782841257.330598831,1.125220875,0.672659275,3.046749354
1782841257.331731319,1.138231687,0.650597880,3.012517397
1782841257.337881327,1.130151867,0.643525804,2.977669381
1782841257.338755608,1.120112830,0.580859913,2.838969734
1782841257.340085506,1.120650028,0.588912664,2.810037802
1782841257.341542244,1.144667754,0.569719909,2.776302202
1782841257.343340158,1.164078997,0.576107834,2.743366510
1782841257.350580454,1.176867780,0.590566978,2.732888609
1782841257.351615906,1.222475103,0.569310737,2.703548429
1782841257.353272915,1.246364321,0.583420835,2.676185997
1782841257.355596781,1.253501506,0.607491276,2.653780018
1782841257.356675148,1.276451612,0.601103397,2.629242186
1782841257.362910032,1.279479814,0.624320303,2.601503978
1782841257.363783836,1.293665773,0.626203400,2.533231320
1782841257.364892960,1.285230437,0.623024900,2.513137868
1782841257.366670609,1.295022213,0.667039111,2.483145688
1782841257.368279934,1.301555452,0.658559565,2.455970066
1782841257.373834610,1.285489348,0.682012288,2.424727551
1782841257.375432491,1.250992613,0.677508779,2.372569231
1782841257.376761675,1.254761836,0.672947614,2.341029849
1782841257.378313780,1.250095661,0.680612547,2.308056175
1782841257.380539179,1.225703906,0.698058750,2.279379222
1782841257.381631136,1.200342465,0.672395532,2.247680953
1782841257.387878895,1.176715753,0.682571490,2.236307913
1782841257.388760805,1.155749266,0.640277701,2.248021268
1782841257.390083790,1.146420006,0.641473172,2.251648509
1782841257.391758442,1.156879147,0.644675181,2.260088673
1782841257.393289804,1.174913469,0.619478511,2.266889730
1782841257.400434017,1.171363514,0.631061196,2.274286376
1782841257.401745081,1.210279653,0.594944821,2.321580151
1782841257.403337955,1.237707331,0.600071955,2.327735848
1782841257.405628443,1.254730821,0.619327933,2.341860896
1782841257.406761408,1.308645018,0.608180021,2.351291428
1782841257.412880898,1.326010369,0.627149681,2.361505192
1782841257.413736820,1.402057636,0.627212449,2.377101865
1782841257.415062189,1.415845573,0.648552621,2.390895251
1782841257.416726589,1.444823783,0.665982427,2.396079712
1782841257.418343306,1.472327043,0.665755312,2.393746848
1782841257.425468206,1.484682799,0.687989623,2.401647916
1782841257.426596642,1.536084897,0.707202471,2.424508362
1782841257.428379297,1.554253108,0.727628349,2.420996595
1782841257.430585146,1.554175465,0.752127441,2.433415075
1782841257.431685925,1.573391067,0.762832110,2.435429226
1782841257.435627937,1.576730296,0.787845142,2.442659798
1782841257.437943697,1.580179950,0.793956099,2.445593876
1782841257.438804626,1.607777444,0.816753614,2.460642957
1782841257.439923763,1.612882573,0.819241827,2.470043423
1782841257.441699743,1.626862047,0.847782860,2.465251673
1782841257.443352461,1.642591605,0.858047224,2.466765637
1782841257.450453758,1.647989667,0.884163602,2.473617632
1782841257.451561928,1.682150190,0.914943333,2.462309077
1782841257.453226566,1.690040725,0.937044760,2.451194684
1782841257.455583096,1.687093914,0.947861689,2.434665505
1782841257.456695318,1.701908462,0.975374904,2.404355875
1782841257.462849379,1.698400071,0.995555749,2.387854953
1782841257.463742018,1.703698749,1.014088141,2.333245790
1782841257.465066195,1.690812098,1.024951310,2.309886174
1782841257.466773987,1.687313471,1.030369465,2.288960811
1782841257.468325138,1.684221288,1.029465182,2.269028498
1782841257.475512505,1.672048985,1.033921947,2.252810927
1782841257.476633787,1.649865568,1.050855554,2.287898555
1782841257.478430510,1.639735177,1.063471297,2.320784667
1782841257.480602026,1.632463320,1.073063300,2.359464243
1782841257.481726170,1.639862290,1.071198099,2.403402270
1782841257.487908125,1.634144080,1.080912324,2.438358088
1782841257.488785505,1.665288360,1.091268012,2.508209783
1782841257.489894152,1.678162502,1.097538876,2.525274881
1782841257.491665840,1.663939638,1.111211614,2.535820619
1782841257.493288517,1.663929586,1.119354817,2.545817808
1782841257.496692419,1.661931534,1.131624949,2.553443858
1782841257.500470877,1.666194270,1.147436724,2.557001015
1782841257.501621485,1.684561224,1.193725993,2.560050428
1782841257.503260374,1.685129556,1.211839921,2.580791466
1782841257.505625963,1.696534840,1.230549943,2.611805429
1782841257.506721973,1.705500422,1.252583157,2.640497359
1782841257.512687206,1.717898201,1.267456125,2.671452353
1782841257.513446808,1.754848122,1.320301015,2.744748604
1782841257.515016317,1.755883962,1.324217750,2.769883341
1782841257.516695499,1.754443357,1.337449070,2.792604527
1782841257.518326283,1.754318023,1.348704849,2.802464177
1782841257.525560617,1.755347921,1.362469874,2.822727808
1782841257.526669264,1.752269748,1.417758968,2.818533407
1782841257.528211594,1.744370275,1.418044123,2.820799957
1782841257.530619860,1.739714981,1.416971956,2.822576461
1782841257.531737566,1.735386066,1.430537415,2.823032414
1782841257.537922859,1.730945463,1.423000233,2.824433312
1782841257.538801193,1.710342583,1.442343250,2.803723473
1782841257.539909124,1.701254072,1.444910863,2.791949066
1782841257.541679859,1.690243733,1.427278216,2.790054678
1782841257.543324709,1.677495190,1.429832120,2.774691881
1782841257.550561190,1.666810570,1.418976876,2.766695005
1782841257.551654100,1.623844215,1.412175176,2.681107031
1782841257.553275108,1.605009535,1.394953229,2.662132042
1782841257.555614471,1.605523753,1.380925816,2.650200898
1782841257.556711197,1.594646622,1.380652212,2.630722758
1782841257.558730602,1.588646660,1.370492933,2.619422679
1782841257.562869787,1.581211698,1.369395437,2.606273536
1782841257.563725471,1.572601719,1.369658699,2.611919456
1782841257.565046310,1.572583927,1.359903476,2.631475584
1782841257.566714764,1.568956927,1.347820459,2.655266669
1782841257.568284512,1.566735918,1.354351310,2.690609417
1782841257.574808598,1.575006453,1.346172926,2.732147817
1782841257.575564146,1.580846342,1.362615848,2.819466771
1782841257.576668739,1.573295698,1.366767268,2.831760370
1782841257.578214884,1.565344517,1.359356976,2.843935228
1782841257.580629110,1.568544210,1.356818679,2.850876799
1782841257.581727505,1.561137925,1.370813094,2.854716272
1782841257.587876081,1.565095896,1.369187582,2.866125318
1782841257.588755608,1.576517894,1.429516718,2.914582447
1782841257.590082407,1.602932627,1.435412352,2.960802658
1782841257.591565371,1.611649061,1.458330564,3.018957928
1782841257.593272924,1.620720063,1.480494420,3.089356796
1782841257.600466728,1.648864609,1.478186931,3.155438453
1782841257.601583242,1.711763143,1.533956418,3.278187754
1782841257.603360891,1.716563313,1.538846661,3.311186341
1782841257.605581045,1.745037977,1.531817929,3.341909005
1782841257.606690407,1.739967935,1.557521625,3.360245935
1782841257.612982988,1.764666462,1.549156734,3.396469581
1782841257.613865137,1.810284869,1.622189094,3.541109778
1782841257.614963293,1.831204286,1.627073173,3.578399752
1782841257.616764069,1.834370608,1.578282995,3.651090542
1782841257.618299723,1.830303824,1.598972059,3.705676718
1782841257.621531010,1.848518622,1.558169333,3.771434494
1782841257.625496387,1.855895743,1.549681492,3.815327168
1782841257.626616240,1.841803759,1.543028925,3.887716718
1782841257.628304243,1.825882154,1.505995523,3.919122334
1782841257.630656004,1.836110820,1.452934883,3.947035425
1782841257.631769180,1.818474228,1.450438460,3.966170707
1782841257.636743307,1.821152375,1.393308319,3.978856271
1782841257.638351917,1.782860965,1.352212274,3.968054042
1782841257.640338421,1.781684895,1.298259882,3.973472088
1782841257.641675472,1.760705352,1.297392551,3.979627525
1782841257.643298388,1.739794191,1.248277324,3.985541137
1782841257.650472879,1.731037458,1.207424971,3.994533062
1782841257.651577473,1.698138739,1.147582302,4.002097521
1782841257.653236628,1.704451022,1.118591594,4.014752308
1782841257.655601978,1.712047443,1.082824313,4.025012186
1782841257.656691313,1.717171743,1.042770519,4.040338699
1782841257.662907362,1.721373604,1.013900049,4.034433669
1782841257.663763523,1.716308018,0.950968476,3.963358407
1782841257.664882898,1.711798934,0.928966231,3.925843019
1782841257.666684389,1.727200621,0.910644620,3.877468786
1782841257.668312073,1.732310484,0.885913561,3.839044685
1782841257.675457478,1.735324978,0.882394602,3.802338744
1782841257.676577330,1.729329399,0.836912105,3.720995549
1782841257.678365707,1.735757654,0.834620304,3.696395367
1782841257.680628300,1.731237869,0.834845935,3.673619917
1782841257.681729317,1.723457323,0.794844740,3.636048717
1782841257.687876225,1.715486868,0.803405817,3.606892571
1782841257.688784361,1.716038300,0.754856157,3.503428758
1782841257.689898014,1.713172451,0.751285112,3.471099240
1782841257.691701412,1.725926427,0.779189503,3.414519922
1782841257.693319082,1.732588833,0.767271364,3.356597148
1782841257.698726892,1.718463854,0.788735672,3.309634632
1782841257.700501680,1.680810157,0.780403886,3.221142699
1782841257.701599836,1.679258642,0.775111646,3.181587566
1782841257.703276396,1.681470091,0.789496728,3.135308851
1782841257.705647945,1.659225914,0.816156597,3.100738121
1782841257.706736565,1.639100757,0.803649986,3.055190720
1782841257.713040590,1.620028297,0.828805491,3.033580595
1782841257.713894367,1.599814467,0.823065499,2.995314745
1782841257.714989185,1.592419005,0.820561732,2.990490072
1782841257.716556311,1.595366426,0.835470689,2.967482774
1782841257.718296766,1.610488185,0.851573715,2.957845124
1782841257.725433111,1.599431162,0.875475548,2.945155038
1782841257.726548195,1.613635870,0.848823047,2.947638291
1782841257.728326082,1.629818533,0.857014912,2.930826260
1782841257.730606079,1.633931637,0.869930252,2.923530023
1782841257.731728554,1.669106046,0.846495734,2.911700986
1782841257.737921238,1.673817837,0.863069023,2.905007787
1782841257.738782644,1.716666828,0.832113641,2.893698201
1782841257.739892006,1.723599540,0.822887853,2.887264862
1782841257.741695404,1.745471336,0.861974357,2.872830384
1782841257.743316650,1.763643134,0.846331921,2.858212246
1782841257.750584841,1.771698785,0.859309012,2.849730661
1782841257.751641989,1.790420794,0.833677690,2.813274054
1782841257.753316402,1.801619136,0.847330224,2.794119396
1782841257.755567789,1.794910577,0.866749536,2.775360955
1782841257.756681204,1.806980557,0.861033418,2.757910758
1782841257.760076523,1.795979503,0.879844139,2.743768555
1782841257.763123989,1.800999666,0.883241498,2.733331800
1782841257.764051914,1.802216480,0.881982245,2.718479698
1782841257.764934063,1.793627418,0.876882501,2.721286189
1782841257.766735554,1.788353714,0.884214175,2.701697085
1782841257.768304110,1.793502262,0.896620121,2.707478805
1782841257.775441885,1.784571212,0.908377812,2.705868131
1782841257.776549578,1.789199101,0.885430777,2.705123552
1782841257.778235197,1.799994343,0.897995770,2.701448113
1782841257.780589342,1.793626173,0.919874839,2.703311889
1782841257.781674623,1.807278341,0.909238372,2.693365097
1782841257.787920475,1.806578880,0.930069092,2.692425286
1782841257.788803577,1.830817189,0.922132516,2.711807453
1782841257.789912939,1.835230279,0.926063981,2.726103299
1782841257.791572332,1.838457219,0.949849060,2.719329986
1782841257.793347836,1.848128805,0.981273006,2.714213495
1782841257.800462484,1.849038957,1.020521937,2.711283712
1782841257.801553965,1.885397137,1.019322788,2.698807398
1782841257.803356886,1.896426366,1.058006010,2.688048575
1782841257.805615187,1.887065254,1.099284907,2.678082910
1782841257.806757450,1.902619947,1.097956947,2.670042228
1782841257.813012362,1.894786373,1.139265836,2.657075415
1782841257.813908339,1.911948225,1.147420762,2.633560328
1782841257.815025091,1.910420493,1.153395483,2.626995302
1782841257.816591263,1.907245630,1.189076663,2.608111178
1782841257.818315268,1.902225686,1.225900127,2.584222146
1782841257.821788788,1.878912196,1.262507188,2.565117597
1782841257.825460672,1.869029813,1.264572209,2.552028416
1782841257.826561213,1.859974482,1.262713746,2.512703238
1782841257.828216791,1.846877307,1.293862157,2.480267057
1782841257.830639839,1.825240388,1.328712422,2.452013369
1782841257.831757069,1.819074253,1.325956603,2.425822435
1782841257.837677002,1.793084365,1.359256091,2.392583189
1782841257.838442564,1.744433807,1.373004639,2.296049143
1782841257.840012550,1.731438727,1.395627167,2.263405554
1782841257.841697216,1.713751909,1.416684265,2.231929751
1782841257.843308687,1.711546811,1.417595043,2.211436044
1782841257.850436926,1.685915109,1.431142205,2.193355601
1782841257.851548910,1.655966161,1.414523944,2.140817223
1782841257.853234291,1.634466315,1.424835705,2.121690859
1782841257.855632782,1.619238059,1.431375928,2.111817192
1782841257.856755018,1.604023441,1.421717285,2.086690582
1782841257.862940550,1.583121586,1.412185392,2.073250579
1782841257.863818645,1.517373702,1.404227153,2.010042877
1782841257.864939451,1.502183348,1.397745494,1.995046510
1782841257.866722345,1.477223376,1.393111206,1.994880181
1782841257.868377924,1.450489782,1.396397053,1.982870262
1782841257.875596285,1.433407497,1.384371868,1.981236123
1782841257.876722574,1.374378944,1.391937515,1.942262177
1782841257.878392935,1.357814213,1.383938003,1.954723732
1782841257.880621672,1.350115551,1.367343504,1.966623546
1782841257.881727934,1.335550869,1.370775485,1.977291772
1782841257.884979486,1.329669752,1.353608338,2.004535192
1782841257.888071060,1.323428279,1.354999458,2.015662731
1782841257.889166594,1.308350178,1.363759008,2.055618894
1782841257.890141964,1.307597513,1.364972798,2.073667807
1782841257.891767740,1.295894168,1.350870904,2.102171098
1782841257.893393993,1.283746618,1.334217698,2.125158115
1782841257.894946814,1.284760845,1.319250038,2.141601458
1782841257.900341272,1.280259338,1.327010912,2.132229892
1782841257.901786566,1.260920448,1.352525669,2.114457590
1782841257.903262615,1.252037988,1.337854668,2.114538848
1782841257.905606270,1.252056006,1.327656005,2.113133092
1782841257.906744719,1.233030660,1.349989923,2.086629743
1782841257.912959337,1.228511410,1.325805674,2.084240127
1782841257.913941860,1.220930074,1.352688843,2.062995646
1782841257.915095091,1.220342304,1.356356367,2.056936512
1782841257.916715145,1.216591913,1.339239860,2.063689705
1782841257.918365002,1.218299799,1.323072942,2.069710937
1782841257.925594807,1.225723196,1.305368499,2.074223699
1782841257.926720381,1.219715356,1.321221078,2.047585452
1782841257.928287983,1.216100200,1.312117672,2.045405948
1782841257.930641651,1.218967216,1.291671507,2.045586339
1782841257.931567669,1.204121483,1.305542419,2.025476623
1782841257.937945127,1.209369794,1.297791428,2.029157192
1782841257.938826323,1.188693147,1.310528474,1.998851201
1782841257.939939737,1.187075994,1.317648063,1.984540802
1782841257.941716671,1.187772641,1.281686381,1.987988816
1782841257.943332195,1.185064777,1.284869666,1.979913750
1782841257.950617075,1.179341489,1.272387100,1.972231482
1782841257.951795340,1.148742606,1.268176593,1.932010693
1782841257.953396320,1.146181336,1.255071308,1.927278018
1782841257.955647469,1.139259627,1.236975588,1.919407497
1782841257.956741571,1.111902268,1.243287985,1.888667137
1782841257.960952282,1.111275461,1.228481653,1.878764174
1782841257.961957216,1.099519064,1.248398021,1.870691387
1782841257.963299274,1.097482790,1.259549423,1.877905045
1782841257.964902401,1.108797116,1.264535204,1.914880038
1782841257.966596842,1.116592904,1.268487742,1.951350112
1782841257.968289614,1.120781301,1.291315792,1.990554069
1782841257.975509405,1.136732187,1.301586681,2.041175266
1782841257.976723194,1.158613442,1.367094150,2.142761697
1782841257.978324890,1.164841374,1.374531228,2.165716822
1782841257.980629683,1.175637827,1.368193013,2.182767559
1782841257.981738091,1.187965636,1.415006774,2.192528811
1782841257.988017082,1.206250719,1.425638420,2.212098857
1782841257.988893986,1.232867387,1.497895478,2.232873182
1782841257.990021229,1.249328542,1.514800274,2.243453746
1782841257.991584301,1.253244967,1.525733462,2.257425395
1782841257.993345976,1.261164831,1.538911080,2.281090255
1782841258.000472069,1.277247249,1.542300678,2.305299185
1782841258.001584768,1.301343063,1.580290338,2.350276854
1782841258.003274918,1.302195490,1.580312483,2.373596025
1782841258.005631208,1.320893906,1.563939951,2.407762384
1782841258.006729603,1.321240503,1.579697646,2.433750214
1782841258.013108730,1.328230170,1.551143888,2.459407050
1782841258.013965368,1.327029347,1.571649225,2.516734976
1782841258.015069246,1.330760762,1.576761885,2.545425831
1782841258.016625881,1.323439645,1.562651874,2.592225659
1782841258.018361807,1.322629618,1.547755697,2.640668204
1782841258.022149086,1.339937386,1.514386558,2.692237836
1782841258.025484800,1.337976866,1.510459842,2.711884662
1782841258.026610136,1.339487719,1.504720355,2.790644745
1782841258.028272390,1.340723003,1.473381382,2.835210326
1782841258.030659914,1.352640371,1.428119942,2.884148690
1782841258.031748056,1.353560929,1.435781181,2.929326703
1782841258.037167311,1.367113476,1.390829880,2.980140599
1782841258.038333178,1.407237387,1.359960910,3.092439608
1782841258.040335417,1.423146316,1.308275998,3.137114591
1782841258.041692734,1.428844991,1.299411637,3.164291602
1782841258.043308258,1.442707002,1.263692776,3.209404641
1782841258.050414801,1.448181909,1.216456496,3.239293792
1782841258.051779985,1.457825376,1.187112208,3.309443185
1782841258.053222895,1.459957262,1.155036010,3.331374670
1782841258.055570364,1.468477878,1.133402235,3.356258745
1782841258.056677818,1.472964241,1.124931900,3.387740944
1782841258.062965870,1.488164944,1.107829662,3.424267238
1782841258.063856840,1.507653712,1.067563515,3.529945672
1782841258.064959764,1.510456939,1.055043588,3.549844596
1782841258.066740274,1.512800809,1.030208048,3.565318875
1782841258.068387032,1.525871065,1.013327464,3.569019078
1782841258.069914818,1.518214883,1.000693085,3.553649804
1782841258.075607777,1.525099707,0.996288832,3.542638946
1782841258.076773882,1.523514911,0.970359836,3.499438713
1782841258.078382730,1.531572387,0.957591090,3.480942418
1782841258.080626726,1.529250537,0.952435769,3.457066271
1782841258.081762791,1.536784599,0.931792622,3.442051077
1782841258.087965012,1.536451216,0.932541331,3.432215011
1782841258.088858128,1.529641144,0.897159451,3.422654508
1782841258.089970827,1.520981228,0.894034506,3.426369069
1782841258.091759443,1.526232875,0.892853781,3.415551649
1782841258.093355656,1.524956872,0.877778688,3.412875822
1782841258.098432541,1.517918624,0.890056016,3.413475375
1782841258.100506783,1.492186912,0.866968178,3.389328104
1782841258.101665258,1.492171890,0.846831790,3.368528201
1782841258.103243589,1.503679596,0.849072265,3.342133406
1782841258.105602264,1.495216660,0.857409650,3.308980301
1782841258.106701136,1.491775940,0.839505001,3.274431500
1782841258.112963438,1.480477852,0.846939692,3.239748639
1782841258.113836765,1.436094866,0.809481474,3.146416131
1782841258.114970922,1.420868131,0.795987495,3.133334219
1782841258.116767883,1.429731655,0.803164347,3.112232891
1782841258.118340015,1.432916812,0.786561140,3.100696112
1782841258.125450850,1.424852202,0.792396661,3.096325831
1782841258.126546383,1.425442535,0.753825356,3.085526365
1782841258.128326416,1.439259440,0.754867830,3.073597446
1782841258.130616188,1.436515904,0.765383214,3.073449927
1782841258.131712914,1.450365784,0.753567422,3.064178974
1782841258.137923956,1.450633222,0.766101996,3.057367345
1782841258.138889313,1.463095968,0.757681589,3.025475962
1782841258.140016794,1.461683109,0.758268800,3.017939401
1782841258.141564608,1.481951376,0.766464286,2.997148657
1782841258.143325806,1.498451094,0.772736410,2.985817730
1782841258.145799875,1.500534823,0.784413480,2.983113367
1782841258.146548986,1.503970832,0.779418734,2.985149281
1782841258.150475264,1.506065155,0.768643036,2.992452595
1782841258.151563406,1.526360191,0.761124352,2.996527920
1782841258.153263330,1.542107616,0.765040934,2.986403175
1782841258.155590773,1.542462148,0.773199423,2.976534216
1782841258.156699896,1.558599018,0.755622041,2.966912801
1782841258.160691023,1.561519103,0.774314733,2.955948024
1782841258.161577225,1.559173815,0.763075767,2.938161560
1782841258.163406134,1.570867166,0.756296464,2.928150665
1782841258.165219784,1.564793320,0.768226501,2.912983344
1782841258.166566610,1.571010530,0.757692292,2.894852704
1782841258.168357372,1.577548156,0.763189139,2.875335140
1782841258.175370455,1.570172725,0.781947619,2.862389105
1782841258.176745892,1.552065893,0.762134110,2.801880065
1782841258.178428650,1.551755870,0.772756309,2.771303711
1782841258.180657864,1.544213325,0.785211294,2.748757333
1782841258.181766272,1.535189885,0.778584660,2.709909573
1782841258.188016415,1.525050002,0.788966317,2.694771522
1782841258.188893795,1.512979046,0.780360448,2.673895904
1782841258.189992666,1.505482494,0.779665049,2.677583454
1782841258.191571474,1.513819035,0.785230134,2.681179816
1782841258.193328142,1.516684688,0.790117184,2.681722360
1782841258.200451612,1.521172405,0.792037977,2.686878897
1782841258.201563358,1.544141340,0.797594678,2.705081550
1782841258.203340292,1.565823873,0.808727808,2.709850742
1782841258.205556154,1.571011772,0.827736037,2.707144967
1782841258.206665993,1.583341386,0.845841071,2.709617523
1782841258.213048935,1.588407417,0.860074052,2.708482428
1782841258.213978529,1.611865146,0.893411962,2.706076537
1782841258.215107441,1.621687765,0.901404598,2.708393167
1782841258.216664314,1.632570193,0.921228737,2.706046130
1782841258.218345165,1.641111907,0.938224757,2.698901578
1782841258.223066568,1.647578959,0.954636786,2.694026747
1782841258.223803759,1.650132592,0.972279489,2.691513250
1782841258.225622892,1.653094087,0.977144229,2.692684711
1782841258.226722240,1.662166132,0.990142416,2.692951069
1782841258.228295565,1.661821860,1.002076520,2.688250755
1782841258.230670214,1.665387488,1.015104354,2.688044062
1782841258.231769562,1.672771940,1.024932405,2.691673594
1782841258.238006592,1.673281671,1.034198763,2.690711177
1782841258.238883257,1.691891800,1.057358264,2.695044321
1782841258.239980459,1.686628767,1.061236806,2.681432259
1782841258.241748571,1.693695026,1.077034183,2.670941503
1782841258.243277311,1.697194627,1.086252876,2.655711645
1782841258.250442028,1.688742767,1.094922958,2.641938511
1782841258.251540899,1.677444165,1.100931380,2.605156800
1782841258.253402472,1.678224721,1.113873520,2.591139793
1782841258.255653858,1.675442102,1.110104683,2.576407872
1782841258.256586313,1.665133330,1.116827133,2.548188559
1782841258.263102293,1.657485778,1.114621748,2.532124842
1782841258.263976812,1.641182644,1.125894116,2.473336581
1782841258.265076399,1.632054769,1.127393240,2.458634551
1782841258.266628981,1.619631568,1.131394099,2.430157793
1782841258.268300295,1.615571172,1.133648951,2.413301569
1782841258.275484324,1.603864259,1.132554567,2.404802146
1782841258.276596785,1.545246022,1.105249468,2.381846243
1782841258.278399229,1.527293429,1.099626706,2.364369261
1782841258.280647516,1.511822275,1.086266672,2.347745239
1782841258.281738043,1.491156853,1.076981650,2.330319672
1782841258.285657406,1.481472454,1.067653115,2.316074194
1782841258.287888050,1.452019529,1.048190698,2.264567765
1782841258.288774252,1.440099518,1.051182416,2.240191848
1782841258.289882421,1.428647142,1.042883277,2.215330627
1782841258.291652441,1.414784850,1.044292241,2.185962598
1782841258.293332815,1.402405315,1.045185451,2.147560593
1782841258.300341606,1.391767715,1.047589399,2.127845458
1782841258.301560879,1.358585696,1.040050486,2.043143092
1782841258.303373814,1.350371874,1.044687480,2.021524937
1782841258.305575848,1.344232302,1.040492306,2.010744960
1782841258.306679726,1.336404985,1.042683973,1.990638629
1782841258.312941313,1.329234797,1.035504405,1.980282688
1782841258.313820124,1.298851110,1.031457878,1.934199998
1782841258.314915657,1.301346634,1.031520242,1.922198757
1782841258.316676617,1.296366087,1.031149097,1.912458563
1782841258.318339109,1.288108943,1.036488615,1.901716259
1782841258.325462818,1.290670270,1.034154135,1.880691301
1782841258.326553345,1.282639365,1.042102426,1.839823135
1782841258.328420639,1.276866053,1.045349849,1.819472232
1782841258.330644846,1.274530031,1.046937222,1.812997120
1782841258.331753016,1.265566927,1.057327222,1.796834049
1782841258.338056803,1.259760174,1.053521261,1.780586325
1782841258.338927507,1.242660750,1.058743211,1.759255645
1782841258.340028048,1.241454587,1.063712377,1.761488802
1782841258.341569424,1.243711524,1.065133629,1.768256324
1782841258.343292475,1.232939202,1.066016650,1.773605679
1782841258.346841335,1.227991689,1.068484894,1.780096978
1782841258.350452662,1.231558477,1.075519616,1.784991238
1782841258.351543188,1.225206794,1.093341591,1.788766709
1782841258.353203535,1.227574858,1.107369643,1.797313623
1782841258.355549812,1.233980395,1.109026495,1.790330557
1782841258.356637239,1.234203152,1.116535596,1.792068523
1782841258.362507343,1.236256621,1.120930262,1.787688116
1782841258.363267660,1.240220246,1.132977140,1.778737690
1782841258.364965439,1.233275497,1.136423630,1.783137183
1782841258.366657734,1.228526187,1.137072779,1.786428658
1782841258.368357182,1.222501150,1.141580452,1.791437641
1782841258.375588655,1.222180578,1.139387058,1.793049402
1782841258.376679659,1.204784337,1.134835424,1.796817448
1782841258.378345728,1.197925011,1.131795276,1.795672342
1782841258.380611658,1.202708742,1.127918171,1.799091564
1782841258.381702662,1.190939302,1.131321972,1.794092336
1782841258.387923717,1.195928642,1.129411074,1.806383482
1782841258.388780117,1.197996431,1.122795683,1.898126931
1782841258.389900684,1.198566815,1.115713105,1.905382556
1782841258.391679287,1.197412521,1.107434827,1.917052455
1782841258.393399477,1.194273133,1.103997975,1.913007890
1782841258.400615931,1.193300665,1.092603005,1.909709476
1782841258.401739836,1.196185073,1.095064765,1.877791642
1782841258.403285027,1.191363194,1.093008357,1.868311486
1782841258.405651808,1.195451639,1.093074194,1.862826532
1782841258.406735182,1.190832510,1.091555414,1.860282348
1782841258.408688784,1.186240114,1.083127588,1.866096774
1782841258.412895441,1.185140743,1.079223953,1.875053840
1782841258.413757801,1.190414527,1.069877368,1.881922813
1782841258.415094614,1.193337941,1.070573888,1.891806131
1782841258.416545868,1.199281260,1.066963979,1.897676182
1782841258.418339252,1.205801752,1.069638347,1.893939500
1782841258.423726082,1.203582141,1.062305634,1.903460732
1782841258.425496340,1.216793255,1.063881590,1.924848582
1782841258.426584959,1.225215909,1.065615590,1.930015637
1782841258.428264856,1.234247797,1.066460613,1.938850702
1782841258.430600882,1.237912065,1.072780554,1.954866498
1782841258.431688070,1.268716195,1.078969612,1.974492913
1782841258.437846184,1.280133643,1.084017756,1.990959078
1782841258.438728333,1.291393153,1.105810652,2.003062278
1782841258.440055847,1.303787588,1.115004798,2.009127356
1782841258.441748619,1.313557662,1.127545968,2.004895530
1782841258.443345785,1.322889295,1.138367405,2.007805872
1782841258.450439215,1.328791462,1.146128481,2.007430492
1782841258.451553822,1.343422514,1.163024634,2.004299346
1782841258.453339815,1.347631229,1.165015747,1.995319831
1782841258.455696344,1.352857302,1.166115577,2.000515276
1782841258.456629038,1.368629534,1.168428367,2.009582117
1782841258.463099003,1.365335708,1.166156535,2.015339618
1782841258.463992834,1.370280536,1.164869323,2.018171487
1782841258.465104103,1.372045584,1.160938059,2.007548243
1782841258.466683388,1.371656712,1.161379766,1.998708085
1782841258.468391418,1.369964203,1.156933201,1.986250470
1782841258.470704794,1.359208684,1.149910041,1.966427895
1782841258.471653223,1.354987566,1.148333782,1.959509887
1782841258.475616932,1.357618053,1.144212667,1.952033826
1782841258.476748705,1.354460210,1.137693040,1.937447410
1782841258.478307009,1.352439970,1.127804408,1.919530506
1782841258.480602980,1.352401675,1.127941065,1.919594371
1782841258.481686592,1.344105021,1.124827112,1.901784199
1782841258.486703396,1.345024472,1.119092159,1.900482466
1782841258.488379955,1.331820447,1.102146503,1.881066173
1782841258.490226746,1.328667357,1.099230338,1.874378374
1782841258.491573095,1.321912628,1.091221443,1.866684969
1782841258.493370533,1.321869117,1.087565570,1.864012767
1782841258.500498295,1.316627918,1.081800341,1.857361791
1782841258.501754284,1.290071616,1.056766563,1.827458117
1782841258.503262997,1.286193841,1.056446610,1.821486519
1782841258.505568027,1.278145574,1.048265531,1.808447855
1782841258.506674290,1.282107198,1.046721770,1.801797151
1782841258.512907982,1.273014336,1.042514100,1.791334174
1782841258.513797045,1.263369635,1.027016244,1.776363484
1782841258.514906406,1.261405055,1.020918053,1.776482051
1782841258.516690016,1.254355709,1.019095412,1.764549978
1782841258.518347263,1.255514558,1.019987037,1.764225411
1782841258.525463104,1.254325788,1.019936700,1.763166900
1782841258.526574612,1.257424331,1.011758656,1.774554627
1782841258.528369188,1.262775379,1.009810955,1.776513071
1782841258.530588865,1.266538628,1.007091533,1.772422680
1782841258.531699181,1.273907723,1.008625183,1.771228544
1782841258.538131952,1.284601800,1.009324174,1.770738346
1782841258.538999081,1.284243673,1.013184038,1.761729689
1782841258.540101767,1.278151268,1.011103363,1.752841813
1782841258.541658878,1.280901452,1.016910234,1.744531539
1782841258.543330908,1.279875310,1.018648460,1.733276409
1782841258.547165394,1.275233687,1.014931921,1.719566971
1782841258.550455809,1.276612330,1.018617047,1.715320164
1782841258.551587582,1.273059901,1.012023289,1.693446630
1782841258.553375006,1.272521222,1.011653556,1.683603681
1782841258.555597305,1.265008368,1.013066016,1.669082986
1782841258.556684017,1.266270360,1.007646752,1.661601964
1782841258.562587738,1.255785803,1.003430921,1.642806848
1782841258.563834667,1.227719000,0.989730601,1.597352168
1782841258.565105438,1.219403791,0.983812972,1.580119194
1782841258.566709995,1.215850118,0.979551655,1.563735367
1782841258.568272114,1.203425271,0.977237884,1.551493425
1782841258.575483322,1.199422804,0.974738089,1.544836569
1782841258.576604605,1.172865542,0.954181053,1.515628537
1782841258.578417301,1.164263424,0.952689161,1.506420373
1782841258.580626965,1.162269528,0.946018134,1.498611758
1782841258.581726074,1.153349767,0.943843129,1.483669579
1782841258.587901592,1.146219632,0.940145019,1.482542784
1782841258.588791609,1.132092050,0.922911613,1.460673527
1782841258.589897394,1.129886110,0.919843345,1.462533296
1782841258.591670036,1.123518014,0.916330472,1.453451892
1782841258.593335152,1.126485740,0.912056299,1.451014810
1782841258.600488663,1.121564980,0.908647262,1.451996854
1782841258.601588964,1.113282400,0.899693750,1.446767501
1782841258.603255749,1.109542237,0.892508933,1.439376683
1782841258.605629683,1.107739095,0.892344035,1.441619759
1782841258.606728315,1.103038922,0.888127862,1.431668284
1782841258.608657837,1.102175726,0.884749049,1.420569710
1782841258.612932682,1.100595285,0.881628308,1.417253704
1782841258.613837481,1.088098798,0.869063402,1.400409131
1782841258.614959002,1.082889458,0.869766962,1.389990515
1782841258.616762400,1.079656761,0.865687765,1.390370720
1782841258.618376493,1.077467379,0.869577285,1.380922397
1782841258.623595476,1.071609063,0.866055089,1.375677741
1782841258.625490904,1.070936019,0.863414832,1.372947047
1782841258.626601696,1.067410885,0.863998762,1.373178479
1782841258.628381014,1.066126525,0.854091169,1.364965398
1782841258.630611897,1.069256975,0.856701847,1.366792897
1782841258.631726742,1.066154133,0.855448249,1.368408873
1782841258.637900114,1.066541120,0.852527415,1.367536492
1782841258.638756514,1.070040179,0.852749834,1.378434041
1782841258.639873505,1.070814397,0.851797874,1.380663859
1782841258.641647577,1.076244301,0.855700230,1.380777429
1782841258.643359423,1.074571525,0.865142192,1.382410507
1782841258.650587559,1.076771922,0.865421126,1.385423426
1782841258.651706219,1.079497960,0.869093061,1.388943700
1782841258.653277397,1.079851033,0.869773586,1.388729096
1782841258.655657530,1.082339735,0.871532193,1.380190296
1782841258.656779289,1.078818707,0.864486657,1.379293274
1782841258.663033009,1.086164596,0.872998444,1.382163996
1782841258.663932085,1.092585656,0.882217952,1.379782968
1782841258.665042400,1.093010473,0.886378355,1.379238305
1782841258.666601658,1.095547901,0.887205095,1.374085187
1782841258.668305159,1.096416964,0.890185442,1.376102686
1782841258.670836687,1.097748983,0.895753713,1.368532667
1782841258.671630383,1.096978440,0.897440993,1.371767028
1782841258.675559282,1.098364156,0.899211498,1.368712437
1782841258.676689386,1.096210114,0.900416276,1.363519361
1782841258.678275347,1.096299649,0.905617219,1.363533976
1782841258.680651188,1.097336804,0.912186007,1.358937037
1782841258.681738853,1.090353861,0.909066772,1.359307562
1782841258.686384916,1.086501388,0.916405786,1.360843071
1782841258.688230515,1.083697314,0.917864351,1.361366500
1782841258.690123558,1.084044324,0.925364515,1.366000933
1782841258.691724777,1.085642773,0.934031892,1.365428947
1782841258.693332195,1.083888660,0.927701712,1.363888143
1782841258.700609922,1.086078889,0.933738814,1.359101004
1782841258.701735497,1.088813709,0.938192060,1.351526058
1782841258.703322649,1.085293061,0.937799375,1.344074619
1782841258.705641985,1.085456995,0.936033633,1.342739544
1782841258.706740618,1.081648629,0.935729877,1.336311212
1782841258.713055134,1.081550535,0.932673270,1.333875663
1782841258.713910341,1.073073546,0.920506064,1.330482844
1782841258.715037107,1.064601992,0.923126964,1.321320693
1782841258.716640711,1.062904875,0.915688349,1.319201496
1782841258.718334198,1.056313726,0.919315376,1.311228123
1782841258.725459576,1.058698516,0.916000413,1.305205965
1782841258.726567984,1.044089997,0.897173252,1.292936148
1782841258.728261232,1.047464764,0.904962828,1.299391348
1782841258.730637074,1.047921997,0.899283612,1.297352859
1782841258.731744528,1.049738157,0.893497830,1.297935709
1782841258.737989902,1.047969796,0.890417352,1.296995107
1782841258.738854647,1.049336098,0.884560745,1.302092521
1782841258.739955902,1.047870128,0.880866301,1.304888194
1782841258.741760015,1.051811748,0.886216783,1.304113507
1782841258.743339300,1.050277637,0.883572125,1.308118893
1782841258.748291254,1.048925734,0.882467538,1.304508896
1782841258.750435114,1.046611291,0.888072849,1.311807918
1782841258.751569986,1.047340860,0.884480807,1.313079805
1782841258.753376245,1.044408418,0.886857532,1.309652415
1782841258.755657673,1.046335655,0.888751932,1.307249309
1782841258.756742716,1.047941903,0.894214629,1.310667930
1782841258.762970209,1.047409182,0.898581793,1.309397657
1782841258.763827801,1.057149208,0.909215063,1.315611292
1782841258.764924288,1.057369797,0.911966318,1.322793699
1782841258.766734362,1.058010031,0.917765701,1.317877887
1782841258.768367290,1.057060446,0.921395724,1.316696721
1782841258.775567055,1.057007086,0.925924051,1.314787494
1782841258.776669979,1.062528970,0.939516594,1.312493580
1782841258.778230667,1.060816096,0.943148962,1.307097416
1782841258.780667067,1.064533366,0.956492213,1.309112009
1782841258.781779289,1.062453690,0.963803614,1.309730590
1782841258.788068295,1.065409399,0.967489838,1.306087002
1782841258.788927317,1.064572853,0.985305355,1.304322196
1782841258.790040493,1.056841987,0.986445233,1.302906292
1782841258.791588306,1.060087528,0.993001561,1.302265747
1782841258.793356895,1.057714225,0.996472470,1.296380346
1782841258.800489187,1.055758772,0.994582162,1.291850353
1782841258.801625490,1.051211123,0.993821298,1.286599181
1782841258.803420305,1.052181271,0.991116744,1.281144772
1782841258.805621862,1.050838792,0.989986393,1.273086592
1782841258.806721210,1.043117932,0.987674609,1.265445713
1782841258.810456276,1.044138669,0.985236608,1.254626943
1782841258.813054562,1.035861004,0.981869337,1.246028193
1782841258.813961744,1.029305757,0.979098929,1.245544664
1782841258.815079451,1.028271319,0.980562767,1.244099453
1782841258.816639900,1.024556600,0.974424728,1.240927737
1782841258.818361998,1.026579111,0.976221794,1.243399292
1782841258.825631380,1.028854352,0.975472323,1.242049389
1782841258.826547146,1.024553039,0.961057609,1.243222565
1782841258.828373909,1.022593260,0.958193633,1.249430938
1782841258.830599546,1.027154095,0.962502374,1.252835877
1782841258.831683397,1.023514436,0.955615965,1.254682428
1782841258.837953568,1.025027920,0.950611902,1.260350146
1782841258.838832378,1.025066636,0.936731574,1.267940519
1782841258.839936018,1.027007639,0.937235607,1.269865220
1782841258.841718674,1.030199867,0.937338239,1.270982300
1782841258.843344688,1.025020454,0.937439289,1.270327948
1782841258.850448847,1.023570887,0.938564048,1.275964802
1782841258.851567745,1.023373752,0.933675792,1.273201769
1782841258.853223324,1.023877639,0.929220127,1.273546063
1782841258.855633259,1.024754166,0.931570392,1.278599642
1782841258.856719494,1.021987215,0.931332594,1.278753795
1782841258.862981319,1.027374538,0.931577216,1.278461549
1782841258.863852739,1.022599620,0.919425123,1.275346562
1782841258.864966154,1.020946846,0.915314090,1.274731427
1782841258.866744995,1.020590664,0.919188798,1.270683274
1782841258.868346453,1.013156510,0.920342898,1.269220252
1782841258.874136448,1.012065722,0.923254463,1.268843975
1782841258.874889612,1.005461358,0.919045953,1.257843557
1782841258.876591921,1.007659907,0.922527950,1.260774735
1782841258.878368378,1.004306937,0.920323247,1.251464856
1782841258.880669117,1.005876378,0.918295496,1.256873538
1782841258.881546497,1.002480542,0.920157064,1.251299640
1782841258.888095856,1.004407574,0.919470816,1.250406289
1782841258.888969898,1.003362304,0.917412440,1.245633456
1782841258.890067816,1.004311029,0.919559344,1.248983377
1782841258.891639233,1.002872396,0.916986479,1.242483802
1782841258.893364191,1.005977149,0.920166211,1.245266254
1782841258.900548697,1.007378710,0.923851925,1.238007557
1782841258.901653767,1.006844251,0.929178914,1.235317026
1782841258.903337955,1.002628423,0.929554661,1.237860597
1782841258.905587912,1.008968382,0.932825575,1.237671198
1782841258.906580210,1.004507565,0.931861352,1.229645801
1782841258.913057327,1.007627433,0.930150968,1.226815676
1782841258.913968801,1.003983626,0.935737760,1.223329882
1782841258.915105343,1.001546302,0.936958105,1.217147227
1782841258.916659832,1.000852923,0.932557367,1.224511070
1782841258.918351412,1.001483651,0.934431303,1.225696411
1782841258.925628901,0.997915310,0.932023095,1.230388769
1782841258.926573992,0.994967576,0.923973342,1.231164971
1782841258.928426504,0.992784597,0.922536045,1.227863106
1782841258.930564880,0.999078564,0.918850589,1.227312171
1782841258.931688547,0.994341992,0.911815245,1.220004330
1782841258.935209274,0.990610265,0.906931499,1.211405956
1782841258.938027620,0.988741740,0.909011015,1.214933011
1782841258.938925028,0.983424966,0.898937461,1.204963077
1782841258.940050364,0.975564658,0.892075934,1.203780759
1782841258.941619158,0.975838296,0.889638919,1.197579192
1782841258.943371773,0.969303538,0.886078400,1.193635635
1782841258.950229406,0.968394695,0.882291209,1.197763577
1782841258.951697350,0.954057184,0.868603461,1.186928190
1782841258.953250885,0.950202204,0.864959349,1.187108577
1782841258.955642700,0.947521530,0.865834121,1.189468340
1782841258.956643105,0.943560589,0.852390144,1.185757144
1782841258.963001013,0.939617012,0.850102245,1.185038885
1782841258.963853359,0.940980350,0.842799381,1.185016711
1782841258.964957476,0.938709332,0.841506690,1.183994576
1782841258.966729403,0.934644963,0.835988911,1.180811640
1782841258.968454599,0.934589669,0.832555184,1.182347401
1782841258.969880819,0.933576074,0.836131336,1.179233259
1782841258.975559950,0.931814482,0.833610671,1.177031963
1782841258.976723909,0.925804110,0.828855706,1.166043018
1782841258.978316784,0.927613425,0.831468383,1.163914966
1782841258.980669022,0.924331000,0.834285031,1.163350119
1782841258.981554747,0.920531302,0.833183203,1.157079383
1782841258.987980843,0.917957317,0.832077804,1.149877944
1782841258.988844156,0.915084608,0.825766585,1.134335625
1782841258.989964724,0.913766477,0.826597637,1.136661548
1782841258.991734505,0.915526655,0.826173924,1.133510334
1782841258.993375063,0.919059536,0.822017327,1.133165960
1782841258.996118546,0.917861999,0.819416459,1.132449455
1782841258.996894598,0.919194049,0.821627215,1.137412856
1782841259.000595331,0.914976451,0.820093689,1.134985705
1782841259.001722813,0.910436995,0.821737967,1.151584455
1782841259.003316164,0.911501321,0.822626715,1.159412866
1782841259.005652905,0.910724902,0.820790935,1.167320655
1782841259.006748915,0.910362620,0.820608866,1.169472115
1782841259.011821508,0.911089424,0.818787119,1.172728215
1782841259.013405561,0.918995559,0.823521824,1.172634069
1782841259.015178204,0.923533640,0.829666391,1.175299657
1782841259.016637802,0.924268061,0.830308753,1.174898814
1782841259.018399239,0.920069122,0.835175634,1.177581052
1782841259.025644064,0.925484898,0.835751367,1.175100244
1782841259.026551962,0.932927186,0.848071284,1.186336521
1782841259.028361797,0.936433911,0.848512267,1.189198103
1782841259.030607700,0.937058574,0.848449298,1.190868352
1782841259.031698227,0.939350848,0.847383642,1.194799521
1782841259.037949800,0.946258428,0.848341919,1.196880826
1782841259.038823128,0.948606401,0.858607063,1.207975051
1782841259.039929628,0.949602933,0.858424893,1.207675644
1782841259.041699171,0.948802097,0.857999931,1.204653673
1782841259.043482542,0.943866697,0.856313375,1.202135239
1782841259.044900417,0.951776463,0.861406740,1.207581813
1782841259.050574541,0.947051110,0.859946049,1.200416557
1782841259.051721096,0.946926547,0.865047258,1.199415361
1782841259.053303242,0.945160128,0.859800154,1.191792101
1782841259.055619955,0.946776640,0.861863304,1.194701656
1782841259.056721687,0.945734574,0.857418153,1.194090461
1782841259.058499575,0.945659311,0.858251264,1.192976078
1782841259.063061953,0.944604876,0.854862380,1.193011909
1782841259.063949823,0.947651721,0.849512269,1.189970456
1782841259.065050364,0.946521056,0.846422017,1.190194708
1782841259.066605568,1.046857324,0.830856517,1.100632125
1782841259.068365097,0.960976103,0.798554364,1.192448248
1782841259.073810101,0.984317841,0.839944705,1.203073001
1782841259.075619221,1.017027208,0.861718609,1.099533306
1782841259.076719761,0.992930493,0.857360494,1.157335275
1782841259.078299522,1.029472743,0.870175102,1.123853758
1782841259.080634594,1.007976984,0.874276404,1.143768743
1782841259.081727266,1.022876183,0.873412905,1.119349971
1782841259.087948084,1.013252089,0.876549687,1.138826787
1782841259.088812113,1.027100341,0.889771107,1.134328825
1782841259.089919567,1.029225753,0.892759176,1.145734644
1782841259.091691494,1.034712034,0.892749140,1.144715790
1782841259.093368292,1.035052212,0.896952332,1.154933534
1782841259.100406408,1.034781195,0.899029898,1.154247093
1782841259.101736784,1.034266988,0.904100619,1.162127508
1782841259.103374004,1.031171710,0.906555159,1.161007476
1782841259.105687618,1.039415925,0.916632446,1.167592503
1782841259.106559277,1.027785587,0.914246292,1.175449924
1782841259.113104343,1.034530526,0.915616054,1.175758844
1782841259.114020586,1.030972124,0.927588417,1.190322791
1782841259.114881992,1.034772316,0.930897909,1.190121863
1782841259.116677046,1.037340498,0.933129299,1.188742480
1782841259.118375301,1.036781779,0.935576765,1.189234792
1782841259.125638247,1.036082447,0.932564667,1.187138688
1782841259.126765013,1.033866860,0.930480750,1.181229604
1782841259.128349304,1.032078049,0.928929947,1.184155886
1782841259.130634308,1.033167639,0.918101373,1.182449339
1782841259.131721735,1.031933435,0.913317974,1.181775039
1782841259.134687901,1.029663298,0.910948448,1.177285718
1782841259.135534286,1.032027127,0.901233849,1.175843351
1782841259.137965441,1.034142756,0.899172667,1.167909980
1782841259.138825655,1.033782525,0.894930512,1.168933012
1782841259.139948130,1.031380080,0.891738361,1.167683059
1782841259.141718864,1.029454019,0.892441567,1.162164568
1782841259.143367767,1.029303441,0.889771313,1.161465271
1782841259.149750471,1.026906418,0.889319628,1.157030391
1782841259.150526047,1.018209234,0.878579607,1.146082282
1782841259.151691675,1.019777226,0.875668401,1.142111791
1782841259.153421879,1.014406701,0.875020716,1.140709183
1782841259.155651569,1.014595923,0.870474678,1.136900720
1782841259.156758070,0.976640201,0.866904975,1.154877447
1782841259.163084507,0.992723106,0.850095318,1.130435120
1782841259.163949728,0.989988137,0.829103508,1.132667418
1782841259.165067434,0.996725283,0.828625013,1.124715148
1782841259.166616917,0.985754184,0.820409547,1.132785708
1782841259.168396473,0.981672674,0.821551048,1.129862310
1782841259.175614834,0.974263625,0.815735216,1.120504117
1782841259.176732302,0.960038456,0.811456378,1.112897602
1782841259.178280115,0.948740981,0.808358959,1.112172156
1782841259.180643082,0.941855888,0.809225225,1.105832674
1782841259.181782007,0.932756979,0.801244009,1.100568333
1782841259.188009739,0.929947276,0.799752223,1.091930695
1782841259.188861609,0.916624940,0.792141693,1.078300730
1782841259.189997196,0.911919370,0.789408774,1.074435425
1782841259.191548347,0.913050408,0.785141572,1.067849793
1782841259.193352938,0.911236388,0.772678329,1.060014329
1782841259.196132898,0.906467560,0.768976699,1.063157317
1782841259.196872234,0.902004739,0.768299109,1.056649749
1782841259.200576305,0.899653431,0.761802469,1.044773765
1782841259.201673031,0.895576103,0.754748023,1.038774910
1782841259.203374386,0.890885906,0.753993862,1.034449646
1782841259.205581188,0.885791012,0.745901839,1.027782977
1782841259.206674814,0.880046539,0.743450320,1.020111646
1782841259.211306810,0.874399656,0.737732186,1.011171515
1782841259.212047100,0.876101752,0.724884050,1.004253210
1782841259.213436604,0.873514663,0.716204519,1.002914070
1782841259.215194702,0.873923141,0.718342547,1.004010167
1782841259.216555595,0.873429930,0.711872453,0.997065373
1782841259.218392611,0.875452375,0.705951599,0.997740607
1782841259.225603580,0.874053293,0.702850848,0.989802122
1782841259.226694822,0.879609412,0.695978705,0.977768999
1782841259.228362799,0.879906539,0.694532486,0.973183307
1782841259.230700970,0.879191770,0.688138271,0.972476165
1782841259.231552124,0.885814546,0.682603043,0.969407893
1782841259.238089085,0.888102546,0.681707972,0.970721867
1782841259.238952160,0.910787012,0.683126937,0.974128985
1782841259.240056992,0.916038771,0.682754315,0.976760069
1782841259.241604090,0.923238852,0.680586293,0.977605658
1782841259.243368149,0.928772033,0.675674545,0.984863353
1782841259.250495911,0.938114370,0.672639693,0.987230131
1782841259.251620770,0.943388386,0.660282672,0.986855002
1782841259.253274202,0.945305171,0.660831159,0.986881938
1782841259.255629539,0.955242474,0.656298518,0.986367638
1782841259.256705284,0.951485300,0.638608177,0.977947080
1782841259.258621693,0.949748133,0.630854802,0.968570426
1782841259.263026476,0.955718624,0.627836726,0.965690158
1782841259.263936043,0.950929875,0.613040303,0.940098455
1782841259.265047789,0.948877344,0.605315445,0.935987066
1782841259.266625404,0.950807686,0.600825801,0.930928073
1782841259.268367052,0.950690603,0.592317694,0.917499257
1782841259.273627758,0.951598392,0.585699889,0.913490111
1782841259.275628805,0.950120226,0.571364249,0.898984573
1782841259.276775360,0.951251316,0.545154697,0.876372786
1782841259.278223991,0.946451631,0.531434654,0.865481613
1782841259.280665159,0.942816130,0.522024370,0.857445524
1782841259.281569004,0.938662146,0.508752905,0.845021155
1782841259.287933588,0.931027537,0.492064097,0.833390620
1782841259.288830996,0.800512358,0.456320537,0.846830240
1782841259.289938211,0.766606218,0.461221589,0.850987171
1782841259.291719198,0.774035753,0.444115166,0.821738882
1782841259.293366671,0.813924947,0.435895041,0.781779718
1782841259.300504923,0.834445405,0.424833875,0.746297697
1782841259.301599979,0.748092017,0.399829696,0.725513587
1782841259.303277731,0.729817788,0.389238583,0.717071951
1782841259.305319071,0.723895141,0.377488456,0.695245600
1782841259.306544065,0.727374717,0.360158828,0.674916711
1782841259.313024521,0.720882975,0.347654518,0.655565061
1782841259.313898563,0.688910394,0.298379807,0.562800930
1782841259.315004349,0.675867537,0.283518006,0.544923574
1782841259.316555500,0.653515409,0.277530198,0.530281614
1782841259.318348885,0.632671647,0.259573486,0.513713255
1782841259.321048498,0.622284359,0.251517780,0.500692186
1782841259.321834087,0.616543924,0.236110920,0.485116141
1782841259.325500965,0.606340739,0.228768926,0.467947940
1782841259.326629162,0.589873997,0.214786329,0.456345942
1782841259.328408003,0.575319213,0.207491128,0.437591129
1782841259.330642939,0.559648622,0.198399143,0.423584811
1782841259.331751108,0.543142990,0.193247331,0.413541327
1782841259.336681128,0.528171842,0.184207437,0.402347707
1782841259.338418484,0.480668667,0.154378955,0.357360974
1782841259.340220213,0.463859175,0.145401061,0.340289532
1782841259.341559172,0.443768441,0.134176544,0.327746955
1782841259.343331099,0.428955396,0.126196631,0.306951863
1782841259.350511789,0.408143305,0.117920711,0.294565609
1782841259.351596832,0.295290024,0.100594039,0.284160935
1782841259.353298187,0.276475586,0.097354948,0.269762074
1782841259.355660200,0.261624987,0.096839317,0.264094697
1782841259.356746912,0.241343108,0.094950897,0.250759676
1782841259.363016129,0.226021856,0.094716338,0.240784992
1782841259.363871813,0.157652878,0.084986722,0.205649512
1782841259.364983082,0.147191101,0.088240434,0.204662685
1782841259.366779089,0.140799847,0.087580497,0.187479552
1782841259.368352175,0.126740825,0.086295942,0.176194128
1782841259.375493526,0.117980149,0.075646425,0.154519279
1782841259.376597643,0.085569987,0.060471638,0.125639615
1782841259.378378630,0.075790020,0.062530452,0.119126182
1782841259.380681038,0.071695849,0.059691575,0.103152297
1782841259.381538868,0.052464465,0.053303036,0.075651746
1782841259.388115406,0.045666923,0.049976386,0.060923025
1782841259.388994694,0.096344636,0.036984596,0.008312880
1782841259.390098095,0.105804002,0.034202964,-0.008955572
1782841259.391678095,0.119199202,0.026415367,-0.024126956
1782841259.393367529,0.120151078,0.029019449,-0.023931971
1782841259.399312496,0.116874867,0.028234044,-0.030271188
1782841259.400077343,0.101006591,0.032134202,-0.040614793
1782841259.401574135,0.067452235,0.026838881,-0.035609673
1782841259.403342962,0.097480536,0.011757670,-0.049874163
1782841259.405708075,0.077481433,0.018387760,-0.033461747
1782841259.406579494,0.094669628,0.029574445,-0.025900476
1782841259.413136721,0.122738152,-0.007720769,-0.105023445
1782841259.414005280,0.025109566,0.068222085,-0.031314818
1782841259.414874315,0.000558142,-0.018861811,-0.016255357
1782841259.416661501,0.355170343,-0.078298629,-0.119297199
1782841259.418385267,0.021311884,0.081546882,0.009619460
1782841259.425629616,0.173781411,0.002683988,-0.068977492
1782841259.426719666,0.097284679,-0.001227635,-0.019896484
1782841259.428301334,0.196458958,-0.027140686,-0.087581863
1782841259.430640221,0.113340203,0.002140882,-0.046710848
1782841259.431745291,0.219650491,-0.056649695,-0.087717523
1782841259.437906027,0.015848924,0.000216041,-0.002039702
1782841259.438764334,0.094513831,-0.019481943,-0.033084252
1782841259.440096855,0.162941240,-0.027293946,-0.054361503
1782841259.441545725,0.112229683,-0.026253169,-0.036029604
1782841259.443384886,0.122998440,-0.022036301,-0.037362650
1782841259.450598001,0.148303033,-0.023299370,-0.051174068
1782841259.451719522,0.143431168,-0.026395376,-0.038153506
1782841259.453391075,0.124645395,-0.028364440,-0.033397596
1782841259.455621004,0.144890213,-0.023265710,-0.034676632
1782841259.456715584,0.131274237,-0.023826737,-0.033449611
1782841259.460336685,0.139869828,-0.026936178,-0.036412231
1782841259.463032246,0.130284330,-0.023494733,-0.030664417
1782841259.463898897,0.133388210,-0.032208786,-0.034202718
1782841259.465024948,0.131228810,-0.028946848,-0.031190408
1782841259.466584682,0.134875428,-0.028991396,-0.031240489
1782841259.468396187,0.132431739,-0.026096122,-0.029936088
1782841259.475639582,0.134862520,-0.027818900,-0.030366777
1782841259.476571321,0.133751260,-0.029481779,-0.036188953
1782841259.478410482,0.136867687,-0.025531359,-0.035477505
1782841259.480638742,0.132700066,-0.013358256,-0.027974450
1782841259.481747150,0.132853229,-0.022400660,-0.033342043
1782841259.488088131,0.135184711,-0.019323190,-0.031872860
1782841259.489005566,0.131759710,-0.016520356,-0.025725941
1782841259.489873648,0.131967508,-0.020482012,-0.027173585
1782841259.491684198,0.133575310,-0.017625626,-0.026509312
1782841259.493345022,0.134161881,-0.018042632,-0.027307038
1782841259.500537157,0.139457368,-0.017768916,-0.026828677
1782841259.501682281,0.134967289,-0.021524800,-0.018941475
1782841259.503272772,0.137759829,-0.020724775,-0.020934995
1782841259.505623102,0.136829999,-0.022248229,-0.022442776
1782841259.506725788,0.135173195,-0.024478427,-0.022688035
1782841259.512931585,0.136356894,-0.022458214,-0.017786930
1782841259.513797998,0.131812655,-0.025382376,-0.021191650
1782841259.514893055,0.134549442,-0.024479069,-0.018045674
1782841259.516687870,0.135199500,-0.023133781,-0.019311971
1782841259.518390417,0.135653428,-0.026707080,-0.023254469
1782841259.522946358,0.135750911,-0.023566102,-0.020708251
1782841259.524058104,0.135412605,-0.019355259,-0.024832500
1782841259.525116682,0.129864857,-0.017496781,-0.023851747
1782841259.526695013,0.132656407,-0.017554391,-0.022784647
1782841259.528343439,0.133282400,-0.018134450,-0.024421263
1782841259.530653000,0.134866582,-0.017807246,-0.023571856
1782841259.531777859,0.133719058,-0.015254869,-0.023435119
1782841259.537966251,0.135087428,-0.017166652,-0.025984173
1782841259.538907290,0.134840432,-0.017912143,-0.026828514
1782841259.540057182,0.139432569,-0.013292514,-0.022684777
1782841259.541627169,0.134581839,-0.017474699,-0.016052486
1782841259.543383837,0.138148262,-0.018661072,-0.021988082
1782841259.550619364,0.137239189,-0.020680684,-0.017947399
1782841259.551724672,0.136475424,-0.024531426,-0.024860472
1782841259.553406954,0.133262219,-0.022113099,-0.018128838
1782841259.555701494,0.135478795,-0.020590535,-0.018972519
1782841259.556560516,0.130726665,-0.020649417,-0.027276526
1782841259.563136339,0.135594629,-0.017184772,-0.022272617
1782841259.564015388,0.135170976,-0.015002687,-0.023840163
1782841259.564884901,0.137402674,-0.014739674,-0.021269063
1782841259.566667795,0.139033565,-0.014511443,-0.020590164
1782841259.568366289,0.134193825,-0.018136535,-0.025933658
1782841259.575521231,0.142898470,-0.017096142,-0.020123249
1782841259.576644182,0.138244173,-0.015997691,-0.022684273
1782841259.578242540,0.139572324,-0.016212285,-0.019501719
1782841259.580626011,0.137541785,-0.017181977,-0.021194834
1782841259.581740379,0.138914506,-0.017541470,-0.018067075
1782841259.585411787,0.135320491,-0.017749872,-0.018039091
1782841259.587991476,0.138105361,-0.023703110,-0.019400490
1782841259.588864088,0.135446961,-0.016948856,-0.020642381
1782841259.589975595,0.135725924,-0.023564334,-0.022046991
1782841259.591552496,0.136068405,-0.020965397,-0.024510568
1782841259.593364954,0.133914980,-0.019813842,-0.021336936
1782841259.600196600,0.134451230,-0.021157249,-0.025621350
1782841259.601761341,0.133713093,-0.017872384,-0.024724813
1782841259.603208303,0.132466060,-0.017222621,-0.025024654
1782841259.605689526,0.134953948,-0.011973313,-0.025361272
1782841259.606595993,0.135354748,-0.012278750,-0.027575797
1782841259.612931013,0.136548781,-0.011757990,-0.025014715
1782841259.613814831,0.147228100,-0.023811759,-0.023446570
1782841259.614928246,0.143948770,-0.029622011,-0.022328254
1782841259.616728306,0.146407424,-0.036081584,-0.022055472
1782841259.618384838,0.144911380,-0.036153393,-0.014023378
1782841259.625469685,0.145297637,-0.035480404,-0.001989730
1782841259.626576662,0.170322409,0.017207271,0.029071857
1782841259.628235817,0.174764649,0.028409459,0.044587691
1782841259.630552769,0.181260329,0.023178451,0.045047072
1782841259.631564379,0.192237987,0.000407159,0.040170675
1782841259.638130903,0.200452005,-0.001113513,0.038515764
1782841259.639049053,0.241714540,0.000803573,0.122154808
1782841259.639918804,0.271085258,-0.001926713,0.162898438
1782841259.641714811,0.292582129,0.004782985,0.203875037
1782841259.643394709,0.309565162,0.026749629,0.251483562
1782841259.646573305,0.341163553,0.050015145,0.282919295
1782841259.650641680,0.367118825,0.079565065,0.324092128
1782841259.651758194,0.424296526,0.155912376,0.395644608
1782841259.653337002,0.426112242,0.197426562,0.427004803
1782841259.655684710,0.468501813,0.218688369,0.450534816
1782841259.656562567,0.499136529,0.292463355,0.521357123
1782841259.662666798,0.504926468,0.336251604,0.563508789
1782841259.663472414,0.581267793,0.409498842,0.676448255
1782841259.665066242,0.609092890,0.438246836,0.720529939
1782841259.666727543,0.639357413,0.467796575,0.763416309
1782841259.668482304,0.660108100,0.494642863,0.801091289
1782841259.669962645,0.685231887,0.522116189,0.844920820
1782841259.675637245,0.709265192,0.551781365,0.896176772
1782841259.676737070,0.755203089,0.603270562,1.001333607
1782841259.678206205,0.767302218,0.627465256,1.054344511
1782841259.680679798,0.803801313,0.654233790,1.084784547
1782841259.681552887,0.836164813,0.700686272,1.160678434
1782841259.687919617,0.830429804,0.729146278,1.207973449
1782841259.688785553,0.862863208,0.822832756,1.321714188
1782841259.689888000,0.862984332,0.834408148,1.356934351
1782841259.691677570,0.766600514,0.861208459,1.450651213
1782841259.693408012,0.772209787,0.888085449,1.493539567
1782841259.694926262,0.833695178,0.912632889,1.497296032
1782841259.700626850,0.872071167,0.930818815,1.508880255
1782841259.701746702,0.869901665,0.975846866,1.592032495
1782841259.703310728,0.868810157,0.990743991,1.636229301
1782841259.705668688,0.865468941,1.019830667,1.668877748
1782841259.706756115,0.873972344,1.059362749,1.735511268
1782841259.709722042,0.876104586,1.085216023,1.759576973
1782841259.712960005,0.884790984,1.107575331,1.777609454
1782841259.713946581,0.892670244,1.130774025,1.818197604
1782841259.715135098,0.902932289,1.154460797,1.831457891
1782841259.716737270,0.909391548,1.156556521,1.854310807
1782841259.718375921,0.910260704,1.158302821,1.873671074
1782841259.724767447,0.912848954,1.173387711,1.882493115
1782841259.725524902,0.928490075,1.207067327,1.922300251
1782841259.726631641,0.927945820,1.207465790,1.948540811
1782841259.728318214,0.931406290,1.198163690,1.980710794
1782841259.730638981,0.924540426,1.212251755,1.995095907
1782841259.731738329,0.930692904,1.205111309,2.020819283
1782841259.737984180,0.929757174,1.218929815,2.044105330
1782841259.738840342,0.938338148,1.237734107,2.113110873
1782841259.739959002,0.943576205,1.250787076,2.135166574
1782841259.741740704,0.943575008,1.251619310,2.168191693
1782841259.743396521,0.949564468,1.252481825,2.188786188
1782841259.750543594,0.952081757,1.264974422,2.210871418
1782841259.751641989,0.983422479,1.307345077,2.292516322
1782841259.753341913,0.984191310,1.313529448,2.315633992
1782841259.755695105,0.992520951,1.327691560,2.341481042
1782841259.756579161,0.994291763,1.333837963,2.370857638
1782841259.763037682,1.000736778,1.343055834,2.388254514
1782841259.764018059,1.020390606,1.369783210,2.463595637
1782841259.764885902,1.031102269,1.377312367,2.486668742
1782841259.766690016,1.035902276,1.371074513,2.514211981
1782841259.768349171,1.046027130,1.374769054,2.542442326
1782841259.775629044,1.060854056,1.376342180,2.560535254
1782841259.776758194,1.122937359,1.393393127,2.657875529
1782841259.778321028,1.132792718,1.391193929,2.686665299
1782841259.780643702,1.144276385,1.389591901,2.716561929
1782841259.781719685,1.155767144,1.384556014,2.735853143
1782841259.785347939,1.161314946,1.384793988,2.753204273
1782841259.787992001,1.170733634,1.378293966,2.770069051
1782841259.788877010,1.193626567,1.378528269,2.798273323
1782841259.789989710,1.204485146,1.379631335,2.814635846
1782841259.791762114,1.214702347,1.362581315,2.837524131
1782841259.793381214,1.220036933,1.346385356,2.839577246
1782841259.800445795,1.217015794,1.345224781,2.852600609
1782841259.801678658,1.222709893,1.318537497,2.873700813
1782841259.803323746,1.223219813,1.302538162,2.886675428
1782841259.805636168,1.220071740,1.296155853,2.900202110
1782841259.806727648,1.231304686,1.282225363,2.917734497
1782841259.812979698,1.232552412,1.276314780,2.927240872
1782841259.813843489,1.254125040,1.268292906,2.963909018
1782841259.814947844,1.254772026,1.276702383,2.969875219
1782841259.816718817,1.265605957,1.273304838,2.982570110
1782841259.818448782,1.285151959,1.268528168,2.987926591
1782841259.819911003,1.287756854,1.271544885,2.993006752
1782841259.825519562,1.291328040,1.277330539,3.000304119
1782841259.826675177,1.299586523,1.262309681,3.005640835
1782841259.828270912,1.312289873,1.254882820,3.008003293
1782841259.830653667,1.319103679,1.262859237,3.014433307
1782841259.831768036,1.328392663,1.243355349,3.023135138
1782841259.837934494,1.326263202,1.250272906,3.023617698
1782841259.838801384,1.348288550,1.236479876,3.084515066
1782841259.839900494,1.345642333,1.229957802,3.092018582
1782841259.841673374,1.357257085,1.222715639,3.090988913
1782841259.843388319,1.371918962,1.202891551,3.096331764
1782841259.848739386,1.374332034,1.205529260,3.095596912
1782841259.850553989,1.382246018,1.189152472,3.087896590
1782841259.851687431,1.395812959,1.160923519,3.093879846
1782841259.853250980,1.411949719,1.144381542,3.099395928
1782841259.855698824,1.412396009,1.151543415,3.097860402
1782841259.856546640,1.415932129,1.123925414,3.106059519
1782841259.863056898,1.414971396,1.137815037,3.105849542
1782841259.863950729,1.409247506,1.097956207,3.136320012
1782841259.865068436,1.412599195,1.100349631,3.152236519
1782841259.866631985,1.415950845,1.092305744,3.150889107
1782841259.868364811,1.426038902,1.101964047,3.167518742
1782841259.875607252,1.424227773,1.140129410,3.166713395
1782841259.876693964,1.457970758,1.117669483,3.243511213
1782841259.878370047,1.476299771,1.148328854,3.251836689
1782841259.880673409,1.479177608,1.221896212,3.255372030
1782841259.881630659,1.531044239,1.203698061,3.298314926
1782841259.888131142,1.539093686,1.283235422,3.297777400
1782841259.889090776,1.616815685,1.282021609,3.357506122
1782841259.889989376,1.634794114,1.293830497,3.384941552
1782841259.891579866,1.656570188,1.348544585,3.388393432
1782841259.893389463,1.669037187,1.404879046,3.393476449
1782841259.900587797,1.663479986,1.489271264,3.396913638
1782841259.901717424,1.700403997,1.482207971,3.450233626
1782841259.903384209,1.703359890,1.531461124,3.441299981
1782841259.905672789,1.689292972,1.603768948,3.429105528
1782841259.906767607,1.703591505,1.588251116,3.451449478
1782841259.910178900,1.686748354,1.655446680,3.432575650
1782841259.913141012,1.678711500,1.660543968,3.435195073
1782841259.914026737,1.699606421,1.654817999,3.433954057
1782841259.914907455,1.697710912,1.659039854,3.436665235
1782841259.916696310,1.701881633,1.704783576,3.411234734
1782841259.918365479,1.700048441,1.755802079,3.385412076
1782841259.925081253,1.684813153,1.816172258,3.364096962
1782841259.926589727,1.697111691,1.820458080,3.366802016
1782841259.928339243,1.700711028,1.866559245,3.347480164
1782841259.930684090,1.684116233,1.920968384,3.337231685
1782841259.931546450,1.709226456,1.917582310,3.355054272
1782841259.937969208,1.706286652,1.972648489,3.349199534
1782841259.938826323,1.756242926,1.983524376,3.385051722
1782841259.939954758,1.772013746,1.996053240,3.410308309
1782841259.941770315,1.776809199,2.081072389,3.392423686
1782841259.943354607,1.804009652,2.093378846,3.409404477
1782841259.950463533,1.810344068,2.139515729,3.415397648
1782841259.951598406,1.879079508,2.192314180,3.486567166
1782841259.953446865,1.896173090,2.237174416,3.493064292
1782841259.955508232,1.907942677,2.278967317,3.509357417
1782841259.956723928,1.931179374,2.297967109,3.532188740
1782841259.962937355,1.941624893,2.338973752,3.550736782
1782841259.963803768,2.019667815,2.431458230,3.650534347
1782841259.964928389,2.037843352,2.460333967,3.681621767
1782841259.966711283,2.043937009,2.505933411,3.690162980
1782841259.968375683,2.066908292,2.533956643,3.713948331
1782841259.970861435,2.087554554,2.559777571,3.725587726
1782841259.971775293,2.104168096,2.582862198,3.748788580
1782841259.975698233,2.128354899,2.604964296,3.765090711
1782841259.976639509,2.142955639,2.632321585,3.775059225
1782841259.978293419,2.156054716,2.662737285,3.783819960
1782841259.980685472,2.181861894,2.685116976,3.800831343
1782841259.981565475,2.208482743,2.726779539,3.811057482
1782841259.986366749,2.222948936,2.736488511,3.823677788
1782841259.987181187,2.255045054,2.776946845,3.847844208
1782841259.988348484,2.259789003,2.804260533,3.861949679
1782841259.990304232,2.276260974,2.804171495,3.877057609
1782841259.991681099,2.274793287,2.833872072,3.893397318
1782841259.993383884,2.275639121,2.836361308,3.915721973
1782841260.000446558,2.304329750,2.825160086,3.927766692
1782841260.001566887,2.323185151,2.894613000,3.944639640
1782841260.005943060,2.357282826,2.876269127,3.960095061
1782841260.007380009,2.365390734,2.958600046,3.954432330
1782841260.008538723,2.379645833,2.977975971,3.941727075
1782841260.009914637,2.411119751,2.958679295,3.959218890
1782841260.011680603,2.410592622,2.944077952,3.981715649
1782841260.013500452,2.385022333,2.983810538,3.977415828
1782841260.014984131,2.420091576,2.944324569,4.010399055
1782841260.016670465,2.416677674,2.908959054,4.042860701
1782841260.018411636,2.372987943,2.952367856,4.053273813
1782841260.019892693,2.418053194,2.887465174,4.096276194
1782841260.025618792,2.422564204,2.908602445,4.104795187
1782841260.026757002,2.376811976,3.024379311,4.225332659
1782841260.028412342,2.356391741,2.990021512,4.342535726
1782841260.030592442,2.412605550,2.903854714,4.443860833
1782841260.031701088,2.346399578,2.969089974,4.509303288
1782841260.033410788,2.408711612,2.865572990,4.609282976
1782841260.038093567,2.421094663,2.900754729,4.653010624
1782841260.038994789,2.364581750,3.013903206,4.756682283
1782841260.039893866,2.367276661,3.044856517,4.802764832
1782841260.041726828,2.345604540,2.986182279,4.935857417
1782841260.043414354,2.323728947,2.919332222,5.060209280
1782841260.044914961,2.398922988,2.788779544,5.181501945
1782841260.049406528,2.401836759,2.839072249,5.225129559
1782841260.050162792,2.414143845,2.942209872,5.320615963
1782841260.051664591,2.338633127,3.068548255,5.369848496
1782841260.053377390,2.357458007,3.009567454,5.503870773
1782841260.055652142,2.485072844,2.856953423,5.656517299
1782841260.056775808,2.447918212,2.998845389,5.732756106
1782841260.063156128,2.574365899,2.835604648,5.887251910
1782841260.064294100,2.596681785,3.103241715,6.170423452
1782841260.065270424,2.627036445,3.167079332,6.270031573
1782841260.066682100,2.650114484,3.071485632,6.443274104
1782841260.068384886,2.680235013,2.950063474,6.602825154
1782841260.075604200,2.771821928,2.762318399,6.740424660
1782841260.076697111,2.732438363,2.931640137,6.887345053
1782841260.078373194,2.733865123,2.788256168,7.007186388
1782841260.080684423,2.790495501,2.605381979,7.090095448
1782841260.081584454,2.718182698,2.699678418,7.117988745
1782841260.088044882,2.790678030,2.475627323,7.193662937
1782841260.088942289,2.754337283,2.604828152,7.185073887
1782841260.090059042,2.744811253,2.608865948,7.181392282
1782841260.091604233,2.743120854,2.383994570,7.251813091
1782841260.093383551,2.738336865,2.164921320,7.320124746
1782841260.100623131,2.786040379,1.923409915,7.359749828
1782841260.101749897,2.711208285,1.982653946,7.337132256
1782841260.103309155,2.698532369,1.794385842,7.381087182
1782841260.105684996,2.717774383,1.602564450,7.404567436
1782841260.106540203,2.662232683,1.635017591,7.394907206
1782841260.110830069,2.679645807,1.470400907,7.419735384
1782841260.111699104,2.670354812,1.465848181,7.415808034
1782841260.113329649,2.613362702,1.492041151,7.440153858
1782841260.115320921,2.626592014,1.352767881,7.467817943
1782841260.116677761,2.576111903,1.380043924,7.494958810
1782841260.118382454,2.534526699,1.287800263,7.532527994
1782841260.125603914,2.534014380,1.183957832,7.567870395
1782841260.126567125,2.514319488,1.207950733,7.627929801
1782841260.128421307,2.472469482,1.141483167,7.677438014
1782841260.130673885,2.467966616,1.065259800,7.706969425
1782841260.131568193,2.426070392,1.051946797,7.738180274
1782841260.138126135,2.402855660,0.983603794,7.744568606
1782841260.139006853,2.328374314,0.933274958,7.696203588
1782841260.139874697,2.304679252,0.905336244,7.682190499
1782841260.141689777,2.240546369,0.864895790,7.677658993
1782841260.143414974,2.183982701,0.834745396,7.657841807
1782841260.150610209,2.133584162,0.813432805,7.616484540
1782841260.151729345,2.024319385,0.716849626,7.412345354
1782841260.153289557,1.978355576,0.721503895,7.323799516
1782841260.155704737,1.923502191,0.747530616,7.232332004
1782841260.156558990,1.853655860,0.681496554,7.039332233
1782841260.163070917,1.793995885,0.726569725,6.946324147
1782841260.163928032,1.648811998,0.627281391,6.667191188
1782841260.165023327,1.586654236,0.597673811,6.570660004
1782841260.166575193,1.553283005,0.642345231,6.448999555
1782841260.168393373,1.534839547,0.699824687,6.303082682
1782841260.173239231,1.476534415,0.784847414,6.140500618
1782841260.175627232,1.371467028,0.749373815,5.838517355
1782841260.176727057,1.363602405,0.715284200,5.674882407
1782841260.178395748,1.358881479,0.804675279,5.507265591
1782841260.180659533,1.308862289,0.925374136,5.343674893
1782841260.181744814,1.252548663,0.882459630,5.078460243
1782841260.188024521,1.208132680,1.000915578,4.935529070
1782841260.188879013,1.121825228,0.920701728,4.604983801
1782841260.190007210,1.073632308,0.930607776,4.518529033
1782841260.191560507,1.096064536,1.042791922,4.409649397
1782841260.193398952,1.115510078,1.147673880,4.299847990
1782841260.200641870,1.096813581,1.288434771,4.206006884
1782841260.201743841,1.083496369,1.239890353,4.088470993
1782841260.203292131,1.114557480,1.341020680,4.029191684
1782841260.205650330,1.094084704,1.470952496,3.975007486
1782841260.206567287,1.142917054,1.422240921,3.954977521
1782841260.212926149,1.124549349,1.543007929,3.900028761
1782841260.213810682,1.172949605,1.447483003,3.847633677
1782841260.214921713,1.178814994,1.423326455,3.843435232
1782841260.216727734,1.190372226,1.661048624,3.726475732
1782841260.218403578,1.263804906,1.609715508,3.706779684
1782841260.225616932,1.240781185,1.763336611,3.635442321
1782841260.226778984,1.356012183,1.649789611,3.638737030
1782841260.228355646,1.403495716,1.711762421,3.586216676
1782841260.230690479,1.381930952,1.783954449,3.557579588
1782841260.231584311,1.473750942,1.744965523,3.547425000
1782841260.235236406,1.450410924,1.812180094,3.518504815
1782841260.238176823,1.465320355,1.803289692,3.532217018
1782841260.239223957,1.566662143,1.750025067,3.520542117
1782841260.240136623,1.570188811,1.747295347,3.526374114
1782841260.241738558,1.645787981,1.807438730,3.476932764
1782841260.243401289,1.721064445,1.854908072,3.417679924
1782841260.250342131,1.694053903,1.918736056,3.407161273
1782841260.251563311,1.803892993,1.907619109,3.388327473
1782841260.253381491,1.867482723,1.962934486,3.326356122
1782841260.255713463,1.831966089,2.036652979,3.323176701
1782841260.256594658,1.931074300,2.035527154,3.287460256
1782841260.263125420,1.901724739,2.111032981,3.272800546
1782841260.264004707,2.010316701,2.125801878,3.252271152
1782841260.264875412,2.031026640,2.128961995,3.260298825
1782841260.266696215,2.064789778,2.220772679,3.218314138
1782841260.268404007,2.085500705,2.302393259,3.175917580
1782841260.275651455,2.053702818,2.383884762,3.174042742
1782841260.276748419,2.182854414,2.435152169,3.221396705
1782841260.278398275,2.185797602,2.517501390,3.206780838
1782841260.280678749,2.162125806,2.588121721,3.217460640
1782841260.281552553,2.212006035,2.604622256,3.216383792
1782841260.288272858,2.196935963,2.664802905,3.231884743
1782841260.290046453,2.257840391,2.763687837,3.258176968
1782841260.291725397,2.257659631,2.815797111,3.256636714
1782841260.293412685,2.281715066,2.847544315,3.263872454
1782841260.296668053,2.283009602,2.877233905,3.268559997
1782841260.300622940,2.326065919,2.911613755,3.270475738
1782841260.301745415,2.360788791,2.973529994,3.266015113
1782841260.303338051,2.340183527,2.995736489,3.286363349
1782841260.305657387,2.342751832,2.998626246,3.301256873
1782841260.306760788,2.326960541,3.021134079,3.318972251
1782841260.311660767,2.338813003,3.020777308,3.348604649
1782841260.313436508,2.312449014,3.054387040,3.395122202
1782841260.314884663,2.322899244,3.039138211,3.426072598
1782841260.316584826,2.309305804,3.008093818,3.492961472
1782841260.318455458,2.266179829,3.031104382,3.523704753
1782841260.319899797,2.301994202,2.990281037,3.575100273
1782841260.325599909,2.296716486,3.008389554,3.587758086
1782841260.326700211,2.240604440,3.078627045,3.668625150
1782841260.328305721,2.224417001,3.040040045,3.739173161
1782841260.330727816,2.270365177,2.983398138,3.785951164
1782841260.331589699,2.204903990,3.023427459,3.814085201
1782841260.338100672,2.260946992,2.959567363,3.868545455
1782841260.338966608,2.198750580,3.096103544,3.971224156
1782841260.340083122,2.196155637,3.125923345,4.013808094
1782841260.341636896,2.168975708,3.087679479,4.108953986
1782841260.343381405,2.144873922,3.047774119,4.206977004
1782841260.344900131,2.193193561,2.967556363,4.302973324
1782841260.350621462,2.180505416,3.002546952,4.323703231
1782841260.351742744,2.077243200,3.077945786,4.353432968
1782841260.353299379,2.061386225,3.036043644,4.416350239
1782841260.355696917,2.117373832,2.939649555,4.464160123
1782841260.356550694,2.024229316,3.056629873,4.478130784
1782841260.358829737,2.087413338,2.952045769,4.530002558
1782841260.363112211,2.029601533,2.976403243,4.488458057
1782841260.363973618,1.858672070,3.036030386,4.565332748
1782841260.365090132,1.842029441,3.060621124,4.579456687
1782841260.366645813,1.822898103,3.029989313,4.668280396
1782841260.368435383,1.791204610,3.002114227,4.738301301
1782841260.369895935,1.846100432,2.908926057,4.832067217
1782841260.374872208,1.830789166,2.938563997,4.856146527
1782841260.376562834,1.827321609,2.961950557,4.954325598
1782841260.378388643,1.760356793,3.074216697,4.942537711
1782841260.380697489,1.836607742,2.994245513,5.027487547
1782841260.381559849,1.835792392,3.154313856,5.032136994
1782841260.388069868,1.953438850,3.077352385,5.112420991
1782841260.388979197,2.050474166,3.291326577,5.185050368
1782841260.390085459,2.099958292,3.336027174,5.224351251
1782841260.391664267,2.166166190,3.320090446,5.300385797
1782841260.393356323,2.226908441,3.291215323,5.389337149
1782841260.400628090,2.326666920,3.198550434,5.479313516
1782841260.401740789,2.376412691,3.360108556,5.613929341
1782841260.403317451,2.428814011,3.276838776,5.710323380
1782841260.405632019,2.506861877,3.106390996,5.823576382
1782841260.406758785,2.531011452,3.208329783,5.876878001
1782841260.413187504,2.619247529,3.009165257,5.986915245
1782841260.415493727,2.731125691,2.878350663,6.143489470
1782841260.416609526,2.778800507,2.953725606,6.184646968
1782841260.418369293,2.838499005,2.764801363,6.295626450
1782841260.421233177,2.895684949,2.535137648,6.404115609
1782841260.422036409,2.896664649,2.545793564,6.443108626
1782841260.425638199,2.888348364,2.543017229,6.473128161
1782841260.426750422,2.852739021,2.565339799,6.492596733
1782841260.428342342,2.868509738,2.354538534,6.576241679
1782841260.430718660,2.877229134,2.140956508,6.645599297
1782841260.431579351,2.822370954,2.143171652,6.658726000
1782841260.436221600,2.833662107,1.957134573,6.710807100
1782841260.436953783,2.792658282,1.936979359,6.731185699
1782841260.438262463,2.757201020,1.943179020,6.741048165
1782841260.440331221,2.754391493,1.778182173,6.775476031
1782841260.441660881,2.717551711,1.781737766,6.800528900
1782841260.443389416,2.693093450,1.663193315,6.831141906
1782841260.450628757,2.685332922,1.561763468,6.843145758
1782841260.451740742,2.606193834,1.515861903,6.767875455
1782841260.453417540,2.593191904,1.458424416,6.742193216
1782841260.455736399,2.583467397,1.425282205,6.712004131
1782841260.456610680,2.550438938,1.393495490,6.637025747
1782841260.463142157,2.534215731,1.377731164,6.588428284
1782841260.464010715,2.484741764,1.306410171,6.479985484
1782841260.465102196,2.482333925,1.281107465,6.453180417
1782841260.466674566,2.468482406,1.279902552,6.392613348
1782841260.468387365,2.462984964,1.299697640,6.328857429
1782841260.475625277,2.434799142,1.331373840,6.256499498
1782841260.476730347,2.330489752,1.204904683,5.941388796
1782841260.478407145,2.310989518,1.246708337,5.812402334
1782841260.480711222,2.275495921,1.316780335,5.699579805
1782841260.481568098,2.261133208,1.281964888,5.589311674
1782841260.483784199,2.224400316,1.362759928,5.464920133
1782841260.488058090,2.191000067,1.335586426,5.358252195
1782841260.488916874,2.137722987,1.275829185,5.160387766
1782841260.490043402,2.096568131,1.257388973,5.069984776
1782841260.491596937,2.074995841,1.331079271,4.953288450
1782841260.493407011,2.052215590,1.407123100,4.835611705
1782841260.494883299,2.006905758,1.507692300,4.719679063
1782841260.499343395,1.969624468,1.488371783,4.645725947
1782841260.500128746,1.920872818,1.461370139,4.531593674
1782841260.501667738,1.921108383,1.433456376,4.483436085
1782841260.503411770,1.918983112,1.509261110,4.397291643
1782841260.505699396,1.885802082,1.608126151,4.332366554
1782841260.506575346,1.898964033,1.562619736,4.295998409
1782841260.513060808,1.872358354,1.654952108,4.230753149
1782841260.513945580,1.872046988,1.560761406,4.181280457
1782841260.515072823,1.872149511,1.544456215,4.178230231
1782841260.516627312,1.870783030,1.623649575,4.132137265
1782841260.518387794,1.882164536,1.703879284,4.085486541
1782841260.525639296,1.864161506,1.800328131,4.034588980
1782841260.526742220,1.923461560,1.706720066,3.975745451
1782841260.528323412,1.923933271,1.776364046,3.923732734
1782841260.530712128,1.903772723,1.866545015,3.875488002
1782841260.531768084,1.930991106,1.840684862,3.869263416
1782841260.538122416,1.906299271,1.921093375,3.818624843
1782841260.539008379,1.939310856,1.883647612,3.823011362
1782841260.539897680,1.947159237,1.876333880,3.825265502
1782841260.541686773,1.943872877,1.945709903,3.796962262
1782841260.543384075,1.957118101,2.009409124,3.767381252
1782841260.546718121,1.942459158,2.085618061,3.742380376
1782841260.550679684,1.951777656,2.080869902,3.751485611
1782841260.551597118,2.021287389,2.052767928,3.773404795
1782841260.553227186,2.042329845,2.100732818,3.748187384
1782841260.555718899,2.026774626,2.175168355,3.727160745
1782841260.556599855,2.082332981,2.153704183,3.728737895
1782841260.562813520,2.064926501,2.223240239,3.712464033
1782841260.563607454,2.104512824,2.238447186,3.724979146
1782841260.565003872,2.159366957,2.218829780,3.718595621
1782841260.566593170,2.193972670,2.260950024,3.691058794
1782841260.568405151,2.223172504,2.293608126,3.653465983
1782841260.569975615,2.205125194,2.343726741,3.640363814
1782841260.575573683,2.226853006,2.368079519,3.644483337
1782841260.576673508,2.291449513,2.370877682,3.640558309
1782841260.578383684,2.329536788,2.409396777,3.626110734
1782841260.580705643,2.316910201,2.466849883,3.617535109
1782841260.581566095,2.369753108,2.460820241,3.620759029
1782841260.588132143,2.356406780,2.509916133,3.617409691
1782841260.588986874,2.450759649,2.546393502,3.632704910
1782841260.590106249,2.469738231,2.562961404,3.632454125
1782841260.591652155,2.484969567,2.590505780,3.619682061
1782841260.593411684,2.497261741,2.628511753,3.602246676
1782841260.600630999,2.477635164,2.678264107,3.584695121
1782841260.601747274,2.508774518,2.673686553,3.577375205
1782841260.603299618,2.494806887,2.701703507,3.566619011
1782841260.605726242,2.463854980,2.744650852,3.554009182
1782841260.606580019,2.475659478,2.728506824,3.554081679
1782841260.608952761,2.444300371,2.764601979,3.539351454
1782841260.609890699,2.445489590,2.763361867,3.532897155
1782841260.613195658,2.440800417,2.760323510,3.526054028
1782841260.614970684,2.414788665,2.767211487,3.528069820
1782841260.616661310,2.376611436,2.765486081,3.537662548
1782841260.618432999,2.369099320,2.749785572,3.565997280
1782841260.624256611,2.346901794,2.760740362,3.582906925
1782841260.625082254,2.401138120,2.794655719,3.773038123
1782841260.626628160,2.398868256,2.794518851,3.863506086
1782841260.628429651,2.396112016,2.810403608,3.972965837
1782841260.630725384,2.423478644,2.821471542,4.030359284
1782841260.631600857,2.429779350,2.846858498,4.111180218
1782841260.637988091,2.471669683,2.864097786,4.169025161
1782841260.638856411,2.495941522,2.980622572,4.277934778
1782841260.639983177,2.530823379,3.022784691,4.312300702
1782841260.641754627,2.522261908,2.999621924,4.383652300
1782841260.643383741,2.493147798,3.051821497,4.426092701
1782841260.650701046,2.524375529,3.055098078,4.468313587
1782841260.651629210,2.516550432,3.216549678,4.586244787
1782841260.653279781,2.420087400,3.182892269,4.664594411
1782841260.654933214,2.365788996,3.156396770,4.711060335
1782841260.656704426,2.307070267,3.140771830,4.779856163
1782841260.663131714,2.303101191,3.140000241,4.801166468
1782841260.664085627,2.203609060,3.223355731,4.899604801
1782841260.665007830,2.200254905,3.239247076,4.896751585
1782841260.666608810,2.197149867,3.245551429,4.924485429
1782841260.668402910,2.168858870,3.237664649,4.939006168
1782841260.675649643,2.199173099,3.204045053,4.946740105
1782841260.676549911,2.164640347,3.279263877,4.904884377
1782841260.678366184,2.166798996,3.277763021,4.917455480
1782841260.680712938,2.222257996,3.246319266,4.931068728
1782841260.681580782,2.217097973,3.317062866,4.927048958
1782841260.685193539,2.264289551,3.290152399,4.961476574
1782841260.688180447,2.286348494,3.305751256,4.973876329
1782841260.690369606,2.313905525,3.323381528,5.032315312
1782841260.691703796,2.295610122,3.379329253,5.046833595
1782841260.693207741,2.350821433,3.351319109,5.081380099
1782841260.700707197,2.363947902,3.353948104,5.108323043
1782841260.701578617,2.462886183,3.523957092,5.127749658
1782841260.703342676,2.496390997,3.534686714,5.158891699
1782841260.705700159,2.545394351,3.522164532,5.198572524
1782841260.706568956,2.557752757,3.615956970,5.233923643
1782841260.713000298,2.592034867,3.595976068,5.295182287
1782841260.713872671,2.607392816,3.713614152,5.401847962
1782841260.714979410,2.605449697,3.740439234,5.428424405
1782841260.716743708,2.636703188,3.693945798,5.506177549
1782841260.718422413,2.626668591,3.744585344,5.515595367
1782841260.719892979,2.642636687,3.711521785,5.560874035
1782841260.725601435,2.636668838,3.739624700,5.584848520
1782841260.726711273,2.639840285,3.798337236,5.599685567
1782841260.728364468,2.627703949,3.774359341,5.630108499
1782841260.730756283,2.644471810,3.703638274,5.661011574
1782841260.731604338,2.625875129,3.730625904,5.650574002
1782841260.738194227,2.637079427,3.649817254,5.692427876
1782841260.740342855,2.616254617,3.545731251,5.708128853
1782841260.741660833,2.597505541,3.551753877,5.687815884
1782841260.743266344,2.610832234,3.435866576,5.719600813
1782841260.744921446,2.611400953,3.327531894,5.752254574
1782841260.748265266,2.594004944,3.311518302,5.727449770
1782841260.750643730,2.553258358,3.284557994,5.685537034
1782841260.751754284,2.492496002,3.274809306,5.625164503
1782841260.753206730,2.481869059,3.152781407,5.647115249
1782841260.755761623,2.480457715,3.011898266,5.674104587
1782841260.756635189,2.440245325,3.014764143,5.631729912
1782841260.763068914,2.435892168,2.865241994,5.663566859
1782841260.763980389,2.372634566,2.853585601,5.546822885
1782841260.765092850,2.366608801,2.841111396,5.511181795
1782841260.766636372,2.363780442,2.709952430,5.523644481
1782841260.768415213,2.364210622,2.584820697,5.546805981
1782841260.775669813,2.368458897,2.432552835,5.560095336
1782841260.776762247,2.284514319,2.398305763,5.478537137
1782841260.778425217,2.277375606,2.276356256,5.517288097
1782841260.780704021,2.287315589,2.138385966,5.563875441
1782841260.781589985,2.265183022,2.159907981,5.571686557
1782841260.788134813,2.279004807,2.034507732,5.631838703
1782841260.789010763,2.256045323,2.055652376,5.672956098
1782841260.789877653,2.260084499,2.060940669,5.675346396
1782841260.791672945,2.264146714,1.980926272,5.718028242
1782841260.793410540,2.263672258,1.905012751,5.761270900
1782841260.800835609,2.283041434,1.801867098,5.806327731
1782841260.801968336,2.301125275,1.865146886,5.880565913
1782841260.803442955,2.323129456,1.770007640,5.936590444
1782841260.805023432,2.330599154,1.715480366,5.984901446
1782841260.806714773,2.339337363,1.662285026,6.033352327
1782841260.810565233,2.356841858,1.673519308,6.073239887
1782841260.813160658,2.373354484,1.686491595,6.135081553
1782841260.814038038,2.369801709,1.727715834,6.154747608
1782841260.814930201,2.379782446,1.736644252,6.184353712
1782841260.816724062,2.384631474,1.690727042,6.210316094
1782841260.818410158,2.399022077,1.659700368,6.239293065
1782841260.825265408,2.416277847,1.600402525,6.278921118
1782841260.826749325,2.452632869,1.649158383,6.359036813
1782841260.828421116,2.468341241,1.620834129,6.388837896
1782841260.830732822,2.485412984,1.568712012,6.417333524
1782841260.831602097,2.500835921,1.582975154,6.421801712
1782841260.838007689,2.505720567,1.531295169,6.423179796
1782841260.838904381,2.470523841,1.490163598,6.340659747
1782841260.839997768,2.443900809,1.464542455,6.287772615
1782841260.841570616,2.434008215,1.447256599,6.221782439
1782841260.843425751,2.417011346,1.425086749,6.138988590
1782841260.850630283,2.386087100,1.412008673,6.064835150
1782841260.851738453,2.265827716,1.317746400,5.796833994
1782841260.853289843,2.237109806,1.304774082,5.693438888
1782841260.855723381,2.193083277,1.310199404,5.595705322
1782841260.856583595,2.169793502,1.261364808,5.501655534
1782841260.863096714,2.116736742,1.268531809,5.389153008
1782841260.863962889,1.948214749,1.058697225,5.092134104
1782841260.865065336,1.905066767,1.011983119,5.019149998
1782841260.866624355,1.892555803,1.019636353,4.921679892
1782841260.868439198,1.893829697,1.040579794,4.810644349
1782841260.869899988,1.857035305,1.082407209,4.692568167
1782841260.875555038,1.821512164,1.052245850,4.600737684
1782841260.876670599,1.768568199,0.996134906,4.413156524
1782841260.878331661,1.766024307,1.051772454,4.289632238
1782841260.880696774,1.737579012,1.138176227,4.170275055
1782841260.881575584,1.718275165,1.111449724,3.997312961
1782841260.886825800,1.692247178,1.187227516,3.894041713
1782841260.888341665,1.668976217,1.162803858,3.754232996
1782841260.890340090,1.643796534,1.257005747,3.674026327
1782841260.891688108,1.655893202,1.239253012,3.615981179
1782841260.893284798,1.633096473,1.315447415,3.552614501
1782841260.894961119,1.648425056,1.370475298,3.469442049
1782841260.900616884,1.636685789,1.346298979,3.448636001
1782841260.901723385,1.606155445,1.299857322,3.422342393
1782841260.903284073,1.609378517,1.367285377,3.373578915
1782841260.905709982,1.586134193,1.453053693,3.334987972
1782841260.906573057,1.608643149,1.402050153,3.303512225
1782841260.913151503,1.594529067,1.479515633,3.257903410
1782841260.914016724,1.636242334,1.428173704,3.228773439
1782841260.914874315,1.651088970,1.420944824,3.228817535
1782841260.916681051,1.685253589,1.486130201,3.189479996
1782841260.918400288,1.712541641,1.549313606,3.153508624
1782841260.925658941,1.726196210,1.631268928,3.107758808
1782841260.926760674,1.804264853,1.585682101,3.145870207
1782841260.928356409,1.823965603,1.642038319,3.106125667
1782841260.930696964,1.821817265,1.706802406,3.095762428
1782841260.931574583,1.882090868,1.681745127,3.101022845
1782841260.933804750,1.875225394,1.738854097,3.082034916
1782841260.938066244,1.892947835,1.728118482,3.081067158
1782841260.938919544,1.935277962,1.701505397,3.067652084
1782841260.940043449,1.946064714,1.695617635,3.068556074
1782841260.941595078,1.953580759,1.741681708,3.021848593
1782841260.943472147,1.959136902,1.786467572,2.993299103
1782841260.944902182,1.944656117,1.844466753,2.978869748
1782841260.949818373,1.952014047,1.844069612,2.986026251
1782841260.951694965,1.977036038,1.841589388,2.998357349
1782841260.953445435,1.984738248,1.889393145,2.992357314
1782841260.955737591,1.975957020,1.937353378,2.988385899
1782841260.956688166,2.010678355,1.946734994,3.021090264
1782841260.963114023,2.023831229,1.979382437,3.021825593
1782841260.963987112,2.124375861,1.999107194,3.080054224
1782841260.964877605,2.142288102,2.012251094,3.098911348
1782841260.966733694,2.159063946,2.051167838,3.084537466
1782841260.968219995,2.160801118,2.110012108,3.083715350
1782841260.969915152,2.174981413,2.144694170,3.080453166
1782841260.975667715,2.185156182,2.156944723,3.091853857
1782841260.976562500,2.219714731,2.181047153,3.114099471
1782841260.978377581,2.230292545,2.209237460,3.100010370
1782841260.980788946,2.225452437,2.251331147,3.094325678
1782841260.981846809,2.251383868,2.240273627,3.088633610
1782841260.983313084,2.246305448,2.284601465,3.074757782
1782841260.988126516,2.257865687,2.290221253,3.069953803
1782841260.989096165,2.296450507,2.286155456,3.052630539
1782841260.990007877,2.301425511,2.288708560,3.041981250
1782841260.991632223,2.308094745,2.308940223,3.016543628
1782841260.993423700,2.305952948,2.331086693,2.992492524
1782841261.000662565,2.289175511,2.368140446,2.970380746
1782841261.001551151,2.280430045,2.358197863,3.009096101
1782841261.003286123,2.269216978,2.378285210,3.034678734
1782841261.005725384,2.246704182,2.405847017,3.057801155
1782841261.006605387,2.258480174,2.411077173,3.097352096
1782841261.010156393,2.255470232,2.441446839,3.121085731
1782841261.013169289,2.269521125,2.459532352,3.148344230
1782841261.015462399,2.292365308,2.509492655,3.226275598
1782841261.016585350,2.303531522,2.522669071,3.274826744
1782841261.018475056,2.313950700,2.553635410,3.335800313
1782841261.019924879,2.339094123,2.589976017,3.396198709
1782841261.025535345,2.373092425,2.619148564,3.444775993
1782841261.026636600,2.478098601,2.733591029,3.601693685
1782841261.028268814,2.501267493,2.761419736,3.658770675
1782841261.030687094,2.537305575,2.790523497,3.696969498
1782841261.031569004,2.547000659,2.830938044,3.727581379
1782841261.038186312,2.576114442,2.860240023,3.757513874
1782841261.040349483,2.633247054,3.036120705,3.827268260
1782841261.041688204,2.635560859,3.089484300,3.841966239
1782841261.043411493,2.650774137,3.115159479,3.875626586
1782841261.050638199,2.681496095,3.130168614,3.893856306
1782841261.051738262,2.700984270,3.337043086,3.912172522
1782841261.053401470,2.697111274,3.334252940,3.928116707
1782841261.055743933,2.705388720,3.322133788,3.924325167
1782841261.056608438,2.668099164,3.346236759,3.899667930
1782841261.063062429,2.669328640,3.322733370,3.885546543
1782841261.063978195,2.568468880,3.350320283,3.765747735
1782841261.065076828,2.535427059,3.339108774,3.719869698
1782841261.066670418,2.501717781,3.306260252,3.698952398
1782841261.068434238,2.474504017,3.277635305,3.691654316
1782841261.072142363,2.463269431,3.232456492,3.684568615
1782841261.075652599,2.429059431,3.222234846,3.662393975
1782841261.076754570,2.358453219,3.214643407,3.652747264
1782841261.078319073,2.332666347,3.185031355,3.677895076
1782841261.080764771,2.330500070,3.134992204,3.679419288
1782841261.081633568,2.285377611,3.138815679,3.662952163
1782841261.087335587,2.277849557,3.097554568,3.659593044
1782841261.088273525,2.159121169,3.093483025,3.502382455
1782841261.090055466,2.136855429,3.067806283,3.499869469
1782841261.091665030,2.104063581,3.082310028,3.481800864
1782841261.093464613,2.099818370,3.063333290,3.505659077
1782841261.094924212,2.112668495,3.037848945,3.535934946
1782841261.100631714,2.106505723,3.056845757,3.555922247
1782841261.101732731,2.090587593,3.100393228,3.599432017
1782841261.103309870,2.099848660,3.088393126,3.633643867
1782841261.105745316,2.116565933,3.064443234,3.661008527
1782841261.106620312,2.097521043,3.101216851,3.651694699
1782841261.113130808,2.109086467,3.077268645,3.667813656
1782841261.113998175,2.087939702,3.124586138,3.630927202
1782841261.114881992,2.083185759,3.132126581,3.624136497
1782841261.116676807,2.075170449,3.111264551,3.638075521
1782841261.118498564,2.071363954,3.090259992,3.651896777
1782841261.119967699,2.074590874,3.057490204,3.677002557
1782841261.125676870,2.063657319,3.061631366,3.679424144
1782841261.126559973,2.037329164,3.082023085,3.706463016
1782841261.128365517,2.035415652,3.057493101,3.743267763
1782841261.130730152,2.054473010,2.996180898,3.808178338
1782841261.131599188,2.029492918,3.046821909,3.847785427
1782841261.133691311,2.050985477,2.982729970,3.918563259
1782841261.138125181,2.046899769,2.990199380,3.940026098
1782841261.139035702,2.021402773,3.028774872,3.951874680
1782841261.139923334,2.017114194,3.036853233,3.966170335
1782841261.141747475,2.025907945,2.978503539,4.019480937
1782841261.143419504,2.036995988,2.909878103,4.073987120
1782841261.149718761,2.063669544,2.785971591,4.160309765
1782841261.150512218,2.071216652,2.823081938,4.192827687
1782841261.151776314,2.076754926,2.877749819,4.182582343
1782841261.153361559,2.106684493,2.792022937,4.265598553
1782841261.155740499,2.137587816,2.642675618,4.384845438
1782841261.156628847,2.151166842,2.710444108,4.385125672
1782841261.163095236,2.178880746,2.550803849,4.509242559
1782841261.163971186,2.254277813,2.685717648,4.567696234
1782841261.165073395,2.278626286,2.717732439,4.596266426
1782841261.166630268,2.308962783,2.592310305,4.712856058
1782841261.168428183,2.319330385,2.452150482,4.824240165
1782841261.169910192,2.329923393,2.266742617,4.954663328
1782841261.175640583,2.350247281,2.277774832,4.991291299
1782841261.176758528,2.367057052,2.330913790,5.048126665
1782841261.178428411,2.352306559,2.172877578,5.177798414
1782841261.180730581,2.339861079,2.002054048,5.295576184
1782841261.181608200,2.338250477,2.039957702,5.332751740
1782841261.188158989,2.315025674,1.868740163,5.425874861
1782841261.189042807,2.293047134,1.869850731,5.425600728
1782841261.189914942,2.278652841,1.859575297,5.420379082
1782841261.191705227,2.233196461,1.706626560,5.472413934
1782841261.193428755,2.186502702,1.567040612,5.521493410
1782841261.196799755,2.146745538,1.438714330,5.559691948
1782841261.200638294,2.118319331,1.412200648,5.565170755
1782841261.201755524,2.048599670,1.355153675,5.574905899
1782841261.203416348,2.006870404,1.246552318,5.597111694
1782841261.205662727,1.971434033,1.162016264,5.600564503
1782841261.206778288,1.920668501,1.094988587,5.594769302
1782841261.212922096,1.897832745,1.024773772,5.583698487
1782841261.213920593,1.846455722,0.920518053,5.544396252
1782841261.214940786,1.834614599,0.880742544,5.533817624
1782841261.216640472,1.833185456,0.828754028,5.534390553
1782841261.218257189,1.846310261,0.781325063,5.523067001
1782841261.219939232,1.898879251,0.803142248,5.492044776
1782841261.225630999,1.892232546,0.766420188,5.487853992
1782841261.226755381,1.888771414,0.633478636,5.441986852
1782841261.228351593,1.922576700,0.621737591,5.397128018
1782841261.230741262,1.948376321,0.646653326,5.348296113
1782841261.231655598,1.960078852,0.584380464,5.313444143
1782841261.238169193,1.992239806,0.608510410,5.269277012
1782841261.239088058,2.020707332,0.464440371,5.158302860
1782841261.239978552,2.026422195,0.416740388,5.114549385
1782841261.241569519,2.070551628,0.435487875,5.053056773
1782841261.243444204,2.106826221,0.449760205,4.991327759
1782841261.250688791,2.131921606,0.504325256,4.937415993
1782841261.251560688,2.166865771,0.380749330,4.787234695
1782841261.253219128,2.199279866,0.411365718,4.707721709
1782841261.255728483,2.204367139,0.489344020,4.645762925
1782841261.256606102,2.213279590,0.442299871,4.574022776
1782841261.259382486,2.199016859,0.515037858,4.494333836
1782841261.260165215,2.167843170,0.499782798,4.415888424
1782841261.263169289,2.129923436,0.493034302,4.341355800
1782841261.265425920,2.102332012,0.526928034,4.240243632
1782841261.266760111,2.069271669,0.472831932,4.147055107
1782841261.268439054,2.034704230,0.507301231,4.043570498
1782841261.274196625,1.977028993,0.557808696,3.938799813
1782841261.275009155,1.705791206,0.472283218,3.579717512
1782841261.276762247,1.656449231,0.496268536,3.486263060
1782841261.278347731,1.605454406,0.451988078,3.397655811
1782841261.280743361,1.544606764,0.506176420,3.305995835
1782841261.281622410,1.498345894,0.458652342,3.232708392
1782841261.288136244,1.443810082,0.507235624,3.156006471
1782841261.289064646,1.314459250,0.432598556,3.011418842
1782841261.289960146,1.279445631,0.411752710,2.976600209
1782841261.291612148,1.268604544,0.433936778,2.940601690
1782841261.293435812,1.272873437,0.454442171,2.912443870
1782841261.300633192,1.260940784,0.490382285,2.890271894
1782841261.301728725,1.267509598,0.386440315,2.839934677
1782841261.303330183,1.298221693,0.403433868,2.809795646
1782841261.305735826,1.314486352,0.447758279,2.775804334
1782841261.306613207,1.352571409,0.422877468,2.755494826
1782841261.313064098,1.376668240,0.467277035,2.727126147
1782841261.313939810,1.469668977,0.441032006,2.681166694
1782841261.315054417,1.496434033,0.439933132,2.682745097
1782841261.316618204,1.540905043,0.479112906,2.662545128
1782841261.318421602,1.584941414,0.520067920,2.652921882
1782841261.325677395,1.602071825,0.566176836,2.656530145
1782841261.326633930,1.697548540,0.542566159,2.696365630
1782841261.328257799,1.727546706,0.569142177,2.692869364
1782841261.330743790,1.733888553,0.605229564,2.696403321
1782841261.331613302,1.761892923,0.597853586,2.711847311
1782841261.334856510,1.771611836,0.631750852,2.713301537
1782841261.338065386,1.784421911,0.626643939,2.721757299
1782841261.338940382,1.814468326,0.618609754,2.743236131
1782841261.340073347,1.821882809,0.620572052,2.758273943
1782841261.341619492,1.840753264,0.654364028,2.761508467
1782841261.343402386,1.854763013,0.680429441,2.756242502
1782841261.349876881,1.859731880,0.716746517,2.763677889
1782841261.351672173,1.880202002,0.751197217,2.768372884
1782841261.353251696,1.905011805,0.754162500,2.767845391
1782841261.355758905,1.906190519,0.787144880,2.767414474
1782841261.356644630,1.924425560,0.786855254,2.760972762
1782841261.363063574,1.928185928,0.820939575,2.757987411
1782841261.363942385,1.951983417,0.829210713,2.742761659
1782841261.365047932,1.961598591,0.841090090,2.746498444
1782841261.366599560,1.976056374,0.861521387,2.738117550
1782841261.368420124,1.991934441,0.888889389,2.735322851
1782841261.375737429,1.998690812,0.918956888,2.737804967
1782841261.376618862,2.057395151,0.953765549,2.717117950
1782841261.378419161,2.066178589,0.984748281,2.704089501
1782841261.380740881,2.068904294,1.008710612,2.685183593
1782841261.381726265,2.080902962,1.017312835,2.670618361
1782841261.388151646,2.074010743,1.040486423,2.648673466
1782841261.389023304,2.065400982,1.055289689,2.601418147
1782841261.389889479,2.056947275,1.055110714,2.584251128
1782841261.391684294,2.052265067,1.077856475,2.587040449
1782841261.393452883,2.048624870,1.097122922,2.595479759
1782841261.394885778,2.037614543,1.110973484,2.620973300
1782841261.400646687,2.038238865,1.110041982,2.676454127
1782841261.401754856,2.033939440,1.108195219,2.804456474
1782841261.403303862,2.032617704,1.125688191,2.869230485
1782841261.405728102,2.043171430,1.145553193,2.930618167
1782841261.406600952,2.079672745,1.156822939,3.019573988
1782841261.411769390,2.088163134,1.182131332,3.051512240
1782841261.413418055,2.132668341,1.222748203,3.106505957
1782841261.415447474,2.154592080,1.265302332,3.124712821
1782841261.416551828,2.180241997,1.300517737,3.153817763
1782841261.418238163,2.195706066,1.344191483,3.170876169
1782841261.419910192,2.208337283,1.389134193,3.195455963
1782841261.425625563,2.230155219,1.435116211,3.216176942
1782841261.426734209,2.306631351,1.570452339,3.273600399
1782841261.428345919,2.324790639,1.611605794,3.301292202
1782841261.430689096,2.342288686,1.644145634,3.322007219
1782841261.431557894,2.377150373,1.722329054,3.349927028
1782841261.438132524,2.390349700,1.751321748,3.364874082
1782841261.439032078,2.409163047,1.843948709,3.385231262
1782841261.439899445,2.408964280,1.876841493,3.383660550
1782841261.441677570,2.404426241,1.884512199,3.393938890
1782841261.443220854,2.409808673,1.892244297,3.410247390
1782841261.444895983,2.403823697,1.895004798,3.434321013
1782841261.450678110,2.395077585,1.909458429,3.441267383
1782841261.451554775,2.378796251,1.944549277,3.486697398
1782841261.453338146,2.381899789,1.949947327,3.522010152
1782841261.455739260,2.380458573,1.944247908,3.553315083
1782841261.456608534,2.382647200,1.982246553,3.606624901
1782841261.458721399,2.407453719,1.971151494,3.634155268
1782841261.463087797,2.422532570,1.984702129,3.645946286
1782841261.463958263,2.454293363,2.021849217,3.671795619
1782841261.465054750,2.479452899,2.043384241,3.677283075
1782841261.466615915,2.502682252,2.038213501,3.699802297
1782841261.468468904,2.527771086,2.031442140,3.726183560
1782841261.469901085,2.554682212,2.020952084,3.751814832
1782841261.474796057,2.584509649,2.033034555,3.772640997
1782841261.475542545,2.631455706,2.044133104,3.835502463
1782841261.476646185,2.650237758,2.052136250,3.875524687
1782841261.478307009,2.664160404,2.035031630,3.908456504
1782841261.480757236,2.685124906,2.011985527,3.934978729
1782841261.481617689,2.693931699,2.025981851,3.962740965
1782841261.488100290,2.708804894,2.005493587,3.978744171
1782841261.488959312,2.721895365,2.006915935,4.004425850
1782841261.490045786,2.724632488,2.005164768,4.021029237
1782841261.491623878,2.734880074,1.985895760,4.054991588
1782841261.493215084,2.742211331,1.964391751,4.079789374
1782841261.500628471,2.742305799,1.945708114,4.111648779
1782841261.501765490,2.730575866,1.950288962,4.135642651
1782841261.503352642,2.729509368,1.939972424,4.165497268
1782841261.505754471,2.736694087,1.919216711,4.180858775
1782841261.506601810,2.728475216,1.921478392,4.203373145
1782841261.513163090,2.741603755,1.907032560,4.240868526
1782841261.514037371,2.756477864,1.891112591,4.329115699
1782841261.514892101,2.758107360,1.881257374,4.337880946
1782841261.516678095,2.755395174,1.861106145,4.360182443
1782841261.518436670,2.742072176,1.834380875,4.361668433
1782841261.521829367,2.740195625,1.812196690,4.361466462
1782841261.525692701,2.730662484,1.797227237,4.351712557
1782841261.526580095,2.678850354,1.742068327,4.328148543
1782841261.528392315,2.650811325,1.706450394,4.336673998
1782841261.530735731,2.633274470,1.671349791,4.334594297
1782841261.531587362,2.606271667,1.646377964,4.340123815
1782841261.536798239,2.586719353,1.609587064,4.338124570
1782841261.538439035,2.535666384,1.549017710,4.332182312
1782841261.539912939,2.507532095,1.513802498,4.316059692
1782841261.541575670,2.470032473,1.468522596,4.309822874
1782841261.543239594,2.444553684,1.441865075,4.291822351
1782841261.544950008,2.400365367,1.401569502,4.284511975
1782841261.550701857,2.365595678,1.370370382,4.260606091
1782841261.551564932,2.192420179,1.239479885,4.152246057
1782841261.553340673,2.142223295,1.198952846,4.121284237
1782841261.555777311,2.098235365,1.161973929,4.077943063
1782841261.556637287,2.047089800,1.127211004,4.040627915
1782841261.563074589,2.013713471,1.103236888,3.993631526
1782841261.563945770,1.895775035,1.038266987,3.844474760
1782841261.565050602,1.855449874,1.019096571,3.800812036
1782841261.566616535,1.822048730,1.002438813,3.753150624
1782841261.568209887,1.791413302,0.995946722,3.715779304
1782841261.569934368,1.772542465,0.992693620,3.680042318
1782841261.575694084,1.757052987,0.984519578,3.647775065
1782841261.576584101,1.748758699,0.964957394,3.584805192
1782841261.578391790,1.762017215,0.962262906,3.562995426
1782841261.580664635,1.763132847,0.971485239,3.559852198
1782841261.581536770,1.779755673,0.956616084,3.557384879
1782841261.584819794,1.794982177,0.966299274,3.568252171
1782841261.585568666,1.807649701,0.960373420,3.578394630
1782841261.588106394,1.818554873,0.940240956,3.587661973
1782841261.588957787,1.845779981,0.929011900,3.608073823
1782841261.590058804,1.863121192,0.925533390,3.623412854
1782841261.591618061,1.903210201,0.926592342,3.630397547
1782841261.593222618,1.923524418,0.939012121,3.631511751
1782841261.599886417,1.967737247,0.943660291,3.629485741
1782841261.601567030,2.214741546,0.875569022,3.669863253
1782841261.603411913,2.291423087,0.872433850,3.638371160
1782841261.605737448,2.325812138,0.872944734,3.678923923
1782841261.606611490,2.380438566,0.853466199,3.677482784
1782841261.613175154,2.374617789,0.863540823,3.702906171
1782841261.615434647,2.345066288,0.849234614,3.708153615
1782841261.616539240,2.332540630,0.831402520,3.710887235
1782841261.618467331,2.315311888,0.837990761,3.706521795
1782841261.619898081,2.281444230,0.861892409,3.698141790
1782841261.625633955,2.248817485,0.858501992,3.693903975
1782841261.626729965,2.164480242,0.849270613,3.652196248
1782841261.628379107,2.143731276,0.881772002,3.628085528
1782841261.630866051,2.114105109,0.919965270,3.602306412
1782841261.631809711,2.090957036,0.921969670,3.552076963
1782841261.633267879,2.073815626,0.977732709,3.529068041
1782841261.638198614,2.069702572,0.975216074,3.514763916
1782841261.639905453,2.055449770,1.037906716,3.485057334
1782841261.641590834,2.060089809,1.097134519,3.462077108
1782841261.643437147,2.069747105,1.093120757,3.450948435
1782841261.650717974,2.066331034,1.160896220,3.440063521
1782841261.651641846,2.119610886,1.164624691,3.476491088
1782841261.653244019,2.143383433,1.221230021,3.463722102
1782841261.655734301,2.151270369,1.294700353,3.462387959
1782841261.656592607,2.215526132,1.284256773,3.481888440
1782841261.659800529,2.215402343,1.363262655,3.466942929
1782841261.660622597,2.232002150,1.363016166,3.478446087
1782841261.663192987,2.253017869,1.361509381,3.483574323
1782841261.664918184,2.276433927,1.435571655,3.458448925
1782841261.666577339,2.299750993,1.513440451,3.428601126
1782841261.668240309,2.310428286,1.507806018,3.432927504
1782841261.669930696,2.332589519,1.587032250,3.404139470
1782841261.674859285,2.344786677,1.587928179,3.409029066
1782841261.676552534,2.387480861,1.675441809,3.401047981
1782841261.678400040,2.422303176,1.673641374,3.397861625
1782841261.680827856,2.417919636,1.760976931,3.374599221
1782841261.681694984,2.469790952,1.777529640,3.361025315
1782841261.688153028,2.460305680,1.859814409,3.332147454
1782841261.689029217,2.481897325,1.918701211,3.276850605
1782841261.689901829,2.481047860,1.941351490,3.255264970
1782841261.691691399,2.471345705,2.015531732,3.191344346
1782841261.693472385,2.451981624,2.083262487,3.137238241
1782841261.694911718,2.425770713,2.129060189,3.079970749
1782841261.700686932,2.416575740,2.138974164,3.043225219
1782841261.701561213,2.398390897,2.168916714,2.967721530
1782841261.703234196,2.376436892,2.212661181,2.914679426
1782841261.705729961,2.349660300,2.236926713,2.867931421
1782841261.706631660,2.304783421,2.259897741,2.798826217
1782841261.713215590,2.277126127,2.272278471,2.762737267
1782841261.714950800,2.190408625,2.278626630,2.673731066
1782841261.716750145,2.152699651,2.276179096,2.670451694
1782841261.718274355,2.128636138,2.274426208,2.647579834
1782841261.719979048,2.079972262,2.262674084,2.648881562
1782841261.722323418,2.059150016,2.262413458,2.633462308
1782841261.725655556,2.049237721,2.259855589,2.621782265
1782841261.726565123,2.000888551,2.280613658,2.754034212
1782841261.728219032,1.988483117,2.267896515,2.879308475
1782841261.730683327,2.008671142,2.256590962,2.994364046
1782841261.731544971,1.994577727,2.273107498,3.105680547
1782841261.737658024,2.020605703,2.243650438,3.205173945
1782841261.738424301,2.064410088,2.301028809,3.310561753
1782841261.739992857,2.036991877,2.270508351,3.382604530
1782841261.741677999,1.999956129,2.233663868,3.445493290
1782841261.743226051,1.991707139,2.259517690,3.426106506
1782841261.744914055,1.929905294,2.217378324,3.475169845
1782841261.750715256,1.936558873,2.246011503,3.447560094
1782841261.751619101,1.832200924,2.312696451,3.393768451
1782841261.753204584,1.805213849,2.259353162,3.427673020
1782841261.755766630,1.816499486,2.206957102,3.443294029
1782841261.756638050,1.774275751,2.234011762,3.447300031
1782841261.763158798,1.781078863,2.175972648,3.458215413
1782841261.764048338,1.714189176,2.236207471,3.410527371
1782841261.764923334,1.703569742,2.237666552,3.386494809
1782841261.766713381,1.678989546,2.189949597,3.417331744
1782841261.768464804,1.664000821,2.138646228,3.436566434
1782841261.769941092,1.679704054,2.083335629,3.452284328
1782841261.775682211,1.673018779,2.087706001,3.438404026
1782841261.776578426,1.672967275,2.162862393,3.458828000
1782841261.778403997,1.678544884,2.141920398,3.514963499
1782841261.780764580,1.723660018,2.099452006,3.575452027
1782841261.781646252,1.726121385,2.151779623,3.615206653
1782841261.784796953,1.775507219,2.112258762,3.689719465
1782841261.785551786,1.810960359,2.140959871,3.747018628
1782841261.788194180,1.849392500,2.167621038,3.804126532
1782841261.790438175,1.884760393,2.129857643,3.886665561
1782841261.791538477,1.895730364,2.166770712,3.939461287
1782841261.793292046,1.946701037,2.119659294,4.010734017
1782841261.794950008,1.975753257,2.089263538,4.090330674
1782841261.800649881,2.010551929,2.109041586,4.132438512
1782841261.801769733,2.078907838,2.180420230,4.300219257
1782841261.803345919,2.106068025,2.139723376,4.376074098
1782841261.805741310,2.153077267,2.085803022,4.446531945
1782841261.806659698,2.156399208,2.115742037,4.496179937
1782841261.808325768,2.196235480,2.071302126,4.557226179
1782841261.813254833,2.216354799,2.080635562,4.585393829
1782841261.814917326,2.235242664,2.121826229,4.702681129
1782841261.816686392,2.233155098,2.067204424,4.764849549
1782841261.818267584,2.241324939,2.008877334,4.806146247
1782841261.819935799,2.239489528,1.967256021,4.844528671
1782841261.825898647,2.240780331,1.964315613,4.857833883
1782841261.827184439,2.230867141,1.935896247,4.970408207
1782841261.828429222,2.235373350,1.917820619,5.011949298
1782841261.830105305,2.242162269,1.856146216,5.066687565
1782841261.831789017,2.239079516,1.847206390,5.111682402
1782841261.833489895,2.253990873,1.787778537,5.165192761
1782841261.835188389,2.245423834,1.773860645,5.220152494
1782841261.836604595,2.261585655,1.716005839,5.286175719
1782841261.838677406,2.268336620,1.708021921,5.350661235
1782841261.840175152,2.281114562,1.685983928,5.411906964
1782841261.841894627,2.285690924,1.640411441,5.467573650
1782841261.843307495,2.304352702,1.588487622,5.504793679
1782841261.845022202,2.309095985,1.577750419,5.544387882
1782841261.847077131,2.321834508,1.531494514,5.584192242
1782841261.850884199,2.336223479,1.500515254,5.625845759
1782841261.851996660,2.338853000,1.436910196,5.664881481
1782841261.853295803,2.346520922,1.390563155,5.675047411
1782841261.855035543,2.346819302,1.345709474,5.664907356
1782841261.856769562,2.346132772,1.294108888,5.652289854
1782841261.861986876,2.340094409,1.240088574,5.626596149
1782841261.863516808,2.312979733,1.160660760,5.539388714
1782841261.865093708,2.293025991,1.118019598,5.494378866
1782841261.866680861,2.272744780,1.083632152,5.433027626
1782841261.868494987,2.251975985,1.043331051,5.373743273
1782841261.869980335,2.210817059,1.010283835,5.324557819
1782841261.875753403,2.168081233,0.976104570,5.262669920
1782841261.876672745,2.072788626,0.902924961,5.059094455
1782841261.878325939,2.059477817,0.888168561,4.981821539
1782841261.880786657,2.022599931,0.892842478,4.920350011
1782841261.881732941,1.973455356,0.863245577,4.800848972
1782841261.883258581,1.947862609,0.869451287,4.742565136
1782841261.890694857,1.929467898,0.860403604,4.690463903
1782841261.891850233,1.871388882,0.862378033,4.522159463
1782841261.893399954,1.857270942,0.881471221,4.465976734
1782841261.895097017,1.847411501,0.886252554,4.411197520
1782841261.896569252,1.849959731,0.896020896,4.356950499
1782841261.900687456,1.825869942,0.914159455,4.317232564
1782841261.901601076,1.801080569,0.907079566,4.247613173
1782841261.903396368,1.811567782,0.915729376,4.217850876
1782841261.904985189,1.787209964,0.922942706,4.201470222
1782841261.906750441,1.791175869,0.926646892,4.185534550
1782841261.909529448,1.782439554,0.913503325,4.180427741
1782841261.910454512,1.775813276,0.875699119,4.174383699
1782841261.913192511,1.783811073,0.856798554,4.176396346
1782841261.914237499,1.814911821,0.841692069,4.174877031
1782841261.915234089,1.827466215,0.821326041,4.178517958
1782841261.916823864,1.858051075,0.814996206,4.164527198
1782841261.918523788,1.869300433,0.817429125,4.167937097
1782841261.920167685,1.905592898,0.801365674,4.163403370
1782841261.925604582,1.916639037,0.802364035,4.162047036
1782841261.926634550,1.946469289,0.785499053,4.171450546
1782841261.928290606,1.977717244,0.768600053,4.158036005
1782841261.929912329,2.018234558,0.782946956,4.148665359
1782841261.931689739,2.044957855,0.809452125,4.128768743
1782841261.938220739,2.053217105,0.808555995,4.136445110
1782841261.939994574,2.093119357,0.821862666,4.108805106
1782841261.941727638,2.102819616,0.845085020,4.073504079
1782841261.943259001,2.100632426,0.856068805,4.070739046
1782841261.944945812,2.112941578,0.876564501,4.056365552
1782841261.950608015,2.109711964,0.877832895,4.040844349
1782841261.951728582,2.139188638,0.900502118,4.031117430
1782841261.953240395,2.159714127,0.923197367,4.019265371
1782841261.955775499,2.164315255,0.952005804,4.013355441
1782841261.956660509,2.186771737,0.952838312,4.003336606
1782841261.963222027,2.192112006,0.989369475,4.009455054
1782841261.964922190,2.225203264,1.015117028,4.015046189
1782841261.966585636,2.258047510,1.050115104,4.005511683
1782841261.968255997,2.273647228,1.048201083,4.017792694
1782841261.969954252,2.312169800,1.087135481,3.998657637
1782841261.972425222,2.317519615,1.082760174,4.014084415
1782841261.973291397,2.340204532,1.090996871,4.018821724
1782841261.975677013,2.363137945,1.090475997,4.021801611
1782841261.976663828,2.423830209,1.111685636,4.004586659
1782841261.978413343,2.456865398,1.175788773,3.968224738
1782841261.980785608,2.462493294,1.240764862,3.951257589
1782841261.981669188,2.494296636,1.262865472,3.908050697
1782841261.988227606,2.499413246,1.326989095,3.877260536
1782841261.990078688,2.558718051,1.390754892,3.787772081
1782841261.991573095,2.579819160,1.464493474,3.747627397
1782841261.993289948,2.576265707,1.524760758,3.737108459
1782841261.995115995,2.585717426,1.587146034,3.733650002
1782841262.000755310,2.590842979,1.600281087,3.764071156
1782841262.001698494,2.607301247,1.662973947,3.879096654
1782841262.003334284,2.601429696,1.705148943,3.883354848
1782841262.005847931,2.597622611,1.735441628,3.891944834
1782841262.006718159,2.578517469,1.760647909,3.892825291
1782841262.013176918,2.574521361,1.794222601,3.896516209
1782841262.015438318,2.571295288,1.900598496,3.914364493
1782841262.016552210,2.566699513,1.949141870,3.976971846
1782841262.018246889,2.590922368,1.985171630,4.066150466
1782841262.019952536,2.599601516,2.021330065,4.180405299
1782841262.025644541,2.623762400,2.064350415,4.271239270
1782841262.026751280,2.665874893,2.198627998,4.499874208
1782841262.028400660,2.649945847,2.221551240,4.565002638
1782841262.030758142,2.670790552,2.234154902,4.609578151
1782841262.031620264,2.649813119,2.282671431,4.631235379
1782841262.034800768,2.654974269,2.289628179,4.642716160
1782841262.035540819,2.638873167,2.375553588,4.621644252
1782841262.038108349,2.623941565,2.410335457,4.605929356
1782841262.038965225,2.581868443,2.458112104,4.589977365
1782841262.040084839,2.564583942,2.492428167,4.558541571
1782841262.041641712,2.526299967,2.493565816,4.555333645
1782841262.043436289,2.492729075,2.490962925,4.565818635
1782841262.050673962,2.485758095,2.474505100,4.574399846
1782841262.051559925,2.406968427,2.576748437,4.570270466
1782841262.053368807,2.346175115,2.581280379,4.614673774
1782841262.055742979,2.317570296,2.526206522,4.614239881
1782841262.056601048,2.263288150,2.560582063,4.587324545
1782841262.063147545,2.232294550,2.538390775,4.589473258
1782841262.064013243,2.218312793,2.675763555,4.487447088
1782841262.064892769,2.227078792,2.706181005,4.470290832
1782841262.066708565,2.234050257,2.706542338,4.486633298
1782841262.068214655,2.265827453,2.671726707,4.516489545
1782841262.069916248,2.274953506,2.656548759,4.547915331
1782841262.075702667,2.286734089,2.669009087,4.559655200
1782841262.076576710,2.314941649,2.692956329,4.567398782
1782841262.078373671,2.339383299,2.660060315,4.608732224
1782841262.080770254,2.373573994,2.611738866,4.655194427
1782841262.081641912,2.412195972,2.638452792,4.705144152
1782841262.088197470,2.456680130,2.594336798,4.753451597
1782841262.089899540,2.536225389,2.583248587,4.833234115
1782841262.091578484,2.551151602,2.549463179,4.872602356
1782841262.093248367,2.568048183,2.550544613,4.883674355
1782841262.094934940,2.576888782,2.519935696,4.914140453
1782841262.097318411,2.595333616,2.525000345,4.927668699
1782841262.100653887,2.603315148,2.528276262,4.938163315
1782841262.101762295,2.612527690,2.545800809,4.990029134
1782841262.103345394,2.609902371,2.507818025,5.035881553
1782841262.105767012,2.618208098,2.467629282,5.090142122
1782841262.106637001,2.607696185,2.476868659,5.185228782
1782841262.112855911,2.608535222,2.436031438,5.243377503
1782841262.113697290,2.593703134,2.432383762,5.359288250
1782841262.114887714,2.584635695,2.442328972,5.391515767
1782841262.116720915,2.569566187,2.417924988,5.430910705
1782841262.118467093,2.558435947,2.387217131,5.464489113
1782841262.119916677,2.562109771,2.340370299,5.496126988
1782841262.125654459,2.556949218,2.331755667,5.500333229
1782841262.126773596,2.552872824,2.335199778,5.542357418
1782841262.128335476,2.542450998,2.298906239,5.583497514
1782841262.130794525,2.552600699,2.237454339,5.632668498
1782841262.131698370,2.554909710,2.245126016,5.693006644
1782841262.138121605,2.570339788,2.185034762,5.733348987
1782841262.138988256,2.584163190,2.182035584,5.780561267
1782841262.140100479,2.590960496,2.174744869,5.782663710
1782841262.141649008,2.580951402,2.117940386,5.798690732
1782841262.143218517,2.587303022,2.041330031,5.811570284
1782841262.144939661,2.570782653,1.984113928,5.827029919
1782841262.150740147,2.568673583,1.976175908,5.822645073
1782841262.151618719,2.548767214,1.946181653,5.864950230
1782841262.153428078,2.530084415,1.884194596,5.903931750
1782841262.155757189,2.526694787,1.814229611,5.942048046
1782841262.156635761,2.513436830,1.800946137,5.972856641
1782841262.160067081,2.515101677,1.722178299,6.002701027
1782841262.163186312,2.509093913,1.693215481,6.017903944
1782841262.164905787,2.475414574,1.595916192,5.984396098
1782841262.166587830,2.451245525,1.535952024,5.942839421
1782841262.168225527,2.431241146,1.500292405,5.884142087
1782841262.169894695,2.416521101,1.448633107,5.836640726
1782841262.174824238,2.390883242,1.413562511,5.770572076
1782841262.175565481,2.296192251,1.290946369,5.632590431
1782841262.176672220,2.256064236,1.250254444,5.598710363
1782841262.178333521,2.225906425,1.193409001,5.560175828
1782841262.180688858,2.193207132,1.139456276,5.527023872
1782841262.181546926,2.171807884,1.088296378,5.495590988
1782841262.188232422,2.152538327,1.050094806,5.468837939
1782841262.189893246,2.105956416,0.919419555,5.369676633
1782841262.191651583,2.124446465,0.895989698,5.310739907
1782841262.193263769,2.108119123,0.854138353,5.277240371
1782841262.194935322,2.137310211,0.842490285,5.205717201
1782841262.200632811,2.121562446,0.813022055,5.167785179
1782841262.201733112,2.140190082,0.740310021,4.931420346
1782841262.203424692,2.173508835,0.758671288,4.834051046
1782841262.205699682,2.184849155,0.798193167,4.767993215
1782841262.206576109,2.222653264,0.786645295,4.695775065
1782841262.213023663,2.240960095,0.831905460,4.615554826
1782841262.213898182,2.311860358,0.848684657,4.476186841
1782841262.214991331,2.326972207,0.862681166,4.445704232
1782841262.216553688,2.364539177,0.911081302,4.401820704
1782841262.218413115,2.407031537,0.962953144,4.348780397
1782841262.221196890,2.410229258,1.034165941,4.317017253
1782841262.221943617,2.408380174,1.033890881,4.293848641
1782841262.226675272,2.403253363,1.000919180,4.219972561
1782841262.228421211,2.404155090,1.032709200,4.174052487
1782841262.230717659,2.373517130,1.066524845,4.148574858
1782841262.231620073,2.367304074,1.041508244,4.107988435
1782841262.237286329,2.337670369,1.069144658,4.079514887
1782841262.238429308,2.244717078,1.019825343,3.998984580
1782841262.239906311,2.206755628,1.042484025,3.971542577
1782841262.241586208,2.187199479,1.057902424,3.927665784
1782841262.243449211,2.178082857,1.033488332,3.888901626
1782841262.250707388,2.143778877,1.052857004,3.854749257
1782841262.251602411,2.074492253,0.983807143,3.803401239
1782841262.253209352,2.075913453,0.997657370,3.800340854
1782841262.255705357,2.054770250,1.019880067,3.803409843
1782841262.256600380,2.068590269,0.991269494,3.796213729
1782841262.263145685,2.063626555,1.014214261,3.804614064
1782841262.264042616,2.124584760,0.987457260,3.827851650
1782841262.264902592,2.148026884,0.986719479,3.850483823
1782841262.266674042,2.182850034,1.011987407,3.846434020
1782841262.268212318,2.204417226,1.046938226,3.856917480
1782841262.269883156,2.254837639,1.073247054,3.853230927
1782841262.275655746,2.279713509,1.076147534,3.862389673
1782841262.276758194,2.377888198,1.104549871,3.882570882
1782841262.278300524,2.424817645,1.136686534,3.862313027
1782841262.280724525,2.429062838,1.180268159,3.866961255
1782841262.281583786,2.476429812,1.185741974,3.856279291
1782841262.284247398,2.476431789,1.228365708,3.855758090
1782841262.285004616,2.484546280,1.247569206,3.866534754
1782841262.288152695,2.490410054,1.262476768,3.872953820
1782841262.289041996,2.534555528,1.268614294,3.862333081
1782841262.289930344,2.544547215,1.283737919,3.875657164
1782841262.291727304,2.589299811,1.315595968,3.864056877
1782841262.293428183,2.633450873,1.354933890,3.851653882
1782841262.300318480,2.643961448,1.393362683,3.857769861
1782841262.301737547,2.707098263,1.393325635,3.893719291
1782841262.303242922,2.750057629,1.433723471,3.865055165
1782841262.305798292,2.750803597,1.483370577,3.858782215
1782841262.306698561,2.792841234,1.484480536,3.834627933
1782841262.313148737,2.794887662,1.544046945,3.824783896
1782841262.314009428,2.833474882,1.588381324,3.719430211
1782841262.314897537,2.830040868,1.609697333,3.689890827
1782841262.316751242,2.837503582,1.664549047,3.635040305
1782841262.318449259,2.838570830,1.719013755,3.580591595
1782841262.319909096,2.822196013,1.772230482,3.536392472
1782841262.325653553,2.819622667,1.777208337,3.498428808
1782841262.326752663,2.819420454,1.803671015,3.402516257
1782841262.328360558,2.798393535,1.848409379,3.349881646
1782841262.330675602,2.765391497,1.882248191,3.292817585
1782841262.331565380,2.695663195,1.866382816,3.182280769
1782841262.338171721,2.658479906,1.855019617,3.121158597
1782841262.339052200,2.542473224,1.859113609,3.017964918
1782841262.339936972,2.497788321,1.862466979,3.011607552
1782841262.341729879,2.422169462,1.880661937,3.017418171
1782841262.343445778,2.345305322,1.895833615,3.039401483
1782841262.346374512,2.294403662,1.897975174,3.048050045
1782841262.347127199,2.253773706,1.891797661,3.041754172
1782841262.350622416,2.229170843,1.892929277,3.038609440
1782841262.351712704,2.171108071,1.901486535,3.069125197
1782841262.353411198,2.115111513,1.895542430,3.137246153
1782841262.355726957,2.114864590,1.913137068,3.235277332
1782841262.356594324,2.133295136,2.005648557,3.521576865
1782841262.361808300,2.160797975,2.030783563,3.658334564
1782841262.363446236,2.185292206,2.138098768,3.847412422
1782841262.365439892,2.213537470,2.153452891,3.901687212
1782841262.366542816,2.173936097,2.217612121,3.934417333
1782841262.368255377,2.187655353,2.204325387,3.943330865
1782841262.369961977,2.148122568,2.207362194,3.964044639
1782841262.375612497,2.141912386,2.269336300,3.912339845
1782841262.376703739,2.077442118,2.463294397,3.805583828
1782841262.378403187,2.046576123,2.481330221,3.805281044
1782841262.380712271,2.065617048,2.498002847,3.805785383
1782841262.381589651,2.074204029,2.618903695,3.797732204
1782841262.388114929,2.103397679,2.618366585,3.779293392
1782841262.388992548,2.100424524,2.748527186,3.829611592
1782841262.390093803,2.107872566,2.781966666,3.847098301
1782841262.391639709,2.103352130,2.784011026,3.921178909
1782841262.393441200,2.093985056,2.780542201,3.981534220
1782841262.394892216,2.105904179,2.756797714,4.050315435
1782841262.400632381,2.112773856,2.771471222,4.085332776
1782841262.401741028,2.108182601,2.825669948,4.151288642
1782841262.403294086,2.108438892,2.807331559,4.203925447
1782841262.405741692,2.083521885,2.765126642,4.261379425
1782841262.406589746,2.076026084,2.793731345,4.301514811
1782841262.408333063,2.083386248,2.746399544,4.356583377
1782841262.413185358,2.098205735,2.754202178,4.382849903
1782841262.414952993,2.142579850,2.748001478,4.493929706
1782841262.416622877,2.162805853,2.725526603,4.555106474
1782841262.418272972,2.188759060,2.737484265,4.608582481
1782841262.419939995,2.215634370,2.713856642,4.670652844
1782841262.423808336,2.238772403,2.719113428,4.719436374
1782841262.425702095,2.271549537,2.727901170,4.823003712
1782841262.426579714,2.273138047,2.729260327,4.907063720
1782841262.428394318,2.281861355,2.695463491,4.963093248
1782841262.430754185,2.298510632,2.643887540,5.006414483
1782841262.431630135,2.297850971,2.644714115,5.039001976
1782841262.438177109,2.306084600,2.602773749,5.083136551
1782841262.440435886,2.305498303,2.541238372,5.204518672
1782841262.441764116,2.303925242,2.536119130,5.233380534
1782841262.443266869,2.297438964,2.484955209,5.274323650
1782841262.444945812,2.289950485,2.442035051,5.321703889
1782841262.450688124,2.283405091,2.426073733,5.380988798
1782841262.451557159,2.245823969,2.331733645,5.565920815
1782841262.453214407,2.242192770,2.281845841,5.603643955
1782841262.455755234,2.239687928,2.222952309,5.634596345
1782841262.456650019,2.227307880,2.192692381,5.642946165
1782841262.463159800,2.225825912,2.131442229,5.654472239
1782841262.464041471,2.210955720,2.020359704,5.623658452
1782841262.464908600,2.203490079,1.983224924,5.619839202
1782841262.466710091,2.209423980,1.939836245,5.633940313
1782841262.468218327,2.208255399,1.883846244,5.640995891
1782841262.471060038,2.211114327,1.831227892,5.655294622
1782841262.471872091,2.214898747,1.800867176,5.675173673
1782841262.475700378,2.218753502,1.762713791,5.683277513
1782841262.476585865,2.240606891,1.699490026,5.693598654
1782841262.478381872,2.261159777,1.661508659,5.688006638
1782841262.480756044,2.267119038,1.630024299,5.683328285
1782841262.481610298,2.284304549,1.610651707,5.670262097
1782841262.486257553,2.285669854,1.588811002,5.656987190
1782841262.487061024,2.285528212,1.567082028,5.616164492
1782841262.488368988,2.284127416,1.562681196,5.601474206
1782841262.490386009,2.279985809,1.541732459,5.588135592
1782841262.491716623,2.288424680,1.529902553,5.584856057
1782841262.493443966,2.289631768,1.512191537,5.571976621
1782841262.494912863,2.280199447,1.502413450,5.574944267
1782841262.500605583,2.272137714,1.482915597,5.580063261
1782841262.501727104,2.248178687,1.445062987,5.585354807
1782841262.503228426,2.242924789,1.426818818,5.574459974
1782841262.505746126,2.225969471,1.416027121,5.540102939
1782841262.506613970,2.225870878,1.394899091,5.502643469
1782841262.513151884,2.206099133,1.389632382,5.458652913
1782841262.514030933,2.133264811,1.346547600,5.261705916
1782841262.514896393,2.104767714,1.342613516,5.211269605
1782841262.516683102,2.098284965,1.338998963,5.165814342
1782841262.518438101,2.079351793,1.331267091,5.115895269
1782841262.519894123,2.061156821,1.336676706,5.081545407
1782841262.525676012,2.033321250,1.320958271,5.048589140
1782841262.526541710,1.995643428,1.288554868,4.980121651
1782841262.528333902,1.985728693,1.284863130,4.932602569
1782841262.530693054,1.963300632,1.282209685,4.878356576
1782841262.531568289,1.950919502,1.271085015,4.828623129
1782841262.538146734,1.932725040,1.268133919,4.772713237
1782841262.539030790,1.878743646,1.221212981,4.633410182
1782841262.539891243,1.862306770,1.210007329,4.609477818
1782841262.541682243,1.872012995,1.209206811,4.584742322
1782841262.543443680,1.885012874,1.215710712,4.570856389
1782841262.548326731,1.882084550,1.215482751,4.555866339
1782841262.550728559,1.883516017,1.186957533,4.535132892
1782841262.551627636,1.908772138,1.174971958,4.524778668
1782841262.553205252,1.926215038,1.192980409,4.522052133
1782841262.555757284,1.922497773,1.196116958,4.506132477
1782841262.556620598,1.974785070,1.162105975,4.481368345
1782841262.563144207,1.983614834,1.169074629,4.477248552
1782841262.564035892,2.039157511,1.155999017,4.442901829
1782841262.564905405,2.051296407,1.153491412,4.437126748
1782841262.566691399,2.089248312,1.169207854,4.411743943
1782841262.568208933,2.098111380,1.187067554,4.404029426
1782841262.575650215,2.140119748,1.197772084,4.379458789
1782841262.576740026,2.181264655,1.193605545,4.362477382
1782841262.578204393,2.218799482,1.201970254,4.345553832
1782841262.580767393,2.218436344,1.211905424,4.347850227
1782841262.581643105,2.259582752,1.209334213,4.347990260
1782841262.588103294,2.257950536,1.225353021,4.353233986
1782841262.588978291,2.321919807,1.232450324,4.358223700
1782841262.590086222,2.331207128,1.235387436,4.367405796
1782841262.591637373,2.390035503,1.254052815,4.348400257
1782841262.593249798,2.402147638,1.273080776,4.361670111
1782841262.594964504,2.467697741,1.291364558,4.345498743
1782841262.600675106,2.483068394,1.292413376,4.370885572
1782841262.601608276,2.567899377,1.296125889,4.414941757
1782841262.603224277,2.640428056,1.309024698,4.430568648
1782841262.605756283,2.660573140,1.322922718,4.478133768
1782841262.606622219,2.766256783,1.319986443,4.548301686
1782841262.611351967,2.790082143,1.345953925,4.586297865
1782841262.612121105,2.851045293,1.360134578,4.655407084
1782841262.613402605,2.923825099,1.374416930,4.648420816
1782841262.615383387,2.946512554,1.408374105,4.676475019
1782841262.616705656,3.022028829,1.428267531,4.677959413
1782841262.618439674,3.093048085,1.483848987,4.677282857
1782841262.625665188,3.104086892,1.517166812,4.703234488
1782841262.626646519,3.204573792,1.580382256,4.782607800
1782841262.628231049,3.241815302,1.637782991,4.763600052
1782841262.630757809,3.239722796,1.683143284,4.764759016
1782841262.631638288,3.267449370,1.726209500,4.743221810
1782841262.638197899,3.264838207,1.779611395,4.737323108
1782841262.639919281,3.273805737,1.928528622,4.690741491
1782841262.641577959,3.281534623,2.015245966,4.647780588
1782841262.643286705,3.278412131,2.048984054,4.638529385
1782841262.644891500,3.274219187,2.129750503,4.604485808
1782841262.650706768,3.265016910,2.167700444,4.595575916
1782841262.651573181,3.208240740,2.323949911,4.522629864
1782841262.653276205,3.191097326,2.397938632,4.500463324
1782841262.655750990,3.178958450,2.428943537,4.491790368
1782841262.656625986,3.137820782,2.478093055,4.468735895
1782841262.663140774,3.144683970,2.506973912,4.443554818
1782841262.663996696,2.909686888,2.542868408,4.364168839
1782841262.664876699,2.868657947,2.551180105,4.333957482
1782841262.666671753,2.803830711,2.587141525,4.308846073
1782841262.668410301,2.763515302,2.619941334,4.311157606
1782841262.672774792,2.760420065,2.625619283,4.358140328
1782841262.673523188,2.771929751,2.663513759,4.535928184
1782841262.675678015,2.779380109,2.668636455,4.613370690
1782841262.676772594,2.752391033,2.710175462,4.674569496
1782841262.678205013,2.703771885,2.730698766,4.715880891
1782841262.680797338,2.692295574,2.730607796,4.740856473
1782841262.681658030,2.659485914,2.770196413,4.744234060
1782841262.688189030,2.676554496,2.766447969,4.720132450
1782841262.690459251,2.596051703,2.816886192,4.576330140
1782841262.691571236,2.557781681,2.862165388,4.542788538
1782841262.693286419,2.560892147,2.862573586,4.494555854
1782841262.694975853,2.519197802,2.881276399,4.459233722
1782841262.700661182,2.506543272,2.886213247,4.415310504
1782841262.701543093,2.448474685,2.949011714,4.270345616
1782841262.703338623,2.432713170,2.950462050,4.252592166
1782841262.705764532,2.434101471,2.932749350,4.230673116
1782841262.706617355,2.405208907,2.956179722,4.191559508
1782841262.713200331,2.397587389,2.933114555,4.169637386
1782841262.715391159,2.366951497,2.928087490,4.080171483
1782841262.716705799,2.347946453,2.942951508,4.045437401
1782841262.718327045,2.348258275,2.917346940,4.029844770
1782841262.719887972,2.337615537,2.902385193,4.013192812
1782841262.725640059,2.342141307,2.904142124,3.990417197
1782841262.726744413,2.334465451,2.917937031,3.953995394
1782841262.728444099,2.338609544,2.914422589,3.954572434
1782841262.730719805,2.345798762,2.891375506,3.959788495
1782841262.731571436,2.345642502,2.904345045,3.938197540
1782841262.734475613,2.353862481,2.884806169,3.931147103
1782841262.735236645,2.350847010,2.874174483,3.887294981
1782841262.738179207,2.342196939,2.861141034,3.863553881
1782841262.740429401,2.336379459,2.841385686,3.841430077
1782841262.741756678,2.324143146,2.841330345,3.811061875
1782841262.743445158,2.321029747,2.823695791,3.788406957
1782841262.749890804,2.321266808,2.794137766,3.774494256
1782841262.751605272,2.273717007,2.750283625,3.676867074
1782841262.753218889,2.262287979,2.755064210,3.645099993
1782841262.755855799,2.260735363,2.736245042,3.650395917
1782841262.756732941,2.238842790,2.747120567,3.646222816
1782841262.763278008,2.233604155,2.715409282,3.664880711
1782841262.764895916,2.214631379,2.706485484,3.693611000
1782841262.766553164,2.217189089,2.684693750,3.708017775
1782841262.768315792,2.212713312,2.676164550,3.704161515
1782841262.769898415,2.222607090,2.644548137,3.707496539
1782841262.775689602,2.212715491,2.636179478,3.698868548
1782841262.776554108,2.208718964,2.613331233,3.699576606
1782841262.778218269,2.219010280,2.568434503,3.723288401
1782841262.780403376,2.234413955,2.520427641,3.763480179
1782841262.781709909,2.244572792,2.512521402,3.792466434
1782841262.788275003,2.264659904,2.467937555,3.847242904
1782841262.789969683,2.357256828,2.380145981,4.066501545
1782841262.791637897,2.396918826,2.333661056,4.125882406
1782841262.793282509,2.424158708,2.328076301,4.155100272
1782841262.794955015,2.459751265,2.288578908,4.198115924
1782841262.800691605,2.488806594,2.288612839,4.232937064
1782841262.801555872,2.562265782,2.281173659,4.303661414
1782841262.803376436,2.599203863,2.237200017,4.341679723
1782841262.805870295,2.636881537,2.203254638,4.384575150
1782841262.806749105,2.690394734,2.194044409,4.442357651
1782841262.811047792,2.728564866,2.161991877,4.482992086
1782841262.811801434,2.781155691,2.151009337,4.525895367
1782841262.813261986,2.804850526,2.151263796,4.541993853
1782841262.814963818,2.837486921,2.112213557,4.567716939
1782841262.816645622,2.868780202,2.067215452,4.582699908
1782841262.818222046,2.886007309,2.059877403,4.585515363
1782841262.819900513,2.909864199,2.018244102,4.596095279
1782841262.825676441,2.915638481,2.006401670,4.593681098
1782841262.826613188,2.923071359,1.967299004,4.581237897
1782841262.828238964,2.936486036,1.918189259,4.574675603
1782841262.830751419,2.937159310,1.881663517,4.561461569
1782841262.831629753,2.933405302,1.825512041,4.552667049
1782841262.838164091,2.938160107,1.797467600,4.547397044
1782841262.839041948,2.898144055,1.724015192,4.474866658
1782841262.839904308,2.877035488,1.700191363,4.424228744
1782841262.841701984,2.852612410,1.653097858,4.369368022
1782841262.843513727,2.816192535,1.613359009,4.299125765
1782841262.844932318,2.779514596,1.601996049,4.227830571
1782841262.850699186,2.732797679,1.571171578,4.157513974
1782841262.851568460,2.650451942,1.499127642,4.034689842
1782841262.853247404,2.609824325,1.472301067,3.977763156
1782841262.855779171,2.563169711,1.464455451,3.924516511
1782841262.856644630,2.488829430,1.385110752,3.867784438
1782841262.863228559,2.453455145,1.367616289,3.842003241
1782841262.864247084,2.343567952,1.227617099,3.782811605
1782841262.865186691,2.305470659,1.184838355,3.754446620
1782841262.866561890,2.268293468,1.154446996,3.702412439
1782841262.868428230,2.243280828,1.137254716,3.656781262
1782841262.873545647,2.204514044,1.134880896,3.609049540
1782841262.875665426,2.132270020,1.069452834,3.536328621
1782841262.876774788,2.096575630,1.003121045,3.483844864
1782841262.878328323,2.089471691,0.999439873,3.461185439
1782841262.880776405,2.081060782,1.005181190,3.436525143
1782841262.881635427,2.087291226,0.967370223,3.431881015
1782841262.888189793,2.085662249,0.976710374,3.413446890
1782841262.890453815,2.118916766,0.939781856,3.419267000
1782841262.891566277,2.145133454,0.909188502,3.426477312
1782841262.893294096,2.157861888,0.931163632,3.419719996
1782841262.894978523,2.183410340,0.947210079,3.415705109
1782841262.900658369,2.195782670,0.937298593,3.424376366
1782841262.901541710,2.249875353,0.898042993,3.444454992
1782841262.903211594,2.275822620,0.921634730,3.431413508
1782841262.905776024,2.280056825,0.951712603,3.426934866
1782841262.906677485,2.308035245,0.938387941,3.427974877
1782841262.913218260,2.320733281,0.972066822,3.432835988
1782841262.914892197,2.379495945,0.980307569,3.474852520
1782841262.916567802,2.416400835,0.992988232,3.485878429
1782841262.918277740,2.427117209,0.986433319,3.509335452
1782841262.919962168,2.457565744,1.004418725,3.526078111
1782841262.925692797,2.472605911,1.001203097,3.554413614
1782841262.926554441,2.529997923,0.992874255,3.647306650
1782841262.928348303,2.556523657,1.011890977,3.655179431
1782841262.930761099,2.563654261,1.036015952,3.666182969
1782841262.931638956,2.603277742,1.035180174,3.684627637
1782841262.936359406,2.620973922,1.066665118,3.715324459
1782841262.937168598,2.659899959,1.070844298,3.773997390
1782841262.938449621,2.705543318,1.062763148,3.795966457
1782841262.939914703,2.721509216,1.093346116,3.821165862
1782841262.941608906,2.768776999,1.111336802,3.834544004
1782841262.943226099,2.790237050,1.114391837,3.857661385
1782841262.944899321,2.834228466,1.134997076,3.860974366
1782841262.950657845,2.856893589,1.142339582,3.882103945
1782841262.951765299,2.934653068,1.159088581,3.926411131
1782841262.953425884,2.975107728,1.181282597,3.930378618
1782841262.955800295,2.993898306,1.206273690,3.948353698
1782841262.956667900,3.035117306,1.210832040,3.956400171
1782841262.963228464,3.052329229,1.233942115,3.971403317
1782841262.964887857,3.140646163,1.282488363,3.998894723
1782841262.966541767,3.181876121,1.309916978,4.000521729
1782841262.968330383,3.202095227,1.333334458,4.018541939
1782841262.969948769,3.241752970,1.363713731,4.022301035
1782841262.975697756,3.270055113,1.382666165,4.055004818
1782841262.976570368,3.354294678,1.469819166,4.167582047
1782841262.978230715,3.376681643,1.512585069,4.174023162
1782841262.980751991,3.379467265,1.552829805,4.180861835
1782841262.981612206,3.393168311,1.585282695,4.170965826
1782841262.983337164,3.396781066,1.639808370,4.167236547
1782841262.988192558,3.395139439,1.675348421,4.149650407
1782841262.990424633,3.378298997,1.762508446,4.092665733
1782841262.991729498,3.365119099,1.803580876,4.061107352
1782841262.993316889,3.338679869,1.853977299,4.018086112
1782841262.994975090,3.298853255,1.896941414,3.964953437
1782841262.999352694,3.269506729,1.927071391,3.911564644
1782841263.000550508,3.145807621,2.002834881,3.714640320
1782841263.004664898,3.096454484,2.030901549,3.638817112
1782841263.005784512,2.981823124,2.077720505,3.484795118
1782841263.006730556,2.933180808,2.094674031,3.423894024
1782841263.008369446,2.866487549,2.125571476,3.378695125
1782841263.009944916,2.811222726,2.140520156,3.369797705
1782841263.013231754,2.777598984,2.151143088,3.379398060
1782841263.014940739,2.736891025,2.162306375,3.415854422
1782841263.016634464,2.692906785,2.168363477,3.457390648
1782841263.018296003,2.676869884,2.183200915,3.486657729
1782841263.020079613,2.639400171,2.190553630,3.519540709
1782841263.025702238,2.632524527,2.202855746,3.527024424
1782841263.026587725,2.557606698,2.257971597,3.477171315
1782841263.028419018,2.517353790,2.276475808,3.462075179
1782841263.030773878,2.505948983,2.282986536,3.421484762
1782841263.031659603,2.464302935,2.332257771,3.332940075
1782841263.038260221,2.467775712,2.344857784,3.295617443
1782841263.039943457,2.485305614,2.408298602,3.228317687
1782841263.041623116,2.476125074,2.418003403,3.232919470
1782841263.043287516,2.490642540,2.433130780,3.230767836
1782841263.044877291,2.487742679,2.441044857,3.235647544
1782841263.050744295,2.495868170,2.452147346,3.224186039
1782841263.051613808,2.492109516,2.481680685,3.183926942
1782841263.053270102,2.485434474,2.486208343,3.174342365
1782841263.055796862,2.487654033,2.470557803,3.166063677
1782841263.056668997,2.482390528,2.481983901,3.148944430
1782841263.059890032,2.488908405,2.462355875,3.150333408
1782841263.063149452,2.486791688,2.462390698,3.139778591
1782841263.064029932,2.471677350,2.463195046,3.140861958
1782841263.064898014,2.462477216,2.456608691,3.134823890
1782841263.066697836,2.448104722,2.447477908,3.147833338
1782841263.068260431,2.435215335,2.423774475,3.157318902
1782841263.069911718,2.416975694,2.410594518,3.168547262
1782841263.074968338,2.402878944,2.401130223,3.164513357
1782841263.076664686,2.383517456,2.382037792,3.171744512
1782841263.078230619,2.373581482,2.390472963,3.171222601
1782841263.080868006,2.376148899,2.379461498,3.176367087
1782841263.081726313,2.373341834,2.400441950,3.179441796
1782841263.088351727,2.382355662,2.390385870,3.197606633
1782841263.089917421,2.380474495,2.401632713,3.237292558
1782841263.091579199,2.381750940,2.388972476,3.254775979
1782841263.093270063,2.379020610,2.389850606,3.262555224
1782841263.094955683,2.373734263,2.372067181,3.289317994
1782841263.100680590,2.375105815,2.378090609,3.304346986
1782841263.101544142,2.355081915,2.387711441,3.382279026
1782841263.103331566,2.348824636,2.367360047,3.439021554
1782841263.105782270,2.352330763,2.347406840,3.513625478
1782841263.106574297,2.366788625,2.354193975,3.637120402
1782841263.108304501,2.371276168,2.326543966,3.715519658
1782841263.113182306,2.380856310,2.329658914,3.767747197
1782841263.114892006,2.395012515,2.304580472,3.873638791
1782841263.116551876,2.400881263,2.272441693,3.929922025
1782841263.118270397,2.412855311,2.274257611,3.952269100
1782841263.119978666,2.422351732,2.243979300,4.005567912
1782841263.125650644,2.433657449,2.241355554,4.033600731
1782841263.126754284,2.502320643,2.244310977,4.178686860
1782841263.128410816,2.520220306,2.208619814,4.249744165
1782841263.130883694,2.545311509,2.167642981,4.320016787
1782841263.131730318,2.559532094,2.172822609,4.368135484
1782841263.136431217,2.582206419,2.126750723,4.433556603
1782841263.137297392,2.628914244,2.136841516,4.531796024
1782841263.138313532,2.649264556,2.140617629,4.569427738
1782841263.139891148,2.653672867,2.101877514,4.613773042
1782841263.141570807,2.664264506,2.066263729,4.653835669
1782841263.143307686,2.680780433,2.062911589,4.660826216
1782841263.144973516,2.682725513,2.021080077,4.686874248
1782841263.150683403,2.692217496,2.013630776,4.687275356
1782841263.151557446,2.716596247,1.983729023,4.678506760
1782841263.153374910,2.712269229,1.936423479,4.694034920
1782841263.155810356,2.706203017,1.887661981,4.697014163
1782841263.156692505,2.698663435,1.870840019,4.691961288
1782841263.163327694,2.677806874,1.820268755,4.679136501
1782841263.164914608,2.624120462,1.726909229,4.618892182
1782841263.166591167,2.599832203,1.682007506,4.601969700
1782841263.168288708,2.572522389,1.658003441,4.572644289
1782841263.169977427,2.554764237,1.619303347,4.559808358
1782841263.175752401,2.535282758,1.590846423,4.538602550
1782841263.176666498,2.433424276,1.488341166,4.415567358
1782841263.178266048,2.412568530,1.449326395,4.364529014
1782841263.180816650,2.385398459,1.429879075,4.325691846
1782841263.181691885,2.370416871,1.399246002,4.285441044
1782841263.188221216,2.352393670,1.391009000,4.260514426
1782841263.189932823,2.325927017,1.344434004,4.247144489
1782841263.191590071,2.324032032,1.330263459,4.261922859
1782841263.193291903,2.325335314,1.308288228,4.298783605
1782841263.194946051,2.329344638,1.298968497,4.326383332
1782841263.198585749,2.324547247,1.267573040,4.367308649
1782841263.200680256,2.315739719,1.203896455,4.426494212
1782841263.201567888,2.324026003,1.169596861,4.430894146
1782841263.203356504,2.334976790,1.161769084,4.402996048
1782841263.205731153,2.328695365,1.175219013,4.366703726
1782841263.206585884,2.340582097,1.145086867,4.338225569
1782841263.213230133,2.335231091,1.165229565,4.303663727
1782841263.214912891,2.366001105,1.155381320,4.233803200
1782841263.216601133,2.391797772,1.174546834,4.217699151
1782841263.218299866,2.396301341,1.162664638,4.221662011
1782841263.219960928,2.426435622,1.184153195,4.199045932
1782841263.225697041,2.432063956,1.170177130,4.201078014
1782841263.226558208,2.435891027,1.097225946,4.210066511
1782841263.228348970,2.455370286,1.108451191,4.191644255
1782841263.230768681,2.457478425,1.131330305,4.183879469
1782841263.231636763,2.466272151,1.110445927,4.174085045
1782841263.238183260,2.465255748,1.134630681,4.152147919
1782841263.240430117,2.462755296,1.134302046,4.073443350
1782841263.241744518,2.465350358,1.126573630,4.040378809
1782841263.243293285,2.447490447,1.148520817,3.996826050
1782841263.244905472,2.447611372,1.170184701,3.952553378
1782841263.250767469,2.429338368,1.163415105,3.923333616
1782841263.251764536,2.369211457,1.130072808,3.831020838
1782841263.253236532,2.353957304,1.144191875,3.813195203
1782841263.254925728,2.352564359,1.154063979,3.789250897
1782841263.256726503,2.345835767,1.165329445,3.767493251
1782841263.260115385,2.334515592,1.154929193,3.756924531
1782841263.263263464,2.323217095,1.152475625,3.748679802
1782841263.264971495,2.298755557,1.164246057,3.708140676
1782841263.266640902,2.292891140,1.173714740,3.690522815
1782841263.268326998,2.277395739,1.170509624,3.682140991
1782841263.269898176,2.281285710,1.177424262,3.666118415
1782841263.274878740,2.272829934,1.173882663,3.663180057
1782841263.275738716,2.249217049,1.156367840,3.661257871
1782841263.276674271,2.247186860,1.147635584,3.656103849
1782841263.278317928,2.250404170,1.154690099,3.647799257
1782841263.280795813,2.244487647,1.168911715,3.630808747
1782841263.281683922,2.245329586,1.159631158,3.624341098
1782841263.288141727,2.244413482,1.175860170,3.609265324
1782841263.289011717,2.240553296,1.182523267,3.598803735
1782841263.289884806,2.230763395,1.182535189,3.600313785
1782841263.291672468,2.238271825,1.192845309,3.598797891
1782841263.293235302,2.234648566,1.211255588,3.596426027
1782841263.294892788,2.237563814,1.225175668,3.591263855
1782841263.300712347,2.236024041,1.229475138,3.596492997
1782841263.301573038,2.239626261,1.244625174,3.601235319
1782841263.303247452,2.241001966,1.263334924,3.587293578
1782841263.305114985,2.234698351,1.287611693,3.584398893
1782841263.306614399,2.232641082,1.297553835,3.569907899
1782841263.313158274,2.231302593,1.324533718,3.555997526
1782841263.314068556,2.181637281,1.389815090,3.458608124
1782841263.314940214,2.170743626,1.409704398,3.433957323
1782841263.316732883,2.159688904,1.431236190,3.395757378
1782841263.318233728,2.142604047,1.448736655,3.364114517
1782841263.319914341,2.132783416,1.468885571,3.333534084
1782841263.325658560,2.124926880,1.484605568,3.327754083
1782841263.326756716,2.103534824,1.513984852,3.331029213
1782841263.328342438,2.097900805,1.527814540,3.338850294
1782841263.330821753,2.091977214,1.541652432,3.356963628
1782841263.331696987,2.075619857,1.574433448,3.364298307
1782841263.335241795,2.065577192,1.589209986,3.357898115
1782841263.338241816,2.060718532,1.609666477,3.340724074
1782841263.339919090,2.044921348,1.656270448,3.305065612
1782841263.341598272,2.047038321,1.679471418,3.275517062
1782841263.343366861,2.044460958,1.700679614,3.250602362
1782841263.344946384,2.043089910,1.716265363,3.222768640
1782841263.350447178,2.040749529,1.736579833,3.200674661
1782841263.351737261,2.055654717,1.793929697,3.136824546
1782841263.353424549,2.065252804,1.814188255,3.128244479
1782841263.355747700,2.078098728,1.826077279,3.125813378
1782841263.356618166,2.083246868,1.853826255,3.104214745
1782841263.363198996,2.094411276,1.860411802,3.094963943
1782841263.365453482,2.096937478,1.888837655,3.023629253
1782841263.366587400,2.084104614,1.892815172,2.982894994
1782841263.368281126,2.080360941,1.886478319,2.957533193
1782841263.369971991,2.077986157,1.878299157,2.923837900
1782841263.375768900,2.061553791,1.875051016,2.889961445
1782841263.376627684,2.037067629,1.861360634,2.774015676
1782841263.378422499,2.033081360,1.847240225,2.738705203
1782841263.380794048,2.034486795,1.826151649,2.707612543
1782841263.381712675,2.016321735,1.809941517,2.645387259
1782841263.388301373,2.016874166,1.785062165,2.610324563
1782841263.389918566,2.016244070,1.756213667,2.544983006
1782841263.391599655,2.017219776,1.742284421,2.535923500
1782841263.393315315,2.014185409,1.737446592,2.522433728
1782841263.394879103,2.017248138,1.723808090,2.518911110
1782841263.400700092,2.012462463,1.727771260,2.507822621
1782841263.401567459,1.986424541,1.732317495,2.457982726
1782841263.403393984,1.994079193,1.721779673,2.477905691
1782841263.405854702,2.004986663,1.701893788,2.507692614
1782841263.406733751,2.003001486,1.714815331,2.529108003
1782841263.411832094,2.010499157,1.698066774,2.566339723
1782841263.413419485,1.996231275,1.719464537,2.586372218
1782841263.414963484,2.000052812,1.692127856,2.602373475
1782841263.416677952,1.989321350,1.663778566,2.614083973
1782841263.418318987,1.983195878,1.666426197,2.588801886
1782841263.419899702,1.973198826,1.637568554,2.597098595
1782841263.425646305,1.967383854,1.633350412,2.568966584
1782841263.426760912,1.916350304,1.627524922,2.565986847
1782841263.428431511,1.895969633,1.591524189,2.617018084
1782841263.430892229,1.887493465,1.546286766,2.673433144
1782841263.431770802,1.862272682,1.554183239,2.713010441
1782841263.433244467,1.853266142,1.509597460,2.772049858
1782841263.438325644,1.844978887,1.509971788,2.806772241
1782841263.439891577,1.822430606,1.469160533,2.899458537
1782841263.441561222,1.799050493,1.429324699,2.946971209
1782841263.443314314,1.802014729,1.432423293,2.965949143
1782841263.444884062,1.779051205,1.395939265,2.999166507
1782841263.450759411,1.781081518,1.395478261,3.003502866
1782841263.451623917,1.774460790,1.421448440,3.017053062
1782841263.453418016,1.755748500,1.388687944,3.043285624
1782841263.455816507,1.750694905,1.347819850,3.065746149
1782841263.456693172,1.741527890,1.357427622,3.072359447
1782841263.463219881,1.738027964,1.317976905,3.095220019
1782841263.464927673,1.759221114,1.292635532,3.153446967
1782841263.466609716,1.759041081,1.268317360,3.194315772
1782841263.468310833,1.774644907,1.284148482,3.213771999
1782841263.469890356,1.778564277,1.265263430,3.254621122
1782841263.473323345,1.793702096,1.275091047,3.266002223
1782841263.475651026,1.820585446,1.297622329,3.279270915
1782841263.476763487,1.824581369,1.306618529,3.288224324
1782841263.478232861,1.813865253,1.277032801,3.303966517
1782841263.480807304,1.815998135,1.253667839,3.323528060
1782841263.481683731,1.816849182,1.257521328,3.318254660
1782841263.488238096,1.815129302,1.239007437,3.341163118
1782841263.489911556,1.822100078,1.222483091,3.368811604
1782841263.491800785,1.805022117,1.198231999,3.386218406
1782841263.493349314,1.806925075,1.196355330,3.393896247
1782841263.494955778,1.792943906,1.181192196,3.405426177
1782841263.500706434,1.794255905,1.179362500,3.412773149
1782841263.501568317,1.787813276,1.157068095,3.383817063
1782841263.503205061,1.775257352,1.132651440,3.378350082
1782841263.505878925,1.760123614,1.111681949,3.371731495
1782841263.506767035,1.751152014,1.091435401,3.341468191
1782841263.508247614,1.740136659,1.071869336,3.331948201
1782841263.513372421,1.735702440,1.064566082,3.325343184
1782841263.514935255,1.713964063,1.042026537,3.312654106
1782841263.516603708,1.707321405,1.029649967,3.316269933
1782841263.518338203,1.700829791,1.025057127,3.325628699
1782841263.519911766,1.694618527,1.010801923,3.343589882
1782841263.525732517,1.685111072,1.000349366,3.369049981
1782841263.526607275,1.660197553,0.952689302,3.410496262
1782841263.528406858,1.652773274,0.935592832,3.413803224
1782841263.530882120,1.642898764,0.938126501,3.412569665
1782841263.531758308,1.641768142,0.892332061,3.419459516
1782841263.534840107,1.639411865,0.888929277,3.420680163
1782841263.538366318,1.640101591,0.876662957,3.428365801
1782841263.539941072,1.657093775,0.854589388,3.452888928
1782841263.541604519,1.665941593,0.849088323,3.464024358
1782841263.543298483,1.666755925,0.837422876,3.488781407
1782841263.544962406,1.679813600,0.835186237,3.498212957
1782841263.550568819,1.677770457,0.818658237,3.512855034
1782841263.551645279,1.677800068,0.763250734,3.529823092
1782841263.553311825,1.684094021,0.759126233,3.520377139
1782841263.555900812,1.681202066,0.776731839,3.513279316
1782841263.556764126,1.682188933,0.738629432,3.495704632
1782841263.558219910,1.675152210,0.755451956,3.479381893
1782841263.563357115,1.673678650,0.747071542,3.472504578
1782841263.564937115,1.675929144,0.741115464,3.468604295
1782841263.566619635,1.681970390,0.744526793,3.461543214
1782841263.568297863,1.679386637,0.734033351,3.468680261
1782841263.569880724,1.690731831,0.734489707,3.465643309
1782841263.575713396,1.689398240,0.727824448,3.477029151
1782841263.576580048,1.697539641,0.696153678,3.487298359
1782841263.578374147,1.707979563,0.697784431,3.473067088
1782841263.580774784,1.709825035,0.714201933,3.461175482
1782841263.581782818,1.720439810,0.694509968,3.442103588
1782841263.583269119,1.719471428,0.713246195,3.417717198
1782841263.588345766,1.722861010,0.710464787,3.405478158
1782841263.589922190,1.729882737,0.717137684,3.351351897
1782841263.591603518,1.734848879,0.730594674,3.326429481
1782841263.593348503,1.727867011,0.730373146,3.305187258
1782841263.594932795,1.728852556,0.740800740,3.274080254
1782841263.600720167,1.723989645,0.735243637,3.253547544
1782841263.601600409,1.707858504,0.721524960,3.232362505
1782841263.603406668,1.706761612,0.722993073,3.223042960
1782841263.605846167,1.695793192,0.735441694,3.199936519
1782841263.606729507,1.685868587,0.719037735,3.152834550
1782841263.611804724,1.676335775,0.730839372,3.115848435
1782841263.613531590,1.653657234,0.713159961,3.053020759
1782841263.614943981,1.644847892,0.722210011,3.022230667
1782841263.616642714,1.643751664,0.728575945,2.998947425
1782841263.618288279,1.637135078,0.727060083,2.987766927
1782841263.619975805,1.639809129,0.725239695,2.977154014
1782841263.625680208,1.632359498,0.722152431,2.982133386
1782841263.626551390,1.643606990,0.674880179,3.046110283
1782841263.628239393,1.657659175,0.670842882,3.070130925
1782841263.630812645,1.664805556,0.676087217,3.079513596
1782841263.631692410,1.680333627,0.658744046,3.099498385
1782841263.638205528,1.692760053,0.665483709,3.099700390
1782841263.640468836,1.720152962,0.655830513,3.095669088
1782841263.641579866,1.731079583,0.640114176,3.099725468
1782841263.643328905,1.739575731,0.651284102,3.107959817
1782841263.645037889,1.749418330,0.648760056,3.108457978
1782841263.650716782,1.759799903,0.642867626,3.132397423
1782841263.651623011,1.805460348,0.592462047,3.230264746
1782841263.653430700,1.827078148,0.591229823,3.248114267
1782841263.655770302,1.840935858,0.602438906,3.262931753
1782841263.656648636,1.863299084,0.588631561,3.280376092
1782841263.658813000,1.877793620,0.600541777,3.288887077
1782841263.663235188,1.897609874,0.594741210,3.297718903
1782841263.664913654,1.936517692,0.601552662,3.304543979
1782841263.666613340,1.950984921,0.605991314,3.295858128
1782841263.668322563,1.958121441,0.615396051,3.304970633
1782841263.669887781,1.974296893,0.622773331,3.302965522
1782841263.674882174,1.973079273,0.628092374,3.311274845
1782841263.676653862,1.989436016,0.650188931,3.316677849
1782841263.678254843,2.001841962,0.649501309,3.332061542
1782841263.680810213,2.004977567,0.662767143,3.336535703
1782841263.681681633,2.013622060,0.663885492,3.353134439
1782841263.688208818,2.011070878,0.672193180,3.354156298
1782841263.690434217,2.004814083,0.697786979,3.345645663
1782841263.691577673,2.006458835,0.689963206,3.329044639
1782841263.693288326,1.997963261,0.710652875,3.313112057
1782841263.694912672,1.999842532,0.715854007,3.299527467
1782841263.700662613,1.997208846,0.723903990,3.282604909
1782841263.701775074,1.983335523,0.736632485,3.246810772
1782841263.703362465,1.981763902,0.734626176,3.234286377
1782841263.705817699,1.981723862,0.750540599,3.227809484
1782841263.706715584,1.981534923,0.737640457,3.221423920
1782841263.713347197,1.980054646,0.749998470,3.218232771
1782841263.714939356,1.957989445,0.719820437,3.213498009
1782841263.716625452,1.949912459,0.717549259,3.191200733
1782841263.718301296,1.938496452,0.709501697,3.167175576
1782841263.719897509,1.932831964,0.706000033,3.137559953
1782841263.725665808,1.913099990,0.697990642,3.111018905
1782841263.726768970,1.873138391,0.662503579,3.039503912
1782841263.728320599,1.862358793,0.655290742,3.015433651
1782841263.730793238,1.846585828,0.663070725,2.990357659
1782841263.731646776,1.834163043,0.634295954,2.973059229
1782841263.736460924,1.819976071,0.645655349,2.947543810
1782841263.737216711,1.774334575,0.607848600,2.894800964
1782841263.738316774,1.765198693,0.584789967,2.879212266
1782841263.740397453,1.755856769,0.601515042,2.860315798
1782841263.741744518,1.752162459,0.575368816,2.845554306
1782841263.743323326,1.743351646,0.600537739,2.834433404
1782841263.744902611,1.744859244,0.605690129,2.815857937
1782841263.750711203,1.738505067,0.599615001,2.810482723
1782841263.751571655,1.745200060,0.569661264,2.801318725
1782841263.753365517,1.752383486,0.579681323,2.787135584
1782841263.755816698,1.757109527,0.613460145,2.790944926
1782841263.756691217,1.768331782,0.590748240,2.795497362
1782841263.763180971,1.774168688,0.623156670,2.791381475
1782841263.764059544,1.804067396,0.592074829,2.839089412
1782841263.764928818,1.813107188,0.588217782,2.845636840
1782841263.766717911,1.833146688,0.612360281,2.842627408
1782841263.768299580,1.839829966,0.656199066,2.831046784
1782841263.769889593,1.861334045,0.680060121,2.815992741
1782841263.775711775,1.861075906,0.677848240,2.810772517
1782841263.776574135,1.875497817,0.665286445,2.784320590
1782841263.778249979,1.891353623,0.697977492,2.770872963
1782841263.780841112,1.893068878,0.741156380,2.745459578
1782841263.781714916,1.904235031,0.741818958,2.719058521
1782841263.788301706,1.910176837,0.789278204,2.700564616
1782841263.789914370,1.900815683,0.826540916,2.638285723
1782841263.791569471,1.897714478,0.851831893,2.612488819
1782841263.793310881,1.893167697,0.855111246,2.604540273
1782841263.794981003,1.890357586,0.878527314,2.587218250
1782841263.797250748,1.887600244,0.874015748,2.577264430
1782841263.800698996,1.876156049,0.871344333,2.569156408
1782841263.801556587,1.860956585,0.854478238,2.538969742
1782841263.803344488,1.848924654,0.881299724,2.518634268
1782841263.805871725,1.828582316,0.902598649,2.482817651
1782841263.806729794,1.810681200,0.892102431,2.459760555
1782841263.812846422,1.799159635,0.912581143,2.439087087
1782841263.813707590,1.775069216,0.894549078,2.433172627
1782841263.814966917,1.773288589,0.884483930,2.421330448
1782841263.816563129,1.769078178,0.901151171,2.413423965
1782841263.818261385,1.763002978,0.916999319,2.396092108
1782841263.819915771,1.758526663,0.927313048,2.380561750
1782841263.825683594,1.755313772,0.926329656,2.375023778
1782841263.826540232,1.748056886,0.917066454,2.364819800
1782841263.828264952,1.744836468,0.933109077,2.356722036
1782841263.830825329,1.746296756,0.945747645,2.343226583
1782841263.831683874,1.743170155,0.938444486,2.331541018
1782841263.838228703,1.742053424,0.956736617,2.320743804
1782841263.839892864,1.728335073,0.955527903,2.299856800
1782841263.841575146,1.724033005,0.965436761,2.293569429
1782841263.843382597,1.715203197,0.959416205,2.291642804
1782841263.844951153,1.713290379,0.967326985,2.279362628
1782841263.850711823,1.704264101,0.964975018,2.269672631
1782841263.851593018,1.684331011,0.953697344,2.253921885
1782841263.853303194,1.688501145,0.962965482,2.238351564
1782841263.855763674,1.684722867,0.975785644,2.227803033
1782841263.856615067,1.678067024,0.972337665,2.222001688
1782841263.863165617,1.673959603,0.981379058,2.219785394
1782841263.865402460,1.659733526,0.989235956,2.207339413
1782841263.866737366,1.654832713,0.988012450,2.206003583
1782841263.868295431,1.655184724,1.003086254,2.201318942
1782841263.869969368,1.648689036,1.007621381,2.192205003
1782841263.873833418,1.647393529,1.008297990,2.189246654
1782841263.875735283,1.644978767,1.013804814,2.183216464
1782841263.876606703,1.640291634,1.013588981,2.172021589
1782841263.878393888,1.637921489,1.019609618,2.164923212
1782841263.880869150,1.633586917,1.024119619,2.151743514
1782841263.881737232,1.629197312,1.026115189,2.152678336
1782841263.888258934,1.631299453,1.029250067,2.142438809
1782841263.889935255,1.624253131,1.023624081,2.133927011
1782841263.891613483,1.620193447,1.023279509,2.126625556
1782841263.893374205,1.620373357,1.020203368,2.124930859
1782841263.894946814,1.621860155,1.026044617,2.126912901
1782841263.900648832,1.616515467,1.016798529,2.117358483
1782841263.901803732,1.608284749,0.996731510,2.113185646
1782841263.903355837,1.609368673,0.990430453,2.113268054
1782841263.905920982,1.603285718,0.987932876,2.110293792
1782841263.906888008,1.599937873,0.983136086,2.114817015
1782841263.908276796,1.593904209,0.975180520,2.099568150
1782841263.913418055,1.586949543,0.968982696,2.089550844
1782841263.915086985,1.570311864,0.959158460,2.066300145
1782841263.916763306,1.559201735,0.955127755,2.054138345
1782841263.918302059,1.559063656,0.957213142,2.052989918
1782841263.919960499,1.547524692,0.947506999,2.037755629
1782841263.925714016,1.538973479,0.946146951,2.036355103
1782841263.926582098,1.511673495,0.937435574,2.007476965
1782841263.928376675,1.500315155,0.931465345,2.000232086
1782841263.930801392,1.502139571,0.928612473,1.995643654
1782841263.931669474,1.497228627,0.929592701,1.991839095
1782841263.934769392,1.488229084,0.931292937,1.984886688
1782841263.935518026,1.486117223,0.929605221,1.977327199
1782841263.938236237,1.483524370,0.929212595,1.972846511
1782841263.939902782,1.483434486,0.930142160,1.970656528
1782841263.941578865,1.483081284,0.927877848,1.969505792
1782841263.943355322,1.482872339,0.931017548,1.971265930
1782841263.944925785,1.485852541,0.934534833,1.972093517
1782841263.949833155,1.482393212,0.934358102,1.971252428
1782841263.951643229,1.470082866,0.929107962,1.961448043
1782841263.953420877,1.466117578,0.929366706,1.968060285
1782841263.955797195,1.464018712,0.926398032,1.959297097
1782841263.956674337,1.461030054,0.928505153,1.958384099
1782841263.963254929,1.458045715,0.932826272,1.954151325
1782841263.964941502,1.462651200,0.949647467,1.953878505
1782841263.966636896,1.463207797,0.951655585,1.952766478
1782841263.968368769,1.468430056,0.956653814,1.955960715
1782841263.969993591,1.465167088,0.951497455,1.953768174
1782841263.975720406,1.473726083,0.952201141,1.957731426
1782841263.976606607,1.470207800,0.948026002,1.942188573
1782841263.978410721,1.468501956,0.953973435,1.937338921
1782841263.980924129,1.465799851,0.947474806,1.925518229
1782841263.982200146,1.465457673,0.945572308,1.925087670
1782841263.983214378,1.463214483,0.943317588,1.920967802
1782841263.988195181,1.457125187,0.940315857,1.918101416
1782841263.989896059,1.441677049,0.927034741,1.910144378
1782841263.991584778,1.437507848,0.925465506,1.912169556
1782841263.993339300,1.439766697,0.919645338,1.907638058
1782841263.994899273,1.434517371,0.915383036,1.901963868
1782841263.996862411,1.426423123,0.912341753,1.893728998
1782841264.000749111,1.418024217,0.905776354,1.881360820
1782841264.001623631,1.402996202,0.897368463,1.863003288
1782841264.003254890,1.401170006,0.890922139,1.865394265
1782841264.005882740,1.394704744,0.884971189,1.852034519
1782841264.006761312,1.387647628,0.872757156,1.851353138
1782841264.011838913,1.384050215,0.871011562,1.851539817
1782841264.013369322,1.376242435,0.869970715,1.850721713
1782841264.015112400,1.369983769,0.866165688,1.842284156
1782841264.016701698,1.368337936,0.864156428,1.836442432
1782841264.018309116,1.366720404,0.866273097,1.834267388
1782841264.019961119,1.363141422,0.862945127,1.829240051
1782841264.025725603,1.360359280,0.867246132,1.828429305
1782841264.026604414,1.360861492,0.873789035,1.813878928
1782841264.028253794,1.356149646,0.872440041,1.813359874
1782841264.030893564,1.356564543,0.871040642,1.808622461
1782841264.031775713,1.345846914,0.868682119,1.800588678
1782841264.033254385,1.340839978,0.865037032,1.793858572
1782841264.038173676,1.337473121,0.857508149,1.791373712
1782841264.040457249,1.325075444,0.854032184,1.781560081
1782841264.041562796,1.320965624,0.850693333,1.775027988
1782841264.043330908,1.321163075,0.841661761,1.767515857
1782841264.044911385,1.317578618,0.841609963,1.761152929
1782841264.050687313,1.314182587,0.841207431,1.754981949
1782841264.051558971,1.302904677,0.837797387,1.746490391
1782841264.053344011,1.297275889,0.837312612,1.740335299
1782841264.055868387,1.296269625,0.836259407,1.732815961
1782841264.056746244,1.288717265,0.826238454,1.724350545
1782841264.058890104,1.287245119,0.831098778,1.718252704
1782841264.063292503,1.289427643,0.832040406,1.719660117
1782841264.064904690,1.284153007,0.825523357,1.704942007
1782841264.066592455,1.281498144,0.823842400,1.699242683
1782841264.068340063,1.277693401,0.826192047,1.696292092
1782841264.069908619,1.275340410,0.816622047,1.688874934
1782841264.073859930,1.268636417,0.817338446,1.678451498
1782841264.075728416,1.264872153,0.811979529,1.661478902
1782841264.076584339,1.260347856,0.807304702,1.658922533
1782841264.078260660,1.253618812,0.801724040,1.647650389
1782841264.080798149,1.253659632,0.805327229,1.649592349
1782841264.081677437,1.244720076,0.798241785,1.654494839
1782841264.088179588,1.240045055,0.797860073,1.651545188
1782841264.090382099,1.225723034,0.792525101,1.667695892
1782841264.091729641,1.221072020,0.787880644,1.667254396
1782841264.093338251,1.217706299,0.792854593,1.674546353
1782841264.094916344,1.212881236,0.788621801,1.673717467
1782841264.100749016,1.216183920,0.789323121,1.678354557
1782841264.101612091,1.219020610,0.812207848,1.676070509
1782841264.103289604,1.221818634,0.817977087,1.679298414
1782841264.105317593,1.225538446,0.819344045,1.672123331
1782841264.106554747,1.224691528,0.821929788,1.675120731
1782841264.113234758,1.228467126,0.825605293,1.677259280
1782841264.114924431,1.242591533,0.846962958,1.684755068
1782841264.116574049,1.243874590,0.847418411,1.682359256
1782841264.118307114,1.250907091,0.850255557,1.684862864
1782841264.119968891,1.251107172,0.859353966,1.689259897
1782841264.125699282,1.257223844,0.860319832,1.680993306
1782841264.126591206,1.251361622,0.873630011,1.689519532
1782841264.128405571,1.248822110,0.876012746,1.687552378
1782841264.130785942,1.248820688,0.874488626,1.683044714
1782841264.131638050,1.242067716,0.871755426,1.679776064
1782841264.135817289,1.247420522,0.879040134,1.679293763
1782841264.136622190,1.241890639,0.878874946,1.674617776
1782841264.138253212,1.241565090,0.877103777,1.669036074
1782841264.139914751,1.238600992,0.879466730,1.664272792
1782841264.141592503,1.235225670,0.880141301,1.660813706
1782841264.143328428,1.230662544,0.875697099,1.653151897
1782841264.144876719,1.200875777,0.881753529,1.661613056
1782841264.150703669,1.290116214,0.853296010,1.716090140
1782841264.151594639,1.290871813,0.936559896,1.580619806
1782841264.153400183,0.995514396,0.919983784,1.667522727
1782841264.155853271,1.220743503,0.927596090,1.553671954
1782841264.156708956,1.057210212,0.888392250,1.638392297
1782841264.163317919,1.182126430,0.880593957,1.571411759
1782841264.164878607,1.121806038,0.870871645,1.585467096
1782841264.166580200,1.142995983,0.863752569,1.575079865
1782841264.168254852,1.119267413,0.848480548,1.579496857
1782841264.169933081,1.148149353,0.840823441,1.565536644
1782841264.175710678,1.124559985,0.832476897,1.580830682
1782841264.176574707,1.115819326,0.798575557,1.575251507
1782841264.178245306,1.131166748,0.796674665,1.579194562
1782841264.180878639,1.130628999,0.793385413,1.588692315
1782841264.181759357,1.134685468,0.795808957,1.591518781
1782841264.183210611,1.135468104,0.796966183,1.599719468
1782841264.188257456,1.144169963,0.791098824,1.606223374
1782841264.189918995,1.163712483,0.783617791,1.622583468
1782841264.191604853,1.191203971,0.791340433,1.626946777
1782841264.193361521,1.195418726,0.793357768,1.643378202
1782841264.194922686,1.178368453,0.781811752,1.653125649
1782841264.197909594,1.219425064,0.788613639,1.648055923
1782841264.198662281,1.217981444,0.796512706,1.664939065
1782841264.200690746,1.206273185,0.800084483,1.678087161
1782841264.201564074,1.226967911,0.805672412,1.681321994
1782841264.203375578,1.218439302,0.809723284,1.690443044
1782841264.205777884,1.224357338,0.819142634,1.693079149
1782841264.206640005,1.222942321,0.838416464,1.704484294
1782841264.212915659,1.233080870,0.857888529,1.719140407
1782841264.213669538,1.234531737,0.860996104,1.747451177
1782841264.215009928,1.238020057,0.865516462,1.751341272
1782841264.216563702,1.235685155,0.876498867,1.752281973
1782841264.218245029,1.238775322,0.882157329,1.758236046
1782841264.219912291,1.241939740,0.896732213,1.764782293
1782841264.225697994,1.238068722,0.901967273,1.764675613
1782841264.226558924,1.250172867,0.937994223,1.779153987
1782841264.228367805,1.242343733,0.934567182,1.778853970
1782841264.230887413,1.245145697,0.935124589,1.782094422
1782841264.231750488,1.242373920,0.928220786,1.771380774
1782841264.238315821,1.246983049,0.935814275,1.771250695
1782841264.239890337,1.226976501,0.933797430,1.756108391
1782841264.241545916,1.214201418,0.936861422,1.756573140
1782841264.243377209,1.216425061,0.936292810,1.743024815
1782841264.245024204,1.202050725,0.931942291,1.733825717
1782841264.250736713,1.199385846,0.928339888,1.725245526
1782841264.251644373,1.175424801,0.923846576,1.710697245
1782841264.253241301,1.172920228,0.906483125,1.686531530
1782841264.255905628,1.155426078,0.903076067,1.677652078
1782841264.256786585,1.154019266,0.893762041,1.648863530
1782841264.258271456,1.117665699,0.903501031,1.676458504
1782841264.263339520,1.127859851,0.892638757,1.651743000
1782841264.264911413,1.102799853,0.896319636,1.640689584
1782841264.266590595,1.103652516,0.890253419,1.627831915
1782841264.268338919,1.110797584,0.881188307,1.609011549
1782841264.269898891,1.084519111,0.879128228,1.609883874
1782841264.273329973,1.084722987,0.872600828,1.586544211
1782841264.275752783,1.064140218,0.871494885,1.568865304
1782841264.276627302,1.064460677,0.873597189,1.556259779
1782841264.278430700,1.051394670,0.862754607,1.536811338
1782841264.280879974,1.038836433,0.849074282,1.512625831
1782841264.281749249,1.016852799,0.792676742,1.447421566
1782841264.288177490,1.003204034,0.779107625,1.432829108
1782841264.289047241,0.981750160,0.771300264,1.408538255
1782841264.289942503,0.979904715,0.767462182,1.407232392
1782841264.291563272,0.966175734,0.763619623,1.395687604
1782841264.293292999,0.957005415,0.758670144,1.391952195
1782841264.294963360,0.939746079,0.744679001,1.379981168
1782841264.300797701,0.934153812,0.745629132,1.384765806
1782841264.301854849,0.913242674,0.730570927,1.368447220
1782841264.303341627,0.902724034,0.717092600,1.362767938
1782841264.304975033,0.901209387,0.707906938,1.353897668
1782841264.306588888,0.897829681,0.702188590,1.355596425
1782841264.313464642,0.892268771,0.696924793,1.349665696
1782841264.315082788,0.879420462,0.703354776,1.357200736
1782841264.316679239,0.871585212,0.707284253,1.358167299
1782841264.318311691,0.868433869,0.707698312,1.363462801
1782841264.319921970,0.875852301,0.694053813,1.341470000
1782841264.325860739,0.947341004,0.688365533,1.329585717
1782841264.326987267,0.992450091,0.658816092,1.248900008
1782841264.328295469,0.946709423,0.668149502,1.273350467
1782841264.329998970,0.983751521,0.654687846,1.228682843
1782841264.331581831,0.944120672,0.650636583,1.247169044
1782841264.336451292,0.962833280,0.636649089,1.214579608
1782841264.337369919,0.945763177,0.630586256,1.207552094
1782841264.338251591,0.923953647,0.628666271,1.212634511
1782841264.340107918,0.926964690,0.623850852,1.195870654
1782841264.341639519,0.904866549,0.617693519,1.190351849
1782841264.343318939,0.905588507,0.608946158,1.183033022
1782841264.345015764,0.892198898,0.598112803,1.167752453
1782841264.350773096,0.886416784,0.586006520,1.153228550
1782841264.351897717,0.850271055,0.562936823,1.115023077
1782841264.353393555,0.843784949,0.554376351,1.098166853
1782841264.354965687,0.834139530,0.546019068,1.089897837
1782841264.356754065,0.824656296,0.540086033,1.070816114
1782841264.363317013,0.816016886,0.536403762,1.063161568
1782841264.364998102,0.591428343,0.528557434,1.164618830
1782841264.366681337,0.814189250,0.426513345,0.927020142
1782841264.368312120,0.817075225,0.484832609,0.962749497
1782841264.370022058,0.676915894,0.415119436,0.997049279
1782841264.375824690,0.793660050,0.436662186,0.873392125
1782841264.376936197,0.705631846,0.386876100,0.882266776
1782841264.378251314,0.707553945,0.389860208,0.859898128
1782841264.379908800,0.694552575,0.386707307,0.855201060
1782841264.381560326,0.699290271,0.380039601,0.835441555
1782841264.388275862,0.684418004,0.374365822,0.825251873
1782841264.389953613,0.666522396,0.355355642,0.798284437
1782841264.391680241,0.669324756,0.349189234,0.780335390
1782841264.393311501,0.655046920,0.345305953,0.773561299
1782841264.395085812,0.649644838,0.350225240,0.766260632
1782841264.398983479,0.634564800,0.338556961,0.747296771
1782841264.399900436,0.607005337,0.324372156,0.726335506
1782841264.401629686,0.587664020,0.316820789,0.715262885
1782841264.403254509,0.579856774,0.315502479,0.698985385
1782841264.405816793,0.567442385,0.316407029,0.686666443
1782841264.406754971,0.548858945,0.313869147,0.676387836
1782841264.408235312,0.541124323,0.306714753,0.660872593
1782841264.413286448,0.526244401,0.306846745,0.648318777
1782841264.415073872,0.483513179,0.282451116,0.603974745
1782841264.416791201,0.476004341,0.284528594,0.586561718
1782841264.418408871,0.455403588,0.279502862,0.574071852
1782841264.420032501,0.443080573,0.275126227,0.556549408
1782841264.425820351,0.426264147,0.271551601,0.541396719
1782841264.427069902,0.367415892,0.230668708,0.482796367
1782841264.428407907,0.355880161,0.223180312,0.460975455
1782841264.430152893,0.335454186,0.212698083,0.446853305
1782841264.431663513,0.319465692,0.205714979,0.419366728
1782841264.438564777,0.300259309,0.198240176,0.404621979
1782841264.440108061,0.250603979,0.166901524,0.342565518
1782841264.441735506,0.232324317,0.152433100,0.328141748
1782841264.443397284,0.220724595,0.140342371,0.308076272
1782841264.444977999,0.208014057,0.132857168,0.284203047
1782841264.450738668,0.183372083,0.120253291,0.262749613
1782841264.451632023,0.158698327,0.076255886,0.193577745
1782841264.453209400,0.147723585,0.065205791,0.167504982
1782841264.455894232,0.135696140,0.048663980,0.145720109
1782841264.456772566,0.119110435,0.034472382,0.105700721
1782841264.458224058,0.108563625,0.021572789,0.081659902
1782841264.461301804,0.093524211,0.018744629,0.061175854
1782841264.462073088,0.080014952,0.011139591,0.037380065
1782841264.463275909,0.062226493,0.013157031,0.018578378
1782841264.464886904,0.055238503,0.004359041,0.002768871
1782841264.466574907,0.036931913,-0.004267979,-0.014584152
1782841264.468271494,0.035469377,-0.006195187,-0.025170725
1782841264.469968796,0.031232153,-0.009784316,-0.029405473
1782841264.475733280,0.030541849,-0.012466721,-0.016549213
1782841264.476599693,0.047203845,0.012329137,-0.025145992
1782841264.478431463,0.084632937,0.001967898,-0.038029951
1782841264.480901003,0.070819375,0.000777474,-0.032530294
1782841264.481772184,0.097339606,-0.009772966,-0.044251550
1782841264.483238697,0.103854621,-0.016431605,-0.045129091
1782841264.488310814,0.108314563,-0.017936693,-0.047268177
1782841264.489881754,0.107348108,-0.016794070,-0.042563948
1782841264.491564274,0.101340155,-0.011112260,-0.038956657
1782841264.493273497,0.102133817,-0.013882335,-0.041583104
1782841264.494924545,0.102204922,-0.018988086,-0.042833916
1782841264.500707626,0.094434842,-0.011688410,-0.041756936
1782841264.501587868,0.099735470,-0.009677159,-0.044147435
1782841264.503225088,0.097179123,-0.006618569,-0.043787079
1782841264.505902767,0.097992690,-0.008693617,-0.044202272
1782841264.506783009,0.099614881,-0.007351248,-0.039897343
1782841264.508231640,0.102854733,-0.009314827,-0.039478755
1782841264.513387203,0.099186447,-0.008729611,-0.044397710
1782841264.514934778,0.099596532,-0.004256191,-0.041835920
1782841264.516737223,0.100662916,-0.005762800,-0.041713986
1782841264.518352270,0.102720240,-0.001892103,-0.039158722
1782841264.519949913,0.100257843,-0.010829999,-0.037307465
1782841264.524913788,0.101736524,-0.012351423,-0.042951599
1782841264.526633978,0.108589203,-0.010471401,-0.036394315
1782841264.528223515,0.105258599,-0.014483441,-0.035864448
1782841264.530873060,0.109676047,-0.010186087,-0.029510443
1782841264.531752586,0.102884814,-0.016615426,-0.031891652
1782841264.533214569,0.104285052,-0.017706516,-0.033946203
1782841264.538322687,0.107774386,-0.012738830,-0.033247978
1782841264.539907694,0.102340645,-0.009400663,-0.028369872
1782841264.541625023,0.106747254,-0.015986261,-0.032258510
1782841264.543359041,0.103493016,-0.012417878,-0.031672942
1782841264.544939518,0.100920795,-0.011547549,-0.028368911
1782841264.550710201,0.107906462,-0.007821794,-0.030578200
1782841264.551687717,0.109132302,-0.010541684,-0.024589722
1782841264.553256989,0.106592909,-0.011345559,-0.025720854
1782841264.555883169,0.107089122,-0.010614220,-0.024955590
1782841264.556754112,0.107352236,-0.012611229,-0.023196140
1782841264.563314915,0.107320289,-0.014423240,-0.017354972
1782841264.564895391,0.111249682,-0.014551378,-0.015788503
1782841264.566549540,0.109439353,-0.018278644,-0.014877222
1782841264.568359375,0.108904192,-0.013975349,-0.011592144
1782841264.569940567,0.113659711,-0.014843145,-0.013375312
1782841264.571898699,0.108224736,-0.016887359,-0.014180125
1782841264.575746059,0.110747108,-0.011700017,-0.014991853
1782841264.576709986,0.106751795,-0.011732583,-0.015220470
1782841264.578347683,0.105867459,-0.012470604,-0.016423671
1782841264.580820084,0.106520516,-0.016788629,-0.019679963
1782841264.581673384,0.105330600,-0.009131955,-0.014375828
1782841264.586978197,0.109523643,-0.008399239,-0.013427846
1782841264.588417292,0.108904926,-0.010126846,-0.014023956
1782841264.590418577,0.106987295,-0.011175724,-0.015763339
1782841264.591540098,0.110757030,-0.007968368,-0.011987880
1782841264.593353271,0.109043132,-0.010476105,-0.016343116
1782841264.594917059,0.109296261,-0.010803768,-0.007915823
1782841264.600649834,0.108624500,-0.009712840,-0.010404369
1782841264.601764917,0.110353616,-0.013157558,-0.007018637
1782841264.603440523,0.109210458,-0.009579214,-0.003710814
1782841264.605901718,0.111952152,-0.015741193,-0.004506472
1782841264.606777191,0.110029426,-0.016693425,-0.005615431
1782841264.613343000,0.108460809,-0.013923823,-0.003987617
1782841264.614914894,0.104327157,-0.014405495,-0.004439512
1782841264.616567135,0.102164416,-0.016093681,-0.006616519
1782841264.618392944,0.107766103,-0.014327938,-0.008435238
1782841264.619982243,0.107066253,-0.017158886,-0.001292344
1782841264.625757933,0.104930842,-0.015448651,-0.008990993
1782841264.626616716,0.110145021,-0.011230914,-0.008376400
1782841264.628286600,0.108978957,-0.008371523,-0.004385043
1782841264.630899191,0.106440431,-0.006121234,-0.005360736
1782841264.631763220,0.108724783,-0.006919192,-0.009555702
1782841264.638468981,0.111122465,-0.005452973,-0.001681281
1782841264.639980555,0.112169976,-0.010458198,-0.000578973
1782841264.641561985,0.111396408,-0.012561742,0.002182546
1782841264.643352270,0.108674763,-0.008311691,-0.000299544
1782841264.644933939,0.108827238,-0.011877475,0.001567274
1782841264.648329735,0.111023380,-0.015727369,-0.002723963
1782841264.650751114,0.111907730,-0.013502807,0.000090151
1782841264.651626348,0.109782879,-0.014054458,0.001897093
1782841264.653421640,0.107053187,-0.009780892,0.004920138
1782841264.655904770,0.111733559,-0.010003724,0.000563368
1782841264.656769514,0.109251721,-0.012313041,0.000356083
1782841264.663387537,0.110479540,-0.016395798,-0.003239434
1782841264.664955378,0.109198870,-0.006463446,-0.000235884
1782841264.666619539,0.108938338,-0.009496115,-0.005296208
1782841264.668365479,0.105586838,-0.009803225,-0.004211248
1782841264.669923782,0.110143108,-0.004786895,-0.000860504
1782841264.675748587,0.108001587,-0.009996648,-0.004439597
1782841264.676615715,0.109552348,-0.010885228,-0.002442388
1782841264.678214073,0.107959420,-0.007310697,0.000509384
1782841264.680835485,0.107924480,-0.004432791,0.000070205
1782841264.681723595,0.110262938,-0.007406736,0.000021750
1782841264.688133955,0.112739713,-0.007512323,0.005359519
1782841264.689018965,0.118324358,-0.004801124,0.002970554
1782841264.691670656,0.114642373,-0.004667042,0.002159208
1782841264.693304777,0.120399988,-0.009693026,0.002108386
1782841264.695053816,0.125787922,-0.011757030,-0.000707667
1782841264.700702190,0.135352710,-0.017257248,-0.000504709
1782841264.701574802,0.149915752,-0.008611805,-0.012259300
1782841264.703375340,0.151338575,-0.005906950,-0.012565396
1782841264.705887794,0.154411796,-0.004562028,-0.019957090
1782841264.706765652,0.159038505,0.008076466,-0.021418902
1782841264.708216190,0.158413800,0.009624236,-0.014330513
1782841264.710187912,0.167349018,0.012898812,-0.006419942
1782841264.713346481,0.167378735,0.012116377,-0.005543728
1782841264.714958191,0.161498551,0.018004581,-0.007097304
1782841264.716627598,0.162135251,0.025368621,-0.010064875
1782841264.718342066,0.162726755,0.039135473,0.001326344
1782841264.719921112,0.158599033,0.044723770,0.013937869
1782841264.725329638,0.156148735,0.052045628,0.070669675
1782841264.726629496,0.203522874,0.143726857,0.271660517
1782841264.728209496,0.237157559,0.192395777,0.353475753
1782841264.730897665,0.235654717,0.260425259,0.426119882
1782841264.731754303,0.290009103,0.326897651,0.514909950
1782841264.738372087,0.275970093,0.369693723,0.552264644
1782841264.739934206,0.335574488,0.444981744,0.640224107
1782841264.741618872,0.354852580,0.464279123,0.679507556
1782841264.743365526,0.382341676,0.487223811,0.722779552
1782841264.744925976,0.407641541,0.504791133,0.771400752
1782841264.750681400,0.428248015,0.515496243,0.817840810
1782841264.751541615,0.454050950,0.566495952,0.952944532
1782841264.753230810,0.467509690,0.583003981,0.997746222
1782841264.755845785,0.477299311,0.613402164,1.040252328
1782841264.756637096,0.501083894,0.652584541,1.122187518
1782841264.758213282,0.515444603,0.668968142,1.152150773
1782841264.763396025,0.512772443,0.690472845,1.190477114
1782841264.764975548,0.344068877,0.787497142,1.297256718
1782841264.766634703,0.457326412,0.790694182,1.333540735
1782841264.768348932,0.491547229,0.806207864,1.349869973
1782841264.769927740,0.486995626,0.838245466,1.391540614
1782841264.771849394,0.490546354,0.869548519,1.430876023
1782841264.775741339,0.492157291,0.899075284,1.462496129
1782841264.776612282,0.511415570,0.958358991,1.539340112
1782841264.778409243,0.524172014,0.981126018,1.577382064
1782841264.780891418,0.537826353,1.006863297,1.604160520
1782841264.781773329,0.565708388,1.049742925,1.665751623
1782841264.783223152,0.582656113,1.074312892,1.688936649
1782841264.786954403,0.593174102,1.097574485,1.719947007
1782841264.788345814,0.603211693,1.118973314,1.744401980
1782841264.789936781,0.608275173,1.139493269,1.771424540
1782841264.791598797,0.615151024,1.155716428,1.803422153
1782841264.793350935,0.617574540,1.169456212,1.829104450
1782841264.794915676,0.620507673,1.182429278,1.862539870
1782841264.800718784,0.625403737,1.196344825,1.884170375
1782841264.801579952,0.638313042,1.248643939,2.004005487
1782841264.803242922,0.637798517,1.254107190,2.029366053
1782841264.805894375,0.649886610,1.271854910,2.052239303
1782841264.806789637,0.651782756,1.272893355,2.079700301
1782841264.808228731,0.660527241,1.286875660,2.100071586
1782841264.813154221,0.665373778,1.298899020,2.121266688
1782841264.814013243,0.680441253,1.323121981,2.171320813
1782841264.814878464,0.690864023,1.331848779,2.191274698
1782841264.816651821,0.694605514,1.339153589,2.222025970
1782841264.818255663,0.701197123,1.347948086,2.245156062
1782841264.819925785,0.708894018,1.349913351,2.274634945
1782841264.825699091,0.719740033,1.362404930,2.296065233
1782841264.826575994,0.733831806,1.374342084,2.368535132
1782841264.828251600,0.738381084,1.372611538,2.406176712
1782841264.830858707,0.737729741,1.382958102,2.431751272
1782841264.831729412,0.739934355,1.382119454,2.470465551
1782841264.833869696,0.739853968,1.391966156,2.505420089
1782841264.838243961,0.742660979,1.401207228,2.533882612
1782841264.839954615,0.757112795,1.403680781,2.598042344
1782841264.841644049,0.767290369,1.400992796,2.630490219
1782841264.843387127,0.774209748,1.412611042,2.659035957
1782841264.845027447,0.789107354,1.403887069,2.690179420
1782841264.849349499,0.798039093,1.409199549,2.708841458
1782841264.851798773,0.818425125,1.421490249,2.782704548
1782841264.853416204,0.830381697,1.409010523,2.804909888
1782841264.855906010,0.837685291,1.415460027,2.823498753
1782841264.856779814,0.854992547,1.405144921,2.855192086
1782841264.858244419,0.862301571,1.408641064,2.864701692
1782841264.863402605,0.867663810,1.417001957,2.875510717
1782841264.864988565,0.873557952,1.405489043,2.906529228
1782841264.866658211,0.880944776,1.396948029,2.914351440
1782841264.868344545,0.876703529,1.395273497,2.921890698
1782841264.869925499,0.886868890,1.383155570,2.936687462
1782841264.875717402,0.883088444,1.374572665,2.937761600
1782841264.876600266,0.882015654,1.339334750,2.954017010
1782841264.878392458,0.890225409,1.324563783,2.953535501
1782841264.880908728,0.887438720,1.326457592,2.936554890
1782841264.881788731,0.891790683,1.285574619,2.937040786
1782841264.883228540,0.891285226,1.290916746,2.922305139
1782841264.888173103,0.886523459,1.281237699,2.917197675
1782841264.890403032,0.890339498,1.257838924,2.906991851
1782841264.891735077,0.900862291,1.221895081,2.910804542
1782841264.893299818,0.899404052,1.232839384,2.898591667
1782841264.894979954,0.915264235,1.221450332,2.893593193
1782841264.900710106,0.904156724,1.203305227,2.894472978
1782841264.901578188,0.902588095,1.138323640,2.899394639
1782841264.903403044,0.919180222,1.126427647,2.886814132
1782841264.905937195,0.916607209,1.154053205,2.877582206
1782841264.906815052,0.932877661,1.109870658,2.871696051
1782841264.908260107,0.922408805,1.131098549,2.856413927
1782841264.910890102,0.920576451,1.129235842,2.855605265
1782841264.911643505,0.912879281,1.125230240,2.858512644
1782841264.913332224,0.913209996,1.126049953,2.864708366
1782841264.914914131,0.932708361,1.159168656,2.868998175
1782841264.916578531,0.957840090,1.180977988,2.859300612
1782841264.918305635,0.950953391,1.188949607,2.878954179
1782841264.919955492,0.981082454,1.219768526,2.883701585
1782841264.925714731,0.972016895,1.230684571,2.893185067
1782841264.926570892,1.007151624,1.229295434,2.915065837
1782841264.928256273,1.044617172,1.266593675,2.905896089
1782841264.930898905,1.040082977,1.326831687,2.899319949
1782841264.931757689,1.077240742,1.339642442,2.921005824
1782841264.933241844,1.082822165,1.399205489,2.915822860
1782841264.938338518,1.085511324,1.411451294,2.922367613
1782841264.939901114,1.125213500,1.468114362,2.921857256
1782841264.941592216,1.158686840,1.519658329,2.903963956
1782841264.943356276,1.167062738,1.537746710,2.914617583
1782841264.944924593,1.195811385,1.585500692,2.895910922
1782841264.950711489,1.203096647,1.598326182,2.914189223
1782841264.951575518,1.249775566,1.625261224,2.957987122
1782841264.953242064,1.274919131,1.674099189,2.946546036
1782841264.955899239,1.279299825,1.722419177,2.955207100
1782841264.956772089,1.314305269,1.739064679,2.988691794
1782841264.958973408,1.325306285,1.785108296,3.000000245
1782841264.963262796,1.331600250,1.794956685,3.020599379
1782841264.964895964,1.376794080,1.837371511,3.034500767
1782841264.966594934,1.409937172,1.873962135,3.031252509
1782841264.968306541,1.419378223,1.885614017,3.045257156
1782841264.969973087,1.446871506,1.912940688,3.040659486
1782841264.974376440,1.459333501,1.926113625,3.046050424
1782841264.975171566,1.480398176,1.964139313,3.080383150
1782841264.976679564,1.498407204,1.984326284,3.084794114
1782841264.978348970,1.518655804,2.010360085,3.074724076
1782841264.980913877,1.532638672,2.032592728,3.076162809
1782841264.981794596,1.542156738,2.050519106,3.076573980
1782841264.983235121,1.553803938,2.068904290,3.088829754
1782841264.988325357,1.563010402,2.080293840,3.104022166
1782841264.989898443,1.594369028,2.111014826,3.129110967
1782841264.991594791,1.619648242,2.119327742,3.127919151
1782841264.993352890,1.640209458,2.132282430,3.141531892
1782841264.994917393,1.671113550,2.142049302,3.139677759
1782841265.000712395,1.688854088,2.148687009,3.153445179
1782841265.001572609,1.767255894,2.188425334,3.165598969
1782841265.003366709,1.803703428,2.201550086,3.169697303
1782841265.005381346,1.834848312,2.196284278,3.189326538
1782841265.006659508,1.852881321,2.220877790,3.199545106
1782841265.013215065,1.882180442,2.213294087,3.221588544
1782841265.014906883,1.968792948,2.256437300,3.297830456
1782841265.016591787,1.992183023,2.247091636,3.324871812
1782841265.018366337,2.010997130,2.260720613,3.331750132
1782841265.019932032,2.028713681,2.242271463,3.361231777
1782841265.025929689,2.047082915,2.258849711,3.367122457
1782841265.027113199,2.077647842,2.340668657,3.374427643
1782841265.028342009,2.081862806,2.354095245,3.370573685
1782841265.029931307,2.086565507,2.348011830,3.390489615
1782841265.031594992,2.095370702,2.329373842,3.414044398
1782841265.036980391,2.125879243,2.276952626,3.439051758
1782841265.038440228,2.121983927,2.298839424,3.429754157
1782841265.040345907,2.106217321,2.350073879,3.437843212
1782841265.041747808,2.105690575,2.368576803,3.438328455
1782841265.043550253,2.107975879,2.337433734,3.472225851
1782841265.045325994,2.106039460,2.352937853,3.477105194
1782841265.047125101,2.105532161,2.307693524,3.518913038
1782841265.048553467,2.106737477,2.327768757,3.534876785
1782841265.050366879,2.146473119,2.258187557,3.595078753
1782841265.051995516,2.107342737,2.314671048,3.617145802
1782841265.053446770,2.112099486,2.341297818,3.642900613
1782841265.054936409,2.111403615,2.302334584,3.719527741
1782841265.056580544,2.106612410,2.261512262,3.794175686
1782841265.063275099,2.147199797,2.166189705,3.884624295
1782841265.064970732,2.105181781,2.192364837,4.053934957
1782841265.066670418,2.081079509,2.143815834,4.120033693
1782841265.068359137,2.061521193,2.174934075,4.144357947
1782841265.069960117,2.034721660,2.130918977,4.209467809
1782841265.075765610,2.025404041,2.161726857,4.244451003
1782841265.076632500,1.951480184,2.353391887,4.315435308
1782841265.078427315,1.952168180,2.314349992,4.382485173
1782841265.080823183,2.001419756,2.199396396,4.452969473
1782841265.081681728,1.959588599,2.310045791,4.455391161
1782841265.088242054,2.003314004,2.196667408,4.526084825
1782841265.089935541,2.027483069,2.225022284,4.621088452
1782841265.091609716,2.042442648,2.155057185,4.678227071
1782841265.093378305,2.055011524,2.181989116,4.689340147
1782841265.094999313,2.080631588,2.074309885,4.753183561
1782841265.098367453,2.100350845,2.109186727,4.777524282
1782841265.100678205,2.150099210,2.158141032,4.832219196
1782841265.101547956,2.131775015,2.256013873,4.842965048
1782841265.103363752,2.184698949,2.109655101,4.938588939
1782841265.105891466,2.265332601,1.875178856,5.048850032
1782841265.106750488,2.278494876,1.976179709,5.108723222
1782841265.113244295,2.364409371,1.729143774,5.207447116
1782841265.114973068,2.460801679,1.567878797,5.346392598
1782841265.116683006,2.491142871,1.408877010,5.414577918
1782841265.118363380,2.513377706,1.404427508,5.451055187
1782841265.119986773,2.528858738,1.265562710,5.505286350
1782841265.125733614,2.537878604,1.259004822,5.525342399
1782841265.126591682,2.518602747,1.283792891,5.551932711
1782841265.128257990,2.507838943,1.167249248,5.573823728
1782841265.130914211,2.512153215,1.048965961,5.594060248
1782841265.131893158,2.481469786,1.071689283,5.585711838
1782841265.133349657,2.472585762,0.989022789,5.576650415
1782841265.138227463,2.460569577,0.978160639,5.574073082
1782841265.139960289,2.381208357,0.921365765,5.543939468
1782841265.141644239,2.340165552,0.917792863,5.526221333
1782841265.143352985,2.314071618,0.901733242,5.508590458
1782841265.144944191,2.275826792,0.916890212,5.497744822
1782841265.150760412,2.247029536,0.898638947,5.477745311
1782841265.151625633,2.144541775,0.867389615,5.376425453
1782841265.153213739,2.101675800,0.891737182,5.332696360
1782841265.155902147,2.070056842,0.924300464,5.274620612
1782841265.156759501,2.031537524,0.899146866,5.222610769
1782841265.160992384,1.999825204,0.926979226,5.144375406
1782841265.161755323,1.892375461,0.844653370,4.973019300
1782841265.163292885,1.853053569,0.822397949,4.928033727
1782841265.164885283,1.806943480,0.874198769,4.875086677
1782841265.166569948,1.770243324,0.931988429,4.812746111
1782841265.168280125,1.735611808,0.901725839,4.769753571
1782841265.169945955,1.704832215,0.964486433,4.689662515
1782841265.175663710,1.678912408,0.932126561,4.622675938
1782841265.176537991,1.637507749,0.873106488,4.484345797
1782841265.178228617,1.616268075,0.938443403,4.392789727
1782841265.180878878,1.595114627,1.015928485,4.306649904
1782841265.181767464,1.557090869,0.974508015,4.174816062
1782841265.183249474,1.529675609,1.057437327,4.090212917
1782841265.188314676,1.514004086,1.036060323,4.037344020
1782841265.189892054,1.475776615,1.093244254,3.962745244
1782841265.191564322,1.467655960,1.162191469,3.927850143
1782841265.193374395,1.450261103,1.129404921,3.918741031
1782841265.194939852,1.439127695,1.193871978,3.883724064
1782841265.200699091,1.420279888,1.168421558,3.879799209
1782841265.201566458,1.385941653,1.095546731,3.816881737
1782841265.203263998,1.384808991,1.165571838,3.755958281
1782841265.205813885,1.370663920,1.248882391,3.695965691
1782841265.206692219,1.386570525,1.218833053,3.641370344
1782841265.213242531,1.377755377,1.307883798,3.595119194
1782841265.214940310,1.393919481,1.360595237,3.525957182
1782841265.216627598,1.397470717,1.433444170,3.478865341
1782841265.218357801,1.400876300,1.430608448,3.485985354
1782841265.219935894,1.403718680,1.529010420,3.427334546
1782841265.223437786,1.400807624,1.518921295,3.432014810
1782841265.225681782,1.395679061,1.499085374,3.425721995
1782841265.226550102,1.413866904,1.479920973,3.430269065
1782841265.228231668,1.411978846,1.529899263,3.389745432
1782841265.230896235,1.406190401,1.589098138,3.381943883
1782841265.231777191,1.450397128,1.542778816,3.351127345
1782841265.233249426,1.433502048,1.594279399,3.320048977
1782841265.238340616,1.435907926,1.584733121,3.309845242
1782841265.239928484,1.428610909,1.609162356,3.277321559
1782841265.241595745,1.428563203,1.639991722,3.239782358
1782841265.243365288,1.418324172,1.624760738,3.233462932
1782841265.244949102,1.424834826,1.649104332,3.206927736
1782841265.250712633,1.419047499,1.638229249,3.199875572
1782841265.251575708,1.449724024,1.590662480,3.159101241
1782841265.253251553,1.482420315,1.605921526,3.124296697
1782841265.255371332,1.481166779,1.646861355,3.106154664
1782841265.256751776,1.527492777,1.622522405,3.093472482
1782841265.263275623,1.526279337,1.656939330,3.079340886
1782841265.265043497,1.600442104,1.681796866,3.119924985
1782841265.266750813,1.643634839,1.692892550,3.135146348
1782841265.268368244,1.671419874,1.702620935,3.177177721
1782841265.269931316,1.726134099,1.711208744,3.203633632
1782841265.275708914,1.757081332,1.714777191,3.245805315
1782841265.276579857,1.966232402,1.749530414,3.368146000
1782841265.278417587,2.047269051,1.776066966,3.388883400
1782841265.280848503,2.084311758,1.825186662,3.412696137
1782841265.281728029,2.166472803,1.823787763,3.436778220
1782841265.286389828,2.208269878,1.872419090,3.464090126
1782841265.287202597,2.320882759,1.921605849,3.538495978
1782841265.288469076,2.403801767,1.933194341,3.569839594
1782841265.289918900,2.450272798,1.982285405,3.603966786
1782841265.291606903,2.514122579,2.009202624,3.642686287
1782841265.293315411,2.561092882,2.038024146,3.681078821
1782841265.294896841,2.609450030,2.061658171,3.718061641
1782841265.300686598,2.659905992,2.097798997,3.757211977
1782841265.301555157,2.805951923,2.200721626,3.903203522
1782841265.303391695,2.836503205,2.221002099,3.974676925
1782841265.305903196,2.874743397,2.255169307,4.034412321
1782841265.306764841,2.896504676,2.284859084,4.114358173
1782841265.308246613,2.932943726,2.303719238,4.181721948
1782841265.313214302,2.963467788,2.343174663,4.233949468
1782841265.315459490,2.992389554,2.393190639,4.384423439
1782841265.316572428,2.983411303,2.427432046,4.453936640
1782841265.318366289,3.000739953,2.432409659,4.517016075
1782841265.319952488,2.981558090,2.445592963,4.609238212
1782841265.325700998,2.978966994,2.485885857,4.659332625
1782841265.326586485,2.936567041,2.646951185,4.851243452
1782841265.328393221,2.898101935,2.673387021,4.931113937
1782841265.330889225,2.911241055,2.654347712,4.994533029
1782841265.331792116,2.823941209,2.757307818,5.077358149
1782841265.333310604,2.828429431,2.733098014,5.109248740
1782841265.338389397,2.825231817,2.775544583,5.110729543
1782841265.340090036,2.787087553,2.838568517,5.156849744
1782841265.341561794,2.743414607,2.935507078,5.176768114
1782841265.343369722,2.783329005,2.916786076,5.228115455
1782841265.344948769,2.765232244,2.949970659,5.275144419
1782841265.348450184,2.775735421,3.007310394,5.309060588
1782841265.350716591,2.809185249,3.129156322,5.394670232
1782841265.351577282,2.794644253,3.249665706,5.433131350
1782841265.353363514,2.801013934,3.286898695,5.501370268
1782841265.355895996,2.846471385,3.267512947,5.587178662
1782841265.356771231,2.836258129,3.389696647,5.624426052
1782841265.358207226,2.899649397,3.354096550,5.700525847
1782841265.363389730,2.920516368,3.416239144,5.746671891
1782841265.364949703,3.030854946,3.495006629,5.879709133
1782841265.366630077,3.084868562,3.403514314,5.971858994
1782841265.368391037,3.127154196,3.434092379,5.997900837
1782841265.369955301,3.193671597,3.269268238,6.116155258
1782841265.375720501,3.228390797,3.289846011,6.141513541
1782841265.376581192,3.266965568,3.370542265,6.150935418
1782841265.378367662,3.321930591,3.139055085,6.255095790
1782841265.380905151,3.396252436,2.837067067,6.367630546
1782841265.381767035,3.383101608,2.879196157,6.361380444
1782841265.388244390,3.440113169,2.555356101,6.478871761
1782841265.389920950,3.458022877,2.266821159,6.600785781
1782841265.391567230,3.461762871,1.989005598,6.692180661
1782841265.393370628,3.457714391,1.996732126,6.702105322
1782841265.394924641,3.451877091,1.740567045,6.785109883
1782841265.400709391,3.447549019,1.746177202,6.799267044
1782841265.401585817,3.452652683,1.775794318,6.889028521
1782841265.403369665,3.455435926,1.529946526,6.985400865
1782841265.405904770,3.466976063,1.297807807,7.058614862
1782841265.406767845,3.472897858,1.300765503,7.146293611
1782841265.411350012,3.476562151,1.093096162,7.233856324
1782841265.412097216,3.469501096,1.060842389,7.307949880
1782841265.413456202,3.448763210,1.061482766,7.329431870
1782841265.414903402,3.425029368,0.885323164,7.358057693
1782841265.416561842,3.389615593,0.764783702,7.382321953
1782841265.418314219,3.370899201,0.736820441,7.366416266
1782841265.419974804,3.327679549,0.653964675,7.355523194
1782841265.425759315,3.305469706,0.622425170,7.313536824
1782841265.426634550,3.242768351,0.567544320,7.239985741
1782841265.428249359,3.189870479,0.508286272,7.209560221
1782841265.430899858,3.137269196,0.479460296,7.158464527
1782841265.431775093,3.039612233,0.409394802,7.033366227
1782841265.433209896,2.976123726,0.417232500,6.959343037
1782841265.438244581,2.928710144,0.376175591,6.875851390
1782841265.439913511,2.830801379,0.375791000,6.696343409
1782841265.441587687,2.784474868,0.435309948,6.608010521
1782841265.443349838,2.745842531,0.399333785,6.510378787
1782841265.444944620,2.703540287,0.474842578,6.416142236
1782841265.450733185,2.665761860,0.442647648,6.315575010
1782841265.451596022,2.583030100,0.343603155,6.026966193
1782841265.453260899,2.542471948,0.422364515,5.909934883
1782841265.455895185,2.488505722,0.537332731,5.807104475
1782841265.456769705,2.406270006,0.479684359,5.605139345
1782841265.458234549,2.360305943,0.596832419,5.505824681
1782841265.463373661,2.311663882,0.578175523,5.418366827
1782841265.464931011,2.232132706,0.684101811,5.231734337
1782841265.466606617,2.165031692,0.810200717,5.144131450
1782841265.468366861,2.107286757,0.788775815,5.071750184
1782841265.469940186,2.054449762,0.892824613,4.985922657
1782841265.473902702,2.007200402,0.868347502,4.921855332
1782841265.474925756,1.919485094,0.828468065,4.777242002
1782841265.476618767,1.888199748,0.931949638,4.667397381
1782841265.478415012,1.872456282,0.907909630,4.595887989
1782841265.480837584,1.843119607,1.021239748,4.498574427
1782841265.481704950,1.805359129,0.992693353,4.363076650
1782841265.488292217,1.777399544,1.111502520,4.282211450
1782841265.489983082,1.729655174,1.175954984,4.152558309
1782841265.491666079,1.710229053,1.266200705,4.102350672
1782841265.493307114,1.694067055,1.245178839,4.082955044
1782841265.494980097,1.685521155,1.326680172,4.043325686
1782841265.500658989,1.672963065,1.307604861,4.029556112
1782841265.501539230,1.673433928,1.228757295,3.986625237
1782841265.503410101,1.680023973,1.294971736,3.940723682
1782841265.505299807,1.665413631,1.377782554,3.903597921
1782841265.506659269,1.687004639,1.337447254,3.880745663
1782841265.513387680,1.674971014,1.415744155,3.841347404
1782841265.515006065,1.685586223,1.442467425,3.790059753
1782841265.516690731,1.706839588,1.503323090,3.766910084
1782841265.518413305,1.711545611,1.503964438,3.768793309
1782841265.520014286,1.745007038,1.553737865,3.746140166
1782841265.525707960,1.748124564,1.552303946,3.746680492
1782841265.526568413,1.821547641,1.539835817,3.753512341
1782841265.528232098,1.856141604,1.572593723,3.698355202
1782841265.530849934,1.857954659,1.637402597,3.680870825
1782841265.531728506,1.921252100,1.613410473,3.653557423
1782841265.536341190,1.901897965,1.681382595,3.625769066
1782841265.537116051,1.897759248,1.687114035,3.613191667
1782841265.538217545,1.892767426,1.688239630,3.610828102
1782841265.539888859,1.935220996,1.719228387,3.577376621
1782841265.541566849,1.973974817,1.748708252,3.554219937
1782841265.543311357,1.966640021,1.751453149,3.558834577
1782841265.544970989,2.011779183,1.777241706,3.537275067
1782841265.550681591,2.021260946,1.785766231,3.548988493
1782841265.551585436,2.104773097,1.774820377,3.561757071
1782841265.553260326,2.166243870,1.802531814,3.552032731
1782841265.555832863,2.173640609,1.852856697,3.559813550
1782841265.556707382,2.252855444,1.846622913,3.561176774
1782841265.563241482,2.265537774,1.899303165,3.571190465
1782841265.564918280,2.435717025,2.016715506,3.628376787
1782841265.566570759,2.499072624,2.055621414,3.620371905
1782841265.568396807,2.532731208,2.086166528,3.643448282
1782841265.569984674,2.589220970,2.121966815,3.636431544
1782841265.575682402,2.619268243,2.150086586,3.652505918
1782841265.576543093,2.759565809,2.216055277,3.687334334
1782841265.578206778,2.799282378,2.258066753,3.677015039
1782841265.580849171,2.812198906,2.309065603,3.674284893
1782841265.581726313,2.856487163,2.327666446,3.670447491
1782841265.588376284,2.863850086,2.375122284,3.668833004
1782841265.589974642,2.933433935,2.506168158,3.652058714
1782841265.591641903,2.927991728,2.551492409,3.646578625
1782841265.593400717,2.936597007,2.584432054,3.655775345
1782841265.594986200,2.922464700,2.624524205,3.674475092
1782841265.599309206,2.930032758,2.653854363,3.690823394
1782841265.600113153,2.965247089,2.744053633,3.781133324
1782841265.601584673,2.950464204,2.785234944,3.827455169
1782841265.603221893,2.925891278,2.826474126,3.891149842
1782841265.605896950,2.942025745,2.856365272,3.942468061
1782841265.606772661,2.921471917,2.897374870,4.011736559
1782841265.608236074,2.928909986,2.914728509,4.067513030
1782841265.613315582,2.951652616,2.959817984,4.117171840
1782841265.614927530,2.941891527,3.030190192,4.261753292
1782841265.616635084,2.903439979,3.053683254,4.372630790
1782841265.618384838,2.912730227,3.102078577,4.434359386
1782841265.619976282,2.870369037,3.134335733,4.556609846
1782841265.625726223,2.874757887,3.187816598,4.614338244
1782841265.626605034,2.820844441,3.396635424,4.813731932
1782841265.628386974,2.768724626,3.454231711,4.914180010
1782841265.630763531,2.792185873,3.475639998,4.989836950
1782841265.631627083,2.747162711,3.661042276,5.088960935
1782841265.638263702,2.786242194,3.685697848,5.161996205
1782841265.639950514,2.880262069,3.946664144,5.345294689
1782841265.641638517,2.913456974,4.020810598,5.440742456
1782841265.643377066,2.996810421,4.118260804,5.511987818
1782841265.644941092,3.034367310,4.201711101,5.616300215
1782841265.650714397,3.092122716,4.292859822,5.690900828
1782841265.651583910,3.190222522,4.567027228,5.883766364
1782841265.653424501,3.201075044,4.607316059,5.973161537
1782841265.655846834,3.257555560,4.581319948,6.072962003
1782841265.656733274,3.249939021,4.716212802,6.164031195
1782841265.661801100,3.292118034,4.681235561,6.260372600
1782841265.663605690,3.266475814,4.780228102,6.301242982
1782841265.664963722,3.276112513,4.804127441,6.318355128
1782841265.666644812,3.277166125,4.788490709,6.362729552
1782841265.668394566,3.307904696,4.730718098,6.400794264
1782841265.670061827,3.301771528,4.713615852,6.424161134
1782841265.675720215,3.316450212,4.714211664,6.414647224
1782841265.676581621,3.271180570,4.737412396,6.367319989
1782841265.678391457,3.255567324,4.695113938,6.385913776
1782841265.680847645,3.278566797,4.604660389,6.419862619
1782841265.681728125,3.228900183,4.604448510,6.375644701
1782841265.688219309,3.248972145,4.490641859,6.412593717
1782841265.689914703,3.226901399,4.340040942,6.415569050
1782841265.691600800,3.231698667,4.204206414,6.464106294
1782841265.693278790,3.219829505,4.183822059,6.436355151
1782841265.694940090,3.219693056,4.032321599,6.492842465
1782841265.700767279,3.193813451,4.016290773,6.476470757
1782841265.701656580,3.088254580,3.980603306,6.452807675
1782841265.703233004,3.080843863,3.818894964,6.527735267
1782841265.705905199,3.082807027,3.639579625,6.594574132
1782841265.706783295,3.029044797,3.623840506,6.599396654
1782841265.708226919,3.036112016,3.447487436,6.682724816
1782841265.713373184,3.025057360,3.439978068,6.704462763
1782841265.714942217,3.011060055,3.267278167,6.815335421
1782841265.716633081,3.007774645,3.119009871,6.923417943
1782841265.718365669,3.000410312,3.102654814,6.982650543
1782841265.719930649,2.993937537,2.941540009,7.096780624
1782841265.722913265,2.992756779,2.890742674,7.150130619
1782841265.725753784,3.001455127,2.802462815,7.280678553
1782841265.726777077,2.985993107,2.732885366,7.388217250
1782841265.728348494,2.987735390,2.572470337,7.468522455
1782841265.729984283,2.988334509,2.429573436,7.522681388
1782841265.731576443,2.995887029,2.380889714,7.526836655
1782841265.738320351,3.000604930,2.264944941,7.541652525
1782841265.739919424,3.077393818,2.103842971,7.544311942
1782841265.741737604,3.080095278,1.980274201,7.565136773
1782841265.743394613,3.089480804,1.920769956,7.535893261
1782841265.745003700,3.089772055,1.872659770,7.496020871
1782841265.750704288,3.092056743,1.819996806,7.459122384
1782841265.751568556,3.042625241,1.611463237,7.130393807
1782841265.753241777,3.022259835,1.597869995,7.029412398
1782841265.755919695,2.987869170,1.612731838,6.923875652
1782841265.756788969,2.971061263,1.573897760,6.818039212
1782841265.758267403,2.920868763,1.611340834,6.694994524
1782841265.763362885,2.886453068,1.585501609,6.585412749
1782841265.764942646,2.832812817,1.576426120,6.340655910
1782841265.766627073,2.786244826,1.638116880,6.217643265
1782841265.768380165,2.728240214,1.631170859,6.115818018
1782841265.770030260,2.687966675,1.676287062,6.026756057
1782841265.775737047,2.624723879,1.616038362,5.951581231
1782841265.776621342,2.378687916,1.486783939,5.595504384
1782841265.778418064,2.321067945,1.539620280,5.477565926
1782841265.780913115,2.236158384,1.601498309,5.353044166
1782841265.781792641,2.195586384,1.575853720,5.259218361
1782841265.783250570,2.113768211,1.642398257,5.141711985
1782841265.788433552,2.034004447,1.615933778,5.041885825
1782841265.790010214,1.904064374,1.636530920,4.796827138
1782841265.791700125,1.848809649,1.678992858,4.661651487
1782841265.793400764,1.777721435,1.650198818,4.554682947
1782841265.794959784,1.733956119,1.689914002,4.428622191
1782841265.799483061,1.669575243,1.670311939,4.329220154
1782841265.800227165,1.511099162,1.606829855,4.077594027
1782841265.801693916,1.502079938,1.566378961,4.011243885
1782841265.803412199,1.494059578,1.597745792,3.919804250
1782841265.805848837,1.457254023,1.653759783,3.850368464
1782841265.806707621,1.477563164,1.606141870,3.805151508
1782841265.813244581,1.452142087,1.657725478,3.754228027
1782841265.814926147,1.491266010,1.653623868,3.689483235
1782841265.816617966,1.553109299,1.677695059,3.655989993
1782841265.818322182,1.584265990,1.665596653,3.657953519
1782841265.819889069,1.673961883,1.686312801,3.618619215
1782841265.825728178,1.712830021,1.674826548,3.618629629
1782841265.826591253,1.944409487,1.635541230,3.609491653
1782841265.828382492,2.043228938,1.660217187,3.534448715
1782841265.830876350,2.050434181,1.723946429,3.516081202
1782841265.831785679,2.162555418,1.708769372,3.454239195
1782841265.833237648,2.162206386,1.779844079,3.416719678
1782841265.838411093,2.172005879,1.787671849,3.382935508
1782841265.839980602,2.279741297,1.812558101,3.379258208
1782841265.841659307,2.352799998,1.840049954,3.342766629
1782841265.843371868,2.355549613,1.841276357,3.352576409
1782841265.844938993,2.418965650,1.843358641,3.299197532
1782841265.850735188,2.427567042,1.832367898,3.320295010
1782841265.851604700,2.543402176,1.794269849,3.353856078
1782841265.853419304,2.611699026,1.816109826,3.328307702
1782841265.855926752,2.614067715,1.865678463,3.344708194
1782841265.856795788,2.714969419,1.867636927,3.357210103
1782841265.858251572,2.720067616,1.921613401,3.369641219
1782841265.860949278,2.737919391,1.936054360,3.380596495
1782841265.861757040,2.754910553,1.951356816,3.399301281
1782841265.863516331,2.830131026,1.954998135,3.373228069
1782841265.864893913,2.835240193,2.008301841,3.380470288
1782841265.866584539,2.881631158,2.048165192,3.348661710
1782841265.868348360,2.899752026,2.061385974,3.347709806
1782841265.869982481,2.946504597,2.107161194,3.323986810
1782841265.875753641,2.968125445,2.119558411,3.328774439
1782841265.876619816,3.042990164,2.134299526,3.321854681
1782841265.878267050,3.066463993,2.178626527,3.304916985
1782841265.880869389,3.069830897,2.227138429,3.298117057
1782841265.881722927,3.126937233,2.245464273,3.293299598
1782841265.888286114,3.123666328,2.293004801,3.284144561
1782841265.889950991,3.167728791,2.357676150,3.296964798
1782841265.891625166,3.149040606,2.400417812,3.323454691
1782841265.893350124,3.164899361,2.415165860,3.352746782
1782841265.895008564,3.142068133,2.460073651,3.412056439
1782841265.900731564,3.154898840,2.470088026,3.450079403
1782841265.901617289,3.176853110,2.501106542,3.590975147
1782841265.903419733,3.141215336,2.541878534,3.661704500
1782841265.905909777,3.149172483,2.577574007,3.692535883
1782841265.906784296,3.163445458,2.613241950,3.798812617
1782841265.908243895,3.177725784,2.648158696,3.835437838
1782841265.913392782,3.203590937,2.679757333,3.873323386
1782841265.914977074,3.206935196,2.757066094,4.016474336
1782841265.916634798,3.180235402,2.786848984,4.117783120
1782841265.918370724,3.202461633,2.836861485,4.159893204
1782841265.919927597,3.173388457,2.866056503,4.259649312
1782841265.923486233,3.200716915,2.912890728,4.299002714
1782841265.925776482,3.226747966,3.004460090,4.371693566
1782841265.926644087,3.177281889,3.067116287,4.440405421
1782841265.928326130,3.123298787,3.109343383,4.516762580
1782841265.930949450,3.135900530,3.111984639,4.549886506
1782841265.931819916,3.036914679,3.227941307,4.593572526
1782841265.933249950,3.037863598,3.220357550,4.620866730
1782841265.938425541,3.010675479,3.256775524,4.620982844
1782841265.940039873,2.903722353,3.316925170,4.676804510
1782841265.941705942,2.831683605,3.329771794,4.725778372
1782841265.943393707,2.786581984,3.360986107,4.734781790
1782841265.944969893,2.710346731,3.378795197,4.782060818
1782841265.950718880,2.681351169,3.416202436,4.792892732
1782841265.951581478,2.569515079,3.647451258,4.803048184
1782841265.953244448,2.549560273,3.679923714,4.830585985
1782841265.955860615,2.603081869,3.653889395,4.861622420
1782841265.956741095,2.557035687,3.748512736,4.850910543
1782841265.963214397,2.614865648,3.718475796,4.885040626
1782841265.964902401,2.649116057,3.805334134,4.938637410
1782841265.966559649,2.653231882,3.828910291,5.003770443
1782841265.968370676,2.666527084,3.871056430,5.052331151
1782841265.969940424,2.664948643,3.874552183,5.142709410
1782841265.975717068,2.678564712,3.913056130,5.193516520
1782841265.976587296,2.719715708,4.062786460,5.304166093
1782841265.978385925,2.734328319,4.043105442,5.336499119
1782841265.980957985,2.794097678,3.982676020,5.370645657
1782841265.981828690,2.773190461,4.029545247,5.366397713
1782841265.983276367,2.829944469,3.966270841,5.395289461
1782841265.986032963,2.848746068,3.969178150,5.388546609
1782841265.986881018,2.867904491,3.970862511,5.393043142
1782841265.988306999,2.890591057,3.972218259,5.399229979
1782841265.989946127,2.883079827,3.937039609,5.449694624
1782841265.991635561,2.887939712,3.910730060,5.511525180
1782841265.993328094,2.899492421,3.914638265,5.564780026
1782841265.994905710,2.904951955,3.889395434,5.642448639
1782841266.000741005,2.918295876,3.910946191,5.715855208
1782841266.001611710,2.944073835,4.014278574,5.983023865
1782841266.003422499,2.962385665,3.989848002,6.084900370
1782841266.005908728,3.011846715,3.925818161,6.170156763
1782841266.006764889,3.020704236,3.937072052,6.241224530
1782841266.013351679,3.057472856,3.868530828,6.346115159
1782841266.014921188,3.121521257,3.825437537,6.667596505
1782841266.016613722,3.153003797,3.738902949,6.792788437
1782841266.018378496,3.178707444,3.726170173,6.858098672
1782841266.019994974,3.209579624,3.607575300,6.934906469
1782841266.025715113,3.227602330,3.573307828,6.941903393
1782841266.026581526,3.207445890,3.436901768,6.879546130
1782841266.028378725,3.217554923,3.284109156,6.901164559
1782841266.030883789,3.224042958,3.131216582,6.911455212
1782841266.031743526,3.135483286,3.001099183,6.875618331
1782841266.038311481,3.110586450,2.838816991,6.852265388
1782841266.039902449,2.916130393,2.615336038,6.622332480
1782841266.041746855,2.902304884,2.396171631,6.537604636
1782841266.043353081,2.838100803,2.316423679,6.406786301
1782841266.044961214,2.774759060,2.218542716,6.281328095
1782841266.048210859,2.683961648,2.150260748,6.142480231
1782841266.050789118,2.520470366,2.066682945,5.851738961
1782841266.051789284,2.465315940,2.024185262,5.712612548
1782841266.053276062,2.402359070,1.975178072,5.571997222
1782841266.054879665,2.352380490,1.960898266,5.444449623
1782841266.056547403,2.294884285,1.930447336,5.331940381
1782841266.063414812,2.263962087,1.939917006,5.203967440
1782841266.065081596,2.038679396,1.908640355,4.901182362
1782841266.066676617,2.021641607,1.921402489,4.823722517
1782841266.068351984,2.002348809,1.950880906,4.744487717
1782841266.069938898,1.992149933,1.970287461,4.673590321
1782841266.075776815,1.981428393,1.957283704,4.618818824
1782841266.076740265,1.945462911,1.889561374,4.462374910
1782841266.078367710,1.952130868,1.903884226,4.392272632
1782841266.079884768,1.950369012,1.929203023,4.329500592
1782841266.081589460,1.967529469,1.885412627,4.294579470
1782841266.088316202,1.969864314,1.910545644,4.243075988
1782841266.089907169,2.027741312,1.824625986,4.106502729
1782841266.091568947,2.055510319,1.835867968,4.057784139
1782841266.093372583,2.072057748,1.799956877,4.032194653
1782841266.094989538,2.096963682,1.809246183,3.987567281
1782841266.100756168,2.113255547,1.775561803,3.967398167
1782841266.101630211,2.154873037,1.677280185,3.909103852
1782841266.103256464,2.155039681,1.691957567,3.863248513
1782841266.105903149,2.136720625,1.718136274,3.821309095
1782841266.106775045,2.151737834,1.668280157,3.777176167
1782841266.108218908,2.142149927,1.696592629,3.743489562
1782841266.110479116,2.139297481,1.683239875,3.725672702
1782841266.113263369,2.131305416,1.667791081,3.715780637
1782841266.114954710,2.133576998,1.692384517,3.687209560
1782841266.116647482,2.139865639,1.706871773,3.651369198
1782841266.118412018,2.135379617,1.695550785,3.647884922
1782841266.120024681,2.144241671,1.711540191,3.614914145
1782841266.125452995,2.137448410,1.706380546,3.613978842
1782841266.126788378,2.140754266,1.655370423,3.575590996
1782841266.128258228,2.164671625,1.658131424,3.537559754
1782841266.130956173,2.144405509,1.696503489,3.518625364
1782841266.131833315,2.180168372,1.651663513,3.484451411
1782841266.133303642,2.163801600,1.689051379,3.467551967
1782841266.138317108,2.161445209,1.683967580,3.466686096
1782841266.139973879,2.249443065,1.672652684,3.455426576
1782841266.141674757,2.316589598,1.657604095,3.414129113
1782841266.143375397,2.334399173,1.669140686,3.414964486
1782841266.144951582,2.400293334,1.663099015,3.394646405
1782841266.150785923,2.420603799,1.658089470,3.407488747
1782841266.151648045,2.535713111,1.620172408,3.406325089
1782841266.153308153,2.604403371,1.612631641,3.386637110
1782841266.155850410,2.608710172,1.651078712,3.394795779
1782841266.156721592,2.690224938,1.611244667,3.386170912
1782841266.163298368,2.690514606,1.640513095,3.391247871
1782841266.164967537,2.784903272,1.650466376,3.387773232
1782841266.166668415,2.840658812,1.666798994,3.366706088
1782841266.168345451,2.848256056,1.672887154,3.378258900
1782841266.169931173,2.894280688,1.697562119,3.356544786
1782841266.172285080,2.912225962,1.703911350,3.353205405
1782841266.175733089,2.921459571,1.711241342,3.348982681
1782841266.176625490,2.994725221,1.701994482,3.319067618
1782841266.178251982,3.018769779,1.733532592,3.281741649
1782841266.180900335,3.006859026,1.800906121,3.270000080
1782841266.181765318,3.060194881,1.800814652,3.231457407
1782841266.183207989,3.042246676,1.861858285,3.213877899
1782841266.187911510,3.046921920,1.873997500,3.203853041
1782841266.188670158,3.061560463,1.897964318,3.191988548
1782841266.190037251,3.078645270,1.873061774,3.181251272
1782841266.191612482,3.063649221,1.915222927,3.178776734
1782841266.193329811,3.036991456,1.975489355,3.174055984
1782841266.194884300,3.008002810,2.013619588,3.180852416
1782841266.200730085,3.014735784,2.026217815,3.177074940
1782841266.201590776,3.013430082,2.028399740,3.187988946
1782841266.203397989,2.970930709,2.066300915,3.206292131
1782841266.205826044,2.948254422,2.108182727,3.206042756
1782841266.206686020,2.920621038,2.099200280,3.224997160
1782841266.213323593,2.902182597,2.147217294,3.224359638
1782841266.214893579,2.847916126,2.180627486,3.273225062
1782841266.216538191,2.794614480,2.201975031,3.327471296
1782841266.218369722,2.788008400,2.206741605,3.344137239
1782841266.219918013,2.715667656,2.179753678,3.429787640
1782841266.225783110,2.718148287,2.188887509,3.446320148
1782841266.226638317,2.686327942,2.219861815,3.534007640
1782841266.228307486,2.630133759,2.210609299,3.597100575
1782841266.230918169,2.628756691,2.222911715,3.613568934
1782841266.231772423,2.583944505,2.232085906,3.666908732
1782841266.233232260,2.596672773,2.224671164,3.698486195
1782841266.238343477,2.596756227,2.254232987,3.727923591
1782841266.239926815,2.559600868,2.282554138,3.905893568
1782841266.241578579,2.532838549,2.283754451,4.019829871
1782841266.243389606,2.414808014,2.254563870,4.114025428
1782841266.244949341,2.296952618,2.221331371,4.195268591
1782841266.250351667,2.236448250,2.217040121,4.283508218
1782841266.251587391,2.047788746,2.259792501,4.438993410
1782841266.253274918,1.952885893,2.238442006,4.504653677
1782841266.255918264,1.930007010,2.209788563,4.546136239
1782841266.256778479,1.804697419,2.309035505,4.592423855
1782841266.258222342,1.826783032,2.286736820,4.621167173
1782841266.263331890,1.814791574,2.333835148,4.627935611
1782841266.264913082,1.802789899,2.391245371,4.676922415
1782841266.266587973,1.773514194,2.395372499,4.722465657
1782841266.268388987,1.804270512,2.450112563,4.738943753
1782841266.269959688,1.812207042,2.473016158,4.795125964
1782841266.275807381,1.840046682,2.535513087,4.833638802
1782841266.276664495,2.014530662,2.823058348,5.003975609
1782841266.278228283,2.066899375,2.850468118,5.073264378
1782841266.280955315,2.153339491,2.837574069,5.155052585
1782841266.281816244,2.182793354,2.943823265,5.198694757
1782841266.283258915,2.279252651,2.930034530,5.288648402
1782841266.288391590,2.343417237,2.986852365,5.354353645
1782841266.289949894,2.464186895,3.052372512,5.515004372
1782841266.291626453,2.526910042,3.059239807,5.603967673
1782841266.293374062,2.582825658,3.095415403,5.666206570
1782841266.294915438,2.634380779,3.087477293,5.752894225
1782841266.297390699,2.669489467,3.115353747,5.820230213
1782841266.298342943,2.701123958,3.136985604,5.874644513
1782841266.300777435,2.729194196,3.164533963,5.941819543
1782841266.301712036,2.735284478,3.213722415,5.969893167
1782841266.303313494,2.757785289,3.189823282,6.035753538
1782841266.305927277,2.785243525,3.127712790,6.108591345
1782841266.306783438,2.776724147,3.162684108,6.131371778
1782841266.308239460,2.792005173,3.101365509,6.187745229
1782841266.312859774,2.790016780,3.099958172,6.202235874
1782841266.313720703,2.763303438,3.094965175,6.245282449
1782841266.314904690,2.742726051,3.118599711,6.242363841
1782841266.316731930,2.728912283,3.074110202,6.268551071
1782841266.318329334,2.724525673,3.009723258,6.292018336
1782841266.319930315,2.711432750,2.972784754,6.314700049
1782841266.325725794,2.703774190,2.969067093,6.321741975
1782841266.326584339,2.682180204,2.969209739,6.333761850
1782841266.328417301,2.676458555,2.938209594,6.365915746
1782841266.330877781,2.692505365,2.878834799,6.395537917
1782841266.331735611,2.657450320,2.875222556,6.434649997
1782841266.338464499,2.660061352,2.806913743,6.475157817
1782841266.340016127,2.653216809,2.717421299,6.537529616
1782841266.341675997,2.656572617,2.642725154,6.572927842
1782841266.343390703,2.662409532,2.624916840,6.594229277
1782841266.345068216,2.648767315,2.545822335,6.634974347
1782841266.350737095,2.648249758,2.522250296,6.657441224
1782841266.351597309,2.624057650,2.447636622,6.729067848
1782841266.353423834,2.628492337,2.351494534,6.780850917
1782841266.355848312,2.640159703,2.226082326,6.812100808
1782841266.356702805,2.633455525,2.154146623,6.795092305
1782841266.359777927,2.653696202,2.029499990,6.800923595
1782841266.360512733,2.660843898,1.985344595,6.770422626
1782841266.363224983,2.652831061,1.940249619,6.714667261
1782841266.364904642,2.622596724,1.828351725,6.698128234
1782841266.366572142,2.601438273,1.718873903,6.658667076
1782841266.368400574,2.570036605,1.664564949,6.613858343
1782841266.369971514,2.537890111,1.564664655,6.549015287
1782841266.374465942,2.503841997,1.503847703,6.475327522
1782841266.375288010,2.355550389,1.336011476,6.130008955
1782841266.376563549,2.315525364,1.296027099,5.984448404
1782841266.378431797,2.269548737,1.217099519,5.835707836
1782841266.380986691,2.247355009,1.141967029,5.674772768
1782841266.381841898,2.175949143,1.117569593,5.530337173
1782841266.383287907,2.101273005,1.083851456,5.392670361
1782841266.388401508,2.015271284,1.067576806,5.258468522
1782841266.389958143,1.924907936,1.040917728,5.000545780
1782841266.391624928,1.904530740,1.046012048,4.858541952
1782841266.393381119,1.856039999,1.019342719,4.757161532
1782841266.394938231,1.844213284,1.048843375,4.665271311
1782841266.400730371,1.816143419,1.047735616,4.607382104
1782841266.401581526,1.763915295,1.038214938,4.446797782
1782841266.403259277,1.776701898,1.065756428,4.389825484
1782841266.405919313,1.782588599,1.104702614,4.340657351
1782841266.406811237,1.807214556,1.087748099,4.299064032
1782841266.408205271,1.805235478,1.122342935,4.251041783
1782841266.413403511,1.809906065,1.107107009,4.222449698
1782841266.414980173,1.846832526,1.125696685,4.148481734
1782841266.416651964,1.876784046,1.155975638,4.107994239
1782841266.418386698,1.893687683,1.134348931,4.082588225
1782841266.419989347,1.922252764,1.166651822,4.044247831
1782841266.425743580,1.931658682,1.143087207,4.015848233
1782841266.426612854,1.981031932,1.038025936,3.927731595
1782841266.428407669,1.998359370,1.064405899,3.884404463
1782841266.430941105,1.991587985,1.084561289,3.848675797
1782841266.431808472,2.007082069,1.049844846,3.814072370
1782841266.433270693,1.993751481,1.070800806,3.780096831
1782841266.436456442,1.980870909,1.044042415,3.750730906
1782841266.437255859,1.959594941,1.014160313,3.712570013
1782841266.438373327,1.941362405,0.984251945,3.673048306
1782841266.439959288,1.936746199,0.989697080,3.624092736
1782841266.441647530,1.923469921,1.001493369,3.566974726
1782841266.443375111,1.889569907,0.974954945,3.522093586
1782841266.444952011,1.864914719,0.991739561,3.458370939
1782841266.450735331,1.828358778,0.973828170,3.411578343
1782841266.451603174,1.743001877,0.934660008,3.296961606
1782841266.453382015,1.714605051,0.953146743,3.257222229
1782841266.455883503,1.672826376,0.981568026,3.231916921
1782841266.456740141,1.667489487,0.967430076,3.201065525
1782841266.463402987,1.646131062,0.992698489,3.175853954
1782841266.464984894,1.627365918,0.991743368,3.147596827
1782841266.466657162,1.661683200,1.004173463,3.128113569
1782841266.468400240,1.667424267,1.009852299,3.142333146
1782841266.469985485,1.714357861,1.031953845,3.139241964
1782841266.475753307,1.729419266,1.030164424,3.157094499
1782841266.476611376,1.851414427,1.037188782,3.221602758
1782841266.478284597,1.907693702,1.062792457,3.214153425
1782841266.480939388,1.919835322,1.100190161,3.235345169
1782841266.481802940,1.987080425,1.099841343,3.237584439
1782841266.483262300,2.005463688,1.136002978,3.256898486
1782841266.488359213,2.029535092,1.147933013,3.289040680
1782841266.489938498,2.127595913,1.190951112,3.318456022
1782841266.491624355,2.202002705,1.219605909,3.310834892
1782841266.493384361,2.239349387,1.238707807,3.341449056
1782841266.494963169,2.294150837,1.264303444,3.320645393
1782841266.498279095,2.306974070,1.271103412,3.353123482
1782841266.500757456,2.328973496,1.287628889,3.401215481
1782841266.501671076,2.396556328,1.287005907,3.384515084
1782841266.503257513,2.462307419,1.322174370,3.377117526
1782841266.505947828,2.477954716,1.363156977,3.395199624
1782841266.506812811,2.576297623,1.390732493,3.408687134
1782841266.508256912,2.585746357,1.440170016,3.413525202
1782841266.513345718,2.609838427,1.461984156,3.424824801
1782841266.514940262,2.677790526,1.539771649,3.397035239
1782841266.516615868,2.711169245,1.596467124,3.370273279
1782841266.518429995,2.728024954,1.620439085,3.363513872
1782841266.520005465,2.745177764,1.684667359,3.333968479
1782841266.525960207,2.770676765,1.705358762,3.323438097
1782841266.526820660,2.807918239,1.780349348,3.206626491
1782841266.528380632,2.809777011,1.846058739,3.166821358
1782841266.530961037,2.780068759,1.901378002,3.135891721
1782841266.531850338,2.778844975,1.919771265,3.114557485
1782841266.533302546,2.759473055,1.968005747,3.091530135
1782841266.538386345,2.763993966,1.992304160,3.090063046
1782841266.539953470,2.740715401,2.068332776,3.093067262
1782841266.541611195,2.693013769,2.106845180,3.109501611
1782841266.543471575,2.702325569,2.123039579,3.100865006
1782841266.545041084,2.673137414,2.161080071,3.120088264
1782841266.550937176,2.665175201,2.172751219,3.124689280
1782841266.551798582,2.746268970,2.233671251,3.058410540
1782841266.553403616,2.704723440,2.259984400,3.091340186
1782841266.555972099,2.670907415,2.272084842,3.136315164
1782841266.556896210,2.613883043,2.282234494,3.216751872
1782841266.558246374,2.593762783,2.299566275,3.271755398
1782841266.560947657,2.591239530,2.324674256,3.345014021
1782841266.561706781,2.612110578,2.356764623,3.406179305
1782841266.563331127,2.629522572,2.386078001,3.469467874
1782841266.564906120,2.607639595,2.412183495,3.568077623
1782841266.566586018,2.586854239,2.436184217,3.677076141
1782841266.568333387,2.614250561,2.471687313,3.734791758
1782841266.569916725,2.600827707,2.495795486,3.840585475
1782841266.575681925,2.634019996,2.531117809,3.901376425
1782841266.576559544,2.639376715,2.612488871,4.043543446
1782841266.578233957,2.620839535,2.626256642,4.137897583
1782841266.580923319,2.649760423,2.633376356,4.193390151
1782841266.581797600,2.609992053,2.716206119,4.266546895
1782841266.583233118,2.602576386,2.689917572,4.322145654
1782841266.588402987,2.577684359,2.713793390,4.340985816
1782841266.589966536,2.512438139,2.737963275,4.409586296
1782841266.591665745,2.468680530,2.739920296,4.452470824
1782841266.593395233,2.460094886,2.771082761,4.463036915
1782841266.594978809,2.424277511,2.766759154,4.503748762
1782841266.600727320,2.413299260,2.795772323,4.509582227
1782841266.601593018,2.380121718,2.914062412,4.542218237
1782841266.603252411,2.370606410,2.918142992,4.571844670
1782841266.605955601,2.399423175,2.896115863,4.611318698
1782841266.606832027,2.391609965,2.980997462,4.640008482
1782841266.608272076,2.425399184,2.960729100,4.675465398
1782841266.613387108,2.440882058,2.981158680,4.689730677
1782841266.614952803,2.482971923,3.012201558,4.739362421
1782841266.616632700,2.507246455,3.017817662,4.782248296
1782841266.618361235,2.526684651,3.045688288,4.799599707
1782841266.619937897,2.543364685,3.043430033,4.835245303
1782841266.622414351,2.557531264,3.075699669,4.858592381
1782841266.623282671,2.578948987,3.102587187,4.882496755
1782841266.625762463,2.594136581,3.125547698,4.906223177
1782841266.626641273,2.603155423,3.186372034,4.950732589
1782841266.628244877,2.614898876,3.169525919,4.995869052
1782841266.630956650,2.641998053,3.139453838,5.041016782
1782841266.631836414,2.633595434,3.167072015,5.057281166
1782841266.633280516,2.664121798,3.136412583,5.104397264
1782841266.638389826,2.675432482,3.150853061,5.122425274
1782841266.639974833,2.702642418,3.147191799,5.179681871
1782841266.641644716,2.716076633,3.127280585,5.221185222
1782841266.643411160,2.728545833,3.133479751,5.241738235
1782841266.644988775,2.735753525,3.105317476,5.275994994
1782841266.650761366,2.744137650,3.111418307,5.309031316
1782841266.651623964,2.753383593,3.143894371,5.473959853
1782841266.653410196,2.757565789,3.109129197,5.506795324
1782841266.655955315,2.760214677,3.062846528,5.513544529
1782841266.656801701,2.761492448,3.057857101,5.501829493
1782841266.658270359,2.767987186,3.010580363,5.505921692
1782841266.663347721,2.769562727,2.991310359,5.505687664
1782841266.664933681,2.762979951,2.922815118,5.529860067
1782841266.666607141,2.756841971,2.876298667,5.549970516
1782841266.668381691,2.748016618,2.836624158,5.542653943
1782841266.669963360,2.739258434,2.781655519,5.526342730
1782841266.675723314,2.739329648,2.735662142,5.500663966
1782841266.676598310,2.680328892,2.566241912,5.378005914
1782841266.678407431,2.665977866,2.506661861,5.385970621
1782841266.680909634,2.647309414,2.436976238,5.382027347
1782841266.681769371,2.630138532,2.390129816,5.354249311
1782841266.683210373,2.612846138,2.314278343,5.321016185
1782841266.685130358,2.594199395,2.265266568,5.273576001
1782841266.688289404,2.575063848,2.218206911,5.236467237
1782841266.689994335,2.552290931,2.154939126,5.212635435
1782841266.691669226,2.536887644,2.093946737,5.198720515
1782841266.693402290,2.519207360,2.048995916,5.166742345
1782841266.694968224,2.498859630,1.991538530,5.143578686
1782841266.700753927,2.476742654,1.948980493,5.101721529
1782841266.701616049,2.413174312,1.820767341,4.924278698
1782841266.703203917,2.393621516,1.781867230,4.857324440
1782841266.705936909,2.360884837,1.743787913,4.792196810
1782841266.706806660,2.320863206,1.700869190,4.643839925
1782841266.708242893,2.301085706,1.686870198,4.574811302
1782841266.713351011,2.288961219,1.672824938,4.509149141
1782841266.714923143,2.252488968,1.643661886,4.365089731
1782841266.716616869,2.224934789,1.638618434,4.291672039
1782841266.718434811,2.201845811,1.623133873,4.221985187
1782841266.720015287,2.190980707,1.621993672,4.160086085
1782841266.725772858,2.172970702,1.606263713,4.103499796
1782841266.726626396,2.128279596,1.540218521,3.942429315
1782841266.728282928,2.109149893,1.533348190,3.896473502
1782841266.730931997,2.089403005,1.531119086,3.856744220
1782841266.731800795,2.074681689,1.513910559,3.825891104
1782841266.733296871,2.045293167,1.505276082,3.792586644
1782841266.738246918,2.024701554,1.488486980,3.763256579
1782841266.739903212,1.954470494,1.449483031,3.674695300
1782841266.741577387,1.931645657,1.437814488,3.633225080
1782841266.743383646,1.909818826,1.419178411,3.609650290
1782841266.744953156,1.892256600,1.412950142,3.573459262
1782841266.747318029,1.869201649,1.386717090,3.550789050
1782841266.748273849,1.849212879,1.367948422,3.527776480
1782841266.750800133,1.824825166,1.347233572,3.510525338
1782841266.751772404,1.811781637,1.322418448,3.498589963
1782841266.753442287,1.806586926,1.318585380,3.477149469
1782841266.754889965,1.781626895,1.315767619,3.469687378
1782841266.756606102,1.783908458,1.294512831,3.467415715
1782841266.763367176,1.776461073,1.297705136,3.460436284
1782841266.765087843,1.820103642,1.273665957,3.482516813
1782841266.766548634,1.869505913,1.261719614,3.508340267
1782841266.768413305,1.905201276,1.274023518,3.515270598
1782841266.769997358,1.940739262,1.287287271,3.519544075
1782841266.775756359,1.977663299,1.283248749,3.534109197
1782841266.776624203,2.051682852,1.300271423,3.596181187
1782841266.778209925,2.083965557,1.315447786,3.593009539
1782841266.780949831,2.087312363,1.338138909,3.606612442
1782841266.781830549,2.129623274,1.349195209,3.622450500
1782841266.783272266,2.132756079,1.375949143,3.634267398
1782841266.788342237,2.129044792,1.382378700,3.645257720
1782841266.789909601,2.170248625,1.400071627,3.640861985
1782841266.791613817,2.211652767,1.414921311,3.632184845
1782841266.793390512,2.230701882,1.420088332,3.641128729
1782841266.794979095,2.272552368,1.434898805,3.623172874
1782841266.800768137,2.288365854,1.438776694,3.635302395
1782841266.801629066,2.382112386,1.442027212,3.648558831
1782841266.803205490,2.431405765,1.464863137,3.625825638
1782841266.805928707,2.440499940,1.510946716,3.631960792
1782841266.806819201,2.520336283,1.511711546,3.633093590
1782841266.808290243,2.524652684,1.555014700,3.628876984
1782841266.810336828,2.540808970,1.560065875,3.633302040
1782841266.813359737,2.562973789,1.564995804,3.637366600
1782841266.814936638,2.601576101,1.608141634,3.612122622
1782841266.816604614,2.631033906,1.652699561,3.588958340
1782841266.818375587,2.648858765,1.659489495,3.594606783
1782841266.819937706,2.672327585,1.708999477,3.562991174
1782841266.825763464,2.679339129,1.711718302,3.575513467
1782841266.826623917,2.741214479,1.725883758,3.574875088
1782841266.828419685,2.750699793,1.783616086,3.550942702
1782841266.831022739,2.732532361,1.853509094,3.555997366
1782841266.831897259,2.766753207,1.862505298,3.554953548
1782841266.833232641,2.742438857,1.926847529,3.555555447
1782841266.838373184,2.751717567,1.931904345,3.561031894
1782841266.839935303,2.747671870,2.007855141,3.567350081
1782841266.841617346,2.736533479,2.073729527,3.563761174
1782841266.843366385,2.746612754,2.081971750,3.574124734
1782841266.844948292,2.735974060,2.141105474,3.574256234
1782841266.850741386,2.746712898,2.160994797,3.589844042
1782841266.851623058,2.785820079,2.222308684,3.617155461
1782841266.853424788,2.759139528,2.276207815,3.614754484
1782841266.855942011,2.743250363,2.325835786,3.612267134
1782841266.856859207,2.734995231,2.346231972,3.626805778
1782841266.858217239,2.721421438,2.395826924,3.626707375
1782841266.863415003,2.727782838,2.420035142,3.637230064
1782841266.864993811,2.679132351,2.474314332,3.639088576
1782841266.866678238,2.633133779,2.490010866,3.675223293
1782841266.868391991,2.621081604,2.500166871,3.701432236
1782841266.869985342,2.580122213,2.517616766,3.741814829
1782841266.872801542,2.574059433,2.533908410,3.755098295
1782841266.873544216,2.556961524,2.568778435,3.800280059
1782841266.875758886,2.560955312,2.578334594,3.817091735
1782841266.876649141,2.527962768,2.607805349,3.862631945
1782841266.878340721,2.494276944,2.619356139,3.927344266
1782841266.880961657,2.508051160,2.629653154,3.991761624
1782841266.881836891,2.484563887,2.660874547,4.060246530
1782841266.883273602,2.508840606,2.656573888,4.134670324
1782841266.888379097,2.517945721,2.695153748,4.202699105
1782841266.889963150,2.528051820,2.731947669,4.320967150
1782841266.891633034,2.529418781,2.742585254,4.405921251
1782841266.893395901,2.528943971,2.789724446,4.440414180
1782841266.894954681,2.495778893,2.772567285,4.478608198
1782841266.900726557,2.486192529,2.812284838,4.479662620
1782841266.901582241,2.333024467,2.908826370,4.449183098
1782841266.903239250,2.277102812,2.884133832,4.475664402
1782841266.906033516,2.291896416,2.861830933,4.511186527
1782841266.906920195,2.255634341,2.901598201,4.525783941
1782841266.908262253,2.287701185,2.879088585,4.571415026
1782841266.913402796,2.290626213,2.910819451,4.593158977
1782841266.914966106,2.276795680,2.930654320,4.667534348
1782841266.916649342,2.271863217,2.918613439,4.698678705
1782841266.918439388,2.252262440,2.941776082,4.705627234
1782841266.920005083,2.246115736,2.932624272,4.739816671
1782841266.925903082,2.247206348,2.956640165,4.760314876
1782841266.926764965,2.248200767,3.101205851,4.858208513
1782841266.928340673,2.278903411,3.093004951,4.900357481
1782841266.930947304,2.324487089,3.058743441,4.938320304
1782841266.931840420,2.327595729,3.113283810,4.957857126
1782841266.933284283,2.373451308,3.071601279,4.995143091
1782841266.938353062,2.410005105,3.098553387,5.005113306
1782841266.939923286,2.460485109,3.093101064,5.075268685
1782841266.941589832,2.491420522,3.071562904,5.128122166
1782841266.943383217,2.507951556,3.089724401,5.163358272
1782841266.944940805,2.526446774,3.065958839,5.227667186
1782841266.950389385,2.540098107,3.082164098,5.269541859
1782841266.951615095,2.554723436,3.149504800,5.342905709
1782841266.953409195,2.577178722,3.124853991,5.379570604
1782841266.956016541,2.604023158,3.083651694,5.420384697
1782841266.956892252,2.619752166,3.111998931,5.461006963
1782841266.958225727,2.646469022,3.066469424,5.501003026
1782841266.963369608,2.647590682,3.072250566,5.529564366
1782841266.964935541,2.651057543,3.036983301,5.578410948
1782841266.966656923,2.648011053,3.005168912,5.599559459
1782841266.968410969,2.638863776,2.991542776,5.609039457
1782841266.969981909,2.638552349,2.945781430,5.628485096
1782841266.975802183,2.628970399,2.926411682,5.630035004
1782841266.976725101,2.591862621,2.850131497,5.598137315
1782841266.978344917,2.593757554,2.786891505,5.597502771
1782841266.980959892,2.600213040,2.714217586,5.592623680
1782841266.981822968,2.586420403,2.675956588,5.570916592
1782841266.983252764,2.585787494,2.601674222,5.554806865
1782841266.988435984,2.576490123,2.549540321,5.518632358
1782841266.990019798,2.556567573,2.372648925,5.398122360
1782841266.991696358,2.545521878,2.313984033,5.370436266
1782841266.993387461,2.522436680,2.261144668,5.338697276
1782841266.994942427,2.502599475,2.196331488,5.300286747
1782841266.997481108,2.481173190,2.142691800,5.252223940
1782841267.000851870,2.442927416,2.030445614,5.134232612
1782841267.001792669,2.423382083,1.987417682,5.083277241
1782841267.003237963,2.412020300,1.931967746,5.038042821
1782841267.004914999,2.391840797,1.883934589,4.992181916
1782841267.006570816,2.368627294,1.842718485,4.927563317
1782841267.012783289,2.345005075,1.791927142,4.864569311
1782841267.013539314,2.236341561,1.632282328,4.605404579
1782841267.014878988,2.214699384,1.607917417,4.537068564
1782841267.016680717,2.191183112,1.582458781,4.472714115
1782841267.018346310,2.162268196,1.565950296,4.429663621
1782841267.019932985,2.146132814,1.549172564,4.380793778
1782841267.025786877,2.124799458,1.526702119,4.344992937
1782841267.026645660,2.101334936,1.488268568,4.289821022
1782841267.028266191,2.105647791,1.471187059,4.266151895
1782841267.030924082,2.104572807,1.461918355,4.240707861
1782841267.031815052,2.115823280,1.429225014,4.202895140
1782841267.033279657,2.124119852,1.426551622,4.185731624
1782841267.038403034,2.126723535,1.416985655,4.166869110
1782841267.039961100,2.154134899,1.409029377,4.111185351
1782841267.041632891,2.174795304,1.404611063,4.077260806
1782841267.043400288,2.191193511,1.399967827,4.059623715
1782841267.045097828,2.212166495,1.390829541,4.027529878
1782841267.050788879,2.221114370,1.387669894,4.007012794
1782841267.051778555,2.242912151,1.356542798,3.961681266
1782841267.053413391,2.247442273,1.346153719,3.940182431
1782841267.055994987,2.240959462,1.343793577,3.924506300
1782841267.056898117,2.231816892,1.297515087,3.898725938
1782841267.058244944,2.210241871,1.294305738,3.886925582
1782841267.063420773,2.186317040,1.269892192,3.877005713
1782841267.065022707,2.137147814,1.237440215,3.830120855
1782841267.066701412,2.119442667,1.225890757,3.807570715
1782841267.068392038,2.095701342,1.202020542,3.776005381
1782841267.069961309,2.081428154,1.195422558,3.737576551
1782841267.074859142,2.052124905,1.176056840,3.705903464
1782841267.076614857,1.977491076,1.140846349,3.615064840
1782841267.078403473,1.957106090,1.139697735,3.579678217
1782841267.079948902,1.926402901,1.154824005,3.554246369
1782841267.081592798,1.910044088,1.141018327,3.523783353
1782841267.088406801,1.884554773,1.142633081,3.492235492
1782841267.090008259,1.833046978,1.161263644,3.442175066
1782841267.091688633,1.839096192,1.171631668,3.431949269
1782841267.093408585,1.829277017,1.166620712,3.435861894
1782841267.095039129,1.847533088,1.176028973,3.426558034
1782841267.100737095,1.848597636,1.181157182,3.435783934
1782841267.101605415,1.912874774,1.169116527,3.466497899
1782841267.103266239,1.951975091,1.191478795,3.464025407
1782841267.105996132,1.961449770,1.226493403,3.467143083
1782841267.106849909,2.016327154,1.223036035,3.470611032
1782841267.108230352,2.027187934,1.271676995,3.474216838
1782841267.113393068,2.053084306,1.279763249,3.492201374
1782841267.114971399,2.118865142,1.346637225,3.505067389
1782841267.116646767,2.167030056,1.393481790,3.490971845
1782841267.118408680,2.185343959,1.406505303,3.512777668
1782841267.119966030,2.230233886,1.464371125,3.484775647
1782841267.122472763,2.243578951,1.473572495,3.501413044
1782841267.123322964,2.262103057,1.491465868,3.519928017
1782841267.125786304,2.279346904,1.494501024,3.533819217
1782841267.126679182,2.355527715,1.500288892,3.547910285
1782841267.128249884,2.390378478,1.568812882,3.523140238
1782841267.130960703,2.375152498,1.653874832,3.523194637
1782841267.131820679,2.435752928,1.653572109,3.515623449
1782841267.133264542,2.427420728,1.738716547,3.517823767
1782841267.137948990,2.455570726,1.748242760,3.523658792
1782841267.138808489,2.494624076,1.758488795,3.544783895
1782841267.140045643,2.566759570,1.764039104,3.529296264
1782841267.141605616,2.596931259,1.846860725,3.490734802
1782841267.143314362,2.597145933,1.940381659,3.465645697
1782841267.144972801,2.614746714,2.019334341,3.428495649
1782841267.150752544,2.635518809,2.033110638,3.419194622
1782841267.151607990,2.691129437,2.051411618,3.372093669
1782841267.153330326,2.688546689,2.135195691,3.320076903
1782841267.155995846,2.662339967,2.212143106,3.280036648
1782841267.156848907,2.678217701,2.237287500,3.224375469
1782841267.158285141,2.643618412,2.305846879,3.185807817
1782841267.163402081,2.637860991,2.309060298,3.164794210
1782841267.164977312,2.595019417,2.363896278,3.085454889
1782841267.166648149,2.555400259,2.405899266,3.047262757
1782841267.168404818,2.540416973,2.409760745,3.022131843
1782841267.169970751,2.495427332,2.442233121,2.998015587
1782841267.175750971,2.474673908,2.440240530,2.968768537
1782841267.176611662,2.401467668,2.424969844,2.895901115
1782841267.178275585,2.337679049,2.437415000,2.879206720
1782841267.180957794,2.299148514,2.446169442,2.852802744
1782841267.181806564,2.258246021,2.436817384,2.846553348
1782841267.183275938,2.222737711,2.434616358,2.825480437
1782841267.185259104,2.199981763,2.431479015,2.805586067
1782841267.188425541,2.187225988,2.423414870,2.782083077
1782841267.190057993,2.116837571,2.410264126,2.767406228
1782841267.191725016,2.073144983,2.391372498,2.792604052
1782841267.193396330,2.060243118,2.396832387,2.798288043
1782841267.194964170,2.022335913,2.382175617,2.865667424
1782841267.200449705,2.019930178,2.404739288,2.918718445
1782841267.201680422,2.000658793,2.434646910,3.127744066
1782841267.203214645,1.986366594,2.414920974,3.228396209
1782841267.205842495,2.014605419,2.394836544,3.302314333
1782841267.206712246,2.042042566,2.425097165,3.389165422
1782841267.213270426,2.069803485,2.408074265,3.446183141
1782841267.214938402,2.088444695,2.424012111,3.581930558
1782841267.216647863,2.063210132,2.394324620,3.676050447
1782841267.218355417,2.080462937,2.430894128,3.710895497
1782841267.219938040,2.064190125,2.374590926,3.812913490
1782841267.225769281,2.074867508,2.409126520,3.846050632
1782841267.226634502,2.075650712,2.531006667,3.919230509
1782841267.228328466,2.064479908,2.501625884,3.964900436
1782841267.230945587,2.086254340,2.468697026,4.006772565
1782841267.231802702,2.043947090,2.532858298,4.005320068
1782841267.233262300,2.043966949,2.490756173,4.022457585
1782841267.238365889,2.032935556,2.513907177,4.014489899
1782841267.239923477,1.968237033,2.503190976,4.026044153
1782841267.241584063,1.940618140,2.462269157,4.037027970
1782841267.243406057,1.916169776,2.467281400,4.010595613
1782841267.244987965,1.901220050,2.431951194,4.030543105
1782841267.247282743,1.887277467,2.447774238,4.012656437
1782841267.250752449,1.874869079,2.463838545,4.006157355
1782841267.251621008,1.840227782,2.520725169,4.030458834
1782841267.253214836,1.843534839,2.488048540,4.072586937
1782841267.255993366,1.871717244,2.438445954,4.120579030
1782841267.256870747,1.873333171,2.503181030,4.162673087
1782841267.258223295,1.904863457,2.458277982,4.194036972
1782841267.262981415,1.922004088,2.476848404,4.210139973
1782841267.263785601,1.950256439,2.506466646,4.229237902
1782841267.264962673,1.955720254,2.539812029,4.253487897
1782841267.266570091,1.980627566,2.507994722,4.300421235
1782841267.268380880,2.023717631,2.441936473,4.352522821
1782841267.270037651,2.049234279,2.401046147,4.413480956
1782841267.275672436,2.066402188,2.405909451,4.454633076
1782841267.276552677,2.072940725,2.423373708,4.544529534
1782841267.278352499,2.080224263,2.380418852,4.570195103
1782841267.281009197,2.094898628,2.321739339,4.588788137
1782841267.281948805,2.083565212,2.324581311,4.579409673
1782841267.283324242,2.094059732,2.264998271,4.589758849
1782841267.288358688,2.090879902,2.255333002,4.578825539
1782841267.289940596,2.083887894,2.192965707,4.566458518
1782841267.291630983,2.087882755,2.146416646,4.565966309
1782841267.293404579,2.079367363,2.122029803,4.557813609
1782841267.295021296,2.078558333,2.078011737,4.554690246
1782841267.300760984,2.071653180,2.057418415,4.561127854
1782841267.301639557,2.021705727,1.969250768,4.623967907
1782841267.303217888,2.011386726,1.926196849,4.659820375
1782841267.305923700,2.003725361,1.870330259,4.696679612
1782841267.306799412,1.995735953,1.854349409,4.711768514
1782841267.308247328,1.996845644,1.805433107,4.732482707
1782841267.313369513,2.002145593,1.779830345,4.755589809
1782841267.314957857,2.019530670,1.729299893,4.828262728
1782841267.316620588,2.029123203,1.697484865,4.887408029
1782841267.318399191,2.043770504,1.679088490,4.945728633
1782841267.319991112,2.060958827,1.656663959,5.006505957
1782841267.325541258,2.078774909,1.631594588,5.061791561
1782841267.326608419,2.131188766,1.571505023,5.152331042
1782841267.328411102,2.153302034,1.550190248,5.156654109
1782841267.331004858,2.173824322,1.508634340,5.139607151
1782841267.331883192,2.213548798,1.480803969,5.113357496
1782841267.333261728,2.230912183,1.445780672,5.116085743
1782841267.338413000,2.243595960,1.420135959,5.132251048
1782841267.339981794,2.257197190,1.370324004,5.155431549
1782841267.341669798,2.267636165,1.338671704,5.145869500
1782841267.343411207,2.248354007,1.302215518,5.131334815
1782841267.344985247,2.258104022,1.270805449,5.082369975
1782841267.350705624,2.232716599,1.238833298,5.024056870
1782841267.351569414,2.159694420,1.159151582,4.780783573
1782841267.353233337,2.151707792,1.144853572,4.688797390
1782841267.355982065,2.113117179,1.128370285,4.609306042
1782841267.356836796,2.050122751,1.083713868,4.474533055
1782841267.358284473,1.999202496,1.091015142,4.424585956
1782841267.363431454,1.948252521,1.087704886,4.376437549
1782841267.365032196,1.895937866,1.108567260,4.276332725
1782841267.366720915,1.893718451,1.124164668,4.214737373
1782841267.368405581,1.863939752,1.136394774,4.176489794
1782841267.369966984,1.869417871,1.162306823,4.118572766
1782841267.372878551,1.846510780,1.176211086,4.087153514
1782841267.373673439,1.811226568,1.202457154,4.028417086
1782841267.375777245,1.798477013,1.211374230,4.006063131
1782841267.376657248,1.807393323,1.218910366,3.971603878
1782841267.378251314,1.821593319,1.232067467,3.928585927
1782841267.380965948,1.806837149,1.257634377,3.910351441
1782841267.381844044,1.819669556,1.255131186,3.888604505
1782841267.383296967,1.804392938,1.267166501,3.867891988
1782841267.388300896,1.789279187,1.269272697,3.860491116
1782841267.390010595,1.807869621,1.270609477,3.831244316
1782841267.391674042,1.839847532,1.276002131,3.808352852
1782841267.393424749,1.839426181,1.267709542,3.806463902
1782841267.395024776,1.873833048,1.266335819,3.788858486
1782841267.400784016,1.877877339,1.258264294,3.789855301
1782841267.401636362,1.936983664,1.213772246,3.769753527
1782841267.403239489,1.972766776,1.214193367,3.752922723
1782841267.406010866,1.979051631,1.222979864,3.748098258
1782841267.406878471,2.023637085,1.196213569,3.739546072
1782841267.408269167,2.031251876,1.214546342,3.739836843
1782841267.413389206,2.042272359,1.200817180,3.731623770
1782841267.414946556,2.114214326,1.209051204,3.714104851
1782841267.416611433,2.156821746,1.219323462,3.713397204
1782841267.418409586,2.181091967,1.215466127,3.710804082
1782841267.419952393,2.220097566,1.211784143,3.699923820
1782841267.425995827,2.226428708,1.235454840,3.697908559
1782841267.426863432,2.247506893,1.237053034,3.728666474
1782841267.428209305,2.242195694,1.259865425,3.732975624
1782841267.429893732,2.256325543,1.291051142,3.721794768
1782841267.431593895,2.276714712,1.279840812,3.711845337
1782841267.438393116,2.277553141,1.313305499,3.712382926
1782841267.439991236,2.326293957,1.356004370,3.722324590
1782841267.441647768,2.367233783,1.406217931,3.702324247
1782841267.443375111,2.391325357,1.406948055,3.720996427
1782841267.444929123,2.439815409,1.460603726,3.701113927
1782841267.448307514,2.471900622,1.463402360,3.713826241
1782841267.450753450,2.536388452,1.471516783,3.738833095
1782841267.451643705,2.598949766,1.480901894,3.734899548
1782841267.453214407,2.644945133,1.536536609,3.701426553
1782841267.455992699,2.665810935,1.611033475,3.697819160
1782841267.456868887,2.741493038,1.632338078,3.684836247
1782841267.458210707,2.746587790,1.705976721,3.663018233
1782841267.463440895,2.773566703,1.724047652,3.653593041
1782841267.465018988,2.801745298,1.814032288,3.604665777
1782841267.466702461,2.818290086,1.880437091,3.556626065
1782841267.468393803,2.825568554,1.899143248,3.539588867
1782841267.469957113,2.830933155,1.963972981,3.480854972
1782841267.475740910,2.832031151,1.969236052,3.450778165
1782841267.476601601,2.826746436,1.984024575,3.339098559
1782841267.478260994,2.802220140,2.029420688,3.289367312
1782841267.481029749,2.776786593,2.069060557,3.263018712
1782841267.481923103,2.740408658,2.070765807,3.235644203
1782841267.483302593,2.720365385,2.099816932,3.234202481
1782841267.488356829,2.706681789,2.102358811,3.219554803
1782841267.489918232,2.662011162,2.111031195,3.218410476
1782841267.491586924,2.634850832,2.122238137,3.234260874
1782841267.493383884,2.620926959,2.124100447,3.230451744
1782841267.494958162,2.596162040,2.116919000,3.254810992
1782841267.500777006,2.585010226,2.125750963,3.266925404
1782841267.501641989,2.563571602,2.219063608,3.566295303
1782841267.503244400,2.543754171,2.228733766,3.703629441
1782841267.505991697,2.539393806,2.225003260,3.809830614
1782841267.506865025,2.521840732,2.260824802,3.909708081
1782841267.508303642,2.531399694,2.249035454,3.970415832
1782841267.511018991,2.531824133,2.268820579,3.976730222
1782841267.511800528,2.532170233,2.294926119,3.982924986
1782841267.513407707,2.522834419,2.327551554,3.967037562
1782841267.515110493,2.479209347,2.291473810,3.965947076
1782841267.516593456,2.439961798,2.334633511,3.955716709
1782841267.518350601,2.431659652,2.327516014,3.951330537
1782841267.519922733,2.408411013,2.298504763,3.957767891
1782841267.525765419,2.402833776,2.327621175,3.931664007
1782841267.526666880,2.383657066,2.476163963,3.902603209
1782841267.528268814,2.382108406,2.477632207,3.935913891
1782841267.530987263,2.403262075,2.455685602,3.955656187
1782841267.531867981,2.385422092,2.513823175,3.975009273
1782841267.533204079,2.405375657,2.491995393,4.009687841
1782841267.538413048,2.412639062,2.542955674,4.031773428
1782841267.540000200,2.425875735,2.581412260,4.108296250
1782841267.541708231,2.442538971,2.582560957,4.160306338
1782841267.543455601,2.457556904,2.627653322,4.184644017
1782841267.545023680,2.481628210,2.629933594,4.245577555
1782841267.550748825,2.510233282,2.679274050,4.286935047
1782841267.551609993,2.595584133,2.830321584,4.423574573
1782841267.553406715,2.639359766,2.813439630,4.496173178
1782841267.555963993,2.698534709,2.776515962,4.561734031
1782841267.556835651,2.754126239,2.855711284,4.636401831
1782841267.558299780,2.814753169,2.809345497,4.688493484
1782841267.563424826,2.844514611,2.832476964,4.716004679
1782841267.565005779,2.878608899,2.814120714,4.799181921
1782841267.566670895,2.918566431,2.778470204,4.849964292
1782841267.568430662,2.947904753,2.786416327,4.880906978
1782841267.569999218,2.974153278,2.743963138,4.933887576
1782841267.573832035,3.003332273,2.754442635,4.970272267
1782841267.575783730,3.041351904,2.770739383,5.014691974
1782841267.576672792,3.033317984,2.791591617,5.033756011
1782841267.578237295,3.043392727,2.755731971,5.066363076
1782841267.580964804,3.060512523,2.697602540,5.091749777
1782841267.581812620,3.052950415,2.723930320,5.106622798
1782841267.583266497,3.070358262,2.670484329,5.131497501
1782841267.588390112,3.069203542,2.671544608,5.134910292
1782841267.589998007,3.062298474,2.631965750,5.160138262
1782841267.591691732,3.046438717,2.606603425,5.184020221
1782841267.593468189,3.043132707,2.599546755,5.199067279
1782841267.595041037,3.030210446,2.571427150,5.238784323
1782841267.600864410,3.026268388,2.558069975,5.246689480
1782841267.601729631,2.985752693,2.509675984,5.287268584
1782841267.603396177,2.963004244,2.476556188,5.302385178
1782841267.605963230,2.957465985,2.411884321,5.304302347
1782841267.606838942,2.916306025,2.407760306,5.290831706
1782841267.608277798,2.907929106,2.338063900,5.281981887
1782841267.613403320,2.887564875,2.305405231,5.262315290
1782841267.614956379,2.823963418,2.226644425,5.244039442
1782841267.616614103,2.792309293,2.177297152,5.246884514
1782841267.618493557,2.760320420,2.132466198,5.229723702
1782841267.620088577,2.724498861,2.079785979,5.223792376
1782841267.625899553,2.693562327,2.036551956,5.198976869
1782841267.626781225,2.573851296,1.880833890,5.060333729
1782841267.628364086,2.529365489,1.810872632,5.012578837
1782841267.630975008,2.503901280,1.738130657,4.954946281
1782841267.631834984,2.457458495,1.701723946,4.894476120
1782841267.633293390,2.422139499,1.633489931,4.830905787
1782841267.635982037,2.385585291,1.594984923,4.761279017
1782841267.636752605,2.342430659,1.561192856,4.701550802
1782841267.638410330,2.302260223,1.521925653,4.641344914
1782841267.639928818,2.268958188,1.487216480,4.572866270
1782841267.641746998,2.239681983,1.439371378,4.511109260
1782841267.643349171,2.198063491,1.395949804,4.447570266
1782841267.644903183,2.165151646,1.363264366,4.380903695
1782841267.650645971,2.128999303,1.330188941,4.328356387
1782841267.651659012,2.063974737,1.268299054,4.221169607
1782841267.653221369,2.050102282,1.241136577,4.165166848
1782841267.656009197,2.020398936,1.230396663,4.120903556
1782841267.656858683,1.979652452,1.183084513,4.045195663
1782841267.658206463,1.957610756,1.173583257,4.011018712
1782841267.663435936,1.933055621,1.159804181,3.996826530
1782841267.665003777,1.925337995,1.148828853,3.972514341
1782841267.666678667,1.941963822,1.156330907,3.951083139
1782841267.668402433,1.938634026,1.146378799,3.944291728
1782841267.669988632,1.969114075,1.159002406,3.926892771
1782841267.675744057,1.977012998,1.154306238,3.928191442
1782841267.676656723,2.023806262,1.119857544,3.907010617
1782841267.678342819,2.059932335,1.135162560,3.883940782
1782841267.681015491,2.076250273,1.158467814,3.869967615
1782841267.681907892,2.130415739,1.139203488,3.833137886
1782841267.683300972,2.140510941,1.165997157,3.808864034
1782841267.688400030,2.148905642,1.167998055,3.797229985
1782841267.689973831,2.189813638,1.187345525,3.758262515
1782841267.691627979,2.226035408,1.211650342,3.740784080
1782841267.693423748,2.235365236,1.208751651,3.734014301
1782841267.694992065,2.263055406,1.228771557,3.714751585
1782841267.697331429,2.272761492,1.230738637,3.716757851
1782841267.698253155,2.279039557,1.232020220,3.719271977
1782841267.700812101,2.286893946,1.233322783,3.724017611
1782841267.701738358,2.322617393,1.229729034,3.722385893
1782841267.703366756,2.343204145,1.245768901,3.701897029
1782841267.705978870,2.341338858,1.272209156,3.691790940
1782841267.706854582,2.364239049,1.268594308,3.679315066
1782841267.708205223,2.359287973,1.288411594,3.659867313
1782841267.712948084,2.363810198,1.296221162,3.653824184
1782841267.713679075,2.372953056,1.298847500,3.633541623
1782841267.715028524,2.399490850,1.300192834,3.613092649
1782841267.716567993,2.443010621,1.316465682,3.583856301
1782841267.718350887,2.429285076,1.326712522,3.588675175
1782841267.719905615,2.440963298,1.360393975,3.580375412
1782841267.725778341,2.446570741,1.360907515,3.579093630
1782841267.726638317,2.473164632,1.343690302,3.596340155
1782841267.728419304,2.489687158,1.353450920,3.583770226
1782841267.730996847,2.494506790,1.367299554,3.582737238
1782841267.731870890,2.511018932,1.364195831,3.569572252
1782841267.733200550,2.509286116,1.378071971,3.553654380
1782841267.738414049,2.514756998,1.380694225,3.543100239
1782841267.739984274,2.527301471,1.389747448,3.507303373
1782841267.741657019,2.535182565,1.400330235,3.489006859
1782841267.743417501,2.542948693,1.393131311,3.470804523
1782841267.744998932,2.547385340,1.408856069,3.451605565
1782841267.750963449,2.548332946,1.401610988,3.431628170
1782841267.751823664,2.570939340,1.396828310,3.381451819
1782841267.753409147,2.573474957,1.412324791,3.391311968
1782841267.755988121,2.586321116,1.429816412,3.416803155
1782841267.756864309,2.596478121,1.435855727,3.469990286
1782841267.758197308,2.612152740,1.457511922,3.544282292
1782841267.760392427,2.629707258,1.468558710,3.634306980
1782841267.763443947,2.651056090,1.481258121,3.720665010
1782841267.765020609,2.670660902,1.504189578,3.810531236
1782841267.766707182,2.685294385,1.523170029,3.878121473
1782841267.768406153,2.715372870,1.539053172,3.943423261
1782841267.769997597,2.726250840,1.550612905,3.991397514
1782841267.775401354,2.756160577,1.572537578,4.034285622
1782841267.776704788,2.809656505,1.640959298,4.100747059
1782841267.778273821,2.815807960,1.678858475,4.122337063
1782841267.780983686,2.831404313,1.717827023,4.131072088
1782841267.781849623,2.853005927,1.793231891,4.143090524
1782841267.783301592,2.868785859,1.838074021,4.161690254
1782841267.788378000,2.883359372,1.879560910,4.166815234
1782841267.789944649,2.894220523,1.950395372,4.185451079
1782841267.791613817,2.890857184,1.985978109,4.204965819
1782841267.793420315,2.878332773,2.025693336,4.206022348
1782841267.794996262,2.866245469,2.061360741,4.220216769
1782841267.800752640,2.852876036,2.090598552,4.205303750
1782841267.801618576,2.775379311,2.187909898,4.155463440
1782841267.803282022,2.737133919,2.206148431,4.132371117
1782841267.805985928,2.703515593,2.222636099,4.107399334
1782841267.806879282,2.665861661,2.248553689,4.074291994
1782841267.808218718,2.635994907,2.258304575,4.051963723
1782841267.813493013,2.602980900,2.279912572,4.010678489
1782841267.814873457,2.506436936,2.356748773,3.924026001
1782841267.816737652,2.476494806,2.357112555,3.913071957
1782841267.818453312,2.462876906,2.371530147,3.894127326
1782841267.820015192,2.451354606,2.390180458,3.919550319
1782841267.821948290,2.444132086,2.413150609,3.937772160
1782841267.825815201,2.429193366,2.439412554,3.964445876
1782841267.826704741,2.418109821,2.483535829,4.007580805
1782841267.828315496,2.404664523,2.492068519,4.038532246
1782841267.830972195,2.413168780,2.496742563,4.063261639
1782841267.831849337,2.403245993,2.541312247,4.090507765
1782841267.833286047,2.406456342,2.528001231,4.095942159
1782841267.836984158,2.414320825,2.536831487,4.106229934
1782841267.838385344,2.415544625,2.548271466,4.091604176
1782841267.840150833,2.417649301,2.561064951,4.098135505
1782841267.841714382,2.415532627,2.593483493,4.092319761
1782841267.843422413,2.436787533,2.577927503,4.104250074
1782841267.844989061,2.439011391,2.582862844,4.118191235
1782841267.850800991,2.455748152,2.590245816,4.130026345
1782841267.851665020,2.460080382,2.622806339,4.148942702
1782841267.853246212,2.454578882,2.629021066,4.171468232
1782841267.855968475,2.474135585,2.620457760,4.204499678
1782841267.856831551,2.462543598,2.668002470,4.249765468
1782841267.858283997,2.465920606,2.653368703,4.276081753
1782841267.863426447,2.473069196,2.668590156,4.300277407
1782841267.865004778,2.477875440,2.695738957,4.359965593
1782841267.866669655,2.473949747,2.709586171,4.399335980
1782841267.868409157,2.482227364,2.716415043,4.408786193
1782841267.870005369,2.474968500,2.721185678,4.441259386
1782841267.875774860,2.486156088,2.727607602,4.458180060
1782841267.876637459,2.471314067,2.783405365,4.513390115
1782841267.878424644,2.462250532,2.773660192,4.552595270
1782841267.880958319,2.478351794,2.723096665,4.625045121
1782841267.881835461,2.464765368,2.759706203,4.709375867
1782841267.883271933,2.481045956,2.694169827,4.780175143
1782841267.888429880,2.488853748,2.692761819,4.828993969
1782841267.890035152,2.489835948,2.659591678,4.959527018
1782841267.891710997,2.483867902,2.613913186,5.023184966
1782841267.893475533,2.487454872,2.603365842,5.050542121
1782841267.895039082,2.480898747,2.555003441,5.087031574
1782841267.900483370,2.482682000,2.536723407,5.096579008
1782841267.901743412,2.479947102,2.493897094,5.067708059
1782841267.903379202,2.480748138,2.430641986,5.078593963
1782841267.906030893,2.476526766,2.334608869,5.098453340
1782841267.906888485,2.470898802,2.298039635,5.080698171
1782841267.908245325,2.470954027,2.207544708,5.100133642
1782841267.913379908,2.469370824,2.171183957,5.090447338
1782841267.914949179,2.469689160,2.063810806,5.094253532
1782841267.916643620,2.477137555,2.006299621,5.095507655
1782841267.918447256,2.469954047,1.965708686,5.079520668
1782841267.920022011,2.476342510,1.908959907,5.055123703
1782841267.925878525,2.471539591,1.873650792,5.033473717
1782841267.926742792,2.443714226,1.734035226,4.848077639
1782841267.928302050,2.450460652,1.681205513,4.785605286
1782841267.930975199,2.438691358,1.642352015,4.749010831
1782841267.931845903,2.437523048,1.610562277,4.702003065
1782841267.933206081,2.425080028,1.574618057,4.672612645
1782841267.938409090,2.408805073,1.543939823,4.640792945
1782841267.939989805,2.391177676,1.475461276,4.565695028
1782841267.941671371,2.389521382,1.446325088,4.515946796
1782841267.943448305,2.372542726,1.415010461,4.483269653
1782841267.945014000,2.376792410,1.396078386,4.430689882
1782841267.948008060,2.358313701,1.364143250,4.391202712
1782841267.948815584,2.325305297,1.306241966,4.306540266
1782841267.950784445,2.308551491,1.276212472,4.272313365
1782841267.951679230,2.323226194,1.234340483,4.238436313
1782841267.953252792,2.324703445,1.219878184,4.200403416
1782841267.956035852,2.298633197,1.218041959,4.187820713
1782841267.956914186,2.303478776,1.179642936,4.162918415
1782841267.958249807,2.281333416,1.189729603,4.146925176
1782841267.962822914,2.264900726,1.166586610,4.136477078
1782841267.963591576,2.233372947,1.123845495,4.106914970
1782841267.964939356,2.242793144,1.092289649,4.071682097
1782841267.966745615,2.247422949,1.133149123,4.031748147
1782841267.968465328,2.230663902,1.126156866,4.008356920
1782841267.970027685,2.237251827,1.135302189,3.953887914
1782841267.975857973,2.221623418,1.124754980,3.930311912
1782841267.976722002,2.216805776,1.076841306,3.838998612
1782841267.978317261,2.228848014,1.094531146,3.792170345
1782841267.980942726,2.216134161,1.132803211,3.761322184
1782841267.981853485,2.238311835,1.110879112,3.732727531
1782841267.983239889,2.230273913,1.150074880,3.711573583
1782841267.988432646,2.223480677,1.146192092,3.699537862
1782841267.990010500,2.235831000,1.165192220,3.658928251
1782841267.991702557,2.253136282,1.192118303,3.633124060
1782841267.993445158,2.249967918,1.188316297,3.622315921
1782841267.995046377,2.262872415,1.212621092,3.598942733
1782841268.000778198,2.267877484,1.210025499,3.594581715
1782841268.001661539,2.293402100,1.190150565,3.575775457
1782841268.003229618,2.314437268,1.217487973,3.570382215
1782841268.006037474,2.320581397,1.241329961,3.565034781
1782841268.006935358,2.352548666,1.228279607,3.574177952
1782841268.008280754,2.351909418,1.256317611,3.575449824
1782841268.010004997,2.357131601,1.247148022,3.580677535
1782841268.013427258,2.365357597,1.244404466,3.603114155
1782841268.015001297,2.391401382,1.266157396,3.590523048
1782841268.016683102,2.423663470,1.282055904,3.584955040
1782841268.018403292,2.432714833,1.278893623,3.585211855
1782841268.019976854,2.463904239,1.301715449,3.585518455
1782841268.025451183,2.476079605,1.299377488,3.592047511
1782841268.026672363,2.541739358,1.293776949,3.619561891
1782841268.028233767,2.572949394,1.319643207,3.610110314
1782841268.030986547,2.585595373,1.355319026,3.612865914
1782841268.031852722,2.645031218,1.362056692,3.630481773
1782841268.033288002,2.664048636,1.395560003,3.639134381
1782841268.038412809,2.692363370,1.407789687,3.657666145
1782841268.039977551,2.757732524,1.450907374,3.686377973
1782841268.041696310,2.796533451,1.475231864,3.691062908
1782841268.043441057,2.824017770,1.481008775,3.715518495
1782841268.045001984,2.856463866,1.509899375,3.728184852
1782841268.050915003,2.885706283,1.517925814,3.758507322
1782841268.051789284,3.013111221,1.545565266,3.867740057
1782841268.053375959,3.051236376,1.574517155,3.881315006
1782841268.055973291,3.078238148,1.607682602,3.904740671
1782841268.056836843,3.114590696,1.615725097,3.916622955
1782841268.058296442,3.139132594,1.620849375,3.928740416
1782841268.063365936,3.160114415,1.659215270,3.943332773
1782841268.065068960,3.205833027,1.698733026,3.943485941
1782841268.066771030,3.222041255,1.724919549,3.938938652
1782841268.068416595,3.237047316,1.742102902,3.936073137
1782841268.070054531,3.242789885,1.765386322,3.919469127
1782841268.072532415,3.250795680,1.779115414,3.904200742
1782841268.075803280,3.267943797,1.806711739,3.889645398
1782841268.076749325,3.277673267,1.817007993,3.881625685
1782841268.078421116,3.278769048,1.843435467,3.884642877
1782841268.080925703,3.277450451,1.871405236,3.902741369
1782841268.081811190,3.285492754,1.894444188,3.971783403
1782841268.083260298,3.284518340,1.926730108,4.008534539
1782841268.087393761,3.279349520,1.936298111,4.035291096
1782841268.088642836,3.276389239,1.953567911,4.069078053
1782841268.089999676,3.276404461,1.968541251,4.092845854
1782841268.091791153,3.263467958,1.996907607,4.105571847
1782841268.093406916,3.256223861,2.027060793,4.116835141
1782841268.094889164,3.243403121,2.046028000,4.122533974
1782841268.100897551,3.234266026,2.086165737,4.119122025
1782841268.101785183,3.221461147,2.174777431,4.095382697
1782841268.103370905,3.211487788,2.212422229,4.114443574
1782841268.105998278,3.216751053,2.250813107,4.144909285
1782841268.106889248,3.220294642,2.325570219,4.242542983
1782841268.108222485,3.227943095,2.365281070,4.289385537
1782841268.113364935,3.235619085,2.393252727,4.328705864
1782841268.114948511,3.221119770,2.457896287,4.392105639
1782841268.116614819,3.202936051,2.481170953,4.415958250
1782841268.118364334,3.193455910,2.513257157,4.416427263
1782841268.119959354,3.168342748,2.531396270,4.412182312
1782841268.125775576,3.153958204,2.560538731,4.409454604
1782841268.126634598,3.046092509,2.685666988,4.332568232
1782841268.128208876,3.010253273,2.697411149,4.312984271
1782841268.131001472,2.984153835,2.706587972,4.286094364
1782841268.131855726,2.947049934,2.730572562,4.256068596
1782841268.133203268,2.932876785,2.738389037,4.248569841
1782841268.138391018,2.914936838,2.769710451,4.241906984
1782841268.139954805,2.867808107,2.810237820,4.287514011
1782841268.141633749,2.856312974,2.832476715,4.320505228
1782841268.143414497,2.842446165,2.868622949,4.345386602
1782841268.144991875,2.823695788,2.884472119,4.383698177
1782841268.148320436,2.812562456,2.917398952,4.397878427
1782841268.150847197,2.801406077,2.978574053,4.402001560
1782841268.151723862,2.791577658,3.035094882,4.366261075
1782841268.153301477,2.792314427,3.041902945,4.356140079
1782841268.155983686,2.808523288,3.033535015,4.340745856
1782841268.156862974,2.804878036,3.064153826,4.327369548
1782841268.158209562,2.821456611,3.049390223,4.318430608
1782841268.163324118,2.836755610,3.061086251,4.311459979
1782841268.164998531,2.858282586,3.065680567,4.318577526
1782841268.166703463,2.874781351,3.051375491,4.332905418
1782841268.168408394,2.893622691,3.061391033,4.359658445
1782841268.169996023,2.916236625,3.056012717,4.397796863
1782841268.175954342,2.929581353,3.067886949,4.423211472
1782841268.176836967,2.978646603,3.145422819,4.522732369
1782841268.178399324,3.000762597,3.153512511,4.558497296
1782841268.181017160,3.036566540,3.147242552,4.612682135
1782841268.181870699,3.045312523,3.189404788,4.640603754
1782841268.183224678,3.077843671,3.180257189,4.681686000
1782841268.188484907,3.101695557,3.203033133,4.711675499
1782841268.190067530,3.151054341,3.239099359,4.784778373
1782841268.191740513,3.173536602,3.240047027,4.820913647
1782841268.193463087,3.186318332,3.259673112,4.851596774
1782841268.195047617,3.200498288,3.249556229,4.883314979
1782841268.200846195,3.210388843,3.258748014,4.902587548
1782841268.201747894,3.213247683,3.311629858,4.934913882
1782841268.203371048,3.224684879,3.285186268,4.972278656
1782841268.205903530,3.251007861,3.217162340,5.029849470
1782841268.206754446,3.234015614,3.253177844,5.044066191
1782841268.208207607,3.255698443,3.171970883,5.098272710
1782841268.210585833,3.260056015,3.166928774,5.103684238
1782841268.213249207,3.253083677,3.153155261,5.105474256
1782841268.214974642,3.250037282,3.079543827,5.130556165
1782841268.216676712,3.242284265,2.998189537,5.155389463
1782841268.218518496,3.230944127,2.971453119,5.144011713
1782841268.220089674,3.217732785,2.887555177,5.154568107
1782841268.225866079,3.200898185,2.857061773,5.128336108
1782841268.226655960,3.097717545,2.711752514,5.047293718
1782841268.228345871,3.065989882,2.623249469,5.040061181
1782841268.229903936,3.033971929,2.537318984,5.031259279
1782841268.231726408,2.987012473,2.525311880,4.995806753
1782841268.238416195,2.974488600,2.423978849,4.994405716
1782841268.240004301,2.889621387,2.260341936,4.902566926
1782841268.241701365,2.871123754,2.192069951,4.879846246
1782841268.243489027,2.847964674,2.144686404,4.846352865
1782841268.245063066,2.830094041,2.086593766,4.812352436
1782841268.250877142,2.813717408,2.038894806,4.787767759
1782841268.251743078,2.758250770,1.931065020,4.692476963
1782841268.253311634,2.760669502,1.880876434,4.650268426
1782841268.255982399,2.762759633,1.838233908,4.619212559
1782841268.256857872,2.744160941,1.774582670,4.552281922
1782841268.258292913,2.744476891,1.746939746,4.516324914
1782841268.263368607,2.728599594,1.713661572,4.478214843
1782841268.264948606,2.716031442,1.668708359,4.396081743
1782841268.266628742,2.713531339,1.659062846,4.343842178
1782841268.268494844,2.704514988,1.634143076,4.314795845
1782841268.270075321,2.706854423,1.629526690,4.259807985
1782841268.271834850,2.696725074,1.595460946,4.230321383
1782841268.275862694,2.685295020,1.572327694,4.203471292
1782841268.276733160,2.674964320,1.514364867,4.138665698
1782841268.278415680,2.686230572,1.511141654,4.093703666
1782841268.279885769,2.671648053,1.520288837,4.058272947
1782841268.281623602,2.679693163,1.493183918,4.024578609
1782841268.286771297,2.664419209,1.510178023,3.982207336
1782841268.288464308,2.612401625,1.452160616,3.882927574
1782841268.290052176,2.606490745,1.461639024,3.826902332
1782841268.291723013,2.595655783,1.481906799,3.766637943
1782841268.293463230,2.575058705,1.462292239,3.727450899
1782841268.295046806,2.561924072,1.476099002,3.667575158
1782841268.300921440,2.540711334,1.460617432,3.635655362
1782841268.301785707,2.496505419,1.420202835,3.548421845
1782841268.303379536,2.484862818,1.440996371,3.509368853
1782841268.306006908,2.466494491,1.465126104,3.492759498
1782841268.306866407,2.451315769,1.448519705,3.477612465
1782841268.308247089,2.431087231,1.473679449,3.465421412
1782841268.313410521,2.430590731,1.471702355,3.479235633
1782841268.314995289,2.432010397,1.483973552,3.486805319
1782841268.316714287,2.449946133,1.507314399,3.489858560
1782841268.318300962,2.439452955,1.496403940,3.496076090
1782841268.320064783,2.452778366,1.514493403,3.487873367
1782841268.325835228,2.456682014,1.500991814,3.489666131
1782841268.326721191,2.519954542,1.478529817,3.494059938
1782841268.328287840,2.541679881,1.495755764,3.491073952
1782841268.330994368,2.551107901,1.527168111,3.488662697
1782841268.331858158,2.608723267,1.531476002,3.511790511
1782841268.333204508,2.623630834,1.564491236,3.518394358
1782841268.338434458,2.646216081,1.567446087,3.540704089
1782841268.340027809,2.697156734,1.599790598,3.553065139
1782841268.341714621,2.726283782,1.630663469,3.561088535
1782841268.343482494,2.748231697,1.640320996,3.584223050
1782841268.345051050,2.782267390,1.666892352,3.600355733
1782841268.349274397,2.811382965,1.668056189,3.627090743
1782841268.350051403,2.864528535,1.682051709,3.691258428
1782841268.351630688,2.899794686,1.685363065,3.726001432
1782841268.353464842,2.922786354,1.704504633,3.746349377
1782841268.354921818,2.936244782,1.730549569,3.761306571
1782841268.356584549,2.960307121,1.738817263,3.791113213
1782841268.363418818,2.974889335,1.768169887,3.803881237
1782841268.365021706,3.041127694,1.855898426,3.833850252
1782841268.366583109,3.056608293,1.874507323,3.829421012
1782841268.368549585,3.060432183,1.902841693,3.821987572
1782841268.369910002,3.064553829,1.921020756,3.816138240
1782841268.375917912,3.077458803,1.952774125,3.815728020
1782841268.376775265,3.103656644,2.036231306,3.889732134
1782841268.378368616,3.104728159,2.063539135,3.910825835
1782841268.380872250,3.105548106,2.090401089,3.925577620
1782841268.381630182,3.097515048,2.112148440,3.934501378
1782841268.383325100,3.084890007,2.135506324,3.937668931
1782841268.388356447,3.075388658,2.156306270,3.928473839
1782841268.389944315,3.038288817,2.193291197,3.907779330
1782841268.391632080,3.015772505,2.212800401,3.881759721
1782841268.393475294,2.994885121,2.228145786,3.858261252
1782841268.394935608,2.977028411,2.248203870,3.831517039
1782841268.400927782,2.961019385,2.262607994,3.807944858
1782841268.401795387,2.863375336,2.310700645,3.660474158
1782841268.403230667,2.829352956,2.311139963,3.615357492
1782841268.404943466,2.751890479,2.312313411,3.549117258
1782841268.406629562,2.714333904,2.292725794,3.527433878
1782841268.411417723,2.667299864,2.271761842,3.512039184
1782841268.413450241,2.589463157,2.268267906,3.454912215
1782841268.415082932,2.553978955,2.260322954,3.436952644
1782841268.416549444,2.509840686,2.256351164,3.408163643
1782841268.418471813,2.499017895,2.253807991,3.394216747
1782841268.420047760,2.466935052,2.245040658,3.377189764
1782841268.425879240,2.441700992,2.239336956,3.352065098
1782841268.426754475,2.358010115,2.259759826,3.244935762
1782841268.428197622,2.364894675,2.256240115,3.243218564
1782841268.430989504,2.375646227,2.269709060,3.277363019
1782841268.431861162,2.388643711,2.310545061,3.336658083
1782841268.433195591,2.413674164,2.327792341,3.404593211
1782841268.438437223,2.437455079,2.361259319,3.475557222
1782841268.440004110,2.496978113,2.450143031,3.584281876
1782841268.441660166,2.501434783,2.467132308,3.624602453
1782841268.443488598,2.532368748,2.499620205,3.634921557
1782841268.445072412,2.544029637,2.512631826,3.653200334
1782841268.451030016,2.576209072,2.547433146,3.639027339
1782841268.451887846,2.681791635,2.702054598,3.541471808
1782841268.453208208,2.731229782,2.686798388,3.550503176
1782841268.454878807,2.776273155,2.686948753,3.587564334
1782841268.456562281,2.785897720,2.736028942,3.597856389
1782841268.463441372,2.839283188,2.701732645,3.669177737
1782841268.464903355,2.934269247,2.854956264,3.813765589
1782841268.466685295,2.983598378,2.750930991,3.984045992
1782841268.468490839,3.016380523,2.789822574,4.047208980
1782841268.470042706,3.041869307,2.750238952,4.174426844
1782841268.473516226,3.065801393,2.792956076,4.220639644
1782841268.475902081,3.115949551,2.865473540,4.278694383
1782841268.476760387,3.116726209,2.956601597,4.312935445
1782841268.478343725,3.122661411,2.889160672,4.400081710
1782841268.481040239,3.152495157,2.781359738,4.486451814
1782841268.481916189,3.128653434,2.841596521,4.501785606
1782841268.483251095,3.149815733,2.728629132,4.582863667
1782841268.488300562,3.156892728,2.746703089,4.593239028
1782841268.490051985,3.124512012,2.667970824,4.687295246
1782841268.491746902,3.084293785,2.580116336,4.777123175
1782841268.493458033,3.079652170,2.589702300,4.793302509
1782841268.495025158,3.036484698,2.501255520,4.890879025
1782841268.500930786,3.031210959,2.504939602,4.922397993
1782841268.501822710,2.980009432,2.538868860,5.044434975
1782841268.503212690,2.972855328,2.415467299,5.115368390
1782841268.505977869,2.921919113,2.323010226,5.161371209
1782841268.506827593,2.889834808,2.341155431,5.152878061
1782841268.508280039,2.874655645,2.233059851,5.179397231
1782841268.513434172,2.864893110,2.220223251,5.164209290
1782841268.515007496,2.807157002,2.126716352,5.175508519
1782841268.516683817,2.771145289,2.059438975,5.211015135
1782841268.518473387,2.762500474,2.037748567,5.230059848
1782841268.520075083,2.729547668,1.988662099,5.304043628
1782841268.525964975,2.715317143,1.960568078,5.342048189
1782841268.526824713,2.684624497,1.823796170,5.428245857
1782841268.528376102,2.671082506,1.755442027,5.435382492
1782841268.531033278,2.665053774,1.707920969,5.431577248
1782841268.531903267,2.670648131,1.674793021,5.417425741
1782841268.533252478,2.664311931,1.646954144,5.402397053
1782841268.534980536,2.666546237,1.614248126,5.396054680
1782841268.538408518,2.660332666,1.585869418,5.388063196
1782841268.539972544,2.664629271,1.571321360,5.381388370
1782841268.541629553,2.665663313,1.568003003,5.378023443
1782841268.543498993,2.661309374,1.541224819,5.393003240
1782841268.545048952,2.667299977,1.547318425,5.385038058
1782841268.550966263,2.658207671,1.525194917,5.384375052
1782841268.551711082,2.637687729,1.452265874,5.362417835
1782841268.553274632,2.650637865,1.467219874,5.341263293
1782841268.554942846,2.663160170,1.480577853,5.313841180
1782841268.556642532,2.680348771,1.439946298,5.297593047
1782841268.563382626,2.669814729,1.471956133,5.275887457
1782841268.564946413,2.651341267,1.423174482,5.182974489
1782841268.566614866,2.662481715,1.441531518,5.130347590
1782841268.568495512,2.647912135,1.422490589,5.095211282
1782841268.570063829,2.653543040,1.436258325,5.027775523
1782841268.575883627,2.639846359,1.418726614,4.989785737
1782841268.576759815,2.612859598,1.341213439,4.870152847
1782841268.578211069,2.583544913,1.375116234,4.823893517
1782841268.579874754,2.585769836,1.396544468,4.768237964
1782841268.581590414,2.587072076,1.355792146,4.712237459
1782841268.588419199,2.554208788,1.385337944,4.652215352
1782841268.589989185,2.447339204,1.314729892,4.369077666
1782841268.591665983,2.434511985,1.329361982,4.276829476
1782841268.593463659,2.394810171,1.305326581,4.211469395
1782841268.595038891,2.381942209,1.322767562,4.120002214
1782841268.597304106,2.345272849,1.293002874,4.061458057
1782841268.598242283,2.315659434,1.269173837,4.020766991
1782841268.601025343,2.275354970,1.253817525,3.989794281
1782841268.601915359,2.242283963,1.193020169,3.924130024
1782841268.603253126,2.210179501,1.225618064,3.894653722
1782841268.604923010,2.208365751,1.238309814,3.849954413
1782841268.606602907,2.202502715,1.199235314,3.826891080
1782841268.613284111,2.174049283,1.227331430,3.800216481
1782841268.614976883,2.139340374,1.191177795,3.747650229
1782841268.616659164,2.147660242,1.202730575,3.714378310
1782841268.618499994,2.140102753,1.177875564,3.707275784
1782841268.620088816,2.154438371,1.195572929,3.676209600
1782841268.625910282,2.156604393,1.178269323,3.662400464
1782841268.626780987,2.212281111,1.116898715,3.624985930
1782841268.628340960,2.247480782,1.145487132,3.597541326
1782841268.630965471,2.258121870,1.186794900,3.582850418
1782841268.631824255,2.302827297,1.171553518,3.577335406
1782841268.633250713,2.316394886,1.213402306,3.568071000
1782841268.638453960,2.330611728,1.207069234,3.567424841
1782841268.640012026,2.385798394,1.231757128,3.556319164
1782841268.641679049,2.412632018,1.257323109,3.527904952
1782841268.643541336,2.417251359,1.256287969,3.521679167
1782841268.644894123,2.450278128,1.248582610,3.516441935
1782841268.650971651,2.459696487,1.289493331,3.503612020
1782841268.651828051,2.471274399,1.289275023,3.479162688
1782841268.653414965,2.483144293,1.317903379,3.455854922
1782841268.656014204,2.485268199,1.362138101,3.453591561
1782841268.656879663,2.508009287,1.361712430,3.452734067
1782841268.658296108,2.509804035,1.399893953,3.459606333
1782841268.663339853,2.514617183,1.404882571,3.468243309
1782841268.664918184,2.538079854,1.444269714,3.498320725
1782841268.666599035,2.553224977,1.472623588,3.516052184
1782841268.668435574,2.565939377,1.480238798,3.540299296
1782841268.669997931,2.578635832,1.505599488,3.556337965
1782841268.674284458,2.590550993,1.513006355,3.579996459
1782841268.675017834,2.635807204,1.552763048,3.693854177
1782841268.676640749,2.661696045,1.566636643,3.736194055
1782841268.678407192,2.687945434,1.595892091,3.761788155
1782841268.680997849,2.703954250,1.619662727,3.794392825
1782841268.681855679,2.728318130,1.628134211,3.833010101
1782841268.683218718,2.748002998,1.659451321,3.862051697
1782841268.688395023,2.774643912,1.677933997,3.900240947
1782841268.689972162,2.813308321,1.721807283,3.962666273
1782841268.691642761,2.831005523,1.746561598,3.985193057
1782841268.693415165,2.852128883,1.766401706,4.012332505
1782841268.694993496,2.869392564,1.790115765,4.029029592
1782841268.700870991,2.885807062,1.811664390,4.051094041
1782841268.701735497,2.947349941,1.914579199,4.124986316
1782841268.703303099,2.967590644,1.953091472,4.142616901
1782841268.705848455,2.974643197,1.985088063,4.159646011
1782841268.706609011,2.982839079,2.015685507,4.178746511
1782841268.708294392,2.993911120,2.050727709,4.190736079
1782841268.713276386,2.997111883,2.080196518,4.199858475
1782841268.714951038,2.994915924,2.141904324,4.207683344
1782841268.716611385,2.992348017,2.172729849,4.194319060
1782841268.718483686,2.974006854,2.202687299,4.183929113
1782841268.720039368,2.952571147,2.224669178,4.170652718
1782841268.725953341,2.931243766,2.256284400,4.143183855
1782841268.726936817,2.799565355,2.348472773,3.983556990
1782841268.728360176,2.771831308,2.360839622,3.937285209
1782841268.729922056,2.739594120,2.376854960,3.890513713
1782841268.731695414,2.703750017,2.403068784,3.845842589
1782841268.736955643,2.688279808,2.424911793,3.823623314
1782841268.738452673,2.690017867,2.485871297,3.842481158
1782841268.740041018,2.695022609,2.523382881,3.886326664
1782841268.741703272,2.703415459,2.559955971,3.953348851
1782841268.743479490,2.715855751,2.606036324,4.019759165
1782841268.745058060,2.726236093,2.644077828,4.084583676
1782841268.750985861,2.744992711,2.695800640,4.127426591
1782841268.751853943,2.792294010,2.870172460,4.118935832
1782841268.753418684,2.813587895,2.898863867,4.091871286
1782841268.755975008,2.835594759,2.912422298,4.062769791
1782841268.756841183,2.863837287,2.959393327,4.045615862
1782841268.758306026,2.893541557,2.973006340,4.036134589
1782841268.763433695,2.931316788,3.010904367,4.037071501
1782841268.765017271,2.982169953,3.060673218,4.058934696
1782841268.766712904,3.006877970,3.073080966,4.080525639
1782841268.768478870,3.020730337,3.087170256,4.102732259
1782841268.770092487,3.044587272,3.095629439,4.139671772
1782841268.775906563,3.055689119,3.118691771,4.151703816
1782841268.776768684,3.075609411,3.198225535,4.170609044
1782841268.778209925,3.098920688,3.179948091,4.188401806
1782841268.779875994,3.118057779,3.174373971,4.210866082
1782841268.781594276,3.113774043,3.201665406,4.209087840
1782841268.788415432,3.138176656,3.165515520,4.242330523
1782841268.790002584,3.125167593,3.163769315,4.256091573
1782841268.791656971,3.124225149,3.114271611,4.262600458
1782841268.793487787,3.112800572,3.114305763,4.244752126
1782841268.795062304,3.108019250,3.058688324,4.251212674
1782841268.798449755,3.092972658,3.054096391,4.230428750
1782841268.800867081,3.051342189,3.038930637,4.201740022
1782841268.801741600,3.021661970,3.060653217,4.189319580
1782841268.803323746,3.010408433,2.998017998,4.207703547
1782841268.805979490,3.022716199,2.911075648,4.237058640
1782841268.806844711,2.973832588,2.914731263,4.229469414
1782841268.808285236,2.974099535,2.824111671,4.249529106
1782841268.813418865,2.956560734,2.801443416,4.232771827
1782841268.815048218,2.914475668,2.711601642,4.212718142
1782841268.816738605,2.892579054,2.643123527,4.230009985
1782841268.818464756,2.874770638,2.626341106,4.214718931
1782841268.820044994,2.846856462,2.564934426,4.229514921
1782841268.825860500,2.827226236,2.543117286,4.219855445
1782841268.826740026,2.747418870,2.506683839,4.193613670
1782841268.828297853,2.725982620,2.446992501,4.218624033
1782841268.830990553,2.726380750,2.377189224,4.244512273
1782841268.831865072,2.682714822,2.357134191,4.265107613
1782841268.833246231,2.686565631,2.285909905,4.302696781
1782841268.838367224,2.675590823,2.262340604,4.329056143
1782841268.839956284,2.676521933,2.200118454,4.397706927
1782841268.841631651,2.676307775,2.163883550,4.436518709
1782841268.843472719,2.688263975,2.146575820,4.475771750
1782841268.845046997,2.689371598,2.115387028,4.498876759
1782841268.850979328,2.688351323,2.092212355,4.526608824
1782841268.851840734,2.699242027,2.008337142,4.530859873
1782841268.853410244,2.706638530,1.978514475,4.508428654
1782841268.855968475,2.703582091,1.953634539,4.497989974
1782841268.856844187,2.718823432,1.935545245,4.486106718
1782841268.858282328,2.717695092,1.911941711,4.462347083
1782841268.860257864,2.713237910,1.888817191,4.446194867
1782841268.863350868,2.711138669,1.864824377,4.435258195
1782841268.864942074,2.713218916,1.855563762,4.399029064
1782841268.866639137,2.717653122,1.853923569,4.363916686
1782841268.868428230,2.704425987,1.832009362,4.338485667
1782841268.870016813,2.706630746,1.827627314,4.298039858
1782841268.875348806,2.689874789,1.808629196,4.274395015
1782841268.876718998,2.666993398,1.747324412,4.213915541
1782841268.878449917,2.664961441,1.737756335,4.178727200
1782841268.879928112,2.643441574,1.745314748,4.143372843
1782841268.881664038,2.638926217,1.713837321,4.100507220
1782841268.888455153,2.613899608,1.718463259,4.051864495
1782841268.890023470,2.513298095,1.633388758,3.805966728
1782841268.891736746,2.491997356,1.625873029,3.727491227
1782841268.893484592,2.456103565,1.594999843,3.668150920
1782841268.895089626,2.434328765,1.588475367,3.588207578
1782841268.900938034,2.409066178,1.559707622,3.543286250
1782841268.901840687,2.314036964,1.431343991,3.404136077
1782841268.903427839,2.288585229,1.437671784,3.368193148
1782841268.906029224,2.255062058,1.451668054,3.332595198
1782841268.906915426,2.237377308,1.421604628,3.295715704
1782841268.908367872,2.207249155,1.433693357,3.258138063
1782841268.913417101,2.173599845,1.415319430,3.221627492
1782841268.914990425,2.137445251,1.392151959,3.158683517
1782841268.916676283,2.127504473,1.394547490,3.121653048
1782841268.918481588,2.104525140,1.373379307,3.111141260
1782841268.920063972,2.102408447,1.374665982,3.085617739
1782841268.922844172,2.099856009,1.352869243,3.089285312
1782841268.923713446,2.103687564,1.314435595,3.100060949
1782841268.925975800,2.104370525,1.289331092,3.102933138
1782841268.926903009,2.127624197,1.261701505,3.105867906
1782841268.928317785,2.135808272,1.283897167,3.094298570
1782841268.929907084,2.158667156,1.297129066,3.083709774
1782841268.931607962,2.186671385,1.278418532,3.081435210
1782841268.938257694,2.190885811,1.302090140,3.077773244
1782841268.939900398,2.254061504,1.307037220,3.075310406
1782841268.941576958,2.282315921,1.336739443,3.058927005
1782841268.943487883,2.300332798,1.338855861,3.057820977
1782841268.945053816,2.328716169,1.366827933,3.037264460
1782841268.950920105,2.346764977,1.365376335,3.025640506
1782841268.951780319,2.423279795,1.390146299,2.965441445
1782841268.953370810,2.438708046,1.424301736,2.945783861
1782841268.956046343,2.450711783,1.458909956,2.921697282
1782841268.956927538,2.472449666,1.453515894,2.912786233
1782841268.958261013,2.464738682,1.492786083,2.899081472
1782841268.963369131,2.456001915,1.492956683,2.891548270
1782841268.964942932,2.437803538,1.523138372,2.867559135
1782841268.966643333,2.432824655,1.534913046,2.850826259
1782841268.968412161,2.418565533,1.540311040,2.855067897
1782841268.969979286,2.409145102,1.551683509,2.849281327
1782841268.975802660,2.402196784,1.554189259,2.859754772
1782841268.976674318,2.387901729,1.531192738,2.872877678
1782841268.978253126,2.388407348,1.543116943,2.869302348
1782841268.980992794,2.378368205,1.563565417,2.871908741
1782841268.981884718,2.383021251,1.557891082,2.876883048
1782841268.983251333,2.368414107,1.573754665,2.866207723
1782841268.986232281,2.367810060,1.577777121,2.867940845
1782841268.986970901,2.362398266,1.580454334,2.876419940
1782841268.988383532,2.352561854,1.585368858,2.882906828
1782841268.989969492,2.357025434,1.598042483,2.885505347
1782841268.991652250,2.359041269,1.604902294,2.892379369
1782841268.993427515,2.358674879,1.604588317,2.907103010
1782841268.994993448,2.366087797,1.615085671,2.926489892
1782841269.000892639,2.362010451,1.614815093,2.956393434
1782841269.001764774,2.387754791,1.619845817,3.017071799
1782841269.003339291,2.400601438,1.635756327,3.039952565
1782841269.005948782,2.412971515,1.657350768,3.065342699
1782841269.006817102,2.450937489,1.675224612,3.101051748
1782841269.008256912,2.459875865,1.696474982,3.111988257
1782841269.013403177,2.481591698,1.711572801,3.127390275
1782841269.014978170,2.512392781,1.756370576,3.147910905
1782841269.016662359,2.528811177,1.777652864,3.149709183
1782841269.018492937,2.541340120,1.794068075,3.161349087
1782841269.020070314,2.559656298,1.824673779,3.170337362
1782841269.025930405,2.569273574,1.844654428,3.178257379
1782841269.026780844,2.602340450,1.903187945,3.200796568
1782841269.028245449,2.607705623,1.923651305,3.211821487
1782841269.029905319,2.615843067,1.952923344,3.211687298
1782841269.031608343,2.618980508,1.970911597,3.206575670
1782841269.033897638,2.613080635,1.993156158,3.213004101
1782841269.038472414,2.614783489,2.010011272,3.211828275
1782841269.040071487,2.594599483,2.057380413,3.188311327
1782841269.041538000,2.586125344,2.071803003,3.178592511
1782841269.043523550,2.572594698,2.085532891,3.161261957
1782841269.045081139,2.565839282,2.092697257,3.146879654
1782841269.049342632,2.557090173,2.107631005,3.144389873
1782841269.051699400,2.543705287,2.163631604,3.165154799
1782841269.053373098,2.542477757,2.189640670,3.183994359
1782841269.055943012,2.546977096,2.196140466,3.209491250
1782841269.056805849,2.551096228,2.242424457,3.244632819
1782841269.058276415,2.555357772,2.254718987,3.260485625
1782841269.063394070,2.556984257,2.271232781,3.255486375
1782841269.065183163,2.554947097,2.322138400,3.249799938
1782841269.066642046,2.549991154,2.338031232,3.247404413
1782841269.068478346,2.551145730,2.340789461,3.232119402
1782841269.069903851,2.535710972,2.365645064,3.217920078
1782841269.075840473,2.537808571,2.364681955,3.197959396
1782841269.076719046,2.527755029,2.422138387,3.143195826
1782841269.078302860,2.529574570,2.431560378,3.133805502
1782841269.081039667,2.533012377,2.438622965,3.132773327
1782841269.081981897,2.541421932,2.494033337,3.157342529
1782841269.083379984,2.550599476,2.501464698,3.176206044
1782841269.088497877,2.545800243,2.525765012,3.203123239
1782841269.089945793,2.542366029,2.584122059,3.250556933
1782841269.091754198,2.582346049,2.557842821,3.296268413
1782841269.093540668,2.583395216,2.593275221,3.330604751
1782841269.094883919,2.609121026,2.619171164,3.355652532
1782841269.100994349,2.641139543,2.616245175,3.358528772
1782841269.102005005,2.655316196,2.666347419,3.372230984
1782841269.103426933,2.660614026,2.660485987,3.381864645
1782841269.105021477,2.647808581,2.661775527,3.388051298
1782841269.106600046,2.635642511,2.668460623,3.386100424
1782841269.111920357,2.635275740,2.657699125,3.389135211
1782841269.113396883,2.618165920,2.665633006,3.381958893
1782841269.115065813,2.602022356,2.670119316,3.391521936
1782841269.116761446,2.594231834,2.668127867,3.394509696
1782841269.118542194,2.590941489,2.674693694,3.403160244
1782841269.119903803,2.577289850,2.689111474,3.419394221
1782841269.126018047,2.577649994,2.688034470,3.441092103
1782841269.126965046,2.592679932,2.716024461,3.497041784
1782841269.128360271,2.607790648,2.700854881,3.510199420
1782841269.129944801,2.615388222,2.691666823,3.515356995
1782841269.131593227,2.607005182,2.699086713,3.496151080
1782841269.138391495,2.623052176,2.680476888,3.493633785
1782841269.139981747,2.631638311,2.652013589,3.448834481
1782841269.141650200,2.636822752,2.631581290,3.453484620
1782841269.143422604,2.638039096,2.626222717,3.446370992
1782841269.145005703,2.650808592,2.598408258,3.457922589
1782841269.150846243,2.666072174,2.594789247,3.459186600
1782841269.151709795,2.716230522,2.594982249,3.473083025
1782841269.153295517,2.726128192,2.561611371,3.495986711
1782841269.155969143,2.738861153,2.519066920,3.529610634
1782841269.156840801,2.733131294,2.532265003,3.535114646
1782841269.158206463,2.746738189,2.481006356,3.564848781
1782841269.163271666,2.741828976,2.480228680,3.569273808
1782841269.164956808,2.751209688,2.451229077,3.611022377
1782841269.166640043,2.759550368,2.411740635,3.642461919
1782841269.168382645,2.769434508,2.423367708,3.655459154
1782841269.169944763,2.774313681,2.388406472,3.697815205
1782841269.174036026,2.777117066,2.393919346,3.706542871
1782841269.174889326,2.773039231,2.413615925,3.731584324
1782841269.176572561,2.760509683,2.444814230,3.738684040
1782841269.178322315,2.750978932,2.405967606,3.776388713
1782841269.181085110,2.758942232,2.351288925,3.823751036
1782841269.181940556,2.739514057,2.385327980,3.837431908
1782841269.183286667,2.744479662,2.328721839,3.881742610
1782841269.188386917,2.742400504,2.332312838,3.886552231
1782841269.189999580,2.721545478,2.303841530,3.915609263
1782841269.191683054,2.709316547,2.265242366,3.938670567
1782841269.193504095,2.704391735,2.271765885,3.930057614
1782841269.195065022,2.682175251,2.233751855,3.953524827
1782841269.200938463,2.672795192,2.237126446,3.939843514
1782841269.201801777,2.596340510,2.256967013,3.883733382
1782841269.203226328,2.585510561,2.195189857,3.901325811
1782841269.204885721,2.570091503,2.157452890,3.914833448
1782841269.206694603,2.546208197,2.174101154,3.895407103
1782841269.213431597,2.539200641,2.118651286,3.904943292
1782841269.215022087,2.520322802,2.092371265,3.902727447
1782841269.216688395,2.500840443,2.054619828,3.922388499
1782841269.218480349,2.503884095,2.056655179,3.916062225
1782841269.220058680,2.490095607,2.033131431,3.917517770
1782841269.225979090,2.480901151,2.026826400,3.913973029
1782841269.226890087,2.457981204,2.018455991,3.920317771
1782841269.228253126,2.462053609,1.982763568,3.953112687
1782841269.229949236,2.453227042,1.964975566,3.984648422
1782841269.231667995,2.445615855,1.975971382,4.010949675
1782841269.237514496,2.450057192,1.946015051,4.043588247
1782841269.238275290,2.452864015,1.940394546,4.072010311
1782841269.239965439,2.451137983,1.927941975,4.090705407
1782841269.241658688,2.445645934,1.916413343,4.104449714
1782841269.243496180,2.450506027,1.910081537,4.106708726
1782841269.245061874,2.444871077,1.898141055,4.113053232
1782841269.250965118,2.453763747,1.889712997,4.111411748
1782841269.251821995,2.459675611,1.896955784,4.090254496
1782841269.253212214,2.461700284,1.884268525,4.086433944
1782841269.254888058,2.457992539,1.885313302,4.086200524
1782841269.256699085,2.451425806,1.898870926,4.070823679
1782841269.263475180,2.453598242,1.882397067,4.067584938
1782841269.265053988,2.445568233,1.886847647,4.045817648
1782841269.266733170,2.439990317,1.879105012,4.040431750
1782841269.268509626,2.435795400,1.881611653,4.030648821
1782841269.270096540,2.431625241,1.873610152,4.018535682
1782841269.275958300,2.423490585,1.877343578,4.007196650
1782841269.276818991,2.390647547,1.886911143,3.957687281
1782841269.278248787,2.385156975,1.873555631,3.945334046
1782841269.279908895,2.375929596,1.872211599,3.926304190
1782841269.281617880,2.356530813,1.878012742,3.901885429
1782841269.283854485,2.345985500,1.863106140,3.882341755
1782841269.288442850,2.327108905,1.852888515,3.857482998
1782841269.289975882,2.274325707,1.840888419,3.793100170
1782841269.291575193,2.259216010,1.829160006,3.775622690
1782841269.293494463,2.244381827,1.813275200,3.761457547
1782841269.295057535,2.233029913,1.808533114,3.752515987
1782841269.299362898,2.216451479,1.794650943,3.733518246
1782841269.300120592,2.165978593,1.764797883,3.679073961
1782841269.301587105,2.148216188,1.760218860,3.676638699
1782841269.303424120,2.131364360,1.746688924,3.665981720
1782841269.306016207,2.122197046,1.740244125,3.659371144
1782841269.306878567,2.106064892,1.732142464,3.653574399
1782841269.308197737,2.101117336,1.727520269,3.645979678
1782841269.313443184,2.092053153,1.714672959,3.634465018
1782841269.315016508,2.083589048,1.700236229,3.612988438
1782841269.316692829,2.086746773,1.697500313,3.611759569
1782841269.318488359,2.087382022,1.687761527,3.611968689
1782841269.320053339,2.088620610,1.681904623,3.611625881
1782841269.325981617,2.091738876,1.673823496,3.617148991
1782841269.326851845,2.097349790,1.647765146,3.639632341
1782841269.328211069,2.099225596,1.645024419,3.641543528
1782841269.331000328,2.100299210,1.642501307,3.643781712
1782841269.331871510,2.099655107,1.625269443,3.647833389
1782841269.333221197,2.096929733,1.628190987,3.646680950
1782841269.338245630,2.100244478,1.624210396,3.640380512
1782841269.339898109,2.098542311,1.623810746,3.626048394
1782841269.341568947,2.100795311,1.623919283,3.620542698
1782841269.343515158,2.108578288,1.619152026,3.616192626
1782841269.345070601,2.109254264,1.623834550,3.606014081
1782841269.350919962,2.108841741,1.626689894,3.600047272
1782841269.351785183,2.109722980,1.627473153,3.566381043
1782841269.353354216,2.109895213,1.633959961,3.552277223
1782841269.356039762,2.100813017,1.633569346,3.534541483
1782841269.356912851,2.101707418,1.631916517,3.517674817
1782841269.358268261,2.093497723,1.633902912,3.504614960
1782841269.361254215,2.093938718,1.634580625,3.491793683
1782841269.361998320,2.086542311,1.630398850,3.471654602
1782841269.363420963,2.077231560,1.631603389,3.462345386
1782841269.365002871,2.075225590,1.631404449,3.447974410
1782841269.366678953,2.065977540,1.630739549,3.434969873
1782841269.368439436,2.061454589,1.629126282,3.419478004
1782841269.369991064,2.051862834,1.626332392,3.404148492
1782841269.375909090,2.042041634,1.623399703,3.390937428
1782841269.376817226,2.014685932,1.602374344,3.353469883
1782841269.378385782,2.006397597,1.606091869,3.347957262
1782841269.380005836,1.996979832,1.601880267,3.334620454
1782841269.381692648,1.980972737,1.592920867,3.325542824
1782841269.388410091,1.968940293,1.593851803,3.317183079
1782841269.389986992,1.945079163,1.582755263,3.301118131
1782841269.391661644,1.930470976,1.576906468,3.288944474
1782841269.393508673,1.923964572,1.573706872,3.284478643
1782841269.394895554,1.918309181,1.565842055,3.281960790
1782841269.400946617,1.914251781,1.566082518,3.282721706
1782841269.401818514,1.898458257,1.529130203,3.281740550
1782841269.403410196,1.901729690,1.521709275,3.284256555
1782841269.405974150,1.906119253,1.529282635,3.288842596
1782841269.406827211,1.904064943,1.515857297,3.297057602
1782841269.408275604,1.911869228,1.519548272,3.299272471
1782841269.413428783,1.915275577,1.513546275,3.303703187
1782841269.415012360,1.929561274,1.513011624,3.317134927
1782841269.416679621,1.940740464,1.511938286,3.323058571
1782841269.418496609,1.942062477,1.501717442,3.322933018
1782841269.420092106,1.949743026,1.507760629,3.336202529
1782841269.422458649,1.952313236,1.502376461,3.339240291
1782841269.425975800,1.960288810,1.487648535,3.348174097
1782841269.427016258,1.971694832,1.474950848,3.342012253
1782841269.428228378,1.978603828,1.477715599,3.347841117
1782841269.430066109,1.981302460,1.487225294,3.330305996
1782841269.431720734,1.989159630,1.484063902,3.340073203
1782841269.437272787,1.993618998,1.499243821,3.331832196
1782841269.438360691,1.992092751,1.499856835,3.326202094
1782841269.439933777,1.994495410,1.509513498,3.321401853
1782841269.441620111,1.990785756,1.516847218,3.316703827
1782841269.443530083,1.988658836,1.517966454,3.313827812
1782841269.445093155,1.986461198,1.518271543,3.304069706
1782841269.451023579,1.984215376,1.519516071,3.301290424
1782841269.451882839,1.967159690,1.502390479,3.260251783
1782841269.453219652,1.961774929,1.502505740,3.243365442
1782841269.454921007,1.952358446,1.509223421,3.236777758
1782841269.456710100,1.946328285,1.499921735,3.223357224
1782841269.463430882,1.934371939,1.509240505,3.212407033
1782841269.464998007,1.913166947,1.501423609,3.187743760
1782841269.466689587,1.910043220,1.495843302,3.176981226
1782841269.468389511,1.904522713,1.496149312,3.166535348
1782841269.470055580,1.900938660,1.483360754,3.157513421
1782841269.475994587,1.892730943,1.491362407,3.148696226
1782841269.476880789,1.883293482,1.486207084,3.128024173
1782841269.478253841,1.879693963,1.500192622,3.120900949
1782841269.479916811,1.872562328,1.499247471,3.117527999
1782841269.481657505,1.872177786,1.491745689,3.114681956
1782841269.488417625,1.873177240,1.499150104,3.108947151
1782841269.489960194,1.875141850,1.478191190,3.109979704
1782841269.491548061,1.878139082,1.480424524,3.120154005
1782841269.493514776,1.884966305,1.489733158,3.129003777
1782841269.495089293,1.885840849,1.495741699,3.137530909
1782841269.497837782,1.889017244,1.492229629,3.145106099
1782841269.498640299,1.893963410,1.489687583,3.162062648
1782841269.500957012,1.891728299,1.482742924,3.165480306
1782841269.501877546,1.896277400,1.472238537,3.168033013
1782841269.503238916,1.895405220,1.479160704,3.168572917
1782841269.504908323,1.895863589,1.482124940,3.170122881
1782841269.506692171,1.896622437,1.472144632,3.174533901
1782841269.513436079,1.891556060,1.476790657,3.167796943
1782841269.515041590,1.893575057,1.468710914,3.174393093
1782841269.516705990,1.891071627,1.471903032,3.174019859
1782841269.518544912,1.886086240,1.461391686,3.168361876
1782841269.519890785,1.883595775,1.449675189,3.162558585
1782841269.526024580,1.884179670,1.453449977,3.156693976
1782841269.526899576,1.887248693,1.425669630,3.152590287
1782841269.528228283,1.890097285,1.432569513,3.147421371
1782841269.529892683,1.890422660,1.440277230,3.139152725
1782841269.531621933,1.892817373,1.432322529,3.134612848
1782841269.538439512,1.885900192,1.442156711,3.120085434
1782841269.540049553,1.866707370,1.438773538,3.072170884
1782841269.541733503,1.859260882,1.448058025,3.057536956
1782841269.543466091,1.857575565,1.447718200,3.047396164
1782841269.545028687,1.845737155,1.456747600,3.033414999
1782841269.550943851,1.840937248,1.454255415,3.019842292
1782841269.551808119,1.823397951,1.438078093,2.999644251
1782841269.553393602,1.818602711,1.444299922,2.991052600
1782841269.555979729,1.808123337,1.451770817,2.979249953
1782841269.556855917,1.787583941,1.438962080,2.956940078
1782841269.558300018,1.777315773,1.444661005,2.947389302
1782841269.561064005,1.762991356,1.444540020,2.935288797
1782841269.561933279,1.747148681,1.438699551,2.926395380
1782841269.563369513,1.739144830,1.439981973,2.924684054
1782841269.564943790,1.725318110,1.437454467,2.911999313
1782841269.566604137,1.718660483,1.444893806,2.901233892
1782841269.568444729,1.708692065,1.436706421,2.890611258
1782841269.570013523,1.701424037,1.444056754,2.885386754
1782841269.575920582,1.698202297,1.439806959,2.881285833
1782841269.576835871,1.693213667,1.426712272,2.870339154
1782841269.578420162,1.683158090,1.425696152,2.856010817
1782841269.580981016,1.679134579,1.433318016,2.849573690
1782841269.581842899,1.663758673,1.417357583,2.825353622
1782841269.583295822,1.650915779,1.420122854,2.809995854
1782841269.588320017,1.636521892,1.409934396,2.794488242
1782841269.589892626,1.620671903,1.389653018,2.763468886
1782841269.591547728,1.609358609,1.382047641,2.744998025
1782841269.593482018,1.596004772,1.364103967,2.727355524
1782841269.595057487,1.588020862,1.358206105,2.709391121
1782841269.600985765,1.575965001,1.336981346,2.693326462
1782841269.601845026,1.538126273,1.272891368,2.658254612
1782841269.603276253,1.534034759,1.264857704,2.650585206
1782841269.604949236,1.527782907,1.260215246,2.641497344
1782841269.606592417,1.527611257,1.235896066,2.631354405
1782841269.613439322,1.523670474,1.234618452,2.620648529
1782841269.615027428,1.513231189,1.211077962,2.593811322
1782841269.616672754,1.512531724,1.212852528,2.582408636
1782841269.618495226,1.511731610,1.201341548,2.577201284
1782841269.620079041,1.512983335,1.209244878,2.565452109
1782841269.622802258,1.511888523,1.202326925,2.560543522
1782841269.623551607,1.512389536,1.198027582,2.566211670
1782841269.625905514,1.512440236,1.198534893,2.572227928
1782841269.626762152,1.522703073,1.188902356,2.574196550
1782841269.628344297,1.531374671,1.203479490,2.571051539
1782841269.631007433,1.534901910,1.225374088,2.563031663
1782841269.631865740,1.550826250,1.220146658,2.570817269
1782841269.633219004,1.556705154,1.251648548,2.567338646
1782841269.637961388,1.564741993,1.253362496,2.573802996
1782841269.638721943,1.574138859,1.263885888,2.578520592
1782841269.640057564,1.586799956,1.259650038,2.577271164
1782841269.641631842,1.592840410,1.283808863,2.568127559
1782841269.643402815,1.594877227,1.320118328,2.556696832
1782841269.645004511,1.604028508,1.345759937,2.540712937
1782841269.650815248,1.607776548,1.352931881,2.543982964
1782841269.651687860,1.624040829,1.353721646,2.543441632
1782841269.653355122,1.632141760,1.381618773,2.532752052
1782841269.655985832,1.622646168,1.418469375,2.513903872
1782841269.656840086,1.623358570,1.408114419,2.503203498
1782841269.658303022,1.617987033,1.443488603,2.480278980
1782841269.663398266,1.611383503,1.449371891,2.476072450
1782841269.664977551,1.598958154,1.474184657,2.456259745
1782841269.666635752,1.591889842,1.494036262,2.435342243
1782841269.668385267,1.583879091,1.496882329,2.426442604
1782841269.670089006,1.580172272,1.508900237,2.402293590
1782841269.675906181,1.572575819,1.509006157,2.393831663
1782841269.676780701,1.550299249,1.487705887,2.354840886
1782841269.678356171,1.543328768,1.497892576,2.334140713
1782841269.680982113,1.529477122,1.516125932,2.303199844
1782841269.681858063,1.529270725,1.500730640,2.294053468
1782841269.683231354,1.513050847,1.520243463,2.274322287
1782841269.688250303,1.507808737,1.510290961,2.262259417
1782841269.689941406,1.483563936,1.506499022,2.229212262
1782841269.691602707,1.478095962,1.508391792,2.212374792
1782841269.693490982,1.469647941,1.502709184,2.211197558
1782841269.695046902,1.461249411,1.505025462,2.189645107
1782841269.698110819,1.455895446,1.495589382,2.184763254
1782841269.698869705,1.441873487,1.484213614,2.180951521
1782841269.700944901,1.435092305,1.478986649,2.178677211
1782841269.701809406,1.442992294,1.467064794,2.183526320
1782841269.703419685,1.438289325,1.466750842,2.168756256
1782841269.706003189,1.428892964,1.476485205,2.157431406
1782841269.706876278,1.434826382,1.456040423,2.160236435
1782841269.708212852,1.429956979,1.466084113,2.143531074
1782841269.713414431,1.422051335,1.455540538,2.139345659
1782841269.714964151,1.419744832,1.448266572,2.106672234
1782841269.716618299,1.422490523,1.447290883,2.096177612
1782841269.718496323,1.420777287,1.440875971,2.086683609
1782841269.720063210,1.416948174,1.447317293,2.064853281
1782841269.725932360,1.417905430,1.443570563,2.064277424
1782841269.726782799,1.417764344,1.427633713,2.054651254
1782841269.728362083,1.414723618,1.432346541,2.041132283
1782841269.731064796,1.409010525,1.451695032,2.038541722
1782841269.731938124,1.414268753,1.440250046,2.041100621
1782841269.733280182,1.409604385,1.456931028,2.032063162
1782841269.738437891,1.410162581,1.457852909,2.032897746
1782841269.739996195,1.410571331,1.465995694,2.020781059
1782841269.741651773,1.410602989,1.477672332,2.009523522
1782841269.743491173,1.411470339,1.477235950,2.005885791
1782841269.745053291,1.411803770,1.484864247,1.994655924
1782841269.750940561,1.411014265,1.482016737,1.988769507
1782841269.751850843,1.415983625,1.482628541,1.975443055
1782841269.753217936,1.414186687,1.500014399,1.970357418
1782841269.754884005,1.409764155,1.507631632,1.958803381
1782841269.756675243,1.405458366,1.500563045,1.953287621
1782841269.762102842,1.403113582,1.510363980,1.947238452
1782841269.763293982,1.433952245,1.481392965,1.930451701
1782841269.764971256,1.427445079,1.480846311,1.917114496
1782841269.766635656,1.403498306,1.476708107,1.899806958
1782841269.768418312,1.374574500,1.472648322,1.892057724
1782841269.769983292,1.349702697,1.466872900,1.891881880
1782841269.775848866,1.337903504,1.467024735,1.891554543
1782841269.776707649,1.320992923,1.442600767,1.902084704
1782841269.778334618,1.318804247,1.434782086,1.901375896
1782841269.781026363,1.320974083,1.433656526,1.897699435
1782841269.781904221,1.322772256,1.424221146,1.899761071
1782841269.783244371,1.318259370,1.421255463,1.889212387
1782841269.788443327,1.318445797,1.421519168,1.881675894
1782841269.790005207,1.316207714,1.419695726,1.866646749
1782841269.791695833,1.315567724,1.415875095,1.859737308
1782841269.793488503,1.317479748,1.408998013,1.856259887
1782841269.794914007,1.309646527,1.401542430,1.850576511
1782841269.800928593,1.310140849,1.398094527,1.848006183
1782841269.801790476,1.293212388,1.355690343,1.846089614
1782841269.803355694,1.288639158,1.348773180,1.846515390
1782841269.805990219,1.286673585,1.348134353,1.843113959
1782841269.806840181,1.283586901,1.334232339,1.832999712
1782841269.808325291,1.284226329,1.329067875,1.831075931
1782841269.813368082,1.277629929,1.320824335,1.822258175
1782841269.814934492,1.273513426,1.308541515,1.815164694
1782841269.816618204,1.272805132,1.303633545,1.805562628
1782841269.818464994,1.274471492,1.302295392,1.804230007
1782841269.820034742,1.274473192,1.293539485,1.798450736
1782841269.825324297,1.276109579,1.293268679,1.792024040
1782841269.826672077,1.275048358,1.277527301,1.785685823
1782841269.828413725,1.273199307,1.279043455,1.780048891
1782841269.831057787,1.270765307,1.282446746,1.779700516
1782841269.831917763,1.270669863,1.275158721,1.775303902
1782841269.833245754,1.270902325,1.284676681,1.768207304
1782841269.838412285,1.263348825,1.283641555,1.766134774
1782841269.839962006,1.258472732,1.282717677,1.755200778
1782841269.841626406,1.256942660,1.280625241,1.749205774
1782841269.843479395,1.254601473,1.279353635,1.746554683
1782841269.845059872,1.254887555,1.283195986,1.743153814
1782841269.850895882,1.253005926,1.285300860,1.736088194
1782841269.851753235,1.249169814,1.293780338,1.729324478
1782841269.853363991,1.252483373,1.300629007,1.732090609
1782841269.855992794,1.250732331,1.303408575,1.732210866
1782841269.856855392,1.249165802,1.305674911,1.737939979
1782841269.858202457,1.250321478,1.308669025,1.740359917
1782841269.863468170,1.253095750,1.310410884,1.740325248
1782841269.865019560,1.423764181,1.260308868,1.617679436
1782841269.866670847,1.487864060,1.308904123,1.563276259
1782841269.868537426,1.631425856,1.248449032,1.533228279
1782841269.869890690,1.336452744,1.354849476,1.740725141
1782841269.875916481,1.520826974,1.316764943,1.598001245
1782841269.876775742,1.450383745,1.347356304,1.595545465
1782841269.878336906,1.441583315,1.337736206,1.604517996
1782841269.881061077,1.458744373,1.338776887,1.588686356
1782841269.881937265,1.454861516,1.333832829,1.601941412
1782841269.883286238,1.445167853,1.334760509,1.609455215
1782841269.887140274,1.444087470,1.327994860,1.604979666
1782841269.888395786,1.437348463,1.328410878,1.619685482
1782841269.890000582,1.423443387,1.321213199,1.629837854
1782841269.891689062,1.418127723,1.324593995,1.641915227
1782841269.893476009,1.410976910,1.321954659,1.652299215
1782841269.895042896,1.400811116,1.322902542,1.664720455
1782841269.900895119,1.401572687,1.321594318,1.674368261
1782841269.901760101,1.361319777,1.317557821,1.697693354
1782841269.903331757,1.353019267,1.310793343,1.699807885
1782841269.905232906,1.346144341,1.313633182,1.698460839
1782841269.906745672,1.342129262,1.310174334,1.698981788
1782841269.908335447,1.335965169,1.311787861,1.694788655
1782841269.913432121,1.327391069,1.310369886,1.689214216
1782841269.915018082,1.314490858,1.292542105,1.675080170
1782841269.916706085,1.318231226,1.288978629,1.671229558
1782841269.918530703,1.319331790,1.274403430,1.671277876
1782841269.919876337,1.327696451,1.270212949,1.664440834
1782841269.925958157,1.330412101,1.262963992,1.657346503
1782841269.926822662,1.331746536,1.243605007,1.629445747
1782841269.928271770,1.333839202,1.239314113,1.623224909
1782841269.929957390,1.333224284,1.240668157,1.618543754
1782841269.931627989,1.335966764,1.233117791,1.613023755
1782841269.933893681,1.334444839,1.235126202,1.598574264
1782841269.938524485,1.341477794,1.237849646,1.597532141
1782841269.939867973,1.359435248,1.232437633,1.584352701
1782841269.941673994,1.365143053,1.236126677,1.582317947
1782841269.943519592,1.372617309,1.232829698,1.575672117
1782841269.944868803,1.378004713,1.234489960,1.572628464
1782841269.948935509,1.384387402,1.232936581,1.566937804
1782841269.949920177,1.396989658,1.241076862,1.567213736
1782841269.951686382,1.399377813,1.237287609,1.560049705
1782841269.953219414,1.407878882,1.242048799,1.555755078
1782841269.954895973,1.444337659,1.211758186,1.482698559
1782841269.956716299,1.465910013,1.234022106,1.563940219
1782841269.963464022,1.515009394,1.218017900,1.514397066
1782841269.965035200,1.465019045,1.267977013,1.488153460
1782841269.966691494,1.453361706,1.272629941,1.492145874
1782841269.968547106,1.432990901,1.274820779,1.507531803
1782841269.969887495,1.426740002,1.274313835,1.500154278
1782841269.975939512,1.409620748,1.272485792,1.508396910
1782841269.976795912,1.383924814,1.240883821,1.515874814
1782841269.978346348,1.376275207,1.233493674,1.524282472
1782841269.981025457,1.374597017,1.222199382,1.513116758
1782841269.981929541,1.369215403,1.221254347,1.518344659
1782841269.983330488,1.365547774,1.208652411,1.518206816
1782841269.988562107,1.360035839,1.203484209,1.520202384
1782841269.989904165,1.354312021,1.182724178,1.526984689
1782841269.991695881,1.350180793,1.172315881,1.527586701
1782841269.993504524,1.345661477,1.166878186,1.527652048
1782841269.995052338,1.339568036,1.167134890,1.530487417
1782841270.000802994,1.330537503,1.156773290,1.523142256
1782841270.001711369,1.326301756,1.151356584,1.513514883
1782841270.003355742,1.324636798,1.150234643,1.513344516
1782841270.005983591,1.325009578,1.145442189,1.502093474
1782841270.006855488,1.331078561,1.143689153,1.491004771
1782841270.008285999,1.335331836,1.147934383,1.485877605
1782841270.011236191,1.336560288,1.144244897,1.477676544
1782841270.012048006,1.340100831,1.143329276,1.467297497
1782841270.013487816,1.344048116,1.143029066,1.455947642
1782841270.014950752,1.353335299,1.141201895,1.453362637
1782841270.016659260,1.352346508,1.148893226,1.440320094
1782841270.018513918,1.359905945,1.150476448,1.430288539
1782841270.019926310,1.364738448,1.145097570,1.420107570
1782841270.025946140,1.372034136,1.149052954,1.413507076
1782841270.026804686,1.379744586,1.150128682,1.401238099
1782841270.028363228,1.381977720,1.147564661,1.393223181
1782841270.030992508,1.386681605,1.148600357,1.389470901
1782841270.031841755,1.394110091,1.138737581,1.382237492
1782841270.033214569,1.397784214,1.147313755,1.374655540
1782841270.038302898,1.402334675,1.149780232,1.367443270
1782841270.039874077,1.418476180,1.162771961,1.353076398
1782841270.041655779,1.417936152,1.167000680,1.346204874
1782841270.043514013,1.414217950,1.162666906,1.342179696
1782841270.045097113,1.415606336,1.161885789,1.330412271
1782841270.051007509,1.420451512,1.161182880,1.326394164
1782841270.051867008,1.428431971,1.156810789,1.305216504
1782841270.053421259,1.427994540,1.147875740,1.296942211
1782841270.056062937,1.428768437,1.152597096,1.286778381
1782841270.056915283,1.422254071,1.148816059,1.277463881
1782841270.058240175,1.425899524,1.150561626,1.270747409
1782841270.063509703,1.426843802,1.140956844,1.260403851
1782841270.065070391,1.431862230,1.137344016,1.247453432
1782841270.066748857,1.432619550,1.132725528,1.237871317
1782841270.068569899,1.426629551,1.129493989,1.227585231
1782841270.069904804,1.425949943,1.113969611,1.212941046
1782841270.073868990,1.433482990,1.111605143,1.206415678
1782841270.075901270,1.431316793,1.091936910,1.173308854
1782841270.076853037,1.425759335,1.076761079,1.142650518
1782841270.078327417,1.430675756,1.076200032,1.130382322
1782841270.079913855,1.429677944,1.068566149,1.117447208
1782841270.081531763,1.436718132,1.060077120,1.108558195
1782841270.090779781,1.435663003,1.026805015,1.063638267
1782841270.091749907,1.433447712,1.018278158,1.059933581
1782841270.093273163,1.428682331,1.002860522,1.048665815
1782841270.095016956,1.431267131,0.993450653,1.052569369
1782841270.100960493,1.424743195,0.978329712,1.042217544
1782841270.101839542,1.367813912,0.912388479,1.049445094
1782841270.103278399,1.324403132,0.897453408,1.061198128
1782841270.104972124,1.269196760,0.885768122,1.059229965
1782841270.106679201,1.221149676,0.877624863,1.068661234
1782841270.113466501,1.159551398,0.873171748,1.069605306
1782841270.115020037,1.074194837,0.832323864,1.065879483
1782841270.116683722,1.074552094,0.808296031,1.057568147
1782841270.118521690,1.064059500,0.782115103,1.044461432
1782841270.120100975,1.076745376,0.761944955,1.028385145
1782841270.126074553,1.086466232,0.731187880,1.007217789
1782841270.127106190,1.125222557,0.660092275,0.902211978
1782841270.128300428,1.129415447,0.642480323,0.869842406
1782841270.129882097,1.132012334,0.638263470,0.843957646
1782841270.131705046,1.133959155,0.625299437,0.810521378
1782841270.135891914,1.142223651,0.617142327,0.774669144
1782841270.136643648,1.143565020,0.588221078,0.717658987
1782841270.138444901,1.144273523,0.573600860,0.685229317
1782841270.140053988,0.809923305,0.616511103,0.878288483
1782841270.141724110,0.366765607,0.647770147,1.222172068
1782841270.143466473,0.458929727,0.657264783,1.182351316
1782841270.145047188,0.831014476,0.581901863,0.877903062
1782841270.150942326,1.040507483,0.536737401,0.661689814
1782841270.151804209,0.625424136,0.538837335,0.839766527
1782841270.153408527,0.644668690,0.520375272,0.803454888
1782841270.156014204,0.691806740,0.491186277,0.731050941
1782841270.156884909,0.687422791,0.470701458,0.694544729
1782841270.158216238,0.609776058,0.459516385,0.731513569
1782841270.163465023,0.514558019,0.442231690,0.769419015
1782841270.165028095,0.442631315,0.411290913,0.768273286
1782841270.166692734,0.448358541,0.392272648,0.725127999
1782841270.168562889,0.410149369,0.369279394,0.708519127
1782841270.169901133,0.348767453,0.355722752,0.726259718
1782841270.175923824,0.274998587,0.346330591,0.755120497
1782841270.176784754,0.171413280,0.287357846,0.704561076
1782841270.178224802,0.127312223,0.276072923,0.719388442
1782841270.179893970,0.094756157,0.249980323,0.707584931
1782841270.181746721,0.086450720,0.234052981,0.685553565
1782841270.183868408,0.076846533,0.206993242,0.660386743
1782841270.188491106,0.049405201,0.201326809,0.658263009
1782841270.190113783,-0.000252345,0.197460616,0.658927286
1782841270.191547394,0.005880392,0.204361568,0.662483744
1782841270.193513393,-0.001420438,0.205617907,0.631676141
1782841270.195070982,-0.005990842,0.199397610,0.604537155
1782841270.199301720,-0.019637469,0.196129455,0.593801070
1782841270.200108290,-0.033413814,0.197181921,0.545766310
1782841270.201768398,-0.034263869,0.207566108,0.527098164
1782841270.203434229,-0.038984379,0.205520890,0.508337049
1782841270.204888582,-0.036925129,0.209410022,0.476564131
1782841270.206618309,-0.031818517,0.202398131,0.445656150
1782841270.213309288,-0.036948536,0.186412907,0.424795798
1782841270.215048552,-0.070532463,0.157644721,0.373951500
1782841270.216581583,-0.089545133,0.150308779,0.359424147
1782841270.218524933,-0.071598066,0.110091559,0.286626157
1782841270.220079184,0.022404627,0.027675994,0.165945433
1782841270.226012707,-0.159126948,0.048672200,0.236928312
1782841270.226867199,-0.195891235,0.009786880,0.174554805
1782841270.228236914,-0.274669107,-0.004194197,0.125174817
1782841270.229910851,-0.248043154,0.000021106,0.137065323
1782841270.231572866,-0.268606801,-0.008909919,0.139270225
1782841270.238464355,-0.238455736,-0.014341219,0.114408467
1782841270.239890099,-0.178071061,-0.025490650,0.083063568
1782841270.241672993,-0.195695325,-0.021785291,0.084338161
1782841270.243537903,-0.182116447,-0.041414725,0.075896778
1782841270.244890213,-0.204781109,-0.045943628,0.089207206
1782841270.250928640,-0.191553487,-0.043350444,0.083346052
1782841270.251806021,-0.161874138,-0.040384041,0.069254563
1782841270.253372908,-0.169392354,-0.035662246,0.072065180
1782841270.256064415,-0.157072594,-0.030929355,0.067359753
1782841270.256916046,-0.099706446,-0.004146013,0.043398058
1782841270.258276701,-0.019032439,0.012678543,0.007168270
1782841270.261021376,-0.246402167,0.030602089,0.113353476
1782841270.261787415,-0.014358310,0.021840985,-0.007517634
1782841270.263442755,-0.144552855,0.039247502,0.065653462
1782841270.265015602,-0.176412669,0.034472292,0.058007741
1782841270.266678095,-0.048753629,0.026312628,-0.001455341
1782841270.268470049,-0.202392364,0.035062393,0.070155374
1782841270.270029783,-0.126537740,0.016389831,0.031183889
1782841270.275921583,-0.111484388,0.013489150,0.019339664
1782841270.276778936,-0.129980704,0.003033585,0.026982821
1782841270.278340816,-0.126077538,0.008049425,0.026528304
1782841270.281053066,-0.163699230,0.014023534,0.055922708
1782841270.281897306,-0.130484619,0.023023660,0.054550109
1782841270.283246517,-0.149652483,0.024073971,0.055392502
1782841270.288424253,-0.118689262,0.021841421,0.043178471
1782841270.290014744,-0.136885296,0.020007161,0.046180785
1782841270.291692257,-0.131407071,0.019458302,0.043047993
1782841270.293494225,-0.138999063,0.025173026,0.052485504
1782841270.295067310,-0.136469810,0.013911003,0.046674098
1782841270.300954580,-0.136492949,0.012057475,0.046492221
1782841270.301811218,-0.139522820,0.012127004,0.041486671
1782841270.303259611,-0.142260949,0.013083646,0.037908495
1782841270.304916382,-0.143305195,0.015438304,0.039245562
1782841270.306683302,-0.141386524,0.018845729,0.038518556
1782841270.313576698,-0.141777753,0.017468124,0.034287919
1782841270.315115690,-0.133626467,0.018159545,0.036001642
1782841270.316690445,-0.131064627,0.014452424,0.037915483
1782841270.318541050,-0.132014543,0.014682088,0.036535046
1782841270.319901943,-0.134325605,0.013357410,0.027925184
1782841270.323081255,-0.132857998,0.016021448,0.032053890
1782841270.323897600,-0.134215771,0.013145384,0.027844627
1782841270.325982571,-0.128375254,0.012432272,0.032424273
1782841270.326884270,-0.133300107,0.012881978,0.029596236
1782841270.328238726,-0.131859424,0.015346144,0.027637107
1782841270.329912424,-0.133107471,0.011632309,0.030566400
1782841270.331707001,-0.130449294,0.015378658,0.029006444
1782841270.338495255,-0.131854729,0.010812719,0.024699476
1782841270.340063810,-0.138365293,0.010133324,0.023574733
1782841270.341635942,-0.133832912,0.014161868,0.023025678
1782841270.343519211,-0.136282442,0.013323443,0.023304804
1782841270.344887018,-0.139103317,0.013542898,0.019437104
1782841270.350927114,-0.134376003,0.014886455,0.023226022
1782841270.351789474,-0.138609430,0.018121064,0.018966002
1782841270.353357792,-0.139715935,0.016641069,0.015893353
1782841270.356069326,-0.136436409,0.010947140,0.010077441
1782841270.356949806,-0.136078184,0.017593071,0.011888889
1782841270.358285189,-0.134609186,0.019884253,0.014426233
1782841270.363391161,-0.135018050,0.018227360,0.015917266
1782841270.364948750,-0.134408040,0.017111411,0.014011269
1782841270.366621971,-0.134666400,0.019201478,0.015089555
1782841270.368490219,-0.131785928,0.018819912,0.015614100
1782841270.370060444,-0.133865170,0.019598404,0.013526422
1782841270.375926018,-0.131630577,0.016805577,0.013097323
1782841270.376789808,-0.133147172,0.019181062,0.014487103
1782841270.378385305,-0.133163371,0.018845298,0.009059826
1782841270.381070614,-0.134905157,0.018986497,0.013400117
1782841270.381922245,-0.133910713,0.014832898,0.012533838
1782841270.383246422,-0.132357103,0.013096832,0.012982435
1782841270.385032415,-0.135161295,0.015255307,0.012599550
1782841270.388429880,-0.130237431,0.016877288,0.017418857
1782841270.390048504,-0.132434130,0.015453676,0.010315564
1782841270.391714811,-0.129225940,0.013935699,0.011387396
1782841270.393524408,-0.133088112,0.012846429,0.013916896
1782841270.394872427,-0.136108920,0.011290807,0.012859149
1782841270.400172234,-0.134174472,0.014915428,0.009075396
1782841270.401712656,-0.135115289,0.010377472,0.003979603
1782841270.403459311,-0.135196705,0.013786925,0.009216729
1782841270.404891253,-0.133279875,0.016593622,0.007896293
1782841270.406710148,-0.134276682,0.019544223,0.005701030
1782841270.413391113,-0.131973186,0.017680461,0.007838128
1782841270.414950848,-0.129928698,0.017143765,0.011521302
1782841270.416639566,-0.130713602,0.013575748,0.012459186
1782841270.418489218,-0.131194928,0.013855658,0.005784418
1782841270.420070887,-0.132499276,0.010455489,0.013501654
1782841270.425949812,-0.132517994,0.009551115,0.010764187
1782841270.426818371,-0.128958605,0.009388849,0.010217058
1782841270.428241491,-0.134184341,0.010824215,0.009935079
1782841270.429919243,-0.136648748,0.007051956,0.006506823
1782841270.431741238,-0.137058176,0.008748397,0.008404698
1782841270.438464880,-0.134541209,0.010413185,0.006030324
1782841270.440065384,-0.134435532,0.011815276,0.006123764
1782841270.441730022,-0.137466683,0.009197457,0.007354796
1782841270.443570137,-0.138998939,0.010775201,0.006888955
1782841270.444904566,-0.134847165,0.012405128,0.005291869
1782841270.447644234,-0.139669612,0.010805188,0.005152371
1782841270.448384047,-0.137089826,0.014983336,0.005854050
1782841270.450949907,-0.139907412,0.015336479,0.005217470
1782841270.451818705,-0.136561865,0.014610697,0.004127176
1782841270.453414202,-0.137608584,0.018469057,0.005206738
1782841270.456065655,-0.137524649,0.012100129,0.004603630
1782841270.456941366,-0.135924831,0.012113065,0.005622598
1782841270.458276749,-0.137432975,0.015399296,0.005562092
1782841270.462803125,-0.138958036,0.015136709,0.004684841
1782841270.463588238,-0.139429140,0.017635852,0.009491001
1782841270.464966297,-0.134892104,0.016536578,0.008536127
1782841270.466546774,-0.137211409,0.014929472,0.006190776
1782841270.468483925,-0.137322688,0.011414153,0.005340354
1782841270.470092297,-0.134374453,0.011945964,0.004031298
1782841270.475935221,-0.137209562,0.015288229,0.009202041
1782841270.476792097,-0.136482451,0.005479341,0.012354055
1782841270.478373289,-0.136272315,0.009917388,0.011406830
1782841270.481072426,-0.134759846,0.008433417,0.011850208
1782841270.481947660,-0.135158141,0.011580446,0.014738466
1782841270.483306885,-0.136860744,0.009175583,0.010861051
1782841270.488388062,-0.140754010,0.009126891,0.007557403
1782841270.489956141,-0.139022158,0.008656933,0.006217730
1782841270.491630793,-0.146532027,0.024468716,0.006664828
1782841270.493449688,-0.139361059,0.037338706,0.013614977
1782841270.494906425,-0.151211924,0.044158337,0.013823170
1782841270.500964165,-0.150287825,0.058392278,0.026453119
1782841270.501837730,-0.177026208,0.096809591,0.075435621
1782841270.503230095,-0.163674752,0.100755197,0.088079275
1782841270.504922390,-0.181700076,0.104363307,0.125847305
1782841270.506678581,-0.188703172,0.109998307,0.153403364
1782841270.509312391,-0.206697986,0.107450652,0.172012636
1782841270.510093689,-0.222488859,0.086552783,0.202635525
1782841270.513433456,-0.207626508,0.058811645,0.194181648
1782841270.515051603,-0.215313735,0.053252965,0.192208249
1782841270.516714811,-0.224054482,0.049034211,0.196203164
1782841270.518444300,-0.190009464,0.052062251,0.193912510
1782841270.520020962,-0.183515717,0.053104232,0.197189004
1782841270.524813890,-0.177644111,0.100248017,0.221081175
1782841270.525609016,-0.096295527,0.163035716,0.402167886
1782841270.526603937,-0.073186729,0.209005609,0.509726632
1782841270.528439283,0.003477585,0.282040531,0.607100595
1782841270.529909611,0.039647895,0.362473631,0.695568596
1782841270.531689405,0.099013270,0.416159792,0.754225126
1782841270.538478851,0.145229960,0.451257671,0.755751954
1782841270.540043354,0.184350607,0.582115529,0.868837716
1782841270.541730881,0.189397376,0.627322589,0.925744624
1782841270.543573141,0.204729468,0.653209654,0.966923221
1782841270.544903755,0.249629722,0.697795539,1.055575202
1782841270.551016569,0.195084859,0.709184243,1.100707837
1782841270.551874876,0.280324343,0.806678571,1.308278080
1782841270.553211212,0.240839814,0.816430206,1.380791985
1782841270.556773663,0.301056558,0.801588647,1.386854521
1782841270.563554287,0.366727926,0.811188175,1.384798337
1782841270.565107584,0.528787280,0.906630571,1.548212078
1782841270.566724300,0.569878209,0.915455663,1.565053987
1782841270.568515301,0.600901892,0.941236856,1.590283982
1782841270.570082903,0.622311603,0.956898252,1.629045373
1782841270.571929932,0.654489218,0.975721079,1.673041578
1782841270.575987577,0.671012667,0.991991020,1.706738854
1782841270.576848745,0.736836502,1.009063794,1.779136724
1782841270.578207016,0.722727784,1.019866831,1.811571010
1782841270.579900265,0.792715284,1.004654665,1.825344667
1782841270.581718922,0.781083933,1.004033392,1.865838064
1782841270.586987495,0.768734265,1.024167098,1.890536402
1782841270.588561773,0.761346252,1.065042335,1.949246460
1782841270.589998960,0.759679282,1.061935730,1.981178887
1782841270.591551542,0.751617101,1.066253143,2.013440545
1782841270.593535423,0.752775206,1.082563155,2.029757867
1782841270.594918489,0.750623405,1.089343030,2.067331556
1782841270.600894928,0.749739410,1.105832768,2.077253570
1782841270.601772785,0.750791461,1.153144125,2.162528109
1782841270.603388309,0.737195143,1.156767773,2.191457937
1782841270.606050014,0.735384722,1.176746539,2.203156684
1782841270.606928587,0.547995735,0.846272889,2.187056409
1782841270.608263969,0.401652268,0.719393224,2.144967511
1782841270.613493681,0.515397278,0.972267724,2.183961735
1782841270.615053654,0.566516375,1.087612610,2.253866258
1782841270.616727114,0.609274956,1.089033759,2.286348561
1782841270.618543386,0.634135185,1.112411521,2.322429473
1782841270.619907856,0.615179276,1.087964131,2.341978510
1782841270.625995398,0.625896050,1.094517649,2.323005803
1782841270.626856327,0.690614568,1.167243675,2.419004636
1782841270.628423214,0.710645523,1.174920346,2.444113514
1782841270.631078720,0.716782939,1.189225080,2.462718167
1782841270.631969452,0.729892649,1.180816452,2.483202942
1782841270.633330107,0.737938050,1.194604905,2.492348590
1782841270.638486147,0.745104043,1.196248408,2.511964773
1782841270.640052319,0.753880349,1.209072403,2.540340749
1782841270.641724110,0.760986915,1.219396760,2.547981188
1782841270.643558979,0.763530737,1.214810801,2.558936063
1782841270.644897461,0.777318789,1.199437171,2.581653136
1782841270.648142815,0.774434830,1.216560074,2.585880860
1782841270.648881674,0.775857955,1.205984405,2.618307046
1782841270.650790691,0.775212500,1.203934169,2.633101004
1782841270.651660919,0.787670736,1.189182270,2.657792214
1782841270.653226137,0.802421789,1.196956387,2.667473516
1782841270.656058550,0.800845302,1.222798225,2.677414946
1782841270.656911850,0.815758765,1.202290718,2.697183451
1782841270.658261299,0.813991229,1.232196034,2.699768097
1782841270.663211584,0.818108323,1.232423247,2.714926081
1782841270.665004492,0.842966375,1.256997679,2.732866500
1782841270.666695118,0.856285114,1.277821443,2.722088646
1782841270.668509007,0.861628427,1.279058714,2.725251902
1782841270.669864893,0.881967720,1.270693065,2.730822045
1782841270.675943136,0.877349131,1.310587339,2.717335831
1782841270.676804781,0.899920853,1.300214850,2.742793908
1782841270.678382158,0.914809320,1.323041770,2.728944330
1782841270.681010485,0.906228670,1.364786272,2.713873863
1782841270.681883335,0.928728193,1.356126218,2.718496111
1782841270.683219194,0.918458115,1.407430557,2.705867403
1782841270.688436747,0.921360302,1.409892092,2.705953538
1782841270.690008879,0.933289618,1.443771006,2.699782628
1782841270.691674948,0.938393482,1.485849237,2.676170431
1782841270.693603992,0.933388963,1.479309554,2.677670231
1782841270.694988489,0.954268492,1.464315154,2.675278670
1782841270.701004982,0.939101399,1.519535390,2.653873553
1782841270.701911211,0.972262453,1.518790693,2.673068062
1782841270.703269005,0.956987704,1.583625766,2.650356704
1782841270.704960585,0.968301534,1.633223936,2.631458573
1782841270.709140778,0.975856976,1.678232224,2.623438438
1782841270.709970236,0.981029096,1.687478499,2.632853523
1782841270.713425398,0.989896783,1.700048369,2.646851214
1782841270.715099335,1.010228638,1.738827574,2.644452595
1782841270.716564894,1.038447862,1.726440882,2.656941726
1782841270.718489647,1.031850535,1.767873764,2.647818115
1782841270.720057011,1.037240545,1.798442092,2.640153750
1782841270.725183487,1.047161321,1.787955802,2.651260606
1782841270.726633072,1.075664705,1.747910717,2.682598283
1782841270.728257179,1.068227860,1.781905344,2.668328931
1782841270.729912519,1.081358055,1.813988619,2.661243214
1782841270.731752872,1.112330584,1.816506151,2.675498569
1782841270.738441706,1.109131655,1.854805795,2.671703164
1782841270.740009546,1.196907279,1.936790823,2.736291114
1782841270.741694212,1.223027675,1.978888640,2.737514064
1782841270.743496895,1.246076949,1.997021470,2.769208088
1782841270.745074272,1.271937308,2.034932455,2.768192346
1782841270.750936270,1.294210378,2.057178730,2.795410929
1782841270.751797676,1.390675880,2.122122395,2.870782259
1782841270.753374815,1.420472321,2.165188088,2.878760091
1782841270.755985498,1.437431115,2.195666309,2.897459950
1782841270.756898403,1.497605470,2.247234584,2.939957448
1782841270.758297205,1.511838486,2.279928386,2.960943686
1782841270.763484716,1.541096206,2.303404634,2.982701292
1782841270.765033960,1.594606943,2.343506677,3.008443592
1782841270.766705513,1.624645289,2.364454604,3.011468994
1782841270.768521547,1.646884777,2.382093862,3.020772858
1782841270.770094872,1.677798639,2.400918152,3.028741152
1782841270.775950909,1.697403994,2.419949676,3.033529670
1782841270.776824951,1.767650980,2.495396050,3.056269328
1782841270.778397083,1.795889632,2.517938566,3.067836121
1782841270.781040907,1.812770134,2.518473208,3.102742587
1782841270.781916142,1.856167449,2.578082153,3.125608860
1782841270.783268213,1.879754260,2.573315721,3.169206600
1782841270.785940647,1.898566540,2.592057518,3.184405482
1782841270.786755562,1.916646092,2.615668044,3.206198025
1782841270.788427830,1.931487050,2.629420809,3.218376849
1782841270.790029049,1.963822667,2.625993233,3.246298705
1782841270.791675091,1.991854289,2.612384242,3.281144007
1782841270.793482542,2.008279037,2.625689700,3.281571714
1782841270.795066595,2.039464925,2.605256624,3.313902283
1782841270.800926924,2.056424994,2.619008430,3.309508175
1782841270.801803112,2.083625637,2.684342423,3.285930599
1782841270.803366184,2.099338944,2.650869277,3.316838157
1782841270.806065321,2.131577418,2.595689651,3.346378332
1782841270.806934118,2.118433665,2.617557080,3.336913476
1782841270.808259726,2.151476055,2.553633810,3.382905173
1782841270.813427687,2.153510228,2.567897092,3.381792329
1782841270.815002441,2.169807195,2.528494358,3.459966412
1782841270.816694260,2.177146344,2.459940282,3.532270983
1782841270.818492174,2.175316675,2.477167783,3.566580879
1782841270.820064545,2.184667219,2.405419342,3.663000115
1782841270.826012135,2.185780846,2.430094471,3.709630898
1782841270.826861382,2.149644700,2.537287023,3.850963061
1782841270.828231096,2.189131203,2.435558595,3.931592724
1782841270.829898119,2.201089149,2.358707248,4.014059778
1782841270.831716537,2.161573996,2.410573775,4.034842441
1782841270.838472843,2.214683997,2.298245192,4.112251010
1782841270.840063810,2.206193725,2.267805172,4.212454255
1782841270.841738224,2.208353655,2.195394845,4.274526964
1782841270.843556166,2.192028639,2.232531443,4.294690983
1782841270.844882250,2.135142736,2.316047745,4.313536714
1782841270.848108530,2.178391648,2.195758387,4.401288406
1782841270.850976467,2.156165394,2.272347067,4.508035057
1782841270.851891756,2.081936355,2.412482232,4.628605367
1782841270.853317738,2.131757181,2.282295631,4.738693449
1782841270.854912281,2.136930235,2.218115092,4.828725007
1782841270.856697798,2.083141778,2.322192224,4.864534551
1782841270.862794638,2.139040920,2.193170193,4.949246060
1782841270.863543272,2.145244420,2.311031092,5.042173554
1782841270.864882708,2.115460440,2.418082770,5.048710037
1782841270.866678715,2.220905348,2.193890976,5.155165941
1782841270.868494034,2.233451773,2.231121651,5.185349226
1782841270.870067120,2.281279894,2.181825572,5.252914811
1782841270.875948429,2.294741188,2.212567104,5.280207456
1782841270.876805067,2.302854436,2.363867170,5.375111928
1782841270.878231049,2.369769726,2.227518236,5.449534810
1782841270.881603956,2.376244603,2.228413327,5.496646959
1782841270.888497591,2.459184941,2.042102733,5.580074564
1782841270.889894485,2.451694608,2.182236352,5.670579095
1782841270.891702414,2.554582012,1.904127683,5.755722360
1782841270.893485308,2.569162546,1.908304955,5.770874870
1782841270.895089388,2.595247067,1.848833378,5.798992364
1782841270.900968790,2.608714675,1.855051349,5.806182592
1782841270.901833534,2.597940189,1.953418696,5.841792688
1782841270.903296947,2.635624583,1.785960384,5.880942006
1782841270.904892683,2.627724569,1.755103275,5.899920060
1782841270.910283804,2.613676036,1.738669279,5.898981766
1782841270.913451910,2.587150000,1.713634069,5.862737219
1782841270.915064812,2.511615256,1.748252995,5.785050842
1782841270.916688204,2.480536471,1.714795456,5.745405452
1782841270.918547392,2.460692936,1.660263384,5.700769738
1782841270.919998884,2.411789682,1.673359409,5.658557442
1782841270.925594807,2.384862897,1.648465834,5.620199700
1782841270.926607609,2.258824483,1.593627237,5.501826660
1782841270.928436995,2.218925645,1.593496598,5.436140675
1782841270.929900885,2.183215919,1.610236170,5.357062425
1782841270.931709051,2.145241460,1.573040760,5.276330446
1782841270.938494682,2.108537143,1.589568269,5.168739838
1782841270.940071821,1.941668253,1.505122124,4.760844665
1782841270.941748381,1.912802859,1.537247831,4.665286684
1782841270.943549871,1.863251613,1.513410045,4.597879775
1782841270.944866657,1.838632378,1.456628615,4.519867108
1782841270.950939417,1.789582248,1.520346970,4.417848104
1782841270.951788425,1.643212562,1.370342755,4.137993873
1782841270.953372478,1.627334039,1.411722230,4.034134966
1782841270.956082582,1.583338441,1.481043965,3.935526909
1782841270.956938982,1.578602538,1.435567890,3.861534411
1782841270.958263397,1.532081543,1.514724071,3.764310472
1782841270.963389874,1.506697585,1.489407661,3.701182343
1782841270.964950562,1.471608013,1.521829216,3.558641355
1782841270.966603994,1.470240623,1.581769756,3.484790697
1782841270.968518496,1.450316779,1.574247274,3.461989028
1782841270.970061302,1.462545979,1.636705785,3.400931152
1782841270.973306656,1.454526327,1.618020929,3.380040429
1782841270.976049662,1.442599015,1.603226502,3.357879458
1782841270.976923704,1.487572334,1.552043011,3.332750813
1782841270.978294611,1.470080184,1.635776268,3.279240037
1782841270.979958296,1.490381007,1.698340182,3.228424957
1782841270.981613398,1.536886131,1.663700956,3.217284771
1782841270.988395929,1.517637333,1.749403971,3.174206499
1782841270.990003586,1.555268652,1.789380714,3.115999093
1782841270.991687059,1.570487461,1.843793408,3.071404587
1782841270.993501663,1.583435371,1.835646938,3.075633576
1782841270.995075703,1.591736080,1.883241815,3.030054509
1782841271.000935555,1.596106709,1.879419374,3.032436931
1782841271.001812220,1.665320689,1.835637891,3.053908706
1782841271.003369570,1.691295626,1.892846167,2.987199974
1782841271.006096601,1.662474513,1.954086424,2.971226621
1782841271.006980419,1.712651352,1.911914328,2.979065655
1782841271.008341789,1.696831411,1.969539759,2.954048196
1782841271.013429165,1.707207255,1.960263714,2.961366122
1782841271.015003920,1.718742964,1.982863976,2.938547401
1782841271.016666651,1.724741161,2.019704826,2.914117390
1782841271.018503189,1.729937286,2.011330153,2.924566922
1782841271.020073414,1.733652506,2.049752630,2.907467911
1782841271.025940418,1.736049789,2.043492363,2.923313565
1782841271.026808500,1.794840597,2.036780255,2.952671757
1782841271.028376579,1.801937533,2.074851381,2.936054551
1782841271.031067371,1.800356803,2.127113257,2.936020556
1782841271.031946898,1.858501497,2.122157830,2.965685395
1782841271.033282995,1.856558490,2.179041939,2.959426710
1782841271.036093950,1.880463255,2.189452209,2.975404353
1782841271.036918879,1.912678498,2.197188929,2.999306490
1782841271.038441181,1.943164897,2.204295841,3.021017862
1782841271.040031433,1.962182110,2.257937971,3.014115273
1782841271.041709900,1.975409045,2.321306559,3.017082417
1782841271.043480873,2.010254585,2.333407992,3.046167120
1782841271.045061827,2.020822870,2.397086914,3.044407230
1782841271.050911665,2.048293218,2.404788756,3.065519377
1782841271.051778078,2.131154484,2.426297108,3.126853093
1782841271.053352594,2.136796506,2.490294488,3.122227007
1782841271.056091309,2.129886100,2.574088006,3.122487183
1782841271.056963205,2.175275658,2.584510810,3.137161191
1782841271.058303356,2.174224735,2.660706850,3.144743110
1782841271.063444614,2.205484797,2.680623051,3.153947453
1782841271.065002203,2.255965022,2.767224983,3.181737417
1782841271.066667080,2.276845411,2.815585818,3.188289724
1782841271.068563223,2.301281084,2.844073099,3.207317920
1782841271.069932461,2.346180073,2.860559606,3.221565077
1782841271.075936079,2.346897135,2.904354605,3.240984079
1782841271.076812267,2.438783696,2.987861487,3.298844917
1782841271.078375816,2.440120918,3.016805744,3.318464687
1782841271.081092596,2.445140114,3.034694201,3.332008580
1782841271.081956625,2.448818498,3.054301778,3.352757803
1782841271.083574772,2.457660586,3.061270036,3.375652323
1782841271.088526964,2.467661643,3.083031872,3.394340962
1782841271.090010881,2.468393528,3.121414596,3.442010028
1782841271.091605425,2.462196629,3.106635649,3.489151109
1782841271.093615055,2.483055362,3.093813553,3.530164474
1782841271.094946384,2.465595334,3.111910152,3.573115340
1782841271.098367691,2.492160945,3.086268765,3.618711723
1782841271.102222204,2.496788801,3.133086712,3.664708169
1782841271.103410721,2.465884126,3.170242762,3.728289743
1782841271.104996920,2.454036393,3.143819924,3.802553542
1782841271.106573820,2.440131972,3.096725134,3.893587497
1782841271.113438845,2.485093850,3.049365488,3.961425912
1782841271.114996433,2.467204673,3.076338890,4.153763117
1782841271.116667986,2.452724400,3.023754539,4.214040877
1782841271.118517399,2.438481183,3.054748194,4.237441216
1782841271.120079279,2.441041357,3.009687169,4.301033555
1782841271.125900745,2.425453833,3.039052573,4.318598800
1782841271.126762629,2.345827141,3.169521988,4.401630720
1782841271.128334284,2.343206212,3.134168013,4.470360892
1782841271.131027460,2.394644394,3.079292937,4.539326669
1782841271.131992340,2.365798621,3.134577469,4.576515023
1782841271.133389950,2.423715438,3.075250212,4.658583378
1782841271.138461590,2.434477220,3.113142876,4.700126858
1782841271.140071392,2.488673827,3.136564556,4.851948296
1782841271.141747713,2.518269234,3.107589053,4.948858249
1782841271.143596649,2.551315000,3.154329691,5.000468366
1782841271.144936562,2.537980479,3.230927961,5.055898416
1782841271.151092052,2.625623927,3.179392050,5.134096128
1782841271.152055740,2.718715751,3.388319081,5.294534445
1782841271.156125307,2.828398035,3.249315760,5.404947239
1782841271.157057285,2.868810219,3.352404809,5.487853604
1782841271.161134481,2.949847538,3.280049007,5.562482127
1782841271.162383318,3.008711698,3.331686321,5.632806636
1782841271.163604259,3.041232626,3.362606355,5.664374484
1782841271.165052891,3.035855390,3.410018861,5.692485102
1782841271.166922569,3.066477981,3.432274611,5.724427990
1782841271.168770075,3.129398467,3.377286966,5.789244319
1782841271.170107603,3.187454544,3.396723444,5.816102026
1782841271.171950102,3.300270479,3.314263100,5.862295641
1782841271.173402309,3.317262808,3.360757198,5.883446636
1782841271.175228119,3.358369464,3.375445987,5.904655682
1782841271.177051544,3.414657235,3.317294058,5.950839969
1782841271.178404808,3.427162023,3.326275208,5.967797822
1782841271.180005550,3.448304209,3.269425057,6.024201522
1782841271.181721210,3.479619004,3.205254637,6.078749509
1782841271.188520908,3.531862472,3.102366492,6.138729073
1782841271.190102339,3.546791211,3.031892721,6.280688661
1782841271.191582918,3.501160098,3.068146439,6.315013491
1782841271.193535805,3.536824300,2.936561968,6.364575492
1782841271.194883347,3.499307777,2.970196110,6.377826796
1782841271.200921297,3.533777244,2.837468324,6.413471304
1782841271.201785326,3.486236093,2.831096280,6.414648905
1782841271.203353882,3.494177336,2.713766541,6.446571378
1782841271.205996275,3.521207906,2.579235502,6.462437098
1782841271.206876516,3.461734187,2.567078602,6.457888840
1782841271.208277464,3.463156408,2.452129076,6.487939256
1782841271.213469028,3.450267914,2.422462146,6.485566729
1782841271.215042353,3.417106016,2.304079552,6.497005811
1782841271.216713428,3.387145975,2.213517030,6.496768796
1782841271.218563318,3.366414021,2.187184275,6.457756475
1782841271.219921827,3.343556528,2.160685322,6.435753401
1782841271.223567963,3.318393690,2.115391986,6.406584031
1782841271.225957632,3.293781341,2.054566671,6.367722549
1782841271.226837873,3.266546516,2.037084989,6.349211745
1782841271.228221655,3.258572154,1.985241693,6.323584631
1782841271.229902267,3.249004091,1.951393789,6.285453464
1782841271.231684685,3.230238525,1.918574173,6.236643773
1782841271.238520861,3.204626910,1.899224941,6.189244282
1782841271.240000248,3.150087064,1.779135107,5.960765436
1782841271.241559505,3.131765607,1.772454704,5.889396912
1782841271.243527412,3.099117966,1.790614935,5.822812364
1782841271.244882107,3.080231198,1.749853130,5.769232595
1782841271.250941515,3.036790153,1.761701773,5.703711799
1782841271.251799583,2.951550713,1.678612084,5.474521610
1782841271.253228188,2.900967646,1.709720075,5.375476164
1782841271.254907608,2.854222156,1.747857901,5.267707554
1782841271.256716728,2.829810785,1.727513288,5.163577010
1782841271.263484716,2.754209738,1.783813316,5.061856456
1782841271.265065908,2.559139657,1.790685082,4.727837246
1782841271.266738892,2.519601762,1.832304454,4.620647404
1782841271.268565178,2.481742727,1.805390019,4.564902390
1782841271.269909382,2.460741001,1.790112085,4.486068727
1782841271.275901794,2.404509515,1.852699836,4.419799263
1782841271.276767969,2.344832176,1.807777875,4.291046736
1782841271.278214693,2.305109464,1.869654921,4.237807103
1782841271.279899836,2.293745121,1.916802430,4.166364861
1782841271.281711102,2.312502725,1.892193087,4.123105437
1782841271.284847975,2.267249198,1.947245303,4.064640767
1782841271.288492203,2.235528720,1.915412313,3.988149070
1782841271.290071487,2.210101510,1.936640997,3.886742249
1782841271.291552782,2.218344757,1.908963203,3.841213342
1782841271.293587685,2.185473087,1.957486887,3.787974529
1782841271.294911623,2.197207110,1.935689210,3.750977559
1782841271.300324202,2.181343412,1.974338001,3.705569235
1782841271.301573515,2.185187759,1.908836485,3.646418688
1782841271.303433180,2.176098707,1.938678714,3.598937324
1782841271.304908991,2.155931750,1.978732556,3.573451442
1782841271.306543827,2.184520960,1.955231642,3.553085238
1782841271.313400030,2.156084267,2.000687860,3.532696370
1782841271.315001726,2.182374858,2.003029744,3.471631024
1782841271.316728830,2.195771251,2.037948197,3.439322118
1782841271.318542004,2.209807304,2.025152165,3.434827471
1782841271.319888830,2.244886695,2.007827047,3.421863198
1782841271.325951099,2.243366326,2.049083910,3.413086863
1782841271.326833248,2.324552847,2.048231307,3.443693722
1782841271.328403234,2.352073055,2.079743483,3.430390673
1782841271.331037760,2.348640044,2.134328533,3.447403386
1782841271.331915379,2.381715891,2.133483412,3.457880276
1782841271.333251238,2.385670771,2.182120535,3.467332579
1782841271.338473082,2.410414317,2.192002637,3.490916386
1782841271.340046883,2.443247776,2.238990873,3.504800899
1782841271.341722488,2.466688489,2.283091654,3.504888852
1782841271.343566895,2.480668520,2.291879395,3.508861291
1782841271.344902039,2.521809435,2.298272589,3.504333525
1782841271.347170115,2.521587067,2.355270917,3.504204270
1782841271.350970745,2.539912584,2.371241185,3.503730555
1782841271.351843834,2.617071351,2.395763830,3.503148990
1782841271.353415489,2.632391185,2.429962810,3.496915320
1782841271.356084347,2.627856335,2.473052054,3.490137904
1782841271.356945038,2.660474039,2.468154357,3.498388033
1782841271.358277798,2.658962114,2.510972626,3.497964048
1782841271.362305164,2.666167448,2.511341434,3.497412609
1782841271.363383770,2.682443046,2.512732539,3.513496180
1782841271.364994764,2.686512643,2.530996505,3.515497128
1782841271.366671562,2.689676596,2.545796278,3.527401881
1782841271.368478775,2.703957434,2.547595326,3.531290860
1782841271.370052576,2.695799886,2.555270011,3.554502465
1782841271.375963688,2.707258732,2.555921215,3.559756245
1782841271.376826048,2.735204692,2.579502103,3.649072041
1782841271.378413916,2.724734504,2.593306197,3.696744405
1782841271.381110430,2.729058561,2.617081140,3.735757756
1782841271.381988764,2.737706835,2.626378754,3.782126396
1782841271.383353710,2.741117620,2.649158534,3.822554764
1782841271.388432980,2.732931786,2.674886237,3.834187080
1782841271.390002728,2.724599722,2.708468815,3.903483039
1782841271.391671658,2.703721981,2.710269971,3.941374029
1782841271.393640757,2.696390322,2.747261479,3.941092712
1782841271.394980192,2.670176920,2.781243881,3.964952459
1782841271.400992393,2.670961839,2.784734776,3.984025257
1782841271.401870251,2.647973977,2.985713569,4.113808357
1782841271.406157732,2.648960624,2.945862313,4.213978471
1782841271.407092094,2.618526234,3.044207091,4.297896504
1782841271.413507223,2.624934349,3.041672659,4.346440592
1782841271.414994717,2.581790974,3.183587416,4.419347135
1782841271.416574717,2.572404129,3.188943373,4.477296156
1782841271.418582916,2.591266523,3.174667896,4.521803613
1782841271.419929743,2.564785494,3.233987186,4.541931069
1782841271.424678802,2.561898821,3.216404322,4.558513645
1782841271.425745010,2.539315246,3.292319433,4.637106451
1782841271.426811457,2.526402441,3.350417652,4.655930080
1782841271.428239107,2.574360499,3.318038105,4.720508508
1782841271.431702375,2.577844632,3.335686328,4.790003798
1782841271.438492298,2.649905146,3.311799936,4.848702369
1782841271.440116882,2.807216078,3.427940278,5.065734176
1782841271.441595316,2.817261266,3.475942838,5.100434192
1782841271.443617582,2.877955700,3.441562573,5.165718508
1782841271.444964886,2.888349221,3.486001894,5.198764749
1782841271.451008320,2.944657980,3.447183555,5.249694104
1782841271.451901913,3.016631921,3.528754418,5.302517206
1782841271.453269005,3.064187198,3.484017682,5.334938005
1782841271.454933882,3.089134425,3.455690341,5.365740157
1782841271.456585646,3.075337707,3.473989388,5.365296072
1782841271.463501930,3.141177251,3.422282144,5.377033803
1782841271.465077877,3.159975515,3.380765521,5.371109013
1782841271.466728210,3.148425364,3.322716289,5.389710683
1782841271.468554974,3.143985194,3.315608783,5.377222025
1782841271.470097065,3.131864869,3.248793704,5.407806371
1782841271.475946188,3.120643943,3.240165625,5.404118504
1782841271.476827621,3.049902831,3.234745173,5.391755096
1782841271.478395939,3.036588271,3.152470466,5.425069145
1782841271.481095314,3.063602657,3.037486649,5.463071197
1782841271.481952906,2.983791596,3.027803437,5.456869352
1782841271.483306885,2.997590073,2.901073755,5.487203972
1782841271.487110138,2.978910804,2.876664991,5.476525170
1782841271.488454342,2.957551305,2.847752355,5.455092995
1782841271.490041256,2.924008802,2.756209253,5.483680947
1782841271.491712332,2.888495555,2.658829447,5.495217098
1782841271.493562698,2.862318561,2.626131860,5.458760015
1782841271.494894743,2.803871991,2.607539623,5.422949157
1782841271.500946999,2.794638365,2.479300553,5.398505471
1782841271.501855373,2.668512261,2.361975104,5.264029927
1782841271.503300667,2.656263153,2.252619101,5.247560036
1782841271.504863977,2.611553899,2.167287795,5.237405600
1782841271.506742477,2.559894330,2.140129822,5.203966716
1782841271.513464689,2.545289901,2.058982121,5.180442126
1782841271.515040636,2.443106208,1.868601366,4.982435482
1782841271.516696215,2.420558122,1.820156479,4.918314180
1782841271.518500090,2.396202739,1.772652546,4.850154260
1782841271.520099401,2.372960715,1.739012040,4.774415188
1782841271.525963068,2.347117191,1.705384504,4.707349213
1782841271.526942730,2.256481376,1.606701546,4.501506537
1782841271.528281212,2.218911285,1.586541267,4.439967963
1782841271.529942989,2.195894233,1.572798079,4.376435555
1782841271.531753063,2.188161376,1.534774724,4.330008592
1782841271.533278465,2.159047120,1.538216502,4.290277160
1782841271.538502216,2.138654102,1.508999423,4.259003658
1782841271.540088892,2.124486870,1.462253438,4.174383580
1782841271.541536808,2.139262530,1.428910884,4.156127016
1782841271.543552876,2.131067797,1.449143651,4.134211890
1782841271.544879436,2.159299935,1.421273362,4.127065440
1782841271.548574686,2.143250190,1.447592489,4.113099764
1782841271.550982714,2.148239695,1.421734031,4.123402213
1782841271.551850796,2.178248338,1.400321974,4.122104629
1782841271.553405046,2.195954496,1.426973415,4.108163656
1782841271.556083441,2.192562414,1.470942014,4.104995685
1782841271.556946278,2.232757511,1.452276442,4.117588468
1782841271.558266640,2.232942058,1.498900378,4.110712262
1782841271.563517332,2.249664493,1.503885140,4.124447441
1782841271.564868450,2.315386838,1.511597623,4.134197144
1782841271.566646576,2.341482947,1.603393475,4.103372277
1782841271.568565130,2.364098425,1.619686982,4.106391126
1782841271.569896936,2.411927120,1.620023023,4.097739180
1782841271.575952768,2.423510233,1.672297250,4.085581777
1782841271.576827526,2.520736233,1.706148624,4.100271178
1782841271.578397036,2.537912817,1.740759709,4.092585194
1782841271.581111670,2.537888391,1.777447133,4.104442085
1782841271.581977129,2.565198293,1.775576514,4.122294365
1782841271.583306074,2.568856182,1.814955040,4.146735954
1782841271.588416338,2.580312881,1.816830657,4.162185238
1782841271.589978695,2.610672170,1.839652723,4.169163255
1782841271.591632605,2.622809048,1.864402423,4.174789848
1782841271.593618155,2.641479642,1.888817461,4.185453447
1782841271.594949722,2.667044601,1.891636042,4.185563020
1782841271.601027250,2.673429563,1.916762118,4.200703706
1782841271.601900816,2.748529708,1.996877521,4.398888722
1782841271.603231192,2.757364658,2.035208949,4.476803844
1782841271.606616735,2.777223302,2.058560053,4.568983961
1782841271.611093521,2.795017916,2.094280718,4.658412162
1782841271.611903191,2.841340710,2.153807215,4.800229854
1782841271.613494873,2.863495225,2.192366002,4.863735879
1782841271.614915609,2.873614499,2.226590311,4.912095901
1782841271.616692781,2.876120156,2.257383927,4.959198479
1782841271.618524313,2.889187165,2.303864462,4.981165240
1782841271.620085239,2.895289499,2.335473102,5.012490926
1782841271.625868082,2.902278961,2.385642690,5.028612316
1782841271.628443718,2.915640369,2.555816308,5.112680511
1782841271.629920959,2.920261670,2.584661892,5.128244842
1782841271.631572485,2.919896278,2.636013278,5.149983028
1782841271.638442755,2.922440164,2.658394387,5.168859799
1782841271.640012264,2.885333318,2.800347361,5.157670139
1782841271.641723394,2.861993586,2.823601751,5.152514157
1782841271.643579960,2.856619377,2.850732221,5.122076036
1782841271.644908667,2.812148172,2.902355845,5.078227278
1782841271.651083708,2.795573770,2.892393828,5.042992371
1782841271.651942492,2.661973738,2.963931307,4.817275307
1782841271.653318167,2.635522575,2.934349234,4.773970697
1782841271.654965162,2.593512019,2.911130231,4.736484365
1782841271.656694174,2.538841110,2.950176397,4.690320836
1782841271.663450718,2.532447414,2.885455992,4.672739790
1782841271.665011883,2.461661758,2.851401587,4.640196343
1782841271.666689396,2.434399104,2.812384547,4.687609228
1782841271.668518543,2.429498312,2.826043777,4.708584142
1782841271.670082092,2.393109255,2.778081031,4.787639349
1782841271.672397852,2.380175658,2.789654058,4.811187140
1782841271.673299074,2.380011081,2.797878910,4.832250483
1782841271.675966024,2.383278607,2.797413252,4.835021907
1782841271.676856518,2.350876298,2.846982420,4.801795875
1782841271.681182146,2.359751007,2.645879938,4.890651009
1782841271.682119608,2.311527191,2.700414146,4.861332262
1782841271.683288097,2.309237613,2.695151916,4.854124189
1782841271.688452959,2.333615984,2.531532291,4.898928407
1782841271.689946651,2.257789521,2.563924331,4.897534278
1782841271.691721201,2.246152370,2.288716430,5.039703240
1782841271.693605900,2.249824577,2.275806728,5.040848199
1782841271.694948673,2.196451390,2.311354606,5.054999560
1782841271.701056004,2.217728458,2.131083915,5.108164581
1782841271.701916218,2.169374666,2.138686484,5.113383646
1782841271.703242064,2.187709985,1.976360041,5.159777146
1782841271.706637383,2.093957795,1.902016884,5.222007573
1782841271.713471413,2.103601551,1.758793022,5.261952573
1782841271.715100527,2.056489566,1.632443821,5.289261719
1782841271.716573477,2.002246670,1.652184437,5.292509448
1782841271.718587637,2.000682971,1.525188631,5.332697980
1782841271.719925880,1.963616391,1.528718772,5.334459421
1782841271.725986958,1.960089471,1.413944810,5.358304646
1782841271.726845980,1.888639770,1.365146815,5.280779786
1782841271.728405476,1.856441837,1.276225218,5.273942741
1782841271.731087208,1.845450558,1.195000434,5.263095406
1782841271.731956959,1.820907864,1.185568116,5.238914765
1782841271.733292818,1.807815906,1.119104028,5.207445732
1782841271.738461971,1.793388036,1.093457237,5.169935552
1782841271.740032673,1.758357462,1.015981518,5.096286007
1782841271.741713762,1.742216099,0.979962819,5.048920540
1782841271.743534803,1.721818097,0.956337652,4.992224952
1782841271.745094299,1.709002966,0.936276560,4.943550162
1782841271.750152111,1.680842255,0.915795276,4.897244453
1782841271.751622915,1.620461310,0.839862057,4.773478891
1782841271.753271103,1.603431464,0.847438632,4.743822714
1782841271.754929066,1.609472493,0.847892001,4.719309578
1782841271.756574631,1.607993209,0.803079928,4.712021176
1782841271.763465166,1.598227217,0.823873602,4.702619610
1782841271.765046597,1.581248650,0.726129770,4.664779718
1782841271.766693115,1.618674735,0.741720389,4.615291227
1782841271.768574238,1.616927345,0.713125526,4.582790618
1782841271.769889593,1.653292423,0.664751274,4.530830098
1782841271.776011705,1.659065736,0.707801021,4.474842918
1782841271.776859522,1.701083602,0.598830176,4.296663087
1782841271.781111479,1.750114816,0.704629101,4.226266532
1782841271.782063484,1.773757759,0.640441848,4.172392029
1782841271.783262730,1.766401926,0.622049527,4.151280478
1782841271.788534403,1.758703634,0.680060136,4.120397741
1782841271.789875031,1.779068890,0.611852507,4.051987514
1782841271.791665316,1.808450799,0.729451147,3.989882811
1782841271.793582678,1.796620413,0.711445086,3.960917814
1782841271.794902086,1.819110202,0.675964247,3.918653621
1782841271.796844006,1.799098817,0.742346263,3.876324738
1782841271.800992489,1.781387860,0.728718414,3.846325222
1782841271.801867962,1.779013713,0.685633806,3.764429582
1782841271.803241491,1.747333798,0.746876787,3.722374037
1782841271.804903984,1.760047948,0.788405120,3.664341892
1782841271.806566238,1.771259477,0.755743530,3.613858669
1782841271.812047005,1.744144303,0.823726211,3.570495911
1782841271.813517570,1.669696275,0.807710305,3.455488490
1782841271.814867735,1.686613101,0.792757951,3.412525677
1782841271.816635847,1.686125301,0.894981111,3.359338699
1782841271.818581104,1.677512413,0.890320080,3.341774774
1782841271.819900513,1.690812067,0.863905204,3.323102504
1782841271.825952053,1.669233555,0.919078473,3.302674102
1782841271.826816320,1.705853912,0.892146228,3.319010495
1782841271.828381062,1.728520078,0.926193445,3.305474012
1782841271.831089020,1.739394635,0.979284707,3.316556151
1782841271.831941605,1.795051337,0.965467283,3.338271357
1782841271.833313704,1.803113539,1.021653650,3.354324768
1782841271.838488340,1.822685780,1.022875465,3.378064843
1782841271.840057611,1.874449269,1.072434344,3.412676399
1782841271.841708422,1.918267625,1.114098444,3.426642368
1782841271.843536615,1.942289223,1.121887529,3.453079475
1782841271.844885111,1.998005456,1.116868215,3.472463860
1782841271.851029396,2.016001598,1.173749237,3.498274048
1782841271.851905107,2.147670563,1.192904448,3.601211983
1782841271.853235722,2.156054186,1.246989472,3.622636977
1782841271.854918242,2.198848891,1.284409522,3.638301973
1782841271.856721163,2.250562617,1.290791947,3.674202680
1782841271.859159946,2.265887764,1.339765004,3.702902322
1782841271.860002995,2.292062415,1.350984901,3.746715671
1782841271.863506794,2.323389457,1.360182761,3.793014108
1782841271.864880085,2.369369973,1.371148088,3.836368870
1782841271.866668224,2.387466869,1.443003547,3.868980040
1782841271.868567705,2.419003118,1.462161067,3.915184006
1782841271.869893789,2.455955285,1.471586230,3.949705642
1782841271.874659300,2.477479308,1.517229900,3.987325417
1782841271.875420809,2.554309332,1.589003452,4.096336149
1782841271.876640797,2.588581693,1.610761272,4.129115202
1782841271.878268957,2.609780681,1.660720083,4.153624571
1782841271.879964352,2.627533306,1.710329508,4.181050618
1782841271.881755352,2.656127520,1.735663974,4.209481073
1782841271.888593197,2.668618714,1.778646520,4.228956904
1782841271.889947891,2.734635231,1.866172292,4.290701951
1782841271.891736507,2.736303885,1.915576360,4.306484129
1782841271.893521786,2.752156273,1.951246151,4.317642177
1782841271.895090580,2.755984053,1.992079490,4.333316293
1782841271.901096344,2.761381798,2.023011538,4.347388299
1782841271.901976109,2.795668859,2.183509037,4.467845981
1782841271.903313637,2.796987899,2.227656768,4.500744614
1782841271.906699181,2.778708288,2.263525088,4.545953208
1782841271.913551331,2.780163185,2.290587371,4.570176563
1782841271.915105343,2.743436097,2.457256551,4.603410392
1782841271.916711092,2.722644274,2.493659370,4.605151851
1782841271.918616295,2.719588221,2.509026086,4.599963805
1782841271.919953346,2.701680109,2.550335796,4.587674400
1782841271.921714306,2.701144011,2.564622713,4.572344267
1782841271.926098585,2.699568947,2.593836609,4.543394354
1782841271.926988363,2.674560138,2.679012334,4.513255524
1782841271.928381205,2.680393230,2.686795252,4.531983500
1782841271.929942369,2.666923479,2.702097565,4.561744901
1782841271.936859608,2.655357112,2.716139813,4.596754063
1782841271.938556671,2.628434317,2.789205156,4.623765493
1782841271.940026045,2.614731369,2.812622103,4.621294794
1782841271.941604614,2.597287607,2.824852349,4.612248301
1782841271.943565607,2.608120950,2.824547688,4.607544968
1782841271.944897175,2.599865663,2.866909121,4.598828037
1782841271.951066017,2.626586731,2.869047153,4.603689519
1782841271.951931953,2.702579950,2.980837861,4.620881013
1782841271.953306198,2.738145267,2.982690880,4.651095354
1782841271.956627607,2.703356534,3.002606352,4.704634073
1782841271.963509798,2.672393896,2.999864485,4.748996268
1782841271.964888096,2.713979072,3.053763609,4.894919380
1782841271.966698647,2.743326272,2.987287951,4.983259399
1782841271.968592882,2.778298583,3.007507106,5.021791450
1782841271.969968796,2.766099857,3.064513471,5.059945647
1782841271.976001263,2.819683887,3.006449634,5.118320487
1782841271.976868629,2.883300475,3.097372406,5.160836227
1782841271.981197357,2.899581136,2.952167307,5.251366873
1782841271.982140303,2.854794319,2.974722923,5.265104549
1782841271.983298540,2.850150519,2.955323757,5.265301846
1782841271.988489866,2.856116005,2.836195008,5.331832355
1782841271.990081787,2.785234320,2.723613130,5.417645926
1782841271.991545916,2.712350374,2.720583472,5.427137239
1782841271.993526936,2.711616643,2.591688433,5.453206099
1782841271.994879007,2.647054927,2.576169234,5.448445959
1782841271.997877598,2.645895130,2.453129188,5.458635834
1782841272.001016855,2.606874635,2.386971246,5.401811851
1782841272.001949310,2.510904507,2.323206681,5.339601937
1782841272.003347397,2.491940429,2.189265713,5.325825268
1782841272.004940033,2.430760931,2.086631637,5.328179724
1782841272.006783485,2.370563637,2.044832396,5.294116430
1782841272.013196468,2.343357081,1.942285584,5.269382101
1782841272.014966488,2.244579414,1.757173214,5.199100002
1782841272.016602755,2.209501469,1.678905905,5.181646671
1782841272.018549204,2.195438988,1.625451037,5.154452431
1782841272.019915581,2.165949216,1.568547475,5.132294054
1782841272.026001930,2.151976089,1.515086130,5.088376536
1782841272.026884317,2.103695928,1.330503480,4.911673486
