source_timestamp_sec,Fx,Fy,Fz
1782430324.009211779,-0.182124804,0.224914094,-0.123307557
1782430324.010347128,-0.185702243,0.223965281,-0.131569915
1782430324.012003422,-0.179631379,0.224657858,-0.131875658
1782430324.014632940,-0.177809685,0.228058846,-0.136870428
1782430324.015474796,-0.177753292,0.221819846,-0.138872579
1782430324.016919374,-0.179639223,0.225093891,-0.130459217
1782430324.022065401,-0.175021802,0.219172847,-0.139274210
1782430324.023609161,-0.171650848,0.227379778,-0.138478531
1782430324.025289774,-0.181348703,0.216914977,-0.146194199
1782430324.026925564,-0.176432711,0.217049818,-0.144748641
1782430324.028590918,-0.165946975,0.224145006,-0.155391905
1782430324.034253597,-0.171529171,0.222828312,-0.149054409
1782430324.035326958,-0.175364070,0.218872995,-0.156515029
1782430324.037010908,-0.172868670,0.218281622,-0.154125920
1782430324.039652109,-0.166549457,0.221644542,-0.158287416
1782430324.040535450,-0.168987167,0.218444980,-0.162926962
1782430324.041873932,-0.168447264,0.214450624,-0.157301789
1782430324.047001600,-0.165987201,0.217421875,-0.162104606
1782430324.048569202,-0.160919195,0.213375757,-0.161559082
1782430324.050225258,-0.167976084,0.208320594,-0.171814488
1782430324.051907063,-0.160153762,0.213900685,-0.164985346
1782430324.053550720,-0.160338681,0.207779587,-0.173827416
1782430324.055979967,-0.167962646,0.212464713,-0.170710271
1782430324.056863546,-0.162474848,0.213486759,-0.170459126
1782430324.059293509,-0.159414121,0.208219018,-0.177512405
1782430324.060180902,-0.168346633,0.201732816,-0.181455372
1782430324.061976910,-0.163966885,0.201388693,-0.176179188
1782430324.064691305,-0.158309040,0.203656858,-0.179116103
1782430324.065540314,-0.163963744,0.201771716,-0.183937425
1782430324.066869259,-0.157080243,0.207196996,-0.177807566
1782430324.071207762,-0.156364753,0.204387350,-0.183150726
1782430324.072001219,-0.162331024,0.200724103,-0.176887216
1782430324.073696613,-0.159129252,0.202406101,-0.187084098
1782430324.075357199,-0.158265876,0.201888012,-0.181516382
1782430324.076930285,-0.159247314,0.196336708,-0.185267159
1782430324.078612566,-0.161105599,0.198370825,-0.188107760
1782430324.084266663,-0.167076875,0.193902540,-0.189806401
1782430324.085399151,-0.163839440,0.196032602,-0.187941470
1782430324.086974621,-0.159819545,0.192219657,-0.191684428
1782430324.089677334,-0.155793576,0.190113404,-0.196541816
1782430324.090564251,-0.158673709,0.192712375,-0.195238527
1782430324.091905117,-0.159621941,0.192567531,-0.191458126
1782430324.097301483,-0.156795715,0.195993545,-0.191471482
1782430324.098633051,-0.154154981,0.198193115,-0.200591807
1782430324.100272894,-0.158310997,0.195495177,-0.196022085
1782430324.101932764,-0.158144975,0.194744781,-0.199864344
1782430324.103596926,-0.155031559,0.195012815,-0.204517780
1782430324.109401941,-0.155032631,0.191709094,-0.198287274
1782430324.110472202,-0.152990083,0.188952922,-0.192973085
1782430324.111936331,-0.152588486,0.191422500,-0.195447123
1782430324.113555670,-0.153301252,0.187899828,-0.204826252
1782430324.115346670,-0.158222892,0.191519691,-0.196958549
1782430324.118860245,-0.149626813,0.187857543,-0.195103793
1782430324.120401859,-0.153801915,0.194718374,-0.197258004
1782430324.122078896,-0.151661451,0.199710903,-0.200022058
1782430324.123713017,-0.156623062,0.189833760,-0.205156776
1782430324.125414848,-0.154370007,0.191969831,-0.200809414
1782430324.126953602,-0.155622000,0.191191775,-0.199754888
1782430324.128712654,-0.158790655,0.191271229,-0.206875225
1782430324.134422064,-0.154313091,0.192428520,-0.203095441
1782430324.135635614,-0.160587132,0.190435712,-0.197602706
1782430324.137073755,-0.152957557,0.191863349,-0.194773465
1782430324.138673306,-0.153964712,0.189860086,-0.204009022
1782430324.140340090,-0.154086841,0.190013957,-0.196402256
1782430324.147175550,-0.156470159,0.188358747,-0.195553117
1782430324.148572206,-0.152718492,0.190091799,-0.201281494
1782430324.150357962,-0.154604826,0.191125258,-0.194571400
1782430324.151893377,-0.155988030,0.190467403,-0.199474818
1782430324.153607607,-0.155990498,0.191813748,-0.202702361
1782430324.159265518,-0.160890528,0.191467791,-0.201290593
1782430324.160411358,-0.155747454,0.193878876,-0.195873487
1782430324.162030697,-0.156526935,0.192944806,-0.203218525
1782430324.164792061,-0.154124317,0.192810934,-0.205984287
1782430324.165857315,-0.161970266,0.189918160,-0.195439854
1782430324.167080879,-0.153128797,0.192147786,-0.199763605
1782430324.172157049,-0.156500022,0.192587390,-0.200673904
1782430324.173585892,-0.158536592,0.189275357,-0.202119212
1782430324.175332069,-0.158633767,0.193992751,-0.194048191
1782430324.176957846,-0.151997352,0.192067541,-0.197415969
1782430324.178573608,-0.152293069,0.192376138,-0.203866784
1782430324.182384729,-0.160278186,0.192515762,-0.197386324
1782430324.183901548,-0.157305900,0.194937282,-0.202706433
1782430324.185625792,-0.154678813,0.189191063,-0.196710443
1782430324.187103748,-0.153905806,0.191631003,-0.200469133
1782430324.189075708,-0.152995201,0.197645409,-0.201856774
1782430324.190503597,-0.154928488,0.192137207,-0.194499245
1782430324.192164898,-0.147543191,0.195459693,-0.201894871
1782430324.193769693,-0.155590409,0.191916691,-0.201878141
1782430324.195437431,-0.156124974,0.193008775,-0.194249627
1782430324.197055101,-0.152602691,0.192488964,-0.201830936
1782430324.198577881,-0.155487499,0.193981547,-0.198935629
1782430324.200260162,-0.156239350,0.191710664,-0.193630317
1782430324.201956272,-0.146707106,0.198020752,-0.200025895
1782430324.203565121,-0.155197432,0.194477550,-0.204985414
1782430324.209348679,-0.154271859,0.192021866,-0.189868178
1782430324.210379601,-0.151765188,0.194710286,-0.192519742
1782430324.211869478,-0.152550193,0.195778849,-0.199404556
1782430324.213678122,-0.158361419,0.191447838,-0.198406029
1782430324.215269327,-0.153973009,0.193792969,-0.194818453
1782430324.222214937,-0.152829169,0.193631103,-0.199793097
1782430324.223685503,-0.154357009,0.191335386,-0.195563908
1782430324.225413322,-0.147904254,0.198845720,-0.193704875
1782430324.226971626,-0.150298153,0.198651969,-0.202212402
1782430324.228572845,-0.158952103,0.199130560,-0.199748856
1782430324.234551907,-0.148815346,0.201514270,-0.189645273
1782430324.235687494,-0.156961115,0.197306627,-0.194370148
1782430324.236949205,-0.148182265,0.197479593,-0.192382847
1782430324.238665581,-0.153791239,0.201404677,-0.198742685
1782430324.240426779,-0.148276351,0.203055932,-0.193455835
1782430324.244876862,-0.147090479,0.199431860,-0.194976775
1782430324.245871782,-0.152546507,0.199503861,-0.190940501
1782430324.247124672,-0.144658765,0.198099582,-0.195672806
1782430324.248655796,-0.150635944,0.198023729,-0.200231025
1782430324.250293732,-0.148232112,0.202988104,-0.189778383
1782430324.252014399,-0.147981487,0.201902611,-0.196061067
1782430324.253583670,-0.146507613,0.198381548,-0.194266625
1782430324.259296894,-0.151155771,0.201604951,-0.188726403
1782430324.260531902,-0.150473946,0.202979684,-0.186884465
1782430324.261909485,-0.147152260,0.203384221,-0.196689452
1782430324.263577938,-0.152002126,0.205688245,-0.194368664
1782430324.265367985,-0.147868239,0.210826293,-0.186061903
1782430324.272105217,-0.145077363,0.202398022,-0.190909930
1782430324.273691893,-0.143520828,0.205459449,-0.198232798
1782430324.275329113,-0.149201455,0.203926866,-0.189705142
1782430324.276890516,-0.142665843,0.204444894,-0.193661739
1782430324.278559685,-0.151184602,0.204245274,-0.195442054
1782430324.284289598,-0.140737875,0.211177923,-0.185623036
1782430324.285406113,-0.142168559,0.206755365,-0.188341547
1782430324.287003994,-0.145716256,0.210025718,-0.195075805
1782430324.289698362,-0.141705451,0.212262873,-0.184528061
1782430324.290536404,-0.143440820,0.213203617,-0.185598997
1782430324.291893244,-0.140478192,0.212969924,-0.191022413
1782430324.297091007,-0.147760182,0.211160572,-0.186674421
1782430324.298657894,-0.146062646,0.212645148,-0.187923415
1782430324.300321341,-0.143057041,0.213095872,-0.183272148
1782430324.301918983,-0.138897714,0.215888044,-0.189755524
1782430324.303575039,-0.146761755,0.212086257,-0.185497719
1782430324.307554960,-0.140945751,0.215462789,-0.180395855
1782430324.309307098,-0.137532377,0.217163496,-0.181053774
1782430324.310424089,-0.143741627,0.214019205,-0.177519881
1782430324.312017679,-0.140201218,0.215267990,-0.184932059
1782430324.314650297,-0.142208512,0.219821200,-0.180137390
1782430324.315512896,-0.139407783,0.220182143,-0.175160652
1782430324.316942215,-0.139369500,0.219752835,-0.181727113
1782430324.322052956,-0.140040524,0.224575650,-0.183334271
1782430324.323613405,-0.142449739,0.222280577,-0.181916044
1782430324.325269461,-0.139045171,0.228430611,-0.173917578
1782430324.326900959,-0.137763889,0.220241052,-0.173094057
1782430324.328571796,-0.144274452,0.223043995,-0.180008555
1782430324.334266186,-0.146079658,0.221376338,-0.173249046
1782430324.335361004,-0.145341530,0.223083628,-0.171094776
1782430324.337001801,-0.140302385,0.227057129,-0.166906461
1782430324.339030504,-0.144156289,0.224992818,-0.171487070
1782430324.340290308,-0.145940215,0.230688341,-0.167146793
1782430324.347065210,-0.144552269,0.223748397,-0.163134826
1782430324.348636866,-0.143300060,0.225579763,-0.164859670
1782430324.350280285,-0.144777061,0.229997769,-0.165109497
1782430324.351920366,-0.146546464,0.229204624,-0.161517102
1782430324.353585243,-0.144668416,0.229894825,-0.163876076
1782430324.359382391,-0.142160388,0.235044278,-0.167940333
1782430324.360361576,-0.151060059,0.231774509,-0.163626866
1782430324.362042189,-0.147095340,0.233653659,-0.156579286
1782430324.364677191,-0.146439202,0.233883027,-0.160316194
1782430324.365544319,-0.144139665,0.235238501,-0.158796163
1782430324.366977692,-0.145004257,0.232156649,-0.153854023
1782430324.370688915,-0.145336457,0.234459761,-0.157606441
1782430324.371993542,-0.148892310,0.231551726,-0.153809778
1782430324.373581886,-0.146866026,0.235116047,-0.156889092
1782430324.375227928,-0.145795786,0.237260030,-0.158262969
1782430324.376947165,-0.146249942,0.238073070,-0.149852811
1782430324.378598690,-0.151647433,0.239459162,-0.151808902
1782430324.384264946,-0.148965700,0.239690145,-0.152185254
1782430324.385346889,-0.147776166,0.235751251,-0.154315009
1782430324.386982918,-0.147244084,0.239478442,-0.142034531
1782430324.389643192,-0.152116945,0.236138085,-0.144982403
1782430324.390478134,-0.153229766,0.238445641,-0.142660925
1782430324.391893148,-0.157381047,0.239944320,-0.138471581
1782430324.397101879,-0.143083018,0.243278040,-0.141008211
1782430324.398631811,-0.145233971,0.243670205,-0.137012288
1782430324.400274515,-0.145321752,0.244145681,-0.137371881
1782430324.401961803,-0.155127446,0.240638476,-0.136930728
1782430324.403586626,-0.146412564,0.247121879,-0.130413709
1782430324.409303188,-0.150124177,0.246320538,-0.138809514
1782430324.410387278,-0.153714654,0.243163557,-0.132678396
1782430324.412082911,-0.156438699,0.246823201,-0.127775884
1782430324.414687395,-0.154591292,0.242969529,-0.120971028
1782430324.415544033,-0.152898098,0.249074500,-0.128945828
1782430324.416864395,-0.159754576,0.243923022,-0.125821243
1782430324.422036648,-0.156554459,0.242661018,-0.124378782
1782430324.423623323,-0.160019739,0.244599341,-0.120516013
1782430324.425292492,-0.154134184,0.248282477,-0.116791772
1782430324.426959515,-0.158985551,0.245367509,-0.121114946
1782430324.428512096,-0.157259909,0.245785324,-0.117785240
1782430324.433038712,-0.164072688,0.249386071,-0.120992219
1782430324.433757544,-0.159027269,0.250341018,-0.119668069
1782430324.435196638,-0.162053893,0.248481278,-0.115979046
1782430324.436836481,-0.163991647,0.248813519,-0.108859116
1782430324.439699650,-0.156955476,0.250570698,-0.113087717
1782430324.440533876,-0.167489888,0.250459348,-0.112250213
1782430324.441863060,-0.161581697,0.249215296,-0.104060871
1782430324.447057009,-0.153074986,0.255031515,-0.111222659
1782430324.448611975,-0.159356097,0.246658839,-0.104373266
1782430324.450268030,-0.167189304,0.249202727,-0.109178667
1782430324.451908112,-0.163703751,0.250335423,-0.101181410
1782430324.453579664,-0.166874537,0.250854074,-0.104162699
1782430324.459302425,-0.161257972,0.248866514,-0.099590294
1782430324.460170984,-0.169794788,0.250601697,-0.098460304
1782430324.462043047,-0.163022132,0.250438382,-0.096795881
1782430324.464693546,-0.169387979,0.249903704,-0.092754477
1782430324.465525389,-0.167124761,0.246284742,-0.089632877
1782430324.466847181,-0.166613170,0.251196126,-0.096292573
1782430324.472062349,-0.166026207,0.251959526,-0.087999517
1782430324.473618984,-0.170896240,0.252658230,-0.094953629
1782430324.475296497,-0.168176895,0.252828065,-0.090074042
1782430324.476958275,-0.170510754,0.254256516,-0.089839329
1782430324.478516579,-0.172146523,0.252321938,-0.086061976
1782430324.481083393,-0.172432843,0.252032732,-0.090761496
1782430324.481913090,-0.172212338,0.250183187,-0.088056672
1782430324.484313250,-0.175209506,0.250579937,-0.082002302
1782430324.485406160,-0.170320082,0.256292455,-0.086643119
1782430324.487053394,-0.171859856,0.253517548,-0.075903662
1782430324.489647388,-0.174175212,0.250269818,-0.083158023
1782430324.490527391,-0.176125903,0.252623863,-0.080304466
1782430324.491941929,-0.172376655,0.252249424,-0.076807723
1782430324.497033596,-0.169952773,0.252171971,-0.080724755
1782430324.498591185,-0.175390090,0.250683932,-0.073782959
1782430324.500251055,-0.174786912,0.254045632,-0.078825565
1782430324.501959801,-0.176844448,0.254745010,-0.072513357
1782430324.503516436,-0.174209706,0.253956299,-0.070963179
1782430324.509305954,-0.174679837,0.253013810,-0.073312915
1782430324.510391235,-0.179057070,0.254682898,-0.070880358
1782430324.512037039,-0.178699824,0.253628777,-0.072728862
1782430324.514607906,-0.177511836,0.255783330,-0.065525129
1782430324.515468121,-0.176171830,0.255039581,-0.070852843
1782430324.516898394,-0.179566538,0.252805877,-0.070604152
1782430324.522074223,-0.178768078,0.245413027,-0.065160009
1782430324.523603201,-0.181219635,0.248533990,-0.065260111
1782430324.525333881,-0.180186059,0.248983796,-0.067714364
1782430324.526970625,-0.182185055,0.252725420,-0.073221706
1782430324.528534889,-0.183518550,0.248576478,-0.064665820
1782430324.534296751,-0.179299747,0.252201089,-0.070355415
1782430324.535391092,-0.181619453,0.249089965,-0.065934522
1782430324.537029266,-0.183854169,0.251017639,-0.071075702
1782430324.539710760,-0.181692587,0.249462300,-0.066680925
1782430324.540572405,-0.185016427,0.246122598,-0.065132384
1782430324.541887283,-0.180954043,0.252052246,-0.068430046
1782430324.547085762,-0.188744939,0.245588050,-0.066549693
1782430324.548635483,-0.189691018,0.249343449,-0.070286938
1782430324.550317049,-0.186018682,0.246179847,-0.063763916
1782430324.551960468,-0.182772498,0.249149126,-0.071998935
1782430324.553604364,-0.192438370,0.248747476,-0.063450225
1782430324.559181690,-0.183052718,0.244335712,-0.064453700
1782430324.560374498,-0.187209105,0.249102518,-0.065555934
1782430324.562005281,-0.196930063,0.243951209,-0.075612242
1782430324.564724684,-0.194513748,0.243820334,-0.067280014
1782430324.565592289,-0.189758536,0.241536814,-0.070927558
1782430324.566927910,-0.196876909,0.240780597,-0.071751184
1782430324.572088957,-0.194632299,0.240081675,-0.065886797
1782430324.573652267,-0.191884169,0.246247269,-0.063634784
1782430324.575359583,-0.190624305,0.238194707,-0.067906568
1782430324.576967955,-0.198117463,0.243600166,-0.069804733
1782430324.578524113,-0.191139759,0.240825491,-0.063481376
1782430324.584312439,-0.190530750,0.242288921,-0.069245078
1782430324.585395575,-0.193760137,0.237039936,-0.074122714
1782430324.586933136,-0.198654938,0.240031965,-0.071734000
1782430324.589700699,-0.196045210,0.237889797,-0.061940844
1782430324.590540409,-0.197212772,0.238287083,-0.071635364
1782430324.592011213,-0.195533371,0.238974137,-0.069458948
1782430324.597119570,-0.196200254,0.236087894,-0.065113275
1782430324.598685026,-0.199788572,0.235723899,-0.063707793
1782430324.600335836,-0.198088608,0.239558034,-0.067831085
1782430324.601947308,-0.203467677,0.237353343,-0.070947486
1782430324.603608608,-0.202382171,0.232872038,-0.062703095
1782430324.607191086,-0.202130976,0.235477133,-0.071090598
1782430324.609304667,-0.201763599,0.230852145,-0.063969085
1782430324.610180140,-0.199739930,0.236749905,-0.068953986
1782430324.611865520,-0.203645506,0.232779581,-0.072674169
1782430324.614672422,-0.204617694,0.232488485,-0.063009357
1782430324.615534306,-0.200873285,0.231807684,-0.068299436
1782430324.616857052,-0.201755687,0.237245893,-0.070374021
1782430324.622056484,-0.204169396,0.229853053,-0.064083094
1782430324.623601913,-0.207666093,0.228913968,-0.067218806
1782430324.625266552,-0.206676430,0.226408312,-0.072151025
1782430324.626955271,-0.207711376,0.230270893,-0.074608845
1782430324.628611565,-0.209371778,0.225124170,-0.068846329
1782430324.634273291,-0.209863301,0.227468013,-0.075222121
1782430324.635349035,-0.208089812,0.223648651,-0.074919158
1782430324.637002945,-0.211512216,0.223179983,-0.071773194
1782430324.639630795,-0.208677037,0.230435321,-0.068328734
1782430324.640491009,-0.209985353,0.224733131,-0.075515827
1782430324.641913176,-0.214350474,0.222673019,-0.070711870
1782430324.647062302,-0.211828194,0.222345962,-0.075855710
1782430324.648598433,-0.213130096,0.219939018,-0.070519076
1782430324.650245428,-0.212381966,0.220409421,-0.075343084
1782430324.651955843,-0.214114571,0.222686327,-0.079975814
1782430324.653608799,-0.213564423,0.218405542,-0.075310440
1782430324.659265518,-0.213704469,0.220215517,-0.079033094
1782430324.660346746,-0.214916850,0.217727833,-0.077779612
1782430324.662043810,-0.214116618,0.217810416,-0.077124287
1782430324.664696932,-0.216255469,0.216799832,-0.080259343
1782430324.665560484,-0.219611551,0.213746606,-0.076605585
1782430324.666873217,-0.217085106,0.220078809,-0.078556241
1782430324.669226885,-0.216488161,0.217369605,-0.078930499
1782430324.672072411,-0.217644782,0.213344009,-0.078154330
1782430324.673624754,-0.217279111,0.220996844,-0.081070543
1782430324.675266266,-0.217934604,0.215765128,-0.077886808
1782430324.676983833,-0.219287697,0.218775892,-0.083522948
1782430324.678529978,-0.222017121,0.213697843,-0.077788858
1782430324.684265375,-0.215443034,0.213639265,-0.080117244
1782430324.685187340,-0.215701575,0.212820075,-0.081424005
1782430324.686927557,-0.217460813,0.215863136,-0.086903806
1782430324.689699411,-0.221338964,0.212469812,-0.082312194
1782430324.690581083,-0.216280249,0.214725925,-0.083124438
1782430324.691904306,-0.219258424,0.210443089,-0.092616059
1782430324.697051048,-0.224504016,0.211674329,-0.088934407
1782430324.698599100,-0.218862577,0.212319791,-0.088639150
1782430324.700279951,-0.226882484,0.210697685,-0.086707001
1782430324.702009201,-0.221813046,0.209466721,-0.086111019
1782430324.703585386,-0.219862536,0.210302015,-0.094452965
1782430324.709309340,-0.220210126,0.207716889,-0.094168999
1782430324.710393906,-0.216015875,0.211190411,-0.091107113
1782430324.712029457,-0.215414765,0.211161305,-0.098105330
1782430324.714645624,-0.224771972,0.212233174,-0.099322409
1782430324.715526819,-0.217570948,0.206567416,-0.092448227
1782430324.716868401,-0.220538014,0.213425943,-0.099792917
1782430324.722043991,-0.224002369,0.207118662,-0.097513086
1782430324.723595619,-0.218711475,0.206013240,-0.093487294
1782430324.725263357,-0.215278109,0.211548761,-0.097408540
1782430324.726935625,-0.222301853,0.208381553,-0.095405763
1782430324.728514671,-0.219393292,0.203407642,-0.097740805
1782430324.731758595,-0.219025392,0.211082610,-0.098987442
1782430324.732550383,-0.223941403,0.205890434,-0.100599238
1782430324.734314919,-0.220326996,0.206077328,-0.097482325
1782430324.735403299,-0.220167839,0.208150902,-0.105375128
1782430324.737046242,-0.222499875,0.202277017,-0.103171406
1782430324.739707947,-0.220346612,0.203482433,-0.103862919
1782430324.740564108,-0.220879360,0.207095460,-0.107235566
1782430324.741873980,-0.221120646,0.201810946,-0.098745427
1782430324.747083664,-0.217715745,0.207204648,-0.105916419
1782430324.748611927,-0.217057980,0.199476437,-0.109395110
1782430324.750184298,-0.220260918,0.204840863,-0.110780225
1782430324.751966000,-0.222081137,0.199863085,-0.105115877
1782430324.753615379,-0.217258135,0.204974458,-0.113523054
1782430324.759366512,-0.224156848,0.195840127,-0.106421765
1782430324.760204315,-0.219790856,0.198064616,-0.108604844
1782430324.761867762,-0.221599228,0.199021932,-0.110492969
1782430324.764697552,-0.220410266,0.200126203,-0.113766537
1782430324.765554905,-0.221701180,0.197838096,-0.110159643
1782430324.766898155,-0.215491556,0.197163519,-0.109484849
1782430324.772127390,-0.221362030,0.198131101,-0.117774967
1782430324.773706198,-0.218223857,0.200263803,-0.116231386
1782430324.775401354,-0.225090595,0.193422172,-0.115812490
1782430324.776963711,-0.219145621,0.194263827,-0.114560644
1782430324.778591633,-0.222899775,0.192218006,-0.120462478
1782430324.784327269,-0.221785983,0.194244586,-0.110200321
1782430324.785173893,-0.222268642,0.190908086,-0.116886539
1782430324.787055016,-0.220436021,0.190865668,-0.119943716
1782430324.789701939,-0.217012336,0.195557503,-0.122531990
1782430324.790577888,-0.221662668,0.190125002,-0.123091138
1782430324.791889191,-0.218902500,0.187309214,-0.120052424
1782430324.794062376,-0.217411224,0.196648049,-0.127339720
1782430324.797027588,-0.220291827,0.185693249,-0.125506841
1782430324.798570633,-0.221372529,0.194683092,-0.127539415
1782430324.800199509,-0.223644411,0.184840213,-0.117932668
1782430324.801914930,-0.220009674,0.194195702,-0.121228524
1782430324.803570271,-0.217654266,0.196100900,-0.126274926
1782430324.809224367,-0.223651281,0.184854699,-0.131351002
1782430324.810344934,-0.217602853,0.187662923,-0.130185177
1782430324.811952591,-0.214773607,0.189017134,-0.131298441
1782430324.814722776,-0.216292899,0.189431930,-0.136196731
1782430324.815576315,-0.218263940,0.178499232,-0.133255613
1782430324.816903353,-0.215472334,0.186542905,-0.134760507
1782430324.822109699,-0.218767203,0.182977370,-0.135030131
1782430324.823660612,-0.221593343,0.185638167,-0.130879502
1782430324.825331450,-0.215778654,0.185827957,-0.132389002
1782430324.826972485,-0.221011537,0.186478465,-0.141216567
1782430324.828524828,-0.220393539,0.179000508,-0.140343767
1782430324.834318876,-0.217768696,0.183403080,-0.135148147
1782430324.835415363,-0.214473384,0.181553156,-0.136951639
1782430324.836844921,-0.218749457,0.182706131,-0.143456580
1782430324.839707613,-0.219424344,0.178428863,-0.139392469
1782430324.840554714,-0.217641385,0.183183085,-0.137585600
1782430324.841871738,-0.219991241,0.181994541,-0.147825202
1782430324.847076893,-0.215300538,0.183062519,-0.136823439
1782430324.848611116,-0.221829593,0.182147835,-0.145248628
1782430324.850255251,-0.220984190,0.172879085,-0.146094490
1782430324.851977110,-0.218483109,0.180151432,-0.143119109
1782430324.853531837,-0.221402702,0.178633951,-0.138774109
1782430324.856049061,-0.218984389,0.178335674,-0.144990302
1782430324.856888294,-0.217574341,0.184315413,-0.149193280
1782430324.859190941,-0.219076362,0.178498791,-0.141529776
1782430324.860270977,-0.218996496,0.177692781,-0.142150325
1782430324.861984968,-0.220700353,0.179542491,-0.151907862
1782430324.864691973,-0.221722950,0.172196045,-0.148064361
1782430324.865556717,-0.219504116,0.176093724,-0.145273387
1782430324.866924047,-0.220487859,0.177105814,-0.147641448
1782430324.872052908,-0.223891056,0.172294887,-0.146892887
1782430324.873623610,-0.219343850,0.179549233,-0.151849719
1782430324.875277042,-0.221923876,0.176057596,-0.143990735
1782430324.876990795,-0.221830918,0.173614712,-0.150487177
1782430324.878536224,-0.222022533,0.173313577,-0.146685978
1782430324.884286880,-0.217834632,0.174028634,-0.146981976
1782430324.885354519,-0.218698727,0.171784771,-0.150432257
1782430324.887015581,-0.223153857,0.176110429,-0.149073124
1782430324.889688015,-0.223045467,0.173480259,-0.148562007
1782430324.890525818,-0.221446627,0.168866558,-0.151842073
1782430324.891937971,-0.224804251,0.169609077,-0.158693977
1782430324.897042036,-0.224630885,0.167119465,-0.149201123
1782430324.898571730,-0.219103413,0.171226156,-0.155948650
1782430324.900219679,-0.226632289,0.160378645,-0.149554677
1782430324.901949883,-0.221915467,0.171078338,-0.149065134
1782430324.903538942,-0.226589472,0.169603280,-0.153397856
1782430324.909337997,-0.228143974,0.162922734,-0.151738217
1782430324.910190582,-0.232603604,0.167411714,-0.152620045
1782430324.911846399,-0.228526715,0.160735108,-0.153320478
1782430324.914674520,-0.227214750,0.160763296,-0.153665280
1782430324.915527105,-0.227871636,0.163708602,-0.157610369
1782430324.916841745,-0.229979589,0.158604199,-0.153970670
1782430324.922156811,-0.225767565,0.162575736,-0.150504751
1782430324.923596621,-0.229753326,0.160595218,-0.148412008
1782430324.925183535,-0.227294251,0.159170218,-0.156548745
1782430324.926911116,-0.231304726,0.158507130,-0.150750680
1782430324.928555012,-0.234490520,0.154323656,-0.150733842
1782430324.933653831,-0.229569419,0.161237726,-0.155457890
1782430324.935326338,-0.231759804,0.157410221,-0.153888761
1782430324.936894178,-0.232628691,0.150255064,-0.144401021
1782430324.939712524,-0.228216934,0.158577410,-0.148677921
1782430324.940556765,-0.233901141,0.155514266,-0.150268454
1782430324.941857338,-0.232278156,0.153096746,-0.144772624
1782430324.947101593,-0.231094880,0.156494216,-0.148452812
1782430324.948643446,-0.235598130,0.156341834,-0.149259326
1782430324.950298071,-0.241109754,0.145606585,-0.148932499
1782430324.951860189,-0.235281760,0.151486278,-0.145972661
1782430324.959338188,-0.239153017,0.153745685,-0.147628985
1782430324.960196257,-0.240169644,0.145876441,-0.145869819
1782430324.961902618,-0.238400350,0.149997356,-0.142051207
1782430324.964699984,-0.238838701,0.152365853,-0.151490155
1782430324.965564966,-0.242059517,0.145050389,-0.142444119
1782430324.966910124,-0.240473502,0.146117105,-0.140174619
1782430324.972105503,-0.240352868,0.150461488,-0.142491120
1782430324.973655224,-0.242267984,0.143976982,-0.148879676
1782430324.975312710,-0.245161175,0.141491947,-0.141330013
1782430324.976979733,-0.244005020,0.148311064,-0.137377157
1782430324.978530645,-0.243200499,0.139734033,-0.142231897
1782430324.981177330,-0.246427831,0.141001576,-0.142793259
1782430324.981958151,-0.244928724,0.141076778,-0.139540713
1782430324.984285831,-0.242795987,0.145483451,-0.148322303
1782430324.985404491,-0.247713272,0.136336049,-0.140256705
1782430324.987048149,-0.248218319,0.137337590,-0.136286812
1782430324.989698172,-0.245097965,0.144497305,-0.138842481
1782430324.990531206,-0.248409729,0.137043222,-0.138533094
1782430324.991864443,-0.251822922,0.136837834,-0.135142234
1782430324.996190071,-0.247359095,0.140370137,-0.140375031
1782430324.996931791,-0.250243239,0.137685603,-0.133026576
1782430324.998658657,-0.249843794,0.139701003,-0.139593653
1782430325.000374794,-0.254010147,0.133198112,-0.139461054
1782430325.001962900,-0.254077460,0.135671789,-0.132791292
1782430325.003635406,-0.252240913,0.133180216,-0.136827375
1782430325.009342909,-0.254754991,0.137213515,-0.136416318
1782430325.010213375,-0.251810337,0.134223155,-0.138325470
1782430325.011903048,-0.256783264,0.128496857,-0.127852652
1782430325.014734507,-0.254382438,0.137296020,-0.126442474
1782430325.015574694,-0.258415171,0.131905247,-0.136454375
1782430325.016920805,-0.259623971,0.124968516,-0.128922359
1782430325.022045851,-0.255693705,0.137123724,-0.135474040
1782430325.023606539,-0.258338549,0.133622910,-0.134855272
1782430325.025271416,-0.261894681,0.127060590,-0.132234837
1782430325.026951790,-0.254892364,0.129550841,-0.127744966
1782430325.028572083,-0.261803933,0.125883962,-0.134637468
1782430325.034368038,-0.261630617,0.132559544,-0.124994838
1782430325.035214424,-0.259221800,0.129906822,-0.124803328
1782430325.036867380,-0.260542890,0.129518922,-0.132941444
1782430325.039697409,-0.263782655,0.129128792,-0.127811947
1782430325.040561676,-0.261246687,0.126425714,-0.127779908
1782430325.041873932,-0.262857765,0.131403598,-0.132366238
1782430325.047082424,-0.260656930,0.125666526,-0.131096047
1782430325.048652887,-0.261642688,0.127810227,-0.130949751
1782430325.050314903,-0.263531786,0.124658346,-0.125399996
1782430325.051967144,-0.263925192,0.126952529,-0.124117755
1782430325.053512096,-0.263377347,0.123594309,-0.129967305
1782430325.057936668,-0.263423953,0.125934937,-0.125058230
1782430325.058771133,-0.263874542,0.125044403,-0.126028217
1782430325.060264111,-0.263720178,0.125442837,-0.122989292
1782430325.062004089,-0.259416592,0.129814683,-0.123595302
1782430325.064657211,-0.264942520,0.129248368,-0.130315968
1782430325.065515757,-0.261347996,0.123267773,-0.123918968
1782430325.066937208,-0.264191379,0.125248804,-0.123233899
1782430325.072097540,-0.261800024,0.130832889,-0.122267941
1782430325.073646307,-0.259340493,0.127320114,-0.123388701
1782430325.075400352,-0.266899732,0.133485149,-0.127918792
1782430325.076975346,-0.261506674,0.121630318,-0.130182104
1782430325.078528643,-0.264418066,0.124984810,-0.125596391
1782430325.084297895,-0.264634958,0.121333452,-0.120112451
1782430325.085380316,-0.262888437,0.125386388,-0.119499841
1782430325.087021589,-0.265338912,0.124580785,-0.125429032
1782430325.089740038,-0.266511378,0.123309799,-0.122294424
1782430325.090619564,-0.264930299,0.121493220,-0.120645127
1782430325.091948271,-0.265265811,0.126634856,-0.123802261
1782430325.097049952,-0.261904133,0.122217715,-0.125883604
1782430325.098583460,-0.262458111,0.124716900,-0.119208258
1782430325.100221872,-0.272601146,0.117433042,-0.125109358
1782430325.101939678,-0.268850482,0.120401030,-0.118296840
1782430325.103589296,-0.264291874,0.122831206,-0.116793438
1782430325.109293461,-0.266285035,0.122809561,-0.123333155
1782430325.110376120,-0.268793352,0.116351672,-0.116132973
1782430325.112046957,-0.267488891,0.121074232,-0.115700237
1782430325.114694118,-0.270925427,0.112894054,-0.121142041
1782430325.115548849,-0.272257798,0.117730723,-0.112333017
1782430325.116857767,-0.267845973,0.121457362,-0.119193939
1782430325.119800568,-0.273949654,0.110624727,-0.115686450
1782430325.120522261,-0.266275521,0.119572994,-0.114425120
1782430325.122068882,-0.271409201,0.120731538,-0.119217907
1782430325.123749018,-0.272142326,0.113724302,-0.115516565
1782430325.125195026,-0.272028116,0.109368378,-0.110869747
1782430325.126971722,-0.271507790,0.116621222,-0.116389439
1782430325.128539085,-0.276027193,0.116071698,-0.111604968
1782430325.134266376,-0.275288450,0.110919534,-0.108513311
1782430325.135426998,-0.277509045,0.112861524,-0.101800997
1782430325.136950016,-0.274086262,0.119993084,-0.101259406
1782430325.139664888,-0.280368929,0.111544262,-0.109173233
1782430325.140494585,-0.276154095,0.110798739,-0.100733691
1782430325.141919613,-0.276984713,0.108978327,-0.104317988
1782430325.147096872,-0.280950266,0.108172891,-0.106123862
1782430325.148645163,-0.281903127,0.112924151,-0.104808463
1782430325.150312424,-0.278494912,0.107266440,-0.097190670
1782430325.151977539,-0.278998394,0.110591449,-0.096506624
1782430325.153519630,-0.285881567,0.112562471,-0.097493218
1782430325.159254313,-0.277557646,0.109973662,-0.089144234
1782430325.160330057,-0.284806407,0.103554271,-0.087155099
1782430325.161983967,-0.283802540,0.108523652,-0.086405000
1782430325.164648056,-0.288429763,0.106980661,-0.090556801
1782430325.165491581,-0.288542611,0.104321485,-0.079058440
1782430325.166897774,-0.285246576,0.108638860,-0.087805489
1782430325.172071695,-0.287104472,0.104320460,-0.082971123
1782430325.173605919,-0.290010905,0.106599330,-0.082083079
1782430325.175236940,-0.287894575,0.102224986,-0.068114394
1782430325.177002907,-0.292503069,0.108041703,-0.075420945
1782430325.178538561,-0.291304455,0.104561207,-0.074260149
1782430325.182226419,-0.291438078,0.101035284,-0.069343097
1782430325.184284210,-0.294907890,0.104394911,-0.074803559
1782430325.185361862,-0.293543455,0.095538431,-0.064177026
1782430325.187015772,-0.290666242,0.102516405,-0.063388673
1782430325.189688444,-0.293467036,0.099638909,-0.072082476
1782430325.190520287,-0.293626892,0.095835023,-0.062140191
1782430325.191930771,-0.292383401,0.101341357,-0.067779174
1782430325.197071314,-0.297007991,0.100141210,-0.066562111
1782430325.198614836,-0.300714781,0.102680313,-0.062851250
1782430325.200287104,-0.296751663,0.091480551,-0.059153537
1782430325.201972485,-0.287877281,0.089817817,-0.057587682
1782430325.203538418,-0.289471164,0.096370681,-0.060806626
1782430325.209308147,-0.288288436,0.082450692,-0.061226523
1782430325.210387945,-0.273808309,0.082456986,-0.055019031
1782430325.212026119,-0.274183136,0.080675167,-0.045737675
1782430325.214641094,-0.275716407,0.082955244,-0.044314578
1782430325.215514660,-0.286643848,0.078620919,-0.036635476
1782430325.216839075,-0.279079128,0.078101116,-0.036364144
1782430325.221981287,-0.278531189,0.080594478,-0.030955873
1782430325.223530293,-0.269552664,0.064396348,-0.024988633
1782430325.225184202,-0.272078087,0.067899512,-0.028092646
1782430325.226976395,-0.265096208,0.059072734,-0.027550363
1782430325.228524446,-0.259230020,0.052314314,-0.019891472
1782430325.234378338,-0.252397261,0.054403542,-0.025630703
1782430325.235227585,-0.240598685,0.036575972,-0.033061282
1782430325.236883879,-0.229695486,0.050506748,-0.023321486
1782430325.239722252,-0.226886148,0.079516428,-0.032060437
1782430325.240552664,-0.219096650,0.088017883,-0.001654421
1782430325.241884947,-0.203870233,0.077455194,0.021034733
1782430325.244726896,-0.196733391,0.103988137,0.024444107
1782430325.245559692,-0.193233357,0.131839185,0.035132389
1782430325.247050762,-0.185975925,0.129683780,0.062150172
1782430325.248709917,-0.168381762,0.137864323,0.097715174
1782430325.250378370,-0.143199677,0.147555119,0.119222366
1782430325.251951694,-0.148267238,0.146418178,0.160483000
1782430325.253609180,-0.111966435,0.172148298,0.212469602
1782430325.259363413,-0.069499148,0.194682339,0.234679048
1782430325.260315418,-0.026034865,0.266622876,0.346686043
1782430325.261910200,0.015546857,0.274659467,0.376360314
1782430325.264715195,0.044368259,0.312266309,0.412112836
1782430325.265549183,0.044697733,0.342466993,0.443349187
1782430325.266868114,0.085240144,0.349501475,0.477050169
1782430325.272053719,0.092488667,0.381553377,0.511380359
1782430325.273589134,0.119664338,0.421716715,0.550428931
1782430325.275268793,0.136321991,0.447951072,0.584993760
1782430325.277009487,0.146031803,0.468002490,0.597978061
1782430325.278715849,0.172382577,0.512313837,0.638243402
1782430325.284335852,0.171727584,0.536925719,0.654115284
1782430325.285190105,0.161955319,0.582107104,0.728786188
1782430325.286975861,0.161246496,0.598875567,0.749907160
1782430325.289710760,0.165277706,0.609051308,0.758931464
1782430325.290582418,0.170364042,0.629272811,0.784508851
1782430325.291914940,0.173662732,0.655674639,0.801623843
1782430325.297060728,0.160458125,0.681709200,0.830744133
1782430325.298607826,0.165773592,0.732067138,0.860790526
1782430325.300271749,0.172111104,0.744903932,0.875120392
1782430325.301939726,0.176366623,0.771776876,0.893673113
1782430325.303590536,0.176287729,0.798430187,0.906403212
1782430325.306268930,0.177297688,0.820559350,0.933338573
1782430325.307165146,0.180586885,0.897100599,0.965289495
1782430325.309276581,0.189263020,0.930026344,0.995457893
1782430325.310439587,0.190233034,0.977127237,1.018014834
1782430325.312024117,0.189558384,0.989474575,1.066295719
1782430325.314665318,0.188202150,1.015499582,1.107515746
1782430325.315543890,0.190063520,1.045234697,1.139185252
1782430325.316875935,0.181299469,1.072047547,1.176724552
1782430325.321430922,0.191218958,1.105508063,1.216636803
1782430325.322227955,0.147906494,1.180304532,1.289134288
1782430325.323660851,0.056965057,1.250429604,1.360662380
1782430325.325195312,-0.065179907,1.318612563,1.437745488
1782430325.327003479,-0.186750111,1.424940485,1.496045584
1782430325.328573942,-0.230757795,1.462906839,1.543813626
1782430325.334269047,-0.238627727,1.532763435,1.579697711
1782430325.335350752,-0.232614426,1.622501641,1.657579975
1782430325.336998940,-0.219397022,1.656405102,1.679302022
1782430325.339736700,-0.220395873,1.710283371,1.693912019
1782430325.340588331,-0.195480082,1.714504608,1.728553323
1782430325.341898441,-0.190315833,1.759322476,1.730167500
1782430325.347043276,-0.173138365,1.772673642,1.746016874
1782430325.348587990,-0.053282701,1.872407306,1.813756325
1782430325.350248575,-0.002764387,1.869182963,1.846979171
1782430325.351969957,-0.015980426,1.899869193,1.847203117
1782430325.353570700,-0.024485024,1.934650967,1.878605626
1782430325.359324455,0.006881765,1.957575080,1.894302935
1782430325.360190392,0.114444769,2.064739495,1.981486861
1782430325.361888409,0.146790957,2.064789344,2.007152839
1782430325.364697695,0.152742270,2.122397426,2.038457078
1782430325.365553617,0.184195889,2.164660790,2.087654944
1782430325.366946936,0.191124356,2.219462340,2.094100908
1782430325.372046709,0.220037903,2.266089782,2.127154802
1782430325.373646259,0.305330158,2.360351480,2.233898051
1782430325.375362396,0.293035646,2.451456370,2.276363852
1782430325.376979351,0.342916358,2.449678888,2.305908306
1782430325.378529549,0.344696820,2.519947149,2.332960090
1782430325.382080555,0.376993820,2.526086429,2.367218444
1782430325.384255171,0.356500830,2.677747058,2.437368621
1782430325.385339022,0.407290762,2.705515593,2.475824782
1782430325.386998415,0.398258508,2.764862039,2.509224957
1782430325.389654636,0.385053259,2.807837596,2.549368764
1782430325.390490532,0.399998493,2.869939043,2.596926060
1782430325.391904593,0.438780632,2.928804131,2.635738107
1782430325.397041321,0.448945204,2.968677360,2.669337773
1782430325.398572683,0.485695095,3.158461433,2.794480267
1782430325.400293112,0.471254443,3.241460666,2.840202087
1782430325.401974201,0.478878278,3.302097090,2.875634466
1782430325.403518200,0.485041432,3.358968252,2.921536563
1782430325.409296274,0.541334816,3.395877697,2.956821956
1782430325.410373688,0.621567724,3.579005956,3.109130944
1782430325.412024975,0.639344089,3.650877368,3.138777484
1782430325.414617300,0.637077241,3.712523461,3.187750604
1782430325.415457010,0.720534306,3.730869588,3.226392155
1782430325.416875601,0.755381973,3.748305401,3.301824758
1782430325.422050714,0.852199792,3.806810446,3.370426154
1782430325.423638821,1.008941248,4.085858559,3.538484635
1782430325.425280094,1.037919872,4.162794584,3.601773250
1782430325.426973820,1.083014118,4.266394334,3.660946204
1782430325.428534985,1.096945198,4.353949004,3.732694517
1782430325.434258223,1.144647378,4.450474374,3.792752629
1782430325.435380220,1.278676550,4.651447986,3.921353386
1782430325.436860800,1.251770188,4.725544644,3.980488950
1782430325.439695120,1.259247894,4.781160247,4.025041030
1782430325.440526485,1.287984745,4.863147328,4.088554409
1782430325.441884279,1.285298810,4.942944909,4.127085244
1782430325.444143057,1.339482802,5.006064378,4.165964790
1782430325.447086334,1.395687872,5.089879092,4.203512957
1782430325.448652744,1.406910762,5.169106234,4.259832020
1782430325.450305939,1.407397606,5.238436311,4.345196448
1782430325.451969147,1.481761321,5.341651267,4.382515221
1782430325.453611374,1.556198972,5.468201396,4.504065201
1782430325.459184885,1.604348170,5.524829364,4.545372944
1782430325.460202932,1.752564509,5.718059358,4.690575947
1782430325.461997509,1.754736438,5.771958219,4.762277157
1782430325.464705944,1.740343733,5.830621107,4.829655807
1782430325.465582132,1.792630773,5.883327580,4.894696736
1782430325.466892958,1.790284737,5.982621865,4.946413048
1782430325.472025156,1.842808919,6.063711342,4.996296890
1782430325.473558664,1.897597613,6.227254331,5.119014550
1782430325.475230217,1.884366583,6.297487919,5.226316322
1782430325.476946354,1.951197405,6.379671616,5.267302119
1782430325.478610992,1.903277892,6.435325234,5.378522999
1782430325.484318733,1.987390075,6.552275562,5.443983886
1782430325.485397577,2.184535621,6.890028544,5.675223866
1782430325.487037182,2.197789715,6.969556292,5.767006501
1782430325.489665747,2.203701819,7.046817863,5.853083236
1782430325.490501165,2.258291165,7.112206082,5.927106481
1782430325.491931915,2.808607792,7.432842854,5.704894569
1782430325.497025967,2.821252591,7.498176099,5.807015460
1782430325.498592854,2.739273591,7.595744354,5.995155282
1782430325.500262499,2.692518409,7.656677380,6.123098987
1782430325.501954317,2.743579038,7.736931526,6.177678596
1782430325.503610373,2.694265443,7.762530439,6.317963156
1782430325.505799770,2.706604654,7.831324332,6.372018429
1782430325.509363413,2.721520933,7.973861236,6.479520827
1782430325.510241270,2.726184703,8.092926502,6.623081993
1782430325.512015104,2.658522954,8.115910654,6.729439940
1782430325.514707088,2.631055508,8.126660350,6.850065169
1782430325.515565634,2.640235572,8.201559297,6.890876659
1782430325.516881466,2.602620885,8.199004028,7.034551006
1782430325.521830320,2.597571280,8.244118474,7.079126357
1782430325.523602962,2.571093762,8.314599148,7.232889943
1782430325.525282860,2.555433054,8.330602875,7.322890483
1782430325.526936769,2.578288267,8.365428120,7.367169125
1782430325.528613806,2.547785152,8.376964544,7.441025871
1782430325.534274817,2.553738317,8.400486828,7.459485185
1782430325.535362720,2.543380362,8.470041624,7.475440797
1782430325.536995411,2.513579978,8.444637073,7.503490844
1782430325.539657116,2.535057746,8.394333393,7.520617944
1782430325.540514231,2.501405524,8.390027629,7.497000318
1782430325.541930676,2.515142905,8.346954728,7.501177797
1782430325.547102213,2.504482245,8.313116150,7.470944261
1782430325.548661947,2.459202151,8.205525424,7.420244322
1782430325.550300598,2.455895763,8.149074345,7.418116924
1782430325.551998854,2.446186734,8.108197389,7.387816115
1782430325.553598404,2.424057534,8.054862355,7.371162878
1782430325.559274197,2.418014419,8.005980728,7.343622964
1782430325.560372114,2.346076402,7.858625344,7.252117592
1782430325.562053919,2.337312260,7.805494841,7.239200563
1782430325.564680099,2.356526690,7.745058969,7.216403065
1782430325.565531015,2.301631172,7.682407032,7.188963147
1782430325.566844225,2.329356872,7.618380034,7.160968446
1782430325.568699360,2.310011787,7.561868229,7.124388589
1782430325.572108507,2.296525553,7.505525028,7.090811237
1782430325.573740482,2.255486959,7.397129192,7.027411019
1782430325.575187922,2.201189640,7.342466093,6.989553370
1782430325.576953173,2.213398295,7.287466708,6.947319042
1782430325.578599691,2.192287951,7.236027349,6.897675393
1782430325.583686113,2.160457146,7.166720384,6.857877803
1782430325.585178614,2.040223716,6.952732505,6.729646735
1782430325.587089300,2.005795571,6.861751182,6.659027725
1782430325.589687109,2.001096939,6.781017129,6.587324769
1782430325.590523958,1.939883623,6.679061544,6.536367152
1782430325.591857195,1.923858711,6.578819577,6.449644332
1782430325.597083807,1.888275594,6.450892154,6.386442885
1782430325.598643780,1.746491275,6.038251305,6.117133341
1782430325.600344181,1.704471341,5.907436929,6.023819705
1782430325.601982594,1.645208813,5.746883328,5.931286515
1782430325.603537083,1.606158945,5.597876691,5.826175806
1782430325.609268427,1.551881118,5.449447221,5.736438521
1782430325.610355616,1.379934458,4.964705233,5.485915692
1782430325.611991405,1.332978780,4.825408707,5.378753628
1782430325.614616156,1.320690246,4.677982721,5.271417415
1782430325.615468979,1.254431403,4.527728703,5.195723939
1782430325.616945505,1.233282054,4.409129233,5.101711742
1782430325.622105360,1.194404029,4.272023431,5.038470932
1782430325.623673916,1.097556031,3.926391532,4.871354968
1782430325.625321388,1.095555468,3.835298167,4.827711093
1782430325.626982689,1.047457417,3.739737053,4.797221457
1782430325.628530502,1.024578698,3.646599541,4.747991223
1782430325.634280205,0.991150181,3.552484987,4.718888240
1782430325.635359764,0.887483986,3.326014805,4.649244349
1782430325.636854887,0.891973867,3.281622178,4.627535038
1782430325.639718056,0.889953874,3.234716524,4.593926188
1782430325.640576839,0.865269871,3.184063728,4.573576336
1782430325.641894341,0.877401953,3.151120962,4.545751689
1782430325.645119667,0.858739491,3.110280269,4.526984360
1782430325.645836353,0.847743802,3.070089100,4.503933597
1782430325.647050619,0.836366452,3.026547465,4.483920757
1782430325.648619413,0.835701000,2.997614339,4.448228151
1782430325.650330782,0.848686214,2.953307785,4.426282164
1782430325.651978731,0.837667922,2.909758276,4.405985550
1782430325.653530836,0.842403547,2.886271444,4.378341166
1782430325.659342289,0.824259002,2.848933741,4.350239876
1782430325.660179615,0.765995812,2.733997743,4.273190420
1782430325.662058830,0.764993692,2.705344152,4.245134881
1782430325.664627790,0.754243970,2.677457710,4.210508340
1782430325.665483713,0.726193544,2.641400239,4.184219667
1782430325.666902065,0.719851834,2.606756243,4.148944831
1782430325.672069788,0.700065154,2.576556807,4.130441923
1782430325.673623562,0.680569984,2.537428545,4.071559931
1782430325.675282001,0.682443845,2.518599985,4.035337436
1782430325.676936626,0.667863255,2.496006367,4.002881283
1782430325.678586483,0.663443477,2.472266190,3.966535515
1782430325.684284210,0.657344102,2.447471077,3.939061654
1782430325.685372829,0.596125258,2.357341141,3.835543333
1782430325.686849356,0.600870944,2.347092720,3.799569170
1782430325.689685345,0.613039994,2.331390907,3.776347818
1782430325.690542698,0.598669085,2.327019621,3.744463160
1782430325.691856384,0.609318504,2.320250718,3.716557796
1782430325.697083950,0.608485473,2.304050890,3.706820441
1782430325.698676825,0.628520345,2.306295479,3.685906431
1782430325.700352669,0.637866472,2.311708509,3.671971954
1782430325.702029467,0.647322972,2.315612585,3.670102915
1782430325.703594685,0.660093673,2.321686831,3.657209594
1782430325.708087444,0.667544562,2.323177853,3.662420385
1782430325.708848000,0.673738917,2.343332126,3.659337282
1782430325.710367680,0.673203127,2.341960984,3.654387860
1782430325.711870193,0.681429404,2.347322324,3.652932165
1782430325.714688301,0.689018872,2.349709761,3.642251914
1782430325.715580463,0.677130117,2.352348571,3.637837444
1782430325.716914892,0.686360548,2.340178597,3.627980190
1782430325.722073793,0.675967007,2.341750603,3.621451671
1782430325.723633528,0.678668350,2.335959586,3.611736711
1782430325.725328207,0.677741888,2.329627460,3.600592208
1782430325.726994991,0.687837965,2.333302104,3.604583317
1782430325.728553772,0.687291109,2.337888650,3.598175021
1782430325.734279871,0.691817802,2.342959986,3.601803690
1782430325.735387802,0.704107813,2.363136251,3.608998472
1782430325.736858606,0.707947215,2.373424747,3.609159549
1782430325.739672422,0.721938667,2.375198451,3.613801357
1782430325.740512133,0.719197189,2.396803152,3.622366631
1782430325.741933107,0.737205629,2.396118838,3.634468197
1782430325.747130156,0.737763669,2.409723846,3.630488591
1782430325.748671532,0.756363944,2.435170634,3.648121498
1782430325.750389576,0.752265299,2.441820120,3.644418272
1782430325.751992226,0.757676238,2.439904741,3.649282692
1782430325.753553867,0.755656566,2.462601906,3.655770611
1782430325.759340763,0.759064781,2.464695091,3.662227593
1782430325.760180473,0.760122572,2.510797267,3.674876454
1782430325.762058496,0.766507416,2.522828709,3.687471282
1782430325.764685631,0.776432021,2.532692227,3.692281358
1782430325.765518188,0.772799937,2.556273788,3.693365180
1782430325.766842604,0.788900964,2.556382217,3.713599563
1782430325.770692825,0.796948141,2.571767452,3.708385881
1782430325.772097111,0.807407207,2.599333124,3.741349898
1782430325.773669481,0.806640501,2.627632499,3.746657303
1782430325.775362253,0.795790655,2.654502766,3.752778627
1782430325.777013302,0.802374375,2.670325401,3.766576923
1782430325.778563499,0.800643432,2.698343351,3.774999786
1782430325.784271717,0.809029945,2.729479715,3.781573415
1782430325.785348415,0.830078745,2.825400518,3.806703845
1782430325.786981821,0.830550060,2.851426397,3.821237278
1782430325.788537741,0.839548716,2.884562860,3.831745467
1782430325.790367603,0.849576347,2.923206155,3.833670630
1782430325.797111988,0.856751846,2.951068758,3.853230414
1782430325.798679352,0.926794000,3.087854133,3.883115009
1782430325.800344467,0.939904386,3.131928196,3.887530685
1782430325.801993608,0.965888194,3.159753958,3.907351805
1782430325.803548098,0.984020514,3.194867909,3.926615372
1782430325.809306860,1.011186940,3.233528151,3.947744916
1782430325.810170889,1.131758025,3.344106241,4.028717581
1782430325.811849594,1.156238497,3.391200298,4.059431419
1782430325.814672470,1.176275633,3.430091729,4.097059422
1782430325.815528870,1.237207286,3.473605703,4.121126652
1782430325.816850424,1.256160090,3.527431709,4.154328207
1782430325.822089672,1.308244753,3.569188082,4.194305898
1782430325.823647022,1.448265820,3.727784425,4.313565974
1782430325.825340986,1.487972903,3.798915731,4.349260108
1782430325.826982975,1.540328246,3.844718012,4.397270839
1782430325.828539610,1.569599707,3.921661033,4.446323702
1782430325.833670855,1.624859762,3.976561435,4.492456714
1782430325.835200310,1.831911204,4.204860388,4.668678997
1782430325.836912155,1.871552227,4.344805642,4.754591950
1782430325.839742422,1.898985669,4.479320310,4.843159962
1782430325.840592146,1.989386923,4.603261529,4.926638279
1782430325.841902733,2.006927720,4.753981274,5.016712134
1782430325.847044230,2.075152372,4.870617185,5.102779541
1782430325.848576069,2.227396448,5.231886408,5.329087485
1782430325.850214481,2.237198367,5.370268551,5.397666911
1782430325.852005720,2.299965540,5.471676211,5.475251461
1782430325.853613853,2.313812554,5.601168982,5.540722380
1782430325.859292746,2.368316479,5.693572259,5.616005452
1782430325.860379219,2.534863933,6.016312460,5.831589043
1782430325.862024784,2.535911838,6.153486697,5.888435452
1782430325.864710808,2.533815002,6.291570724,5.954169976
1782430325.865568161,2.579034762,6.400304714,6.015268280
1782430325.866906404,2.547076970,6.528221811,6.054101391
1782430325.872112274,2.620869683,6.627971349,6.124041346
1782430325.873668194,2.723853963,6.945374347,6.309919956
1782430325.875336409,2.702691980,7.092617693,6.329918740
1782430325.876982212,2.743122591,7.180044464,6.401848064
1782430325.878558397,2.744500969,7.301127914,6.458813407
1782430325.880255222,2.792996742,7.388121151,6.508336370
1782430325.884344101,2.832068289,7.474384139,6.568287952
1782430325.885206938,2.915656364,7.632570644,6.678835968
1782430325.886868000,2.899545668,7.727243119,6.717090308
1782430325.889688253,2.874966066,7.829368867,6.738239600
1782430325.890540600,2.905330887,7.895194365,6.779824273
1782430325.891835213,2.863869179,7.991483978,6.804854784
1782430325.895336866,2.889298927,8.047505734,6.837611240
1782430325.897104740,2.900947393,8.104008296,6.865263229
1782430325.898693085,2.851813267,8.172609024,6.891795341
1782430325.900363207,2.790194791,8.249686961,6.912514190
1782430325.901986361,2.791715974,8.283316179,6.935121637
1782430325.903533936,2.734127374,8.370725244,6.975204855
1782430325.909311295,2.743431614,8.379331745,6.989126685
1782430325.910389662,2.762431373,8.398761646,7.033274078
1782430325.911846876,2.685831929,8.426055872,7.042320150
1782430325.914758682,2.598305983,8.458713791,7.026522555
1782430325.915625095,2.599191680,8.438062144,7.041135065
1782430325.916923285,2.531071633,8.456552929,7.041689320
1782430325.922075748,2.518318940,8.435871243,7.037406652
1782430325.923635006,2.454283754,8.421403791,7.030739439
1782430325.925288677,2.390206713,8.415562062,7.030551712
1782430325.927039385,2.401830265,8.370392950,6.999378525
1782430325.928662300,2.341810433,8.346464017,6.991319674
1782430325.934330702,2.346297086,8.307762287,6.969194384
1782430325.935178280,2.343389515,8.194958814,6.921896885
1782430325.937045813,2.296087223,8.172391389,6.916754368
1782430325.939661980,2.264665153,8.144322894,6.908296018
1782430325.940494299,2.267696718,8.105950335,6.899963700
1782430325.941903830,2.251167502,8.077678738,6.895252537
1782430325.947108269,2.256967626,8.048314743,6.886313892
1782430325.948644876,2.242844715,7.969912674,6.871371100
1782430325.950297594,2.228869309,7.912755819,6.861795381
1782430325.952011585,2.235210516,7.878602139,6.858107508
1782430325.953533649,2.209769640,7.860997386,6.844230383
1782430325.956564188,2.216248677,7.825427014,6.830884800
1782430325.957384109,2.222553871,7.790298322,6.824154785
1782430325.959382296,2.225855437,7.762183476,6.802947291
1782430325.960222483,2.212607901,7.734488660,6.779076897
1782430325.961992979,2.203741206,7.699709684,6.766273697
1782430325.964679003,2.198274932,7.661702039,6.745606436
1782430325.965513229,2.187278222,7.622002927,6.712824728
1782430325.966927767,2.185993519,7.578721147,6.693028018
1782430325.971586704,2.189846999,7.522797478,6.662431392
1782430325.972324610,2.176844926,7.395054985,6.588853368
1782430325.973638773,2.161002358,7.338663267,6.545316155
1782430325.975387812,2.127028616,7.273733099,6.484864559
1782430325.977030993,2.125446480,7.182666460,6.442745916
1782430325.978575230,2.106466421,7.115572854,6.380226688
1782430325.984320641,2.082063753,7.014670880,6.325302162
1782430325.985391855,2.014474803,6.700790782,6.147298943
1782430325.987027884,1.986286401,6.587384332,6.061800263
1782430325.989748001,1.974064171,6.462751435,6.009475268
1782430325.990584612,1.922228504,6.347329273,5.932187710
1782430325.991892815,1.911932250,6.202348871,5.861323944
1782430325.997243643,1.882587406,6.063678797,5.799711892
1782430325.998567820,1.785992193,5.665946801,5.581540521
1782430326.000230312,1.746286522,5.534248796,5.486379175
1782430326.001967192,1.744033456,5.392541429,5.415422722
1782430326.003591537,1.706412494,5.266062497,5.311842288
1782430326.009385586,1.676463227,5.120489869,5.238660726
1782430326.010257244,1.557560646,4.714010435,4.991112930
1782430326.011931181,1.534866220,4.596849975,4.909244042
1782430326.014707804,1.511830125,4.469765716,4.844185228
1782430326.015543461,1.457168732,4.358563928,4.786245743
1782430326.016866684,1.443232619,4.231370306,4.739820826
1782430326.018818378,1.401218735,4.108656060,4.669849227
1782430326.022043705,1.352016452,4.002355154,4.629479300
1782430326.023635626,1.267927341,3.803334997,4.514241672
1782430326.025278568,1.236763969,3.711369144,4.470929953
1782430326.026944160,1.197438456,3.622188355,4.419660866
1782430326.028586626,1.163934410,3.550454805,4.368019292
1782430326.033842802,1.126497818,3.470443149,4.329720655
1782430326.035359859,1.010445325,3.286895102,4.200262536
1782430326.036862612,0.995377679,3.240253673,4.162055816
1782430326.039676905,0.984021221,3.187021226,4.122898093
1782430326.040532112,0.951301731,3.144879986,4.077343533
1782430326.041843653,0.943089580,3.099927044,4.031911014
1782430326.047122717,0.918898887,3.054724410,3.994754226
1782430326.048690081,0.838714670,2.933300034,3.877033728
1782430326.050369740,0.830215676,2.900504929,3.839854068
1782430326.051998854,0.800625575,2.864153792,3.800061679
1782430326.053552389,0.777316296,2.829438413,3.750821289
1782430326.059341431,0.751075654,2.783783571,3.712685327
1782430326.060193300,0.657057385,2.664015781,3.583158591
1782430326.061835051,0.633015604,2.633818422,3.540979252
1782430326.064666033,0.626059461,2.596759475,3.501653838
1782430326.065502644,0.603489373,2.565440607,3.464250990
1782430326.066913605,0.599072288,2.540390700,3.435338526
1782430326.072136641,0.572784282,2.517723972,3.405880786
1782430326.073678255,0.525374794,2.423431122,3.307328805
1782430326.075337410,0.516908987,2.389149101,3.270822425
1782430326.076993465,0.500583707,2.365527579,3.244119328
1782430326.078536272,0.485983722,2.336259450,3.208806728
1782430326.084381819,0.468763683,2.295672173,3.180663624
1782430326.085251808,0.428053586,2.222597605,3.102763412
1782430326.086936712,0.428020897,2.201301237,3.081628806
1782430326.089698315,0.429424988,2.192254668,3.060847363
1782430326.090554476,0.421520770,2.190862375,3.052850073
1782430326.091871023,0.425173342,2.170018704,3.029484698
1782430326.095446587,0.429809906,2.168456259,3.017748874
1782430326.097121000,0.430602847,2.161775175,3.000875022
1782430326.098544359,0.439968010,2.167723679,2.997262621
1782430326.100335598,0.454813558,2.178319857,2.982955161
1782430326.102013826,0.468615181,2.167242291,2.979829094
1782430326.103566408,0.490622551,2.195946354,2.992354783
1782430326.109350443,0.494476558,2.208619983,2.997204831
1782430326.110193968,0.506275140,2.245346604,3.022594982
1782430326.112082243,0.535640890,2.254299384,3.033190877
1782430326.114793777,0.559354622,2.274618385,3.042261531
1782430326.115828753,0.569893326,2.281807159,3.053418698
1782430326.117026091,0.587918627,2.295560022,3.063016082
1782430326.122146130,0.609414681,2.309279160,3.068524387
1782430326.123617887,0.616770983,2.323000357,3.088018108
1782430326.125201225,0.620797195,2.331851068,3.081416683
1782430326.127015114,0.636529891,2.336781778,3.094055493
1782430326.128562450,0.645941513,2.361429201,3.107610452
1782430326.134314299,0.644985163,2.374513919,3.115302809
1782430326.135388136,0.646875432,2.415334894,3.149293450
1782430326.136844873,0.653225070,2.427819627,3.160750877
1782430326.139709234,0.665187159,2.443417575,3.166447699
1782430326.140583515,0.657019689,2.455958248,3.169845729
1782430326.141907215,0.676643312,2.461109731,3.174667291
1782430326.147104979,0.679656135,2.476327211,3.173894757
1782430326.148675203,0.687598743,2.489757944,3.182481569
1782430326.150316238,0.684446848,2.508175732,3.187412629
1782430326.152002573,0.690852412,2.514186588,3.201961914
1782430326.153557301,0.685280376,2.529562258,3.204582748
1782430326.157043219,0.684187248,2.537005366,3.212210058
1782430326.159325600,0.689174646,2.542914323,3.223027236
1782430326.160179138,0.680148765,2.591015200,3.240618623
1782430326.161891460,0.678466491,2.602670953,3.250706972
1782430326.164669037,0.695341256,2.626772156,3.261736008
1782430326.165528536,0.685727600,2.645989840,3.269794711
1782430326.166843653,0.699619411,2.649580065,3.285966214
1782430326.171760321,0.705223349,2.669460580,3.293583686
1782430326.172508478,0.706180978,2.714400361,3.324822236
1782430326.173578501,0.698028450,2.744151327,3.336053529
1782430326.175348759,0.694334670,2.771053481,3.347862462
1782430326.176951170,0.699644877,2.785188462,3.367987045
1782430326.178592682,0.710061346,2.823128724,3.387145768
1782430326.184317589,0.714989932,2.858070707,3.400694478
1782430326.185394049,0.737775499,2.982554890,3.468046759
1782430326.187061787,0.755640585,3.021358649,3.498456616
1782430326.189676523,0.767313048,3.057463724,3.521912207
1782430326.190519094,0.778242152,3.101876035,3.541946266
1782430326.191931486,0.792626748,3.138410884,3.571051583
1782430326.197110653,0.813086253,3.184840369,3.592559649
1782430326.198643208,0.872914069,3.318777959,3.658485544
1782430326.200304985,0.890459756,3.362502162,3.682615931
1782430326.202019691,0.924244748,3.404436685,3.716042532
1782430326.203568697,0.951139910,3.453739178,3.740477239
1782430326.209309340,0.985771375,3.501334060,3.768037617
1782430326.210391283,1.141992940,3.663761470,3.871086247
1782430326.212035179,1.200642424,3.716706225,3.915513340
1782430326.214631557,1.242229053,3.790482658,3.950981317
1782430326.215492964,1.320115235,3.851568924,3.992644401
1782430326.216921329,1.369463800,3.927707055,4.047172051
1782430326.222000599,1.437217392,4.001238373,4.086744710
1782430326.223581076,1.564862001,4.160015907,4.196737331
1782430326.225241661,1.616325537,4.241334770,4.242679027
1782430326.227008581,1.674692835,4.314485435,4.303345661
1782430326.228556633,1.701207465,4.406222580,4.359223440
1782430326.233079433,1.759898155,4.513278610,4.412715847
1782430326.233906984,1.937629842,4.778679584,4.613495595
1782430326.235339403,2.020288901,4.869171868,4.673952963
1782430326.237023830,2.056677371,4.970464328,4.745883019
1782430326.239725590,2.057092488,5.097016006,4.830795716
1782430326.240562201,2.147508850,5.191521958,4.903785859
1782430326.241876841,2.158175879,5.311266924,4.989659843
1782430326.247057438,2.214357490,5.426689630,5.071371465
1782430326.248601437,2.357161587,5.779968297,5.351259980
1782430326.250309467,2.387536383,5.908565958,5.444765162
1782430326.252013683,2.443475277,6.037815069,5.536901982
1782430326.253582954,2.462505010,6.181789590,5.630615053
1782430326.259368181,2.529020056,6.323739291,5.726693024
1782430326.260244131,2.745052140,6.703829194,6.014357185
1782430326.262015581,2.750258685,6.856223766,6.102726978
1782430326.264601231,2.727995346,6.985449253,6.173141240
1782430326.265381813,2.778427605,7.114670727,6.258257967
1782430326.266998529,2.641966757,7.218148127,6.334682631
1782430326.272099018,2.773679701,7.351798890,6.380600633
1782430326.273712873,2.795879678,7.607067899,6.616895640
1782430326.275197744,2.848590409,7.703580800,6.713799003
1782430326.277041197,2.744616919,7.762576970,6.771915856
1782430326.278672934,2.720616235,7.859099990,6.805671995
1782430326.284446955,2.726299412,7.939370700,6.882452074
1782430326.285551786,2.809288346,8.124201918,7.089597170
1782430326.287013054,2.759984791,8.229141111,7.140261565
1782430326.288576603,2.774299516,8.320227509,7.173919632
1782430326.290182829,2.841395426,8.373795110,7.221642903
1782430326.295725346,2.784378071,8.463434817,7.257780862
1782430326.297177553,2.854287292,8.610633320,7.389239763
1782430326.298528194,2.897376896,8.633033205,7.405357473
1782430326.300319672,2.788599326,8.679171306,7.403669208
1782430326.302015305,2.812580988,8.689199955,7.422227825
1782430326.303563356,2.746175085,8.701795009,7.408776128
1782430326.309314966,2.723852424,8.679182445,7.387178619
1782430326.310399771,2.732580258,8.525660177,7.294082213
1782430326.312065601,2.655549852,8.482906844,7.259714156
1782430326.314737558,2.554538456,8.444698359,7.222042253
1782430326.315572977,2.551390006,8.371333911,7.183998228
1782430326.316900253,2.452300355,8.317403516,7.147476385
1782430326.322065115,2.440127616,8.248287607,7.107325304
1782430326.323621511,2.361604831,8.130880683,7.037267734
1782430326.325274944,2.287771904,8.085945754,6.993742139
1782430326.326942921,2.283582299,8.018877557,6.948557174
1782430326.328532219,2.224333928,7.971216168,6.915775402
1782430326.334357262,2.215735596,7.910190713,6.867590065
1782430326.335214615,2.212171903,7.639391056,6.682288130
1782430326.336893082,2.139842885,7.590340462,6.640917175
1782430326.339735031,2.071853246,7.537293523,6.607768602
1782430326.340578079,2.088206451,7.481651249,6.554730363
1782430326.341895819,2.021119589,7.432080221,6.521046295
1782430326.347039938,2.016327933,7.367504107,6.476330078
1782430326.348585129,1.980452014,7.247158870,6.381759617
1782430326.350275993,1.944742363,7.177393270,6.333330802
1782430326.352027178,1.923675465,7.025172360,6.211359386
1782430326.353568316,1.898831160,6.939415880,6.153194382
1782430326.357406616,1.892226838,6.858586468,6.089639910
1782430326.359335661,1.873557360,6.666037378,5.951218570
1782430326.360168695,1.862025135,6.574736723,5.870897720
1782430326.362094641,1.822480859,6.471414525,5.797414213
1782430326.364695072,1.796392068,6.340098123,5.743743200
1782430326.365554571,1.782245319,6.226930472,5.657719184
1782430326.366876602,1.746155609,6.089538099,5.590091358
1782430326.372086048,1.734541242,5.947380307,5.510366019
1782430326.373649359,1.683921079,5.681466057,5.364166946
1782430326.375361681,1.646222303,5.408910840,5.230516574
1782430326.376993895,1.622839798,5.273676939,5.154592554
1782430326.378680229,1.601803157,5.133139381,5.085869642
1782430326.384340286,1.582771947,5.004783519,5.017995277
1782430326.385210991,1.511635466,4.627472601,4.792263115
1782430326.386891127,1.493449697,4.511531400,4.720997335
1782430326.389244318,1.484070190,4.378096375,4.662348741
1782430326.390351295,1.464074098,4.272974529,4.594835062
1782430326.397077084,1.458959281,4.161600867,4.532982635
1782430326.398639202,1.405145850,3.848883648,4.349477573
1782430326.400296450,1.396101426,3.734706064,4.281145328
1782430326.402023554,1.376661421,3.645836213,4.230897019
1782430326.403573990,1.360959056,3.556230886,4.169649390
1782430326.409262657,1.336113669,3.463121246,4.113741087
1782430326.410416842,1.230567189,3.131656976,3.893669964
1782430326.411846399,1.214933985,3.048467706,3.838005017
1782430326.414727211,1.204777337,2.954571809,3.782700022
1782430326.415565729,1.174808967,2.885466207,3.735393803
1782430326.416902304,1.151310108,2.809188556,3.680965959
1782430326.421185493,1.126267579,2.734033313,3.634875817
1782430326.422050238,1.057508675,2.598424641,3.539513094
1782430326.423612118,1.032540469,2.543959645,3.502289309
1782430326.425232172,1.007660208,2.483847904,3.448508671
1782430326.427038193,0.998687273,2.433436389,3.404804990
1782430326.428572893,0.982548943,2.384490923,3.367338893
1782430326.434451342,0.949698899,2.342789217,3.337856977
1782430326.435370684,0.881047622,2.234797870,3.232716343
1782430326.437010527,0.865286326,2.199837024,3.203139181
1782430326.439778090,0.843045954,2.164840141,3.187749927
1782430326.440664530,0.826754133,2.154677536,3.150465432
1782430326.441991091,0.824344259,2.131272135,3.128074616
1782430326.447098494,0.814532325,2.117271478,3.110646508
1782430326.448640347,0.788386393,2.092780916,3.053396112
1782430326.450283051,0.775647143,2.090839956,3.028455962
1782430326.452017784,0.759525685,2.077679826,3.014454087
1782430326.453560114,0.751978834,2.077481625,2.998826477
1782430326.459323406,0.725453171,2.071590084,2.974681437
1782430326.460398197,0.681059680,2.049625670,2.931812421
1782430326.462053537,0.679398142,2.043288714,2.924644965
1782430326.464704990,0.663251270,2.046250259,2.911001740
1782430326.465564251,0.644838262,2.036716800,2.898525953
1782430326.466880083,0.641914458,2.021550210,2.896106872
1782430326.472105026,0.627113021,2.020518606,2.894222361
1782430326.473690033,0.600417498,2.026826815,2.909078450
1782430326.475337029,0.593529438,2.029301916,2.899800266
1782430326.477018595,0.589847956,2.032547113,2.907839668
1782430326.478607178,0.586201805,2.046095422,2.911135179
1782430326.482978582,0.577935157,2.037127926,2.901767331
1782430326.483765364,0.570329867,2.053161626,2.903112950
1782430326.485263109,0.548140600,2.054152119,2.899753623
1782430326.486850739,0.545503851,2.053410958,2.907235602
1782430326.489704609,0.542792436,2.054538183,2.906083228
1782430326.490552187,0.533518064,2.056775818,2.912988241
1782430326.491862059,0.543397366,2.057043847,2.910586333
1782430326.497056484,0.539479709,2.065003370,2.908471704
1782430326.498600006,0.549496603,2.062418356,2.903317049
1782430326.500278711,0.540928836,2.061927718,2.894066375
1782430326.501999617,0.542922808,2.053495121,2.889343146
1782430326.503543615,0.539425483,2.053803566,2.875089875
1782430326.509331465,0.532515890,2.038797276,2.863873536
1782430326.510171652,0.510156979,2.008949498,2.836604633
1782430326.511876106,0.507632125,2.003707615,2.827469177
1782430326.514221430,0.500321003,2.006312659,2.831723711
1782430326.515220642,0.492836851,1.994542508,2.835125230
1782430326.522116184,0.496929363,1.995586842,2.833796469
1782430326.523678303,0.489709719,1.997278336,2.856112984
1782430326.525367498,0.481281561,2.010491076,2.857585245
1782430326.527032375,0.480521794,2.003616106,2.863403755
1782430326.528590441,0.484878656,2.019581133,2.876309146
1782430326.534329891,0.480169418,2.023901655,2.873224208
1782430326.535199881,0.485634274,2.038845520,2.886720312
1782430326.536858082,0.498619398,2.048174553,2.895184882
1782430326.539707661,0.503839840,2.063964024,2.884914774
1782430326.540568113,0.497991313,2.064356505,2.886347510
1782430326.541887283,0.511849355,2.071151785,2.892961987
1782430326.545735598,0.508761548,2.075641013,2.892530393
1782430326.547113419,0.511845712,2.071214405,2.897523382
1782430326.548673153,0.511435778,2.081529456,2.892374787
1782430326.550338030,0.514727949,2.092831481,2.903280440
1782430326.551938057,0.522315736,2.105441236,2.917605647
1782430326.553601503,0.522583589,2.127219112,2.916984531
1782430326.559365988,0.527013683,2.135150958,2.932848897
1782430326.560245514,0.533780342,2.209038457,2.979723911
1782430326.561911583,0.549063752,2.227443951,2.993044326
1782430326.564703226,0.560585128,2.264741164,2.999630952
1782430326.565563202,0.563949467,2.293503787,3.021371299
1782430326.566881418,0.581398567,2.321798982,3.036208036
1782430326.572119236,0.591323731,2.355817309,3.048871316
1782430326.573670626,0.613943277,2.421162173,3.078150418
1782430326.575366497,0.626619911,2.506258579,3.113115524
1782430326.577027082,0.637108270,2.543606051,3.136829022
1782430326.578573942,0.655480464,2.588891761,3.155887372
1782430326.584289551,0.663728413,2.637825356,3.176757039
1782430326.585370541,0.724946487,2.776954930,3.244594343
1782430326.587011576,0.751158542,2.818685127,3.266587502
1782430326.589747429,0.789209590,2.863665233,3.294782633
1782430326.590603590,0.823091888,2.914209248,3.320938774
1782430326.591922283,0.854859581,2.967735572,3.357519273
1782430326.597144842,0.896703368,3.012259632,3.403211928
1782430326.598715305,0.984438537,3.133624845,3.484413278
1782430326.600365162,1.090727633,3.255988973,3.581706068
1782430326.602023125,1.149906638,3.324132466,3.622814301
1782430326.603577137,1.218832588,3.389295008,3.679969611
1782430326.608172178,1.296658357,3.475432000,3.731226438
1782430326.608955383,1.471719372,3.625962121,3.818154459
1782430326.610172510,1.559550554,3.709593971,3.852945090
1782430326.612065554,1.627917187,3.813807073,3.898654145
1782430326.614748001,1.698669637,3.906588838,3.952672980
1782430326.615579605,1.786855887,4.009164948,4.002497714
1782430326.616883993,1.850155849,4.126069376,4.060449716
1782430326.622084618,1.932482684,4.234657488,4.135395132
1782430326.623624802,2.135043286,4.601527517,4.359755743
1782430326.625279188,2.175690622,4.749264857,4.433968497
1782430326.627002954,2.263777572,4.866074034,4.522693712
1782430326.628551960,2.323106070,5.024466958,4.618925803
1782430326.634346485,2.416723444,5.155627873,4.709435659
1782430326.635183096,2.707736744,5.579257704,4.996353454
1782430326.637056589,2.750264330,5.730622135,5.087144506
1782430326.639712334,2.781351938,5.883986825,5.194019250
1782430326.640559196,2.803945004,5.979413705,5.306059173
1782430326.641980886,2.802912444,6.165308637,5.373449790
1782430326.647099495,2.844296032,6.285627459,5.476731291
1782430326.648641586,2.886349826,6.563169593,5.694451418
1782430326.650301218,2.887905705,6.726929470,5.783484024
1782430326.652006626,2.907378316,6.838161463,5.863636967
1782430326.653546333,2.892283805,6.958549109,5.964957428
1782430326.659283161,2.957242932,7.103797044,6.048828606
1782430326.660395145,3.151212993,7.463208830,6.293439353
1782430326.662058115,3.157976354,7.579101436,6.379287314
1782430326.664746761,3.149750557,7.700638969,6.446198068
1782430326.665573597,3.214355412,7.793872042,6.517931928
1782430326.666882753,3.219389237,7.892550816,6.571415880
1782430326.669208288,3.264581772,7.979684324,6.617172237
1782430326.672065496,3.297467802,8.048049481,6.663085018
1782430326.673604488,3.312030035,8.182343486,6.759359188
1782430326.675237417,3.280663173,8.249172178,6.798814425
1782430326.677001715,3.279885829,8.287012452,6.822490784
1782430326.678545475,3.224393292,8.320544014,6.850212183
1782430326.683986902,3.219632776,8.333288513,6.868788220
1782430326.685176373,3.245605934,8.340483514,6.853996289
1782430326.687017918,3.211658553,8.344899866,6.854598331
1782430326.689692020,3.173319931,8.330551308,6.842777460
1782430326.690543175,3.183407662,8.305077182,6.815247856
1782430326.691854715,3.136013403,8.270678436,6.802487249
1782430326.697067976,3.137839861,8.214412616,6.774663000
1782430326.698615074,3.057336469,7.996446720,6.656905702
1782430326.700303316,2.997615005,7.932055031,6.626187649
1782430326.702085257,2.977932121,7.843516964,6.584343643
1782430326.703710794,2.932325011,7.768142435,6.557090215
1782430326.709334612,2.902429578,7.684322571,6.509483825
1782430326.710213423,2.863343293,7.436874877,6.384085665
1782430326.711861372,2.821274022,7.355574846,6.345261563
1782430326.714688063,2.773274835,7.273512955,6.311974334
1782430326.715547323,2.763195257,7.201388875,6.255328967
1782430326.716863394,2.714477891,7.121464271,6.219757083
1782430326.722095490,2.703381699,7.045685433,6.167560368
1782430326.723640442,2.634222223,6.896937088,6.066019704
1782430326.725335836,2.586987453,6.825132800,6.021288416
1782430326.727008343,2.570538907,6.751010523,5.965148789
1782430326.728556395,2.517618288,6.670163758,5.914042705
1782430326.730255604,2.506695429,6.599369598,5.857103174
1782430326.734339714,2.485175548,6.525811406,5.797368017
1782430326.735270500,2.460595457,6.297839549,5.627267607
1782430326.736917734,2.404931907,6.208851800,5.583160445
1782430326.739719868,2.350780213,6.125946186,5.548220057
1782430326.740557909,2.338202976,6.038936971,5.469302304
1782430326.741889000,2.271674234,5.941748713,5.430775702
1782430326.745238066,2.254523759,5.848687097,5.366270442
1782430326.747103930,2.232465254,5.751858621,5.300353531
1782430326.748688459,2.184114018,5.640428149,5.244255216
1782430326.750341654,2.131933794,5.546967618,5.194004047
1782430326.752012968,2.088736178,5.323091122,5.056077100
1782430326.753562689,2.030513877,5.208932090,5.001196377
1782430326.759302139,2.005380659,5.091664914,4.928331817
1782430326.760420084,1.940802355,4.773590145,4.731031489
1782430326.762009144,1.893721738,4.651605179,4.674163629
1782430326.764693260,1.842894029,4.539408935,4.633068839
1782430326.765524149,1.820380970,4.428075463,4.555387710
1782430326.766939163,1.779839513,4.302455575,4.507291670
1782430326.772101641,1.757741469,4.198345349,4.432740700
1782430326.773656607,1.692421217,3.980196939,4.315204188
1782430326.775316715,1.617676259,3.764200891,4.189193654
1782430326.777015924,1.593047417,3.660385674,4.122336594
1782430326.778578758,1.559333180,3.556341084,4.061698750
1782430326.784336090,1.518951738,3.458182226,3.996524635
1782430326.785199881,1.435925835,3.188505220,3.797499387
1782430326.786838770,1.409670851,3.090925780,3.739147292
1782430326.789674044,1.376960491,3.004803341,3.677968246
1782430326.790543795,1.346959948,2.915250374,3.615320370
1782430326.791862488,1.319130118,2.828247935,3.559846139
1782430326.797102451,1.283233288,2.756036871,3.500585936
1782430326.798649788,1.202225604,2.546922655,3.350726650
1782430326.800306797,1.184718337,2.474988713,3.307812030
1782430326.802017689,1.161952958,2.425595204,3.269929437
1782430326.803575993,1.133871446,2.366866388,3.221751521
1782430326.806552172,1.111149827,2.305554177,3.175693896
1782430326.807378292,1.083378499,2.256872992,3.134527022
1782430326.809324503,1.054347318,2.202358905,3.090858216
1782430326.810188770,1.027608323,2.147612143,3.050616136
1782430326.811846256,1.007983889,2.091685941,3.005658860
1782430326.814645290,0.983150710,2.042088342,2.961361978
1782430326.815503359,0.953157136,1.982520979,2.924378202
1782430326.816919804,0.933584016,1.929332142,2.881022976
1782430326.822092533,0.897729359,1.876037541,2.852386751
1782430326.823637009,0.816366548,1.727905082,2.748536324
1782430326.825368404,0.787672196,1.679408370,2.712879184
1782430326.827024698,0.768976271,1.632339940,2.684100364
1782430326.828576088,0.744900453,1.598997977,2.648491259
1782430326.834255695,0.708792670,1.556182775,2.626697575
1782430326.835323095,0.631626392,1.473147487,2.553450352
1782430326.837025881,0.619443300,1.451020649,2.536221668
1782430326.839683294,0.596652509,1.451276671,2.525537433
1782430326.840517998,0.564480336,1.445109718,2.509838952
1782430326.841925621,0.567417865,1.441753532,2.515105556
1782430326.847111464,0.545636476,1.450021284,2.518631611
1782430326.848646164,0.512622953,1.467607586,2.515924606
1782430326.850282907,0.504898348,1.482863158,2.500912966
1782430326.852034569,0.491463609,1.487561011,2.503536925
1782430326.853574514,0.484445376,1.504207680,2.499979101
1782430326.859378099,0.465684397,1.514653979,2.500920979
1782430326.860215902,0.431882048,1.543960018,2.511362294
1782430326.861866951,0.425655571,1.554988852,2.513404236
1782430326.864687920,0.418644761,1.570365661,2.509692034
1782430326.865546942,0.404282490,1.595113215,2.524892749
1782430326.866865635,0.406276439,1.583326919,2.527508283
1782430326.869585514,0.389825251,1.593145493,2.516470961
1782430326.870381594,0.375608734,1.611710765,2.511365576
1782430326.872101068,0.367515735,1.602378452,2.512778150
1782430326.873679161,0.360797681,1.615590631,2.512649010
1782430326.875356197,0.346232448,1.635837029,2.502929229
1782430326.877054214,0.363010681,1.609624078,2.496498173
1782430326.878580093,0.351933239,1.632436860,2.477462641
1782430326.884246111,0.338568378,1.633882096,2.473351517
1782430326.885325909,0.280020462,1.615657413,2.451128669
1782430326.886850595,0.264144728,1.611033655,2.437216563
1782430326.889701366,0.264645469,1.604687564,2.430382101
1782430326.890567303,0.254572397,1.604416779,2.427463695
1782430326.891879320,0.246215792,1.602582071,2.417102528
1782430326.897094727,0.255906049,1.586119200,2.419271431
1782430326.898636818,0.240549835,1.572824852,2.404407517
1782430326.900296926,0.243002403,1.582512528,2.400072549
1782430326.902037382,0.239460995,1.579330597,2.405880629
1782430326.903627396,0.244486344,1.579849757,2.406230641
1782430326.909296989,0.243253522,1.580320271,2.408755347
1782430326.910378695,0.257449920,1.583866964,2.422472736
1782430326.912015200,0.255827498,1.585800134,2.425512706
1782430326.914714813,0.275201293,1.595774352,2.432428889
1782430326.915542603,0.280484202,1.598858770,2.440720032
1782430326.916882992,0.280905308,1.610127805,2.441332807
1782430326.922101021,0.292185131,1.605393453,2.449752041
1782430326.923641682,0.298543304,1.623015569,2.462789930
1782430326.925268412,0.300830475,1.622157846,2.469002168
1782430326.927001238,0.310695123,1.622775013,2.480299195
1782430326.928570271,0.315053362,1.628620213,2.488114346
1782430326.932193041,0.321008231,1.628718378,2.493052606
1782430326.934302092,0.330058634,1.632686072,2.507584236
1782430326.935207129,0.329530247,1.626582189,2.508956546
1782430326.937047958,0.333438810,1.642484350,2.510583248
1782430326.939716578,0.338809265,1.637931459,2.517558625
1782430326.940563202,0.340602998,1.645503995,2.520948728
1782430326.941895485,0.341751454,1.653853360,2.519030242
1782430326.946823597,0.349010034,1.652161294,2.528140441
1782430326.948602200,0.351539796,1.677918774,2.529846613
1782430326.950290918,0.362133943,1.685612740,2.535961519
1782430326.952044725,0.369132160,1.716999978,2.547796213
1782430326.953642607,0.376186808,1.729164685,2.559081711
1782430326.959317923,0.379528831,1.748202713,2.569087783
1782430326.960175276,0.402809624,1.815291731,2.624731448
1782430326.962054729,0.409674757,1.839508014,2.635981101
1782430326.964745522,0.419509205,1.858465716,2.647863891
1782430326.965604305,0.432214794,1.891527796,2.668814901
1782430326.966921329,0.438078497,1.913518311,2.684101154
1782430326.972012043,0.459766207,1.936585673,2.707859613
1782430326.973558187,0.486896073,2.004252127,2.736722549
1782430326.975194931,0.511174486,2.035510778,2.753749184
1782430326.977055788,0.526952879,2.073234721,2.772116130
1782430326.978746891,0.549726615,2.108686251,2.785706836
1782430326.984290361,0.572544927,2.141090985,2.806150868
1782430326.985394001,0.677421407,2.298198862,2.889916206
1782430326.987038136,0.710844785,2.345025576,2.905427212
1782430326.989723444,0.751062464,2.386252043,2.935391853
1782430326.990566969,0.786912120,2.427858156,2.960043717
1782430326.991875410,0.815516056,2.481289676,2.986446020
1782430326.997084141,0.852394089,2.530364633,3.028877533
1782430326.998629808,0.934096152,2.652359131,3.110974777
1782430327.000285864,0.983519322,2.705672243,3.145961623
1782430327.002059221,1.038082991,2.768948282,3.187294775
1782430327.003664494,1.085664592,2.840617961,3.218130150
1782430327.008127928,1.144305615,2.900241402,3.255514460
1782430327.008845806,1.314135930,3.131317775,3.383107113
1782430327.010306358,1.381635516,3.231959701,3.432285050
1782430327.012043476,1.428532277,3.333162863,3.469794166
1782430327.014718533,1.467099749,3.429031881,3.526982173
1782430327.015572548,1.540497109,3.535792053,3.582585110
1782430327.016888380,1.576459237,3.636786889,3.649660502
1782430327.022069216,1.627501669,3.743655163,3.714538888
1782430327.023632050,1.857568395,4.116965213,3.952812672
1782430327.025366306,1.912802826,4.239247837,4.019375681
1782430327.026973486,2.007861605,4.369355982,4.082991533
1782430327.028522015,2.067569814,4.498835243,4.154464409
1782430327.034351110,2.148324713,4.609059463,4.227585028
1782430327.035185814,2.331504605,4.904562952,4.438902743
1782430327.036850214,2.362758865,5.015641313,4.524808691
1782430327.039750099,2.346429105,5.112635729,4.595755953
1782430327.040625095,2.372334747,5.186333217,4.644471374
1782430327.041944742,2.369607406,5.283376374,4.720931848
1782430327.047090769,2.397910146,5.362598902,4.774610426
1782430327.048637152,2.482986880,5.567909407,4.928322239
1782430327.050305843,2.493576721,5.628369769,4.981207412
1782430327.052009583,2.534763944,5.696635523,5.033879349
1782430327.053554535,2.538511987,5.772043528,5.075637886
1782430327.059280872,2.587241565,5.845050211,5.105561451
1782430327.060346603,2.705941317,6.023072750,5.215530730
1782430327.062045097,2.715014471,6.103386400,5.283416425
1782430327.064720631,2.710841124,6.175744536,5.308971040
1782430327.065555811,2.734500622,6.227603110,5.334729777
1782430327.066861153,2.721707285,6.286178562,5.364417497
1782430327.069984436,2.748738663,6.328201290,5.392009023
1782430327.070634365,0.000000000,0.000000000,0.000000000
1782430327.072138309,2.760915790,6.356134321,5.412103240
1782430327.073750257,2.759861465,6.416271572,5.440121706
1782430327.075189590,2.763602211,6.426781580,5.441764576
1782430327.077014446,2.743433971,6.446603743,5.452525059
1782430327.078565598,2.706909237,6.454398557,5.452286290
1782430327.084300995,2.720115645,6.448101022,5.448443285
1782430327.085201979,2.716583345,6.365822660,5.396867418
1782430327.087082624,2.690856229,6.325863085,5.382017318
1782430327.089781761,2.647665588,6.281590574,5.358877470
1782430327.090654850,2.629599251,6.212270590,5.326010609
1782430327.091988325,2.587144035,6.142972560,5.303693276
1782430327.097328901,2.564610853,6.070128261,5.272675851
1782430327.098640919,2.511017605,5.848601083,5.195862492
1782430327.100369692,2.481543301,5.787607406,5.163225741
1782430327.102059364,2.457229725,5.724106570,5.154468094
1782430327.103602886,2.439141749,5.672352095,5.131236984
1782430327.109438181,2.430154813,5.615004285,5.111634584
1782430327.110353708,2.449310346,5.448720114,5.049984116
1782430327.111938715,2.448736557,5.407747706,5.025230874
1782430327.114671230,2.442496755,5.371830373,5.008110191
1782430327.115560055,2.452961703,5.319073751,4.970034007
1782430327.116996050,2.445421588,5.270424038,4.950961742
1782430327.122124434,2.439972262,5.220623079,4.917902691
1782430327.123701572,2.449489466,5.035993956,4.798421369
1782430327.125395060,2.448025167,4.962294894,4.757071657
1782430327.127017021,2.439898644,4.888914814,4.714635531
1782430327.128563643,2.427432416,4.811379028,4.662041720
1782430327.131072044,2.424573353,4.717215765,4.613290097
1782430327.131909370,2.420538660,4.633723157,4.561255244
1782430327.134264708,2.405510632,4.545376413,4.509262006
1782430327.135370255,2.413945090,4.451444297,4.450904760
1782430327.137019634,2.401234139,4.357543353,4.411538118
1782430327.139702559,2.365042567,4.276063152,4.375448889
1782430327.140563250,2.363982673,4.170782867,4.321806473
1782430327.141884804,2.333093372,4.083004434,4.287662554
1782430327.147106409,2.316672058,3.980350053,4.239984376
1782430327.148563623,2.302207026,3.794542306,4.147449605
1782430327.150436640,2.251295145,3.705881014,4.129231059
1782430327.152042389,2.245473274,3.613909470,4.102351912
1782430327.153622389,2.195437100,3.447223006,4.049826561
1782430327.159348249,2.187590580,3.361054185,4.015783082
1782430327.160181284,2.141419324,3.128207527,3.900684773
1782430327.161875248,2.114080622,3.054744902,3.863644886
1782430327.164730787,2.080933780,2.983386703,3.837301477
1782430327.165580034,2.066149307,2.908797289,3.790022586
1782430327.166896105,2.036021042,2.845724624,3.766064377
1782430327.172105074,2.007004563,2.781278529,3.720316932
1782430327.173662186,1.964936291,2.647936694,3.651935987
1782430327.175306797,1.931379963,2.574372017,3.620117747
1782430327.177026987,1.878383096,2.447140169,3.525945599
1782430327.178567410,1.854243411,2.383379668,3.489254273
1782430327.184330463,1.840466754,2.319340592,3.442017376
1782430327.185180902,1.771886648,2.153507749,3.314309780
1782430327.187051058,1.736025490,2.094958627,3.274169022
1782430327.189711809,1.715035508,2.038307306,3.241628280
1782430327.190547943,1.688092601,1.995123871,3.206976426
1782430327.191864252,1.654377563,1.945747672,3.175437699
1782430327.197069883,1.631286765,1.900711319,3.142942584
1782430327.198647261,1.571713951,1.811229729,3.076633264
1782430327.200290203,1.548101327,1.760262277,3.044227335
1782430327.201922894,1.514457864,1.725250699,3.011267980
1782430327.203588486,1.483180048,1.680486709,2.973025029
1782430327.208199024,1.459605130,1.638634500,2.932466282
1782430327.208971262,1.367086447,1.519252934,2.814110106
1782430327.210200310,1.324069438,1.483291608,2.766434415
1782430327.211860418,1.280020387,1.435070478,2.716878542
1782430327.214659929,1.245388122,1.401994194,2.673081715
1782430327.215527058,1.199850383,1.369219338,2.616307511
1782430327.216845274,1.168233667,1.329493533,2.571309855
1782430327.222144842,1.145204772,1.297669805,2.528913612
1782430327.223698854,1.088487307,1.274495465,2.471341952
1782430327.225195169,1.035536554,1.250441977,2.421346049
1782430327.227017641,1.010940636,1.226539980,2.401527225
1782430327.228558779,0.992346585,1.215742636,2.391111547
1782430327.234283209,0.960062143,1.205984025,2.376216924
1782430327.235359192,0.894617048,1.179218731,2.357058325
1782430327.237051487,0.882114754,1.174984265,2.363922143
1782430327.239205599,0.874766711,1.178147017,2.370504524
1782430327.240179777,0.854310692,1.173520141,2.370835024
1782430327.247090340,0.853539798,1.162133507,2.370059304
1782430327.248671055,0.814598061,1.148896141,2.339438871
1782430327.250351429,0.812032116,1.140777140,2.332006478
1782430327.252048016,0.809008740,1.148911897,2.333963880
1782430327.253590345,0.802895066,1.146940879,2.324348851
1782430327.259389639,0.798452410,1.146259594,2.315977782
1782430327.260241747,0.778309940,1.132085514,2.263861559
1782430327.261892557,0.765708511,1.134310063,2.250898746
1782430327.264724731,0.761462904,1.121282190,2.227933226
1782430327.265583515,0.757411187,1.119495327,2.221211315
1782430327.266898155,0.752776109,1.113898077,2.209107442
1782430327.269603014,0.740990029,1.110254673,2.195806691
1782430327.270433664,0.741886663,1.100820436,2.189009303
1782430327.272151232,0.731074721,1.109994286,2.169030700
1782430327.273731709,0.738359987,1.107857287,2.159703027
1782430327.275179386,0.742388350,1.141298738,2.144471430
1782430327.277044773,0.739188306,1.179385499,2.135331917
1782430327.278600693,0.742316904,1.198766894,2.145091539
1782430327.284393787,0.715607228,1.204277930,2.165974439
1782430327.285237074,0.637465815,1.320305387,2.304864511
1782430327.286940575,0.612932889,1.361018966,2.341589927
1782430327.288648605,0.586223002,1.394371438,2.376782488
1782430327.290230036,0.560238738,1.429866309,2.391061825
1782430327.297116041,0.542639907,1.459454981,2.400613136
1782430327.298544407,0.511587656,1.593970349,2.437803731
1782430327.300360441,0.496826167,1.643148590,2.453405997
1782430327.302012205,0.487477945,1.675054972,2.465815865
1782430327.303658485,0.478755958,1.715067685,2.487821191
1782430327.309381008,0.455962306,1.764710324,2.518931214
1782430327.310246944,0.413673129,1.883472839,2.610958620
1782430327.312051773,0.409615111,1.917562571,2.637799297
1782430327.314717054,0.400375445,1.965611814,2.665010347
1782430327.315555573,0.381087369,2.000443522,2.685097365
1782430327.316912651,0.373798886,2.040178140,2.714723903
1782430327.322132349,0.378627691,2.077725273,2.735560253
1782430327.323691845,0.371616821,2.188797431,2.800037636
1782430327.325370312,0.361586089,2.226672074,2.817956400
1782430327.326965570,0.366546715,2.255143619,2.842147728
1782430327.328520298,0.360110751,2.298962815,2.857996245
1782430327.331759453,0.356286562,2.322559784,2.880378376
1782430327.332540512,0.357568277,2.346679328,2.904618667
1782430327.334414959,0.354428204,2.378227461,2.923512513
1782430327.335271597,0.340235339,2.404508842,2.941079638
1782430327.336931944,0.341640596,2.430248876,2.961627981
1782430327.339729309,0.337661828,2.447810291,2.964843314
1782430327.340605021,0.334480546,2.471179928,2.990654230
1782430327.341926098,0.337173718,2.490670832,3.005575071
1782430327.347102165,0.329022142,2.501076512,3.009974503
1782430327.348644018,0.329296574,2.521832784,3.029208433
1782430327.350302935,0.318679068,2.540500845,3.038774652
1782430327.352037430,0.315202049,2.533129997,3.045283982
1782430327.353594780,0.311080344,2.544126096,3.046972673
1782430327.359344482,0.295302602,2.548334211,3.059856206
1782430327.360185862,0.267841609,2.539984951,3.083749182
1782430327.361942291,0.256588439,2.557897075,3.089449534
1782430327.364739656,0.254139771,2.559102970,3.094984386
1782430327.365586519,0.252488572,2.563755013,3.105968363
1782430327.366900921,0.247100915,2.573222985,3.108418138
1782430327.372114897,0.246563323,2.568877214,3.107805995
1782430327.373678684,0.261738933,2.598112518,3.132494363
1782430327.375338793,0.264980819,2.605403152,3.135719232
1782430327.377035141,0.277366306,2.613285995,3.143615508
1782430327.378577709,0.293422848,2.642414066,3.158788343
1782430327.384340763,0.310649134,2.653614008,3.166809432
1782430327.385195494,0.336930786,2.679938601,3.190399481
1782430327.386847734,0.344239600,2.697970836,3.194675962
1782430327.389748096,0.359320170,2.703688479,3.201126141
1782430327.390607119,0.374794434,2.703440911,3.215985523
1782430327.391926765,0.395005408,2.716653176,3.218691248
1782430327.397091389,0.416151851,2.714468436,3.230862527
1782430327.398757696,0.456614555,2.728649458,3.247880647
1782430327.400194168,0.477160456,2.718460071,3.260630423
1782430327.402015209,0.506486496,2.727622313,3.280214176
1782430327.403552055,0.527930985,2.731481209,3.292213308
1782430327.408174038,0.559744491,2.719480624,3.301119194
1782430327.408910990,0.643446912,2.704447107,3.346260737
1782430327.410348654,0.673305900,2.704760692,3.361363822
1782430327.411906242,0.706350261,2.704631734,3.361624215
1782430327.414705992,0.732315476,2.695143051,3.368231568
1782430327.415577412,0.768977410,2.687751662,3.376237952
1782430327.416902781,0.790859983,2.685641724,3.375718294
1782430327.422063351,0.827925588,2.681304309,3.383816932
1782430327.423609495,0.900864103,2.681527866,3.381794323
1782430327.425243139,0.945621867,2.678104543,3.380267101
1782430327.426967382,0.987128056,2.684476082,3.384326005
1782430327.428513050,1.015306170,2.711958991,3.403866166
1782430327.434347630,1.043153137,2.729355671,3.418858474
1782430327.435183525,1.178584073,2.798507235,3.556860814
1782430327.437053204,1.228906592,2.828784658,3.566967577
1782430327.439737558,1.263679143,2.870436134,3.599780255
1782430327.440589905,1.319594710,2.911169184,3.626095477
1782430327.442008972,1.369501733,2.964878438,3.651624407
1782430327.447094679,1.402433550,3.007825193,3.681432235
1782430327.448660374,1.550265939,3.192283693,3.788292756
1782430327.450304031,1.603693221,3.259741665,3.820133301
1782430327.452017069,1.678425057,3.346898323,3.867461364
1782430327.453560114,1.713221560,3.427491440,3.913537928
1782430327.459349394,1.783270044,3.517035735,3.982493358
1782430327.460217714,1.980276283,3.846158297,4.180343588
1782430327.462002754,2.067065054,3.952350886,4.232661957
1782430327.464716673,2.126557508,4.029742024,4.298523729
1782430327.465548515,2.160350455,4.111273825,4.354646904
1782430327.466858387,2.196649306,4.207296465,4.424362156
1782430327.470769405,2.244232621,4.269905013,4.460370530
1782430327.472069263,2.321536858,4.410471546,4.543817364
1782430327.473646402,2.355488830,4.470011293,4.563136715
1782430327.475328445,2.397056805,4.540313053,4.597399339
1782430327.477027655,2.417228187,4.590096537,4.636504680
1782430327.478580475,2.448968943,4.649817902,4.656431689
1782430327.484595060,2.482095740,4.687731730,4.695564947
1782430327.485447884,2.598808188,4.813783945,4.762081262
1782430327.486989260,2.625190300,4.866323356,4.781848182
1782430327.489727974,2.645075989,4.905727105,4.790781202
1782430327.490565538,2.663836599,4.937715547,4.791415300
1782430327.491880655,2.687142266,4.984136410,4.817250439
1782430327.497008801,2.708337296,5.016857096,4.838112994
1782430327.498577595,2.783903657,5.097365963,4.880269551
1782430327.500232697,2.803118153,5.138515334,4.885010974
1782430327.501940489,2.839027567,5.157499004,4.906999766
1782430327.503748417,2.867119112,5.194778665,4.909947618
1782430327.509489298,2.888959357,5.218244620,4.933715990
1782430327.510387421,2.997344963,5.274693127,4.968262322
1782430327.511962891,3.005665647,5.285505563,4.961615678
1782430327.514739513,3.001990093,5.262953892,4.963365735
1782430327.515578985,3.016008764,5.243045914,4.956081223
1782430327.516894341,3.012991613,5.227028698,4.957618908
1782430327.522205114,3.007570723,5.188341743,4.949209627
1782430327.523645878,3.019934285,5.052323302,4.923775426
1782430327.525196791,3.018701561,4.997804354,4.910542279
1782430327.527006865,3.007408231,4.948885956,4.908374403
1782430327.528562069,2.997466363,4.895976512,4.894644357
1782430327.533295393,2.996939683,4.826299323,4.885700212
1782430327.534086466,2.990660545,4.712803022,4.860886608
1782430327.535374641,2.993772521,4.649593755,4.847113659
1782430327.536948442,2.993231793,4.596031094,4.837098931
1782430327.539704323,2.971510740,4.543765320,4.822321239
1782430327.540557384,2.977386453,4.485277532,4.798826803
1782430327.541882277,2.966598054,4.430146966,4.790473263
1782430327.547109127,2.964798277,4.372460017,4.763127357
1782430327.548659086,2.949256122,4.262937345,4.716891520
1782430327.550316572,2.942223834,4.201451324,4.693885328
1782430327.552053452,2.939246643,4.144034438,4.665688994
1782430327.553610325,2.936851618,4.023951193,4.606269191
1782430327.559293747,2.931751423,3.966852241,4.564608388
1782430327.560383797,2.921735513,3.773943727,4.452070790
1782430327.562057972,2.901861216,3.698564139,4.423425560
1782430327.564696789,2.892337234,3.635666449,4.397544346
1782430327.565616369,2.881683454,3.557405192,4.363731237
1782430327.566966772,2.861328452,3.498663130,4.344086278
1782430327.572134495,2.857862374,3.438269397,4.323770692
1782430327.573669195,2.825582181,3.302789581,4.300464740
1782430327.575308084,2.806515476,3.219595182,4.296750984
1782430327.577017307,2.795451254,3.161664236,4.272962608
1782430327.578615189,2.767772876,3.018244422,4.238124689
1782430327.584369659,2.758235380,2.954457444,4.200706050
1782430327.585228682,2.739539557,2.765862035,4.108278496
1782430327.586911678,2.714143694,2.700584907,4.091355903
1782430327.589725733,2.705161038,2.632764714,4.064342894
1782430327.590564251,2.690956444,2.583284104,4.044449912
1782430327.591885328,2.676413178,2.531020517,4.018520776
1782430327.596096754,2.676478340,2.494160774,3.988332396
1782430327.596942186,2.679662073,2.501930684,3.925104089
1782430327.598623753,2.689496773,2.504425443,3.921320205
1782430327.600380421,2.697759195,2.500859976,3.983649061
1782430327.602031231,2.704935795,2.552049965,4.038598310
1782430327.603576422,2.690665182,2.561051966,4.097864174
1782430327.609398365,2.644970546,2.574595654,4.137371452
1782430327.610255003,2.466701517,2.468297372,4.125837811
1782430327.611932039,2.407227713,2.379121302,4.104719003
1782430327.614660740,2.389354029,2.310823595,4.071663711
1782430327.615518332,2.350112024,2.245443309,4.066017946
1782430327.616832733,2.329561843,2.198587715,4.058275373
1782430327.622097969,2.319797430,2.169671605,4.059864819
1782430327.623540401,2.258466572,2.134717423,4.091594199
1782430327.625314713,2.245475693,2.090292738,4.110011554
1782430327.627040386,2.219129587,2.095311972,4.110591527
1782430327.628682137,2.183158148,2.077408256,4.109442090
1782430327.634346008,2.158606329,2.069611850,4.103936651
1782430327.635195017,2.047949669,1.973190197,4.028164118
1782430327.636868238,2.023950040,1.943693913,4.003244578
1782430327.639736891,2.010620531,1.928435905,3.979493914
1782430327.640602112,1.987047509,1.910921385,3.962389517
1782430327.641922474,1.969704673,1.905445275,3.929794680
1782430327.647140741,1.947228658,1.894218168,3.906746934
1782430327.648708820,1.890349788,1.871324309,3.838783069
1782430327.650343895,1.874319071,1.860632392,3.808436492
1782430327.652029753,1.861013541,1.858301211,3.782097999
1782430327.653568983,1.859246232,1.851308026,3.769683784
1782430327.658616304,1.847095849,1.843949483,3.739413700
1782430327.660291433,1.825487595,1.816566372,3.703637827
1782430327.661928415,1.806035512,1.796301590,3.688300760
1782430327.664667368,1.804001352,1.786557133,3.658353342
1782430327.665522575,1.802883552,1.758471777,3.621580177
1782430327.666836023,1.803774325,1.755261969,3.596687796
1782430327.672116280,1.803061838,1.749664358,3.581790398
1782430327.673661709,1.802890190,1.731581274,3.529833040
1782430327.675334692,1.798746951,1.723110679,3.525406463
1782430327.677030087,1.792459714,1.728550924,3.501147958
1782430327.678570986,1.775964817,1.722078111,3.492625689
1782430327.684344530,1.776179821,1.714012172,3.476050589
1782430327.685183287,1.731712629,1.678952711,3.424782591
1782430327.686929464,1.718134414,1.671411256,3.409312040
1782430327.689748049,1.695386461,1.664450743,3.399063859
1782430327.690618992,1.681817928,1.651651652,3.392281835
1782430327.691939831,1.663183593,1.644298385,3.384347742
1782430327.697086811,1.642253128,1.651080321,3.382997304
1782430327.698644638,1.590286246,1.689052923,3.396257922
1782430327.700298548,1.580017522,1.712398995,3.414285605
1782430327.702038527,1.565606305,1.750285438,3.429977808
1782430327.703587770,1.548546224,1.781457905,3.450758527
1782430327.709352970,1.540523804,1.820771906,3.473691192
1782430327.710228205,1.516687765,1.976821939,3.547912675
1782430327.711901665,1.500133972,2.030660258,3.571350266
1782430327.714758635,1.497414205,2.097389114,3.605208653
1782430327.715610743,1.496009695,2.153503042,3.637908467
1782430327.716917515,1.488370849,2.226004053,3.666240814
1782430327.720801830,1.475004721,2.288070110,3.695567320
1782430327.722100973,1.459153909,2.421976431,3.764318150
1782430327.723656654,1.443863718,2.481510550,3.801479310
1782430327.725298882,1.433188745,2.543004917,3.841387369
1782430327.727069616,1.413513267,2.600145701,3.875695566
1782430327.728629351,1.390784181,2.662639450,3.910622211
1782430327.734389544,1.376511272,2.709992160,3.946377636
1782430327.735232592,1.304348260,2.826261109,4.057896724
1782430327.736889124,1.269381918,2.857907576,4.092603952
1782430327.739697933,1.236960259,2.888822725,4.104694672
1782430327.740558147,1.213115555,2.902428426,4.126452942
1782430327.741874695,1.180503661,2.935057646,4.152290581
1782430327.747107506,1.146702373,2.948253686,4.172421075
1782430327.748652220,1.082563498,2.978039178,4.179559582
1782430327.750338316,1.030329562,2.984795636,4.181082761
1782430327.751986980,1.001682190,2.974066105,4.188903338
1782430327.753633499,0.960876026,2.990273667,4.185348099
1782430327.759642839,0.924596157,2.986649025,4.177036206
1782430327.760517120,0.818567563,2.971985642,4.134278512
1782430327.761866808,0.780033282,2.968990100,4.101999557
1782430327.763518810,0.750988774,2.960105899,4.080997210
1782430327.765197754,0.730030015,2.956110781,4.064099046
1782430327.772173166,0.702013750,2.951630578,4.029696261
1782430327.773559809,0.606462609,2.858471199,3.928549575
1782430327.775173903,0.579362757,2.828335985,3.892095329
1782430327.776994705,0.559695466,2.805136566,3.845430091
1782430327.778542042,0.532734939,2.770034928,3.812062919
1782430327.781810999,0.515930422,2.722575044,3.762748022
1782430327.782629251,0.491832653,2.671175872,3.714881427
1782430327.784404516,0.480956652,2.612155609,3.684202716
1782430327.785254002,0.454652037,2.561898282,3.637356652
1782430327.787027597,0.428289731,2.507081184,3.584852510
1782430327.789670706,0.418710040,2.458425339,3.543498779
1782430327.790526628,0.397419976,2.406504780,3.504151986
1782430327.791836023,0.396579809,2.356896346,3.454205393
1782430327.797017097,0.385440904,2.303359672,3.424974607
1782430327.798560858,0.359727950,2.200995485,3.343289750
1782430327.800204992,0.353768746,2.162819112,3.302579071
1782430327.802034855,0.341525476,2.111629066,3.267837105
1782430327.803613901,0.328466568,2.022054977,3.177144452
1782430327.809376478,0.325393901,1.991760483,3.190658971
1782430327.810218334,0.315855676,1.826929123,3.068675796
1782430327.811864853,0.310183595,1.790946877,3.027124965
1782430327.814740896,0.319366659,1.770731078,2.985932559
1782430327.815607548,0.318111839,1.730029520,2.953776882
1782430327.816931009,0.311047298,1.708609975,2.907092408
1782430327.822128773,0.328486201,1.660536488,2.877226966
1782430327.823680639,0.312976296,1.625962931,2.831612283
1782430327.825332403,0.317979751,1.596663694,2.776272329
1782430327.827025414,0.318596559,1.569717204,2.754920656
1782430327.828568935,0.318885426,1.573428582,2.727227602
1782430327.834408522,0.320669886,1.554933815,2.717459500
1782430327.835261822,0.321097428,1.508895412,2.685977951
1782430327.836911917,0.316102821,1.539415179,2.663972477
1782430327.839767933,0.325936237,1.552065170,2.643098119
1782430327.840604305,0.331146166,1.561934654,2.652412014
1782430327.841935158,0.342920514,1.594352530,2.650619460
1782430327.843722105,0.353574287,1.603501012,2.664034143
1782430327.847103596,0.362684098,1.620629712,2.677813309
1782430327.848671675,0.373186902,1.663776455,2.676571308
1782430327.850330591,0.390908652,1.691743092,2.673149138
1782430327.852062702,0.399361353,1.708564223,2.691715514
1782430327.853635073,0.411981839,1.753645180,2.694359923
1782430327.859227657,0.416362146,1.762128010,2.709854046
1782430327.860281944,0.431762785,1.817557709,2.768782295
1782430327.861968994,0.436877934,1.852859909,2.757958951
1782430327.864718914,0.449020802,1.872779031,2.765659547
1782430327.865595818,0.449577612,1.888519543,2.774634751
1782430327.866911411,0.460178277,1.908721425,2.774188082
1782430327.872124195,0.464643156,1.916930638,2.789033542
1782430327.873661041,0.470625159,1.961413098,2.801022505
1782430327.875410795,0.476374575,1.987470900,2.792533815
1782430327.877075195,0.486329211,1.999366756,2.804848674
1782430327.878646612,0.502567280,2.022279401,2.802883985
1782430327.884445429,0.495900893,2.028232426,2.801139936
1782430327.885293007,0.505669061,2.076878663,2.831121710
1782430327.886945724,0.529384674,2.093546136,2.831900028
1782430327.889735699,0.549240290,2.119187729,2.834031241
1782430327.890584707,0.556605258,2.139766933,2.836722907
1782430327.891910791,0.575641258,2.158124398,2.844716067
1782430327.897122145,0.586385015,2.167355515,2.854867243
1782430327.898655653,0.605554093,2.218513382,2.881109375
1782430327.900287867,0.619756167,2.253892956,2.888561541
1782430327.902104139,0.624877806,2.265507578,2.897781525
1782430327.903642416,0.643696670,2.290655231,2.903566886
1782430327.906149864,0.651569394,2.313245099,2.906084481
1782430327.906879902,0.655751903,2.333089744,2.911457010
1782430327.909482718,0.666089598,2.357657256,2.920321118
1782430327.910349607,0.670553467,2.389517664,2.919347945
1782430327.911920071,0.683101051,2.404674719,2.917271148
1782430327.914777994,0.706051719,2.436161278,2.931478980
1782430327.915634155,0.709929182,2.463347473,2.929613549
1782430327.916950703,0.725263344,2.484858791,2.942084401
1782430327.921207190,0.730088455,2.510742192,2.952285599
1782430327.921931505,0.746036480,2.550818878,2.976505608
1782430327.923610449,0.753660617,2.572578030,2.979951722
1782430327.925278664,0.762112906,2.604418746,2.985758162
1782430327.927099943,0.773477220,2.622606324,3.005695717
1782430327.928650856,0.781130377,2.662279286,3.023019363
1782430327.934419155,0.789359535,2.682899194,3.046807283
1782430327.935256243,0.835720218,2.791033807,3.119937696
1782430327.936918497,0.856486868,2.843816478,3.152745435
1782430327.939755201,0.884849541,2.901390275,3.181486014
1782430327.940590620,0.912320214,2.955739624,3.221512681
1782430327.941917896,0.945279871,3.020978020,3.260121067
1782430327.947128296,0.974628239,3.093762549,3.305437570
1782430327.948675394,1.064240415,3.305532096,3.433361818
1782430327.950329304,1.089737220,3.379422446,3.473361719
1782430327.952121496,1.130382470,3.456110346,3.526673222
1782430327.953716993,1.153998730,3.538488726,3.562193583
1782430327.959511995,1.194305356,3.618697851,3.615121209
1782430327.960350513,1.299304527,3.846342934,3.745034896
1782430327.961960316,1.321663049,3.919856314,3.784278984
1782430327.964694977,1.335645975,4.002789689,3.822581542
1782430327.965544462,1.357693905,4.067927946,3.855111129
1782430327.966881990,1.372008127,4.128998625,3.897366999
1782430327.972079039,1.393761526,4.194423658,3.944603096
1782430327.973635912,1.425713006,4.299463746,4.015367032
1782430327.975277185,1.435248479,4.360347648,4.048526991
1782430327.977068186,1.459155375,4.405680439,4.088879008
1782430327.978622198,1.500446549,4.517838380,4.180814672
1782430327.982578039,1.528481369,4.569134832,4.221853542
1782430327.983783960,1.579541787,4.683465378,4.322036394
1782430327.985893488,1.595998381,4.746234684,4.362634051
1782430327.987592220,1.616123620,4.794331755,4.407133741
1782430327.988932848,1.635686226,4.856244520,4.446537171
1782430327.990635157,1.622898936,4.915752846,4.472685823
1782430327.992309093,1.645951738,4.965305018,4.511478234
1782430327.993839025,1.639142023,5.029692135,4.538229744
1782430327.995393753,1.653824444,5.082274984,4.579313747
1782430327.997843504,1.652131865,5.138220504,4.621564441
1782430327.999315262,1.613023068,5.214317451,4.657159459
1782430328.000731945,1.673805438,5.245374202,4.694634901
1782430328.001984119,1.695691947,5.306467083,4.708960010
1782430328.004393339,1.696064608,5.385092101,4.750834423
1782430328.006282091,1.718795487,5.448515021,4.783432242
1782430328.007477283,1.756631889,5.509353914,4.820107122
1782430328.008802414,1.766778339,5.591792066,4.831380863
1782430328.010420322,1.786576102,5.667567152,4.851847307
1782430328.012077808,1.816315736,5.736781020,4.870678359
1782430328.013772726,1.836977866,5.809088390,4.896985247
1782430328.015412092,1.861572890,5.881638518,4.887756327
1782430328.017261267,1.880189242,5.944628681,4.913294497
1782430328.018692255,1.905790118,6.011032456,4.924985519
1782430328.022131443,1.913016728,6.075870440,4.939514674
1782430328.023686409,1.914721494,6.137701645,4.943209751
1782430328.025335550,1.928463114,6.249541768,4.957021022
1782430328.027049541,1.943621724,6.283439703,4.973434653
1782430328.028618813,1.939510996,6.329328347,4.967305784
1782430328.034352064,1.961089536,6.366088857,4.982835329
1782430328.035219431,2.031321450,6.444606076,5.008259916
1782430328.036923647,2.031002731,6.489517047,4.996163283
1782430328.039749861,2.032808410,6.508997231,5.002237512
1782430328.040601254,2.053028248,6.544146460,4.997783342
1782430328.041933298,2.043710665,6.569202001,4.992092891
1782430328.044239521,2.071032885,6.572163632,5.005434583
1782430328.047154903,2.104776345,6.576723468,5.021114985
1782430328.048522234,2.141128432,6.605719971,5.016800913
1782430328.050291061,2.118581531,6.644351610,5.010839819
1782430328.052004576,2.139968195,6.649526274,5.015726321
1782430328.053544283,2.125874872,6.678630452,5.010721167
1782430328.059215546,2.161396926,6.681408058,5.025328830
1782430328.060348034,2.251767353,6.729611280,5.027414013
1782430328.061937094,2.246809653,6.776814735,5.024090681
1782430328.064781189,2.244113119,6.793934170,5.037247362
1782430328.065653563,2.274224707,6.832093847,5.031109437
1782430328.066971779,2.279476372,6.871114615,5.041295412
1782430328.072153091,2.308001266,6.888045883,5.056737258
1782430328.073756218,2.342485915,6.970028899,5.038887585
1782430328.075286865,2.365018766,6.993491165,5.040797970
1782430328.077133656,2.323431805,7.038830509,5.041433280
1782430328.078500509,2.337368217,7.063693936,5.013437928
1782430328.084602594,2.317703305,7.075935277,5.038102472
1782430328.085452080,2.373232808,7.140418464,5.035376217
1782430328.087007999,2.353920290,7.161492828,5.031449904
1782430328.089826822,2.325349882,7.176909394,5.050080903
1782430328.090694904,2.351733676,7.167650447,5.029305707
1782430328.092012405,2.337427118,7.205768426,5.066941055
1782430328.097089529,2.365237885,7.225548500,5.045685111
1782430328.098645687,2.371767738,7.254204324,5.049087947
1782430328.100290298,2.357239943,7.259356215,5.063387120
1782430328.102082968,2.385893567,7.246020093,5.058360511
1782430328.103627205,2.380410265,7.231873581,5.047096302
1782430328.106076717,2.396354191,7.206647578,5.040242808
1782430328.106913328,2.403569423,7.194142647,5.023747295
1782430328.109583378,2.406794357,7.163585295,5.009146308
1782430328.110438108,2.415600482,7.128817746,4.982868691
1782430328.112003565,2.401038299,7.086007597,4.978678778
1782430328.114775181,2.369266322,7.049563767,4.974450575
1782430328.115622044,2.370802799,6.998791115,4.952459611
1782430328.116928101,2.340561959,6.950374645,4.944124789
1782430328.121220589,2.331462942,6.902122522,4.920644757
1782430328.121984005,2.330828809,6.809337852,4.873680506
1782430328.123621464,2.339842924,6.775733985,4.839173430
1782430328.125215054,2.325006992,6.716343567,4.819880493
1782430328.127064943,2.312800481,6.676167964,4.805492952
1782430328.128623247,2.295257860,6.631629227,4.784229126
1782430328.134516954,2.295695239,6.581065479,4.750850837
1782430328.135391712,2.279354362,6.429191246,4.639028427
1782430328.136960506,2.256827084,6.370831251,4.616338124
1782430328.139777899,2.224570480,6.318681538,4.585210437
1782430328.140729427,2.199897008,6.266874757,4.551692208
1782430328.141842604,2.191252709,6.217302860,4.520487723
1782430328.147101641,2.157672846,6.169686583,4.491932399
1782430328.148643732,2.115363732,6.059490951,4.437779536
1782430328.150321484,2.077999311,6.007016975,4.415441531
1782430328.152048111,2.059466608,5.942448842,4.375792571
1782430328.153651953,2.027503636,5.878683095,4.361816964
1782430328.159388781,2.008490074,5.822200208,4.318368676
1782430328.160245895,1.924709311,5.536010959,4.171910751
1782430328.162009954,1.881616372,5.445958059,4.159319199
1782430328.164768219,1.839154218,5.352502048,4.136849593
1782430328.165601015,1.797749076,5.266960644,4.108344468
1782430328.166914940,1.762914787,5.163678286,4.086369069
1782430328.172164917,1.738854873,5.068573197,4.053563324
1782430328.173565149,1.668875338,4.864352900,4.001492429
1782430328.175361872,1.614262471,4.744942682,4.004740200
1782430328.177050352,1.578770100,4.643932253,3.971477723
1782430328.178600311,1.508668643,4.418151123,3.919970929
1782430328.183169365,1.471863765,4.313619356,3.877060337
1782430328.183898211,1.412777650,4.106398555,3.798232888
1782430328.185317516,1.369796726,3.996810209,3.748723024
1782430328.186934710,1.318715863,3.878506405,3.717665267
1782430328.189747572,1.286119674,3.758859885,3.671913961
1782430328.190595388,1.249912671,3.648518498,3.625417429
1782430328.191901445,1.215685011,3.539727663,3.569290574
1782430328.197128057,1.174208979,3.426180166,3.518414462
1782430328.198675871,1.088237485,3.201503899,3.405452899
1782430328.200323343,1.049727363,3.083537084,3.356072407
1782430328.202029467,1.030200681,2.964432951,3.299891614
1782430328.203571558,0.997294514,2.870622361,3.257365946
1782430328.209377527,0.970044039,2.780636333,3.204840808
1782430328.210215807,0.867404787,2.451083166,3.057767093
1782430328.211892605,0.847429549,2.391153975,3.029792848
1782430328.214213371,0.839741762,2.339024021,2.995521830
1782430328.215194702,0.800636455,2.269990165,2.969724020
1782430328.222097397,0.792679827,2.212087976,2.939054143
1782430328.223653793,0.743438733,2.096416401,2.874454281
1782430328.225317001,0.724897499,2.063075135,2.858492824
1782430328.227097034,0.705782644,2.035763144,2.840113375
1782430328.228651285,0.685175201,1.984491644,2.807844913
1782430328.234483719,0.671873996,1.962911609,2.803053881
1782430328.235323668,0.627305247,1.901622997,2.767858669
1782430328.236962795,0.626616332,1.880700136,2.760284234
1782430328.239790916,0.608113696,1.869264209,2.739332660
1782430328.240642548,0.597476994,1.843420461,2.730457160
1782430328.241956472,0.588335930,1.832641503,2.722992784
1782430328.244335890,0.585171390,1.818917797,2.714626847
1782430328.245245218,0.574473987,1.808839289,2.699570731
1782430328.247147083,0.524010753,1.764060871,2.690224926
1782430328.248758793,0.551362193,1.775288727,2.689695981
1782430328.250192404,0.539982903,1.771808461,2.697329159
1782430328.252079248,0.526772326,1.751109040,2.690984384
1782430328.253624201,0.531124293,1.753228692,2.689431850
1782430328.259002924,0.518926279,1.749694347,2.690016084
1782430328.260205984,0.501050756,1.754536786,2.686795286
1782430328.262036085,0.499245499,1.758957112,2.684885654
1782430328.264776707,0.499386175,1.762557333,2.686883233
1782430328.265629053,0.491461454,1.775292179,2.687347580
1782430328.266942739,0.487845187,1.779590316,2.687915491
1782430328.272123098,0.496399314,1.787614436,2.695484677
1782430328.273658514,0.498014057,1.805450388,2.699662939
1782430328.275391817,0.499699049,1.825548443,2.696749590
1782430328.277099609,0.499961449,1.824166682,2.698418430
1782430328.278650045,0.505921892,1.830999357,2.706380337
1782430328.284538984,0.507973188,1.833551598,2.712640259
1782430328.285399675,0.508193738,1.843335148,2.721420655
1782430328.287043095,0.506749634,1.850107695,2.720986616
1782430328.289758921,0.511912242,1.848967420,2.724094312
1782430328.290927172,0.519033813,1.857597383,2.725535437
1782430328.291878939,0.515722892,1.863098313,2.729424515
1782430328.297107935,0.525620818,1.862322955,2.726368706
1782430328.298742533,0.542543800,1.871190875,2.719226177
1782430328.300210714,0.544787441,1.875484499,2.715574090
1782430328.302052259,0.550402118,1.873093376,2.700803943
1782430328.303590298,0.564419289,1.884467735,2.701137958
1782430328.306140661,0.560486448,1.886700103,2.697509546
1782430328.306951046,0.552976706,1.888452956,2.689639600
1782430328.309548378,0.558079637,1.879371383,2.688481805
1782430328.310487747,0.549001479,1.880150161,2.678849212
1782430328.311918259,0.551973053,1.883080154,2.657294569
1782430328.313596487,0.557699788,1.876322729,2.644200571
1782430328.315220118,0.551017391,1.876456429,2.640505338
1782430328.322132111,0.557796959,1.881548850,2.618500327
1782430328.323552608,0.543345781,1.856192420,2.579094169
1782430328.325369358,0.569472824,1.858251618,2.566413992
1782430328.327079058,0.564432315,1.858940838,2.551183753
1782430328.328634501,0.566575029,1.860301387,2.534197940
1782430328.334569454,0.570748180,1.854590535,2.536436411
1782430328.335408211,0.559946488,1.847877565,2.519430765
1782430328.337045193,0.568196672,1.855080536,2.504925895
1782430328.339821100,0.575760851,1.858267912,2.497619302
1782430328.340684414,0.578950049,1.855623775,2.496778086
1782430328.342005014,0.591019457,1.867054333,2.488742030
1782430328.347155809,0.588327109,1.864985936,2.490774108
1782430328.348689318,0.613127075,1.901295130,2.489440319
1782430328.350356102,0.622901790,1.912634552,2.499915934
1782430328.352113962,0.622176818,1.933714059,2.508296574
1782430328.353660583,0.634908627,1.953000487,2.519338333
1782430328.359610319,0.638826548,1.975042942,2.534360946
1782430328.360453367,0.657727878,2.050616626,2.586877276
1782430328.361873388,0.681922424,2.075734627,2.601093431
1782430328.363596201,0.695208741,2.102241160,2.624804950
1782430328.365346670,0.702681165,2.132925273,2.653031315
1782430328.368580103,0.725868793,2.165598722,2.673259257
1782430328.372139931,0.734967341,2.204645903,2.699645757
1782430328.373684168,0.770188910,2.282394647,2.746934715
1782430328.375360489,0.786835014,2.323076629,2.766608699
1782430328.377097845,0.803817767,2.364813600,2.798843555
1782430328.378626585,0.834776610,2.457049980,2.847295509
1782430328.384221315,0.856400479,2.507644570,2.876933553
1782430328.385226250,0.902268682,2.665257757,2.958853054
1782430328.387079477,0.923511066,2.724049598,2.981902735
1782430328.388539791,0.951938922,2.770313428,3.008133444
1782430328.390254259,0.970864772,2.834225948,3.040996622
1782430328.397091389,0.997966296,2.892621799,3.062901862
1782430328.398667097,1.079110092,3.070697493,3.156848547
1782430328.400320768,1.100371188,3.131541937,3.186808071
1782430328.402123928,1.133769143,3.197941793,3.228228355
1782430328.403675795,1.180397462,3.325527192,3.294957669
1782430328.409477711,1.208816557,3.380278126,3.333791445
1782430328.410322428,1.285427281,3.555383474,3.434080914
1782430328.411969185,1.313745217,3.615800366,3.464322765
1782430328.414758444,1.325520672,3.665748913,3.486187166
1782430328.415611029,1.353094232,3.719253135,3.527659909
1782430328.416933298,1.377748231,3.769905481,3.558481924
1782430328.422139645,1.398245381,3.818150484,3.586459206
1782430328.423685789,1.441339199,3.906668013,3.643716805
1782430328.425344229,1.461423940,3.966215274,3.674886311
1782430328.427045584,1.525950285,4.056164208,3.733325934
1782430328.428605318,1.529117393,4.113947961,3.754082533
1782430328.431246758,1.577454308,4.167809228,3.796261836
1782430328.432028055,1.637389555,4.230991479,3.835887097
1782430328.434342861,1.687837873,4.301840723,3.872243938
1782430328.435207605,1.748872023,4.367733467,3.918989665
1782430328.436862707,1.790573335,4.456246928,3.970945478
1782430328.439817905,1.830454668,4.546513659,4.021197535
1782430328.440663338,1.916852049,4.619136337,4.079672484
1782430328.441978931,1.937918130,4.728526210,4.130353020
1782430328.447160006,1.996794080,4.816734716,4.186155798
1782430328.448511124,2.156393310,4.990823726,4.308305912
1782430328.450320005,2.148696960,5.100351366,4.364924790
1782430328.452051401,2.217740293,5.196260459,4.425074526
1782430328.453616381,2.261005155,5.306643064,4.490783774
1782430328.459479094,2.330924449,5.408583307,4.546725326
1782430328.460339785,2.657853769,5.818161617,4.770108348
1782430328.461989641,2.674225037,5.956410622,4.846275394
1782430328.464790583,2.705976640,6.089067841,4.916802118
1782430328.465648413,2.790609097,6.207956379,4.970203027
1782430328.466962576,2.813592390,6.338811580,5.048532530
1782430328.472163916,2.899732117,6.443082289,5.094105623
1782430328.473722696,3.063558157,6.769797487,5.259587379
1782430328.475384951,3.074687252,6.897276417,5.314090515
1782430328.477094650,3.153949670,6.987888234,5.360013183
1782430328.478638649,3.132717272,7.099950889,5.409725590
1782430328.484584093,3.166926765,7.151745151,5.423788706
1782430328.485430002,3.282194218,7.378509819,5.553600793
1782430328.486848116,3.256127224,7.465674302,5.604218796
1782430328.489793301,3.205414176,7.538210238,5.646735592
1782430328.490651131,3.203404363,7.589954867,5.669833467
1782430328.491960287,3.177352383,7.658807340,5.711289630
1782430328.494935274,3.203938831,7.723755692,5.734654301
1782430328.495747089,3.219604837,7.783227833,5.761054205
1782430328.497128725,3.248782238,7.841259869,5.791418389
1782430328.498698473,3.213011880,7.926114814,5.834778859
1782430328.500346184,3.181482508,8.003991286,5.879878729
1782430328.502085686,3.223588755,8.076989179,5.910166895
1782430328.503639698,3.203660555,8.165324865,5.950976445
1782430328.509558201,3.241732865,8.242636112,5.984696377
1782430328.510413170,3.342816016,8.436482989,6.057458258
1782430328.511962891,3.324618163,8.499208445,6.097317186
1782430328.514719486,3.301060788,8.564907325,6.123153541
1782430328.515553713,3.328575717,8.611801440,6.138529535
1782430328.516881466,3.304443434,8.666311468,6.165742011
1782430328.522035360,3.322406403,8.703834859,6.174274496
1782430328.523604393,3.311626380,8.766074440,6.207628039
1782430328.525283813,3.275352662,8.795319721,6.219205319
1782430328.527095318,3.291815060,8.797555824,6.224783849
1782430328.528681993,3.255728271,8.807496221,6.231915311
1782430328.534509182,3.264696935,8.805580083,6.228508486
1782430328.535353899,3.271844263,8.696026934,6.206366980
1782430328.537005663,3.222339026,8.654127405,6.197901361
1782430328.539809465,3.168073827,8.613665701,6.197017091
1782430328.540689468,3.166441059,8.563126650,6.184474243
1782430328.542048216,3.118623663,8.514848058,6.177144798
1782430328.547173738,3.108689514,8.465272038,6.165193630
1782430328.548514605,3.099825066,8.321805233,6.108618206
1782430328.550371170,3.037879495,8.289704429,6.114307267
1782430328.552122593,3.031772642,8.264899839,6.095420055
1782430328.553673983,3.001103619,8.217626551,6.084693619
1782430328.557285547,2.996265519,8.181336457,6.067603782
1782430328.559552908,2.982719567,8.099661804,6.029914912
1782430328.560405493,2.978154403,8.068526531,6.015423939
1782430328.562057972,2.942921568,8.036922657,6.001503358
1782430328.564816952,2.904067488,7.992776410,5.991600347
1782430328.565666914,2.904253246,7.964342240,5.970599929
1782430328.566979647,2.859655421,7.933511029,5.958489487
1782430328.572134256,2.862089952,7.893936117,5.940725805
1782430328.573683500,2.813162802,7.810519054,5.910897939
1782430328.575348377,2.772975035,7.757973839,5.904971215
1782430328.577106953,2.761132481,7.690665148,5.867766229
1782430328.578667402,2.688007750,7.549912313,5.819476239
1782430328.584490299,2.656480793,7.466404616,5.781556924
1782430328.585333347,2.555702184,7.146327126,5.657257830
1782430328.586977482,2.474931484,7.025599818,5.624192743
1782430328.589347601,2.396078597,6.896344555,5.580574826
1782430328.590403795,2.348002997,6.756902054,5.513688545
1782430328.591849804,2.273105336,6.611544873,5.462425198
1782430328.597114801,2.230628089,6.463950577,5.394756700
1782430328.598701715,2.103734433,6.160553669,5.261259467
1782430328.600171804,2.062528810,5.999330858,5.190848330
1782430328.602113247,1.981303247,5.848546727,5.122697513
1782430328.603670359,1.880468695,5.532747313,4.981019630
1782430328.609589815,1.840289305,5.379490797,4.902692662
1782430328.610459805,1.723954700,4.936011427,4.698887845
1782430328.612017632,1.677019525,4.792505117,4.632393649
1782430328.614763737,1.632062120,4.656318702,4.572572482
1782430328.615647078,1.601808857,4.520678339,4.508070526
1782430328.616970062,1.562809270,4.394943377,4.456395933
1782430328.620078802,1.543762248,4.268849734,4.410556732
1782430328.620804548,1.514518989,4.151557553,4.361679902
1782430328.622136116,1.496774390,4.034034811,4.312602202
1782430328.623533726,1.477503822,3.928271989,4.272441039
1782430328.625311613,1.450242964,3.835610023,4.232833046
1782430328.627100468,1.432315108,3.741903711,4.193220949
1782430328.628655672,1.425623240,3.655909981,4.154178532
1782430328.634626865,1.393978041,3.584564916,4.114807109
1782430328.635499001,1.352047109,3.356770398,4.024011638
1782430328.637053013,1.343419379,3.294791502,3.997193947
1782430328.639765501,1.328094544,3.241155646,3.969933144
1782430328.640626431,1.310974391,3.191963350,3.948423642
1782430328.641948700,1.293233737,3.146224162,3.922254274
1782430328.647135496,1.288387408,3.103980322,3.906846846
1782430328.648687601,1.248926072,3.028167583,3.863815780
1782430328.650344372,1.233614779,2.999275507,3.839884865
1782430328.652085543,1.217199801,2.975096547,3.817517590
1782430328.653641224,1.207706971,2.947358887,3.793757121
1782430328.659459114,1.198396613,2.921266119,3.772655754
1782430328.660313606,1.131275084,2.824812408,3.679608149
1782430328.661967039,1.124424518,2.807511800,3.652765646
1782430328.664761066,1.110759243,2.784495824,3.634683616
1782430328.665610313,1.082548163,2.767526195,3.601280417
1782430328.666928053,1.069148092,2.746176884,3.576205306
1782430328.672172785,1.035851142,2.719886582,3.538966437
1782430328.673700571,0.967494194,2.635126262,3.446474386
1782430328.675354004,0.938675641,2.595086914,3.403795059
1782430328.677085161,0.916453557,2.557822134,3.369418594
1782430328.678667307,0.892693392,2.522505719,3.328833225
1782430328.682210922,0.861181987,2.478095412,3.287869003
1782430328.684568644,0.845441200,2.444442612,3.273996657
1782430328.685447216,0.781961046,2.378535198,3.199490661
1782430328.686995506,0.778884030,2.359497547,3.183460774
1782430328.689736605,0.749113382,2.328313807,3.159927025
1782430328.690592289,0.721494784,2.311004345,3.139711781
1782430328.691901684,0.715657104,2.302921597,3.126233778
1782430328.697098255,0.691883770,2.294237887,3.110638066
1782430328.698649883,0.683002022,2.288537672,3.081427910
1782430328.700309038,0.687098308,2.283587247,3.073052904
1782430328.702109098,0.685324559,2.288150677,3.065622711
1782430328.703657627,0.683968461,2.291975144,3.059390352
1782430328.709618092,0.688525422,2.298961312,3.062813810
1782430328.710457802,0.689736491,2.313887863,3.063300008
1782430328.712000608,0.693558206,2.319492015,3.055177547
1782430328.716132641,0.701017271,2.328446403,3.051132381
1782430328.717103720,0.692315542,2.322206978,3.049836046
1782430328.718609333,0.694868206,2.322860152,3.045880327
1782430328.722166538,0.696691042,2.313492086,3.044780721
1782430328.723541498,0.684282265,2.305806685,3.038124152
1782430328.725316286,0.697194796,2.293077918,3.027054478
1782430328.727090120,0.720850762,2.291045981,3.014669556
1782430328.728653431,0.709989495,2.293149363,3.005094990
1782430328.734492779,0.718282069,2.284323215,3.001922073
1782430328.735363483,0.702608060,2.259714088,2.969709029
1782430328.737013817,0.703612325,2.253902194,2.957297808
1782430328.739775181,0.702822717,2.248539838,2.946403631
1782430328.740626812,0.691306416,2.234926209,2.938909407
1782430328.741938353,0.700688336,2.228524715,2.931368040
1782430328.745198011,0.688322027,2.217904305,2.910844137
1782430328.747153282,0.684480842,2.207053836,2.899073820
1782430328.748720169,0.675865089,2.196725186,2.880117536
1782430328.750385761,0.668337106,2.185171597,2.874527737
1782430328.752110481,0.671933580,2.183288532,2.869246061
1782430328.753660202,0.667244008,2.189288168,2.863299501
1782430328.759571314,0.665457446,2.190394878,2.861043087
1782430328.760414600,0.643480791,2.200550446,2.856062879
1782430328.761838436,0.651600671,2.200074346,2.855173816
1782430328.764759064,0.650018696,2.215401311,2.851069985
1782430328.765613317,0.635788901,2.225585559,2.844842767
1782430328.766929865,0.645754118,2.238287426,2.850228227
1782430328.772131681,0.642145945,2.257896767,2.842760981
1782430328.773683786,0.654119686,2.288510064,2.853310773
1782430328.775365353,0.656614802,2.306971396,2.848471722
1782430328.777100801,0.660820892,2.321558198,2.851082739
1782430328.778551817,0.656020767,2.366886919,2.860249412
1782430328.784539700,0.664874613,2.382440998,2.873610947
1782430328.785395145,0.663337768,2.459214900,2.922463654
1782430328.786965847,0.679956617,2.482385115,2.942757829
1782430328.789789915,0.699264248,2.515723609,2.957811891
1782430328.790654898,0.701508224,2.547085892,2.978613260
1782430328.791979551,0.730927296,2.580008500,2.997016876
1782430328.797118187,0.745266480,2.624905308,3.013841679
1782430328.798702955,0.779514516,2.712341254,3.059303225
1782430328.800410271,0.803205741,2.764321346,3.078491074
1782430328.802115679,0.833393935,2.864785800,3.128774126
1782430328.803669453,0.862690096,2.917533855,3.154959848
1782430328.806104183,0.884783798,2.972447295,3.183012178
1782430328.806885481,0.915180369,3.026545291,3.203009173
1782430328.809608936,0.931027256,3.089605052,3.223721535
1782430328.810469389,0.949827586,3.132470393,3.248077298
1782430328.812016726,0.993853176,3.188073833,3.280419107
1782430328.814790964,1.028377259,3.242662408,3.291591475
1782430328.815649033,1.048942784,3.292029613,3.318582726
1782430328.816964626,1.094363206,3.346726974,3.343720628
1782430328.821819305,1.128136219,3.411705904,3.370389946
1782430328.822641611,1.191561879,3.529782941,3.434921189
1782430328.823624611,1.222756640,3.592598492,3.466443415
1782430328.825255871,1.274316426,3.639982309,3.519615228
1782430328.826901436,1.316814255,3.714158921,3.560961775
1782430328.828552485,1.353443470,3.768780192,3.606389144
1782430328.834513664,1.401263262,3.836829877,3.652056974
1782430328.835350513,1.547125919,4.059081708,3.783233491
1782430328.837004423,1.596968479,4.132849937,3.825680285
1782430328.839802504,1.656224323,4.197937357,3.878792947
1782430328.840642691,1.714442840,4.272869078,3.925827369
1782430328.841972589,1.765286768,4.348956448,3.975154302
1782430328.847124577,1.826282447,4.415290455,4.020218433
1782430328.848670483,1.915972342,4.552312252,4.117984256
1782430328.850340843,1.948441970,4.611453286,4.175109078
1782430328.852110147,2.024235439,4.683174532,4.213809512
1782430328.853714466,2.046741528,4.731394244,4.244792109
1782430328.859517574,2.101056960,4.782940562,4.293490349
1782430328.860361576,2.314592473,5.004041384,4.443728302
1782430328.862013817,2.329745241,5.061600472,4.469883210
1782430328.864781380,2.359101963,5.119685131,4.516802429
1782430328.865638018,2.418415089,5.187657544,4.548080633
1782430328.866955280,2.435382119,5.275554538,4.607090126
1782430328.872124910,2.478429964,5.343277536,4.644832252
1782430328.873677492,2.617641528,5.607476173,4.808982293
1782430328.875343561,2.648843591,5.703965514,4.852884350
1782430328.877092600,2.727600238,5.791185210,4.911083230
1782430328.878642559,2.791007997,5.890137314,4.980334382
1782430328.883172035,2.869938948,5.983489585,4.990011547
1782430328.883907795,3.015432825,6.128062574,5.116301819
1782430328.885343313,3.086401807,6.203666198,5.159868919
1782430328.887041569,3.105974159,6.278198982,5.199729686
1782430328.889804840,3.117355327,6.364090376,5.249448129
1782430328.890653610,3.168136933,6.415212413,5.281150645
1782430328.891957760,3.140886791,6.481920933,5.326345554
1782430328.897134542,3.181925818,6.540279813,5.370527543
1782430328.898623228,3.281263131,6.691568107,5.474196319
1782430328.900193214,3.275827052,6.758478909,5.508117393
1782430328.902066946,3.273261685,6.826486463,5.551444411
1782430328.903600693,3.275229938,6.890133640,5.582831432
1782430328.909576178,3.322826718,6.939122796,5.603636553
1782430328.910425663,3.442782151,7.047331532,5.648484431
1782430328.911836386,3.428966264,7.089021850,5.671132818
1782430328.914230824,3.408542321,7.123266738,5.681337992
1782430328.915198803,3.427481938,7.135428112,5.681614782
1782430328.922113419,3.406314211,7.155416648,5.697833566
1782430328.923676252,3.393806861,7.123722737,5.679689829
1782430328.925327063,3.356694630,7.107250256,5.680843004
1782430328.927082062,3.352355586,7.067798752,5.665901657
1782430328.928625584,3.311048566,7.051323037,5.664649022
1782430328.934498310,3.299292318,7.009621914,5.650574731
1782430328.935387850,3.256765474,6.852685765,5.598268778
1782430328.936949492,3.214245568,6.798451048,5.580047151
1782430328.939736366,3.167125840,6.749845213,5.561501025
1782430328.940587282,3.148414746,6.681805617,5.528762595
1782430328.941893101,3.118672013,6.619796272,5.511656021
1782430328.945559978,3.099336010,6.563235769,5.481302809
1782430328.947106600,3.068278777,6.438700163,5.428521765
1782430328.948651314,3.024825893,6.388436193,5.409215869
1782430328.950293303,2.986397992,6.338067785,5.393513698
1782430328.952093840,2.983054802,6.282428052,5.375977126
1782430328.953637600,2.952398770,6.235332741,5.356250395
1782430328.959566832,2.939632060,6.185849857,5.327616478
1782430328.960415363,2.915054734,6.060659022,5.265428543
1782430328.962063074,2.892804488,6.019920682,5.252010247
1782430328.964802265,2.883152711,5.985906529,5.243082633
1782430328.965687037,2.872726016,5.955521774,5.219182587
1782430328.967000723,2.856644081,5.921604054,5.207307491
1782430328.972145081,2.859975581,5.886677609,5.188270870
1782430328.973683596,2.851959348,5.823896901,5.148777857
1782430328.975356817,2.835673532,5.798702373,5.134610307
1782430328.977124453,2.823536388,5.771306415,5.114444046
1782430328.978678226,2.800164448,5.739997377,5.109687265
1782430328.984572411,2.777523594,5.704033949,5.089437361
1782430328.985408783,2.683150645,5.529737567,4.990399890
1782430328.986835480,2.640737385,5.477330760,4.973105398
1782430328.989831209,2.595510052,5.429482326,4.950787053
1782430328.990721703,2.555858891,5.376183218,4.914893101
1782430328.992023230,2.514569460,5.311070329,4.896448622
1782430328.997117996,2.485360377,5.254808071,4.868883347
1782430328.998649120,2.405606773,5.127696789,4.810694175
1782430329.000317574,2.358212925,5.063653055,4.784403115
1782430329.002088785,2.317311746,4.988630964,4.743888419
1782430329.003641605,2.219654373,4.832215219,4.678978945
1782430329.008094072,2.179571511,4.735294133,4.634170210
1782430329.008859396,2.099720710,4.572728672,4.550071508
1782430329.010356903,2.055086766,4.479792511,4.513451316
1782430329.011882305,2.008232586,4.388550313,4.480167867
1782430329.013547659,1.950857760,4.305335795,4.440767433
1782430329.015245676,1.909530584,4.216384354,4.407368090
1782430329.022143364,1.869162346,4.130184210,4.373993618
1782430329.023699522,1.762331437,3.868220266,4.256014756
1782430329.025329828,1.716063346,3.785380423,4.216564908
1782430329.027093887,1.682919406,3.690782918,4.184901735
1782430329.028614283,1.617019098,3.526047765,4.105017634
1782430329.034491301,1.587994671,3.436419403,4.078835141
1782430329.035366297,1.496778201,3.179676856,3.965204338
1782430329.037007570,1.460974591,3.103045367,3.924171713
1782430329.039276838,1.422283319,3.028621114,3.876123868
1782430329.040325880,1.387552988,2.950926012,3.844488647
1782430329.047156334,1.352678131,2.887533305,3.805520361
1782430329.048713684,1.272684906,2.704883133,3.723898177
1782430329.050391197,1.234224353,2.605588350,3.695447135
1782430329.052096367,1.216008510,2.570292600,3.674770058
1782430329.053644419,1.198284019,2.528576149,3.655270767
1782430329.059524536,1.190004728,2.492710626,3.641555098
1782430329.060363531,1.152735794,2.413992609,3.614935117
1782430329.062007904,1.137873007,2.391340416,3.592579627
1782430329.064807892,1.131137028,2.365776196,3.571969413
1782430329.065654039,1.122205398,2.350982952,3.561930346
1782430329.066956758,1.102666052,2.333838161,3.535056456
1782430329.070081949,1.091010870,2.304414113,3.516994123
1782430329.070864201,1.076947384,2.281512456,3.503210061
1782430329.072056770,1.052895286,2.262584199,3.488400845
1782430329.073623419,1.049191606,2.234916960,3.477342886
1782430329.075265646,1.048150153,2.223587420,3.461902507
1782430329.077072859,1.022802677,2.218031017,3.457160329
1782430329.078623056,1.006706455,2.193516871,3.434805869
1782430329.084345341,1.000293090,2.180568202,3.423827221
1782430329.085205317,0.944544356,2.127903032,3.387425513
1782430329.086855650,0.933447014,2.123721379,3.368455160
1782430329.089803696,0.924141984,2.107586159,3.349273057
1782430329.090662956,0.923300250,2.095135614,3.346321026
1782430329.091979504,0.915668260,2.086577569,3.332738601
1782430329.097163439,0.906385816,2.082473637,3.319065882
1782430329.098708630,0.868249464,2.040136548,3.293853541
1782430329.100358248,0.862911062,2.027820693,3.279560211
1782430329.102124214,0.844464724,2.019379083,3.267196684
1782430329.103687763,0.837577584,2.006214664,3.258546412
1782430329.109552622,0.828542116,1.998979650,3.250946056
1782430329.110387802,0.800203220,1.985381575,3.231501592
1782430329.112038374,0.792097989,1.990165176,3.231696028
1782430329.114809752,0.797551498,1.989943051,3.232424387
1782430329.115658283,0.794824623,2.000985570,3.250782916
1782430329.116958618,0.794478678,2.015691600,3.259313426
1782430329.122150660,0.795420345,2.015466902,3.271141096
1782430329.123707294,0.810640523,2.050550790,3.319407219
1782430329.125363111,0.816372044,2.062845656,3.334671501
1782430329.127097845,0.819479850,2.075254713,3.342178709
1782430329.128642082,0.826545667,2.081164292,3.352755275
1782430329.132522583,0.829584547,2.093613661,3.360269139
1782430329.134596825,0.840593425,2.105866911,3.376566536
1782430329.135484695,0.846283185,2.116420589,3.376635442
1782430329.136856556,0.855550854,2.124804438,3.379230482
1782430329.139776945,0.864419285,2.130658828,3.383469731
1782430329.140633583,0.859087369,2.138765898,3.381500727
1782430329.141955137,0.860259276,2.141830119,3.391731515
1782430329.147168875,0.867582280,2.149279568,3.394074382
1782430329.148526669,0.869004614,2.165550088,3.414451874
1782430329.150351048,0.868336069,2.180256963,3.412161843
1782430329.152266026,0.867594931,2.171820419,3.413378894
1782430329.153605461,0.870567476,2.185369110,3.417555613
1782430329.159407854,0.862046544,2.188357921,3.421543167
1782430329.160271883,0.862968030,2.194998226,3.432289714
1782430329.161926031,0.869408179,2.204219891,3.438182818
1782430329.164813042,0.873453619,2.204198316,3.436117829
1782430329.165795326,0.860200383,2.214099324,3.433292638
1782430329.166942596,0.868199095,2.217094987,3.443451730
1782430329.172196865,0.862458430,2.226278960,3.439955593
1782430329.173592091,0.849176698,2.249691133,3.448073349
1782430329.175168991,0.838947143,2.261522960,3.438433644
1782430329.177073002,0.844631685,2.269237755,3.445601274
1782430329.178610325,0.845749733,2.291327232,3.437129884
1782430329.184506416,0.839040792,2.298331630,3.436149277
1782430329.185373783,0.822585790,2.328141364,3.433696830
1782430329.187020540,0.832815604,2.340742975,3.436293846
1782430329.189780951,0.830518025,2.357706682,3.434917717
1782430329.190624237,0.819820135,2.363505422,3.422339570
1782430329.191939592,0.829925972,2.377016561,3.432575713
1782430329.194130659,0.827877436,2.388030338,3.435775798
1782430329.197134495,0.823086736,2.397148242,3.444844319
1782430329.198700190,0.831312469,2.408392393,3.450963770
1782430329.200376749,0.839590345,2.431766324,3.455152584
1782430329.202090979,0.834598437,2.435223484,3.463415651
1782430329.203615904,0.846593489,2.457840517,3.473295667
1782430329.209140301,0.851553099,2.469831549,3.480920056
1782430329.210345984,0.864548924,2.554644288,3.531955789
1782430329.212020159,0.879178436,2.585229868,3.545572131
1782430329.214791775,0.895966555,2.628428503,3.552349182
1782430329.215652943,0.894115609,2.658382164,3.570285133
1782430329.216979980,0.918958320,2.696970897,3.588433880
1782430329.222147942,0.927057871,2.732813788,3.612093369
1782430329.223708868,0.959540590,2.820751792,3.651998345
1782430329.225376606,0.985273995,2.873479452,3.662230417
1782430329.227099895,1.011721790,2.967418428,3.713534323
1782430329.228653669,1.041933764,3.027290276,3.727805437
1782430329.234589338,1.051748074,3.085489981,3.748357273
1782430329.235431194,1.102366229,3.258753532,3.810943894
1782430329.236841202,1.138178589,3.315991403,3.821164497
1782430329.239821911,1.167450983,3.394277829,3.819202432
1782430329.240671158,1.193432006,3.450869541,3.824407086
1782430329.241978884,1.233905982,3.519995831,3.833406708
1782430329.247147799,1.264438397,3.586451993,3.847932161
1782430329.248686314,1.334431152,3.707462472,3.865031174
1782430329.250383377,1.373544498,3.777957475,3.866109143
1782430329.252093315,1.411454205,3.837103690,3.887979865
1782430329.253650188,1.456262539,3.902470894,3.907817075
1782430329.256208181,1.486083387,3.974333935,3.931495319
1782430329.256972313,1.597722301,4.110736443,3.988637117
1782430329.259610653,1.648505103,4.182184152,4.003366806
1782430329.260525227,1.714104428,4.253383287,4.038352697
1782430329.261885881,1.771806207,4.329618644,4.068840324
1782430329.263535738,1.824960542,4.407244190,4.087265361
1782430329.265178680,1.887358118,4.479235041,4.128718073
1782430329.271762371,1.934649960,4.563541279,4.159600389
1782430329.272522688,2.128702440,4.770829148,4.259784751
1782430329.273634911,2.194130995,4.844671949,4.295754799
1782430329.275179386,2.242387830,4.920778533,4.331492862
1782430329.277123690,2.283039480,4.994373240,4.365130333
1782430329.278705835,2.320546990,5.076841079,4.403890074
1782430329.284597158,2.394502340,5.156142708,4.454216075
1782430329.285447121,2.596038272,5.398595690,4.600783802
1782430329.286861658,2.638686046,5.503845697,4.666322370
1782430329.288549900,2.683022206,5.610196594,4.717328667
1782430329.290260077,2.736294524,5.728021776,4.789294022
1782430329.297137499,2.800753480,5.823864455,4.823501435
1782430329.298710108,3.101412986,6.243581186,5.114932359
1782430329.300358534,3.143115185,6.357121165,5.185331437
1782430329.302101374,3.214447988,6.457666537,5.232855332
1782430329.303700686,3.235379549,6.569551206,5.293740033
1782430329.309502840,3.306746948,6.658300878,5.343950923
1782430329.310484409,3.496996444,6.907095852,5.473961060
1782430329.311939001,3.517813202,7.002361467,5.524593170
1782430329.313517809,3.520814895,7.093369163,5.559991471
1782430329.315225363,3.568978349,7.144362226,5.595084891
1782430329.318819284,3.550812933,7.216609375,5.628209981
1782430329.322138786,3.566873092,7.267052167,5.647705295
1782430329.323557377,3.604051760,7.385860656,5.678916281
1782430329.325368881,3.540918869,7.433518240,5.708456978
1782430329.327074766,3.546138598,7.455843668,5.715801884
1782430329.328656912,3.508547875,7.485950065,5.730367016
1782430329.333871365,3.514331614,7.494764356,5.741131640
1782430329.335322857,3.529120693,7.528735637,5.748830497
1782430329.337102890,3.506407463,7.557834930,5.761608409
1782430329.338595390,3.475569622,7.564272919,5.763703640
1782430329.340205908,3.490523227,7.563561563,5.760448126
1782430329.347096682,3.459920915,7.568100489,5.760414786
1782430329.348670006,3.422375601,7.502374502,5.724569746
1782430329.350334167,3.387900776,7.460395196,5.706975125
1782430329.352108240,3.377481079,7.409462057,5.683275927
1782430329.353673458,3.331815099,7.361191782,5.662248038
1782430329.359616041,3.316919426,7.290965065,5.635438738
1782430329.360470533,3.253282237,7.025531518,5.529037249
1782430329.361886263,3.213736505,6.978864328,5.512987459
1782430329.363534689,3.174354068,6.920261070,5.493339399
1782430329.365227222,3.176816417,6.865437787,5.471674451
1782430329.372140884,3.146833022,6.814058813,5.447270085
1782430329.373736382,3.096071924,6.616398023,5.357104158
1782430329.375383615,3.080417552,6.573285658,5.337340621
1782430329.377096415,3.065849614,6.531381287,5.310795075
1782430329.378636837,3.043160873,6.493416091,5.288860574
1782430329.384535789,3.038949047,6.453042399,5.269532241
1782430329.385419130,3.012453582,6.349195590,5.195614083
1782430329.386987209,2.984484418,6.315797319,5.168287996
1782430329.389782190,2.967102672,6.278886285,5.154341889
1782430329.390646219,2.959009245,6.253293387,5.124502808
1782430329.391974211,2.923309568,6.210242042,5.104147245
1782430329.395679235,2.915716269,6.165950162,5.077765915
1782430329.397131443,2.872047973,6.082090409,5.010773778
1782430329.398683071,2.840912276,6.041113335,4.992708441
1782430329.400332451,2.797733024,5.997474616,4.956345235
1782430329.402103186,2.772227745,5.940134510,4.923828712
1782430329.403656721,2.732834043,5.887375215,4.896679190
1782430329.409583092,2.706076591,5.825923118,4.861462999
1782430329.410429001,2.600779968,5.605422768,4.738261452
1782430329.411977291,2.542494890,5.531582523,4.700875705
1782430329.414825916,2.491420953,5.440379844,4.667264464
1782430329.415690184,2.451331484,5.360253905,4.617878082
1782430329.417005301,2.391136669,5.265030465,4.581087719
1782430329.422104359,2.359595181,5.170155016,4.535140302
1782430329.423660755,2.265398511,4.985674787,4.441035042
1782430329.425211668,2.224501462,4.880871057,4.396202339
1782430329.427075386,2.166896570,4.782118142,4.352953111
1782430329.428617001,2.074474549,4.577673398,4.253061461
1782430329.434533834,2.025336731,4.476188067,4.202962646
1782430329.435374975,1.918942151,4.163489004,4.057203306
1782430329.437027454,1.883818735,4.051603295,4.017495435
1782430329.439795494,1.834380090,3.956965716,3.969682287
1782430329.440650702,1.791595714,3.856300952,3.928249338
1782430329.441960573,1.761681052,3.757344856,3.895181843
1782430329.447158813,1.718074269,3.666313741,3.850680672
1782430329.448711395,1.657675156,3.485153977,3.782338962
1782430329.450417995,1.636370898,3.406535926,3.747686074
1782430329.452097416,1.586099876,3.250627853,3.680130145
1782430329.453666210,1.561025678,3.173501784,3.644000654
1782430329.458690882,1.528040113,3.101473162,3.608065121
1782430329.460247278,1.484039782,2.962754841,3.535645773
1782430329.462032795,1.465035104,2.887219569,3.502307612
1782430329.464754820,1.443416062,2.825203958,3.469381773
1782430329.465613604,1.396567504,2.724586832,3.416069378
1782430329.466932535,1.375332936,2.676237316,3.394270522
1782430329.472140789,1.358523377,2.639732722,3.373673038
1782430329.473754883,1.325338137,2.559004198,3.335936381
1782430329.475222588,1.315106133,2.532652013,3.321746117
1782430329.477121592,1.296461019,2.509571712,3.309052253
1782430329.478664637,1.284509353,2.471395859,3.281536991
1782430329.484546185,1.263580917,2.451342147,3.272751590
1782430329.485395908,1.237274097,2.391618278,3.243137082
1782430329.486946344,1.240804655,2.387376698,3.224921887
1782430329.489828110,1.219595707,2.381028958,3.208208975
1782430329.490690231,1.221691756,2.367526076,3.206148843
1782430329.492031097,1.194420153,2.368465853,3.198547536
1782430329.497054100,1.173594265,2.351431230,3.188603516
1782430329.498587370,1.122346965,2.323077305,3.174284362
1782430329.500241995,1.122554591,2.320025631,3.172170070
1782430329.502050638,1.093696866,2.314683912,3.157189821
1782430329.503612995,1.088676012,2.304448422,3.137726757
1782430329.509511471,1.073928696,2.293987982,3.134095523
1782430329.510352373,1.030738874,2.269463273,3.099065495
1782430329.512003183,1.014229320,2.268932335,3.077611391
1782430329.514767408,1.005513151,2.259626613,3.071476391
1782430329.515621901,0.995266368,2.256950488,3.053825731
1782430329.516938448,0.983185759,2.249881324,3.037213096
1782430329.519840956,0.975053386,2.243909679,3.033358007
1782430329.520636320,0.963530207,2.238796136,3.025344081
1782430329.522268534,0.955875678,2.228957985,3.013119202
1782430329.523594856,0.954806826,2.227793546,3.005831787
1782430329.525264978,0.947305998,2.228138900,2.998387470
1782430329.527013063,0.940375513,2.216876149,2.991987848
1782430329.528553724,0.929982111,2.221597373,2.978706838
1782430329.534401894,0.929187163,2.210263763,2.970407816
1782430329.535260201,0.909379889,2.189481974,2.946159633
1782430329.536844015,0.911805108,2.192316125,2.941728522
1782430329.539784670,0.902152173,2.195720938,2.932062372
1782430329.540637493,0.897935409,2.179888048,2.927838266
1782430329.541974306,0.901324968,2.185802946,2.915358524
1782430329.547160625,0.890964785,2.176219745,2.909862709
1782430329.548530340,0.885855587,2.161174609,2.890532862
1782430329.550298452,0.899385507,2.161471818,2.884460246
1782430329.552148819,0.896943569,2.161442409,2.871180790
1782430329.553713560,0.895158390,2.151124431,2.866245464
1782430329.559586048,0.898082412,2.143660422,2.863577557
1782430329.560460567,0.896058287,2.115810892,2.846867965
1782430329.562062263,0.888255992,2.112895966,2.838548740
1782430329.564801455,0.890633385,2.097565076,2.833530421
1782430329.565653086,0.885652636,2.093526508,2.832921705
1782430329.567051649,0.890880548,2.080338244,2.832195553
1782430329.572133780,0.894546326,2.071622064,2.823698746
1782430329.573705912,0.895606833,2.053482822,2.811933077
1782430329.575382710,0.900088512,2.038443508,2.808731849
1782430329.577102423,0.906102003,2.039319084,2.804807542
1782430329.578647137,0.907579428,2.037978033,2.796474988
1782430329.581252337,0.912676438,2.030287575,2.800158623
1782430329.581978798,0.917472699,2.029757959,2.801210527
1782430329.584516525,0.918120024,2.026427240,2.797703653
1782430329.585372686,0.919693473,2.023740817,2.808391353
1782430329.587032795,0.931479542,2.031085973,2.811413372
1782430329.589728117,0.936280841,2.045305527,2.820837135
1782430329.590591192,0.939574249,2.054848145,2.829673761
1782430329.591909409,0.953158412,2.068759858,2.843098713
1782430329.596515656,0.960120300,2.094401956,2.859644803
1782430329.597149849,0.000000000,0.000000000,0.000000000
1782430329.598612309,0.980180505,2.143079062,2.896195589
1782430329.600171566,0.988783520,2.178934565,2.915055864
1782430329.602126122,1.001888946,2.198660375,2.939243493
1782430329.603715420,1.013348376,2.240597824,2.954085713
1782430329.609515905,1.023456577,2.270365591,2.977571411
1782430329.610362768,1.060851608,2.438318014,3.081709875
1782430329.611917734,1.071280409,2.498206519,3.104557443
1782430329.614737988,1.088768490,2.544535100,3.133639136
1782430329.615579605,1.104008757,2.607170631,3.161751614
1782430329.616887808,1.123513582,2.665773185,3.185698696
1782430329.622130394,1.146112353,2.724700250,3.217995498
1782430329.623693943,1.190523167,2.862583872,3.278408010
1782430329.625339270,1.219181334,2.924367727,3.305767147
1782430329.627104044,1.243309118,2.999537552,3.329543157
1782430329.628680944,1.298810334,3.127883612,3.383911434
1782430329.634413958,1.324350471,3.198823984,3.401343871
1782430329.635274172,1.425775010,3.406529999,3.471123439
1782430329.636923313,1.447823022,3.452689472,3.490741273
1782430329.639791012,1.505179230,3.517263443,3.520459175
1782430329.640635967,1.521858307,3.577329090,3.538396269
1782430329.641947746,1.567910058,3.629677763,3.559356093
1782430329.643786907,1.608036972,3.686876409,3.580827277
1782430329.647108793,1.637895489,3.745951687,3.601324680
1782430329.648680210,1.686952578,3.803258394,3.631787036
1782430329.650333643,1.733359235,3.867810653,3.661550522
1782430329.652095556,1.764333844,3.934285808,3.686291589
1782430329.653711319,1.846057831,4.055908158,3.750504747
1782430329.659296036,1.890514503,4.118441152,3.782768940
1782430329.660311699,2.066464295,4.308037232,3.890662956
1782430329.661969423,2.125187823,4.370797645,3.934695588
1782430329.664785385,2.174990964,4.451415779,3.978731116
1782430329.665631771,2.245277393,4.527496125,4.016502870
1782430329.667067528,2.298679170,4.607602916,4.071019858
1782430329.672119141,2.357947483,4.679138212,4.108836300
1782430329.673674583,2.485237454,4.847992844,4.214469643
1782430329.675343990,2.517180534,4.934936515,4.257688697
1782430329.677108049,2.570886902,5.011504503,4.319780698
1782430329.678653002,2.612893455,5.092426312,4.385902528
1782430329.684463024,2.667500956,5.204634261,4.388485484
1782430329.685306072,2.887498865,5.495669322,4.590388812
1782430329.686951876,2.932891904,5.580432407,4.638240747
1782430329.689749956,2.954056289,5.662093775,4.663145993
1782430329.690654516,2.997057740,5.730673015,4.705438858
1782430329.691979647,3.021571831,5.808128195,4.741980905
1782430329.697152615,3.069497853,5.887340204,4.776584045
1782430329.698705673,3.122085779,6.012138756,4.847106755
1782430329.700369358,3.133162686,6.089338641,4.878703461
1782430329.702105045,3.160799048,6.147104429,4.912740491
1782430329.703645468,3.169929466,6.211051120,4.952437689
1782430329.706728935,3.191069907,6.268973802,4.968567167
1782430329.707518816,3.256991423,6.388263128,5.032178894
1782430329.709683418,3.283468664,6.448188443,5.059494021
1782430329.710532188,3.312426549,6.501247982,5.083060025
1782430329.711856842,3.325887861,6.563695239,5.112554543
1782430329.714796543,3.325362998,6.626632031,5.134238916
1782430329.715646029,3.350070640,6.675366522,5.152478839
1782430329.716978312,3.360996545,6.720680483,5.172426888
1782430329.721731663,3.374808259,6.761696047,5.178559884
1782430329.722474098,3.425120705,6.824660315,5.183561453
1782430329.723588467,3.430068231,6.854793419,5.180370457
1782430329.725238562,3.421088488,6.878737723,5.188580508
1782430329.727130890,3.407932796,6.906126107,5.193123335
1782430329.728700876,3.386994533,6.928595014,5.196706597
1782430329.734472990,3.398531082,6.929927606,5.188741183
1782430329.735345364,3.417921784,6.955585046,5.193290398
1782430329.737021446,3.398282067,6.976968794,5.192394257
1782430329.739787102,3.385172024,6.972044467,5.194999650
1782430329.740642548,3.390299697,6.978677328,5.186648764
1782430329.741956949,3.375933882,6.970462531,5.178279076
1782430329.747102499,3.392724866,6.955525506,5.171484897
1782430329.748651505,3.360809859,6.891896081,5.141482544
1782430329.750302076,3.329242547,6.867807799,5.139629768
1782430329.752115965,3.316839446,6.828285837,5.120525732
1782430329.753677368,3.275601508,6.791298700,5.115968253
1782430329.759525537,3.272899406,6.742947828,5.104489476
1782430329.760365963,3.230036281,6.615664721,5.072413217
1782430329.762010336,3.188233050,6.585788855,5.066874196
1782430329.764830112,3.173070394,6.543563942,5.065539316
1782430329.765672445,3.156438621,6.503771235,5.059940588
1782430329.766980648,3.129136444,6.472260110,5.045059999
1782430329.772152185,3.127752916,6.430812308,5.034507175
1782430329.773704529,3.092222832,6.339988064,4.997593864
1782430329.775344849,3.059180504,6.319319683,4.976004014
1782430329.777051926,3.053614550,6.287397159,4.960133506
1782430329.778590918,3.034579523,6.265330559,4.948976560
1782430329.782848597,3.025357308,6.236129199,4.926223045
1782430329.783473015,0.000000000,0.000000000,0.000000000
1782430329.785326719,2.996345910,6.173546955,4.888973771
1782430329.786949635,2.973910405,6.146395439,4.867135971
1782430329.788602829,2.938138314,6.114965508,4.850170846
1782430329.790176868,2.918927327,6.082080786,4.828909580
1782430329.797130108,2.880944497,6.039253600,4.808516300
1782430329.798536301,2.773804983,5.791040078,4.700475032
1782430329.800352812,2.708096837,5.719686525,4.679956791
1782430329.802110195,2.664662112,5.636900266,4.637467255
1782430329.803660631,2.601459108,5.548688209,4.612289982
1782430329.809520483,2.570287809,5.451682657,4.572170591
1782430329.810359716,2.390832460,5.014259219,4.391035039
1782430329.811997414,2.324565138,4.896578796,4.356533099
1782430329.814819813,2.275371629,4.782521690,4.311455145
1782430329.815706253,2.220126899,4.671515376,4.257135910
1782430329.817016840,2.174649014,4.555081151,4.220863473
1782430329.822246075,2.130767748,4.443598480,4.176014958
1782430329.823547840,1.990436195,4.106731320,4.055873402
1782430329.825198889,1.937368376,3.983927879,4.019282958
1782430329.827109337,1.898888158,3.878742041,3.974854405
1782430329.828722477,1.848832622,3.762523969,3.928028360
1782430329.834650993,1.810660864,3.653477274,3.888286652
1782430329.835585117,1.691975609,3.346699674,3.752835023
1782430329.836975336,1.636807884,3.246621128,3.694759284
1782430329.838511944,1.592191556,3.135071835,3.655927187
1782430329.840228796,1.566622881,3.032601067,3.614584333
1782430329.845352888,1.519141815,2.951548803,3.569520992
1782430329.847174644,1.450845512,2.781522789,3.489515374
1782430329.848510981,1.410923974,2.703963745,3.448318630
1782430329.850267410,1.377128364,2.621252322,3.420184524
1782430329.852108717,1.348584041,2.552133793,3.387137778
1782430329.853641748,1.289553065,2.434162804,3.321795886
1782430329.859523773,1.268792452,2.391730642,3.288147389
1782430329.860380650,1.193764025,2.273153592,3.202058489
1782430329.862028599,1.174616231,2.242157807,3.180296026
1782430329.864797592,1.151098984,2.201897768,3.152928443
1782430329.865642309,1.123820716,2.171128511,3.124354387
1782430329.866953850,1.104219327,2.139602404,3.103060968
1782430329.872158766,1.087342789,2.118268353,3.078361695
1782430329.873697758,1.043797863,2.066767064,3.019031406
1782430329.875375509,1.027156163,2.049347935,2.994634003
1782430329.877145767,1.000262496,2.027802587,2.969080996
1782430329.878696918,0.962690053,1.994074749,2.928266179
1782430329.884499311,0.936985478,1.978813437,2.908126040
1782430329.885327816,0.859927220,1.921829131,2.844495842
1782430329.886986256,0.846246673,1.896069303,2.817561203
1782430329.889876604,0.824748962,1.885700371,2.805539082
1782430329.890717506,0.796803847,1.862224110,2.774023725
1782430329.892049074,0.781765674,1.850906277,2.759808777
1782430329.897135496,0.760791390,1.838136079,2.743011735
1782430329.898702383,0.717761532,1.807687276,2.711210218
1782430329.900366068,0.698787830,1.805963981,2.704045709
1782430329.902112961,0.666550897,1.785660864,2.691226147
1782430329.903658867,0.651793834,1.782302232,2.667416253
1782430329.907681227,0.637465500,1.780339340,2.660881127
1782430329.908588171,0.584489854,1.778698674,2.657301261
1782430329.910243511,0.568172697,1.780798741,2.650860136
1782430329.912069559,0.566868656,1.776742054,2.651149681
1782430329.914826632,0.566550297,1.791776350,2.650445901
1782430329.915678740,0.554600368,1.801717051,2.652872326
1782430329.917009830,0.562013921,1.813411585,2.662282512
1782430329.922100782,0.554140987,1.824622427,2.658008936
1782430329.923658371,0.544234590,1.854898544,2.677267337
1782430329.925324202,0.544841969,1.855116075,2.674784538
1782430329.927126884,0.561291739,1.861952677,2.687127341
1782430329.928688049,0.560695595,1.876939890,2.669310598
1782430329.934540987,0.558973236,1.879824498,2.689370333
1782430329.935384512,0.548217062,1.883703950,2.692403485
1782430329.936927319,0.542862021,1.876544973,2.688182618
1782430329.939800024,0.546888547,1.873901480,2.682569879
1782430329.940665960,0.546877282,1.870070339,2.685039373
1782430329.941995621,0.543097709,1.871127701,2.680490572
1782430329.947172403,0.548334044,1.867984924,2.672945076
1782430329.948721409,0.553885615,1.859337151,2.667493780
1782430329.950191498,0.561374632,1.849552591,2.668969491
1782430329.952100515,0.564068558,1.844232219,2.663286967
1782430329.953644514,0.561275219,1.839033889,2.659784395
1782430329.959375143,0.570385036,1.829888492,2.662625681
1782430329.960219383,0.570582406,1.806088379,2.655535415
1782430329.961867332,0.566111838,1.810361090,2.650238149
1782430329.969296694,0.568549879,1.796747194,2.649389595
1782430329.971135855,0.570232199,1.783038777,2.661887979
1782430329.971983433,0.559982540,1.774958458,2.664704698
1782430329.973631144,0.573952956,1.771777343,2.673996045
1782430329.980741739,0.572810389,1.780372015,2.673752680
1782430329.982042074,0.575702621,1.817833766,2.708235123
1782430329.983683586,0.588122364,1.835962410,2.722186076
1782430329.985263824,0.592755140,1.859073381,2.734655686
1782430329.987025261,0.604427179,1.879318020,2.746994429
1782430329.992788076,0.612652140,1.902115294,2.763311304
1782430329.993642330,0.634222276,1.983143136,2.821199923
1782430329.995197296,0.639857807,2.023979897,2.833981819
1782430329.998148918,0.659764786,2.052467970,2.855170393
1782430329.999011278,0.663238874,2.081853241,2.867616332
1782430330.000330925,0.674629169,2.122639532,2.894520813
1782430330.005538464,0.686638306,2.154447884,2.917743477
1782430330.006880522,0.695720512,2.237315925,2.968152309
1782430330.008718967,0.733292498,2.284722767,2.991024932
1782430330.010436058,0.742194388,2.342737535,3.019107633
1782430330.012000799,0.768941494,2.396829202,3.040261795
1782430330.015621662,0.785540270,2.457824301,3.071115437
1782430330.017745018,0.815503057,2.574318181,3.128453532
1782430330.018614292,0.855223478,2.707744610,3.181414836
1782430330.020306587,0.896869711,2.776402509,3.208067761
1782430330.023156643,0.936274613,2.846716272,3.236439862
1782430330.024020910,0.962671219,2.920098198,3.258113769
1782430330.025333643,1.012001546,2.979951961,3.283926003
1782430330.030517340,1.045757573,3.045726992,3.299168390
1782430330.032046556,1.165278690,3.221413749,3.356534048
1782430330.033687115,1.195356388,3.278768015,3.364561247
1782430330.035441875,1.225382247,3.330420422,3.391894101
1782430330.036988735,1.266331176,3.388980828,3.404472743
1782430330.042755127,1.294506362,3.439679036,3.422037518
1782430330.043594599,1.383233418,3.552276019,3.457907462
1782430330.045233488,1.426581735,3.583487028,3.468387446
1782430330.047413588,1.454764322,3.618780715,3.470591143
1782430330.048639297,1.484394205,3.645652951,3.477923591
1782430330.055602312,1.513745473,3.674702523,3.490922211
1782430330.056932926,1.614265846,3.778254421,3.537031049
1782430330.058695316,1.640091178,3.807929572,3.549993272
1782430330.060429811,1.665856305,3.852212863,3.571267060
1782430330.061964035,1.684101919,3.893365078,3.576927271
1782430330.067777634,1.727376429,3.928475769,3.601618048
1782430330.068636894,1.845198471,4.063827378,3.678632039
1782430330.070297956,1.881131082,4.131831645,3.708442328
1782430330.073171616,1.906957064,4.174323137,3.743378504
1782430330.074030638,1.969340015,4.249682951,3.783521834
1782430330.075348139,1.999882893,4.315763837,3.820025557
1782430330.078194380,2.049971581,4.382921162,3.864999449
1782430330.078912020,2.098112225,4.457750857,3.904747145
1782430330.080610275,2.144565200,4.539482030,3.943416867
1782430330.081935406,2.207683308,4.611228992,3.986808195
1782430330.083578110,2.251731774,4.701526695,4.031150368
1782430330.085397482,2.293010958,4.787350805,4.077734199
1782430330.086954594,2.339783781,4.881397387,4.119977494
1782430330.092809916,2.393970990,4.952568985,4.162290115
1782430330.093655109,2.564361775,5.205343223,4.276350821
1782430330.095308304,2.578915491,5.289451728,4.316812756
1782430330.098163366,2.601815174,5.360042538,4.364344235
1782430330.099010468,2.652447367,5.427600343,4.396408839
1782430330.100334167,2.668898112,5.490874889,4.428675757
1782430330.105487585,2.694874303,5.544819335,4.458334749
1782430330.107035160,2.725175971,5.647097479,4.504578721
1782430330.108695507,2.725124155,5.698326439,4.515769912
1782430330.110534430,2.748778281,5.729887418,4.521127907
1782430330.111923695,2.747770217,5.796353774,4.530674493
1782430330.117756844,2.741853165,5.820516281,4.533930017
1782430330.118619204,2.783920206,5.929090545,4.563109747
1782430330.120268345,2.774012597,5.967541963,4.555303902
1782430330.123094797,2.762238158,5.971494469,4.556571379
1782430330.123959541,2.787404221,6.004977753,4.535819237
1782430330.125356674,2.758983427,6.008523915,4.531437372
1782430330.130583763,2.757254993,6.004682647,4.528574632
1782430330.132026911,2.749062198,5.974692260,4.454748853
1782430330.133599520,2.729639630,5.969185949,4.431537113
1782430330.135443211,2.688098720,5.938288694,4.408434833
1782430330.136990786,2.663445659,5.901436479,4.377284292
1782430330.140689611,2.653639494,5.860633437,4.348723826
1782430330.142736673,2.606258474,5.742426524,4.290203386
1782430330.143574238,2.586328390,5.688249536,4.242311757
1782430330.145275354,2.546692758,5.623902322,4.212895635
1782430330.148112297,2.514004022,5.545518916,4.188850933
1782430330.148953915,2.495452136,5.480983794,4.150106104
1782430330.150293827,2.458955387,5.402398910,4.125058403
1782430330.155538321,2.441465101,5.328349417,4.098620284
1782430330.156884432,2.398710425,5.196676922,4.024518627
1782430330.158696890,2.369105041,5.131059201,4.008872382
1782430330.160483599,2.354047729,5.066057930,3.976952784
1782430330.162105083,2.320359746,4.942158567,3.907634464
1782430330.167778254,2.310180644,4.876690767,3.864791772
1782430330.168618202,2.269713482,4.692107479,3.741890084
1782430330.170264006,2.246585414,4.628247126,3.701677981
1782430330.173154116,2.228387327,4.553851936,3.669310588
1782430330.174030781,2.218130292,4.487967463,3.627539646
1782430330.175380230,2.189907633,4.419180164,3.590852958
1782430330.180365086,2.174819989,4.334243073,3.553203377
1782430330.181911707,2.130504118,4.175043707,3.461714412
1782430330.183574677,2.110079716,4.091946854,3.421172089
1782430330.185418129,2.086360001,4.010347477,3.364767694
1782430330.186992407,2.059231846,3.917820488,3.317505450
1782430330.192824841,2.024829236,3.824095123,3.271597299
1782430330.193688393,1.891662576,3.476656303,3.084311308
1782430330.195242882,1.850224211,3.377696244,3.045512592
1782430330.198142767,1.814053978,3.287958861,3.010064792
1782430330.198998451,1.778108467,3.207042929,2.974123584
1782430330.200329304,1.742467369,3.111586835,2.937982220
1782430330.205561161,1.713063796,3.022631787,2.894700816
1782430330.206872702,1.634663427,2.841522831,2.813793988
1782430330.208532333,1.597101310,2.756333645,2.790740918
1782430330.210493565,1.556491081,2.675522149,2.762931641
1782430330.212038279,1.489737846,2.499856384,2.703042237
1782430330.216480017,1.459519542,2.420067585,2.661081698
1782430330.217312098,1.393922017,2.264013125,2.594465430
1782430330.218560934,1.362647724,2.185889802,2.556520164
1782430330.220256805,1.334107113,2.105582614,2.535458176
1782430330.229588509,1.296622054,2.034358562,2.497052208
1782430330.230431557,1.140375633,1.696617161,2.336440420
1782430330.231857777,1.103785073,1.636073611,2.309985719
1782430330.233579636,1.086992400,1.576360088,2.289887861
1782430330.239264727,1.052055075,1.535268926,2.255905279
1782430330.240353823,0.976540260,1.421624791,2.184313989
1782430330.241883516,0.965083285,1.389491421,2.172998164
1782430330.243723392,0.930822557,1.356152486,2.146573492
1782430330.245286465,0.906463466,1.325922915,2.124652996
1782430330.247595787,0.884986239,1.297974237,2.104263420
1782430330.251172066,0.861197265,1.285521259,2.090802108
1782430330.252041578,0.827511187,1.247226149,2.058583821
1782430330.253590107,0.804923749,1.249625557,2.043505628
1782430330.256495714,0.783800099,1.233997841,2.028168670
1782430330.257349968,0.766786487,1.227100513,2.015449368
1782430330.258666515,0.748467305,1.227385312,2.015741514
1782430330.262598991,0.723742850,1.227998250,2.005222153
1782430330.263952494,0.694152108,1.235526225,1.995403930
1782430330.265285492,0.674219755,1.231960875,1.988134159
1782430330.266850948,0.670249242,1.239128146,1.986123929
1782430330.268735170,0.651077342,1.258061852,1.986114712
1782430330.270281792,0.636298403,1.268057303,1.990655651
1782430330.276153088,0.630408827,1.282208503,1.996329313
1782430330.276998043,0.599255638,1.323688976,1.994020566
1782430330.278669596,0.560216682,1.320954262,2.012107556
1782430330.281495810,0.550441255,1.339114851,2.001888305
1782430330.282353640,0.534162109,1.343338561,1.999857631
1782430330.283667803,0.523272156,1.350778064,1.999575426
1782430330.288735390,0.513338884,1.358787323,2.000699009
1782430330.290295362,0.480290745,1.370822766,1.995850403
1782430330.291951180,0.467552853,1.367328830,1.981295985
1782430330.293780565,0.461414798,1.377031320,1.983896433
1782430330.295370102,0.444538127,1.383611632,1.978570430
1782430330.301157713,0.434094430,1.380472817,1.976972244
1782430330.301998377,0.381894821,1.374000289,1.952196577
1782430330.303650379,0.381458029,1.364865915,1.943563398
1782430330.306432247,0.379466538,1.367787874,1.938375078
1782430330.307294846,0.368897667,1.366813429,1.932500739
1782430330.308800697,0.367462536,1.352131045,1.924656875
1782430330.313818216,0.362016750,1.349894165,1.914814418
1782430330.315262794,0.344757347,1.326126427,1.908854619
1782430330.316842794,0.342276872,1.325003060,1.902698354
1782430330.318762302,0.334851523,1.331323780,1.903013520
1782430330.320312023,0.324095327,1.314210104,1.902033017
1782430330.324250221,0.327296005,1.305988766,1.904233353
1782430330.325194359,0.323914525,1.287543835,1.895907252
1782430330.326946735,0.314896726,1.283140517,1.898704815
1782430330.328603029,0.320389336,1.286184228,1.901500739
1782430330.331474781,0.321981190,1.283613132,1.911181129
1782430330.332324982,0.314681537,1.289676177,1.908250262
1782430330.333666801,0.321644229,1.283952945,1.921041181
1782430330.338716984,0.320589871,1.290938498,1.928003223
1782430330.340409279,0.321879038,1.300709064,1.946023033
1782430330.342017651,0.326563666,1.307732806,1.956571985
1782430330.343899727,0.324621534,1.319389645,1.963697355
1782430330.345272779,0.338336119,1.326946145,1.983733253
1782430330.351187944,0.339374918,1.339488533,1.998614510
1782430330.352032900,0.361009070,1.366101655,2.022062046
1782430330.353597164,0.365556207,1.379660481,2.034438657
1782430330.356512308,0.371875497,1.390840877,2.041726581
1782430330.357377052,0.367948837,1.408814244,2.053038751
1782430330.358698606,0.373900539,1.410183371,2.062183314
1782430330.363765240,0.380599429,1.425172780,2.072251351
1782430330.365311861,0.379085006,1.438998241,2.093186017
1782430330.366954088,0.383986844,1.457466172,2.099377499
1782430330.368738413,0.378185462,1.464219601,2.111328660
1782430330.370294571,0.386103156,1.472693210,2.122205135
1782430330.376180410,0.382066362,1.479231162,2.128871558
1782430330.377177000,0.384191716,1.505452719,2.167395850
1782430330.378605127,0.397208157,1.513621417,2.179992618
1782430330.380240202,0.397799906,1.533726403,2.186673408
1782430330.381998539,0.395236053,1.550519602,2.192318610
1782430330.385217190,0.404640916,1.553506200,2.202102130
1782430330.388932705,0.411995967,1.569765324,2.208050087
1782430330.390270710,0.417924376,1.606768896,2.238306799
1782430330.392052174,0.424815525,1.636097857,2.243101674
1782430330.393787861,0.431901988,1.644826685,2.263399877
1782430330.395349503,0.436946912,1.673418328,2.278210897
1782430330.400196314,0.428707415,1.695049300,2.298047310
1782430330.401848078,0.440517123,1.750720762,2.350662344
1782430330.403606892,0.449266303,1.789566745,2.365440797
1782430330.406486750,0.463355847,1.819347988,2.393202585
1782430330.407373905,0.476034304,1.905006945,2.436149802
1782430330.408509970,0.504688689,1.942580960,2.465410027
1782430330.413902044,0.528669692,1.991913919,2.480909752
1782430330.415249586,0.581841289,2.146027964,2.552228793
1782430330.417097330,0.601929517,2.210793913,2.571555292
1782430330.418805361,0.634473053,2.258089734,2.597824262
1782430330.420359850,0.653639013,2.323364320,2.617710089
1782430330.426163673,0.672856898,2.381184750,2.634386666
1782430330.426998854,0.770848237,2.557374695,2.689531727
1782430330.428554296,0.812115896,2.626461284,2.709597353
1782430330.431355000,0.843297409,2.687523662,2.728169702
1782430330.431968212,0.000000000,0.000000000,0.000000000
1782430330.433559418,0.879311058,2.749420288,2.735383973
1782430330.438959599,0.915807991,2.795368985,2.762477170
1782430330.440319538,1.068402652,3.027699042,2.821729294
1782430330.441862583,1.115089141,3.083564359,2.835395185
1782430330.443795204,1.163097256,3.125245677,2.856203166
1782430330.445235729,1.200914531,3.182027437,2.867375330
1782430330.447249889,1.232271512,3.215804308,2.886705561
1782430330.451174974,1.282109903,3.261580956,2.919890136
1782430330.452043295,1.353996223,3.351344269,2.959022255
1782430330.453609467,1.396509352,3.403084817,2.989922321
1782430330.456424952,1.389896714,3.439790804,3.020158683
1782430330.457277775,1.440523559,3.498101555,3.040384299
1782430330.458593845,1.483857110,3.534900157,3.070651295
1782430330.462325811,1.515448252,3.590391940,3.108216700
1782430330.463966370,1.604317188,3.698679567,3.173846241
1782430330.465285778,1.645175867,3.780162367,3.193392445
1782430330.466844082,1.693874726,3.842440412,3.212941145
1782430330.468775511,1.732496108,3.917284893,3.255141687
1782430330.470307350,1.770909724,3.998726877,3.275823812
1782430330.476114035,1.825075109,4.061482351,3.311151729
1782430330.476956367,2.002083069,4.310062234,3.394672994
1782430330.478611946,2.043012686,4.396244909,3.421781293
1782430330.481461525,2.079175533,4.471317352,3.470451395
1782430330.482323408,2.142293300,4.547754639,3.479455294
1782430330.483645678,2.169421473,4.615390760,3.534056171
1782430330.488890409,2.181922171,4.684776328,3.571578885
1782430330.490260363,2.282895555,4.819406126,3.615878495
1782430330.492058039,2.274460178,4.892112053,3.647139591
1782430330.493739605,2.336227548,5.010942519,3.727913670
1782430330.495248795,2.361571212,5.088040410,3.744497706
1782430330.501189947,2.368911650,5.144393625,3.797266957
1782430330.502041817,2.463481449,5.320459415,3.873859473
1782430330.503582001,2.489672139,5.394353740,3.896233461
1782430330.506511688,2.505100212,5.441249409,3.923248247
1782430330.507349253,2.538350726,5.490059540,3.928139577
1782430330.508678436,2.558842595,5.529450461,3.955848780
1782430330.513831377,2.580641826,5.574172926,3.957779731
1782430330.515377283,2.621759395,5.645029564,3.985119183
1782430330.517023802,2.609432618,5.673125215,3.992234494
1782430330.518740892,2.624160701,5.689897694,4.004949524
1782430330.520304680,2.621113047,5.711534264,4.019189107
1782430330.523535252,2.619877359,5.724187317,4.015157549
1782430330.526142836,2.634351077,5.718868142,4.010139321
1782430330.526996613,2.627924369,5.711698041,3.997195332
1782430330.528643370,2.608210920,5.702906520,3.994330614
1782430330.531488895,2.581302418,5.682175797,3.998266072
1782430330.532345533,2.569509170,5.651566524,3.987607688
1782430330.533659458,2.553778621,5.622738315,3.983797544
1782430330.538482904,2.545536941,5.582472731,3.974196872
1782430330.540281296,2.511639475,5.488784250,3.955177252
1782430330.542036772,2.476161770,5.433969533,3.948041475
1782430330.543741465,2.464302018,5.373431411,3.938418939
1782430330.545311928,2.428274885,5.311260296,3.924242383
1782430330.551112413,2.406506220,5.248577526,3.908126968
1782430330.551964283,2.325110783,4.967194151,3.811824738
1782430330.553606510,2.289997346,4.894860505,3.797215005
1782430330.556548834,2.272859908,4.826499808,3.782339711
1782430330.557399273,2.263235598,4.765038542,3.754182783
1782430330.558698893,2.239272426,4.701980027,3.724956604
1782430330.563901663,2.226711145,4.625823066,3.686221207
1782430330.565226555,2.180372729,4.427985254,3.568344718
1782430330.566866636,2.162067979,4.359296515,3.536803596
1782430330.568753004,2.132561655,4.291831580,3.497373569
1782430330.570193768,2.113658262,4.212606438,3.460983437
1782430330.576225281,2.081451448,4.144054374,3.432482370
1782430330.577076912,2.010590311,3.922000450,3.318284333
1782430330.578620434,1.975412793,3.834663706,3.286854500
1782430330.581492901,1.934172146,3.746552617,3.266793776
1782430330.582351923,1.908279442,3.670321280,3.230302934
1782430330.583661795,1.859228806,3.577470998,3.202814099
1782430330.588783979,1.845028024,3.487471295,3.160830373
1782430330.590317488,1.793194027,3.311920244,3.096828559
1782430330.591974497,1.772184606,3.214337082,3.076783542
1782430330.593719721,1.750357368,3.136704507,3.035730769
1782430330.595282793,1.723125438,3.045269332,3.014059827
1782430330.598686457,1.705431291,2.961251718,2.977264870
1782430330.601192951,1.660233435,2.799393847,2.896590512
1782430330.602054119,1.603378124,2.641400932,2.816405649
1782430330.603597879,1.578606454,2.545509030,2.793852379
1782430330.606446028,1.545410202,2.468164162,2.761712726
1782430330.607291460,1.526248597,2.378423695,2.726794004
1782430330.608604193,1.506216641,2.301469416,2.700207027
1782430330.614003658,1.476521816,2.234197737,2.659267883
1782430330.615312338,1.431028528,2.021988098,2.552198083
1782430330.616868734,1.413411492,1.934952115,2.526310185
1782430330.618723392,1.395237589,1.872792715,2.501252929
1782430330.620285511,1.379703515,1.809431112,2.467935818
1782430330.626159906,1.356330306,1.749149481,2.436825785
1782430330.627002716,1.292522623,1.593563704,2.342894084
1782430330.628646135,1.271174209,1.531582351,2.314044192
1782430330.631518841,1.245057036,1.492218954,2.291377223
1782430330.632385015,1.222135572,1.446291139,2.266246617
1782430330.633706808,1.204048096,1.401191699,2.245110296
1782430330.638808489,1.175402306,1.378008606,2.214570461
1782430330.640375614,1.132282863,1.307475455,2.172669712
1782430330.642031908,1.095574979,1.269818583,2.152013797
1782430330.643809557,1.075440283,1.227536569,2.126794881
1782430330.645344973,1.048290521,1.200666077,2.109456066
1782430330.651163101,1.014282516,1.187210303,2.077278457
1782430330.652007818,0.889263698,1.079652188,1.985736639
1782430330.653656244,0.849454213,1.058718231,1.972939002
1782430330.656491041,0.826458719,1.039917764,1.957463493
1782430330.657352209,0.802580887,1.028273981,1.955378891
1782430330.658671618,0.775736717,1.024468025,1.936608521
1782430330.660339355,0.763553997,1.015556255,1.927035847
1782430330.663759947,0.747340792,1.017526379,1.922933151
1782430330.665370703,0.723791094,1.001037073,1.905733836
1782430330.667024612,0.717034223,0.999688989,1.907901848
1782430330.668766022,0.710146191,1.013206948,1.902169150
1782430330.670342684,0.694110828,1.007970800,1.901451364
1782430330.675815821,0.689420049,1.011294999,1.895375714
1782430330.676842690,0.653211353,1.019100414,1.855798048
1782430330.678635120,0.636716129,1.008751575,1.842488117
1782430330.681510210,0.646057451,1.007259391,1.838556090
1782430330.682363987,0.635763272,1.018238742,1.823571124
1782430330.683676243,0.653247521,1.027244530,1.811676990
1782430330.688754082,0.662534407,1.067793032,1.805041951
1782430330.690320015,0.679156333,1.183562768,1.827914464
1782430330.691987753,0.672720797,1.182068222,1.853847470
1782430330.693788528,0.657930119,1.199676367,1.892535281
1782430330.695329189,0.646401055,1.238783766,1.951895752
1782430330.701164722,0.629122324,1.313435015,2.017478549
1782430330.702024460,0.483036916,1.493429090,2.152441610
1782430330.703568935,0.468349605,1.524306910,2.171991892
1782430330.706546545,0.468859407,1.573579831,2.182245501
1782430330.707399368,0.447705384,1.605091706,2.198109740
1782430330.708716631,0.453190831,1.644805507,2.207018108
1782430330.713865519,0.437902331,1.681804191,2.216040396
1782430330.715218782,0.402794844,1.747682941,2.237207323
1782430330.716859102,0.381060704,1.801313714,2.257241568
1782430330.718783379,0.373776483,1.843067997,2.275521395
1782430330.720343828,0.360681437,1.886316638,2.300936667
1782430330.723653078,0.345194532,1.922817906,2.322790070
1782430330.726260662,0.339649887,2.011910745,2.393066238
1782430330.727287054,0.309584784,2.085216284,2.457949036
1782430330.728757381,0.301403396,2.127623998,2.479985045
1782430330.730378628,0.284228720,2.152966963,2.502036766
1782430330.732087135,0.259910785,2.192889761,2.534465750
1782430330.738562584,0.251032896,2.223851110,2.543648228
1782430330.740262508,0.233837608,2.294040665,2.608514801
1782430330.741845608,0.220317855,2.325842323,2.625195163
1782430330.743733644,0.219893121,2.360585496,2.642759261
1782430330.745316982,0.195823528,2.395998957,2.665381695
1782430330.751123667,0.185678910,2.423466144,2.694283875
1782430330.751972437,0.135174471,2.554318271,2.820985810
1782430330.753616333,0.113571864,2.586894434,2.845662827
1782430330.756523371,0.121455408,2.617351326,2.865684183
1782430330.757380247,0.097162673,2.652632491,2.886537326
1782430330.758700609,0.107719397,2.677503479,2.907181605
1782430330.763936043,0.110081677,2.702167538,2.925079167
1782430330.765247345,0.099008777,2.762066895,2.995626517
1782430330.766915798,0.090762627,2.789112427,3.001432510
1782430330.768750429,0.099699935,2.807475307,3.020806519
1782430330.770354509,0.097490868,2.838634983,3.031927684
1782430330.776134491,0.089434555,2.852216595,3.046100925
1782430330.776988268,0.069686090,2.884581426,3.083591762
1782430330.778540373,0.066758607,2.898232956,3.093988754
1782430330.781471729,0.073487951,2.923024832,3.105010438
1782430330.782312632,0.063556716,2.931085385,3.121244707
1782430330.783643961,0.075280604,2.937304378,3.132844099
1782430330.788938284,0.076023182,2.951385059,3.146045196
1782430330.790261507,0.078447162,2.959895523,3.180337362
1782430330.792055130,0.066974082,2.965539682,3.172151339
1782430330.793831825,0.074118591,2.955472270,3.173909477
1782430330.795380116,0.068981384,2.960160497,3.170391090
1782430330.801208258,0.064795321,2.950513210,3.164912193
1782430330.801926136,0.053034657,2.887374254,3.146795219
1782430330.803632498,0.000000000,0.000000000,0.000000000
1782430330.806819916,0.055132427,2.879753830,3.120734155
1782430330.808540821,0.049805282,2.833759439,3.090670829
1782430330.813827991,0.052878207,2.807746897,3.073914286
1782430330.815387011,0.039234173,2.706768048,3.003674331
1782430330.816918373,0.037241366,2.669430567,2.988196514
1782430330.818835020,0.039703876,2.649699738,2.964182143
1782430330.820210218,0.041121378,2.632290055,2.949979457
1782430330.826120138,0.045015503,2.598487700,2.927168074
1782430330.826963663,0.067481710,2.520945123,2.863586696
1782430330.828618288,0.069580885,2.506718051,2.838452689
1782430330.831545591,0.076248724,2.479944080,2.818292353
1782430330.832408905,0.089670677,2.452041576,2.802476373
1782430330.833547115,0.094497824,2.432936625,2.784344634
1782430330.838941097,0.105434823,2.409956760,2.779572405
1782430330.840270281,0.130611900,2.359115624,2.754818197
1782430330.842039108,0.139929223,2.357372709,2.747124963
1782430330.843857288,0.140976870,2.347899868,2.748585272
1782430330.845192194,0.153833450,2.334648865,2.749674046
1782430330.847177505,0.164153026,2.341117835,2.751950175
1782430330.851173878,0.167940996,2.316266609,2.744575543
1782430330.852022648,0.202149270,2.301522694,2.746625734
1782430330.853579998,0.232348441,2.286072458,2.741797144
1782430330.856470108,0.261690960,2.288835743,2.747391558
1782430330.857330799,0.284412103,2.286741516,2.749113304
1782430330.858651400,0.312997894,2.276761555,2.754290110
1782430330.862303495,0.340904743,2.277145174,2.761984841
1782430330.863910198,0.377287645,2.272701317,2.786814432
1782430330.865249395,0.390826305,2.273716473,2.787292202
1782430330.867011070,0.414838045,2.273815807,2.788232510
1782430330.868809462,0.427024292,2.282189551,2.803774782
1782430330.870341063,0.440970955,2.285670938,2.801239087
1782430330.876174212,0.454413097,2.282897395,2.820067087
1782430330.877004623,0.493750250,2.274445784,2.821625686
1782430330.878632784,0.510911763,2.285390889,2.815754951
1782430330.881473541,0.527221006,2.277772339,2.814556040
1782430330.882327557,0.543687506,2.280525604,2.817635903
1782430330.883652687,0.551508662,2.277601125,2.814342980
1782430330.888789415,0.567317943,2.273639427,2.809892934
1782430330.890359402,0.594939407,2.266713670,2.810554551
1782430330.892023563,0.610691457,2.257414425,2.806095389
1782430330.893785000,0.627617354,2.253721648,2.813743501
1782430330.895383596,0.646545589,2.236540361,2.808377815
1782430330.901180506,0.661612931,2.222013693,2.819441987
1782430330.902020693,0.700502382,2.179560374,2.822151896
1782430330.903667927,0.720898550,2.170772021,2.809553766
1782430330.906487703,0.729402628,2.149560419,2.807603926
1782430330.907345057,0.752312296,2.129317153,2.800349492
1782430330.908655882,0.765187407,2.111262058,2.790462414
1782430330.910306931,0.780854352,2.083001374,2.781368353
1782430330.913968801,0.796074628,2.054891098,2.768034265
1782430330.915230751,0.815123219,2.031435640,2.750936809
1782430330.917039394,0.844072186,1.999161669,2.737919599
1782430330.918872356,0.866664595,1.975678376,2.723279927
1782430330.920332909,0.913902722,1.911022730,2.704110974
1782430330.925380945,0.933525420,1.885374831,2.694877658
1782430330.927038670,1.000118157,1.831467740,2.685105554
1782430330.928676367,1.044573146,1.818304001,2.679383671
1782430330.931464195,1.083157370,1.792728670,2.680255480
1782430330.932313204,1.167510514,1.772532732,2.704506016
1782430330.933634043,1.192082987,1.757460430,2.725598905
1782430330.938764811,1.221865234,1.762877938,2.765377478
1782430330.940356016,1.282671140,1.777739301,2.837623001
1782430330.942004681,1.314926985,1.785490104,2.879099832
1782430330.943809986,1.338522163,1.794788619,2.925803987
1782430330.945356846,1.361564421,1.816780436,2.971114224
1782430330.951174021,1.382666345,1.843242542,3.039865808
1782430330.952007532,1.401323680,2.006641995,3.252867831
1782430330.953648567,1.436574589,2.055214634,3.265085259
1782430330.956460476,1.475413404,2.113042674,3.273056362
1782430330.957323551,1.541467205,2.171694901,3.242571569
1782430330.958640099,1.601020780,2.225821419,3.229868128
1782430330.963787317,1.672686462,2.286327799,3.212437646
1782430330.965339661,1.943515941,2.568637670,3.260136270
1782430330.966998577,2.012722885,2.677828025,3.281139423
1782430330.968830109,2.071534015,2.794861427,3.328361648
1782430330.970176220,2.135058776,2.896813948,3.339186042
1782430330.976190805,2.167975659,3.037987162,3.395214621
1782430330.977030754,2.306846311,3.329345370,3.420736420
1782430330.978677511,2.352731727,3.416125232,3.418448198
1782430330.981484413,2.361259332,3.486167025,3.428216923
1782430330.982327938,2.392638007,3.542170833,3.415693827
1782430330.983648300,2.391618789,3.586537130,3.439970207
1782430330.985383511,2.391026815,3.644479301,3.439064792
1782430330.988952398,2.386868639,3.677767704,3.463299625
1782430330.990303040,2.391666762,3.747656098,3.499944333
1782430330.991873503,2.384326650,3.778297776,3.526732822
1782430330.993830442,2.380913835,3.814861136,3.557329608
1782430330.995374918,2.379687549,3.856316486,3.572949115
1782430331.001160860,2.398685093,3.891098500,3.592200757
1782430331.001785517,0.000000000,0.000000000,0.000000000
1782430331.003702641,2.475203647,4.002430014,3.632245252
1782430331.005204916,2.489660558,4.047488770,3.640385127
1782430331.007061481,2.513371904,4.078845714,3.643388165
1782430331.013964176,2.537546451,4.108205602,3.664521435
1782430331.015345097,2.645690198,4.263113706,3.715486591
1782430331.016918421,2.659013108,4.282171274,3.754508010
1782430331.018776178,2.666940362,4.326065009,3.787221438
1782430331.020325184,2.674309262,4.360945627,3.823351948
1782430331.026167393,2.701344649,4.407310599,3.862564574
1782430331.027028799,2.765579591,4.540200311,3.961266428
1782430331.028572559,2.782242671,4.577350638,4.004547913
1782430331.031445026,2.791166170,4.623960376,4.042613844
1782430331.032341480,2.818003872,4.648966357,4.070509615
1782430331.033671618,2.839010873,4.683542760,4.108395641
1782430331.038838148,2.855659077,4.720010642,4.135678261
1782430331.040391207,2.908299333,4.793708396,4.241736913
1782430331.042020082,2.923058574,4.800982180,4.281596113
1782430331.043764353,2.940755152,4.824141780,4.303014646
1782430331.045315027,2.950693027,4.831733247,4.338812169
1782430331.047731876,2.971322343,4.837517909,4.355574726
1782430331.048529387,2.989591694,4.847097363,4.368931018
1782430331.051164627,2.998414476,4.842277595,4.371529981
1782430331.052031994,3.015029516,4.825116112,4.382685977
1782430331.053611755,3.005587718,4.811496118,4.392798354
1782430331.056476593,2.994652540,4.784243626,4.394593469
1782430331.057313681,3.000154368,4.758485611,4.400938108
1782430331.058630228,2.982533871,4.731481411,4.403584488
1782430331.063284874,2.987004152,4.699871850,4.403150263
1782430331.064028263,2.970362627,4.634309547,4.389703612
1782430331.065361738,2.963986297,4.588718422,4.397754893
1782430331.066921711,2.954939951,4.552779737,4.406837029
1782430331.068831205,2.922085844,4.519064411,4.406919424
1782430331.070400000,2.906186021,4.476854683,4.415147770
1782430331.076153994,2.900414893,4.447931021,4.409139585
1782430331.077011585,2.892625453,4.356454737,4.370903112
1782430331.078661442,2.865885881,4.326473827,4.369811313
1782430331.081484556,2.848376852,4.301265217,4.364857525
1782430331.082330465,2.849374506,4.270034538,4.347774092
1782430331.083650589,2.819947705,4.251897395,4.339775907
1782430331.088870525,2.815834636,4.216647602,4.316190984
1782430331.090190172,2.797458547,4.179378934,4.267127207
1782430331.091877937,2.772312496,4.141126682,4.258024195
1782430331.093820810,2.739791768,4.121460080,4.243374001
1782430331.095407963,2.700680492,4.083283084,4.228758146
1782430331.101133585,2.692933064,4.052720375,4.194940754
1782430331.101982594,2.588337987,3.909588841,4.035737636
1782430331.103538513,2.534146597,3.848409068,4.007993570
1782430331.106462717,2.483780432,3.800603349,3.973511860
1782430331.107317209,2.446315126,3.758475824,3.923794091
1782430331.108632565,2.395581153,3.709513515,3.894936961
1782430331.110536098,2.361786931,3.661557028,3.843573021
1782430331.113864660,2.328472306,3.617275398,3.792181256
1782430331.115214586,2.302187922,3.554777787,3.749827439
1782430331.116880655,2.249994306,3.501136439,3.722651561
1782430331.118769169,2.199507318,3.433312782,3.685431766
1782430331.120364666,2.159180648,3.375919827,3.668350243
1782430331.125742674,2.122517629,3.327390956,3.619405339
1782430331.126979589,2.014279295,3.133821209,3.491346324
1782430331.128683090,1.971447999,3.084847909,3.485319707
1782430331.131506205,1.926628662,3.037789769,3.473900581
1782430331.132369518,1.902271571,2.985700076,3.453632456
1782430331.133709192,1.867323158,2.935989959,3.432347015
1782430331.138786316,1.829871867,2.886979274,3.406411687
1782430331.140340805,1.764725438,2.791181176,3.351905443
1782430331.141994476,1.729867555,2.730076401,3.331531691
1782430331.143830538,1.701591162,2.683964203,3.306872810
1782430331.145367861,1.625797117,2.585910275,3.254173813
1782430331.151179790,1.581247189,2.550713450,3.223822959
1782430331.152033567,1.430866452,2.412794468,3.130445545
1782430331.153584957,1.372949949,2.358034230,3.105740294
1782430331.156371117,1.336642946,2.316457491,3.077163683
1782430331.157112360,1.280352324,2.273220170,3.049176494
1782430331.158672571,1.233684213,2.220004859,3.022546250
1782430331.163920403,1.191090409,2.186135077,2.985381222
1782430331.165241957,1.078596038,2.085215551,2.934031503
1782430331.166889191,1.043781428,2.041642779,2.908351865
1782430331.168828011,0.986263356,1.995929585,2.869966687
1782430331.170370340,0.908195158,1.906140985,2.816059250
1782430331.172445297,0.867571544,1.874355631,2.786511510
1782430331.176266432,0.835796036,1.845479906,2.768489111
1782430331.177181482,0.753828754,1.809396430,2.738753825
1782430331.178557396,0.730226956,1.796673229,2.726358134
1782430331.180217981,0.698909317,1.774206446,2.707665131
1782430331.181948900,0.661150296,1.782485276,2.702044733
1782430331.187480450,0.641080847,1.776711640,2.689864527
1782430331.188921690,0.558973130,1.750381188,2.651297126
1782430331.190269709,0.529086991,1.754036605,2.643892679
1782430331.192048788,0.501018226,1.777671982,2.618991932
1782430331.193809032,0.483317453,1.767336899,2.607254598
1782430331.195424080,0.461690747,1.778457845,2.608610260
1782430331.201179266,0.439041082,1.784578859,2.599601088
1782430331.202024698,0.408371281,1.781000422,2.570823565
1782430331.203730106,0.395396475,1.782556221,2.561907850
1782430331.206513882,0.388210695,1.800705755,2.550181528
1782430331.207357645,0.363288735,1.800513859,2.544129714
1782430331.208557844,0.356041461,1.799715959,2.543363534
1782430331.213862181,0.352152452,1.809724507,2.533658427
1782430331.215168238,0.306911249,1.805393054,2.537661199
1782430331.216841936,0.299033368,1.807699323,2.533836900
1782430331.218572378,0.283038529,1.814878719,2.531203526
1782430331.220390320,0.277387624,1.807938247,2.527135306
1782430331.226072550,0.262353919,1.800696159,2.523962535
1782430331.226940632,0.222673305,1.750833191,2.501238231
1782430331.228712797,0.215977029,1.754410101,2.482720747
1782430331.233659983,0.214068347,1.738973030,2.461585543
1782430331.242942095,0.186127730,1.710557338,2.427140142
1782430331.243786097,0.125164824,1.595060281,2.344721075
1782430331.245198965,0.128764641,1.601032836,2.311435543
1782430331.246846437,0.123874917,1.598947836,2.289534372
1782430331.248605013,0.109109909,1.590597700,2.274838465
1782430331.255547523,0.114277821,1.576148360,2.257578161
1782430331.256875992,0.104370320,1.547978591,2.240311045
1782430331.258637190,0.108789742,1.562595117,2.234275566
1782430331.260586977,0.104776828,1.562914140,2.235412706
1782430331.261945009,0.100306942,1.555454479,2.240637503
1782430331.265599012,0.110986273,1.554956428,2.239965644
1782430331.267984629,0.112472781,1.564993515,2.262038054
1782430331.268836021,0.111481551,1.571853917,2.265813801
1782430331.270176411,0.117353789,1.578009055,2.279518924
1782430331.273207903,0.119236959,1.595445498,2.275336569
1782430331.274062634,0.106409408,1.601659176,2.279283049
1782430331.275368929,0.112540506,1.612764496,2.289221092
1782430331.280534983,0.113077241,1.625054281,2.292487937
1782430331.281855106,0.133757597,1.636628740,2.300428486
1782430331.283716202,0.138639981,1.660129797,2.294865155
1782430331.285460234,0.150324367,1.671638560,2.305241008
1782430331.287008762,0.168290310,1.702300746,2.312945929
1782430331.292797089,0.176832700,1.709037640,2.325887051
1782430331.293636322,0.203221801,1.751380311,2.368702768
1782430331.295276642,0.214404164,1.769915973,2.379400486
1782430331.297247887,0.222596224,1.798210454,2.391056098
1782430331.298631430,0.236600776,1.807261239,2.411867507
1782430331.305594683,0.255278859,1.841919800,2.427961132
1782430331.306947708,0.298132147,1.920441728,2.496476444
1782430331.308510303,0.309186667,1.958387419,2.513705785
1782430331.310495377,0.324395995,1.997923574,2.536202222
1782430331.312035084,0.358226890,2.083573096,2.581002820
1782430331.317870855,0.386569150,2.123349829,2.606461637
1782430331.318917990,0.451431164,2.293748546,2.671787560
1782430331.320371389,0.482318019,2.365847235,2.686746075
1782430331.321952105,0.514210069,2.434507290,2.700207300
1782430331.323653936,0.550096308,2.501438504,2.722469757
1782430331.327601671,0.584199897,2.589179367,2.739507184
1782430331.328584909,0.655229987,2.730579975,2.804315378
1782430331.330555916,0.691662427,2.809937946,2.833645440
1782430331.332102060,0.743340190,2.885553913,2.864886998
1782430331.333528996,0.798319923,2.972747575,2.887751637
1782430331.335520029,0.849683069,3.057779937,2.917362675
1782430331.336936474,0.899265532,3.141573558,2.954073944
1782430331.342587709,0.965299407,3.234015285,2.993472131
1782430331.343626499,1.113035924,3.502010545,3.118491845
1782430331.345436096,1.177991783,3.605797504,3.150875901
1782430331.346879959,1.245879098,3.686212753,3.193401258
1782430331.348595142,1.316765495,3.786394080,3.238567699
1782430331.355568409,1.373645823,3.880716838,3.277948810
1782430331.356908083,1.572965918,4.159661038,3.401996828
1782430331.358684778,1.616451617,4.252679948,3.438617653
1782430331.360575914,1.678690990,4.349146219,3.472127768
1782430331.361909151,1.787742333,4.518845533,3.546569147
1782430331.367945433,1.835169163,4.613356339,3.586180866
1782430331.368804455,1.979760851,4.889518166,3.699337439
1782430331.370408297,2.015348809,5.003187086,3.733966601
1782430331.373222113,2.063854417,5.098910769,3.779556364
1782430331.374163151,2.123889941,5.203262442,3.823316158
1782430331.375294685,2.189700650,5.294475165,3.864258514
1782430331.380575895,2.236731674,5.399506209,3.916357738
1782430331.381973505,2.452535987,5.671228947,4.039553024
1782430331.383537292,2.483161635,5.779402565,4.078098364
1782430331.385510683,2.506407264,5.850336376,4.114581294
1782430331.387066126,2.536789362,5.953301678,4.154723636
1782430331.389725208,2.580931354,6.022805690,4.190560243
1782430331.390371799,0.000000000,0.000000000,0.000000000
1782430331.392819405,2.633092374,6.090048126,4.230765721
1782430331.393787861,2.678233969,6.222714127,4.284730158
1782430331.395196199,2.691469173,6.300335556,4.328657711
1782430331.396865845,2.667872698,6.391732791,4.363704194
1782430331.398726463,2.678606375,6.448396489,4.397349502
1782430331.404873610,2.688807864,6.510594641,4.440695415
1782430331.405614138,2.775580344,6.684280752,4.528055738
1782430331.406943321,2.785910413,6.747236952,4.552015815
1782430331.408701181,2.736004084,6.812412545,4.580310448
1782430331.410500050,2.776882297,6.857427294,4.606616494
1782430331.412056923,2.743754481,6.917281977,4.626347224
1782430331.417806864,2.766180559,6.950763196,4.654112574
1782430331.418650389,2.805849774,7.028945011,4.679346226
1782430331.420217037,2.761071602,7.059404341,4.695146794
1782430331.423249722,2.731359869,7.081619926,4.704884660
1782430331.424304724,2.711149016,7.092505528,4.709363857
1782430331.425214291,2.709640689,7.090856650,4.703021862
1782430331.430548191,2.677248351,7.073334606,4.700943389
1782430331.431894064,2.634729221,6.979717335,4.672506582
1782430331.433664083,2.561212720,6.936432199,4.680049578
1782430331.435416937,2.548252927,6.890269562,4.670957475
1782430331.436986685,2.479426699,6.827282906,4.661451772
1782430331.442813396,2.470653433,6.765927920,4.658023466
1782430331.443671942,2.381965051,6.558615480,4.614725576
1782430331.445324898,2.319014964,6.496613137,4.607149706
1782430331.448182106,2.284293067,6.422648785,4.593624330
1782430331.449040890,2.249633800,6.367040527,4.581555741
1782430331.450363636,2.214452877,6.308781519,4.560475346
1782430331.455555439,2.195416413,6.248127789,4.542006983
1782430331.456862211,2.125991166,6.104871653,4.469850997
1782430331.458634853,2.071718492,6.065161816,4.458171407
1782430331.460519552,2.046591694,6.023569088,4.427998536
1782430331.462066174,2.017014714,5.968820985,4.414547964
1782430331.467784643,2.006272807,5.923421440,4.380257219
1782430331.468522549,1.988654697,5.740389668,4.263439862
1782430331.470178604,1.952133588,5.674486558,4.228818198
1782430331.473239660,1.926910525,5.594461918,4.195089762
1782430331.474097490,1.903269918,5.523010928,4.150198701
1782430331.475179911,1.881607192,5.441232257,4.104156418
1782430331.480559587,1.861971691,5.347371918,4.064532194
1782430331.481872082,1.792049810,5.182225009,3.977344155
1782430331.483654261,1.747387395,5.083474586,3.943457743
1782430331.485511065,1.719536750,4.988831049,3.891760622
1782430331.486863613,1.664835104,4.885943713,3.851761069
1782430331.492930889,1.631921824,4.771224766,3.805988527
1782430331.493811607,1.467317594,4.322343343,3.616538184
1782430331.495382786,1.419084940,4.197997471,3.582395547
1782430331.498250484,1.378296881,4.085211389,3.560457663
1782430331.499056816,1.329155848,3.967629347,3.518464258
1782430331.500225067,1.292030329,3.846152361,3.488802023
1782430331.505582333,1.257749407,3.735478430,3.452190527
1782430331.506946564,1.183696304,3.508144117,3.371884488
1782430331.508728266,1.143195586,3.395572675,3.334213019
1782430331.510430336,1.106059227,3.283957489,3.287967326
1782430331.511979580,1.079706989,3.179217805,3.252919695
1782430331.517780781,1.037886953,3.069855061,3.200859611
1782430331.518627644,0.902657079,2.686720976,3.001746560
1782430331.520283699,0.872194493,2.589217360,2.956714576
1782430331.528651476,0.838643439,2.515153754,2.902300411
1782430331.530220985,0.719997104,2.248819912,2.724619350
1782430331.531984091,0.705425811,2.186733321,2.687589918
1782430331.539164305,0.673663462,2.139028691,2.650566901
1782430331.540294409,0.552944587,1.917113369,2.464579802
1782430331.542060852,0.540734260,1.888566402,2.427669303
1782430331.543812037,0.515520776,1.862323600,2.397158930
1782430331.545347691,0.503982970,1.826871258,2.363691302
1782430331.551157236,0.483592045,1.794871697,2.331795012
1782430331.552018642,0.432070860,1.737182923,2.267072548
1782430331.553675413,0.417650419,1.712640474,2.244859326
1782430331.556524754,0.406173331,1.701566600,2.234803507
1782430331.557368517,0.387256906,1.691934178,2.216048654
1782430331.558702707,0.370307802,1.677420143,2.206529628
1782430331.563856125,0.359639250,1.665504976,2.199355136
1782430331.565170527,0.326653702,1.654304423,2.173881503
1782430331.567026854,0.321416892,1.647398986,2.174962459
1782430331.568810940,0.309820549,1.642246470,2.169640174
1782430331.570360184,0.292116154,1.640812450,2.162182570
1782430331.573655367,0.285887820,1.622472473,2.164712514
1782430331.576232195,0.254483255,1.611516976,2.153946594
1782430331.577083588,0.238749463,1.596093443,2.156695242
1782430331.578654528,0.230873391,1.593358419,2.153678685
1782430331.581513882,0.227883786,1.583663728,2.152153151
1782430331.582353354,0.219175743,1.585564698,2.144574397
1782430331.583681107,0.208974731,1.576993747,2.140767671
1782430331.588873386,0.208734543,1.568972345,2.143423703
1782430331.590214014,0.196827417,1.557368436,2.139375570
1782430331.591870308,0.193570496,1.554695238,2.135334595
1782430331.593813181,0.185587759,1.550589366,2.134388545
1782430331.595370531,0.180704082,1.539837848,2.139432602
1782430331.601211071,0.171359139,1.535567536,2.136451942
1782430331.602052689,0.163045115,1.524348842,2.142874270
1782430331.603701115,0.160818212,1.526286729,2.151157532
1782430331.606495142,0.159541075,1.524901677,2.152597087
1782430331.607358694,0.149057249,1.529507682,2.151979514
1782430331.608679295,0.144938521,1.524088418,2.150910085
1782430331.613972902,0.149635872,1.526918839,2.157779476
1782430331.615284443,0.145981309,1.521981124,2.152112363
1782430331.617045403,0.147696310,1.526785587,2.153309359
1782430331.618846655,0.146121599,1.532251831,2.144827892
1782430331.620390892,0.147374232,1.530093316,2.146525147
1782430331.626216173,0.142022687,1.532951474,2.149553363
1782430331.627080679,0.145835994,1.532311181,2.166661235
1782430331.628652573,0.151145165,1.531767466,2.174844621
1782430331.631521225,0.158485159,1.529794624,2.178052173
1782430331.632370710,0.160461391,1.539036237,2.185729533
1782430331.633684874,0.165606782,1.539402522,2.187743815
1782430331.636701107,0.174472069,1.537671957,2.202635892
1782430331.637467384,0.177056869,1.542456907,2.201063453
1782430331.638791800,0.178173355,1.535791216,2.206793905
1782430331.640383482,0.181570420,1.544111678,2.211404490
1782430331.642031193,0.184834666,1.552892208,2.214004825
1782430331.643804550,0.189013899,1.555117285,2.215605932
1782430331.645397902,0.202749854,1.564056167,2.218486051
1782430331.651191711,0.205004083,1.578767004,2.226764278
1782430331.652038097,0.212694529,1.599737336,2.259386403
1782430331.653705120,0.227539799,1.617335168,2.279009116
1782430331.656504154,0.239109312,1.644512161,2.300754437
1782430331.657379866,0.241875318,1.663858628,2.323316049
1782430331.658698082,0.262068524,1.686220484,2.345230878
1782430331.663932562,0.264689440,1.716701768,2.375047974
1782430331.665242434,0.313405541,1.819339759,2.469264463
1782430331.667030334,0.340589665,1.872729131,2.486316244
1782430331.668939590,0.367269671,1.906319377,2.522088979
1782430331.670257092,0.392895281,1.951163392,2.551356668
1782430331.676317453,0.419337210,1.999877151,2.583464250
1782430331.677154064,0.490557992,2.159322291,2.713387213
1782430331.678705931,0.520964400,2.231709313,2.752874291
1782430331.681663752,0.550573915,2.313178930,2.792923056
1782430331.682521105,0.568206405,2.385204975,2.831465261
1782430331.683605671,0.596068786,2.460283627,2.882268782
1782430331.689096689,0.625024663,2.551126212,2.914851273
1782430331.690186977,0.710039021,2.833891229,3.039592074
1782430331.691980839,0.759402745,2.929534611,3.076727190
1782430331.693903923,0.815965994,3.031982338,3.114869301
1782430331.695215702,0.857127543,3.136163887,3.147892574
1782430331.699697495,0.919061074,3.226475049,3.185201558
1782430331.700482607,1.024693339,3.415940522,3.276412623
1782430331.701958895,1.088756289,3.502706554,3.312676102
1782430331.703729153,1.156425340,3.593946903,3.333393819
1782430331.705202103,1.224662477,3.683014048,3.355717498
1782430331.706988811,1.280919514,3.758712792,3.385250916
1782430331.713904858,1.327362824,3.839524118,3.403622937
1782430331.715223789,1.532564040,4.136268099,3.478182761
1782430331.716861010,1.553743082,4.205999880,3.490937697
1782430331.718824625,1.593383671,4.279827929,3.512202579
1782430331.720194578,1.634624330,4.353875556,3.516327934
1782430331.726210356,1.673837171,4.418471085,3.543117529
1782430331.727062702,1.820826651,4.652674761,3.614598015
1782430331.728707075,1.854446457,4.751317702,3.628273961
1782430331.730940104,1.877184197,4.842278472,3.658912923
1782430331.733410597,1.929062047,4.913730872,3.693426228
1782430331.734290123,1.979576824,5.018873635,3.717261766
1782430331.735173702,2.038421966,5.096795689,3.746256857
1782430331.738876343,2.093370339,5.189184524,3.784698804
1782430331.740189791,2.204803894,5.370189251,3.838184473
1782430331.741965294,2.205735588,5.479869751,3.857993002
1782430331.743826151,2.254137684,5.541205490,3.892699286
1782430331.745380402,2.258825242,5.624458561,3.916268887
1782430331.751256943,2.310195084,5.697055679,3.943177984
1782430331.752131939,2.398026035,5.868208301,4.018868760
1782430331.753714085,2.383314908,5.961338437,4.045437359
1782430331.756561041,2.370545614,6.014782610,4.068761362
1782430331.757408142,2.381340721,6.077844876,4.084640255
1782430331.758719683,2.360033637,6.127340699,4.107900312
1782430331.761140108,2.392944935,6.165507120,4.134190348
1782430331.761936903,2.414235419,6.206851942,4.154518113
1782430331.763842344,2.439164377,6.251823894,4.177277700
1782430331.765223026,2.448005673,6.320046909,4.187263869
1782430331.766991615,2.401692984,6.397613232,4.200414252
1782430331.768878937,2.424472962,6.445482106,4.229384673
1782430331.770183802,2.449696689,6.503602553,4.232095796
1782430331.776197195,2.432630687,6.564448740,4.247713450
1782430331.777084589,2.485885400,6.672882040,4.274900719
1782430331.778637409,2.461457268,6.720712103,4.271444069
1782430331.781590939,2.441085894,6.755903480,4.285121059
1782430331.782437563,2.435167238,6.786678404,4.267421868
1782430331.783528805,2.441354750,6.795286936,4.274782513
1782430331.788964748,2.418118459,6.810044207,4.287989209
1782430331.790281773,2.424736427,6.830250608,4.248107640
1782430331.791939020,2.380917770,6.841936795,4.219957515
1782430331.793775320,2.354962413,6.822513181,4.216186709
1782430331.795371771,2.319181771,6.807911324,4.186892371
1782430331.801235437,2.313219067,6.779712084,4.163240177
1782430331.802081823,2.285602076,6.632917362,4.088606667
1782430331.803622723,2.247262784,6.568847940,4.063714679
1782430331.806564093,2.217960897,6.499361548,4.054439466
1782430331.807413101,2.192209062,6.433394922,4.016732082
1782430331.808757782,2.165875452,6.353937937,4.008597808
1782430331.813855171,2.152290474,6.273007858,3.987942011
1782430331.815186739,2.118378219,6.111039956,3.920846283
1782430331.816951990,2.071178979,6.039159318,3.903918112
1782430331.818857193,2.056879546,5.954972471,3.865036709
1782430331.820177794,2.038524748,5.800146229,3.781389967
1782430331.823825836,2.015380985,5.719872055,3.747980638
1782430331.826256752,2.013656478,5.647769323,3.707792429
1782430331.827113390,1.998487328,5.501134404,3.622372854
1782430331.828671455,1.981310223,5.428140011,3.576379694
1782430331.831563711,1.963705138,5.357439177,3.542087823
1782430331.832419872,1.955694225,5.285088933,3.497052648
1782430331.833518744,1.939915095,5.216416811,3.446896728
1782430331.838951111,1.916637965,5.140336689,3.412026477
1782430331.840309858,1.894488623,5.009150819,3.330829668
1782430331.841861010,1.879359899,4.931374377,3.306710648
1782430331.843799114,1.861770685,4.859938488,3.274323115
1782430331.845361948,1.836869570,4.798262351,3.259676699
1782430331.851242781,1.824858199,4.731399018,3.236904979
1782430331.852097511,1.762801077,4.506981942,3.188228870
1782430331.853514433,1.753515715,4.450863578,3.193912365
1782430331.855214119,1.742460427,4.387598715,3.206875197
1782430331.857018709,1.729152977,4.319828497,3.201198379
1782430331.863925219,1.723909761,4.260661668,3.190627131
1782430331.865252018,1.706688371,4.079753625,3.119356749
1782430331.867005825,1.686878659,4.009118629,3.118585547
1782430331.868882418,1.678142015,3.948180955,3.080437969
1782430331.870215654,1.663403305,3.817099436,3.019357874
1782430331.876275778,1.644775209,3.736943526,2.988884444
1782430331.877135992,1.631686665,3.530347645,2.877281857
1782430331.878557682,1.623969928,3.452190944,2.849826613
1782430331.880221844,1.603718691,3.366503910,2.828206372
1782430331.882024765,1.586410877,3.286537541,2.796976068
1782430331.886573315,1.569884306,3.206438679,2.772975892
1782430331.887411356,1.523040379,3.057484654,2.695991029
1782430331.888989210,1.500952889,2.980885871,2.662378609
1782430331.890335083,1.470567387,2.899946113,2.630693095
1782430331.891900778,1.446131475,2.805719401,2.615360677
1782430331.893792152,1.414028983,2.723474148,2.600064592
1782430331.895371914,1.380006565,2.633989272,2.577219156
1782430331.901261806,1.351474199,2.546669111,2.544901682
1782430331.902103186,1.271189549,2.329237853,2.423130116
1782430331.903649807,1.241979177,2.244964874,2.392880958
1782430331.906519651,1.202923102,2.165819932,2.359592631
1782430331.907370806,1.177540946,2.095077001,2.320490494
1782430331.908683300,1.145321705,2.019807140,2.283978504
1782430331.913851023,1.102319280,1.958533471,2.240833287
1782430331.915183067,1.000059081,1.783482355,2.107355235
1782430331.916949987,0.976576181,1.716343103,2.084968072
1782430331.918814182,0.934448823,1.669648520,2.041014820
1782430331.920373917,0.901603352,1.605720107,2.010464350
1782430331.926237345,0.865619025,1.567810412,1.966312549
1782430331.927078009,0.760375086,1.440199939,1.853192165
1782430331.928617001,0.732134931,1.396687436,1.819997613
1782430331.931567430,0.701639821,1.351863676,1.789701991
1782430331.932406902,0.677082316,1.326446100,1.764530477
1782430331.933744431,0.649597209,1.293475440,1.732444675
1782430331.938899994,0.619077285,1.260901749,1.707735391
1782430331.940371513,0.539857863,1.207827800,1.663703832
1782430331.941922188,0.511811426,1.196521801,1.657549946
1782430331.943927765,0.491904565,1.170824106,1.667548333
1782430331.945402622,0.475678381,1.156908049,1.669193469
1782430331.948903799,0.447571681,1.152251811,1.677817779
1782430331.951270580,0.439619020,1.124834118,1.687305783
1782430331.952209711,0.393426993,1.106096798,1.709537676
1782430331.953665018,0.380164128,1.096702965,1.712269851
1782430331.955221653,0.368282555,1.085681983,1.713152993
1782430331.956845999,0.355539436,1.078852442,1.729750584
1782430331.963936567,0.343123744,1.071320483,1.729270961
1782430331.965180159,0.287052798,1.063524383,1.728147903
1782430331.966980934,0.281205799,1.070435241,1.725138289
1782430331.968867779,0.263553287,1.077485922,1.728866710
1782430331.970299482,0.249916956,1.072340704,1.724293459
1782430331.976259708,0.256973954,1.099128452,1.719150009
1782430331.977142096,0.234816431,1.120741867,1.717138298
1782430331.978684187,0.225707353,1.134436516,1.716077196
1782430331.981506109,0.198693180,1.148219090,1.713788934
1782430331.982357502,0.204479461,1.152958119,1.725197873
1782430331.983672619,0.202105372,1.170125252,1.727085449
1782430331.988844395,0.188124780,1.183962936,1.735954176
1782430331.990185976,0.193495789,1.209331457,1.760977043
1782430331.991979122,0.184653958,1.231856277,1.753729721
1782430331.993838072,0.189969817,1.246727968,1.765202773
1782430331.995383024,0.175160664,1.262373618,1.768392859
1782430332.001210690,0.165370576,1.273686007,1.773624488
1782430332.002167463,0.141441564,1.314171562,1.822632945
1782430332.003507614,0.115994262,1.324998099,1.832936245
1782430332.005185843,0.122357988,1.339710746,1.853748441
1782430332.007020473,0.113529944,1.345225560,1.865625786
1782430332.010364532,0.091851874,1.348663687,1.872603252
1782430332.013995409,0.096654037,1.352787012,1.889539082
1782430332.015323877,0.076427617,1.358111429,1.917118691
1782430332.016915321,0.069193469,1.371867928,1.926238105
1782430332.018844366,0.069743099,1.384555490,1.939468431
1782430332.020174265,0.067982479,1.384756002,1.957469059
1782430332.025655031,0.068413726,1.404692723,1.966176081
1782430332.026845694,0.074939526,1.443742817,2.018719847
1782430332.028666258,0.067887863,1.460796974,2.032077147
1782430332.031563759,0.077643701,1.481954840,2.060166227
1782430332.032407999,0.081591441,1.498121051,2.078612929
1782430332.033711910,0.072429392,1.512745821,2.098690156
1782430332.038931847,0.080443101,1.521945722,2.122926621
1782430332.040236712,0.082944059,1.550995673,2.163732350
1782430332.041890621,0.087570867,1.562077111,2.187659345
1782430332.043837547,0.094231802,1.582381928,2.199883334
1782430332.045374393,0.108896851,1.616206562,2.246390409
1782430332.051275015,0.119858982,1.641243348,2.283457531
1782430332.052111626,0.151262242,1.707691290,2.376837630
1782430332.053648949,0.157895619,1.739770450,2.402899670
1782430332.056548595,0.174681505,1.761420232,2.435601411
1782430332.057277679,0.184980941,1.795693161,2.471310104
1782430332.058622122,0.187057620,1.822697371,2.495997386
1782430332.063904524,0.209789417,1.860079605,2.532335361
1782430332.065277815,0.232969054,1.921331420,2.581909992
1782430332.066844702,0.250932639,1.969183383,2.608994705
1782430332.068831682,0.268751129,2.008758021,2.628973361
1782430332.070420265,0.314880686,2.096557333,2.667232389
1782430332.072055340,0.332695713,2.147785530,2.688545389
1782430332.076205492,0.348965910,2.193989391,2.707675447
1782430332.077068329,0.391717249,2.288316120,2.761513635
1782430332.078745604,0.403942559,2.345841163,2.782522089
1782430332.080186605,0.427234061,2.395540673,2.808597946
1782430332.082011223,0.455842343,2.448198143,2.846045325
1782430332.087627172,0.463713065,2.507658628,2.876557903
1782430332.088988066,0.519671941,2.678689846,2.984153399
1782430332.090331554,0.539661956,2.732569838,3.014700575
1782430332.091854811,0.569466673,2.794075490,3.047692561
1782430332.093823195,0.599571931,2.862220133,3.068525379
1782430332.095170259,0.625668918,2.922481489,3.094593031
1782430332.101270676,0.667737109,2.983992564,3.106408216
1782430332.102127314,0.767340507,3.160882357,3.137899910
1782430332.103671312,0.797214677,3.225666455,3.137468049
1782430332.106598139,0.851969162,3.279297282,3.142634391
1782430332.107439041,0.880725536,3.331467095,3.148625714
1782430332.108524323,0.906995509,3.376355037,3.153711022
1782430332.113996983,0.955467337,3.412956136,3.151349059
1782430332.115317106,1.012280147,3.483374090,3.152002637
1782430332.116838694,1.036409723,3.518176150,3.130569386
1782430332.118784666,1.073910929,3.537125890,3.116213131
1782430332.120187521,1.100605964,3.563232144,3.106171794
1782430332.126298666,1.128620368,3.580176306,3.091521258
1782430332.127232552,1.195879295,3.641622892,3.088188053
1782430332.128593922,1.228903067,3.665950650,3.089204196
1782430332.130248785,1.257977145,3.709505308,3.085470575
1782430332.132000685,1.275615656,3.750928686,3.090508259
1782430332.134734154,1.310300016,3.781395806,3.092801966
1782430332.135469913,1.347912778,3.811520424,3.115044717
1782430332.139039993,1.384129742,3.855574994,3.132655317
1782430332.140358210,1.453921889,3.956670210,3.168687175
1782430332.141905785,1.478585182,4.033272937,3.170721080
1782430332.143839598,1.519069130,4.084755230,3.194290828
1782430332.145382881,1.555758164,4.171762409,3.202856547
1782430332.150357008,1.587956276,4.233264731,3.223638667
1782430332.151889086,1.660813246,4.373352473,3.259157590
1782430332.153739691,1.686794441,4.467468682,3.258930470
1782430332.156531096,1.719601408,4.527819889,3.275659386
1782430332.157380342,1.783176265,4.689181024,3.311337818
1782430332.158705235,1.813407050,4.751364731,3.330430811
1782430332.163961887,1.858060350,4.812844893,3.356563544
1782430332.165284157,1.936637533,4.984065046,3.397769313
1782430332.167037010,1.916143258,5.051741318,3.391540292
1782430332.168856144,1.941837580,5.090950682,3.402211267
1782430332.170197725,1.941968768,5.137201083,3.399234292
1782430332.176208496,1.943023200,5.165833913,3.405043565
1782430332.177040577,1.906061244,5.230371069,3.404267148
1782430332.178697586,1.873008985,5.253108561,3.393840570
1782430332.181597710,1.865132297,5.245894380,3.394278757
1782430332.182515383,1.840114210,5.268375818,3.376843716
1782430332.183680296,1.835904617,5.262942928,3.367505087
1782430332.188999414,1.819937395,5.255242848,3.372314151
1782430332.190324783,1.805518215,5.240633146,3.340112071
1782430332.191880941,1.786858563,5.241440653,3.326562403
1782430332.193840742,1.777049269,5.223053700,3.322575706
1782430332.195381403,1.755542631,5.204837265,3.321941445
1782430332.197805405,1.752166652,5.176910520,3.306290121
1782430332.198451042,0.000000000,0.000000000,0.000000000
1782430332.201329947,1.744341425,5.143762436,3.295558466
1782430332.202270031,1.725138060,5.067493878,3.270819169
1782430332.203664064,1.699871301,5.015121912,3.274269101
1782430332.205212593,1.675683100,4.962016083,3.261249255
1782430332.206967115,1.647166093,4.911650762,3.246015302
1782430332.213358402,1.627251553,4.847945772,3.237329606
1782430332.214181900,1.619093195,4.674579320,3.176588745
1782430332.215350628,1.614537766,4.618774716,3.154401944
1782430332.216925144,1.595883909,4.561390222,3.130779026
1782430332.218749046,1.598151556,4.493022185,3.114907460
1782430332.220305920,1.582346821,4.434551890,3.095371204
1782430332.226114988,1.569940894,4.375540638,3.064801661
1782430332.226976395,1.535309438,4.194586076,2.984529118
1782430332.228519917,1.525962992,4.117666326,2.964730692
1782430332.237848043,1.507320653,4.054683745,2.942329930
1782430332.238703012,1.419485802,3.694339939,2.773141499
1782430332.240344763,1.397248825,3.613367796,2.742581499
1782430332.243650913,1.378809267,3.528252114,2.708021625
1782430332.247515678,1.358653380,3.459116180,2.673795393
1782430332.248603821,1.280927960,3.219951375,2.546300332
1782430332.250365973,1.253708968,3.134901039,2.512072164
1782430332.252174616,1.227817940,3.049527146,2.474816009
1782430332.253734112,1.200167446,2.974091200,2.439788088
1782430332.259661674,1.164152710,2.892180469,2.396637947
1782430332.260398149,1.069484579,2.660261336,2.273279851
1782430332.262046814,1.036566468,2.580446650,2.239551226
1782430332.263595104,1.011884249,2.498115175,2.204117395
1782430332.265318632,0.975218741,2.426076738,2.165439590
1782430332.272244215,0.940496831,2.353112003,2.128834411
1782430332.273556709,0.837353322,2.101752661,2.000521613
1782430332.275350809,0.808338749,2.038973342,1.978723992
1782430332.277198792,0.784107840,1.978652070,1.964294113
1782430332.278536320,0.763059267,1.926547953,1.943541920
1782430332.284703732,0.730714586,1.867695597,1.918143793
1782430332.285566330,0.661005027,1.718816818,1.855832563
1782430332.286884069,0.641169581,1.668860824,1.832638866
1782430332.288546085,0.630226286,1.617358780,1.833930767
1782430332.290312529,0.599414581,1.569040483,1.817372290
1782430332.297319412,0.583061588,1.531773763,1.811201411
1782430332.298729181,0.525208974,1.400368348,1.776828562
1782430332.300293684,0.509314607,1.367925796,1.770550912
1782430332.302196503,0.504026471,1.350318237,1.769007540
1782430332.303504229,0.485700593,1.332775407,1.755231369
1782430332.306777954,0.482338099,1.310995217,1.746934455
1782430332.307570696,0.476124065,1.299220366,1.740553417
1782430332.309740305,0.461552865,1.295890233,1.722394732
1782430332.310614586,0.451786301,1.274066347,1.713478961
1782430332.311978579,0.443821251,1.260959951,1.703711177
1782430332.313516140,0.421924282,1.258787387,1.704131402
1782430332.315337181,0.410658475,1.243528986,1.699626813
1782430332.321734190,0.402809677,1.241092364,1.695706769
1782430332.322875500,0.353786106,1.238165195,1.690612019
1782430332.323807240,0.341366873,1.236786334,1.687139962
1782430332.325248480,0.328040471,1.238803753,1.697542809
1782430332.326910019,0.319481185,1.247703625,1.698567155
1782430332.328584909,0.296765812,1.250526012,1.703848393
1782430332.334719181,0.290441744,1.254231406,1.707836375
1782430332.335615396,0.259375434,1.277863586,1.714256033
1782430332.336963654,0.254346695,1.293782020,1.722208604
1782430332.338521242,0.236806088,1.303269775,1.718562667
1782430332.340302467,0.230457508,1.312454305,1.729670706
1782430332.347257614,0.225672594,1.330617209,1.732687262
1782430332.348561049,0.186292042,1.389685986,1.745377925
1782430332.350378990,0.192418203,1.413396594,1.752861521
1782430332.352222443,0.178947400,1.434801086,1.759202891
1782430332.353626728,0.167865582,1.443742906,1.757248649
1782430332.359637260,0.165423384,1.462898191,1.770231824
1782430332.360480070,0.125782188,1.490919138,1.792534210
1782430332.362046480,0.104504730,1.500897265,1.790848184
1782430332.364944220,0.101052698,1.505200430,1.798859236
1782430332.365793467,0.093562440,1.515722403,1.794210380
1782430332.366895914,0.077143756,1.511941437,1.795558142
1782430332.369224548,0.084533148,1.507841914,1.795924487
1782430332.372272968,0.071737739,1.521331300,1.810047949
1782430332.373656988,0.058709829,1.519212625,1.811387429
1782430332.375243187,0.047168219,1.517144725,1.816954275
1782430332.377205372,0.039755176,1.522733428,1.809847168
1782430332.378519773,0.030821705,1.521600814,1.814189920
1782430332.384659290,0.022830074,1.522835209,1.816190754
1782430332.385462523,0.018690947,1.510615856,1.814008382
1782430332.386882544,0.017078375,1.501488374,1.817456561
1782430332.388700008,0.012526179,1.491015263,1.815986884
1782430332.390380383,0.008857458,1.491423993,1.809741770
1782430332.397254467,0.016534742,1.477213179,1.813882892
1782430332.398571014,0.010888382,1.463979902,1.828038795
1782430332.400350332,0.014717521,1.464492714,1.821635642
1782430332.402209759,0.007331800,1.459526732,1.832587565
1782430332.403562784,-0.001130128,1.451056636,1.848301310
1782430332.409716845,0.009955681,1.443227741,1.849210182
1782430332.410560846,0.001935960,1.417910557,1.860191965
1782430332.411865473,0.012796926,1.415302434,1.857361734
1782430332.413532257,0.014065180,1.411807356,1.858502002
1782430332.415315151,0.009306452,1.400353459,1.859512047
1782430332.422349453,0.019091831,1.400381185,1.868692318
1782430332.423568249,0.034592219,1.375933060,1.872249583
1782430332.425174475,0.030860879,1.382336059,1.867830647
1782430332.427203417,0.034304874,1.383418592,1.875815701
1782430332.428524256,0.050412355,1.393977827,1.890267911
1782430332.431196451,0.066195467,1.402879530,1.899400044
1782430332.431941986,0.078004281,1.406416518,1.908086923
1782430332.434653759,0.081011763,1.415607667,1.917370914
1782430332.435498476,0.076801831,1.425676722,1.919621606
1782430332.437060118,0.090323211,1.433733663,1.929989209
1782430332.439913511,0.096477028,1.459247321,1.933164399
1782430332.440782070,0.098494820,1.464497675,1.943533058
1782430332.441913366,0.110983265,1.475047078,1.956560800
1782430332.446636200,0.118982605,1.497965795,1.960773093
1782430332.447414398,0.135906460,1.511754175,1.985198330
1782430332.448559761,0.134667275,1.523579827,1.990016953
1782430332.450340748,0.153984110,1.541085212,2.001127939
1782430332.452248096,0.169408438,1.567811050,2.003640324
1782430332.453589916,0.172542001,1.579162913,2.013613691
1782430332.459630013,0.194135067,1.593955666,2.020628622
1782430332.460492373,0.221331173,1.626430427,2.077575677
1782430332.461909294,0.236015153,1.640758487,2.089216707
1782430332.463553190,0.243465462,1.663741950,2.106995307
1782430332.465346336,0.255818490,1.673747149,2.131261719
1782430332.472289801,0.273094523,1.693056615,2.148768047
1782430332.473607302,0.300814292,1.754189738,2.243225585
1782430332.475274801,0.323660336,1.777035755,2.258665539
1782430332.477222681,0.334187167,1.802960575,2.268436809
1782430332.478528738,0.336764504,1.825419981,2.285338453
1782430332.484603643,0.357410040,1.846376512,2.295999937
1782430332.485443592,0.384859432,1.905609544,2.342537690
1782430332.486854792,0.398956314,1.933302525,2.345978548
1782430332.489892006,0.416138663,1.955454812,2.353856061
1782430332.490752935,0.426258228,1.976720056,2.367329545
1782430332.491842508,0.431721858,1.999023207,2.381036788
1782430332.497278214,0.452440030,2.019285921,2.393253014
1782430332.498513937,0.491839983,2.066127195,2.437120935
1782430332.500356197,0.513930294,2.095403370,2.446446188
1782430332.502208710,0.526835357,2.112511430,2.454442812
1782430332.503543139,0.541725117,2.128008342,2.473669123
1782430332.508388281,0.559051124,2.153417847,2.485934668
1782430332.509661913,0.587893757,2.177015642,2.518484219
1782430332.510478020,0.594797639,2.192432528,2.533139065
1782430332.512005806,0.600537915,2.201306236,2.548512002
1782430332.513614893,0.619049165,2.224696392,2.558786718
1782430332.515304804,0.632741898,2.253904585,2.567128818
1782430332.522176027,0.650736986,2.270371745,2.584869421
1782430332.523720741,0.698892889,2.335811788,2.651915698
1782430332.525367022,0.712481399,2.354787110,2.648922668
1782430332.527206898,0.729315801,2.362653237,2.667313206
1782430332.528514385,0.748231624,2.390272760,2.673921800
1782430332.534590960,0.765492822,2.411953264,2.679205012
1782430332.535430908,0.810198847,2.448003322,2.687090604
1782430332.536844969,0.832261413,2.456900960,2.691994412
1782430332.539976358,0.850911435,2.471247173,2.687914445
1782430332.540836811,0.857614222,2.487159076,2.678754490
1782430332.541926861,0.875292865,2.489948862,2.683907533
1782430332.547331572,0.892462485,2.499184888,2.686124744
1782430332.548680305,0.946160363,2.507581340,2.675317471
1782430332.550395012,0.959748270,2.507212852,2.669161947
1782430332.552212954,0.991874393,2.501374994,2.673497218
1782430332.553550959,1.007959842,2.501622051,2.666615680
1782430332.559606552,1.031748326,2.489065989,2.659418014
1782430332.560451508,1.088625375,2.461966125,2.661331279
1782430332.561877251,1.115158976,2.446561469,2.675956401
1782430332.563517570,1.138656629,2.439352829,2.673214905
1782430332.565299749,1.157079712,2.436022078,2.667972251
1782430332.569746017,1.183943341,2.410792889,2.683860896
1782430332.570544958,1.219233716,2.389123902,2.700137600
1782430332.572260380,1.249741893,2.372688938,2.716071616
1782430332.573651552,1.274144193,2.376130377,2.722897209
1782430332.575267792,1.292910785,2.358749516,2.731342918
1782430332.577212334,1.327988662,2.338462164,2.755929824
1782430332.578557014,1.359832912,2.338911972,2.759047648
1782430332.584512949,1.384571293,2.329680382,2.776621280
1782430332.585410833,1.479075312,2.328282120,2.807128818
1782430332.586836815,1.514375364,2.311558808,2.830817433
1782430332.589957237,1.551294644,2.314484770,2.846260697
1782430332.590851068,1.586428518,2.320691705,2.850573841
1782430332.591974258,1.625409266,2.325834541,2.871791931
1782430332.597345591,1.666685598,2.331637294,2.891766005
1782430332.598673582,1.775780736,2.367083602,2.941857025
1782430332.600312948,1.756856830,2.399583637,2.972750803
1782430332.602194309,1.772010381,2.389273454,3.027327618
1782430332.603526592,1.793948491,2.442493015,3.058435665
1782430332.609660625,1.787904647,2.471210176,3.119739975
1782430332.610521317,1.768969345,2.579982430,3.252158420
1782430332.611838102,1.765884346,2.601381050,3.296150921
1782430332.613510132,1.777373884,2.629486571,3.330578511
1782430332.615378857,1.795540299,2.660382190,3.363286272
1782430332.622373104,1.816873725,2.683095369,3.398042882
1782430332.623717546,1.925963462,2.791352885,3.464781020
1782430332.625313759,1.970044155,2.819074485,3.487867151
1782430332.627197742,2.001470750,2.856616928,3.514805678
1782430332.628514290,2.027926361,2.912985795,3.539148860
1782430332.632687569,2.056096716,2.955128950,3.573854604
1782430332.633549690,2.120793705,3.095566022,3.617518688
1782430332.635330677,2.170232829,3.163432803,3.635340511
1782430332.636888742,2.222409955,3.231827663,3.649064092
1782430332.638548136,2.286944748,3.308490962,3.656389939
1782430332.640308380,2.353134671,3.393628712,3.670972987
1782430332.647238016,2.406344386,3.480663479,3.695304739
1782430332.648548603,2.539969682,3.766010146,3.765937437
1782430332.650357485,2.569167152,3.844222378,3.815358797
1782430332.652204514,2.587630654,3.938013694,3.849224293
1782430332.653513432,2.616023295,4.106748601,3.917874531
1782430332.659570217,2.612085645,4.185726798,3.963676929
1782430332.660404444,2.604543128,4.450602407,4.073890842
1782430332.661839247,2.603153690,4.536952812,4.132362219
1782430332.664231062,2.601648810,4.633609108,4.171421287
1782430332.665203333,2.610513843,4.738237122,4.202802228
1782430332.672240019,2.622402301,4.824901940,4.240886929
1782430332.673552275,2.681659244,5.103857139,4.302558181
1782430332.675345182,2.679567243,5.190295128,4.335797419
1782430332.677215815,2.700093908,5.280309917,4.351592693
1782430332.678527355,2.721426043,5.476458669,4.386135127
1782430332.684584141,2.720901171,5.545418418,4.416797822
1782430332.685431480,2.735381425,5.799806456,4.481840456
1782430332.686846495,2.740118722,5.880206247,4.518244854
1782430332.689854145,2.716598683,5.943799113,4.549326479
1782430332.690707684,2.718686236,6.012074051,4.580249192
1782430332.692023993,2.714063236,6.082041482,4.596546716
1782430332.694602728,2.725805872,6.141823074,4.604842536
1782430332.695382595,2.740953373,6.192578130,4.613594229
1782430332.697351694,2.748653014,6.246516601,4.614459772
1782430332.698744059,2.737508019,6.289970204,4.625372114
1782430332.700305462,2.708057953,6.319578769,4.655436962
1782430332.702197313,2.696852052,6.360088127,4.662645951
1782430332.703504324,2.667961404,6.383636185,4.683781840
1782430332.709635496,2.655592886,6.401571970,4.696469006
1782430332.710488796,2.616602178,6.427098319,4.713841972
1782430332.711912632,2.592321798,6.421791468,4.713503179
1782430332.713576555,2.549284824,6.413943543,4.728478711
1782430332.715324402,2.526158929,6.397663519,4.738401570
1782430332.722226858,2.494730978,6.383050847,4.731675041
1782430332.723534584,2.423443971,6.292539802,4.702134175
1782430332.725214481,2.379113632,6.245280126,4.707795826
1782430332.727225542,2.342158396,6.207628803,4.696181022
1782430332.728555918,2.305478490,6.161886055,4.697373784
1782430332.734594345,2.278737746,6.116857850,4.690028705
1782430332.735435486,2.196749430,5.958841671,4.649996868
1782430332.736893892,2.172333270,5.914718890,4.642828928
1782430332.738542318,2.134229979,5.879452792,4.655101486
1782430332.740311146,2.106460858,5.842813734,4.640333998
1782430332.747167349,2.074458436,5.803098267,4.636504566
1782430332.748509169,2.025284286,5.680511715,4.556106805
1782430332.750285149,1.971290646,5.651337677,4.561844285
1782430332.752201557,1.959937514,5.620116128,4.538627103
1782430332.753514051,1.943324741,5.586713103,4.515321131
1782430332.757510185,1.904686893,5.550821363,4.490953360
1782430332.759565830,1.874088299,5.479530980,4.422879916
1782430332.760398626,1.843134647,5.428960081,4.392446866
1782430332.762043715,1.812997499,5.371395856,4.371675169
1782430332.764950275,1.767449458,5.319837894,4.335535071
1782430332.765787840,1.747669331,5.260044530,4.304124683
1782430332.766879797,1.734276870,5.211164736,4.256852936
1782430332.772304058,1.687491957,5.142460863,4.220062561
1782430332.773642063,1.604123185,4.927471220,4.070309547
1782430332.775274515,1.561770134,4.830832545,4.025978665
1782430332.777144909,1.520365405,4.737975969,3.983629026
1782430332.778679848,1.475140784,4.638835124,3.935274173
1782430332.784664392,1.438246894,4.530011962,3.874174137
1782430332.785534620,1.331058031,4.207283641,3.697230031
1782430332.786849022,1.286837287,4.106523215,3.658098539
1782430332.788543224,1.235038192,3.995246144,3.620954397
1782430332.790313721,1.196054947,3.880389207,3.582144444
1782430332.797240973,1.156028275,3.773159917,3.543342898
1782430332.798561811,1.016319525,3.372425507,3.358915935
1782430332.800339699,0.984439487,3.269985105,3.312114663
1782430332.802211523,0.954648000,3.179628376,3.260454076
1782430332.803519249,0.922808874,3.086522123,3.220294942
1782430332.809593916,0.896727678,2.999265480,3.176922895
1782430332.810433865,0.811631894,2.777402614,3.066171108
1782430332.811847925,0.782574118,2.713646808,3.025770386
1782430332.814915895,0.764366967,2.638444464,2.997566927
1782430332.815774679,0.751169711,2.578868239,2.979296724
1782430332.816856861,0.723927353,2.520092083,2.946355044
1782430332.819749117,0.702379106,2.471910768,2.919099213
1782430332.820539474,0.693246481,2.420701708,2.898490126
1782430332.822396517,0.666044426,2.372228931,2.871349086
1782430332.823724747,0.662626051,2.314731071,2.853837760
1782430332.825257540,0.657715974,2.277898307,2.822593720
1782430332.827188492,0.636203200,2.241030050,2.795050592
1782430332.828506708,0.636254929,2.199740476,2.774245311
1782430332.834566355,0.627448537,2.171208542,2.747781265
1782430332.835468769,0.591629881,2.076446567,2.685470655
1782430332.837026834,0.577783245,2.055486637,2.661218166
1782430332.839879990,0.567514884,2.031054524,2.641763902
1782430332.840710163,0.555235987,2.014311509,2.626834590
1782430332.842028618,0.540614415,2.005867640,2.605726150
1782430332.847224474,0.520716118,1.990624435,2.593260276
1782430332.848550320,0.488044525,1.976286158,2.576847339
1782430332.850183010,0.488253744,1.957589655,2.551796169
1782430332.852154970,0.471788897,1.955133542,2.540395710
1782430332.853702068,0.461577169,1.958338086,2.524213886
1782430332.859587193,0.456313305,1.941593519,2.521303949
1782430332.860441446,0.419130353,1.895178808,2.479532802
1782430332.861861706,0.418630447,1.889899068,2.465437890
1782430332.864914894,0.437208542,1.879140085,2.453009176
1782430332.865774393,0.442767424,1.862346966,2.433554567
1782430332.866902590,0.427846466,1.859578184,2.417855311
1782430332.872358084,0.414621189,1.855023480,2.419144266
1782430332.873673916,0.381163592,1.808939532,2.414179030
1782430332.875222921,0.379929634,1.806317652,2.404965230
1782430332.877174616,0.379042520,1.807538444,2.401343157
1782430332.878501654,0.369773949,1.795204994,2.396420410
1782430332.881985903,0.376542016,1.789200514,2.389554911
1782430332.884594202,0.369583022,1.778712054,2.381521558
1782430332.885449409,0.372631897,1.765355453,2.374419601
1782430332.886869192,0.379366973,1.762047476,2.363065597
1782430332.888523817,0.380979149,1.772255354,2.353981809
1782430332.890348196,0.387100264,1.761201069,2.342637903
1782430332.897097826,0.393471188,1.765939033,2.335941014
1782430332.898681641,0.393447220,1.762777806,2.318601622
1782430332.900211811,0.391101170,1.765426764,2.308294314
1782430332.902229309,0.403694174,1.763479230,2.310649403
1782430332.903585672,0.395483659,1.754324300,2.307602463
1782430332.909586191,0.407115606,1.754688315,2.306851908
1782430332.910425663,0.411587495,1.744318432,2.304209063
1782430332.911837339,0.416058421,1.748449880,2.300796738
1782430332.914923906,0.429820986,1.753222849,2.297792098
1782430332.915817976,0.432811113,1.752468481,2.300780532
1782430332.916900158,0.432995406,1.754687963,2.296652239
1782430332.922335386,0.439765407,1.760989459,2.303731430
1782430332.923647642,0.447668920,1.761285565,2.297874928
1782430332.925282717,0.459442673,1.771527534,2.300789307
1782430332.927217007,0.471553274,1.784889755,2.300897867
1782430332.928546190,0.478760166,1.820245822,2.307636278
1782430332.934618473,0.498225980,1.849203930,2.312009089
1782430332.935476542,0.527177752,1.931232961,2.331256887
1782430332.937024593,0.540964714,1.979274028,2.334526169
1782430332.939838409,0.560268896,2.017958161,2.337983885
1782430332.940695047,0.578830544,2.058028498,2.355747362
1782430332.942031622,0.598078732,2.107479102,2.354206801
1782430332.947219372,0.611480956,2.149414876,2.377273557
1782430332.948541403,0.644834066,2.277697082,2.405813570
1782430332.950351954,0.681027430,2.345118717,2.406515266
1782430332.952210665,0.698097526,2.411524160,2.423863448
1782430332.953518391,0.730463865,2.564965736,2.450024224
1782430332.958190680,0.772324335,2.646808731,2.456790681
1782430332.958907843,0.825474096,2.811553392,2.494000928
1782430332.960338593,0.854761260,2.904598589,2.509042512
1782430332.961899281,0.896942979,2.986742833,2.513396648
1782430332.963540316,0.946860842,3.063314743,2.524939434
1782430332.965311050,0.989899375,3.151931448,2.542668156
1782430332.972170591,1.035654200,3.228299482,2.558975042
1782430332.973695993,1.209084851,3.551928978,2.664662396
1782430332.975412369,1.256190168,3.649112806,2.679847540
1782430332.977150202,1.293001162,3.727125399,2.703638969
1782430332.978514433,1.326622838,3.810468830,2.734728811
1782430332.984546661,1.373178042,3.900514128,2.753385633
1782430332.985389948,1.490685315,4.123178976,2.819948942
1782430332.987057209,1.515043605,4.201608203,2.848824436
1782430332.988518953,1.557105430,4.259745876,2.880264367
1782430332.990389109,1.580144682,4.328672653,2.900975629
1782430332.997304201,1.612050870,4.386287025,2.940886535
1782430332.998682261,1.744325341,4.615684393,3.092506050
1782430333.000255585,1.759469688,4.698542834,3.145029831
1782430333.002193451,1.789821797,4.771096423,3.195521608
1782430333.003520489,1.830302609,4.869632938,3.261682206
1782430333.009592295,1.859443385,4.970696828,3.315643929
1782430333.010440588,1.980115051,5.264054709,3.469784987
1782430333.011913061,2.009366242,5.350866717,3.527519797
1782430333.013569593,2.022211112,5.457254554,3.590004141
1782430333.015333652,2.052195135,5.549121344,3.637921802
1782430333.019875288,2.082301736,5.627209856,3.697101833
1782430333.020639896,2.195634193,5.790141563,3.769595391
1782430333.022217751,2.229201761,5.867705701,3.813966642
1782430333.023577690,2.256205177,5.952787762,3.855792137
1782430333.025371790,2.238812634,6.024988035,3.917517509
1782430333.027245522,2.286139614,6.098664551,3.969484631
1782430333.028573036,2.307398604,6.167464303,4.013051231
1782430333.034584761,2.328026102,6.223120789,4.056361265
1782430333.035436153,2.426629220,6.375738083,4.165229030
1782430333.036854982,2.441044630,6.428303379,4.207384591
1782430333.038517475,2.423020325,6.469835768,4.250169226
1782430333.040335655,2.443414723,6.499270660,4.289812461
1782430333.047215700,2.443922330,6.531874208,4.321617617
1782430333.048544884,2.485077330,6.606335040,4.420302334
1782430333.050326586,2.457373511,6.617135365,4.464855522
1782430333.052178144,2.488615259,6.625821570,4.477211543
1782430333.053624868,2.493628956,6.611702193,4.477645478
1782430333.059679270,2.486199873,6.596959876,4.486054869
1782430333.060521126,2.513260282,6.538086852,4.484400485
1782430333.061853886,2.498004756,6.514025353,4.476370325
1782430333.063605309,2.473707539,6.478848197,4.473968843
1782430333.065330982,2.470735817,6.436301095,4.475530013
1782430333.072396278,2.449230693,6.405441973,4.451294575
1782430333.073723793,2.443309324,6.215433672,4.387393331
1782430333.075289011,2.418282997,6.186167774,4.385301774
1782430333.077213526,2.394752992,6.147142540,4.379502718
1782430333.078518391,2.392168984,6.095470836,4.370048821
1782430333.082480192,2.374261264,6.064467570,4.365708104
1782430333.084571362,2.375298170,5.977682945,4.346271647
1782430333.085427284,2.362687011,5.925038236,4.328643729
1782430333.086862326,2.345067319,5.879575347,4.322874897
1782430333.089972019,2.321227609,5.828938299,4.316410098
1782430333.090829134,2.303350928,5.778058297,4.298233023
1782430333.091904402,2.303508470,5.722491760,4.280270931
1782430333.097350597,2.272973273,5.678787258,4.268738836
1782430333.098659515,2.227818343,5.524017078,4.208182678
1782430333.100328922,2.198971104,5.464197838,4.201522593
1782430333.102148294,2.174830173,5.419638151,4.195656589
1782430333.103696346,2.150863122,5.376331533,4.175854011
1782430333.109596014,2.138872220,5.328602549,4.155215038
1782430333.110454798,2.100725070,5.218088446,4.081254258
1782430333.111875534,2.077425690,5.175174592,4.059463140
1782430333.113552094,2.059611355,5.133029931,4.028197112
1782430333.115337610,2.054572715,5.099539499,3.996957910
1782430333.122299194,2.034997418,5.056489810,3.965243943
1782430333.123606682,1.985740717,4.881173329,3.799793854
1782430333.125250578,1.963451705,4.826598671,3.768126448
1782430333.127239943,1.934715459,4.775257913,3.735282840
1782430333.128538370,1.909119998,4.724786315,3.690029878
1782430333.134587765,1.882253543,4.658410551,3.653511238
1782430333.135451794,1.795743200,4.483427000,3.532515849
1782430333.136874914,1.767025498,4.417589468,3.492548561
1782430333.138529539,1.727252590,4.348167473,3.447998446
1782430333.140314102,1.698637174,4.268105786,3.403809758
1782430333.145310879,1.668235356,4.196273958,3.362453732
1782430333.147249460,1.591022087,4.020575617,3.256470177
1782430333.148592710,1.553491288,3.936553580,3.207488002
1782430333.150351286,1.504326733,3.841864366,3.156191373
1782430333.152229071,1.464635527,3.741409951,3.105660804
1782430333.153617382,1.373873243,3.545408967,2.986192309
1782430333.159601212,1.332323156,3.435827018,2.936542851
1782430333.160528660,1.226138483,3.159180966,2.816344767
1782430333.161864281,1.189557690,3.075242308,2.789669949
1782430333.163538218,1.158508123,2.989787199,2.763845092
1782430333.165360928,1.121895333,2.901479344,2.753455450
1782430333.172197104,1.085501600,2.819470038,2.731259243
1782430333.173525095,0.999810877,2.602002811,2.696206089
1782430333.175376654,0.966008332,2.515684583,2.686347712
1782430333.177208424,0.945065056,2.441252050,2.676373915
1782430333.178534508,0.887346035,2.295088912,2.627943229
1782430333.184677601,0.857977783,2.216070142,2.598535006
1782430333.185556173,0.764926236,2.007422413,2.499737971
1782430333.186875105,0.738582268,1.941435431,2.467952565
1782430333.188520670,0.702038683,1.881885697,2.442070004
1782430333.190331221,0.659399915,1.813547366,2.408624764
1782430333.197371006,0.652668107,1.765531468,2.390956215
1782430333.198723555,0.576953342,1.631821838,2.317428499
1782430333.200292110,0.563687736,1.593865153,2.290733177
1782430333.202203035,0.546304205,1.562716988,2.261719519
1782430333.203512192,0.515014788,1.512491425,2.244616593
1782430333.206695795,0.526637951,1.508731977,2.220331945
1782430333.207451582,0.515668891,1.494060649,2.209042254
1782430333.209517479,0.000000000,0.000000000,0.000000000
1782430333.210407257,0.505550997,1.485855540,2.189192390
1782430333.211880207,0.503545494,1.485807511,2.189370565
1782430333.213621855,0.502803477,1.493086564,2.185362312
1782430333.215324402,0.492181394,1.498916774,2.182956080
1782430333.222202301,0.485828942,1.503303548,2.186190308
1782430333.223527908,0.473015986,1.528534771,2.204061149
1782430333.225312471,0.463256250,1.541191631,2.198500409
1782430333.227216482,0.454768122,1.542597324,2.201000489
1782430333.228527784,0.452523782,1.553620002,2.201164106
1782430333.234696627,0.446308965,1.565660148,2.197682185
1782430333.235552073,0.437033201,1.570409312,2.207001843
1782430333.236874819,0.442002924,1.586400411,2.218161168
1782430333.238538742,0.441637060,1.598753060,2.217633818
1782430333.240360975,0.436189741,1.600418706,2.230151998
1782430333.247310877,0.435299060,1.600417751,2.237365900
1782430333.248612404,0.432946128,1.622648334,2.276689563
1782430333.250280857,0.424419375,1.632558421,2.285269533
1782430333.252257824,0.419478618,1.634085988,2.298124340
1782430333.253566027,0.420516708,1.637495089,2.311949883
1782430333.259676933,0.434971175,1.659747740,2.311129809
1782430333.260518789,0.434387755,1.685339459,2.364073904
1782430333.261935711,0.449914034,1.695350809,2.377164970
1782430333.263585091,0.450089141,1.712982794,2.377566859
1782430333.265312195,0.453941082,1.716265617,2.394616291
1782430333.270462275,0.464485694,1.727219071,2.408067845
1782430333.272238493,0.475959767,1.734740022,2.443173151
1782430333.273641586,0.489263889,1.746874400,2.483513415
1782430333.275227785,0.493167220,1.751013056,2.501665375
1782430333.277199030,0.503813049,1.759258261,2.511918679
1782430333.278508902,0.503358768,1.767309650,2.520112990
1782430333.284538031,0.511590981,1.772057918,2.517124790
1782430333.285379410,0.516947869,1.767385318,2.529125705
1782430333.287069559,0.517731838,1.778077501,2.534192104
1782430333.289928913,0.520856821,1.783337472,2.536109828
1782430333.290772915,0.512138570,1.779214668,2.535515862
1782430333.291857958,0.519676948,1.778599935,2.544498692
1782430333.297222853,0.517329521,1.786266477,2.537426387
1782430333.298528194,0.527641958,1.807364700,2.546657914
1782430333.300191879,0.538825347,1.823138312,2.549143571
1782430333.302235603,0.547978871,1.841668924,2.553196643
1782430333.303570032,0.544696333,1.867773981,2.553824420
1782430333.309588194,0.556281599,1.892161122,2.564404602
1782430333.310459137,0.580425057,1.983523078,2.596149444
1782430333.311882734,0.601031781,2.027691017,2.602937687
1782430333.313538551,0.612809269,2.068942745,2.601018737
1782430333.315311193,0.630021427,2.111462127,2.610458733
1782430333.317191124,0.651037962,2.158112664,2.606772061
1782430333.322215319,0.656234612,2.196666390,2.616881674
1782430333.323528767,0.673632191,2.313545703,2.634570339
1782430333.325228214,0.693947936,2.363896065,2.640695292
1782430333.327164888,0.712845761,2.412518728,2.637894011
1782430333.328703880,0.729433807,2.468952288,2.642717052
1782430333.332067490,0.745794589,2.511088920,2.654255685
1782430333.334589005,0.760140402,2.562699693,2.658217015
1782430333.335556984,0.814742310,2.673552791,2.684928614
1782430333.337063313,0.857799584,2.739527817,2.689166321
1782430333.338622332,0.898717647,2.807887465,2.691525590
1782430333.340371370,0.925331955,2.882518940,2.705692516
1782430333.347174883,0.971906991,2.961466596,2.718160870
1782430333.348572969,1.065394732,3.187816138,2.760949165
1782430333.350374937,1.137395883,3.261649479,2.780498595
1782430333.352212429,1.176687286,3.329716041,2.788909708
1782430333.353539228,1.208407095,3.400910695,2.806707427
1782430333.359707832,1.260865796,3.464871018,2.833594304
1782430333.360557318,1.385792285,3.734938734,2.915894488
1782430333.361864328,1.435019313,3.792886455,2.946842384
1782430333.363551378,1.478087161,3.846724472,2.969864861
1782430333.365335703,1.494139247,3.922141272,2.991714708
1782430333.372220039,1.538727649,3.973532703,3.023351752
1782430333.373544455,1.672832521,4.188385366,3.116551959
1782430333.375320435,1.690481064,4.265473680,3.158140178
1782430333.377247572,1.745092627,4.347064528,3.194163405
1782430333.378641605,1.798004958,4.419002045,3.234290809
1782430333.384650469,1.843650079,4.501802514,3.269647215
1782430333.385537386,2.108094388,4.812959623,3.416253773
1782430333.386886358,2.158876638,4.887249949,3.471140132
1782430333.388533831,2.188824445,4.974405842,3.527141570
1782430333.390370846,2.247158096,5.045442631,3.585395353
1782430333.393786669,2.265296153,5.123864717,3.646672934
1782430333.397230864,2.320201925,5.213528916,3.702517810
1782430333.398737907,2.404004640,5.398680185,3.825193294
1782430333.400346756,2.419486435,5.508150074,3.904745694
1782430333.402223110,2.431234197,5.605601159,3.963782502
1782430333.403555393,2.533569905,5.800194126,4.079633040
1782430333.409204245,2.557247556,5.901289680,4.149094189
1782430333.410230637,2.729162375,6.176610487,4.316222027
1782430333.411886692,2.736825852,6.283380617,4.396294818
1782430333.413567781,2.742142101,6.376892596,4.466444262
1782430333.415362835,2.772317054,6.450898709,4.517107844
1782430333.422121763,2.783373350,6.539724792,4.587118541
1782430333.423696280,2.845141567,6.750294116,4.738243862
1782430333.425261497,2.768105230,6.821280888,4.784576249
1782430333.427183151,2.758657647,6.863319818,4.858188132
1782430333.428731918,2.772785708,6.937614910,4.944211371
1782430333.434679270,2.789451931,6.957688015,4.928550560
1782430333.435523510,2.793498353,7.079501201,5.046867777
1782430333.436848164,2.778414621,7.117041083,5.073117257
1782430333.439889431,2.759784425,7.148205008,5.103809318
1782430333.440788984,2.799604197,7.162792642,5.123337085
1782430333.441896200,2.825734614,7.187427233,5.124966660
1782430333.447371244,2.806531389,7.201849792,5.126580798
1782430333.448691607,2.838953090,7.212471597,5.128934385
1782430333.450325489,2.814030335,7.207125506,5.132480136
1782430333.452217579,2.795039306,7.199250103,5.132775164
1782430333.453528404,2.791374591,7.179997458,5.118707617
1782430333.456752539,2.757504613,7.148144985,5.100349315
1782430333.457530499,2.741075391,7.062162455,5.052004400
1782430333.459621429,2.718069529,7.005189266,5.022090643
1782430333.460480690,2.691130527,6.938849309,4.999160511
1782430333.462051630,2.624337347,6.885143437,4.979492759
1782430333.464930296,2.565315579,6.823604685,4.956469308
1782430333.465784311,2.533083062,6.748545684,4.936622179
1782430333.466870070,2.507244820,6.680684334,4.904672087
1782430333.472213984,2.460356363,6.623486982,4.880187066
1782430333.473665714,2.409989006,6.484438143,4.828667450
1782430333.475199461,2.356859571,6.433726756,4.815074169
1782430333.477292299,2.328176920,6.373247995,4.795566240
1782430333.478627920,2.271885483,6.247934351,4.755253348
1782430333.484702826,2.241581897,6.187791248,4.733553217
1782430333.485557318,2.182313730,6.015002353,4.664136315
1782430333.486874342,2.152938170,5.974246568,4.641986314
1782430333.488585711,2.116790092,5.926937686,4.627698999
1782430333.490337133,2.101023725,5.862409157,4.613095383
1782430333.497199774,2.079507153,5.820449517,4.591104523
1782430333.498516798,2.007846032,5.597854021,4.457151505
1782430333.500282288,1.960265039,5.527248845,4.437347809
1782430333.502263308,1.932603085,5.471208781,4.389370699
1782430333.503603935,1.908600618,5.391474527,4.360478061
1782430333.509699345,1.872897386,5.318587229,4.317669551
1782430333.510555983,1.797009342,5.097117353,4.188950783
1782430333.511875391,1.748612805,5.027805176,4.144830627
1782430333.513537645,1.702229732,4.936592956,4.107783193
1782430333.515358686,1.681760420,4.853762830,4.073822744
1782430333.519262791,1.635553130,4.771736017,4.030886523
1782430333.520206690,1.583877770,4.595691588,3.959181862
1782430333.522177219,1.547837748,4.506350443,3.924555007
1782430333.523566008,1.514262919,4.402057159,3.902076591
1782430333.525348902,1.456298131,4.301893979,3.882652891
1782430333.527227402,1.420919424,4.204861431,3.835969572
1782430333.528542519,1.390052612,4.087359748,3.805859403
1782430333.534649134,1.349383017,3.995737476,3.765447154
1782430333.535532713,1.260951309,3.695123945,3.637110752
1782430333.536869287,1.228933212,3.603299093,3.605221057
1782430333.538541794,1.193075207,3.510891862,3.576111672
1782430333.540395260,1.160466206,3.419603232,3.541552395
1782430333.547365189,1.138290216,3.337039891,3.522683053
1782430333.548736572,1.043213167,3.037443278,3.401596735
1782430333.550307512,1.023374410,2.958117488,3.374163259
1782430333.552253008,1.001739707,2.888892591,3.341798379
1782430333.553555250,0.983649440,2.818078882,3.316030047
1782430333.559623957,0.965934229,2.753239719,3.283418539
1782430333.560349703,0.000000000,0.000000000,0.000000000
1782430333.561899900,0.908176497,2.552333642,3.177437734
1782430333.563584805,0.884655382,2.488984151,3.141912075
1782430333.565289736,0.868623848,2.418125134,3.101563449
1782430333.572265387,0.853065273,2.354375259,3.063581035
1782430333.573609829,0.737302798,2.051818060,2.861914290
1782430333.575378180,0.728595262,2.011936497,2.812359165
1782430333.577202797,0.703199724,1.976517696,2.785902616
1782430333.578521967,0.683601876,1.937493826,2.757416508
1782430333.580333471,0.671410408,1.909921429,2.734982257
1782430333.584583282,0.644342761,1.885364977,2.711015987
1782430333.585450888,0.628035302,1.842923553,2.678321412
1782430333.586890221,0.608176448,1.832220426,2.653433352
1782430333.588552952,0.595663337,1.814610166,2.637286425
1782430333.590324879,0.595445408,1.807670441,2.625168390
1782430333.595675707,0.569593150,1.803939274,2.600615462
1782430333.597240686,0.539697626,1.776703472,2.553751495
1782430333.598561049,0.529813306,1.767234651,2.539805439
1782430333.600332975,0.531430540,1.764533232,2.529216118
1782430333.602290154,0.515810776,1.763122719,2.508058527
1782430333.603688240,0.504191524,1.759307025,2.503172655
1782430333.609669447,0.501360195,1.757375294,2.499301003
1782430333.610545397,0.477424938,1.750839588,2.492248222
1782430333.611901283,0.462631478,1.755885847,2.491751659
1782430333.613538027,0.461643279,1.762238559,2.488590051
1782430333.615416527,0.464261590,1.753589844,2.492455563
1782430333.622235060,0.454681953,1.759389170,2.491105913
1782430333.623583317,0.446709702,1.745618165,2.502220374
1782430333.625387669,0.444127388,1.754304827,2.499168957
1782430333.627256155,0.448085728,1.745379983,2.499513810
1782430333.628577709,0.447798887,1.743938319,2.498913132
1782430333.634640217,0.443033745,1.741667220,2.496707102
1782430333.635499954,0.444028608,1.720191066,2.498681562
1782430333.637043476,0.445852973,1.726531534,2.494466786
1782430333.639907360,0.442190216,1.720270232,2.493310184
1782430333.640782356,0.449056776,1.723868964,2.504159942
1782430333.641873837,0.445001542,1.730852828,2.500518903
1782430333.647258520,0.443125226,1.731606352,2.503839073
1782430333.648575068,0.442522495,1.747049949,2.509584392
1782430333.650343895,0.449200050,1.757848048,2.509963333
1782430333.652249098,0.449238576,1.761843536,2.519014331
1782430333.653573990,0.455340572,1.773668732,2.537433448
1782430333.657741308,0.459506660,1.786093787,2.542765693
1782430333.658530951,0.462997289,1.797501993,2.571511687
1782430333.660183191,0.468865799,1.813042545,2.576955676
1782430333.661902905,0.464490141,1.827155416,2.583709094
1782430333.663569450,0.479055817,1.849646989,2.601469367
1782430333.665390730,0.477970163,1.870330243,2.604700914
1782430333.672198772,0.481132095,1.895932925,2.618579726
1782430333.673744440,0.493299140,1.978827995,2.657866123
1782430333.675191402,0.507971937,2.013006928,2.676518636
1782430333.677262306,0.521742642,2.051887893,2.684183611
1782430333.678572893,0.551147096,2.136328820,2.722599352
1782430333.684612513,0.564486180,2.194005117,2.737355139
1782430333.685472012,0.601142348,2.344075286,2.800981318
1782430333.686882496,0.614340485,2.391963122,2.816112967
1782430333.688537121,0.630831549,2.460233512,2.829858175
1782430333.690340281,0.642974789,2.516064728,2.843847351
1782430333.697242260,0.657427033,2.583486788,2.867334139
1782430333.698561192,0.700986143,2.769207622,2.910454898
1782430333.700202703,0.727397903,2.850349260,2.912407489
1782430333.702261448,0.744243187,2.932246139,2.915008539
1782430333.703560352,0.789380712,3.070452187,2.940622432
1782430333.709647417,0.814139656,3.147147835,2.945470847
1782430333.710507870,0.897660116,3.341380157,2.971345314
1782430333.712077856,0.934341350,3.399629716,2.967816293
1782430333.714966536,0.964121366,3.474267167,2.972736427
1782430333.715816498,0.992677135,3.526303121,2.980262845
1782430333.716912746,1.023751889,3.577754203,3.003687699
1782430333.720306635,1.052091617,3.647273629,3.016192605
1782430333.722194910,1.078911738,3.715059292,3.046918102
1782430333.723547459,1.122190193,3.795466532,3.077922256
1782430333.725328684,1.167723839,3.905223118,3.092920412
1782430333.727255583,1.198215971,3.999941989,3.129013104
1782430333.728564262,1.234760666,4.096525051,3.166935548
1782430333.734675646,1.272314134,4.205787772,3.204791203
1782430333.735539675,1.454624707,4.611662463,3.357969654
1782430333.736872911,1.506726264,4.715636721,3.398612451
1782430333.739913702,1.553226536,4.820928899,3.423007152
1782430333.740767717,1.601219462,4.916276187,3.450042418
1782430333.741845131,1.651941800,5.001436015,3.487553421
1782430333.747354746,1.686128953,5.097019177,3.512908635
1782430333.748646736,1.806973427,5.318973394,3.582990848
1782430333.750191450,1.832434695,5.392165084,3.597516992
1782430333.755097628,1.866121736,5.450424524,3.621957711
1782430333.756044388,1.925753002,5.563666160,3.670905372
1782430333.756917715,1.959541629,5.603792555,3.700430995
1782430333.759706497,1.976453949,5.659325681,3.728111575
1782430333.760607719,1.998191616,5.697712322,3.746725284
1782430333.761927843,2.017502611,5.726712218,3.767058824
1782430333.763582468,2.023358918,5.768751824,3.782609790
1782430333.765336514,2.047111979,5.794855583,3.791791395
1782430333.772203445,2.063824735,5.821793025,3.808063965
1782430333.773510933,2.076038849,5.900526631,3.894040076
1782430333.775181055,2.114764941,5.918703556,3.835857192
1782430333.777238846,2.124619614,5.931926190,3.853949112
1782430333.778544903,2.134909292,5.916667176,3.856149592
1782430333.781937361,2.148628762,5.918649230,3.854525626
1782430333.784602404,2.156423773,5.918540856,3.878493445
1782430333.785444021,2.171945804,5.916214059,3.853136091
1782430333.786870003,2.168896637,5.912175930,3.868795510
1782430333.788538218,2.150623193,5.901834489,3.862070537
1782430333.790373802,2.147094491,5.891613386,3.851971633
1782430333.797367096,2.139497223,5.876584918,3.852004402
1782430333.798700571,2.120976952,5.802506460,3.817280314
1782430333.800303698,2.091212334,5.788717436,3.811032631
1782430333.802239895,2.071344852,5.762989701,3.810772967
1782430333.803559303,2.069223656,5.746661857,3.802143346
1782430333.809602022,2.042896223,5.731082520,3.799632456
1782430333.810446739,2.031729837,5.659221464,3.769074116
1782430333.811858892,2.018538631,5.637052917,3.768923357
1782430333.813548565,2.008937788,5.616418345,3.772690027
1782430333.815337658,2.006739149,5.596703856,3.758195250
1782430333.822220087,1.992853217,5.565400451,3.754210821
1782430333.823520899,1.982390726,5.448129729,3.694031859
1782430333.825297117,1.946038563,5.404323531,3.693808313
1782430333.827217102,1.937720495,5.361542470,3.668261088
1782430333.828570366,1.914600057,5.313297849,3.644473349
1782430333.834602594,1.897482433,5.259169622,3.632346830
1782430333.835466385,1.850778228,5.052044708,3.520188241
1782430333.836878777,1.832392494,5.000989288,3.506168356
1782430333.838520050,1.814123873,4.951474849,3.489077221
1782430333.840336084,1.800479647,4.911144286,3.470048998
1782430333.844649315,1.774650115,4.865582307,3.450933744
1782430333.845416069,1.763640332,4.791005133,3.415367407
1782430333.847197533,1.753168231,4.737574172,3.387810256
1782430333.848552704,1.732416963,4.694200201,3.369531370
1782430333.850334406,1.694428697,4.654170018,3.365663063
1782430333.852256775,1.677655028,4.602726424,3.360952683
1782430333.853558540,1.659895500,4.567369558,3.339103789
1782430333.859703302,1.629313315,4.516860988,3.324465046
1782430333.860558987,1.568993048,4.368608115,3.263295438
1782430333.861874819,1.545481709,4.316005663,3.254269340
1782430333.863539219,1.519414943,4.268910775,3.237670242
1782430333.865370750,1.483953005,4.219549242,3.210557709
1782430333.872211456,1.456619066,4.158913058,3.203341535
1782430333.873533487,1.371610804,3.982652944,3.128706326
1782430333.875391960,1.318976782,3.910463266,3.119517388
1782430333.877269268,1.286339640,3.840606463,3.088867378
1782430333.878558874,1.228328858,3.703391245,3.033417516
1782430333.884588718,1.195282313,3.617498439,3.019539409
1782430333.885437012,1.094308568,3.386554420,2.917462898
1782430333.886847496,1.053582154,3.297899243,2.890300518
1782430333.889908552,1.006170300,3.208776374,2.859742874
1782430333.890767336,0.978546901,3.111649230,2.822553048
1782430333.891867638,0.948795111,3.040344789,2.789314622
1782430333.897192478,0.909971220,2.948076198,2.754000228
1782430333.898730993,0.850205277,2.783471862,2.693547414
1782430333.900384426,0.817027688,2.704937573,2.658819258
1782430333.902233839,0.789258489,2.628525471,2.627557780
1782430333.903540373,0.717033767,2.497328195,2.568730988
1782430333.906751633,0.695091572,2.430795868,2.550953588
1782430333.907464743,0.671333917,2.373487918,2.518972058
1782430333.909644842,0.631515119,2.306492714,2.488859300
1782430333.910491943,0.607054444,2.242605992,2.469132006
1782430333.912044287,0.578451718,2.182970205,2.443864476
1782430333.914889812,0.549071819,2.119770014,2.420530292
1782430333.915717602,0.525821873,2.058404485,2.399556035
1782430333.917042017,0.506530858,2.000262785,2.372648388
1782430333.922325373,0.478733387,1.939736453,2.345445831
1782430333.923677444,0.439995536,1.843703815,2.319032158
1782430333.925244808,0.421197843,1.807793407,2.309632461
1782430333.927239418,0.394520150,1.753967503,2.288295054
1782430333.928545237,0.376858390,1.695528372,2.283060284
1782430333.934640646,0.358577634,1.667294692,2.268098256
1782430333.935478449,0.340608231,1.604779638,2.258788072
1782430333.936887980,0.345285094,1.608410776,2.259803373
1782430333.938537121,0.337038641,1.602073222,2.254627664
1782430333.940390110,0.333606761,1.591058453,2.254014372
1782430333.947252512,0.338332949,1.592943296,2.257029601
1782430333.948580265,0.332105845,1.582511521,2.252258508
1782430333.950340271,0.335989948,1.586457945,2.242591443
1782430333.952261209,0.331026779,1.586164693,2.241138098
1782430333.953565836,0.338165115,1.586518050,2.232773728
1782430333.959595680,0.331678343,1.592122716,2.226984481
1782430333.960441351,0.325771863,1.582583151,2.214875401
1782430333.961852551,0.327579571,1.580851452,2.210181405
1782430333.963519096,0.323741932,1.582407905,2.202943938
1782430333.965343475,0.318715607,1.579598021,2.204960272
1782430333.970287561,0.321438921,1.584573540,2.208935147
1782430333.972265005,0.321937452,1.591250486,2.219499916
1782430333.973587513,0.326112353,1.600035980,2.228441051
1782430333.975372076,0.323857572,1.607747709,2.233334375
1782430333.977266788,0.335735833,1.610700809,2.245500005
1782430333.978621006,0.337891881,1.622892637,2.247428563
1782430333.984603405,0.338946408,1.625779135,2.254313694
1782430333.985457659,0.356078984,1.651113659,2.282175473
1782430333.986909389,0.367540046,1.661780405,2.286771728
1782430333.988563538,0.363862684,1.676691424,2.290040672
1782430333.990358353,0.380889387,1.676283751,2.300467641
1782430333.997215986,0.389156947,1.695125938,2.305763068
1782430333.998514414,0.396591542,1.709553667,2.340886045
1782430334.000320435,0.399926978,1.728422512,2.349609097
1782430334.002274752,0.392756682,1.735693731,2.356266363
1782430334.003597498,0.399970621,1.739218709,2.362062214
1782430334.009710789,0.403465811,1.752329758,2.368761570
1782430334.010551691,0.421766840,1.776893915,2.412932642
1782430334.011883497,0.423286860,1.791186033,2.418356838
1782430334.013543129,0.426958822,1.805032253,2.425602156
1782430334.015337467,0.431342097,1.812631897,2.437544852
1782430334.017241716,0.435985360,1.828269020,2.440515870
1782430334.022268772,0.440174763,1.827663082,2.446145645
1782430334.023665667,0.455751970,1.852596570,2.459551252
1782430334.025205135,0.460509458,1.864543886,2.467695518
1782430334.027241707,0.454137663,1.876248839,2.464313668
1782430334.028543234,0.459329908,1.872739472,2.469301156
1782430334.032273531,0.465887788,1.881661864,2.467019545
1782430334.034591198,0.466498970,1.884908180,2.467528416
1782430334.035452366,0.467896955,1.877886696,2.462553022
1782430334.037002087,0.464215749,1.891154675,2.459852698
1782430334.039917469,0.469807160,1.890828027,2.458997460
1782430334.040765524,0.471595179,1.900880432,2.465048287
1782430334.041849375,0.468907265,1.904797041,2.459547123
1782430334.047364473,0.463880768,1.916525520,2.463343072
1782430334.048711538,0.461720764,1.952916457,2.482943936
1782430334.050263882,0.469621499,1.968898214,2.497570611
1782430334.052265167,0.477535964,1.997136264,2.505419026
1782430334.053565502,0.478641114,2.023915988,2.516044460
1782430334.059610128,0.487508097,2.045696040,2.530462955
1782430334.060472488,0.511205042,2.141206282,2.577589479
1782430334.062021255,0.522433673,2.190483797,2.590064606
1782430334.064971209,0.528037867,2.242816660,2.596832611
1782430334.065953016,0.543324479,2.291382568,2.615633574
1782430334.066855431,0.552915185,2.347800124,2.632998233
1782430334.072366476,0.560580709,2.415659972,2.641567492
1782430334.073529959,0.617527142,2.628572751,2.691880608
1782430334.075362682,0.653030435,2.708488326,2.700098502
1782430334.077273607,0.674916723,2.786907064,2.701228630
1782430334.078637123,0.705943929,2.872060245,2.712947521
1782430334.084576607,0.739484341,2.943862365,2.718252118
1782430334.085422993,0.826755230,3.185187926,2.767055225
1782430334.086855888,0.865747170,3.272034718,2.779196765
1782430334.089938402,0.900615134,3.343374414,2.780804071
1782430334.090784550,0.936803822,3.415241924,2.794049067
1782430334.091863155,0.969353339,3.485287259,2.802437947
1782430334.094372034,1.010918246,3.549145293,2.813887013
1782430334.095259190,1.054858322,3.605318775,2.829268637
1782430334.097391605,1.080220694,3.667965043,2.842532676
1782430334.098706961,1.118110795,3.724113279,2.853761837
1782430334.100352287,1.157621618,3.793622658,2.858629005
1782430334.102248907,1.193310457,3.848673340,2.859586285
1782430334.103559256,1.217191239,3.915651899,2.883584911
1782430334.109601974,1.261893143,3.975866736,2.901339603
1782430334.110449076,1.357345535,4.156127642,2.974828473
1782430334.112065554,1.383890715,4.233459534,2.983967014
1782430334.113542557,1.403540654,4.307937592,2.994837812
1782430334.115367889,1.433131975,4.366096217,3.011147091
1782430334.122277260,1.468614654,4.444915860,3.025261940
1782430334.123617411,1.582274740,4.642546436,3.066556832
1782430334.125204325,1.605312490,4.719085822,3.073639973
1782430334.127271175,1.643629874,4.781786659,3.088685279
1782430334.128577471,1.723456410,4.891709865,3.117647762
1782430334.134611607,1.760290659,4.943312600,3.143401116
1782430334.135452032,1.850864302,5.048900885,3.209428961
1782430334.136866093,1.868922798,5.085233765,3.226680153
1782430334.139949083,1.873818867,5.123076198,3.258628152
1782430334.140810013,1.887655375,5.156141792,3.279260932
1782430334.141990900,1.905367543,5.176844381,3.311724340
1782430334.147237301,1.913308845,5.202854476,3.336737820
1782430334.148566961,1.956330622,5.260876994,3.393081412
1782430334.150362492,1.948037548,5.299651894,3.422307744
1782430334.152243614,1.985686665,5.329798751,3.449857311
1782430334.153563261,2.015862774,5.413545036,3.516138346
1782430334.156843185,2.017565619,5.465600579,3.554939889
1782430334.159629345,2.039480451,5.493724881,3.569125332
1782430334.160525799,2.105943739,5.572600401,3.642162197
1782430334.161920786,2.116362145,5.633400518,3.682049061
1782430334.163605213,2.134615612,5.698211556,3.712953220
1782430334.165252686,2.178011355,5.728934289,3.718643198
1782430334.172226906,2.203464722,5.794262791,3.775954595
1782430334.173681498,2.246585241,6.001118408,3.896713737
1782430334.175217152,2.315724611,6.063220148,3.932334316
1782430334.177251339,2.358218091,6.103244320,3.942731539
1782430334.178568125,2.374246943,6.197116477,4.000605945
1782430334.184557199,2.378656193,6.234413327,4.021111245
1782430334.185409784,2.415729304,6.308069588,4.045075374
1782430334.186866283,2.395752805,6.323227695,4.065713025
1782430334.188524723,2.383535758,6.339934781,4.083364163
1782430334.190384626,2.384762156,6.349308686,4.082686167
1782430334.197365999,2.376945719,6.349208777,4.090659468
1782430334.198700190,2.402349582,6.325742647,4.073839384
1782430334.200347424,2.383789157,6.306299200,4.074026896
1782430334.202269554,2.382840973,6.278687041,4.065705694
1782430334.203613281,2.389242685,6.238821220,4.040613333
1782430334.209650755,2.382869272,6.199855808,4.031186145
1782430334.210529804,2.350012726,6.078269185,3.994246344
1782430334.211851358,2.322758488,6.038777058,3.988370771
1782430334.213533640,2.279879824,6.001990520,3.985874693
1782430334.215310335,2.255996899,5.945950912,3.975970352
1782430334.218855143,2.235126275,5.896332021,3.969882607
1782430334.222301722,2.216545194,5.848027111,3.948810253
1782430334.223639727,2.158158659,5.714959526,3.921225739
1782430334.225250959,2.118653157,5.665580952,3.917168798
1782430334.227268696,2.107351710,5.631114179,3.918637898
1782430334.228597403,2.082979595,5.598534802,3.910808656
1782430334.234620810,2.067872200,5.565547207,3.911470608
1782430334.235477924,2.042715014,5.482310394,3.887108599
1782430334.236895084,2.035816195,5.454513800,3.882487391
1782430334.238560677,2.014562246,5.439414327,3.875007074
1782430334.240354776,1.998199532,5.405653190,3.862505673
1782430334.247208118,1.993781389,5.376111082,3.849816001
1782430334.248522282,1.930394434,5.273937878,3.786253229
1782430334.250317335,1.893250420,5.243600517,3.774331367
1782430334.252254486,1.882565958,5.203562254,3.756600521
1782430334.253764868,1.867291733,5.180990368,3.740289053
1782430334.259712458,1.833600203,5.144001973,3.716942041
1782430334.260627508,1.780757218,5.050518919,3.654656511
1782430334.262035131,1.755753625,5.006255881,3.639122003
1782430334.263607740,1.733704113,4.983458233,3.636318536
1782430334.265403271,1.710048137,4.947691972,3.608368454
1782430334.272439957,1.679317585,4.904486056,3.593794613
1782430334.273555517,1.595896665,4.716283086,3.511370898
1782430334.275274038,1.549866151,4.656132043,3.491227592
1782430334.277237892,1.510181419,4.581845901,3.461164722
1782430334.278611183,1.479452027,4.523257405,3.442533568
1782430334.282486200,1.432526780,4.448437671,3.415585643
1782430334.283807039,1.369600916,4.289095117,3.351214838
1782430334.285536289,1.332932405,4.209875918,3.316827336
1782430334.287063837,1.303133473,4.118300941,3.286302633
1782430334.288746357,1.260821905,4.032096439,3.259136615
1782430334.290414333,1.214088449,3.942808733,3.230085348
1782430334.297532082,1.166879301,3.852857077,3.201811709
1782430334.298689127,1.030696254,3.502953271,3.068843072
1782430334.300217152,0.982562432,3.423469319,3.040600823
1782430334.301944494,0.953758378,3.326863024,3.010673399
1782430334.303620577,0.927912983,3.251351351,2.988025480
1782430334.309852839,0.891267906,3.173242224,2.952683098
1782430334.310993433,0.806826645,2.958180240,2.894418660
1782430334.311942577,0.791258811,2.885283894,2.879583731
1782430334.313586235,0.770201849,2.826286870,2.872747919
1782430334.315358877,0.753656032,2.758682619,2.856952038
1782430334.322313786,0.741974476,2.702402475,2.851497231
1782430334.323715687,0.677060809,2.503469851,2.808503828
1782430334.325281143,0.670810924,2.455164285,2.803791944
1782430334.327398300,0.668617400,2.421358470,2.804131983
1782430334.328736067,0.654498909,2.384329385,2.792226280
1782430334.334810495,0.651564374,2.354784266,2.788128964
1782430334.335844994,0.619636631,2.271693897,2.757761394
1782430334.337125778,0.601518472,2.236376860,2.739744664
1782430334.338695526,0.598199716,2.221505919,2.729277750
1782430334.340248585,0.580967067,2.182127856,2.698612402
1782430334.345707893,0.582165521,2.163122812,2.691913054
1782430334.347474098,0.541985661,2.106539078,2.641137766
1782430334.348622322,0.530201817,2.099666252,2.624912885
1782430334.350412369,0.521383258,2.092509432,2.618633704
1782430334.351920366,0.521900331,2.087071576,2.622360277
1782430334.353796244,0.503841903,2.083846359,2.612868089
1782430334.359781981,0.491045598,2.078822872,2.614284873
1782430334.360965729,0.451022393,2.076884315,2.620555652
1782430334.361999273,0.449200800,2.075411144,2.621810750
1782430334.363697767,0.440540923,2.081462432,2.620542634
1782430334.365313768,0.436360772,2.075371107,2.618852025
1782430334.372477531,0.433849242,2.066073341,2.620351852
1782430334.373565674,0.385911262,2.071466342,2.627407257
1782430334.375346422,0.376648875,2.076617972,2.634472198
1782430334.377325296,0.376837757,2.077300512,2.647271803
1782430334.379045010,0.365867612,2.091483028,2.645204627
1782430334.380252600,0.355187855,2.095357911,2.662772025
1782430334.384671688,0.355813942,2.105812966,2.677352239
1782430334.385663748,0.351675167,2.144269803,2.703105758
1782430334.386858940,0.355642751,2.165128578,2.718932317
1782430334.388691902,0.358830013,2.195142068,2.728111260
1782430334.390285254,0.371192161,2.219830661,2.748231753
1782430334.391887665,0.373247491,2.249549549,2.755406851
1782430334.397490263,0.377748557,2.270204714,2.761646660
1782430334.398680925,0.395383901,2.325543054,2.776998973
1782430334.400221586,0.412621385,2.345093584,2.787489241
1782430334.401864767,0.416389937,2.358825880,2.777325740
1782430334.403597116,0.424017278,2.365394038,2.770397827
1782430334.408268929,0.428234757,2.370014527,2.780212650
1782430334.409211397,0.428636563,2.371831291,2.784188352
1782430334.410350084,0.440050275,2.368964451,2.790612679
1782430334.411939383,0.438490260,2.368812081,2.783754878
1782430334.413559437,0.438556669,2.360879953,2.785045685
1782430334.415253878,0.446764720,2.356950390,2.779672877
1782430334.422229290,0.443978112,2.355530519,2.773684212
1782430334.423564672,0.451064992,2.341883981,2.768897684
1782430334.425350189,0.458430135,2.333391037,2.768928453
1782430334.427222967,0.464195050,2.327325576,2.778351355
1782430334.428634882,0.470474272,2.331079386,2.788400371
1782430334.434763908,0.480599515,2.317735840,2.791786068
1782430334.435666084,0.511476863,2.338028239,2.833996988
1782430334.437015295,0.516831437,2.343367099,2.840425912
1782430334.438584089,0.535878190,2.353116092,2.852153389
1782430334.440401554,0.547488759,2.365797509,2.856163220
1782430334.447419643,0.555009776,2.389065303,2.863389340
1782430334.448516607,0.594730589,2.513397237,2.940010355
1782430334.450188160,0.609793877,2.549568089,2.950259492
1782430334.452264547,0.622885995,2.599874652,2.970092109
1782430334.453558207,0.632633744,2.643408089,2.988896348
1782430334.459667444,0.655103261,2.689227026,3.007238004
1782430334.460524321,0.696014117,2.825120652,3.062503471
1782430334.461870909,0.709244009,2.870744788,3.075294674
1782430334.463526249,0.734478079,2.919331539,3.090721200
1782430334.465388536,0.756465759,2.964285744,3.115067040
1782430334.471276760,0.781114593,3.014292973,3.136740266
1782430334.472094774,0.832269091,3.157573767,3.210074864
1782430334.473608732,0.850153499,3.215812303,3.226868537
1782430334.475297451,0.884143304,3.267187348,3.245896042
1782430334.477332354,0.918060598,3.334374163,3.261033704
1782430334.478719711,0.944337067,3.396431541,3.280096378
1782430334.484598875,0.985553942,3.451246997,3.298171172
1782430334.485453367,1.078034341,3.655451403,3.359966295
1782430334.486895084,1.127562627,3.732447219,3.376877319
1782430334.488548517,1.173542473,3.810117514,3.392247255
1782430334.490167618,1.212806263,3.892616948,3.413318848
1782430334.497300863,1.258045176,3.975000907,3.431169312
1782430334.498616695,1.374991530,4.185711643,3.468950825
1782430334.500173807,1.417937838,4.252882175,3.473398045
1782430334.502258062,1.474494498,4.296923331,3.487181890
1782430334.503638744,1.509543200,4.361896169,3.495978462
1782430334.509727001,1.545833555,4.398018645,3.506686005
1782430334.510581732,1.671814082,4.512267034,3.544184512
1782430334.511919498,1.701532136,4.532545899,3.548834819
1782430334.513509989,1.732295703,4.540413733,3.556844033
1782430334.515379906,1.763984494,4.563798289,3.565228530
1782430334.517950058,1.795415926,4.581466705,3.577321520
1782430334.518669844,1.830495826,4.596472270,3.595347513
1782430334.522304058,1.870510402,4.618748795,3.609782797
1782430334.523610353,1.945811821,4.678964756,3.638819434
1782430334.525197744,1.985724831,4.715825776,3.645434945
1782430334.527265310,2.026379769,4.744017303,3.664020607
1782430334.528572083,2.079998521,4.784828411,3.678216161
1782430334.533673048,2.112578217,4.818738613,3.692477622
1782430334.535278559,2.198246427,4.883908439,3.718217773
1782430334.536876202,2.235939593,4.919816534,3.743938331
1782430334.538536072,2.262085261,4.947531929,3.761731655
1782430334.540179729,2.307942446,4.969175536,3.769842861
1782430334.547314644,2.327352427,4.992529142,3.790343265
1782430334.548695087,2.479564249,5.099182717,3.903266412
1782430334.550232410,2.496905199,5.129286116,3.925407396
1782430334.552266836,2.518766536,5.148269963,3.967321491
1782430334.553575754,2.558292937,5.183963581,3.987376029
1782430334.559640408,2.579260737,5.215014656,4.018181857
1782430334.560475349,2.695426519,5.324586413,4.086464762
1782430334.561946869,2.718496778,5.346514295,4.113528640
1782430334.563590050,2.749161007,5.374645467,4.135381995
1782430334.565446854,2.780991671,5.416506820,4.129503454
1782430334.572406769,2.790074300,5.441426215,4.153247549
1782430334.573718786,2.845611157,5.500639004,4.169003828
1782430334.575306892,2.828613616,5.493648913,4.157145496
1782430334.577266932,2.805305237,5.475916210,4.174267472
1782430334.578599453,2.798248305,5.477517566,4.167887749
1782430334.580505610,2.772149740,5.455375963,4.171497931
1782430334.584574461,2.771442173,5.430590322,4.168566141
1782430334.585427046,2.800908498,5.402829466,4.132106577
1782430334.586860418,2.784992987,5.370550195,4.136380618
1782430334.589946508,2.748535117,5.344114980,4.110485845
1782430334.590794086,2.730134755,5.317879441,4.096527943
1782430334.591871023,2.718687002,5.285008460,4.082248520
1782430334.595525026,2.680900174,5.258195641,4.077983325
1782430334.597431898,2.661077823,5.229431635,4.074251456
1782430334.598535299,2.623728328,5.179663296,4.047505727
1782430334.600207090,2.585722524,5.144783030,4.028582435
1782430334.602269411,2.554178704,5.097433481,4.027537379
1782430334.603580952,2.533565211,5.061865336,4.005690027
1782430334.609650373,2.497371874,5.010303029,3.998263964
1782430334.610493898,2.436564760,4.864700036,3.941458846
1782430334.612030029,2.420679654,4.816986768,3.931276590
1782430334.614923954,2.393033291,4.773752499,3.917148381
1782430334.615754366,2.372464281,4.734121198,3.890199291
1782430334.616854429,2.357336512,4.689333657,3.875499781
1782430334.622203827,2.332259877,4.649209302,3.859589363
1782430334.623528242,2.293680736,4.574806560,3.815367831
1782430334.625324249,2.258276791,4.542579270,3.797502142
1782430334.627259493,2.227140968,4.505120429,3.771267387
1782430334.628572702,2.208410706,4.462344321,3.745898030
1782430334.634637594,2.172124588,4.428653988,3.721075371
1782430334.635499716,2.037295323,4.215609578,3.570620632
1782430334.637036562,1.990664140,4.152194579,3.539745046
1782430334.639901161,1.944999459,4.088910638,3.498522462
1782430334.640761614,1.896429674,4.014567283,3.444743363
1782430334.641861439,1.852469872,3.935905549,3.399244031
1782430334.647377729,1.793907593,3.863694447,3.351651080
1782430334.648708105,1.621957719,3.609902154,3.197149736
1782430334.650245905,1.565829813,3.513716721,3.145759213
1782430334.652273655,1.506692498,3.431993661,3.107757979
1782430334.653600454,1.446586897,3.347908305,3.069720753
1782430334.657192230,1.394960293,3.256283579,3.035795351
1782430334.659629107,1.342342349,3.179894161,3.004702904
1782430334.660488367,1.252335030,3.018025154,2.940073325
1782430334.661905766,1.212297663,2.950758206,2.911192535
1782430334.663561583,1.166959673,2.877406978,2.884114029
1782430334.665367365,1.140436372,2.805149989,2.867815036
1782430334.672369957,1.103942161,2.746500819,2.849995790
1782430334.673707724,0.985385400,2.524854697,2.798131796
1782430334.675379992,0.962415038,2.458148747,2.777181090
1782430334.677251577,0.941243221,2.411415939,2.756219527
1782430334.678555727,0.919791045,2.370605398,2.731522686
1782430334.684614897,0.899722156,2.318368660,2.708101046
1782430334.685470343,0.848336631,2.201407957,2.635689474
1782430334.686889887,0.835009193,2.170809701,2.614261311
1782430334.688639641,0.811602832,2.137525489,2.592493231
1782430334.690368414,0.790853859,2.106091526,2.566956657
1782430334.691902161,0.780756746,2.080543081,2.543628475
1782430334.697458267,0.755957847,2.063455960,2.522562723
1782430334.698551178,0.700408851,1.999156004,2.456173516
1782430334.700322151,0.683311735,1.981568529,2.437593957
1782430334.702335119,0.667291247,1.972013276,2.423539560
1782430334.703655958,0.653294966,1.963379506,2.402438225
1782430334.709682465,0.637965580,1.954249623,2.389686368
1782430334.710524082,0.596708579,1.946770421,2.366814466
1782430334.711830139,0.584575601,1.950449798,2.363438988
1782430334.714912415,0.566103802,1.957362745,2.354722683
1782430334.715791941,0.553356927,1.944062100,2.351930366
1782430334.716911316,0.540956114,1.949395134,2.352775309
1782430334.719188452,0.520026502,1.946526446,2.347517524
1782430334.722363234,0.506067545,1.937729290,2.347624782
1782430334.723701715,0.500429065,1.934801314,2.343472353
1782430334.725246191,0.488730373,1.935072214,2.341902444
1782430334.727260113,0.485381721,1.925670263,2.335227443
1782430334.728578568,0.478404465,1.928226596,2.338050165
1782430334.734242439,0.466525977,1.925745887,2.321321863
1782430334.735210896,0.424632713,1.900886642,2.312756729
1782430334.737072706,0.420363306,1.896458672,2.317310221
1782430334.746357918,0.410318573,1.897372786,2.317323816
1782430334.747217894,0.376485556,1.888934859,2.326433667
1782430334.748533010,0.375624784,1.900892506,2.321622018
1782430334.750248909,0.372771485,1.893598485,2.320954462
1782430334.756159306,0.376652934,1.901871593,2.326778045
1782430334.757008791,0.378317392,1.905511417,2.321736697
1782430334.758552313,0.372297084,1.908855658,2.310597167
1782430334.760631800,0.370588298,1.899561038,2.306966522
1782430334.761967182,0.374034958,1.905109902,2.309266959
1782430334.765488148,0.362479583,1.905165733,2.299329942
1782430334.768062353,0.371107595,1.899635268,2.301750747
1782430334.768910408,0.360415708,1.899324699,2.293205075
1782430334.770241499,0.363062226,1.894749370,2.303791686
1782430334.771894932,0.367633689,1.899787270,2.302404680
1782430334.773686647,0.367893162,1.908325586,2.309538895
1782430334.780568361,0.376794940,1.909190204,2.320235079
1782430334.781901598,0.403738403,1.927572821,2.351386890
1782430334.783725977,0.408382097,1.931162957,2.359837394
1782430334.785629988,0.419822368,1.948616480,2.368723057
1782430334.786974192,0.421383466,1.939130356,2.384009959
1782430334.792976141,0.426114888,1.945762731,2.393122979
1782430334.793821812,0.423259515,1.944132861,2.413437180
1782430334.795166731,0.420531055,1.938524256,2.421519167
1782430334.796929836,0.429288791,1.939981177,2.429117043
1782430334.798725605,0.428547228,1.948969133,2.432365973
1782430334.805721283,0.438129136,1.954129187,2.439138654
1782430334.807049513,0.450586649,1.962437418,2.450901060
1782430334.808578014,0.458036192,1.973589948,2.453703923
1782430334.810608149,0.471014164,1.971028685,2.456869813
1782430334.811914921,0.475961514,1.993873793,2.463753118
1782430334.818030357,0.492000509,1.998732245,2.475042781
1782430334.818869591,0.510666872,2.029703623,2.491907494
1782430334.820207596,0.530678953,2.041706335,2.506753251
1782430334.823318958,0.533638501,2.067666275,2.504659956
1782430334.824165106,0.541557929,2.083117754,2.509935160
1782430334.825252056,0.555657036,2.096800422,2.530288251
1782430334.830625534,0.571942560,2.114838316,2.534114294
1782430334.831933260,0.597476132,2.160920164,2.561218925
1782430334.833720684,0.626438059,2.189952931,2.560317482
1782430334.835625648,0.643223694,2.209439939,2.568808168
1782430334.836930513,0.683568878,2.280142068,2.577601811
1782430334.842220783,0.710173234,2.303943683,2.580287776
1782430334.843731403,0.744182241,2.366545538,2.599982313
1782430334.845270872,0.769002911,2.395765717,2.614397187
1782430334.846924543,0.792091805,2.420564438,2.624417395
1782430334.848524809,0.808958978,2.454788417,2.627151281
1782430334.855616093,0.830396608,2.484964366,2.642345533
1782430334.856943846,0.924641825,2.634638425,2.711718361
1782430334.858570099,0.945892440,2.664137242,2.722563974
1782430334.860651731,0.976790370,2.691949307,2.743409816
1782430334.861973047,1.003168615,2.746663883,2.763935914
1782430334.868050575,1.031333913,2.790899598,2.787261548
1782430334.868895292,1.129204432,2.963115586,2.863452597
1782430334.870231390,1.173145143,3.013211204,2.890358271
1782430334.871868134,1.231878376,3.076723109,2.918451719
1782430334.873693943,1.274718248,3.152053979,2.931666281
1782430334.880542040,1.328438300,3.208665062,2.952944739
1782430334.881851912,1.529925369,3.471557602,3.036613107
1782430334.883504629,1.589890348,3.523497766,3.052627831
1782430334.885581255,1.647049448,3.577545503,3.068103275
1782430334.886904955,1.687414466,3.627272780,3.080580528
1782430334.889333248,1.739716413,3.663965299,3.103257261
1782430334.890195131,1.779443242,3.703003120,3.108481280
1782430334.893023252,1.814535265,3.733008999,3.115925880
1782430334.893905640,1.849945954,3.775250321,3.128249723
1782430334.895241261,1.879954791,3.791964034,3.136865813
1782430334.896904707,1.906520114,3.820630787,3.150269371
1782430334.898529053,1.935340093,3.847655710,3.163309943
1782430334.904740810,1.942808307,3.865602194,3.179566850
1782430334.905664682,2.000919683,3.904645348,3.230147222
1782430334.907022476,2.013547756,3.921271579,3.238747046
1782430334.908790350,2.024973938,3.950292269,3.271652372
1782430334.910621166,2.044050681,3.973157733,3.298737926
1782430334.912050009,2.064310892,4.002500770,3.316781814
1782430334.917978048,2.089906557,4.031463879,3.354662221
1782430334.918862820,2.171431455,4.187146001,3.438149091
1782430334.920194387,2.194164058,4.250318257,3.479029591
1782430334.921869040,2.211606405,4.320063576,3.522568287
1782430334.923733950,2.260677252,4.402540931,3.565795787
1782430334.930615425,2.295462643,4.487553343,3.616772019
1782430334.931948185,2.545715430,4.852680164,3.779335844
1782430334.933702707,2.600091970,4.950751183,3.842432778
1782430334.935576677,2.672537900,5.055093127,3.870649480
1782430334.936911583,2.747689494,5.160568205,3.894917286
1782430334.943067551,2.809952473,5.251352439,3.940053895
1782430334.943930626,3.001022655,5.515520700,3.994800771
1782430334.945279360,3.042320200,5.586056555,4.022512339
1782430334.946834326,3.054042171,5.656888899,4.035512793
1782430334.948702574,3.082000790,5.698518212,4.049466480
1782430334.951648712,3.098368403,5.751140219,4.065173456
1782430334.952375174,3.113650614,5.788133004,4.066666919
1782430334.955552816,3.129011871,5.808901736,4.066421585
1782430334.956855297,3.129830319,5.829990611,4.071183473
1782430334.958500385,3.105457782,5.845045944,4.086868996
1782430334.960618973,3.087951439,5.849972811,4.089836126
1782430334.961920738,3.080237252,5.862618842,4.099858817
1782430334.967054605,3.064164675,5.866983592,4.097693199
1782430334.968631506,3.049942401,5.846427482,4.080812743
1782430334.970200062,3.030958997,5.821297446,4.071546725
1782430334.971874237,3.008898397,5.814468633,4.087146235
1782430334.973729134,2.985492417,5.788528341,4.081414013
1782430334.980628490,2.958100635,5.767385660,4.075733689
1782430334.981956005,2.905728677,5.635440239,4.037837613
1782430334.983557701,2.869208404,5.602834145,4.035415669
1782430334.985637665,2.838375107,5.568876722,4.018339889
1782430334.986966610,2.820232750,5.519132211,4.018889098
1782430334.993028402,2.788616099,5.486644635,3.998699920
1782430334.993874788,2.703650723,5.298080954,3.923448398
1782430334.995181799,2.658374786,5.249379203,3.907845676
1782430334.996859312,2.619177333,5.193988430,3.908120605
1782430334.998692751,2.593950565,5.139558621,3.902833860
1782430335.005629301,2.550906922,5.086482410,3.879066926
1782430335.006936789,2.466855554,4.929685515,3.825322473
1782430335.008704185,2.421098173,4.875114312,3.814434973
1782430335.010627508,2.404127938,4.825684084,3.797048394
1782430335.011945486,2.362766882,4.731473845,3.752609820
1782430335.013648510,2.342094647,4.684535837,3.730062020
1782430335.018024206,2.325683206,4.642636199,3.708423109
1782430335.018873453,2.281356060,4.546602833,3.671984386
1782430335.020220995,2.258350124,4.509575871,3.650986580
1782430335.021871328,2.227172580,4.467424472,3.629090484
1782430335.023522854,2.203375075,4.419474555,3.618283507
1782430335.028220892,2.172150322,4.388282511,3.599516522
1782430335.029021740,2.114712370,4.315036495,3.556559040
1782430335.030622721,2.095850152,4.276692551,3.537136348
1782430335.031965494,2.066143481,4.244120804,3.527916620
1782430335.033572912,2.038214291,4.202336273,3.516098249
1782430335.035622835,2.000049769,4.164361675,3.496614281
1782430335.036961555,1.965077483,4.115919212,3.485711327
1782430335.043012619,1.924590905,4.069765012,3.468961155
1782430335.043870687,1.813779723,3.897504647,3.428940464
1782430335.045184374,1.779021607,3.852296871,3.419306800
1782430335.046874046,1.735997306,3.793403184,3.409977591
1782430335.048702002,1.702164837,3.722989967,3.403049494
1782430335.055697918,1.661104501,3.669084606,3.387265114
1782430335.057003498,1.558569093,3.466633601,3.333497408
1782430335.058562517,1.507502383,3.398949007,3.301019830
1782430335.060616255,1.469415672,3.338348426,3.284528414
1782430335.061940193,1.392255396,3.197362641,3.225547413
1782430335.068054914,1.357683146,3.123987789,3.204401452
1782430335.068932056,1.258900226,2.938598599,3.122461957
1782430335.070262432,1.224530725,2.875468844,3.096220901
1782430335.071930408,1.187758946,2.809522721,3.058474555
1782430335.073730707,1.153971727,2.745270617,3.031628768
1782430335.080609083,1.121545167,2.685452103,2.999865016
1782430335.081969976,1.034701568,2.509510025,2.906421764
1782430335.083529472,1.003567011,2.462971886,2.872672037
1782430335.085623026,0.974205282,2.411099859,2.837393676
1782430335.086949110,0.935372267,2.312635320,2.779591628
1782430335.090769768,0.905693482,2.280236130,2.747540253
1782430335.093054056,0.866784829,2.207351938,2.700597335
1782430335.094008446,0.838936535,2.175482365,2.673635055
1782430335.095244646,0.823381907,2.135639659,2.651270757
1782430335.096832752,0.807178328,2.108535820,2.633108505
1782430335.098708391,0.788294756,2.082898742,2.613883779
1782430335.105647087,0.768138251,2.062902455,2.597359443
1782430335.106990099,0.719933422,1.992223484,2.558168693
1782430335.108552933,0.708132941,1.961229450,2.545367167
1782430335.110626936,0.701051434,1.953196217,2.535140483
1782430335.111933708,0.682532168,1.939080763,2.528457663
1782430335.117976189,0.673039536,1.928301927,2.527083216
1782430335.118816853,0.610452889,1.896656267,2.503922659
1782430335.120234013,0.583658195,1.899420390,2.488746071
1782430335.121870518,0.578077222,1.893640526,2.481471476
1782430335.123528719,0.565426870,1.890361094,2.476374677
1782430335.130623817,0.555640541,1.897988802,2.467695108
1782430335.131935596,0.544657787,1.909544212,2.453288564
1782430335.133690834,0.546896914,1.918958321,2.452260226
1782430335.135614872,0.537949392,1.928652766,2.448365663
1782430335.136935949,0.533265762,1.921681292,2.450221842
1782430335.142978430,0.534874064,1.924994323,2.447933731
1782430335.143814087,0.516892864,1.926642906,2.446565965
1782430335.145241499,0.503624112,1.932408047,2.442786551
1782430335.146879673,0.502868074,1.924907435,2.446898460
1782430335.148700953,0.498947466,1.918917470,2.440792004
1782430335.152254105,0.490451700,1.930567710,2.436080924
1782430335.155717850,0.482434024,1.914918555,2.433960267
1782430335.157086372,0.474003459,1.906861078,2.426164624
1782430335.158661366,0.479433802,1.899670289,2.422080184
1782430335.160625696,0.468510330,1.902039324,2.411309690
1782430335.161934376,0.471743898,1.889398306,2.415501767
1782430335.167853832,0.467465455,1.885515071,2.411249200
1782430335.168577909,0.438265761,1.860480693,2.397866078
1782430335.170271397,0.426967945,1.853312851,2.393904492
1782430335.171921492,0.420972369,1.833623752,2.392023672
1782430335.173694134,0.422421968,1.821113130,2.395822372
1782430335.180618525,0.412737961,1.822688563,2.390130018
1782430335.181946516,0.410417232,1.780314916,2.378268442
1782430335.183744431,0.412709063,1.784564373,2.378003141
1782430335.185629845,0.404817679,1.773260505,2.370118461
1782430335.186959267,0.411445581,1.764133403,2.369136487
1782430335.192991018,0.411339243,1.760426736,2.357805161
1782430335.193848133,0.415737993,1.745986297,2.352545029
1782430335.195165157,0.408342144,1.747194762,2.341334468
1782430335.196832418,0.408428396,1.740576879,2.335824855
1782430335.198514223,0.414665008,1.738765145,2.331162757
1782430335.205735207,0.404300094,1.736800888,2.313894744
1782430335.206927776,0.409042988,1.712969612,2.282445702
1782430335.208686113,0.398457286,1.715249047,2.259771677
1782430335.210580111,0.401055042,1.711206548,2.249421546
1782430335.211885691,0.399475952,1.705000232,2.244754525
1782430335.215341091,0.397150953,1.710255609,2.223373049
1782430335.217974186,0.398904022,1.696336293,2.215832477
1782430335.218852282,0.394577214,1.681513539,2.194441923
1782430335.220185041,0.400052472,1.681781656,2.181702387
1782430335.221867085,0.402469337,1.683262967,2.164603778
1782430335.223577023,0.400114171,1.674556262,2.160889921
1782430335.230769873,0.405371030,1.677405659,2.155540119
1782430335.231929302,0.400866845,1.684229776,2.161487120
1782430335.233701229,0.403933282,1.703059762,2.166136235
1782430335.235642195,0.415291538,1.718243094,2.165402688
1782430335.236937046,0.422040575,1.742327219,2.173971662
1782430335.242985725,0.427471424,1.760816590,2.177854702
1782430335.243824244,0.457183448,1.831125435,2.219753775
1782430335.245160580,0.475785865,1.867100664,2.234408095
1782430335.246921539,0.487457170,1.916270586,2.247663728
1782430335.248696804,0.496417256,1.947918328,2.263244879
1782430335.255689144,0.516068558,1.990164482,2.284308494
1782430335.256990433,0.568937458,2.175712171,2.365554615
1782430335.258658171,0.587787372,2.230823948,2.376665120
1782430335.260650635,0.619040348,2.288380465,2.394169383
1782430335.261978149,0.643216540,2.350356129,2.418830414
1782430335.268198013,0.673454783,2.416030882,2.431573074
1782430335.269398928,0.763655794,2.594367163,2.485045471
1782430335.270339966,0.801695212,2.651315252,2.505006797
1782430335.271935701,0.841938485,2.722054074,2.512434646
1782430335.273659229,0.880290222,2.792019803,2.516453297
1782430335.275231123,0.925205641,2.854878990,2.525115659
1782430335.278005600,0.974976399,2.916347828,2.534115072
1782430335.278637171,0.000000000,0.000000000,0.000000000
1782430335.280665874,1.006462929,2.981415776,2.541898804
1782430335.282045603,1.044837397,3.038389952,2.551366554
1782430335.283632755,1.087478367,3.103339524,2.553689837
1782430335.285629988,1.132013178,3.172124801,2.560003880
1782430335.286940813,1.223933541,3.289069012,2.587692116
1782430335.292637587,1.265166948,3.348003820,2.589016045
1782430335.293597698,1.408949830,3.481857152,2.607957059
1782430335.295257330,1.460552917,3.523365346,2.615547884
1782430335.296904087,1.497990913,3.562958697,2.611828306
1782430335.298722506,1.542023071,3.598014811,2.621657512
1782430335.305635691,1.580518426,3.631966262,2.633672027
1782430335.306939363,1.688616540,3.730633775,2.663874796
1782430335.308519840,1.709634483,3.782839783,2.675665583
1782430335.310612917,1.736023540,3.813856648,2.693200231
1782430335.311935186,1.817135991,3.907560522,2.723792572
1782430335.317993402,1.845553909,3.955540916,2.745163083
1782430335.318851948,2.005422255,4.117503302,2.809625042
1782430335.320190191,2.043864937,4.185715076,2.844358187
1782430335.321841240,2.087372446,4.256041055,2.861988607
1782430335.323693752,2.133282662,4.299718790,2.888799394
1782430335.330638885,2.169372268,4.367937605,2.957885953
1782430335.331940651,2.320358947,4.545621316,3.058247594
1782430335.333539248,2.322914548,4.616978400,3.103236911
1782430335.335631847,2.337274496,4.682479122,3.165464200
1782430335.336949110,2.448328728,4.838512811,3.262374116
1782430335.339223146,2.470918289,4.912063916,3.324541712
1782430335.343048811,2.536473747,4.990721974,3.382440245
1782430335.343914986,2.649980128,5.152817503,3.486331494
1782430335.345247507,2.699691913,5.252335437,3.536585580
1782430335.346884966,2.748787591,5.362526908,3.578695316
1782430335.348500967,2.821562222,5.438904890,3.622034071
1782430335.354358912,2.859969058,5.539561305,3.681810022
1782430335.355283499,3.039235268,5.727248174,3.731656260
1782430335.356934309,3.066093801,5.764078080,3.747457401
1782430335.358521223,3.039737445,5.803638621,3.772687992
1782430335.360599041,3.029200048,5.836673613,3.795157186
1782430335.362005234,3.057451022,5.852293494,3.803390525
1782430335.368013859,3.023782538,5.886737956,3.826391046
1782430335.368877888,3.006542713,5.903658765,3.855322043
1782430335.370236874,2.978074109,5.907976701,3.889477338
1782430335.371900320,2.936299969,5.909037930,3.916381522
1782430335.373718023,2.916287762,5.911677190,3.925449968
1782430335.380709410,2.879802548,5.902413624,3.941288104
1782430335.382019758,2.870517363,5.835306627,3.943310706
1782430335.383649826,2.824337528,5.814535182,3.950969906
1782430335.385631800,2.796682963,5.787987425,3.939991735
1782430335.387085199,2.789493085,5.750918897,3.941860692
1782430335.393050194,2.764455961,5.706661598,3.927995310
1782430335.393947363,2.719842965,5.547866667,3.878899241
1782430335.395313501,2.666886841,5.488499893,3.866725288
1782430335.396848202,2.611952934,5.428138353,3.863039172
1782430335.398713350,2.584228105,5.361853025,3.861040427
1782430335.405668497,2.528395140,5.310042895,3.848299069
1782430335.407010317,2.409562942,5.069490412,3.791863620
1782430335.408550501,2.368085191,5.006289828,3.798392378
1782430335.410637856,2.319440391,4.958068991,3.788884873
1782430335.411945105,2.291122908,4.901409738,3.775024652
1782430335.415769100,2.257690191,4.842549724,3.770046641
1782430335.418029547,2.223777800,4.791592772,3.750011407
1782430335.418909073,2.164201480,4.671152225,3.713139032
1782430335.420235634,2.120504903,4.623391502,3.699564533
1782430335.421902895,2.063439942,4.558994854,3.688616245
1782430335.423516750,2.040436917,4.504261863,3.683270029
1782430335.430593252,1.989251662,4.460314093,3.666893584
1782430335.431927919,1.862053751,4.240401295,3.588771135
1782430335.433565378,1.810572356,4.168062999,3.580814333
1782430335.435597420,1.759885298,4.108426365,3.568382658
1782430335.436941147,1.719179532,4.035678908,3.548271093
1782430335.443027735,1.664509462,3.958821951,3.522222223
1782430335.443889380,1.545646297,3.732243715,3.432982484
1782430335.445199013,1.501018758,3.654521783,3.403964363
1782430335.446885347,1.453403552,3.565771207,3.380887325
1782430335.448575258,1.414692626,3.479557054,3.354123404
1782430335.455645800,1.367554300,3.403330116,3.321136227
1782430335.456971884,1.221624484,3.091140020,3.188550583
1782430335.458515882,1.178012882,3.002956406,3.157691243
1782430335.460586786,1.141318096,2.926121497,3.123221756
1782430335.461889267,1.111992633,2.851434661,3.095036821
1782430335.468032837,1.075315427,2.788531400,3.059928187
1782430335.468900442,0.995492490,2.613239706,2.979675533
1782430335.470232010,0.966797913,2.557314981,2.947142803
1782430335.471897602,0.949804233,2.501228066,2.922826495
1782430335.473518372,0.927364049,2.445465382,2.903241965
1782430335.477101564,0.902649752,2.408218244,2.878528123
1782430335.480649471,0.879981072,2.355374218,2.854153891
1782430335.481974125,0.822074553,2.234434412,2.802246782
1782430335.483519554,0.806919724,2.198669845,2.780154575
1782430335.485621452,0.790795750,2.180247101,2.762819772
1782430335.486973524,0.784301493,2.142104698,2.752730392
1782430335.492205620,0.767230472,2.125741648,2.736075908
1782430335.493734598,0.749373054,2.076683788,2.710691476
1782430335.495190382,0.735992894,2.072456526,2.696776396
1782430335.496863604,0.732587339,2.059792746,2.679417132
1782430335.498548746,0.726955287,2.042378564,2.661188371
1782430335.505643129,0.709001743,2.034235216,2.652887549
1782430335.506971598,0.663345345,1.990440939,2.617854236
1782430335.508518934,0.660662597,1.983417005,2.603366466
1782430335.510644197,0.658371660,1.973532020,2.589850846
1782430335.511947870,0.652383960,1.971342166,2.589525361
1782430335.518018007,0.644305048,1.968880389,2.569851672
1782430335.518878222,0.622947242,1.938521474,2.563299947
1782430335.520192385,0.608783486,1.939655234,2.552254855
1782430335.521862984,0.591727464,1.937904272,2.535043798
1782430335.523544073,0.588612441,1.916989859,2.532999251
1782430335.530679226,0.582511671,1.915209851,2.525893634
1782430335.532025814,0.540516228,1.899355958,2.524918158
1782430335.533567190,0.535589394,1.907796893,2.526455407
1782430335.535644054,0.527438928,1.917621525,2.528358781
1782430335.536961079,0.515335982,1.919908481,2.532955359
1782430335.538621664,0.516850621,1.926260166,2.536533950
1782430335.543031693,0.499235515,1.930572766,2.540145997
1782430335.543885708,0.491781835,1.932545699,2.549377579
1782430335.545210361,0.484543367,1.948094671,2.541428381
1782430335.546858311,0.476600714,1.961496936,2.536061538
1782430335.548770428,0.479539543,1.969791787,2.541197940
1782430335.553684473,0.466095389,1.981463894,2.536094262
1782430335.555609941,0.462761153,1.991737791,2.545836458
1782430335.556964636,0.450863380,2.005187019,2.543872185
1782430335.558515549,0.449826132,2.013360641,2.545714198
1782430335.560655355,0.435611578,2.023297283,2.539818693
1782430335.561962843,0.427920537,2.034043882,2.540249152
1782430335.568022966,0.419850841,2.037423788,2.538351862
1782430335.568882704,0.399780869,2.043480302,2.544919610
1782430335.570187807,0.399923862,2.044174748,2.533812553
1782430335.571847916,0.393740767,2.048912503,2.536992748
1782430335.573511600,0.388119314,2.050683362,2.525815819
1782430335.580637932,0.385345164,2.056002743,2.525613771
1782430335.581966400,0.376733881,2.049604828,2.510447268
1782430335.583550692,0.380866076,2.047593633,2.500630135
1782430335.585319519,0.379229866,2.048206164,2.488844590
1782430335.587057590,0.373183909,2.045666196,2.475945544
1782430335.593043089,0.377100095,2.030543422,2.468777357
1782430335.593896627,0.352349336,1.981288016,2.422069922
1782430335.595211744,0.355650876,1.965187335,2.411763581
1782430335.596865654,0.358697479,1.962869888,2.406495528
1782430335.598563194,0.349117373,1.956602286,2.401461911
1782430335.605812073,0.354990019,1.942126754,2.396878169
1782430335.606939316,0.357909327,1.928868640,2.387433755
1782430335.608715773,0.352890556,1.934882268,2.376213005
1782430335.610629797,0.359637003,1.938535241,2.373398225
1782430335.611955166,0.362349067,1.944233835,2.372064832
1782430335.615919590,0.361606313,1.956671128,2.366774760
1782430335.618028641,0.364352662,1.985110832,2.375052115
1782430335.618906736,0.366319759,2.003301864,2.377025864
1782430335.620294094,0.372349361,2.020038167,2.385583007
1782430335.621950865,0.370228098,2.055846693,2.378226143
1782430335.623596907,0.375288609,2.078387169,2.375630821
1782430335.630821943,0.398607697,2.107913558,2.385775291
1782430335.632008314,0.441917632,2.230944514,2.421252615
1782430335.633563280,0.454859581,2.286317918,2.434621988
1782430335.635649681,0.476131308,2.326899090,2.447712020
1782430335.637046814,0.473799847,2.379698518,2.454326273
1782430335.643050194,0.497010562,2.422525322,2.462159029
1782430335.643891811,0.553182985,2.572535831,2.483540049
1782430335.645203590,0.588337968,2.624637368,2.488800074
1782430335.646858931,0.616399136,2.692703297,2.485994353
1782430335.648508787,0.643140688,2.752413151,2.486556813
1782430335.655634165,0.686519923,2.811011298,2.485914282
1782430335.656964540,0.778148133,3.014951920,2.478089015
1782430335.658756256,0.838098754,3.089194242,2.450255483
1782430335.660707951,0.881330664,3.154052930,2.444422783
1782430335.662078857,0.978003527,3.286254125,2.418087900
1782430335.668017626,1.037691712,3.347389944,2.414054712
1782430335.668866396,1.165889397,3.547861180,2.390442200
1782430335.670178652,1.220742487,3.614083922,2.382841369
1782430335.671839714,1.266788507,3.688836570,2.364359885
1782430335.673548698,1.303039950,3.758947341,2.360368564
1782430335.677808523,1.361469214,3.832144903,2.361029492
1782430335.678568840,1.450656450,3.954467721,2.364979564
1782430335.680736542,1.505927654,4.022685140,2.372209629
1782430335.682058811,1.544885773,4.097643807,2.366657091
1782430335.683602571,1.600803835,4.167723986,2.369511086
1782430335.685633659,1.654942280,4.231932270,2.383830111
1782430335.686944485,1.688369161,4.299721649,2.381764599
1782430335.693026066,1.746613999,4.358178937,2.402037735
1782430335.693869591,1.862960903,4.519304228,2.447679443
1782430335.695186615,1.895032295,4.565889263,2.469761707
1782430335.696845055,1.905451376,4.617817932,2.492797035
1782430335.698501348,1.930293606,4.664250357,2.517255871
1782430335.705598354,1.950536477,4.707190906,2.550534039
1782430335.706943274,2.010233310,4.797456237,2.691274314
1782430335.708529711,2.007894829,4.841499456,2.743228972
1782430335.710636139,2.017306844,4.885072646,2.780154015
1782430335.711970806,2.034230141,4.911954657,2.829451623
1782430335.718039513,2.039760768,4.961418686,2.867781900
1782430335.718884230,2.087494195,5.104429051,2.977857937
1782430335.720203400,2.083444418,5.162299343,3.017831769
1782430335.721853733,2.044554679,5.179487220,3.079941406
1782430335.723527193,2.115993362,5.260259949,3.125018866
1782430335.730666161,2.081079552,5.340633939,3.194418053
1782430335.731996536,2.079200618,5.481113369,3.294250248
1782430335.733555794,2.049576625,5.500881536,3.347756988
1782430335.735637903,2.052309478,5.528231039,3.383717682
1782430335.736968517,2.089709286,5.535212908,3.414716105
1782430335.739751101,2.052294830,5.536664653,3.422660101
1782430335.740516186,2.071601933,5.538668173,3.432394533
1782430335.743025780,2.082975770,5.540921080,3.442741020
1782430335.743880272,2.086039483,5.523732962,3.468118082
1782430335.745199919,2.091751767,5.506334100,3.478080374
1782430335.746852160,2.064445269,5.490388743,3.503007205
1782430335.748710155,2.056193216,5.451464769,3.526202648
1782430335.755696535,2.040459158,5.421581534,3.535281929
1782430335.757027388,2.039887679,5.280762540,3.548908406
1782430335.758662224,2.006171712,5.230237161,3.557013688
1782430335.760636091,2.005073217,5.193278308,3.563230726
1782430335.761934280,1.982507130,5.143755635,3.559876245
1782430335.768008232,1.965523392,5.105266717,3.557937623
1782430335.768847227,1.937685615,4.977076544,3.542624402
1782430335.770186424,1.928356186,4.943830341,3.542703478
1782430335.771947384,1.901029415,4.905037179,3.537333454
1782430335.773756027,1.882122797,4.857033098,3.528012695
1782430335.775260210,1.865353712,4.816020733,3.526070802
1782430335.780828953,1.853204675,4.783920852,3.518031020
1782430335.782007456,1.800222855,4.659848840,3.499369313
1782430335.783570766,1.762902142,4.610127627,3.501337923
1782430335.785659790,1.740210578,4.564614371,3.497180048
1782430335.786995649,1.708396762,4.526482272,3.496486201
1782430335.792980194,1.679808790,4.481398992,3.485295885
1782430335.793828487,1.603240456,4.338073870,3.458995694
1782430335.795237780,1.579000948,4.286822591,3.445273328
1782430335.796890497,1.553169249,4.232902144,3.443347558
1782430335.798547983,1.517201372,4.181867974,3.430172554
1782430335.801912546,1.492138418,4.131639213,3.426172791
1782430335.805678129,1.467473793,4.078737811,3.407705933
1782430335.807023764,1.396021534,3.903596559,3.354278937
1782430335.808569908,1.363423856,3.844276087,3.345280756
1782430335.810637712,1.334156699,3.783749995,3.322154202
1782430335.811950922,1.313649687,3.716684893,3.309616889
1782430335.816888332,1.286441679,3.656628177,3.280950708
1782430335.818519831,1.235805616,3.512957175,3.236604451
1782430335.820244551,1.206971329,3.449409479,3.215809342
1782430335.821844101,1.171111775,3.375917874,3.185848906
1782430335.823566198,1.154969025,3.298196522,3.164657091
1782430335.830569983,1.129772851,3.235760013,3.136088148
1782430335.831910610,1.041571791,3.000506729,3.068055723
1782430335.833699942,1.026802972,2.935360092,3.049718090
1782430335.835635662,1.013298995,2.890639767,3.035821262
1782430335.836931229,0.993786921,2.838493195,3.013648741
1782430335.843025446,0.978320913,2.785034972,2.996017630
1782430335.843855381,0.928620584,2.597102464,2.912426860
1782430335.845204830,0.921212812,2.556935540,2.888069492
1782430335.846851110,0.919507156,2.519905327,2.867018695
1782430335.848710775,0.910687878,2.471178737,2.841383219
1782430335.855730295,0.904504101,2.442052311,2.824097748
1782430335.857035875,0.874151950,2.339971670,2.759524964
1782430335.858589649,0.865378063,2.316644159,2.739745451
1782430335.860649109,0.856371591,2.284160665,2.713584269
1782430335.861992598,0.831821280,2.234842431,2.682669149
1782430335.863714457,0.822970776,2.210946981,2.664195327
1782430335.867990017,0.815901447,2.187574117,2.649087382
1782430335.868835926,0.795074149,2.151011958,2.611827654
1782430335.870162487,0.792296838,2.129999455,2.601614583
1782430335.871911764,0.782842112,2.116625566,2.577757290
1782430335.873522758,0.775874568,2.094692979,2.558582071
1782430335.879878044,0.773045946,2.077147309,2.539587717
1782430335.880703926,0.740549695,2.035764401,2.483504120
1782430335.881984711,0.727884299,2.022511179,2.463630936
1782430335.883559942,0.722453139,2.009317074,2.445303601
1782430335.885677099,0.713486767,1.994280843,2.426915963
1782430335.887045145,0.696941277,1.986953724,2.406854122
1782430335.893027306,0.681485733,1.973062384,2.388657609
1782430335.893874168,0.643127133,1.923997431,2.341060067
1782430335.895221472,0.638900945,1.907146751,2.326452043
1782430335.896896839,0.624124182,1.893853056,2.306159043
1782430335.898578405,0.610475319,1.870725093,2.286457373
1782430335.905658007,0.605100132,1.857937015,2.277924587
1782430335.906977892,0.553933192,1.812740501,2.240072590
1782430335.908515215,0.535841101,1.801994249,2.227997507
1782430335.910649538,0.511204820,1.784265199,2.214797392
1782430335.912011385,0.479767192,1.753226304,2.186720138
1782430335.918029547,0.467602962,1.725918486,2.172073839
1782430335.918896198,0.424151680,1.679036081,2.126858829
1782430335.920215845,0.407821618,1.663235621,2.110357121
1782430335.921870708,0.396597374,1.655549600,2.098219789
1782430335.923513889,0.390062023,1.634465563,2.089079806
1782430335.926191330,0.378142471,1.628393130,2.070706251
1782430335.926920652,0.367470054,1.613877943,2.066971036
1782430335.930653811,0.363462756,1.602799775,2.057595154
1782430335.931976318,0.352426863,1.580063905,2.046552149
1782430335.933519363,0.346990313,1.580781383,2.036678012
1782430335.935650587,0.343849633,1.569983673,2.028263290
1782430335.936952591,0.345291861,1.570277042,2.023342942
1782430335.941837788,0.338017747,1.562172567,2.011516422
1782430335.943683147,0.335117201,1.548719024,1.991447836
1782430335.945281029,0.329617054,1.550358397,1.982675417
1782430335.946924925,0.318864330,1.545192986,1.972837758
1782430335.948570490,0.323725238,1.538199193,1.967647454
1782430335.955639839,0.313431920,1.539167533,1.952909508
1782430335.956954718,0.290508349,1.503451641,1.910685629
1782430335.958550453,0.281893154,1.500803048,1.902317646
1782430335.960654974,0.275897216,1.498071114,1.894426049
1782430335.961967230,0.274538019,1.493415871,1.890337689
1782430335.968060732,0.261668696,1.487848051,1.876754433
1782430335.968904495,0.245620134,1.469296126,1.848242988
1782430335.970217943,0.246173744,1.464470862,1.843483510
1782430335.971888781,0.247516519,1.457597845,1.830210730
1782430335.973733902,0.240722734,1.450468461,1.821530904
1782430335.980561733,0.234419249,1.450119223,1.807518915
1782430335.981884003,0.215737866,1.439744261,1.781928978
1782430335.983581305,0.212559944,1.428668005,1.771943532
1782430335.985646963,0.207990652,1.436296144,1.768090045
1782430335.986975431,0.197880889,1.433267838,1.756705300
1782430335.988659859,0.193330430,1.431566906,1.753378542
1782430335.993032694,0.193028585,1.424802515,1.749259664
1782430335.993887424,0.176327243,1.409453293,1.729549318
1782430335.995235682,0.170382874,1.415312378,1.720271510
1782430335.996896029,0.169105768,1.407985063,1.708513836
1782430335.998564720,0.170574359,1.403703984,1.704754561
1782430336.004660130,0.163150088,1.404489524,1.683279630
1782430336.005395889,0.153794738,1.388055940,1.670148104
1782430336.007059574,0.156558802,1.390636667,1.666067869
1782430336.008699656,0.157228895,1.385546577,1.667771023
1782430336.010648727,0.152574909,1.391470178,1.655530720
1782430336.011955023,0.151926211,1.377207455,1.659459493
1782430336.017985106,0.157515255,1.393006441,1.657266486
1782430336.018930912,0.148268064,1.371304096,1.641448160
1782430336.020274639,0.144999395,1.368723834,1.627331128
1782430336.021915913,0.143525160,1.366439686,1.623262514
1782430336.023499727,0.142437102,1.362206576,1.611537702
1782430336.030622959,0.150818667,1.364257283,1.607337801
1782430336.031921387,0.141136291,1.346050759,1.585437203
1782430336.033552408,0.139464461,1.345153091,1.574617202
1782430336.035671711,0.147516202,1.346512297,1.573422436
1782430336.036974669,0.146423130,1.347126065,1.568690060
1782430336.043073654,0.146299884,1.349686155,1.561254662
1782430336.043910265,0.139454754,1.351817009,1.566462886
1782430336.045214415,0.146931418,1.346135897,1.563067889
1782430336.046863317,0.146441364,1.356113321,1.559817530
1782430336.048574686,0.141614314,1.350097608,1.564029054
1782430336.055660009,0.148956813,1.352794888,1.562069396
1782430336.057018042,0.139467257,1.353870772,1.556568365
1782430336.058551073,0.145306342,1.351133334,1.554595314
1782430336.060671568,0.148921416,1.353936249,1.555693863
1782430336.061989784,0.155162358,1.364524008,1.555269986
1782430336.065753937,0.153510495,1.371531785,1.550032082
1782430336.068068027,0.155840536,1.389825724,1.559363506
1782430336.068927765,0.154698869,1.387209913,1.558635964
1782430336.070244312,0.157305287,1.400398821,1.560095793
1782430336.071899176,0.156198349,1.408941719,1.551325221
1782430336.073709726,0.155944075,1.410182785,1.549271007
1782430336.080637217,0.156544922,1.418930425,1.546640596
1782430336.081964016,0.152799505,1.434492335,1.540258767
1782430336.083542109,0.145657987,1.444019993,1.531687531
1782430336.085657835,0.153995002,1.441468470,1.535611089
1782430336.087003231,0.144878366,1.446059951,1.529898678
1782430336.093055964,0.140703317,1.447462914,1.526134197
1782430336.093894005,0.147135239,1.450712243,1.536999290
1782430336.095193624,0.144698689,1.451308583,1.523684731
1782430336.096934319,0.151361573,1.447055019,1.528504444
1782430336.098647118,0.152785347,1.444728399,1.526056473
1782430336.105741978,0.152683923,1.448929117,1.518191475
1782430336.106841087,0.151610640,1.424602592,1.505572117
1782430336.108688116,0.156016459,1.425667864,1.500333265
1782430336.110669136,0.151020897,1.426018379,1.500048863
1782430336.112068415,0.156898663,1.413112847,1.504781398
1782430336.118224859,0.159964709,1.409950050,1.507160438
1782430336.119350195,0.166836399,1.400217876,1.522414110
1782430336.120279074,0.168231516,1.400857446,1.523891584
1782430336.121881485,0.166402317,1.397995815,1.526959521
1782430336.123508930,0.178923692,1.398270161,1.531941301
1782430336.128210783,0.175097990,1.404411829,1.529722661
1782430336.129020214,0.181145283,1.403449438,1.541728055
1782430336.130710602,0.173958810,1.403688229,1.539343489
1782430336.132045984,0.174964041,1.402692782,1.542578205
1782430336.133574009,0.179632713,1.398372835,1.542187446
1782430336.135727644,0.175133872,1.405318072,1.536828774
1782430336.137026310,0.173553260,1.402758550,1.532358141
1782430336.143216133,0.174933239,1.396535768,1.535540334
1782430336.144059181,0.179279801,1.400890913,1.527732281
1782430336.145386457,0.172570309,1.404375407,1.514758703
1782430336.146922588,0.172933091,1.391012880,1.509953774
1782430336.148674250,0.177842017,1.392537754,1.507361140
1782430336.155803919,0.173376775,1.396772742,1.498747413
1782430336.156884909,0.179750260,1.389818470,1.498849534
1782430336.158506393,0.181643639,1.397490147,1.498479080
1782430336.160626888,0.176876229,1.398308872,1.501572963
1782430336.161951780,0.175489945,1.398651383,1.503829590
1782430336.168029308,0.179316945,1.404735961,1.504848906
1782430336.168892622,0.174958065,1.400982929,1.503277127
1782430336.170214176,0.175442006,1.405556166,1.499639092
1782430336.171854734,0.174307856,1.401468390,1.500048304
1782430336.173526287,0.178419249,1.395873430,1.493552352
1782430336.175550699,0.177644168,1.406416282,1.491787947
1782430336.180664062,0.179268932,1.393229589,1.491370552
1782430336.181984425,0.172454251,1.399782495,1.489459599
1782430336.183534384,0.180151485,1.392062956,1.486645826
1782430336.185649157,0.172562431,1.395857347,1.479945327
1782430336.186976671,0.175007730,1.386157650,1.480931928
1782430336.190709829,0.177593581,1.388501725,1.480904986
1782430336.193081617,0.169143170,1.372952538,1.471217396
1782430336.193932295,0.170385173,1.372769376,1.479846868
1782430336.195241690,0.159066103,1.367936127,1.466165033
1782430336.196888447,0.163760939,1.362308149,1.468568116
1782430336.198502302,0.156756413,1.364101920,1.463355596
1782430336.205618382,0.150580098,1.355504969,1.459665632
1782430336.206997871,0.154657234,1.345582242,1.461716792
1782430336.208579302,0.157481716,1.348793496,1.462607837
1782430336.210659027,0.154541066,1.345754354,1.455273386
1782430336.211837530,0.155386045,1.340255208,1.455762637
1782430336.217956305,0.158830990,1.339597761,1.450239819
1782430336.218820810,0.162073696,1.325083579,1.442138988
1782430336.220259190,0.164161560,1.321732170,1.446126954
1782430336.221914053,0.165845140,1.318095041,1.443708434
1782430336.223643780,0.160113175,1.312876522,1.436320581
1782430336.230844498,0.165680205,1.307619097,1.443639429
1782430336.231951714,0.169649841,1.301618649,1.433388834
1782430336.233716249,0.177408276,1.291734011,1.434219776
1782430336.235685825,0.175136790,1.303199302,1.436393196
1782430336.237035990,0.178069669,1.299693509,1.439255890
1782430336.243035793,0.184373890,1.308045388,1.446017876
1782430336.243880749,0.177214699,1.318528921,1.458951496
1782430336.245179176,0.171589488,1.325229626,1.459934215
1782430336.246845007,0.179142157,1.326210458,1.467062728
1782430336.248716354,0.180183117,1.330172441,1.471756795
1782430336.253644943,0.172393248,1.333990468,1.466788671
1782430336.255641699,0.176250428,1.341560913,1.473108612
1782430336.257017612,0.173652069,1.340867302,1.482019792
1782430336.258586645,0.173701523,1.351553883,1.478207907
1782430336.260587692,0.171545852,1.355044693,1.477141741
1782430336.261918783,0.175401528,1.345333361,1.476775819
1782430336.268062115,0.174340604,1.351839823,1.470751903
1782430336.268921614,0.170570172,1.360004334,1.465535597
1782430336.270230770,0.166556417,1.347364871,1.466760109
1782430336.271887302,0.172112731,1.351216916,1.462166834
1782430336.273509264,0.165666710,1.353335124,1.463243147
1782430336.280656338,0.170641811,1.351262854,1.463366441
1782430336.281963110,0.165717909,1.341861232,1.450979995
1782430336.283608913,0.163175539,1.331718010,1.444616567
1782430336.285646439,0.165002735,1.337059754,1.449403902
1782430336.286988974,0.165783592,1.334501642,1.441127102
1782430336.293044567,0.170157625,1.329859280,1.443753713
1782430336.293885708,0.170094031,1.322421711,1.436413663
1782430336.295201302,0.161900904,1.327865913,1.432289643
1782430336.296867847,0.160541376,1.324839550,1.428484911
1782430336.298506021,0.163777759,1.318387114,1.430985307
1782430336.305651903,0.154161878,1.320837620,1.420599426
1782430336.306996584,0.154562933,1.299857268,1.411811808
1782430336.308547735,0.149843214,1.301475504,1.408191385
1782430336.310712337,0.146907900,1.302091659,1.407589650
1782430336.312033415,0.154750794,1.297200515,1.411963664
1782430336.315746069,0.150380539,1.298990462,1.398562206
1782430336.318150520,0.152185038,1.288226563,1.397257175
1782430336.319006205,0.147556125,1.281845366,1.388932082
1782430336.320347309,0.149703838,1.276427520,1.389761910
1782430336.321883678,0.149305276,1.277561159,1.389134709
1782430336.323535204,0.142942972,1.272063061,1.377692375
1782430336.330821991,0.148079931,1.260921289,1.372365837
1782430336.331938505,0.141720650,1.249344920,1.359393852
1782430336.333584785,0.140757240,1.241570387,1.365179548
1782430336.335654736,0.143491057,1.238746696,1.358350257
1782430336.336978197,0.136675776,1.230452467,1.352136243
1782430336.343043804,0.135884188,1.224226948,1.347916023
1782430336.343890190,0.133888453,1.210663683,1.343837928
1782430336.345198631,0.137297800,1.220835688,1.338275920
1782430336.346877813,0.131849684,1.218996448,1.335403143
1782430336.348527670,0.135008406,1.217205812,1.337501650
1782430336.355650187,0.134257016,1.221618889,1.341283329
1782430336.357036591,0.132621131,1.230260734,1.343220605
1782430336.358603239,0.129747973,1.228216479,1.338451540
1782430336.360641241,0.128803003,1.233487509,1.336048799
1782430336.361964703,0.132927926,1.230201410,1.345279321
1782430336.368204594,0.130699305,1.236858991,1.341543524
1782430336.369314432,0.113000419,1.225816120,1.334813786
1782430336.370245457,0.116028603,1.222326489,1.340105366
1782430336.371846676,0.111358288,1.230705216,1.337690611
1782430336.373717070,0.109950653,1.218205810,1.337677013
1782430336.377584934,0.110899188,1.223007010,1.334657745
1782430336.380633831,0.103519145,1.217040005,1.338863227
1782430336.381921053,0.108704972,1.216260728,1.345335109
1782430336.383523226,0.105530686,1.217972328,1.340204104
1782430336.385684013,0.101606496,1.208714252,1.340361193
1782430336.387050629,0.103370779,1.206962627,1.336926008
1782430336.392764091,0.100093784,1.207697652,1.336093502
1782430336.393731594,0.099245023,1.198247625,1.326340711
1782430336.395177364,0.106647698,1.194898796,1.334130284
1782430336.396846533,0.101790869,1.190948305,1.321987375
1782430336.398552179,0.102584792,1.185454798,1.323015037
1782430336.405623913,0.108936738,1.185407262,1.323869861
1782430336.406951666,0.106633943,1.168961927,1.310081731
1782430336.408591986,0.102963758,1.164557113,1.300493733
1782430336.410687208,0.097840967,1.166617226,1.299602282
1782430336.412031412,0.099992903,1.150846856,1.290401264
1782430336.418073177,0.094315141,1.145434097,1.281483547
1782430336.418940783,0.087321888,1.126926980,1.273301053
1782430336.420254707,0.089964816,1.126048156,1.272990079
1782430336.421909332,0.089392781,1.126878210,1.267396468
1782430336.423536539,0.089836335,1.120323653,1.269034354
1782430336.430636406,0.087246579,1.125256530,1.265767982
1782430336.431978941,0.085735303,1.122823678,1.271048734
1782430336.433525801,0.072541657,1.117479824,1.266295405
1782430336.435672522,0.074408142,1.111175864,1.269307096
1782430336.437000990,0.069275895,1.114095393,1.267839534
1782430336.438754797,0.076400031,1.110002154,1.268636586
1782430336.443080664,0.070274401,1.111773348,1.265623559
1782430336.444051027,0.073285632,1.099344992,1.264049574
1782430336.445272684,0.067112560,1.103410216,1.259952563
1782430336.446883202,0.068136862,1.100945661,1.262638517
1782430336.448515654,0.071725053,1.093531522,1.263698449
1782430336.453870773,0.067407209,1.100258362,1.259282225
1782430336.455652237,0.066632283,1.089856060,1.253267900
1782430336.457031488,0.062387080,1.091852747,1.247916894
1782430336.458564043,0.058812803,1.081864687,1.246114943
1782430336.460635900,0.060448575,1.082722353,1.251529820
1782430336.461961508,0.053575379,1.084694696,1.245635024
1782430336.467987776,0.053644877,1.074479271,1.241824448
1782430336.468932629,0.051557148,1.063659882,1.228076754
1782430336.470306158,0.049349985,1.056864166,1.225825538
1782430336.471886873,0.053346034,1.059512959,1.228761978
1782430336.473617077,0.046229715,1.056424960,1.223600775
1782430336.480737925,0.044974079,1.046719944,1.220437586
1782430336.481842041,0.051449834,1.038186158,1.214820531
1782430336.483525991,0.043517793,1.034135863,1.208012990
1782430336.485677719,0.043795800,1.030527186,1.199353176
1782430336.486995459,0.049213258,1.024190201,1.200066924
1782430336.493033886,0.045671413,1.025537258,1.194631000
1782430336.493879318,0.043789948,1.010205056,1.186856193
1782430336.495201111,0.038415111,1.008142566,1.182143842
1782430336.496852398,0.044323931,0.999489195,1.183505778
1782430336.498519182,0.037855330,1.002081187,1.174289672
1782430336.505661011,0.036135895,0.989204080,1.173556652
1782430336.507022619,0.028104687,0.981320175,1.161130825
1782430336.508586407,0.025886290,0.975293083,1.150100588
1782430336.510643005,0.027029406,0.970998557,1.153846038
1782430336.511953592,0.024221746,0.969001673,1.144387428
1782430336.515645981,0.023750759,0.967390526,1.140713281
1782430336.518054962,0.023299869,0.962016565,1.139589521
1782430336.518910885,0.021245494,0.966522457,1.123692989
1782430336.520272493,0.016888534,0.954527503,1.125658803
1782430336.521911860,0.017128385,0.944241119,1.119361129
1782430336.523572206,0.011974842,0.951735626,1.112225440
1782430336.530848742,0.008456947,0.941195522,1.103984940
1782430336.531984806,0.002417816,0.936072458,1.086368575
1782430336.533554792,-0.004827811,0.931596344,1.088009700
1782430336.535664082,-0.004337358,0.928765783,1.086181789
1782430336.536997080,-0.011755759,0.929861707,1.080322943
1782430336.543015957,-0.013335198,0.922583488,1.079734442
1782430336.543868780,-0.015405676,0.920353041,1.067854763
1782430336.545183659,-0.017482647,0.919211547,1.066180827
1782430336.546835661,-0.024046890,0.922712696,1.060788468
1782430336.548574448,-0.019921617,0.921289641,1.063049096
1782430336.555669308,-0.022767209,0.926699685,1.056572307
1782430336.557002068,-0.023615397,0.927501890,1.054762294
1782430336.558558226,-0.018580595,0.923274218,1.061322117
1782430336.560621500,-0.018574669,0.928314124,1.060851424
1782430336.561922550,-0.024110136,0.926894199,1.059795209
1782430336.568068981,-0.017174722,0.927279306,1.065716027
1782430336.568956375,-0.022780989,0.922757559,1.064380884
1782430336.570295572,-0.024662493,0.930523387,1.059172802
1782430336.571860313,-0.029942098,0.928537114,1.058762344
1782430336.573530436,-0.024565060,0.919678966,1.061081619
1782430336.578316927,-0.028099368,0.929026608,1.054548029
1782430336.579118252,-0.023650372,0.921624435,1.057925419
1782430336.580667496,-0.028599569,0.920596543,1.051117033
1782430336.581994057,-0.027781444,0.916533773,1.049580041
1782430336.583536386,-0.026174800,0.915785793,1.054175401
1782430336.585659742,-0.032212426,0.916233181,1.048439890
1782430336.586972713,-0.033769419,0.907394874,1.055361995
1782430336.593042374,-0.027810044,0.907680599,1.050084353
1782430336.593899250,-0.029927016,0.898083150,1.049117404
1782430336.595246315,-0.033775120,0.899589592,1.042434176
1782430336.596915007,-0.036372528,0.890251312,1.043412347
1782430336.598574638,-0.036281132,0.891302336,1.041694591
1782430336.605812788,-0.040781819,0.892387878,1.040634312
1782430336.606916189,-0.039149608,0.888517672,1.050275843
1782430336.608687401,-0.038088040,0.893124574,1.051983685
1782430336.610710859,-0.042796316,0.893501429,1.052025765
1782430336.612040043,-0.041235471,0.887567065,1.051598841
1782430336.618162394,-0.038844210,0.894121700,1.054886734
1782430336.619018316,-0.042020478,0.894137593,1.053256630
1782430336.620335579,-0.047556836,0.895640028,1.052925041
1782430336.621985674,-0.040802168,0.893242734,1.058488778
1782430336.623503208,-0.041980363,0.898132746,1.058489625
1782430336.625440836,-0.046157864,0.891051024,1.054444090
1782430336.630549908,-0.043907646,0.890614993,1.057946929
1782430336.631912708,-0.051400293,0.895718244,1.054716970
1782430336.633583784,-0.050671222,0.887613630,1.056044826
1782430336.635625839,-0.050350114,0.890030534,1.049758125
1782430336.636939049,-0.052748881,0.888929845,1.049692884
1782430336.640549660,-0.050918002,0.883042235,1.055082626
1782430336.643062830,-0.058899625,0.889569020,1.055990064
1782430336.643935442,-0.059456232,0.885952086,1.048943223
1782430336.645263910,-0.062804308,0.881549900,1.046537236
1782430336.646910667,-0.057915039,0.879964329,1.051934884
1782430336.648580313,-0.064484740,0.878605462,1.039121223
1782430336.655625343,-0.068036816,0.877435555,1.041888005
1782430336.656850100,-0.071295682,0.875549688,1.029819139
1782430336.658717871,-0.067314567,0.866638091,1.028222584
1782430336.660734415,-0.064160862,0.869424030,1.029762673
1782430336.662038565,-0.067882933,0.864920559,1.029824774
1782430336.668226719,-0.066217752,0.868761819,1.028294629
1782430336.669111490,-0.064063906,0.870611722,1.028054821
1782430336.670197725,-0.063722581,0.865912696,1.034319857
1782430336.671954393,-0.054783763,0.871166138,1.043725945
1782430336.673534155,-0.059883430,0.871462571,1.043844547
1782430336.680557013,-0.064125444,0.874817072,1.044478731
1782430336.681867361,-0.064664346,0.877515725,1.050989236
1782430336.683511257,-0.063342689,0.867790185,1.056173213
1782430336.685738087,-0.060520953,0.874170624,1.059116262
1782430336.687059879,-0.056190460,0.873306800,1.068648856
1782430336.693312883,-0.056334266,0.876580817,1.066926315
1782430336.694306612,-0.055306609,0.872290090,1.063039458
1782430336.695210695,-0.052989896,0.874600797,1.062883909
1782430336.697021008,-0.053500424,0.866373688,1.061082193
1782430336.698711395,-0.051410831,0.876416694,1.059697506
1782430336.702783346,-0.054589030,0.874881927,1.057553389
1782430336.703600168,-0.054435627,0.870220904,1.055348013
1782430336.705764532,-0.056221250,0.863698093,1.049378781
1782430336.706860065,-0.053803693,0.865358137,1.054229225
1782430336.708661556,-0.058272011,0.869194298,1.046726949
1782430336.710745811,-0.061551404,0.857329540,1.040898571
1782430336.711871147,-0.057415311,0.858132944,1.048743906
1782430336.717855453,-0.060099163,0.852726114,1.037873805
1782430336.718488932,0.000000000,0.000000000,0.000000000
1782430336.720191717,-0.058114327,0.847886613,1.029715879
1782430336.721861601,-0.063291542,0.844645541,1.024216849
1782430336.723714590,-0.060918402,0.835922523,1.025881419
1782430336.725189447,-0.065242797,0.841996615,1.018291396
1782430336.730827808,-0.071830413,0.829710442,1.013060208
1782430336.731922388,-0.065421718,0.818636755,1.002366324
1782430336.733565807,-0.068930866,0.814586987,0.994553319
1782430336.735751629,-0.074507763,0.815800776,0.990463288
1782430336.736858130,-0.070144409,0.811484636,0.996099013
1782430336.743189812,-0.074069555,0.813932258,0.988576760
1782430336.744052887,-0.070990111,0.809988516,0.980176829
1782430336.745178699,-0.079563041,0.799622182,0.978167437
1782430336.746996164,-0.073287502,0.800024720,0.980733466
1782430336.748539925,-0.078385400,0.801226163,0.975613758
1782430336.755684376,-0.079493116,0.798129238,0.978694600
1782430336.757005453,-0.081068377,0.788903223,0.974089286
1782430336.758578300,-0.083809205,0.791155650,0.967953425
1782430336.760676146,-0.089118872,0.785690401,0.963034932
1782430336.761990309,-0.085151687,0.783112333,0.966677547
1782430336.764008045,-0.085769965,0.784606137,0.967547177
1782430336.768044472,-0.085296159,0.782549989,0.963076570
1782430336.768883705,-0.087897179,0.783206321,0.961811766
1782430336.770211935,-0.085436234,0.779542640,0.965255505
1782430336.771881819,-0.081772897,0.776326862,0.965164420
1782430336.773632288,-0.086998740,0.777248942,0.962256460
1782430336.780119419,-0.080770443,0.770950201,0.957351671
1782430336.780855417,-0.082994124,0.764142870,0.952608275
1782430336.781983614,-0.088458490,0.770670830,0.951869774
1782430336.783644676,-0.087303053,0.768027485,0.949688461
1782430336.785683870,-0.081862171,0.766082728,0.951134174
1782430336.787010670,-0.087744943,0.765661731,0.945366694
1782430336.793081045,-0.090957554,0.760217349,0.945873880
1782430336.793924332,-0.097370740,0.756837683,0.946404261
1782430336.795227289,-0.091138178,0.753996711,0.948503228
1782430336.796892881,-0.096124919,0.753074280,0.943179732
1782430336.798587799,-0.099450897,0.752862293,0.943468213
1782430336.805799961,-0.090001149,0.751939004,0.947822260
1782430336.806891441,-0.098874707,0.743392779,0.931653018
1782430336.808529615,-0.101695980,0.741253126,0.929366744
1782430336.810789585,-0.100796964,0.736820885,0.925777502
1782430336.811890841,-0.105665903,0.737332712,0.923019546
1782430336.818245649,-0.105115862,0.729044486,0.925135395
1782430336.819122314,-0.104645152,0.721493654,0.922421288
1782430336.820222378,-0.103452639,0.722450462,0.929980457
1782430336.821992397,-0.106038966,0.718912878,0.922437890
1782430336.823642015,-0.102133683,0.714147195,0.928238345
1782430336.826326132,-0.099472254,0.711451694,0.928470528
1782430336.827065468,-0.106882566,0.713220813,0.924203681
1782430336.830829382,-0.099750147,0.710537075,0.927882050
1782430336.831906796,-0.103138045,0.699241127,0.923004754
1782430336.833702803,-0.097911678,0.697458633,0.926698593
1782430336.835662127,-0.100358722,0.691737570,0.922847214
1782430336.837072611,-0.103010646,0.686792894,0.916917749
1782430336.841641426,-0.095485417,0.687133771,0.922911681
1782430336.842258215,0.000000000,0.000000000,0.000000000
1782430336.843522310,-0.104200508,0.685061235,0.921855294
1782430336.845334291,-0.097280223,0.685742723,0.925386834
1782430336.846973658,-0.103049103,0.685570138,0.919664482
1782430336.848617792,-0.106094745,0.683146228,0.920144003
1782430336.855832577,-0.099214847,0.682214057,0.923824913
1782430336.856988907,-0.100860402,0.684788209,0.919363420
1782430336.858552933,-0.095029913,0.690023817,0.920711182
1782430336.860732317,-0.108005727,0.687714606,0.917034092
1782430336.861840010,-0.101604550,0.682093470,0.915056481
1782430336.868187428,-0.098618444,0.692824993,0.916929830
1782430336.869042158,-0.103609177,0.692651208,0.910938399
1782430336.870352268,-0.104664760,0.686348150,0.909125395
1782430336.872002125,-0.103801725,0.690320253,0.906787548
1782430336.873511791,-0.107069833,0.696189036,0.904986503
1782430336.880629539,-0.104289839,0.691779490,0.903931231
1782430336.881932974,-0.117255882,0.702692085,0.900604126
1782430336.883677006,-0.114728790,0.705605647,0.902919735
1782430336.885669470,-0.122487011,0.704864853,0.899555685
1782430336.886954784,-0.119437424,0.702128938,0.903166943
1782430336.893053293,-0.122417349,0.710361954,0.902802999
1782430336.893908262,-0.120750882,0.710608492,0.904549270
1782430336.895250797,-0.114361884,0.709822324,0.911037527
1782430336.896888733,-0.118847440,0.719755648,0.905848312
1782430336.898582935,-0.119490042,0.711022385,0.910163849
1782430336.903666019,-0.114281626,0.713908404,0.914075425
1782430336.905683517,-0.120555036,0.709067757,0.913000200
1782430336.906996965,-0.117915114,0.703615179,0.917556365
1782430336.908559322,-0.124785865,0.710734577,0.917854128
1782430336.910680771,-0.129558276,0.706814475,0.915438646
1782430336.911989212,-0.122881936,0.707449665,0.913551367
1782430336.918015718,-0.124011488,0.706230633,0.914007536
1782430336.918858767,-0.125566728,0.694447015,0.905718867
1782430336.920189619,-0.125050603,0.687546759,0.901566633
1782430336.921861887,-0.127726161,0.696325534,0.900015507
1782430336.923641205,-1.692058162,1.067259897,1.973119174
1782430336.930835962,-0.121739853,0.710606722,0.793312936
1782430336.932000637,-0.165656306,0.653051185,0.851640416
1782430336.933542013,-0.206785467,0.692016038,0.875366675
1782430336.935765743,-0.253287113,0.694779050,0.904715418
1782430336.936873436,-0.177995674,0.654452045,0.910765368
1782430336.943116903,-0.257655917,0.651819080,0.900533416
1782430336.943971157,-0.239815744,0.652474631,0.943331513
1782430336.945281029,-0.240073588,0.644884914,0.907175671
1782430336.946951866,-0.218242410,0.677531079,0.852659509
1782430336.948635578,-0.197757843,0.674321041,0.883115690
1782430336.955965757,-0.223767556,0.672112662,0.908903385
1782430336.956835508,-0.204242899,0.696680129,0.905025921
1782430336.958611488,-0.188994760,0.710155502,0.925791029
1782430336.960612297,-0.184458574,0.723650747,0.936318880
1782430336.961905956,-0.180474719,0.710039180,0.929380459
1782430336.965641022,-0.181256340,0.719120037,0.918241172
1782430336.968052626,-0.179525239,0.693739190,0.905792796
1782430336.968910456,-0.195191955,0.698678581,0.906253270
1782430336.970247030,-0.182139875,0.688729223,0.907280540
1782430336.971895695,-0.189742153,0.696913137,0.900455905
1782430336.973610401,-0.188691793,0.686434516,0.905798228
1782430336.980822563,-0.179413431,0.685804852,0.903276396
1782430336.981923103,-0.186455250,0.689345054,0.900044851
1782430336.983683109,-0.190319752,0.683932206,0.895708935
1782430336.985731840,-0.186303197,0.676712790,0.896344939
1782430336.987034798,-0.197491105,0.680611236,0.889590003
1782430336.992990255,-0.193521687,0.677664522,0.896278709
1782430336.993817568,-0.190657190,0.679141870,0.897853228
1782430336.995240688,-0.192517824,0.678275124,0.891711215
1782430336.996895313,-0.200908802,0.678995506,0.887729108
1782430336.998558283,-0.198858769,0.668976357,0.886631851
1782430337.005654812,-0.199146487,0.671439971,0.884147455
1782430337.006977797,-0.208838071,0.661115352,0.877549599
1782430337.008517742,-0.214993997,0.663714634,0.874869004
1782430337.010675907,-0.215040141,0.648619452,0.867440759
1782430337.011973143,-0.215775581,0.651570774,0.870468965
1782430337.018007517,-0.225282441,0.652037811,0.862300792
1782430337.018862009,-0.221301616,0.649554930,0.864487453
1782430337.020173073,-0.222534442,0.648018722,0.859218526
1782430337.021914005,-0.231840949,0.650378512,0.851323387
1782430337.023610592,-0.233148623,0.648226252,0.851304872
1782430337.027774811,-0.227904985,0.651977435,0.850445316
1782430337.028503418,-0.243807770,0.650858150,0.845247015
1782430337.030815363,-0.241734288,0.651072463,0.849203289
1782430337.031887293,-0.249868632,0.655758866,0.839649651
1782430337.033533573,-0.249621801,0.647020364,0.836970426
1782430337.035641432,-0.249471319,0.649804997,0.839071971
1782430337.036967754,-0.253111181,0.647899620,0.826664224
1782430337.043042421,-0.257733217,0.649553368,0.827237185
1782430337.043904543,-0.264560678,0.625831363,0.812434710
1782430337.045226574,-0.263860722,0.615620324,0.810147666
1782430337.046872616,-0.268867250,0.609400745,0.802083234
1782430337.048556089,-0.270944928,0.597842746,0.798841065
1782430337.055861473,-0.268543523,0.592450670,0.795735835
1782430337.056948900,-0.308936750,0.552583286,0.765393442
1782430337.058701992,-0.310297198,0.540978902,0.767618642
1782430337.060678005,-0.310108214,0.541474236,0.759575965
1782430337.061993599,-0.317522111,0.534857589,0.745471122
1782430337.068031549,-0.317898621,0.527023768,0.742494466
1782430337.068890572,-0.325312318,0.520788299,0.732481634
1782430337.070200205,-0.326288338,0.517683824,0.726103019
1782430337.071851969,-0.334869595,0.509424841,0.714032202
1782430337.073569775,-0.325140886,0.508876474,0.713058721
1782430337.080870152,-0.336309159,0.503438585,0.703658600
1782430337.081980467,-0.364351517,0.455994290,0.666272788
1782430337.083517551,-0.359419031,0.437689579,0.655470364
1782430337.085736275,-0.365683043,0.433593829,0.643442221
1782430337.087058067,-0.375945254,0.420205498,0.642711262
1782430337.088830471,-0.382179145,0.406752445,0.627796477
1782430337.092988968,-0.387248233,0.403313684,0.622827258
1782430337.093848467,-0.645305169,0.309809915,0.763407620
1782430337.095167637,-0.333733230,0.387965091,0.510647845
1782430337.096935034,-0.341031431,0.363404647,0.525275446
1782430337.098595381,-0.512177163,0.277525855,0.642434986
1782430337.104771614,-0.292911221,0.303636252,0.516053166
1782430337.105520487,-0.358905132,0.278286489,0.493570380
1782430337.106987000,-0.398911581,0.258819521,0.528134187
1782430337.108707190,-0.426684555,0.264588881,0.529115474
1782430337.110708475,-0.381579576,0.252216097,0.484682069
1782430337.111920118,-0.399633415,0.248087757,0.505636977
1782430337.118000031,-0.426332704,0.244115966,0.502324612
1782430337.118870735,-0.420253643,0.240484802,0.487304187
1782430337.120230198,-0.404260613,0.231227814,0.467293949
1782430337.121870279,-0.411811456,0.227134144,0.473105352
1782430337.123512983,-0.439962351,0.214623972,0.466839362
1782430337.130663157,-0.416937103,0.205388023,0.445834654
1782430337.131970882,-0.435168237,0.179046251,0.429109733
1782430337.133533478,-0.441808046,0.182120225,0.430232170
1782430337.135751247,-0.455115846,0.180308231,0.426544041
1782430337.137055874,-0.443490895,0.174610327,0.415639032
1782430337.143051863,-0.454231118,0.172956831,0.408950731
1782430337.143897533,-0.482787721,0.139905102,0.375942941
1782430337.145224810,-0.475052677,0.128332928,0.373145996
1782430337.146856070,-0.476671777,0.133563255,0.370387759
1782430337.148568630,-0.491305566,0.132563712,0.361657913
1782430337.151730061,-0.483383524,0.122856686,0.356091263
1782430337.152528048,-0.492060051,0.121830716,0.352039044
1782430337.155676365,-0.500108842,0.119608839,0.346935449
1782430337.157030344,-0.496325858,0.118485955,0.342273193
1782430337.158594131,-0.504618296,0.104623365,0.333397633
1782430337.160699606,-0.513619261,0.097122450,0.314727656
1782430337.162018776,-0.519355855,0.092011981,0.307655530
1782430337.167113066,-0.519664534,0.087229615,0.306897709
1782430337.168534756,-0.534649989,0.078673078,0.276152910
1782430337.170262098,-0.543178220,0.081300198,0.269355728
1782430337.171888113,-0.542287572,0.079438216,0.272801499
1782430337.173709154,-0.542193001,0.083802983,0.270560233
1782430337.180862188,-0.545224092,0.084042840,0.269714293
1782430337.181970596,-0.557957287,0.113827236,0.250772978
1782430337.183557987,-0.557364850,0.120800528,0.251462439
1782430337.185676098,-0.558461838,0.115947716,0.253457142
1782430337.186982393,-0.552912449,0.124601438,0.249092395
1782430337.193037271,-0.563382718,0.117623811,0.248887586
1782430337.193879604,-0.554803429,0.125674082,0.249040399
1782430337.195223093,-0.545348518,0.121929926,0.243001851
1782430337.196857691,-0.558343965,0.122263533,0.233934578
1782430337.198579073,-0.553994421,0.121135086,0.228658249
1782430337.205808640,-0.552670195,0.123119147,0.225961407
1782430337.206888914,-0.549724877,0.120039602,0.198643942
1782430337.208557367,-0.569196388,0.138150978,0.210981146
1782430337.210665226,-0.597385765,0.130038623,0.215541410
1782430337.211998463,-0.557210718,0.124877744,0.179971540
1782430337.214233160,-0.581849143,0.117032455,0.188906748
1782430337.218055964,-0.575053284,0.119447587,0.197426711
1782430337.218903542,-0.579684711,0.124213262,0.187254119
1782430337.220254660,-0.569240869,0.115502492,0.186189346
1782430337.221905708,-0.582566293,0.130478849,0.179475389
1782430337.229855776,-0.551428118,0.108007988,0.161580403
1782430337.230734587,-0.544815057,0.120610133,0.158801196
1782430337.231842995,-0.568000084,0.142211801,0.179302178
1782430337.233639717,-0.546524394,0.124269015,0.169139912
1782430337.239426613,-0.537382606,0.122735080,0.159993536
1782430337.240276098,-0.556750126,0.129328452,0.164995658
1782430337.242038250,-0.561373087,0.127007890,0.165561706
1782430337.244027376,-0.546789562,0.126719855,0.165897339
1782430337.245340347,-0.553494104,0.125495221,0.158174183
1782430337.251432419,-0.560834722,0.124761729,0.159944598
1782430337.252274513,-0.548409236,0.124616526,0.151497546
1782430337.253622532,-0.547962063,0.125162620,0.149298964
1782430337.255274296,-0.548962069,0.131928773,0.147916486
1782430337.256942272,-0.548001993,0.127616095,0.136825623
1782430337.260767698,-0.548636984,0.133984773,0.144219475
1782430337.264172077,-0.543823459,0.128689422,0.139195073
1782430337.265274048,-0.551673698,0.133943349,0.139331933
1782430337.266915798,-0.553395789,0.129946917,0.132576762
1782430337.268990517,-0.552454173,0.127323491,0.140258287
1782430337.270327806,-0.557243142,0.129926037,0.128935184
1782430337.275971413,-0.559045566,0.122524889,0.130224312
1782430337.276952028,-0.562108659,0.125323234,0.127240032
1782430337.278625488,-0.552205709,0.135324146,0.134209334
1782430337.280273676,-0.561555895,0.124268149,0.117380826
1782430337.281966209,-0.556793858,0.130188256,0.124524804
1782430337.289182901,-0.558102074,0.129447155,0.118155302
1782430337.290249348,-0.565615244,0.127250492,0.112556614
1782430337.291849852,-0.557499003,0.128093016,0.112823280
1782430337.294027090,-0.559738185,0.129013522,0.109011286
1782430337.295326471,-0.564510165,0.122362845,0.099025052
1782430337.301440954,-0.562238549,0.120145503,0.104606143
1782430337.302275896,-0.559417000,0.120945630,0.095971710
1782430337.303588629,-0.557065859,0.117465201,0.086460538
1782430337.305239677,-0.560724447,0.112039997,0.084524801
1782430337.306995869,-0.561643364,0.107891411,0.075432680
1782430337.314311743,-0.561044175,0.108949698,0.069292531
1782430337.315223217,-0.571112469,0.069390779,0.048928395
1782430337.317015886,-0.564189215,0.074634621,0.054165092
1782430337.319037676,-0.561493233,0.086920377,0.048723657
1782430337.320377350,-0.557912913,0.084795349,0.055979752
1782430337.322245121,-0.557152357,0.084215364,0.052652929
1782430337.326417685,-0.562259578,0.081695864,0.048291470
1782430337.327275991,-0.555422109,0.085497910,0.051752063
1782430337.328615189,-0.554558804,0.080710081,0.050825276
1782430337.330185890,-0.544613927,0.079985334,0.052798714
1782430337.331975937,-0.537388280,0.082779893,0.042509616
1782430337.337445498,-0.556057312,0.082934094,0.051071054
1782430337.339170694,-0.532691584,0.067912367,0.041041368
1782430337.340257406,-0.557904117,0.076588744,0.050878020
1782430337.341896534,-0.572775979,0.078718911,0.051275426
1782430337.344017982,-0.546115903,0.084386994,0.040865239
1782430337.345333338,-0.539624680,0.070199693,0.051242371
1782430337.351424217,-0.563547031,0.089964312,0.058835305
1782430337.352265358,-0.550079935,0.081694087,0.056678770
1782430337.353586912,-0.552793186,0.080324311,0.059388253
1782430337.355237722,-0.521430382,0.073789626,0.054905325
1782430337.356941462,-0.557377575,0.080694447,0.060773526
1782430337.364194393,-0.542603261,0.082721585,0.069134066
1782430337.365261316,-0.555786067,0.091674599,0.069606641
1782430337.366916895,-0.541906270,0.085230083,0.048853856
1782430337.368775606,-0.540497991,0.077264507,0.053575914
1782430337.370307207,-0.566639531,0.080473357,0.064124766
1782430337.376405478,-0.497399190,0.081867302,0.046605862
1782430337.377371550,-0.540660775,0.055774147,0.002843446
1782430337.378741264,-0.507503431,0.071298300,0.013584166
1782430337.380284786,-0.486468439,0.079925092,0.036402892
1782430337.382005215,-0.483263914,0.069080325,0.053818240
1782430337.389356613,-0.451666991,0.066816013,0.038760206
1782430337.390408993,-0.590073602,0.022790950,-0.042100512
1782430337.391841412,-0.542444043,0.031753653,-0.035781779
1782430337.394020319,-0.599232648,0.036799123,-0.037942750
1782430337.395335913,-0.531801598,0.045483491,-0.027797026
1782430337.399281740,-0.613356839,0.054989172,0.015795428
1782430337.401419401,-0.543815776,0.073423580,-0.008531312
1782430337.402291059,-0.617383462,0.072473551,-0.020285820
1782430337.403640032,-0.571923781,0.080591399,-0.033593174
1782430337.405279160,-0.574723113,0.066921240,-0.009459119
1782430337.406981468,-0.562631555,0.074764751,-0.000758943
1782430337.414179802,-0.605013479,0.075015959,0.014706844
1782430337.415264130,-0.668953612,0.067823696,0.014159762
1782430337.416908741,-0.494622860,0.061103897,-0.020650387
1782430337.418979406,-0.570115918,0.067306878,0.003305091
1782430337.420308352,-0.661033895,0.071010776,0.021246187
1782430337.426408768,-0.574959089,0.091009551,0.039318993
1782430337.427244186,-0.590083437,0.055570986,0.026371119
1782430337.428575277,-0.676353290,0.056226968,0.022948219
1782430337.430237055,-0.548171843,0.093747025,0.006983519
1782430337.431980848,-0.640913945,0.074295522,0.015817629
1782430337.439202070,-0.594328685,0.059216618,0.007342050
1782430337.440301895,-0.593858929,0.070104353,0.033046766
1782430337.441834450,-0.627050778,0.076520115,-0.002899692
1782430337.444020987,-0.546412566,0.075844482,-0.005710122
1782430337.445365906,-0.637913209,0.050316758,0.009110352
1782430337.451432943,-0.603100960,0.054369755,0.002108020
1782430337.452274323,-0.604354602,0.025982986,0.002809672
1782430337.453582287,-0.602158068,0.056961958,0.019581707
1782430337.455233812,-0.589179189,0.040843966,-0.014168311
1782430337.457014799,-0.617539095,0.054449734,-0.009629524
1782430337.460817099,-0.623003772,0.057796121,0.001752318
1782430337.464237452,-0.574643428,0.058483125,0.020232835
1782430337.465275288,-0.543393922,0.069592207,0.001976261
1782430337.466963291,-0.611632140,0.040297886,-0.011452295
1782430337.468713284,-0.605263046,0.049923967,-0.000286570
1782430337.470276594,-0.615502761,0.041788865,-0.013331084
1782430337.476430416,-0.579746584,0.040232177,-0.015365880
1782430337.477273703,-0.608842681,0.050529890,-0.019474582
1782430337.478598118,-0.560186392,0.034326914,-0.012129264
1782430337.480271101,-0.595115442,0.050870525,-0.006167044
1782430337.482008696,-0.584688418,0.031520838,-0.017045381
1782430337.489023685,-0.574550084,0.041993145,-0.018512417
1782430337.490361691,-0.580054941,0.033067715,-0.035573690
1782430337.491925001,-0.552109528,0.035807529,-0.038524180
1782430337.494015932,-0.567575426,0.023362230,-0.033829505
1782430337.495357990,-0.586193624,0.028684231,-0.015789686
1782430337.501477003,-0.606986001,0.057435146,-0.016982175
1782430337.502333879,-0.596339727,0.025213688,-0.033666295
1782430337.503640413,-0.562295194,0.043905342,-0.044039317
1782430337.505322933,-0.573496541,0.018336686,-0.041616529
1782430337.507046700,-0.626436995,0.015956894,-0.026989551
1782430337.514216185,-0.516257520,0.063776436,-0.029852019
1782430337.515365601,-0.616827554,0.054838444,-0.040885887
1782430337.516916275,-0.598242232,0.017575750,-0.058059302
1782430337.519007921,-0.627724425,0.035709969,-0.044377654
1782430337.520318508,-0.612529269,0.034878155,-0.037127951
1782430337.524111271,-0.631500476,0.037442739,-0.025605407
1782430337.526473284,-0.626439526,0.037524792,-0.018108769
1782430337.527329445,-0.625487522,0.038453999,-0.021839639
1782430337.528678179,-0.587567024,0.033304476,-0.031191089
1782430337.530315876,-0.663943184,0.018883192,-0.034429003
1782430337.532018661,-0.492369221,0.018869274,-0.041937593
1782430337.539169550,-0.686735687,0.019920179,-0.052128393
1782430337.540287018,-0.541482237,0.016777337,-0.056509560
1782430337.542053461,-0.609967566,0.050359882,-0.030385607
1782430337.544008493,-0.658808001,0.038178672,-0.054373783
1782430337.545315266,-0.563256389,0.045834799,-0.048530035
1782430337.551429749,-0.650099109,0.048015581,-0.048140301
1782430337.552272558,-0.683613060,0.023975155,-0.041820277
1782430337.553580284,-0.606101487,0.043428549,-0.047010440
1782430337.555236816,-0.592993297,0.049048852,-0.047368763
1782430337.556993961,-0.643465891,0.020908075,-0.060508629
1782430337.564155102,-0.557202482,0.027807773,-0.064612085
1782430337.565256834,-0.628770589,0.029089891,-0.070746257
1782430337.567019701,-0.611451133,0.019205745,-0.070552408
1782430337.569015026,-0.597552863,0.048401927,-0.058205051
1782430337.570344687,-0.616836686,0.039754418,-0.068120639
1782430337.576459646,-0.613181482,0.030966929,-0.065315634
1782430337.577315807,-0.643550190,0.035669310,-0.061025115
1782430337.578676462,-0.584293596,0.038702028,-0.054827852
1782430337.580211163,-0.596321616,0.033548333,-0.057530909
1782430337.581869841,-0.623959021,0.043628741,-0.047519578
1782430337.586674929,-0.601889505,0.038724455,-0.049720895
1782430337.587404966,-0.605264058,0.035406595,-0.051128396
1782430337.589040995,-0.605601750,0.028838979,-0.061093122
1782430337.590378284,-0.609839633,0.034651647,-0.072580837
1782430337.591918707,-0.609959739,0.025946823,-0.062312712
1782430337.593968630,-0.608864698,0.035555296,-0.071331703
1782430337.595276594,-0.599905850,0.026484645,-0.061700311
1782430337.601420403,-0.608310648,0.028512161,-0.064247262
1782430337.602286339,-0.624664777,0.035312167,-0.057191926
1782430337.603616714,-0.608141883,0.040830398,-0.059316312
1782430337.605263233,-0.602642244,0.033606877,-0.063610622
1782430337.606961727,-0.628692045,0.030516872,-0.063631312
1782430337.614162922,-0.587945342,0.027372304,-0.058384685
1782430337.615255833,-0.611292196,0.033828774,-0.062862862
1782430337.616900682,-0.608236813,0.035560323,-0.063120030
1782430337.619000673,-0.610305891,0.038478020,-0.062913338
1782430337.620325565,-0.612471466,0.041289790,-0.058047770
1782430337.626422405,-0.609138951,0.037323882,-0.050825522
1782430337.627262115,-0.608714605,0.035744649,-0.056117283
1782430337.628571272,-0.609535010,0.028760826,-0.058211081
1782430337.630259991,-0.615940782,0.034057467,-0.056392335
1782430337.632084608,-0.608685508,0.022570362,-0.050589499
1782430337.633628845,-0.609933015,0.028065735,-0.059921987
1782430337.639149666,-0.610869041,0.019186694,-0.057759790
1782430337.640269279,-0.611503393,0.025649313,-0.064076410
1782430337.641923189,-0.613533478,0.023869024,-0.059634401
1782430337.643995523,-0.612370574,0.021188879,-0.055651150
1782430337.645347834,-0.617276777,0.029317788,-0.067463226
1782430337.649062157,-0.615256705,0.028169526,-0.064647941
1782430337.651412964,-0.612578761,0.024580750,-0.067676252
1782430337.652289391,-0.616263569,0.024077770,-0.057247134
1782430337.653607130,-0.613965727,0.025218978,-0.056838380
1782430337.655256510,-0.615735770,0.019303653,-0.057896231
1782430337.656971455,-0.613751925,0.013083818,-0.045601438
1782430337.664204121,-0.615282075,0.021944157,-0.047111604
1782430337.665356874,-0.620257984,0.016458381,-0.051129597
1782430337.666932583,-0.623216457,0.015331923,-0.048323736
1782430337.669022322,-0.622140003,0.020265543,-0.036802753
1782430337.670342207,-0.622863715,0.018225424,-0.040387875
1782430337.676481485,-0.627234534,0.017112769,-0.038272438
1782430337.677359104,-0.629724488,0.013779807,-0.030524556
1782430337.678672075,-0.627471254,0.011514557,-0.022553426
1782430337.680376291,-0.627272482,0.011592282,-0.016936023
1782430337.681959629,-0.632109388,0.015966033,-0.020765703
1782430337.689184427,-0.633914610,0.013149453,-0.014770065
1782430337.690287113,-0.635958946,0.015791667,-0.010989818
1782430337.691918135,-0.638108237,0.022647877,-0.005288777
1782430337.694024801,-0.638855657,0.015597695,-0.010570315
1782430337.695351124,-0.639949555,0.016117617,-0.001158569
1782430337.701381207,-0.640988453,0.020744786,0.001601697
1782430337.702238798,-0.639475382,0.027558404,0.007040645
1782430337.703557014,-0.636389384,0.027107424,0.001386324
1782430337.705226183,-0.631847256,0.029086909,0.012687645
1782430337.707026720,-0.633133508,0.034226767,0.016077111
1782430337.712208748,-0.637808306,0.027618185,0.017942578
1782430337.714212894,-0.643909824,0.040823005,0.013904637
1782430337.715300083,-0.638037243,0.040047454,0.024278930
1782430337.716943264,-0.640716110,0.037735473,0.018208942
1782430337.719035864,-0.639009280,0.038667686,0.026656742
1782430337.720346451,-0.635185423,0.040312529,0.035125451
1782430337.726440907,-0.639458526,0.041276474,0.034251235
1782430337.727293491,-0.545201620,0.013510504,0.027374906
1782430337.728639841,-0.641505644,0.032128386,0.054680907
1782430337.730288267,-0.661590820,0.035963148,0.033152768
1782430337.731976986,-0.612699689,0.050079474,0.005814385
1782430337.739185095,-0.580322810,0.027447591,0.023008000
1782430337.740250111,-0.594587066,0.043119308,0.035940906
1782430337.741900206,-0.563879876,0.040471677,0.031713326
1782430337.744044542,-0.543971066,0.033244172,0.024138714
1782430337.745349646,-0.566111101,0.032945444,0.046306737
1782430337.751504898,-0.566324675,0.044261622,0.049037606
1782430337.752340078,-0.540237194,0.037410487,0.043651838
1782430337.753641605,-0.526318334,0.034857583,0.034825605
1782430337.755309105,-0.521136252,0.038906881,0.041657992
1782430337.756975651,-0.530209278,0.048988844,0.042536106
1782430337.759141922,-0.510464827,0.035612261,0.033689728
1782430337.764120102,-0.493633329,0.047279647,0.033612388
1782430337.765227318,-0.476550970,0.054128564,0.038704705
1782430337.766981602,-0.479143383,0.060920156,0.035743500
1782430337.769035339,-0.473733827,0.059166992,0.039490784
1782430337.770321131,-0.460943519,0.067469864,0.044748590
1782430337.774672270,-0.469803413,0.071050427,0.043660662
1782430337.775316954,0.000000000,0.000000000,0.000000000
1782430337.776993990,-0.460485345,0.083608244,0.059744911
1782430337.778647661,-0.459484781,0.078624692,0.055313147
1782430337.780333996,-0.452531451,0.080143421,0.067071853
1782430337.782053232,-0.455264923,0.082880599,0.064969965
1782430337.789189100,-0.455132571,0.074081808,0.056923882
1782430337.790290833,-0.432296839,0.083368549,0.053962283
1782430337.791857243,-0.426923978,0.079531487,0.055991669
1782430337.794047594,-0.418500517,0.076177162,0.058412113
1782430337.795399427,-0.424075065,0.085198760,0.052642820
1782430337.801453590,-0.418787852,0.072947518,0.053988132
1782430337.802301645,-0.410525372,0.076639959,0.050482963
1782430337.803608179,-0.405938860,0.077365050,0.051642359
1782430337.805270910,-0.412499207,0.085298772,0.051411392
1782430337.806964874,-0.413200210,0.083110198,0.060438085
1782430337.813994169,-0.412788167,0.086705472,0.062280256
1782430337.815321684,-0.426229058,0.099745943,0.079006584
1782430337.816953182,-0.424414344,0.105571447,0.080817804
1782430337.818974018,-0.424823482,0.109600203,0.101209148
1782430337.820277691,-0.415699683,0.109593323,0.108294891
1782430337.826455116,-0.416358507,0.108175314,0.103941820
1782430337.827325583,-0.410429173,0.091812958,0.107351574
1782430337.828646898,-0.409017582,0.098276920,0.106188276
1782430337.830220699,-0.425165561,0.113109748,0.099851558
1782430337.831984282,-0.429639826,0.114797406,0.119678043
1782430337.837841511,-0.429878363,0.118308708,0.122783375
1782430337.838658571,-0.451057406,0.112666432,0.116073804
1782430337.840192318,-0.455402173,0.131546407,0.124262371
1782430337.841840029,-0.416678282,0.124073237,0.115674459
1782430337.843959570,-0.404448043,0.133687655,0.108900341
1782430337.845257521,-0.383811638,0.151237195,0.102305779
1782430337.851440907,-0.386031392,0.153551747,0.111767641
1782430337.852279425,-0.377574677,0.218650075,0.100487436
1782430337.853592396,-0.359002526,0.244766026,0.123853411
1782430337.855293751,-0.418143034,0.288815100,0.176144486
1782430337.857016802,-0.387337333,0.308393922,0.203615963
1782430337.864131689,-0.325835764,0.348640412,0.222577623
1782430337.865217924,-0.330040890,0.478730202,0.350317636
1782430337.866845369,-0.281533261,0.504135500,0.354806662
1782430337.869051456,-0.318070742,0.532490052,0.402722739
1782430337.870180368,-0.325460418,0.593869090,0.448065397
1782430337.876441479,-0.320550902,0.630106773,0.492186866
1782430337.877295732,-0.351798227,0.746033565,0.608622659
1782430337.878608942,-0.349583955,0.793966645,0.640072797
1782430337.880256414,-0.358447258,0.843642509,0.676741700
1782430337.881994486,-0.358769062,0.877979491,0.702713520
1782430337.889208317,-0.365818356,0.920834920,0.746047522
1782430337.890318394,-0.367460376,1.112383334,0.891744020
1782430337.891864061,-0.356733359,1.162739701,0.948698228
1782430337.894066572,-0.364593644,1.222540592,0.994859421
1782430337.895354509,-0.406411229,1.267940072,1.015440314
1782430337.898631811,-0.430517866,1.301568196,1.034339848
1782430337.901443720,-0.415070274,1.355998159,1.056518027
1782430337.902286291,-0.459291136,1.447217244,1.153344726
1782430337.903597116,-0.464793491,1.506328824,1.194263143
1782430337.905234814,-0.457210805,1.557429543,1.236097756
1782430337.906989574,-0.461625043,1.593128517,1.274257981
1782430337.914185524,-0.482957764,1.640753919,1.313865565
1782430337.915323019,-0.572312736,1.870357626,1.453119824
1782430337.916890383,-0.552634331,1.876906823,1.512904527
1782430337.919031382,-0.463509379,1.935318022,1.503236817
1782430337.920349836,-0.514982454,1.992550999,1.554700875
1782430337.926444292,-0.563040109,2.056437157,1.599378301
1782430337.927299500,-0.583252338,2.211514638,1.751174242
1782430337.928618193,-0.580381287,2.245803064,1.778436742
1782430337.930275202,-0.551671439,2.262312667,1.812400211
1782430337.932051659,-0.573767569,2.308352797,1.826681378
1782430337.939196110,-0.522912675,2.341252184,1.856747350
1782430337.940293550,-0.432372022,2.508996503,1.958301856
1782430337.941932201,-0.359233994,2.521635641,1.972345012
1782430337.944019794,-0.324444162,2.601036169,2.022821695
1782430337.945327520,-0.248917546,2.620855161,2.012925580
1782430337.951481104,-0.219347022,2.696007365,2.036501675
1782430337.952382326,0.030786641,2.862614209,2.084049844
1782430337.953762054,0.055352326,2.923142094,2.126489401
1782430337.955402613,0.131979135,2.957985864,2.154404190
1782430337.957032204,0.179985815,3.025907380,2.185548368
1782430337.961335421,0.175949432,3.079330036,2.243702732
1782430337.962097645,0.274550758,3.178098985,2.281650711
1782430337.964213133,0.303223962,3.220921591,2.300458539
1782430337.965331793,0.316700007,3.251843088,2.342386886
1782430337.966881752,0.322057982,3.278359750,2.348248384
1782430337.969026804,0.191947158,3.245087026,2.397624180
1782430337.970324516,0.334956587,3.298095609,2.444960788
1782430337.976335049,0.475010269,3.364985106,2.489473148
1782430337.977129698,0.543269008,3.584418771,2.735625085
1782430337.978718519,0.598155758,3.654158885,2.860095760
1782430337.980257750,0.613517015,3.701913182,2.942434692
1782430337.982008696,0.663812955,3.780157018,3.002448601
1782430337.989155054,0.693075712,3.855997243,3.044583980
1782430337.990251303,1.002568984,4.251042497,3.179260352
1782430337.991918087,0.873953184,4.302187228,3.291246468
1782430337.994033575,1.028313486,4.361748925,3.308755339
1782430337.995336294,1.033020110,4.415617473,3.394806243
1782430338.001423120,1.060679145,4.498405596,3.474291812
1782430338.002261400,1.237622038,4.775321526,3.591648858
1782430338.003571987,1.169857184,4.835092621,3.678191580
1782430338.005234003,1.162756350,4.895540071,3.751753735
1782430338.006971836,1.198809860,4.963420654,3.774847783
1782430338.014120340,1.278546881,5.064941528,3.827325378
1782430338.015232801,1.379196359,5.400551513,3.992096101
1782430338.016875029,2.084012389,5.510374424,3.764422889
1782430338.019048691,2.306487193,5.547073256,3.771370215
1782430338.020399332,2.310392115,5.656034985,3.877597177
1782430338.026500702,2.252497644,5.732778542,3.988543185
1782430338.027489662,2.345667765,5.972430743,4.129783385
1782430338.028646469,2.338638435,6.045627507,4.167240804
1782430338.030233145,2.307552170,6.119817383,4.238086928
1782430338.031997919,2.254873346,6.165140443,4.312346242
1782430338.037239790,2.221769117,6.234472795,4.362625516
1782430338.039181471,2.237512266,6.376126488,4.432177095
1782430338.040290594,2.322298570,6.532172372,4.545530781
1782430338.042092323,2.286010697,6.604729380,4.680256328
1782430338.044021606,2.243745945,6.672946390,4.737448898
1782430338.045342445,2.248746001,6.727239989,4.800879369
1782430338.051435232,2.207663580,6.791041637,4.897785441
1782430338.052312851,2.256732538,6.943839956,5.108485103
1782430338.053667307,2.200903634,6.993083541,5.215633132
1782430338.055220842,2.144401317,7.021439005,5.330337004
1782430338.057041407,2.166995195,7.070774877,5.420638834
1782430338.064173937,2.108048344,7.112749120,5.533746415
1782430338.065280914,2.168520624,7.392580391,5.820550700
1782430338.066916227,2.110309836,7.442364929,5.936380271
1782430338.069021940,2.055776557,7.494655508,6.043439304
1782430338.070320368,1.917875954,7.478778824,6.095603437
1782430338.076428175,1.924261174,7.468668596,6.113751364
1782430338.077267885,2.049858347,7.726608202,6.282235915
1782430338.078582764,2.028009485,7.768386259,6.362385515
1782430338.080248833,2.000999993,7.789481805,6.434814815
1782430338.082000256,2.009796790,7.842133735,6.483440562
1782430338.089191198,2.002107418,7.870266443,6.532070934
1782430338.090284824,2.012250593,7.988455294,6.632191333
1782430338.091842175,1.812489212,7.897889166,6.632269975
1782430338.094063520,1.655686856,7.843658691,6.674333636
1782430338.095172882,1.680201380,7.883171520,6.702795640
1782430338.098565578,1.768049046,7.908546809,6.753265544
1782430338.101426840,1.840980874,7.953381154,6.746272034
1782430338.102283239,1.817830204,7.996854644,6.732285888
1782430338.103613615,1.745375650,7.988730228,6.768823863
1782430338.105175495,1.734970319,8.001666251,6.786467184
1782430338.106987715,1.759403760,8.006441470,6.795974610
1782430338.113538980,1.752319948,7.977451440,6.803250022
1782430338.115345001,1.762948788,7.969886636,6.770890954
1782430338.116908312,1.749040844,7.969149632,6.759911111
1782430338.119055986,1.740690078,7.943542917,6.769215380
1782430338.120360374,1.715585186,7.938610822,6.753217172
1782430338.126425505,1.693231822,7.922322913,6.748123518
1782430338.127263069,1.631465525,7.898527539,6.686168014
1782430338.128632069,1.609792891,7.893783174,6.686571208
1782430338.130316257,1.646557216,7.916167934,6.676313636
1782430338.132024527,1.723082775,7.955906805,6.657115356
1782430338.139187813,1.747669112,7.966985257,6.656233323
1782430338.140308142,1.518777316,7.883952164,6.616267631
1782430338.141840696,1.473721391,7.855785701,6.603905472
1782430338.143802404,1.479307577,7.811542327,6.604962389
1782430338.145355701,1.519762171,7.831812760,6.564263579
1782430338.151458502,1.566979124,7.838421856,6.539476529
1782430338.152335882,1.619245978,7.867544021,6.509644682
1782430338.153661013,1.702793428,7.876159086,6.532961886
1782430338.155231953,1.739882415,7.862968176,6.532564630
1782430338.156999588,1.754682510,7.872321082,6.511397019
1782430338.159940004,1.756503610,7.842748778,6.513416738
1782430338.160683393,1.745093409,7.810779511,6.510741850
1782430338.164190531,1.732293269,7.773229796,6.505061016
1782430338.165294647,1.696677582,7.710999460,6.475538941
1782430338.166835308,1.686179393,7.690484381,6.464593511
1782430338.168982744,1.681639061,7.664513618,6.452255421
1782430338.170306683,1.661828276,7.647422866,6.426700106
1782430338.175221682,1.669123897,7.618740908,6.411206740
1782430338.176001310,1.657919192,7.566813096,6.374464806
1782430338.176981211,1.645218060,7.543580218,6.342367589
1782430338.178728104,1.653324436,7.509262143,6.318779123
1782430338.180285931,1.644463291,7.487653854,6.280491093
1782430338.182039261,1.628804724,7.459282919,6.255468636
1782430338.189157724,1.645810346,7.419525926,6.239960029
1782430338.190259457,1.598438027,7.262040383,6.170898752
1782430338.191961527,1.572116457,7.201858053,6.111022102
1782430338.194027424,1.564487949,7.113840174,6.059397271
1782430338.195388556,1.486338464,6.927436230,5.974599643
1782430338.201479912,1.475284412,6.811171281,5.911996144
1782430338.202354431,1.333210193,6.423555123,5.709285967
1782430338.203681946,1.313925276,6.289630418,5.622941465
1782430338.205376863,1.274470556,6.178902723,5.509432193
1782430338.207011461,1.209671657,6.039683231,5.418593015
1782430338.214101791,1.199701889,5.907848859,5.323039729
1782430338.215214014,1.036448181,5.458970639,5.102593242
1782430338.216977835,0.995677473,5.337019827,4.986307247
1782430338.218930006,0.979487791,5.192023611,4.879709398
1782430338.220254660,0.913991114,5.053553689,4.788183206
1782430338.226351500,0.885468985,4.919133432,4.684786990
1782430338.227189302,0.673889010,4.350950682,4.410073563
1782430338.228505850,0.656316263,4.236617716,4.345325277
1782430338.230184078,0.666091840,4.177532459,4.228891014
1782430338.236943007,0.618134074,4.056473138,4.186440108
1782430338.238553047,0.495690916,3.784945155,4.035483299
1782430338.240359306,0.526313803,3.714469674,3.979645295
1782430338.241957664,0.524447452,3.667452157,3.918379078
1782430338.247687101,0.504259294,3.584065246,3.892567241
1782430338.248544216,0.458207748,3.302741198,3.788694240
1782430338.250318289,0.475828543,3.262261082,3.720920140
1782430338.252396584,0.478839786,3.198895694,3.666568965
1782430338.253715992,0.471875922,3.142212834,3.621781329
1782430338.259873390,0.471724717,3.090575725,3.578841308
1782430338.260724545,0.433122878,2.914571976,3.484887128
1782430338.262032986,0.437085192,2.870963160,3.455275287
1782430338.263575792,0.452624065,2.850015052,3.428353351
1782430338.265291214,0.430140941,2.828821209,3.394088775
1782430338.267759562,0.441449656,2.799527536,3.374763734
1782430338.268603325,0.436655098,2.773185040,3.378284744
1782430338.272449970,0.428761695,2.745136560,3.366995236
1782430338.273534298,0.409387357,2.741281302,3.337852984
1782430338.275202751,0.419458268,2.752298758,3.304685073
1782430338.277393818,0.419322881,2.740586486,3.285313081
1782430338.278701782,0.390366788,2.708585333,3.233200753
1782430338.282817602,0.395429986,2.695429716,3.207289089
1782430338.283416271,0.000000000,0.000000000,0.000000000
1782430338.285363674,0.375162959,2.689607501,3.159173473
1782430338.287073135,0.384077595,2.686556455,3.143485993
1782430338.288690805,0.386871095,2.706095161,3.105711340
1782430338.290305614,0.390246634,2.728525871,3.080821281
1782430338.297424793,0.405588698,2.730319368,3.073903663
1782430338.298536777,0.430175364,2.770450417,3.064339734
1782430338.300318718,0.450194959,2.798208890,3.053905754
1782430338.302397490,0.476189942,2.802654173,3.053112709
1782430338.303697586,0.471999518,2.841909342,3.045315895
1782430338.309843540,0.497489000,2.846802293,3.051297827
1782430338.310683489,0.499498563,2.891572554,3.043657410
1782430338.312009335,0.517688452,2.894314597,3.040322799
1782430338.313544989,0.527902778,2.908308154,3.024279495
1782430338.315292597,0.527613980,2.922508948,3.014140572
1782430338.322414875,0.541426566,2.919016049,3.007663692
1782430338.323504210,0.527581440,2.907201395,2.968370221
1782430338.325375557,0.525736574,2.898652087,2.951491095
1782430338.327389479,0.541379113,2.881498398,2.940989773
1782430338.328702688,0.517106212,2.864380459,2.904163605
1782430338.334745646,0.526580173,2.849934035,2.888168817
1782430338.335609674,0.489966758,2.811376295,2.831100528
1782430338.336938858,0.490732405,2.789716827,2.817450768
1782430338.338584661,0.491912925,2.777896338,2.802843017
1782430338.340286493,0.470702726,2.761283072,2.778855572
1782430338.344671011,0.476152169,2.750540725,2.770332430
1782430338.345412254,0.452316874,2.732338714,2.724570398
1782430338.347406864,0.444241510,2.717257723,2.716204892
1782430338.348723650,0.441553778,2.714872941,2.700644486
1782430338.350342274,0.440984237,2.704245587,2.677362176
1782430338.352389812,0.437332044,2.697028406,2.660451518
1782430338.353713989,0.435236862,2.691395309,2.648752693
1782430338.359879732,0.425829128,2.696371871,2.625561054
1782430338.360743999,0.401215703,2.695591350,2.578757121
1782430338.361834288,0.388044817,2.692504077,2.559174917
1782430338.363601208,0.385815051,2.685242327,2.552575777
1782430338.365285397,0.383899064,2.695049801,2.526493243
1782430338.372466564,0.368057774,2.699497018,2.511839523
1782430338.373550177,0.360775982,2.742410089,2.452994062
1782430338.375434875,0.361285901,2.761857327,2.432053416
1782430338.377378941,0.354070250,2.790794347,2.428796278
1782430338.378666401,0.364741709,2.821976908,2.429029376
1782430338.384686470,0.360750140,2.867536696,2.420438374
1782430338.385641336,0.413083006,2.998664527,2.424012056
1782430338.387012482,0.435282916,3.046231671,2.439866723
1782430338.388588190,0.468159005,3.090200920,2.457039491
1782430338.390239477,0.504403263,3.139015266,2.466913305
1782430338.397516966,0.537170818,3.187660354,2.490003411
1782430338.398738384,0.686444080,3.437519332,2.564471398
1782430338.400307417,0.714706609,3.491418644,2.597955221
1782430338.402389765,0.741843193,3.569029238,2.635688812
1782430338.403696537,0.794203689,3.647555578,2.671713356
1782430338.406907082,0.812739434,3.727466105,2.711959140
1782430338.409892559,0.863857824,3.809492631,2.761180020
1782430338.410801888,0.974933909,3.978250740,2.860884675
1782430338.411897421,1.034430165,4.065134627,2.922985764
1782430338.413707256,1.049439897,4.153429073,2.999572302
1782430338.415261745,1.109994162,4.226404159,3.054891843
1782430338.421931505,1.139153459,4.310340218,3.125805208
1782430338.423602343,1.262515753,4.546356905,3.298565359
1782430338.425323486,1.314228108,4.631649208,3.361869027
1782430338.427390337,1.318145699,4.712820628,3.417836486
1782430338.428503513,1.371290200,4.789039370,3.494770208
1782430338.434715271,1.385003820,4.874757439,3.556164082
1782430338.435576200,1.548918597,5.188231970,3.840164566
1782430338.436893463,1.565556830,5.266714994,3.909730263
1782430338.438552618,1.601969511,5.363809149,3.991005620
1782430338.440263748,1.669609930,5.444113609,4.059657256
1782430338.447488785,1.689628581,5.528005553,4.140997969
1782430338.448590040,1.913874683,5.885699421,4.418688236
1782430338.450244188,1.948282637,5.974045782,4.509385463
1782430338.452432632,1.967594159,6.072547267,4.583204580
1782430338.453556299,2.039789229,6.160953149,4.649008358
1782430338.459919691,2.045308859,6.266862157,4.719042593
1782430338.460840225,2.211654185,6.543350383,4.896020010
1782430338.461971760,2.257000181,6.623040258,4.964382667
1782430338.463527203,2.263973161,6.720920872,5.060435824
1782430338.465266705,2.291034705,6.835015423,5.106990877
1782430338.472379208,2.291882472,6.939463439,5.170888979
1782430338.473516464,2.444711746,7.222174121,5.335347627
1782430338.475309610,2.475798578,7.321301478,5.404272144
1782430338.477368116,2.462108114,7.435341542,5.452824323
1782430338.478693724,2.531468875,7.520004193,5.493779467
1782430338.482132196,2.518757990,7.626213718,5.547349180
1782430338.484925985,2.539907800,7.841483995,5.651750030
1782430338.485790014,2.620414623,7.999392437,5.730571554
1782430338.487005711,2.657648611,8.065389362,5.761340015
1782430338.488558531,2.654008803,8.129333367,5.806215674
1782430338.490293264,2.651655501,8.215729872,5.840219968
1782430338.497215509,2.604655419,8.291468439,5.898339489
1782430338.498549223,2.673349788,8.449455204,6.010389378
1782430338.500350714,2.621227107,8.499346549,6.041613027
1782430338.502385616,2.559805361,8.566429821,6.070418365
1782430338.503720999,2.600316988,8.638451239,6.101114061
1782430338.509689808,2.532397894,8.693221483,6.130241000
1782430338.510529995,2.564985123,8.751331715,6.123619291
1782430338.511865377,2.485082081,8.758423398,6.131398821
1782430338.513509989,2.405628256,8.756815258,6.130906930
1782430338.521411657,2.407603485,8.738809771,6.107665205
1782430338.522265673,2.381328533,8.585342276,6.009140955
1782430338.523573399,2.230045920,8.558401909,6.012359206
1782430338.525242090,2.147159423,8.528479656,6.006787851
1782430338.528243065,2.140613411,8.481897960,5.982396131
1782430338.529062986,2.143334771,8.445938184,5.969759961
1782430338.531071424,2.134548655,8.421876131,5.957620596
1782430338.531943798,2.128160565,8.391579632,5.950860389
1782430338.533558130,2.050542809,8.381212667,5.959819363
1782430338.535799265,1.992896352,8.392500877,5.983046696
1782430338.536900282,1.975428931,8.403222987,5.984747906
1782430338.543215275,1.939129398,8.430092452,6.008923891
1782430338.544108152,1.962297977,8.523592637,6.020715836
1782430338.545203447,1.971670399,8.565440374,6.024464831
1782430338.547040701,1.894951408,8.600214207,6.041779705
1782430338.548629999,1.906450220,8.624124863,6.025802286
1782430338.555845499,1.878137266,8.651241394,6.029527295
1782430338.556968689,1.899930274,8.702809287,6.024324952
1782430338.558648825,1.860369058,8.704041033,6.023170384
1782430338.560767174,1.830998919,8.706477528,6.027408291
1782430338.561841488,1.812287234,8.701437813,6.015382430
1782430338.568124771,1.783505168,8.677241517,6.016293815
1782430338.569051027,1.754366296,8.586072176,5.968101593
1782430338.570199728,1.749782348,8.548589394,5.943108062
1782430338.571971416,1.663991236,8.525200034,5.914540641
1782430338.573604584,1.637033697,8.489264133,5.884129031
1782430338.575380564,1.607982815,8.444579035,5.852817270
1782430338.580851793,1.596393415,8.390389785,5.814700391
1782430338.581957340,1.528264627,8.220620554,5.720681870
1782430338.583507538,1.476006114,8.172094367,5.679302843
1782430338.585755110,1.462168827,8.107433539,5.617793675
1782430338.586852789,1.410185791,8.043439557,5.567980508
1782430338.590914488,1.385369148,7.967233966,5.511044793
1782430338.593089819,1.338230199,7.754417942,5.402583163
1782430338.593989611,1.284379770,7.646482607,5.340206371
1782430338.595344543,1.265166719,7.530378528,5.257509634
1782430338.596901178,1.206902336,7.437912862,5.168191827
1782430338.598648071,1.154047361,7.316945822,5.100968547
1782430338.605719805,1.145217680,7.180088343,5.014049370
1782430338.606918097,0.993320947,6.714093398,4.778046934
1782430338.608548403,0.951348797,6.567097856,4.666307194
1782430338.610761881,0.927368403,6.401643947,4.561399081
1782430338.611857653,0.833099421,6.047736267,4.390691842
1782430338.618065119,0.807455498,5.867264258,4.289355790
1782430338.618899345,0.663626113,5.332868774,4.075099027
1782430338.620231152,0.656030031,5.158985996,3.994358953
1782430338.621901274,0.624957802,5.011402222,3.905481742
1782430338.623630047,0.566251134,4.849753019,3.829503929
1782430338.630843878,0.559768769,4.692525797,3.758378600
1782430338.631915808,0.460644174,4.240378901,3.593041640
1782430338.633553982,0.448669132,4.126497883,3.531684903
1782430338.635757923,0.446247065,4.019811378,3.485981252
1782430338.636833429,0.408026647,3.805507917,3.414610939
1782430338.643107414,0.405049613,3.715419571,3.378260137
1782430338.643952131,0.383860910,3.499917366,3.334225629
1782430338.645257235,0.395980124,3.440846921,3.321085886
1782430338.646889210,0.416313719,3.400572292,3.299041284
1782430338.648569584,0.411802680,3.360385739,3.286852334
1782430338.652280092,0.424132740,3.310731946,3.257709042
1782430338.655843496,0.424961103,3.255619655,3.254327470
1782430338.656921387,0.420465448,3.182588701,3.221258643
1782430338.658701658,0.437370089,3.152046264,3.201678465
1782430338.660732746,0.453625796,3.121515175,3.191391714
1782430338.662056684,0.446341818,3.056558648,3.178097254
1782430338.667408466,0.454747536,3.035449090,3.167241611
1782430338.668617010,0.455819314,2.987593392,3.159740894
1782430338.670333385,0.469174012,2.972980349,3.158656912
1782430338.671875954,0.480880411,2.971143503,3.141848363
1782430338.673613071,0.496348412,2.964195583,3.147033147
1782430338.680877209,0.509456798,2.966039660,3.155105492
1782430338.681977749,0.518056628,2.961845631,3.167482639
1782430338.683536530,0.523288946,2.962694249,3.157314465
1782430338.685744047,0.529829804,2.959708989,3.149428461
1782430338.686861515,0.529319660,2.951399509,3.128243782
1782430338.693131208,0.540667835,2.940576578,3.118205462
1782430338.694019318,0.554850325,2.901864035,3.063100805
1782430338.695387125,0.551646403,2.897237187,3.034555018
1782430338.696935892,0.551012043,2.890386189,2.998689212
1782430338.698723316,0.556986492,2.879019773,2.978269396
1782430338.700230360,0.556271886,2.870593329,2.951249497
1782430338.705831051,0.559557339,2.851376820,2.929056323
1782430338.706940413,0.546779191,2.810638661,2.869574679
1782430338.708503962,0.553486359,2.788265208,2.849164461
1782430338.710773468,0.559347433,2.787129100,2.829844162
1782430338.711845875,0.552945657,2.776613589,2.804683016
1782430338.713843107,0.554587486,2.752644623,2.787193649
1782430338.718114376,0.554703803,2.736942878,2.775229559
1782430338.718962431,0.546105962,2.705651186,2.724545347
1782430338.720300913,0.554002416,2.690530510,2.708781467
1782430338.721938610,0.554876106,2.694003734,2.687070163
1782430338.723623753,0.550010954,2.696170867,2.673466260
1782430338.728864193,0.553626621,2.682011780,2.680326731
1782430338.730885506,0.560591031,2.690310013,2.701800998
1782430338.731962919,0.569089468,2.700061304,2.706445182
1782430338.733518362,0.569988493,2.712021963,2.687443321
1782430338.735793352,0.578712301,2.714122733,2.686410711
1782430338.736881733,0.576862046,2.724866163,2.664392026
1782430338.743037939,0.587343006,2.723041907,2.654538664
1782430338.743891716,0.593208433,2.718502821,2.616007562
1782430338.745213985,0.600576234,2.718421878,2.623035699
1782430338.746884823,0.595919441,2.718977912,2.600123831
1782430338.748611450,0.579581697,2.721574868,2.579949167
1782430338.755859613,0.580948469,2.710107672,2.575022557
1782430338.756973267,0.551312646,2.664702660,2.520242832
1782430338.758505106,0.533570969,2.657542999,2.499251092
1782430338.760432005,0.519010335,2.642796979,2.484230662
1782430338.761860371,0.511292389,2.642001653,2.479571416
1782430338.768233061,0.498639456,2.638257684,2.464106248
1782430338.769077778,0.482631238,2.648741544,2.437450483
1782430338.770192623,0.476513184,2.660069079,2.431560606
1782430338.771963120,0.478245229,2.668090692,2.440113762
1782430338.773631811,0.472623222,2.681451900,2.440321368
1782430338.776474714,0.464425744,2.705554725,2.442516973
1782430338.777183294,0.464244219,2.724035304,2.446266422
1782430338.780862331,0.457449107,2.753872217,2.443435977
1782430338.781933069,0.465845139,2.806801527,2.443406535
1782430338.783574820,0.478057965,2.831915636,2.462301712
1782430338.785792589,0.479395473,2.878288792,2.469321969
1782430338.786875725,0.492858788,2.915590604,2.494305388
1782430338.791871786,0.504584032,2.963667653,2.517487841
1782430338.793592453,0.538714144,3.080508823,2.581123865
1782430338.795352936,0.555605448,3.143277773,2.615179199
1782430338.796909094,0.574941630,3.209045687,2.648620427
1782430338.798670292,0.602750308,3.266250737,2.692375222
1782430338.805910587,0.623938086,3.337796037,2.715730759
1782430338.807061195,0.778878535,3.708377765,2.865292493
1782430338.808664799,0.819513004,3.772850820,2.917265980
1782430338.810774326,0.844745742,3.858469842,2.946566141
1782430338.811874390,0.887800500,3.927200683,2.985531047
1782430338.818108320,0.904469046,4.012164967,3.024369607
1782430338.818969011,1.048956315,4.257752154,3.131151326
1782430338.820285082,1.091606875,4.335983511,3.164620882
1782430338.821936607,1.137477390,4.413721255,3.206041705
1782430338.823637486,1.212342779,4.472277702,3.246069623
1782430338.830888271,1.260384815,4.544621524,3.278248398
1782430338.832002878,1.504992112,4.822897657,3.431776677
1782430338.833580494,1.531819494,4.887024370,3.477865499
1782430338.835784912,1.547143009,4.967320792,3.522998605
1782430338.836880207,1.599384434,5.037804954,3.570041080
1782430338.838987112,1.604345865,5.118419723,3.618260937
1782430338.843220711,1.638871397,5.188598966,3.671038258
1782430338.844092607,1.734490021,5.355989083,3.773126964
1782430338.845208883,1.796155820,5.442148856,3.817278327
1782430338.846994400,1.785376204,5.564171225,3.888084030
1782430338.848614693,1.861399612,5.674339809,3.957344905
1782430338.853699684,1.888343789,5.800506957,4.027298992
1782430338.855905056,2.015071333,6.034581125,4.131904586
1782430338.856987000,2.139587178,6.251774167,4.230181176
1782430338.858521700,2.166283656,6.357182677,4.286790587
1782430338.860692024,2.181757631,6.476277022,4.332117920
1782430338.861990213,2.150329513,6.577524248,4.406355475
1782430338.868049383,2.178703131,6.678340229,4.439015536
1782430338.868904114,2.268122362,6.904420241,4.631846149
1782430338.870221853,2.255860874,6.991231037,4.668313569
1782430338.871874809,2.248953036,7.092514450,4.734384215
1782430338.873629570,2.297133524,7.175203214,4.794277721
1782430338.880833149,2.272760882,7.275328610,4.854649937
1782430338.881958246,2.379036438,7.567771716,5.023785729
1782430338.883530855,2.386970055,7.681471026,5.089351251
1782430338.885781288,2.381454939,7.811219123,5.123599757
1782430338.886886358,2.497984002,8.013741082,5.227498154
1782430338.893109322,2.498502022,8.137143225,5.276829262
1782430338.893976688,2.602245614,8.446668917,5.421151532
1782430338.895297527,2.592886144,8.561407796,5.476633722
1782430338.896844387,2.587703180,8.680787152,5.510832470
1782430338.898635626,2.631029167,8.775688725,5.554403381
1782430338.905844688,2.634821426,8.881115808,5.598384986
1782430338.906948805,2.728368362,9.128221369,5.720652193
1782430338.908505917,2.697162749,9.212630401,5.760678208
1782430338.910801172,2.656822861,9.289479474,5.778676049
1782430338.911937952,2.678428448,9.371921222,5.832549181
1782430338.915839434,2.596396901,9.425963381,5.835899886
1782430338.918070793,2.600558476,9.444104135,5.845274801
1782430338.918945312,2.585715598,9.457718759,5.853557603
1782430338.920298100,2.503005096,9.462427986,5.840925491
1782430338.921841383,2.415014878,9.469877404,5.833025958
1782430338.923632145,2.399670809,9.434453626,5.826904288
1782430338.930857420,2.308011088,9.422245246,5.797488385
1782430338.931963682,2.248187766,9.228829303,5.713942428
1782430338.933609486,2.148579791,9.193085284,5.701088448
1782430338.935775280,2.065018447,9.150295771,5.674241256
1782430338.936865807,2.045208689,9.087253614,5.675671209
1782430338.943055153,1.960197544,9.033660259,5.645390717
1782430338.943885088,1.941910480,8.822059495,5.617655931
1782430338.945211172,1.877012010,8.771197254,5.595427352
1782430338.946925163,1.800244777,8.709252365,5.593028991
1782430338.948637247,1.783722393,8.632589700,5.580367608
1782430338.955866098,1.726268781,8.572088686,5.553453942
1782430338.956940413,1.685997515,8.368053365,5.527457657
1782430338.958703279,1.631327043,8.357461161,5.523599300
1782430338.960785151,1.604499440,8.354998289,5.515950383
1782430338.961877108,1.607913339,8.351671303,5.529036949
1782430338.968106270,1.579044798,8.358923075,5.522479370
1782430338.968950510,1.609234216,8.313423590,5.543911965
1782430338.970263958,1.588170725,8.313332870,5.530553062
1782430338.971895695,1.543044668,8.304318620,5.514069931
1782430338.973665714,1.540680469,8.278085295,5.513981327
1782430338.976250172,1.519398281,8.260236740,5.496580040
1782430338.977078915,1.523372031,8.224533645,5.490785630
1782430338.980911732,1.539366957,8.183422338,5.491877952
1782430338.982038021,1.532664785,8.095357220,5.476118021
1782430338.983607292,1.496781190,8.060440393,5.435954978
1782430338.985765696,1.470564659,8.017926502,5.407355798
1782430338.986860991,1.443762696,7.962112804,5.377765466
1782430338.991859436,1.423407502,7.888735516,5.329388096
1782430338.993544817,1.398241737,7.724357951,5.276698812
1782430338.995331287,1.372006212,7.643852684,5.225074092
1782430338.996891022,1.337284591,7.579915657,5.151046392
1782430338.998693466,1.301725946,7.493160101,5.094784076
1782430339.005844116,1.272844346,7.389090978,5.028636306
1782430339.006935358,1.161378246,6.731992176,4.799847136
1782430339.008696795,1.111043983,6.625907447,4.697331212
1782430339.010765553,1.089501506,6.492515767,4.616227795
1782430339.011838913,1.045067497,6.363122650,4.538755295
1782430339.018047333,1.015748511,6.219600788,4.452718382
1782430339.018879414,0.915205667,5.745061247,4.255624135
1782430339.020184755,0.894508007,5.609909212,4.172967578
1782430339.021867514,0.852794998,5.487759881,4.063484570
1782430339.023639441,0.813681702,5.346966818,3.985530591
1782430339.030895948,0.807660911,5.228792221,3.923965529
1782430339.032013416,0.694096281,4.733502124,3.716311304
1782430339.033574820,0.668895054,4.638790895,3.635600754
1782430339.035791397,0.654947830,4.540730449,3.586060428
1782430339.036868811,0.612993345,4.455667959,3.528269021
1782430339.038894653,0.596791801,4.353053570,3.483088330
1782430339.043150425,0.572651612,4.250922604,3.444802751
1782430339.044003010,0.511879227,4.061699793,3.363409391
1782430339.045309305,0.505029581,3.983248705,3.316376435
1782430339.046955109,0.484890281,3.917729532,3.251025062
1782430339.048655987,0.476470926,3.842296419,3.204928825
1782430339.054677010,0.466540250,3.774122011,3.167451294
1782430339.055405140,0.450355263,3.542858735,3.100989338
1782430339.056856394,0.443100854,3.498585172,3.059611211
1782430339.058619976,0.448707019,3.441726213,3.022291876
1782430339.060735464,0.452690871,3.399598498,3.010763058
1782430339.062041283,0.451051228,3.368196446,2.978594198
1782430339.068205595,0.450680558,3.312443184,2.967427039
1782430339.069035769,0.453488751,3.211763817,2.958380663
1782430339.070387363,0.459207292,3.190139118,2.964641366
1782430339.072029829,0.453907173,3.182199289,2.951518791
1782430339.073609352,0.455809086,3.173466454,2.949227399
1782430339.080827236,0.459673764,3.163452915,2.943244160
1782430339.081905127,0.439765853,3.118632001,2.909086186
1782430339.083567381,0.435269817,3.110568579,2.882060174
1782430339.085751772,0.438659861,3.105268654,2.867992941
1782430339.086855650,0.415357974,3.097162263,2.844630737
1782430339.093036652,0.414764838,3.084401414,2.828959632
1782430339.093876839,0.388810279,3.063666476,2.776834293
1782430339.095209360,0.391988966,3.061538591,2.765308887
1782430339.096850395,0.377045783,3.059243053,2.729276881
1782430339.098615885,0.360527225,3.049387357,2.704410706
1782430339.101818323,0.361527928,3.038626992,2.695240580
1782430339.105897903,0.351428445,3.024233978,2.664638516
1782430339.106989384,0.321478859,2.980474683,2.608469688
1782430339.108530521,0.310421117,2.973613504,2.572779992
1782430339.110765934,0.306296004,2.952722921,2.553587164
1782430339.111835241,0.296236194,2.944134190,2.525501801
1782430339.116937160,0.287634421,2.921691685,2.494928535
1782430339.118626595,0.267914281,2.897141520,2.459058998
1782430339.120266438,0.256389165,2.888521163,2.436624012
1782430339.121941090,0.254989041,2.871941633,2.409937263
1782430339.123593807,0.254215451,2.870572185,2.394329396
1782430339.130854130,0.258656944,2.872168900,2.383959842
1782430339.131981611,0.255537245,2.851244969,2.326439155
1782430339.133583784,0.259093667,2.857410463,2.308420113
1782430339.135777235,0.264079776,2.857845614,2.304995577
1782430339.136874437,0.274143727,2.865475410,2.307733627
1782430339.143106461,0.287656157,2.869545649,2.305525788
1782430339.143968344,0.283436824,2.897268256,2.325858488
1782430339.145328999,0.278303246,2.913050529,2.339369879
1782430339.146889210,0.278127164,2.920505535,2.360431528
1782430339.148641109,0.271306476,2.943322415,2.377606516
1782430339.155799150,0.283499950,2.956966054,2.395040412
1782430339.156887293,0.311125030,3.041598585,2.430643361
1782430339.158525944,0.325391607,3.074659713,2.447683880
1782430339.160758257,0.355679659,3.100599222,2.470232606
1782430339.161937475,0.350521967,3.155420728,2.496216017
1782430339.168074846,0.372336074,3.183382046,2.530038806
1782430339.168949366,0.362865087,3.243888093,2.569034124
1782430339.170276403,0.373340007,3.262806041,2.590081212
1782430339.171934843,0.373798461,3.281343506,2.593736549
1782430339.173622370,0.365167588,3.296861873,2.608145110
1782430339.178943396,0.384375138,3.318609755,2.630533168
1782430339.180894375,0.392836908,3.368639327,2.660838010
1782430339.181978941,0.398689189,3.388486432,2.681697059
1782430339.183530807,0.401434763,3.410292347,2.697946485
1782430339.185810804,0.414406044,3.422073987,2.713555408
1782430339.186883688,0.412511598,3.472205295,2.746941079
1782430339.193115950,0.423844081,3.485803101,2.771533477
1782430339.193951130,0.418578385,3.565303689,2.815555824
1782430339.195369005,0.435823870,3.589304257,2.831155961
1782430339.197010517,0.442607134,3.613219562,2.849367108
1782430339.198701859,0.442892234,3.639332571,2.867837797
1782430339.205873251,0.459804862,3.665605133,2.882770262
1782430339.206960201,0.477757927,3.769531904,2.913923709
1782430339.208593845,0.488731334,3.798554096,2.923584962
1782430339.210799694,0.508042432,3.841526379,2.949068323
1782430339.211897373,0.530475132,3.938722024,2.977471385
1782430339.218221188,0.555584718,3.986865381,3.002697371
1782430339.219069958,0.592793715,4.182273780,3.051044140
1782430339.220164776,0.614898603,4.250986073,3.070222880
1782430339.221953392,0.635504342,4.317312983,3.093157306
1782430339.223730087,0.650693067,4.382609695,3.122056211
1782430339.230974913,0.686695536,4.464712655,3.129100050
1782430339.231943369,0.792423094,4.809155137,3.170340690
1782430339.233591795,0.828287041,4.887404471,3.192961208
1782430339.235781193,0.862882115,4.972870693,3.191669315
1782430339.236879826,0.902248147,5.065825426,3.212204896
1782430339.241219282,0.927606006,5.167921337,3.211286001
1782430339.242848873,0.974214697,5.262842720,3.230352543
1782430339.243648767,1.086511503,5.466500650,3.277649482
1782430339.245331049,1.133060685,5.547919904,3.311627869
1782430339.246915817,1.170952481,5.630845684,3.341251991
1782430339.248655081,1.238771696,5.697083338,3.376117072
1782430339.255854130,1.275673912,5.770998489,3.393220496
1782430339.257003307,1.464828190,6.023939856,3.491932286
1782430339.258607149,1.475491357,6.087626588,3.520611055
1782430339.260779858,1.480768007,6.164326390,3.545496612
1782430339.261884689,1.538038000,6.227860719,3.586776825
1782430339.268086195,1.553910903,6.285934987,3.625138664
1782430339.268947363,1.682488208,6.492642430,3.819356079
1782430339.270262718,1.693923945,6.570006911,3.855749470
1782430339.271939278,1.726198419,6.661337637,3.910332356
1782430339.273648262,1.796633487,6.738031738,3.953822601
1782430339.280852795,1.830936454,6.841416004,3.993450317
1782430339.281943798,2.149915651,7.241302464,4.165313786
1782430339.283580303,2.179829109,7.344278005,4.194250612
1782430339.285791397,2.193888728,7.434099573,4.244661582
1782430339.286874056,2.243466928,7.517773179,4.296344209
1782430339.293112993,2.231545083,7.609148437,4.351758051
1782430339.293955088,2.332449239,7.804658868,4.472154886
1782430339.295281172,2.257097717,7.883388806,4.524042813
1782430339.296929359,2.216175967,7.989093632,4.588360711
1782430339.298650742,2.267667344,8.072115547,4.632053606
1782430339.304017544,2.250843939,8.140257616,4.659203685
1782430339.305902958,2.330161377,8.289199277,4.719396323
1782430339.306988716,2.373635328,8.445250901,4.789262717
1782430339.308530092,2.359374924,8.522205404,4.824580255
1782430339.310795069,2.341461297,8.590428967,4.846082139
1782430339.311862707,2.382586796,8.653383122,4.874670037
1782430339.318209887,2.346453335,8.709251420,4.888184212
1782430339.319044352,2.401499699,8.865453485,4.942458790
1782430339.320372105,2.373757458,8.922783825,4.955865223
1782430339.322036266,2.362109441,8.983772902,4.977721127
1782430339.323533535,2.381996208,9.031866912,4.980720880
1782430339.325218201,2.372077200,9.076744952,4.989606238
1782430339.330968857,2.400853101,9.106211009,4.986190432
1782430339.332057953,2.491648752,9.137624012,4.966852126
1782430339.333588600,2.468440812,9.145268860,4.959061252
1782430339.335839510,2.451856723,9.148340544,4.947486036
1782430339.336944103,2.468233684,9.117894944,4.938431703
1782430339.343054056,2.424415660,9.113905684,4.917726337
1782430339.343902111,2.440377544,9.018727636,4.878368562
1782430339.345204592,2.388670247,8.993849831,4.867069637
1782430339.346868753,2.326323868,8.984998475,4.864143519
1782430339.348621368,2.327785339,8.936856947,4.857962604
1782430339.355913639,2.253083161,8.912474382,4.843741618
1782430339.357044697,2.246800889,8.726314357,4.793883994
1782430339.358592272,2.149181423,8.681888841,4.792738834
1782430339.360836983,2.066216097,8.644404944,4.779284480
1782430339.362025261,2.066329279,8.586483144,4.773662947
1782430339.365909576,1.975407126,8.545626024,4.752447661
1782430339.368163347,1.974086080,8.427128989,4.713301429
1782430339.369042873,1.963418210,8.361475390,4.697143169
1782430339.370386839,1.879302760,8.326481768,4.681922470
1782430339.372037888,1.798605634,8.284232250,4.694059141
1782430339.373692513,1.788575450,8.236256652,4.694985932
1782430339.380864620,1.708229969,8.212886138,4.687448321
1782430339.382102251,1.707645612,8.067671949,4.660957168
1782430339.383544922,1.635968449,8.050489172,4.657767706
1782430339.385274887,1.564262455,8.022441996,4.665665074
1782430339.387016296,1.506140498,7.988142631,4.682012657
1782430339.393132448,1.515230211,7.965966454,4.669399310
1782430339.393981457,1.515059956,7.878320888,4.655351524
1782430339.395305157,1.453638634,7.854083282,4.656582820
1782430339.396875620,1.393170717,7.812187932,4.665871762
1782430339.398723364,1.393481097,7.767634008,4.677412687
1782430339.400239944,1.343532929,7.728614987,4.668828154
1782430339.405910492,1.333959357,7.667971214,4.660169375
1782430339.407023191,1.302790670,7.454480085,4.616571880
1782430339.408567667,1.256572782,7.366387233,4.606423569
1782430339.410769224,1.212871478,7.277894398,4.585772078
1782430339.411860466,1.186706709,7.172159904,4.567581699
1782430339.418154001,1.150191294,7.068511481,4.542219676
1782430339.419102430,1.119438841,6.727144230,4.455806181
1782430339.420228004,1.110308895,6.602940688,4.421618998
1782430339.422023535,1.053547093,6.474209038,4.379032020
1782430339.423626423,1.039506804,6.335575651,4.334555721
1782430339.429161787,1.024626151,6.191692075,4.290671774
1782430339.430905342,0.991760314,5.887872593,4.203054667
1782430339.431982994,0.986256070,5.740533931,4.150641872
1782430339.433511496,0.956249051,5.594792022,4.100022965
1782430339.435811043,0.949933556,5.449018519,4.045449820
1782430339.436902285,0.926055051,5.161066977,3.949528169
1782430339.443090677,0.923411634,5.023455112,3.900668020
1782430339.443943739,0.884338439,4.602356513,3.758007858
1782430339.445265532,0.863817104,4.477530640,3.702465440
1782430339.446918726,0.867338338,4.350577745,3.657526842
1782430339.448628187,0.864464566,4.231796971,3.619293167
1782430339.455864191,0.854509747,4.122070521,3.581281180
1782430339.456961393,0.816968823,3.801265343,3.471011203
1782430339.458716393,0.802130823,3.712445224,3.437707315
1782430339.460761309,0.792615298,3.625093514,3.415323238
1782430339.461898088,0.766442911,3.483369816,3.394517307
1782430339.468188286,0.756488817,3.417737269,3.384415011
1782430339.469040632,0.709616635,3.266429199,3.338118946
1782430339.470346212,0.700057916,3.228542729,3.328471592
1782430339.471988678,0.697203759,3.190213287,3.308372316
1782430339.473602295,0.694039708,3.157451859,3.291453795
1782430339.480912685,0.687112848,3.135257839,3.270863804
1782430339.482028484,0.615368064,3.051589472,3.224184014
1782430339.483566523,0.612106036,3.029595532,3.193877239
1782430339.485764980,0.607677431,3.015812198,3.186497088
1782430339.486872196,0.594211856,3.017519280,3.167572159
1782430339.490253210,0.587014760,3.000245496,3.158485852
1782430339.493088484,0.579506024,2.987391754,3.162276401
1782430339.493948936,0.539437649,2.973082497,3.156833331
1782430339.495289326,0.543805336,2.969113463,3.154793639
1782430339.496929646,0.535709106,2.973506430,3.150376001
1782430339.498596907,0.528053273,2.961272583,3.159030079
1782430339.505452871,0.526753539,2.969179906,3.168106231
1782430339.507016420,0.498331783,2.952586227,3.183484402
1782430339.508576155,0.486450936,2.959344799,3.169881721
1782430339.510743380,0.479421016,2.949230356,3.164984209
1782430339.511841059,0.477325096,2.942774835,3.162951344
1782430339.518110752,0.470399160,2.942926369,3.148828528
1782430339.518950224,0.449946362,2.910880691,3.107727623
1782430339.520284414,0.454933219,2.899125916,3.098671670
1782430339.521934986,0.453277945,2.901644864,3.081615700
1782430339.523630142,0.452197831,2.906132328,3.075066898
1782430339.530909777,0.458555436,2.910666099,3.076001179
1782430339.532011271,0.432022404,2.913628790,3.060343473
1782430339.533572197,0.430341533,2.920338514,3.050260952
1782430339.535788536,0.442629201,2.919439146,3.049762166
1782430339.536878586,0.432947716,2.928364632,3.041941938
1782430339.543078423,0.434477648,2.922746151,3.033529173
1782430339.543933868,0.421260829,2.930136128,3.009438956
1782430339.545238733,0.432361000,2.923586794,2.998864669
1782430339.546891451,0.435981142,2.925409307,2.989729757
1782430339.548639059,0.429613706,2.919194183,2.975730236
1782430339.555887461,0.436716431,2.911147253,2.976195702
1782430339.557001829,0.432099481,2.877066227,2.939159707
1782430339.558548212,0.433345607,2.863953791,2.923105499
1782430339.560777187,0.442275582,2.844483479,2.914430664
1782430339.561870813,0.440168228,2.836466803,2.905877754
1782430339.565965891,0.442274635,2.820935342,2.894122347
1782430339.568042040,0.443421904,2.783893750,2.877069431
1782430339.568885803,0.439465886,2.766404355,2.868155566
1782430339.570227861,0.455767437,2.743625611,2.867100443
1782430339.571866751,0.461182247,2.734832766,2.848793433
1782430339.573636770,0.457655879,2.725884813,2.839195518
1782430339.580861092,0.469338836,2.701668063,2.835211629
1782430339.581943989,0.473356618,2.664796124,2.811547945
1782430339.583714008,0.471228741,2.663818467,2.808908634
1782430339.585819244,0.482544720,2.657137471,2.808779653
1782430339.586887121,0.477021759,2.668170701,2.819266306
1782430339.593104601,0.477752165,2.679180534,2.818283570
1782430339.593962908,0.480908654,2.718952003,2.845346545
1782430339.595324516,0.486299118,2.733364399,2.855660294
1782430339.596865892,0.501796943,2.756944455,2.867824446
1782430339.598684788,0.498563815,2.790290136,2.868340537
1782430339.605905056,0.508098597,2.805873846,2.874945184
1782430339.607010603,0.518919963,2.922775240,2.901632368
1782430339.608542442,0.527524259,2.959041810,2.909570375
1782430339.610783815,0.536616013,2.986186467,2.918182995
1782430339.611860275,0.540752583,3.018413298,2.931615875
1782430339.618099451,0.556197601,3.057401426,2.942831690
1782430339.618963718,0.581887147,3.195163846,2.990917142
1782430339.620286226,0.598856342,3.244115961,3.007552184
1782430339.621925354,0.623902505,3.286914753,3.039876314
1782430339.623687267,0.634304878,3.339229259,3.063983373
1782430339.628994703,0.662561892,3.402378723,3.091391454
1782430339.630920887,0.694915352,3.532475452,3.143314079
1782430339.632009506,0.727559434,3.676688108,3.190574139
1782430339.633537054,0.769675965,3.730259250,3.220028157
1782430339.635778189,0.811389639,3.801269092,3.246448180
1782430339.636842489,0.829787034,3.868342455,3.280751010
1782430339.643040419,0.884033968,3.938645386,3.322048945
1782430339.643899441,0.970800484,4.180291546,3.414817174
1782430339.645238638,1.018596695,4.259748798,3.453282944
1782430339.646900654,1.053202271,4.336598697,3.507646312
1782430339.648661375,1.087540436,4.423663272,3.564659639
1782430339.655856848,1.132565764,4.514416374,3.611769148
1782430339.656927347,1.315561766,4.901577100,3.816470018
1782430339.658581495,1.380748771,4.980799242,3.888519493
1782430339.660788536,1.455478058,5.070887398,3.948563482
1782430339.661868572,1.517324965,5.154063870,4.008810914
1782430339.668154716,1.603802058,5.213265158,4.084103076
1782430339.669054508,1.767174093,5.387804838,4.191108390
1782430339.670211554,1.812241560,5.458223023,4.212264554
1782430339.672006607,1.845145247,5.500185445,4.275289519
1782430339.673629284,1.890978540,5.579099484,4.330691162
1782430339.680915594,1.925944109,5.653562890,4.382349827
1782430339.682046890,2.172617722,6.049585368,4.550010552
1782430339.683609724,2.248757201,6.136699735,4.620241893
1782430339.685779095,2.312135407,6.245050980,4.679869757
1782430339.686883688,2.386885961,6.343549377,4.722808065
1782430339.689835310,2.450929932,6.434153183,4.772255569
1782430339.690573215,2.528071824,6.543022246,4.822825426
1782430339.693040609,2.599599432,6.646193468,4.865512930
1782430339.693884611,2.670587041,6.731829235,4.916111864
1782430339.695216894,2.722880706,6.838195346,4.991291032
1782430339.696925163,2.774399030,6.937940930,5.063182188
1782430339.698624372,2.847332864,7.048872991,5.131983205
1782430339.704886198,2.901030288,7.176165407,5.214166886
1782430339.705671310,3.037164248,7.599075432,5.413725420
1782430339.706816435,0.000000000,0.000000000,0.000000000
1782430339.708647251,3.115943449,7.719383221,5.485319759
1782430339.710765839,3.096874843,7.846566831,5.564393521
1782430339.711901188,3.196177021,8.018255655,5.673274014
1782430339.718132257,3.204312245,8.118740691,5.722931088
1782430339.718993664,3.330251777,8.330007806,5.842267128
1782430339.720335722,3.342954519,8.392203783,5.883249367
1782430339.721883059,3.363949733,8.447904171,5.925171134
1782430339.723604441,3.391150572,8.498184248,5.938330684
1782430339.730895042,3.399860449,8.554811238,5.966755393
1782430339.731976032,3.492190627,8.676844493,5.988690890
1782430339.733518124,3.503041122,8.712948309,6.004269719
1782430339.735826492,3.503846783,8.749892311,6.018629046
1782430339.736904621,3.533705191,8.801755376,6.004978004
1782430339.743266821,3.529413483,8.817782984,6.007883322
1782430339.744103909,3.553579378,8.855829772,5.987308730
1782430339.745217085,3.550589979,8.860332658,5.971230474
1782430339.746983051,3.516536982,8.862921223,5.988471999
1782430339.748665094,3.525531101,8.857408825,5.986772372
1782430339.750683069,3.508826518,8.855560560,5.988467562
1782430339.755851269,3.512856173,8.838380294,5.977940752
1782430339.756965399,3.511083727,8.785062664,5.954742430
1782430339.758512735,3.485300304,8.752772808,5.959491655
1782430339.760780096,3.454037223,8.719847366,5.952437557
1782430339.761847734,3.427487648,8.671744735,5.945067284
1782430339.765487909,3.396462116,8.614852181,5.945009461
1782430339.768123388,3.372333138,8.565850083,5.926373052
1782430339.769012690,3.322749351,8.435268189,5.880636151
1782430339.770342588,3.282891352,8.378426409,5.864589085
1782430339.771891832,3.232696800,8.317719984,5.850298155
1782430339.773642540,3.211121999,8.256577226,5.828106608
1782430339.780883312,3.166241536,8.200133574,5.809624658
1782430339.782041788,3.059112281,7.967071322,5.676728844
1782430339.783591270,3.019373881,7.911353770,5.667716625
1782430339.785811186,2.974020925,7.858378500,5.649580704
1782430339.786884546,2.945750802,7.810543594,5.619764529
1782430339.793216228,2.906646042,7.755923402,5.613663579
1782430339.794077158,2.836728862,7.611123064,5.537889744
1782430339.795167685,2.817034788,7.564375681,5.517885471
1782430339.796980143,2.747631914,7.492705480,5.519374973
1782430339.798736095,2.724694879,7.428848777,5.498955018
1782430339.800213099,2.678735465,7.360472104,5.488944559
1782430339.805859089,2.647539723,7.299480322,5.461315543
1782430339.806972742,2.538668791,7.073915308,5.373962610
1782430339.808516264,2.473811339,6.967067945,5.355400800
1782430339.810799599,2.414956628,6.853417556,5.337105815
1782430339.811897755,2.367772567,6.749944728,5.300958833
1782430339.818070412,2.298295050,6.628380012,5.269814068
1782430339.818925619,2.143310755,6.256180091,5.132888462
1782430339.820260286,2.089246574,6.106908378,5.101102112
1782430339.821904659,2.027582885,5.966751704,5.063396115
1782430339.823640347,1.966770942,5.825702660,5.004027779
1782430339.827010155,1.917341239,5.664668765,4.962188637
1782430339.830920696,1.861380776,5.522397449,4.907383267
1782430339.832068682,1.689517111,5.062164491,4.726520769
1782430339.833624601,1.629661838,4.889228216,4.667250927
1782430339.835791826,1.584363896,4.718134926,4.608943199
1782430339.836889505,1.523672893,4.562787659,4.553325212
1782430339.842868567,1.477689237,4.400551631,4.486308878
1782430339.843651533,1.321881687,3.977865084,4.310885727
1782430339.845234632,1.283127102,3.829811336,4.260520494
1782430339.846898556,1.251425570,3.701250559,4.207605887
1782430339.848683357,1.196660906,3.593820987,4.160335647
1782430339.855867147,1.170236830,3.468943047,4.116592278
1782430339.856952667,1.032657250,3.113057561,3.969772670
1782430339.858677626,1.016716488,3.033407661,3.949943689
1782430339.860858679,1.013194891,2.960896638,3.925358194
1782430339.861935854,0.984291089,2.900398535,3.906242946
1782430339.868127346,0.970623529,2.833160292,3.878423554
1782430339.868968248,0.916350808,2.657386187,3.812522298
1782430339.870298624,0.915026538,2.599205134,3.794187670
1782430339.871968031,0.914018624,2.554292354,3.770954120
1782430339.873713017,0.890999847,2.521281002,3.754982366
1782430339.880879402,0.891528042,2.480648428,3.746486631
1782430339.881982803,0.860101006,2.386617079,3.711355007
1782430339.883519173,0.851894724,2.373547344,3.691870439
1782430339.885782480,0.863595132,2.351179162,3.681537581
1782430339.886862278,0.847823942,2.343740322,3.669206629
1782430339.889008760,0.846313097,2.332203330,3.648897159
1782430339.893078089,0.845555111,2.319711388,3.633892510
1782430339.893947363,0.823675404,2.298994557,3.596988065
1782430339.895355940,0.825901974,2.282747493,3.574832130
1782430339.897006512,0.821980491,2.269301533,3.557652546
1782430339.898664474,0.808985667,2.260152335,3.536974942
1782430339.904113531,0.800124112,2.235135401,3.507942848
1782430339.905883789,0.773082407,2.206383020,3.461748626
1782430339.907004356,0.748784796,2.173981750,3.417716304
1782430339.908591509,0.735607747,2.158835200,3.394356034
1782430339.910816193,0.733267321,2.139542824,3.374514857
1782430339.911916018,0.712599599,2.132473900,3.358153945
1782430339.918220282,0.700704987,2.119392709,3.341594580
1782430339.919078350,0.663885239,2.110457439,3.314114367
1782430339.920164347,0.658728007,2.106083642,3.304829623
1782430339.921934605,0.655032359,2.120315469,3.293764773
1782430339.923745632,0.636538088,2.109409347,3.270797910
1782430339.930928946,0.637393516,2.103828348,3.258076541
1782430339.932033777,0.597353695,2.095080308,3.183170449
1782430339.933648586,0.584834122,2.102067992,3.160923901
1782430339.935740948,0.585760274,2.093353744,3.148147450
1782430339.936854601,0.579395602,2.094856001,3.137606306
1782430339.943105221,0.576356463,2.095704775,3.117787458
1782430339.943963051,0.555111965,2.106657949,3.101789256
1782430339.945306540,0.557947005,2.101540874,3.095456741
1782430339.946871519,0.557049909,2.112127007,3.102891775
1782430339.948631763,0.544977348,2.130678109,3.104603658
1782430339.955940485,0.549160047,2.139432833,3.109979879
1782430339.957042217,0.553269202,2.191401901,3.171055989
1782430339.958578825,0.558644093,2.213307228,3.182235563
1782430339.960787058,0.567155341,2.224898468,3.191312565
1782430339.961852074,0.571337784,2.234926008,3.201574702
1782430339.965343237,0.589935579,2.256468472,3.214781663
1782430339.968118191,0.595133764,2.271826122,3.221061883
1782430339.968965292,0.612431251,2.293314188,3.246495631
1782430339.970329046,0.619814868,2.307077048,3.247166662
1782430339.971875429,0.624516235,2.306251684,3.258134116
1782430339.973617315,0.628012989,2.311814459,3.267686431
1782430339.980365992,0.636759851,2.315058159,3.267528431
1782430339.981855869,0.645649343,2.314513967,3.283330910
1782430339.983628750,0.653342496,2.307362440,3.290567826
1782430339.985800982,0.670469628,2.308909997,3.303927110
1782430339.986882687,0.674209566,2.307998711,3.322290775
1782430339.993218184,0.688501422,2.308974423,3.326178581
1782430339.994057178,0.705761509,2.323396534,3.357053056
1782430339.995210648,0.698679186,2.326652010,3.362738286
1782430339.997026205,0.721257984,2.323460036,3.382775616
1782430339.998545885,0.719970644,2.333674817,3.390217152
1782430340.000217199,0.729635770,2.334925683,3.402575526
1782430340.005871296,0.739589485,2.348655951,3.422477424
1782430340.006968975,0.739565590,2.378126122,3.450036854
1782430340.008614302,0.746439403,2.392022951,3.462643632
1782430340.010816574,0.756011954,2.414616847,3.470474829
1782430340.011912107,0.766710452,2.451136870,3.497852468
1782430340.018216133,0.773719673,2.480305140,3.516083385
1782430340.019073486,0.794929103,2.595864189,3.583820273
1782430340.020420551,0.821106644,2.648124709,3.616474385
1782430340.021986723,0.844717104,2.710450189,3.643548878
1782430340.023668051,0.854557084,2.770125360,3.671144279
1782430340.026177168,0.887361523,2.843223371,3.704835938
1782430340.026927233,0.910136297,2.929309555,3.732141641
1782430340.030953646,0.941952982,3.011793428,3.767554025
1782430340.032063246,1.018475479,3.191198964,3.838798305
1782430340.033611774,1.069870654,3.271169859,3.885811914
1782430340.035787344,1.130619842,3.368986719,3.932128528
1782430340.036886454,1.165514046,3.471760792,3.973254028
1782430340.042207003,1.218776632,3.570583159,4.023997997
1782430340.043501616,1.305155625,3.781871782,4.131383158
1782430340.045298815,1.361705065,3.877194468,4.177938087
1782430340.046938896,1.414286208,3.976782256,4.231262244
1782430340.048691273,1.459678750,4.070190795,4.275216192
1782430340.055873632,1.511042107,4.165855399,4.311671219
1782430340.056967974,1.828776021,4.544073564,4.526760710
1782430340.058504105,1.863144441,4.597636620,4.569460493
1782430340.060788870,1.909612046,4.646666085,4.595675052
1782430340.061865807,1.952896063,4.683301438,4.638497934
1782430340.068149090,1.980423930,4.722949810,4.652439541
1782430340.069001913,2.101696852,4.783389972,4.691052846
1782430340.070330858,2.132141540,4.808487624,4.701394635
1782430340.071883440,2.148896990,4.845636180,4.709994147
1782430340.073673010,2.193203193,4.878127539,4.730872671
1782430340.080876589,2.229113258,4.923498776,4.750650330
1782430340.081942081,2.466297162,5.131245120,4.866189865
1782430340.083503485,2.504768026,5.202265658,4.902951266
1782430340.085797787,2.546729569,5.268069279,4.926564118
1782430340.086871386,2.604557505,5.327313819,4.955239364
1782430340.088896275,2.612846431,5.395433816,4.990882251
1782430340.093094587,2.647545277,5.452023749,5.005332041
1782430340.093926191,2.744339501,5.550863046,5.074754532
1782430340.095252514,2.757692106,5.615616667,5.101098235
1782430340.096899271,2.765549450,5.685257474,5.113461932
1782430340.098690271,2.814058319,5.727964898,5.133073362
1782430340.104695082,2.833252920,5.798270822,5.152379992
1782430340.105507851,2.977032385,5.946168306,5.223252098
1782430340.107090473,3.019754480,6.014222619,5.225557519
1782430340.108657837,3.031033639,6.081233910,5.258322750
1782430340.110795259,3.036980365,6.151022911,5.275013769
1782430340.111909628,3.067161056,6.209968182,5.305392526
1782430340.118055344,3.066499792,6.270105526,5.331110062
1782430340.119021416,3.187610220,6.435978103,5.398835994
1782430340.120254517,3.229261570,6.493836559,5.440693772
1782430340.121977091,3.221281271,6.587236575,5.463358372
1782430340.123613834,3.237551082,6.684846875,5.493567946
1782430340.130879879,3.256444001,6.805577278,5.535946944
1782430340.131957293,3.440017225,7.122646591,5.665811609
1782430340.133716106,3.429460923,7.214011636,5.690813979
1782430340.135828018,3.409534369,7.292263642,5.714902353
1782430340.136897802,3.427416753,7.333069231,5.731209839
1782430340.143160105,3.407846809,7.386978829,5.749627588
1782430340.143993616,3.445642229,7.487957867,5.782791203
1782430340.145306587,3.421877685,7.531107294,5.788250043
1782430340.146938562,3.402605797,7.561250933,5.796173760
1782430340.148653030,3.418384765,7.576481237,5.796784637
1782430340.151973009,3.390386623,7.589522965,5.797384654
1782430340.155897617,3.398482708,7.562108966,5.788325379
1782430340.157012701,3.370107401,7.478296623,5.759515570
1782430340.158563852,3.320127296,7.449957350,5.740597718
1782430340.160800695,3.268018765,7.404085724,5.726902985
1782430340.161877155,3.250875460,7.350413613,5.707612478
1782430340.166625261,3.194430895,7.298488367,5.687883826
1782430340.167413950,3.146035519,7.179643996,5.646916220
1782430340.168534040,3.113300314,7.122463360,5.617462212
1782430340.170486212,3.061211582,7.070909564,5.597315034
1782430340.172037363,3.016888294,7.014092150,5.577498806
1782430340.173504591,2.982636208,6.964108794,5.554611862
1782430340.180921316,2.921532992,6.915060651,5.530038755
1782430340.182014704,2.792280661,6.697734497,5.414844224
1782430340.183561087,2.733299647,6.665732322,5.392498089
1782430340.185793877,2.685394467,6.617843670,5.356395080
1782430340.186889887,2.657535284,6.572470185,5.330747388
1782430340.193050385,2.601033577,6.520100023,5.291107923
1782430340.193908691,2.503440868,6.330109925,5.177909632
1782430340.195247412,2.443765967,6.260405576,5.142234164
1782430340.196914434,2.368694629,6.192533548,5.099348638
1782430340.204969406,2.321313113,6.104088471,5.058324555
1782430340.205851793,2.105130037,5.715751980,4.885817358
1782430340.206964254,2.044036386,5.600459336,4.837630946
1782430340.208517790,1.935146898,5.486210493,4.795605754
1782430340.213022470,1.865697761,5.368376528,4.757811125
1782430340.213802099,1.747904848,5.116906759,4.665609138
1782430340.215305805,1.683099789,4.987493204,4.615627943
1782430340.217032194,1.602363879,4.853320925,4.558933396
1782430340.218957901,1.542114099,4.720220296,4.508128496
1782430340.220263481,1.477341467,4.587729595,4.447022548
1782430340.226485252,1.415003101,4.442093599,4.383398286
1782430340.227315187,1.261337982,4.055962350,4.220564836
1782430340.228653908,1.219772791,3.930486537,4.173757403
1782430340.230175734,1.167714906,3.817450947,4.125633915
1782430340.238192558,1.125393893,3.696002706,4.074769801
1782430340.239030361,0.937067969,3.280018752,3.913802337
1782430340.240386963,0.901274498,3.202983936,3.871827435
1782430340.242063284,0.862478994,3.120379750,3.846548522
1782430340.244131327,0.828035355,3.058544580,3.811438481
1782430340.247921705,0.787466356,3.004427897,3.785583913
1782430340.248882532,0.751469389,2.884833262,3.739657397
1782430340.250300407,0.712925572,2.837855085,3.709792467
1782430340.251834631,0.705873900,2.786334007,3.680714554
1782430340.253573179,0.691807246,2.753173130,3.647423180
1782430340.259915113,0.669544041,2.702108571,3.613936216
1782430340.260758638,0.601926974,2.583081816,3.529955537
1782430340.261837244,0.573989405,2.538296856,3.506815163
1782430340.263613701,0.555920706,2.510279159,3.474396473
1782430340.265300274,0.526411374,2.473707141,3.447510065
1782430340.272508383,0.513890874,2.448870127,3.432488135
1782430340.273611069,0.413388260,2.350479090,3.357833719
1782430340.275271416,0.393583309,2.329211687,3.339863167
1782430340.277476072,0.389195748,2.315609769,3.333062939
1782430340.278570175,0.374400864,2.301134904,3.307770866
1782430340.284885883,0.371982170,2.279589635,3.294866243
1782430340.285717726,0.345597984,2.220110364,3.235512373
1782430340.287034512,0.338094790,2.209555684,3.220039648
1782430340.288700819,0.343647816,2.186648444,3.192625349
1782430340.290298700,0.345413648,2.172707144,3.181765713
1782430340.297471762,0.345752991,2.165228761,3.164391337
1782430340.298564434,0.347175753,2.126853394,3.113478997
1782430340.300340176,0.356870161,2.128131892,3.093788004
1782430340.302415848,0.352371983,2.131912694,3.073252469
1782430340.303718090,0.360694938,2.120759850,3.062077293
1782430340.306911707,0.372279952,2.116688529,3.048571705
1782430340.309921265,0.366292584,2.115756322,3.042905262
1782430340.310760498,0.373579988,2.092001057,3.022478119
1782430340.311845779,0.370142129,2.084723368,3.012883836
1782430340.313609362,0.376235452,2.078447580,2.996703046
1782430340.315332413,0.381922400,2.075719439,2.994888679
1782430340.322488070,0.382538058,2.072718980,2.986707824
1782430340.323632240,0.385005311,2.035445018,2.963807384
1782430340.325232267,0.398067259,2.037108649,2.958649341
1782430340.327447414,0.395423020,2.036147048,2.947599887
1782430340.328537941,0.397401296,2.026806934,2.945038714
1782430340.334880114,0.404854360,2.020932099,2.938201220
1782430340.335708857,0.407091201,2.024612534,2.927665448
1782430340.337039948,0.403812523,2.028912503,2.924292097
1782430340.338700533,0.403896434,2.032347848,2.920611991
1782430340.340317011,0.407317030,2.044694712,2.921846655
1782430340.347500324,0.404578565,2.058034467,2.923225856
1782430340.348590136,0.408010402,2.082708171,2.936303898
1782430340.350226164,0.416684572,2.108798586,2.945786886
1782430340.352473259,0.414177839,2.118891793,2.946794983
1782430340.353566885,0.423248314,2.127714361,2.960725819
1782430340.359894753,0.427540109,2.135940751,2.964593285
1782430340.360760927,0.439703846,2.166231288,2.990867883
1782430340.361846685,0.439673368,2.163374997,2.984781272
1782430340.363598108,0.445096978,2.178146753,2.990267531
1782430340.365306139,0.456079057,2.188338776,3.002053418
1782430340.369052172,0.456470642,2.192734027,3.003819645
1782430340.372497797,0.460339899,2.198809775,3.004158203
1782430340.373641968,0.470646158,2.217988949,3.021340425
1782430340.375216722,0.477477307,2.224529139,3.028023657
1782430340.377453089,0.485951146,2.231724021,3.032624671
1782430340.378523111,0.482827928,2.247373863,3.036194977
1782430340.384640694,0.490284256,2.249209734,3.045189952
1782430340.385563135,0.506115924,2.290619877,3.089585751
1782430340.387075901,0.519560669,2.298670655,3.104179402
1782430340.388676405,0.525676115,2.321881927,3.111814431
1782430340.390375614,0.534625443,2.346325578,3.129147398
1782430340.391896486,0.548625979,2.364888822,3.148977939
1782430340.397476435,0.558206404,2.398678087,3.168540806
1782430340.398607254,0.559438847,2.452114809,3.211970415
1782430340.400385618,0.567874429,2.495827537,3.225456227
1782430340.402445793,0.576278576,2.532351054,3.253392160
1782430340.403531790,0.595877431,2.623534245,3.304211814
1782430340.409815550,0.608052726,2.672312739,3.326168613
1782430340.410654306,0.654924404,2.857790037,3.406270371
1782430340.411980867,0.681249082,2.923304033,3.433694185
1782430340.413622141,0.708236159,2.998751768,3.449912479
1782430340.415338755,0.730968423,3.074223819,3.467845956
1782430340.422488689,0.768286642,3.146359537,3.494754257
1782430340.423577070,0.860705151,3.367185435,3.571987615
1782430340.425353050,0.903972017,3.452026897,3.594128118
1782430340.427443981,0.941277871,3.523554181,3.618369667
1782430340.428516626,1.023151324,3.691349817,3.697368605
1782430340.431459904,1.071037013,3.761325725,3.731178789
1782430340.432208300,1.114814418,3.840749135,3.779931061
1782430340.434923410,1.155391903,3.920207785,3.812298729
1782430340.435766935,1.196009473,4.000105948,3.846361437
1782430340.436857700,1.254020368,4.074036103,3.894712220
1782430340.438628197,1.300380641,4.164248910,3.933407913
1782430340.440353870,1.349799906,4.254018757,3.982081761
1782430340.447477818,1.400358423,4.348808331,4.035882678
1782430340.448537111,1.582165895,4.644894204,4.197771470
1782430340.450194597,1.641949763,4.745579148,4.257561455
1782430340.452491999,1.695952512,4.841327467,4.314451523
1782430340.453635216,1.843033349,5.023905096,4.423296915
1782430340.459843397,1.897057140,5.106192465,4.469664571
1782430340.460687637,2.110693171,5.320212583,4.597428653
1782430340.462001085,2.168166889,5.390808809,4.634995446
1782430340.463679314,2.207938283,5.466766846,4.670961870
1782430340.465373755,2.278064024,5.524140165,4.713159105
1782430340.466879606,2.325694179,5.606233049,4.764702165
1782430340.472474337,2.393868239,5.680931252,4.803559556
1782430340.473614693,2.511670474,5.861749727,4.927169507
1782430340.475210667,2.559618544,5.963804881,4.983901496
1782430340.477452517,2.623879096,6.070065938,5.047600577
1782430340.478539228,2.800227772,6.266692353,5.155309041
1782430340.484892607,2.862579627,6.376765725,5.208186376
1782430340.485734224,3.103827744,6.633012095,5.347379770
1782430340.487043142,3.133147492,6.706528554,5.398778116
1782430340.488702536,3.162885604,6.772017241,5.447390443
1782430340.490356684,3.211313760,6.835546140,5.482886248
1782430340.494467020,3.219166517,6.891155915,5.528672897
1782430340.495215654,3.288837065,6.969378930,5.609723804
1782430340.497492075,3.315211638,7.009040963,5.639842185
1782430340.498579264,3.347144937,7.041730836,5.664239312
1782430340.500374556,3.345451356,7.091397721,5.700091364
1782430340.502439499,3.337734750,7.149505326,5.740818775
1782430340.503515244,3.363778867,7.181110646,5.762645348
1782430340.509632826,3.367957166,7.235279611,5.785548826
1782430340.510411024,3.480869500,7.352746215,5.833650204
1782430340.512002945,3.480049399,7.412874046,5.852711858
1782430340.513673782,3.486372472,7.459566012,5.870844507
1782430340.515369177,3.519299618,7.499026876,5.878995747
1782430340.522465706,3.512361015,7.531829857,5.891021065
1782430340.523566246,3.569392189,7.613537515,5.891196185
1782430340.525261641,3.558178255,7.650651903,5.885984135
1782430340.527426481,3.534646947,7.683760033,5.887002733
1782430340.528527737,3.542566353,7.699505477,5.873112066
1782430340.534882784,3.519739403,7.734170857,5.865008171
1782430340.535731792,3.508631544,7.748067230,5.812012723
1782430340.537048578,3.462557176,7.747158359,5.783890306
1782430340.538719893,3.418216311,7.730705707,5.753447330
1782430340.540495634,3.401502254,7.704333270,5.722172609
1782430340.541949987,3.346204871,7.675193284,5.685234877
1782430340.547505617,3.322042417,7.618879398,5.644283964
1782430340.548758507,3.204570263,7.413164425,5.525730740
1782430340.550346851,3.141622078,7.344246400,5.482991171
1782430340.552492142,3.074951896,7.273483533,5.445967074
1782430340.553664684,3.037819323,7.190228473,5.400635046
1782430340.555512428,2.989413444,7.119681807,5.357645749
1782430340.559862137,2.954615015,7.044152979,5.317260307
1782430340.560712337,2.894074298,6.904778943,5.236874239
1782430340.562046289,2.841396467,6.838832264,5.192756043
1782430340.563727140,2.802575092,6.780858462,5.162704902
1782430340.565350294,2.766368760,6.720386416,5.116301369
1782430340.570643187,2.720767352,6.654316078,5.066533663
1782430340.572509050,2.651246779,6.523039226,4.974396303
1782430340.573608398,2.596134254,6.391217967,4.882634481
1782430340.575182676,2.549070885,6.330479302,4.835579550
1782430340.577443123,2.512089660,6.271748490,4.796625012
1782430340.578518391,2.479794265,6.216179334,4.749350358
1782430340.584902287,2.432518350,6.150403091,4.703985493
1782430340.585770369,2.328570067,5.933555060,4.556820293
1782430340.586882830,2.291573056,5.850123673,4.502900222
1782430340.588705540,2.241165377,5.780789318,4.461703876
1782430340.590390921,2.201082331,5.707099946,4.411488266
1782430340.597455263,2.158398161,5.624893592,4.372813715
1782430340.598550797,1.994704788,5.262004200,4.174738914
1782430340.600206375,1.934320019,5.163068201,4.125872843
1782430340.602463484,1.878952256,5.062184706,4.086943806
1782430340.603558064,1.824064686,4.958700199,4.037556599
1782430340.610012531,1.764597357,4.851739509,3.998221508
1782430340.610872984,1.617479569,4.518544343,3.844653211
1782430340.611954689,1.560772567,4.397079038,3.798847323
1782430340.613703728,1.489248007,4.277706644,3.747086838
1782430340.615303993,1.426509565,4.152631418,3.687557960
1782430340.622528315,1.364533248,4.016187027,3.639625260
1782430340.623694420,1.149477960,3.518139928,3.407929299
1782430340.625257015,1.090217581,3.398550659,3.356071766
1782430340.627473831,1.042013606,3.273944759,3.305829905
1782430340.628608227,0.992589520,3.168002233,3.251869030
1782430340.632828951,0.952281891,3.069928113,3.208636948
1782430340.633598804,0.877382271,2.879174767,3.131948067
1782430340.635396004,0.831535658,2.802042598,3.095122934
1782430340.637161493,0.789697593,2.710868082,3.075261483
1782430340.638731718,0.760783009,2.640569727,3.061504178
1782430340.640311241,0.721509672,2.582958202,3.044825702
1782430340.647454739,0.689132034,2.517969556,3.036661177
1782430340.648544550,0.613373099,2.365293419,2.997312789
1782430340.650364399,0.598126889,2.319352376,2.984068196
1782430340.652489662,0.574847912,2.275493565,2.955089807
1782430340.653568983,0.532633674,2.210445033,2.928581797
1782430340.659885406,0.524344539,2.185982680,2.916955533
1782430340.660746813,0.447476773,2.110993283,2.886732708
1782430340.661834240,0.428464872,2.087222344,2.892842812
1782430340.663595915,0.425570111,2.066715925,2.888849117
1782430340.665351152,0.408847228,2.066091562,2.901876082
1782430340.672430515,0.393010916,2.060343772,2.898572248
1782430340.673524141,0.347714620,2.049671473,2.911977858
1782430340.675180435,0.348046662,2.045443574,2.923794789
1782430340.677388668,0.338496760,2.053682890,2.926242803
1782430340.678689003,0.333280877,2.058533323,2.947995271
1782430340.680416822,0.320673819,2.058657113,2.946917282
1782430340.684935570,0.320457160,2.059711168,2.958349857
1782430340.685809135,0.313015286,2.080119569,2.962584121
1782430340.686905384,0.310388691,2.075971908,2.962581474
1782430340.688687325,0.323640086,2.087460195,2.962866015
1782430340.690359592,0.334706841,2.098054175,2.963199355
1782430340.695396900,0.336679968,2.104191641,2.954208530
1782430340.697445869,0.322825578,2.132279568,2.951563345
1782430340.698546171,0.317714056,2.132617092,2.961597356
1782430340.700187445,0.323894430,2.145883706,2.968798279
1782430340.702454805,0.322136439,2.157560500,2.969282890
1782430340.703552246,0.327730447,2.169295347,2.973899799
1782430340.709867001,0.330438102,2.167365655,2.975629300
1782430340.710726976,0.341267994,2.173384451,2.997963954
1782430340.712043762,0.352497619,2.167261290,3.003093133
1782430340.713682652,0.355199198,2.171656635,3.010685956
1782430340.715351582,0.352581247,2.182847779,3.017239380
1782430340.722489595,0.353846542,2.178583759,3.026848443
1782430340.723582029,0.350819201,2.179013338,3.044551678
1782430340.725341082,0.352978787,2.187002437,3.043255637
1782430340.727474689,0.349737939,2.186790161,3.046957032
1782430340.728587389,0.351337884,2.185685392,3.060592487
1782430340.734915495,0.352478329,2.192996350,3.061799314
1782430340.735796690,0.355975597,2.202651118,3.078201014
1782430340.736886024,0.360310579,2.196381524,3.082172118
1782430340.738646746,0.366710034,2.212091054,3.091526247
1782430340.740380764,0.363754504,2.222212026,3.089997239
1782430340.747530699,0.378000865,2.217655066,3.100291914
1782430340.748619080,0.406334653,2.226073541,3.124053010
1782430340.750183105,0.403401991,2.242793723,3.128710133
1782430340.752469301,0.412211852,2.226951032,3.130871352
1782430340.753540754,0.410314719,2.235532205,3.125306560
1782430340.756951332,0.417335784,2.231557370,3.131351797
1782430340.759904385,0.421394997,2.221417173,3.134874608
1782430340.760865450,0.418501359,2.227541599,3.125128852
1782430340.762040377,0.432245461,2.224507230,3.130117724
1782430340.763718843,0.435506568,2.236665416,3.132978874
1782430340.765345335,0.434801954,2.246191304,3.130652279
1782430340.771736383,0.453488357,2.251939699,3.147227967
1782430340.772510052,0.470815617,2.274332113,3.178408676
1782430340.773675203,0.479288882,2.293544262,3.192625912
1782430340.775237560,0.491070088,2.304166642,3.219142542
1782430340.777451754,0.510244773,2.326096510,3.245043092
1782430340.778522253,0.515057974,2.345805096,3.268681206
1782430340.784861088,0.533259673,2.358578073,3.302890233
1782430340.785704374,0.568010294,2.431636700,3.400665162
1782430340.787029743,0.582626976,2.469083808,3.433388652
1782430340.788681746,0.596612120,2.491663749,3.465648008
1782430340.790318489,0.614474227,2.530536304,3.501269766
1782430340.797483444,0.628174430,2.566784683,3.532712367
1782430340.798580647,0.710175712,2.750470586,3.661521504
1782430340.800366163,0.736230322,2.810226573,3.691230115
1782430340.802495241,0.760484460,2.863685645,3.729479683
1782430340.803721189,0.797619536,2.924592820,3.776259822
1782430340.809878588,0.831773147,2.992221354,3.812783721
1782430340.810755014,0.937315177,3.204551907,3.947032772
1782430340.811870098,0.974263511,3.276383491,3.995654185
1782430340.813636303,1.036596583,3.358580950,4.037191819
1782430340.815333843,1.075436705,3.444337862,4.085469673
1782430340.817605257,1.126712319,3.524464613,4.130912574
1782430340.822507858,1.170702175,3.621509519,4.178723674
1782430340.823585272,1.315552054,3.865681620,4.311411425
1782430340.825386047,1.374547565,3.948580109,4.366159926
1782430340.827461004,1.431131205,4.023390867,4.416956606
1782430340.828536749,1.483314301,4.108529349,4.461522641
1782430340.833639860,1.534542208,4.185325815,4.508335942
1782430340.835375309,1.636619808,4.348790373,4.609682591
1782430340.837147713,1.694320802,4.428044211,4.659684739
1782430340.838711739,1.757437830,4.522302385,4.723310423
1782430340.840409994,1.819672743,4.626054580,4.792400900
1782430340.847430229,1.893490383,4.730137631,4.859295774
1782430340.848529816,2.169210464,5.159114638,5.132953292
1782430340.850191593,2.242863636,5.249818842,5.194451129
1782430340.852404833,2.315780726,5.338316219,5.257182054
1782430340.853504419,2.390022790,5.424130536,5.309144650
1782430340.859885693,2.457086799,5.500572181,5.368634774
1782430340.860742092,2.719654605,5.783062870,5.570907790
1782430340.861827612,2.770934585,5.861026621,5.612875687
1782430340.863591909,2.811846750,5.944959906,5.671666914
1782430340.865321159,2.879936511,6.027335580,5.731890391
1782430340.872496605,2.930265867,6.109392460,5.777690697
1782430340.873590946,3.267181096,6.418283266,5.975573496
1782430340.875230312,3.335188048,6.490798646,6.015419007
1782430340.877473593,3.390570274,6.570243891,6.050761410
1782430340.878547192,3.466763078,6.625509500,6.092831387
1782430340.880541563,3.519158173,6.700323257,6.126532006
1782430340.884848595,3.572620542,6.758504382,6.163301662
1782430340.885708809,3.706521408,6.903516403,6.255076332
1782430340.887025833,3.739869162,6.987992913,6.315547657
1782430340.888684750,3.781996528,7.072497279,6.367861080
1782430340.890393496,3.829483447,7.158265129,6.411889263
1782430340.896631241,3.844616425,7.238538963,6.459366296
1782430340.897417784,3.937414803,7.406230259,6.560906153
1782430340.898671150,3.969463496,7.442604815,6.586498883
1782430340.900301218,3.975432936,7.505357657,6.606156332
1782430340.902492285,3.964899648,7.548224581,6.632332021
1782430340.903590441,3.994114187,7.569824425,6.646827233
1782430340.909886837,3.989445825,7.615206596,6.664424022
1782430340.910743713,4.058350989,7.688575611,6.696766637
1782430340.911853313,4.078169982,7.700779675,6.710703115
1782430340.913625956,4.064182403,7.725463749,6.718544533
1782430340.915364504,4.083557788,7.738945370,6.712774222
1782430340.922468185,4.074988882,7.742699605,6.716434730
1782430340.923547268,4.107771049,7.710596420,6.684759285
1782430340.925178289,4.093792630,7.698287464,6.669565645
1782430340.927433252,4.069515204,7.682587516,6.654502985
1782430340.928534985,4.055470049,7.600366752,6.603796238
1782430340.934885979,4.008196503,7.552787236,6.564640666
1782430340.935843706,3.927774682,7.361419841,6.448185782
1782430340.936934710,3.888954295,7.288399260,6.412566619
1782430340.938707590,3.820337303,7.227775697,6.372291484
1782430340.940394402,3.770821454,7.153565269,6.322044220
1782430340.943273783,3.711538846,7.072401832,6.285702209
1782430340.944065571,3.673655439,7.005287597,6.234510280
1782430340.947511196,3.631847217,6.923716727,6.183451364
1782430340.948587894,3.606298320,6.848744680,6.138697280
1782430340.950360537,3.560043725,6.790105087,6.090400271
1782430340.952459812,3.517153521,6.727729027,6.048617077
1782430340.953529596,3.457789914,6.593075972,5.946963449
1782430340.959238052,3.418884360,6.523800777,5.901962098
1782430340.960271120,3.346458522,6.390867366,5.800572934
1782430340.962113380,3.299923312,6.320117183,5.750073578
1782430340.963670492,3.253496436,6.253552867,5.703030795
1782430340.965361595,3.210775060,6.182681313,5.637032444
1782430340.972481251,3.167805276,6.108173095,5.593029146
1782430340.973574638,3.021435955,5.829562157,5.357350174
1782430340.975297213,2.962898716,5.768476070,5.301302898
1782430340.977457285,2.916841596,5.689477405,5.254043794
1782430340.978550434,2.843751890,5.557144721,5.145948341
1782430340.984908819,2.787778338,5.479071542,5.099740844
1782430340.985813618,2.662771428,5.230358761,4.927947954
1782430340.986921072,2.613140026,5.145310546,4.865373643
1782430340.988697529,2.532498698,5.052089617,4.810518961
1782430340.990365028,2.482086667,4.953525401,4.741558915
1782430340.997497559,2.419599259,4.856346567,4.689027794
1782430340.998589516,2.251141087,4.557740261,4.471175978
1782430341.000221491,2.176128968,4.448908242,4.404796841
1782430341.002484560,2.118686698,4.341899768,4.350855140
1782430341.003577232,2.003750992,4.125781459,4.196504589
1782430341.005523443,1.942490389,4.004945039,4.141778384
1782430341.009914398,1.887429684,3.903074771,4.070919489
1782430341.010741472,1.776517620,3.677414677,3.931304091
1782430341.012058020,1.720389123,3.563942038,3.875544779
1782430341.013696671,1.653470335,3.455969864,3.811316717
1782430341.015387297,1.604532933,3.341482820,3.749020475
1782430341.021713734,1.549423847,3.236082075,3.694193262
1782430341.022648811,1.406962110,2.950082264,3.515851196
1782430341.023638010,1.357860078,2.863251427,3.462711583
1782430341.025391817,1.311580666,2.763957026,3.424919347
1782430341.026922464,1.267575525,2.676730664,3.385005239
1782430341.028514385,1.223586561,2.596163344,3.348389714
1782430341.034882307,1.191725647,2.512256647,3.328602175
1782430341.035779953,1.076599632,2.321889663,3.239302898
1782430341.036888599,1.036935544,2.263175799,3.207275866
1782430341.038669825,1.013978390,2.195100920,3.191392583
1782430341.040361881,0.983582076,2.145994667,3.165669430
1782430341.047489882,0.955125620,2.095020287,3.138053946
1782430341.048577070,0.860839240,1.936077192,3.035376736
1782430341.050228834,0.845371504,1.908079418,3.007702446
1782430341.052467108,0.828964143,1.871792485,2.995116232
1782430341.053568602,0.811850615,1.845885039,2.978483785
1782430341.059927702,0.782932570,1.826818018,2.957622289
1782430341.060781956,0.736957206,1.758718312,2.900642210
1782430341.061865330,0.714827307,1.739030615,2.885068315
1782430341.063618183,0.708561782,1.705570813,2.870015636
1782430341.065350294,0.688214915,1.691367427,2.850990413
1782430341.067728996,0.667418856,1.667032773,2.834286402
1782430341.068547487,0.655472442,1.648009662,2.824997240
1782430341.072487593,0.632695267,1.633608467,2.803246109
1782430341.073559999,0.614414556,1.611316149,2.785159804
1782430341.075205564,0.605663914,1.605480033,2.776935198
1782430341.077448606,0.602941358,1.604071511,2.776376702
1782430341.078536272,0.596417196,1.605698862,2.774718807
1782430341.083785295,0.595510584,1.616203207,2.775883005
1782430341.085355043,0.569035205,1.625924957,2.780436232
1782430341.087151289,0.562266766,1.634685747,2.776731533
1782430341.088513136,0.547276539,1.640598149,2.775839412
1782430341.090399742,0.538996218,1.641857703,2.775438667
1782430341.097496986,0.537341541,1.654243738,2.783191891
1782430341.098606110,0.533573054,1.664899599,2.791088012
1782430341.100255013,0.527229098,1.673121056,2.789522230
1782430341.102451086,0.520092861,1.668737385,2.782349335
1782430341.103541613,0.522948863,1.670742961,2.794266404
1782430341.109822989,0.520175920,1.675607026,2.786573347
1782430341.110675097,0.496637455,1.662801692,2.779909067
1782430341.111989737,0.486060214,1.646359634,2.764746024
1782430341.113662004,0.480483264,1.651448503,2.759490676
1782430341.115367651,0.469883007,1.648658940,2.744822408
1782430341.122495651,0.466719594,1.640214716,2.738819904
1782430341.123583317,0.443490119,1.639182120,2.699789644
1782430341.125236988,0.435746314,1.654950519,2.694664620
1782430341.127471924,0.436972483,1.648703259,2.684245721
1782430341.128545761,0.438784177,1.663472386,2.688878101
1782430341.130447865,0.441095605,1.681611497,2.692661939
1782430341.134901524,0.446986960,1.690731595,2.711325928
1782430341.135761499,0.451340878,1.729277762,2.736122422
1782430341.136862755,0.455944076,1.737593851,2.752449355
1782430341.138616323,0.463429126,1.756072222,2.756811355
1782430341.140352011,0.454652937,1.775159535,2.769384000
1782430341.146575928,0.462100705,1.784664331,2.786555924
1782430341.147350073,0.468868266,1.805384142,2.809162015
1782430341.148593664,0.471692671,1.809398264,2.820129239
1782430341.150245905,0.469773904,1.833388606,2.826037178
1782430341.152493715,0.471271629,1.834313333,2.836418165
1782430341.153600216,0.477774549,1.843051801,2.844965354
1782430341.159926653,0.477367447,1.855756131,2.850059229
1782430341.160766602,0.496629187,1.900975389,2.901126930
1782430341.161857128,0.499776363,1.908158911,2.922211627
1782430341.163636208,0.514962565,1.934972201,2.944599489
1782430341.165346384,0.515090075,1.957669711,2.961713850
1782430341.172492981,0.526391803,1.972184388,2.982278225
1782430341.173590183,0.569531951,2.028924085,3.043302804
1782430341.175353050,0.585188240,2.059487673,3.067043774
1782430341.177469969,0.600155751,2.075792055,3.088008516
1782430341.178555012,0.626349996,2.112865227,3.138138336
1782430341.184877157,0.640823684,2.139653677,3.167726212
1782430341.185741663,0.670918661,2.195859486,3.239335775
1782430341.186830997,0.680618027,2.206221545,3.262878514
1782430341.188592196,0.698273815,2.233241715,3.291140487
1782430341.190377474,0.704661265,2.261795988,3.308416402
1782430341.192896843,0.722564021,2.276419007,3.330702125
1782430341.193674326,0.740335719,2.295752140,3.361159647
1782430341.197527885,0.752913326,2.318605759,3.381056775
1782430341.198704243,0.764811016,2.339233095,3.408615768
1782430341.200353861,0.782158931,2.363499390,3.427715477
1782430341.202462912,0.792738615,2.383425886,3.448292741
1782430341.203537703,0.815286151,2.411149848,3.481395658
1782430341.208216190,0.823712607,2.441065473,3.502702409
1782430341.208959103,0.856215260,2.485120738,3.564892182
1782430341.210347176,0.873019442,2.512084059,3.590628009
1782430341.212170601,0.892816371,2.533805621,3.620387769
1782430341.213705540,0.920319871,2.577069810,3.645206491
1782430341.215292692,0.941108312,2.608879514,3.666170158
1782430341.222464085,0.967539267,2.644726356,3.698561961
1782430341.223542690,1.029103005,2.753015808,3.790589918
1782430341.225251198,1.057810978,2.796807846,3.811439396
1782430341.227481365,1.080687414,2.840365376,3.839621334
1782430341.228570700,1.125051759,2.914023225,3.898022515
1782430341.234933138,1.147675773,2.957500843,3.935957274
1782430341.235780716,1.206557604,3.068841686,4.024134250
1782430341.236861706,1.222507355,3.106276378,4.058821322
1782430341.238613367,1.243012243,3.164966348,4.076478473
1782430341.240385771,1.263796943,3.199744401,4.106319923
1782430341.247493982,1.292237446,3.251124893,4.138459249
1782430341.248611927,1.377120529,3.448791022,4.279875726
1782430341.250267982,1.415883637,3.507114205,4.320715413
1782430341.252475977,1.457304372,3.572506505,4.351109186
1782430341.253573895,1.494241055,3.629466621,4.396165851
1782430341.255700111,1.535263951,3.678478870,4.428645228
1782430341.259879827,1.568290938,3.744127593,4.477402230
1782430341.260768414,1.647323393,3.857629921,4.562004527
1782430341.261869431,1.679884418,3.922130435,4.609698446
1782430341.263643980,1.715991576,3.994527571,4.629225117
1782430341.265341997,1.763220532,4.045015840,4.667976765
1782430341.271186829,1.790855316,4.113574923,4.692651051
1782430341.271906853,1.898210646,4.264237224,4.779830541
1782430341.273601294,1.928653077,4.318308697,4.795336105
1782430341.275279284,1.965036434,4.363822308,4.829901624
1782430341.277499676,1.997138075,4.422272271,4.852076429
1782430341.278589487,2.031005709,4.476083650,4.870679697
1782430341.284831524,2.058243425,4.514300438,4.893673574
1782430341.285690069,2.199303341,4.623693725,4.949500405
1782430341.287003756,2.226062928,4.675093337,4.963929567
1782430341.288670540,2.263728633,4.705054620,4.976479564
1782430341.290362120,2.323066806,4.740492476,5.001506592
1782430341.297493935,2.358524741,4.791875448,5.022743435
1782430341.298580885,2.568056673,4.933473506,5.137733144
1782430341.300367594,2.599726962,4.980742037,5.151761956
1782430341.302493811,2.621082356,5.032585974,5.187434706
1782430341.303703785,2.673855069,5.079883319,5.217895987
1782430341.309908390,2.676936671,5.165718183,5.240157812
1782430341.310749531,2.752591053,5.315381802,5.373440078
1782430341.311843872,2.778717423,5.376602429,5.405460438
1782430341.313689709,2.789427850,5.457903379,5.431045626
1782430341.315362692,2.833045087,5.523929605,5.462301776
1782430341.318230867,2.852812778,5.596831884,5.493666041
1782430341.319033861,2.897957991,5.653801561,5.522076359
1782430341.322481632,2.952448894,5.701619968,5.551462972
1782430341.323571920,3.045541622,5.820859954,5.591139733
1782430341.325367689,3.077553900,5.889141975,5.607640993
1782430341.327504396,3.099803751,5.947156028,5.632829657
1782430341.328584433,3.141035112,6.005032104,5.642051793
1782430341.333645582,3.153241179,6.057512895,5.669155858
1782430341.335202456,3.211363947,6.150921748,5.703594684
1782430341.337156534,3.221094804,6.191207949,5.715133579
1782430341.338719130,3.236558903,6.241281653,5.724767262
1782430341.340210199,3.253559519,6.265044644,5.724307088
1782430341.341859818,3.268279676,6.298996333,5.730254347
1782430341.347513199,3.291719041,6.323909761,5.734855807
1782430341.348617792,3.350631135,6.385082601,5.712873570
1782430341.350246429,3.346818006,6.395878674,5.697504178
1782430341.352505207,3.338090202,6.405866868,5.681195141
1782430341.353589773,3.339103830,6.408469218,5.649501613
1782430341.359893084,3.317051694,6.414360001,5.629013221
1782430341.360755682,3.316611707,6.393846394,5.550049147
1782430341.361840487,3.318335792,6.371494717,5.530820867
1782430341.363667727,3.282377541,6.377743174,5.488377380
1782430341.365397692,3.270967282,6.365491297,5.456418739
1782430341.372466087,3.261729270,6.346125606,5.431790274
1782430341.373550415,3.263827400,6.288845389,5.356355233
1782430341.375193357,3.252781667,6.287983396,5.328002489
1782430341.377412796,3.240047170,6.282839664,5.305419482
1782430341.378718138,3.248281340,6.266538361,5.282152591
1782430341.380305052,3.241266458,6.264057564,5.266699271
1782430341.384947777,3.242355614,6.246018893,5.243436051
1782430341.385799408,3.235217720,6.178657659,5.151301021
1782430341.386881113,3.235045692,6.138055324,5.120735722
1782430341.388670444,3.195720208,6.129115725,5.091667708
1782430341.390412807,3.184391073,6.087500219,5.044506353
1782430341.395401716,3.156395987,6.036110467,5.011570103
1782430341.397521257,3.101056073,5.929997347,4.929622400
1782430341.398595095,3.082111213,5.868685300,4.883113717
1782430341.400413036,3.033072431,5.814828722,4.840378517
1782430341.401866198,2.995094406,5.744735149,4.798378227
1782430341.403518915,2.958429451,5.673336841,4.751790913
1782430341.409931898,2.921687209,5.600675089,4.699125113
1782430341.410788059,2.793851708,5.313784934,4.494600711
1782430341.412151337,2.772749093,5.247626597,4.448885136
1782430341.413595915,2.733701925,5.189983824,4.400589909
1782430341.415187836,2.691002604,5.135389656,4.352534270
1782430341.416870356,2.651898470,5.075891160,4.310380021
1782430341.422494411,2.627876286,5.011502312,4.267465276
1782430341.423579693,2.569010785,4.904694793,4.178463684
1782430341.425177813,2.529717884,4.855288524,4.138566059
1782430341.427505016,2.494837211,4.795745910,4.101737239
1782430341.428601503,2.430191139,4.688708097,4.009861232
1782430341.434906721,2.395287609,4.626116422,3.971423972
1782430341.435765028,2.310088112,4.469351775,3.835765749
1782430341.436854124,2.296019747,4.414572390,3.798809482
1782430341.438621998,2.243926029,4.371660196,3.771976316
1782430341.440319538,2.211089950,4.324692885,3.736761091
1782430341.447501898,2.170082382,4.258366466,3.711548193
1782430341.448582649,2.043258115,4.073262080,3.609365407
1782430341.450327158,1.980300208,4.013355418,3.580425399
1782430341.452474833,1.924597795,3.928314378,3.557001703
1782430341.453574657,1.826489732,3.794074173,3.472586494
1782430341.455563784,1.763786019,3.713870224,3.444412724
1782430341.459959984,1.715560166,3.635534776,3.405837298
1782430341.460838795,1.592588146,3.475722532,3.306347206
1782430341.461933136,1.537038536,3.390851679,3.265063457
1782430341.463705301,1.467791155,3.298211604,3.239548507
1782430341.465384245,1.407019904,3.223230129,3.198653215
1782430341.471109390,1.361236465,3.134229930,3.169741751
1782430341.471854210,1.207168887,2.904050357,3.047482048
1782430341.473605394,1.151397753,2.830066476,3.007642873
1782430341.475272417,1.102396363,2.758867736,2.974604327
1782430341.477489710,1.056217452,2.688877906,2.953353158
1782430341.478570938,1.004773764,2.625126138,2.915915857
1782430341.484858751,0.970244831,2.550882321,2.891704838
1782430341.485708714,0.828916772,2.360759335,2.808543161
1782430341.487027645,0.789993983,2.294871946,2.782463461
1782430341.488721609,0.750378360,2.227798712,2.767923664
1782430341.490358829,0.711545929,2.175571792,2.760188549
1782430341.497500181,0.676133530,2.120266156,2.746258487
1782430341.498583794,0.583513903,1.995526186,2.727968731
1782430341.500241518,0.574023333,1.963071677,2.729169739
1782430341.502507925,0.561591491,1.938503156,2.728385779
1782430341.503586531,0.530178976,1.886549278,2.728415184
1782430341.509946585,0.526418385,1.868798493,2.723173103
1782430341.510811329,0.512201409,1.841956112,2.742099677
1782430341.511953831,0.508608246,1.837900011,2.747811938
1782430341.513737202,0.516020797,1.837323880,2.752175778
1782430341.515373230,0.527923467,1.835596372,2.763682374
1782430341.518253088,0.528562475,1.845739979,2.762911787
1782430341.518979549,0.528706705,1.847657102,2.769945541
1782430341.522506237,0.535707128,1.856538126,2.783500709
1782430341.523595572,0.519025812,1.871066675,2.786011355
1782430341.525387287,0.526198288,1.887499258,2.801317827
1782430341.527504206,0.523150340,1.904773900,2.797959385
1782430341.528578997,0.519438811,1.910660294,2.811262966
1782430341.533747911,0.526940557,1.929363609,2.821814142
1782430341.535344601,0.510953220,1.959455317,2.841616130
1782430341.537151814,0.516560284,1.975615227,2.851501621
1782430341.538720846,0.512600928,1.993488209,2.850330889
1782430341.540393591,0.508056165,1.991921659,2.851278059
1782430341.547502995,0.500299700,1.999778501,2.852980085
1782430341.548631907,0.511594419,2.047857382,2.880156978
1782430341.550306082,0.517711535,2.052681150,2.885568839
1782430341.552510500,0.521671878,2.069869647,2.891615874
1782430341.553611994,0.519571439,2.074622073,2.895829421
1782430341.559844971,0.512754977,2.077940666,2.897274661
1782430341.560700893,0.513921893,2.074281007,2.899967493
1782430341.562015057,0.520570070,2.086507024,2.899446085
1782430341.563661337,0.513152113,2.097387730,2.890060619
1782430341.565375090,0.518094133,2.096125536,2.893071907
1782430341.572482109,0.523822516,2.097592931,2.893969066
1782430341.573595285,0.544352613,2.121589216,2.908543633
1782430341.575169086,0.541954363,2.132659408,2.912121918
1782430341.577430010,0.544092770,2.133758951,2.914331434
1782430341.578501701,0.549188244,2.139698343,2.927674874
1782430341.584918976,0.548340659,2.147290350,2.932216327
1782430341.585827589,0.567351081,2.152156623,2.951151486
1782430341.586958170,0.575194293,2.145034593,2.963260120
1782430341.588737011,0.580234541,2.154065292,2.969449481
1782430341.590374708,0.582161114,2.156383477,2.972107701
1782430341.595707417,0.597037660,2.155705940,2.981416900
1782430341.597492695,0.606934906,2.172652769,2.999830348
1782430341.598583698,0.618301511,2.189349918,3.025779941
1782430341.600365877,0.622038649,2.204161124,3.040236473
1782430341.602511168,0.639143601,2.213409508,3.052889191
1782430341.603586674,0.639790464,2.230778521,3.066640295
1782430341.609877348,0.648407405,2.246325416,3.080166782
1782430341.610763073,0.677446230,2.270526084,3.104178417
1782430341.611915112,0.692828800,2.276868141,3.118371350
1782430341.613727093,0.706126464,2.303502359,3.128059822
1782430341.615361929,0.703817476,2.322260461,3.130105045
1782430341.622470856,0.719263719,2.333250107,3.143614287
1782430341.623569965,0.748189147,2.393025808,3.188780836
1782430341.625244379,0.759588743,2.418099877,3.202281985
1782430341.627490997,0.772287481,2.445359852,3.224385066
1782430341.628657341,0.780111236,2.454484819,3.240716412
1782430341.634955883,0.792577041,2.472846179,3.261124592
1782430341.635846615,0.810771542,2.514512969,3.319537165
1782430341.636938095,0.818849006,2.516645374,3.339870252
1782430341.638713598,0.829199031,2.534665981,3.350679729
1782430341.640407324,0.825217955,2.556096844,3.363241049
1782430341.642305613,0.834618670,2.556047586,3.375560950
1782430341.647527933,0.847698132,2.577189768,3.409064075
1782430341.648653984,0.854338615,2.619277595,3.439263736
1782430341.650231123,0.866524258,2.645686686,3.465874069
1782430341.652446032,0.882163961,2.683846972,3.490799714
1782430341.653544664,0.910284322,2.736470427,3.549538785
1782430341.657192469,0.931108432,2.773768701,3.580677644
1782430341.659939051,0.945214132,2.802646595,3.611895972
1782430341.660779953,0.984631615,2.856977773,3.668115848
1782430341.661860704,1.002117975,2.882242982,3.690319716
1782430341.663636684,1.024187309,2.911584197,3.715095581
1782430341.665355206,1.039754166,2.944952144,3.738123958
1782430341.672514677,1.058112942,2.973263355,3.762116251
1782430341.673609972,1.106969762,3.046943340,3.861997434
1782430341.675285816,1.129775356,3.067430600,3.899171815
1782430341.677478790,1.164347592,3.098966022,3.934041780
1782430341.678575754,1.200892109,3.136003231,4.017549093
1782430341.684858084,1.227064312,3.159746385,4.060288586
1782430341.685702085,1.276199944,3.215971015,4.183948699
1782430341.687035561,1.303576622,3.235960974,4.215754190
1782430341.688710451,1.335190140,3.252722770,4.247876051
1782430341.690357208,1.360502765,3.274299860,4.274120461
1782430341.697503090,1.387853169,3.291003953,4.308666852
1782430341.698584318,1.456968076,3.358698033,4.424145121
1782430341.700223684,1.484356542,3.384392983,4.459081577
1782430341.702491522,1.515750634,3.408358304,4.502088454
1782430341.703564882,1.558123530,3.473978104,4.578124334
1782430341.709943533,1.592875026,3.513172259,4.631772258
1782430341.710778952,1.677339234,3.634087820,4.772570074
1782430341.711880684,1.705751401,3.684444145,4.823521931
1782430341.713631868,1.735574703,3.738238965,4.857802961
1782430341.715371847,1.767039705,3.782910596,4.902533911
1782430341.718207359,1.796286275,3.837004686,4.950593461
1782430341.718982697,1.814953776,3.875440904,4.984260667
1782430341.722492933,1.838420580,3.928274131,5.031828306
1782430341.723585129,1.870596254,3.977025746,5.075500674
1782430341.725179672,1.903338070,4.042480670,5.100917419
1782430341.727507114,1.934266038,4.096570667,5.139262660
1782430341.728606224,1.993280918,4.224682947,5.228025838
1782430341.734220266,2.010236713,4.291634514,5.270615352
1782430341.735343695,2.059063769,4.440394308,5.335541127
1782430341.737142563,2.080758269,4.512785898,5.355769297
1782430341.738714933,2.121298173,4.607276405,5.361560196
1782430341.740417242,2.151671250,4.682491994,5.370189175
1782430341.747503281,2.186153888,4.760106061,5.383929911
1782430341.748599052,2.368165371,5.048879922,5.431271163
1782430341.750248194,2.416244307,5.121294343,5.446664895
1782430341.752469301,2.446902631,5.187975032,5.456712944
1782430341.753542900,2.495566760,5.238187768,5.481811152
1782430341.759903908,2.538404093,5.301868807,5.505694363
1782430341.760733128,2.701015344,5.428847674,5.566503132
1782430341.761829376,2.747521547,5.473209015,5.586729720
1782430341.763579845,2.763479332,5.545424356,5.588923664
1782430341.765410185,2.818796214,5.599461604,5.607318333
1782430341.766926289,2.833947703,5.658579953,5.623800864
1782430341.772509813,2.873079729,5.690594149,5.645896740
1782430341.773607969,2.960444687,5.776425206,5.686680725
1782430341.775240421,2.972429302,5.827187503,5.682803207
1782430341.777531862,2.970159735,5.876685906,5.677589258
1782430341.778598070,3.014175679,5.910367346,5.678381313
1782430341.780653238,3.026831961,5.966036537,5.670386080
1782430341.784916401,3.052490063,6.001783238,5.667083040
1782430341.785795689,3.150063295,6.110726610,5.666593804
1782430341.786891699,3.187431523,6.165983263,5.662353705
1782430341.788661718,3.178973350,6.260000085,5.661513046
1782430341.790385246,3.239766000,6.321840483,5.648390792
1782430341.795994282,3.249643983,6.385487603,5.640776647
1782430341.797526360,3.364164992,6.507155836,5.627272251
1782430341.798634529,3.409159274,6.535076851,5.620233718
1782430341.800200224,3.415093568,6.597372383,5.600207677
1782430341.802515984,3.409304948,6.635297777,5.586142078
1782430341.803593874,3.440851839,6.654848021,5.575302834
1782430341.809899807,3.425984114,6.691173700,5.580303977
1782430341.810762167,3.521863416,6.800702171,5.567582155
1782430341.811845779,3.553072410,6.853444880,5.581242212
1782430341.813651323,3.520402793,6.932731470,5.573398419
1782430341.815379620,3.546640388,6.992500695,5.558901625
1782430341.822502613,3.525336526,7.040181148,5.554798895
1782430341.823646784,3.558887787,7.153536834,5.505339583
1782430341.825222969,3.532511129,7.192782622,5.478386636
1782430341.827527285,3.502097045,7.213247355,5.454993522
1782430341.828598738,3.506291136,7.202733869,5.424015826
1782430341.834940195,3.474243755,7.217097764,5.390541004
1782430341.835789442,3.446654977,7.169792194,5.300059409
1782430341.836874008,3.423350604,7.142325158,5.261504482
1782430341.838689566,3.355598880,7.125260578,5.233201469
1782430341.840344906,3.337325604,7.084119847,5.202663586
1782430341.847534657,3.281520333,7.046549020,5.163519610
1782430341.848676920,3.161875505,6.799872553,5.001828835
1782430341.850220919,3.104920320,6.740982057,4.957336634
1782430341.852513790,3.049455702,6.673004474,4.913928097
1782430341.853614092,3.024240210,6.605659211,4.876180659
1782430341.857617855,2.972047791,6.549827699,4.835947652
1782430341.859894514,2.913650247,6.423793574,4.758070112
1782430341.860749960,2.879484861,6.357410039,4.711904361
1782430341.861836433,2.849322851,6.285637660,4.668717323
1782430341.863622189,2.793889157,6.219039840,4.636087759
1782430341.865412712,2.761003767,6.148449990,4.598483253
1782430341.872498989,2.711065417,6.072984973,4.550757843
1782430341.873574018,2.612196130,5.859447863,4.424708815
1782430341.875340939,2.579899562,5.794385468,4.396351376
1782430341.877489567,2.544041046,5.741457774,4.350815542
1782430341.878581047,2.519511746,5.682103289,4.313849896
1782430341.884922981,2.495617951,5.626278786,4.284000499
1782430341.885778904,2.416948055,5.425181394,4.122589223
1782430341.886852264,2.393850281,5.372833120,4.078523236
1782430341.888622522,2.370661474,5.316506456,4.054509493
1782430341.890373945,2.345282162,5.262360115,4.015972229
1782430341.891885519,2.313661736,5.207478666,3.978023024
1782430341.897519827,2.297530549,5.139066100,3.939374299
1782430341.898618937,2.243954735,5.033064294,3.893679980
1782430341.900179386,2.217105315,4.968858650,3.892216335
1782430341.902512789,2.182073310,4.914682865,3.884647136
1782430341.903603792,2.129443836,4.780808469,3.863079217
1782430341.909950256,2.094618674,4.714153577,3.841932405
1782430341.910804510,2.016113886,4.486789322,3.744513042
1782430341.911889791,1.964089050,4.414998429,3.700581039
1782430341.913652182,1.914023048,4.316769945,3.683826411
1782430341.915369272,1.866427610,4.242722079,3.649889258
1782430341.920212507,1.818563945,4.151887158,3.615707423
1782430341.922493696,1.740633565,3.985107077,3.545754645
1782430341.923575640,1.696728594,3.902113572,3.504364781
1782430341.925220966,1.652189843,3.806952245,3.479940710
1782430341.927448511,1.613014802,3.719433510,3.449911619
1782430341.928529501,1.530632845,3.549365172,3.373632617
1782430341.934937000,1.494560640,3.466742319,3.351184293
1782430341.935764790,1.385785113,3.237206927,3.259889093
1782430341.936862707,1.343821698,3.166152052,3.233440203
1782430341.938623190,1.314797110,3.075760279,3.230355384
1782430341.940371990,1.282437548,3.006942772,3.213693492
1782430341.947453499,1.248555528,2.943286670,3.197029534
1782430341.948530912,1.155271486,2.768896113,3.136437534
1782430341.950189590,1.132971672,2.696945066,3.129076259
1782430341.952419043,1.112962296,2.637615652,3.116513735
1782430341.953533888,1.080980423,2.592881518,3.090900362
1782430341.959948540,1.066246164,2.539420008,3.079402099
1782430341.960807800,0.986375193,2.399466439,3.003980475
1782430341.961893320,0.965301424,2.375254278,2.984601667
1782430341.963658571,0.956895859,2.331557961,2.972966641
1782430341.965347052,0.946379971,2.307811566,2.950097527
1782430341.972456694,0.928060570,2.281533410,2.938420288
1782430341.973564386,0.886705479,2.226676007,2.890616133
1782430341.975264549,0.873700152,2.205504627,2.884269148
1782430341.977398634,0.869897469,2.179182372,2.881211057
1782430341.978548527,0.860231670,2.168236059,2.874095464
1782430341.982210875,0.842928923,2.153770645,2.864435143
1782430341.984957695,0.827303830,2.143210125,2.860057359
1782430341.985826254,0.807381294,2.129536321,2.847479456
1782430341.986918926,0.799186008,2.131530472,2.844253055
1782430341.988673210,0.795123833,2.119921704,2.832462567
1782430341.990169048,0.789460518,2.110734185,2.832007986
1782430341.997282982,0.786211281,2.113357395,2.824273128
1782430341.998713255,0.763368015,2.090651099,2.800523402
1782430342.000377417,0.755119401,2.086320730,2.797595913
1782430342.002519608,0.750037995,2.072570711,2.803891133
1782430342.003602505,0.734105609,2.063910286,2.796504591
1782430342.009939671,0.736936191,2.047117421,2.796092122
1782430342.010794878,0.717716106,2.018607604,2.783734822
1782430342.011877060,0.715607159,2.006725258,2.793302601
1782430342.013636827,0.708772281,1.996573576,2.781353902
1782430342.015349865,0.708871908,1.981463324,2.778150932
1782430342.022510767,0.708379998,1.981535391,2.771242175
1782430342.023605824,0.680867247,1.954549486,2.733045566
1782430342.025374413,0.685432002,1.941609965,2.730016680
1782430342.027526617,0.687171073,1.938485000,2.719571422
1782430342.028610945,0.682430884,1.944274840,2.717207775
1782430342.034908533,0.683137986,1.945895915,2.712737564
1782430342.035746098,0.689617425,1.947468670,2.717609600
1782430342.037055254,0.700374288,1.949557773,2.726641437
1782430342.038700581,0.702156192,1.956956919,2.725341474
1782430342.040359497,0.706766728,1.960752428,2.734268945
1782430342.043648243,0.720225056,1.963782572,2.751108997
1782430342.047526360,0.726632548,1.979527407,2.761048800
1782430342.048629284,0.743735187,2.014132948,2.819626373
1782430342.050171614,0.752657879,2.026685637,2.830018382
1782430342.052511215,0.760718448,2.040785014,2.854337936
1782430342.053598881,0.764218401,2.055115526,2.865731944
1782430342.058654070,0.773103583,2.059095236,2.881234688
1782430342.060374975,0.785828031,2.076069734,2.897236491
1782430342.062159300,0.797678859,2.077345283,2.910228509
1782430342.063710690,0.804028533,2.078752013,2.909447552
1782430342.065228701,0.802053227,2.085994934,2.915895994
1782430342.066895485,0.809578382,2.082932070,2.923558397
1782430342.072554350,0.816736893,2.085702384,2.932626874
1782430342.073631287,0.830322421,2.113899414,2.966372240
1782430342.075271130,0.836080687,2.122616540,2.981047309
1782430342.077508926,0.844188880,2.130816226,2.991597123
1782430342.078607798,0.846162809,2.149565996,3.004221605
1782430342.084863901,0.856634987,2.161115884,3.026090198
1782430342.085715294,0.878196147,2.203618360,3.068679698
1782430342.087028265,0.884414618,2.221120511,3.079746720
1782430342.088693857,0.888765718,2.236208674,3.096311073
1782430342.090370655,0.900228437,2.239839952,3.112163697
1782430342.097454786,0.902677294,2.267549678,3.127479256
1782430342.098549843,0.931407639,2.329865365,3.192659866
1782430342.100214720,0.940575477,2.346531260,3.213408665
1782430342.102479219,0.952901695,2.371558710,3.229926596
1782430342.103552341,0.949793778,2.389998803,3.246282663
1782430342.105531931,0.961819107,2.396987997,3.262360562
1782430342.109956980,0.970123921,2.421373222,3.285868414
1782430342.110802174,0.968308344,2.462536116,3.319173139
1782430342.111882448,0.975528700,2.480735145,3.338942032
1782430342.113671303,0.983096458,2.505170335,3.343868513
1782430342.115351200,0.989950777,2.523145612,3.364311654
1782430342.120193243,1.006914986,2.547219555,3.385069019
1782430342.122531414,1.022793851,2.596580871,3.429240478
1782430342.123780251,1.031769475,2.626644034,3.449033185
1782430342.125375986,1.039427725,2.652987952,3.464087295
1782430342.127549171,1.060030556,2.679457092,3.495202183
1782430342.128719807,1.068604809,2.716740256,3.514905776
1782430342.134914160,1.080247415,2.741259383,3.538884918
1782430342.135799408,1.146143356,2.869413396,3.681691648
1782430342.136912584,1.159835684,2.914462985,3.716625144
1782430342.138697147,1.189222317,2.954643684,3.754954373
1782430342.140412331,1.213788514,3.003241125,3.798240287
1782430342.147515535,1.237564203,3.060245214,3.837481622
1782430342.148622274,1.307349893,3.252158926,3.958942404
1782430342.150168419,1.337645050,3.321007572,3.993734913
1782430342.152522087,1.376580073,3.394073399,4.035606755
1782430342.153598309,1.431520538,3.560922593,4.105618620
1782430342.159920216,1.478277792,3.633178218,4.144385664
1782430342.160805941,1.580118359,3.880637041,4.261611814
1782430342.161895990,1.615448003,3.962750111,4.302985546
1782430342.163665295,1.667302059,4.030508908,4.330434524
1782430342.165396214,1.697003578,4.095110122,4.367684342
1782430342.166847229,1.736815635,4.167887575,4.397106619
1782430342.172508955,1.771751978,4.236345006,4.426742677
1782430342.173602581,1.839976467,4.362503922,4.495011565
1782430342.175378799,1.875198167,4.423339326,4.517858642
1782430342.177522659,1.911156627,4.477832521,4.549697053
1782430342.178595066,1.981086655,4.596352115,4.602220236
1782430342.184964895,2.017499845,4.643202633,4.626883181
1782430342.185831070,2.137948591,4.771556002,4.696716697
1782430342.186918974,2.177561874,4.818482881,4.722329651
1782430342.188684702,2.196665237,4.861157059,4.746324533
1782430342.190397263,2.226055781,4.909374430,4.786577275
1782430342.195007801,2.277277020,4.948499661,4.801246484
1782430342.195796728,2.370480358,5.009595801,4.844343038
1782430342.197541714,2.422957255,5.058154232,4.878308173
1782430342.198619604,2.482960623,5.110739824,4.897478045
1782430342.200296402,2.526644401,5.166867394,4.924518305
1782430342.202531815,2.578348361,5.212646304,4.959242903
1782430342.203621387,2.635721010,5.278824843,4.976857513
1782430342.209903717,2.673521307,5.334009479,5.004794301
1782430342.210821867,2.832754281,5.530954874,5.103834406
1782430342.211937189,2.883391331,5.598762576,5.152080182
1782430342.213520527,2.923184848,5.682205408,5.177690184
1782430342.215337753,2.957475568,5.751148511,5.215045938
1782430342.222521782,2.994095547,5.820099952,5.253612352
1782430342.223640442,3.133934147,6.010808674,5.325993753
1782430342.225187540,3.151837135,6.068172366,5.348285413
1782430342.227572918,3.170286389,6.116150823,5.376670252
1782430342.228539944,3.231228953,6.219441050,5.395039436
1782430342.234955072,3.231017410,6.260858376,5.416234612
1782430342.235819817,3.350708304,6.386808282,5.442082115
1782430342.236908674,3.374978646,6.431569170,5.438893529
1782430342.238680601,3.352226720,6.493715065,5.442780471
1782430342.240383863,3.387770952,6.529262844,5.439063323
1782430342.247512341,3.388444540,6.584612556,5.445988794
1782430342.248604536,3.453364546,6.698250006,5.435656282
1782430342.250186443,3.451818252,6.731794349,5.434674583
1782430342.252546310,3.445482754,6.772374365,5.439242061
1782430342.253625870,3.472785693,6.817321507,5.420594737
1782430342.257050514,3.475722228,6.846126319,5.418576468
1782430342.260004997,3.486652535,6.867907283,5.400242630
1782430342.260888815,3.519748601,6.898019174,5.367092298
1782430342.262016773,3.526620816,6.908214681,5.354520145
1782430342.263560772,3.519335714,6.912223910,5.344617674
1782430342.265339375,3.499846958,6.920036431,5.326114290
1782430342.272511244,3.474611360,6.916989096,5.316687309
1782430342.273659945,3.470728378,6.855670413,5.240152452
1782430342.275304556,3.438596630,6.832039638,5.214035709
1782430342.277492523,3.406136172,6.794637376,5.195464738
1782430342.278577566,3.391453759,6.750242607,5.165756037
1782430342.284911156,3.353353894,6.703437964,5.134916574
1782430342.285777569,3.282283169,6.509981653,5.021473287
1782430342.286866903,3.259985050,6.443606175,4.981080520
1782430342.288681984,3.204163351,6.387236562,4.948877309
1782430342.290370703,3.169633524,6.316265384,4.898490777
1782430342.297538042,3.133574349,6.245707580,4.860293309
1782430342.298646450,3.041201258,6.001692508,4.665477156
1782430342.300296545,3.004011434,5.944097431,4.614806042
1782430342.302522182,2.969647326,5.884579379,4.576856734
1782430342.303611279,2.946069243,5.824799010,4.534479743
1782430342.310001373,2.897122919,5.762786255,4.486322906
1782430342.310979843,2.813787961,5.584457062,4.366043113
1782430342.311884880,2.788119767,5.528923146,4.340690540
1782430342.313684702,2.742046981,5.475404178,4.321670996
1782430342.315174103,2.694106573,5.417735643,4.303313458
1782430342.320586920,2.654270996,5.366205297,4.289017270
1782430342.322650909,2.595705216,5.262913964,4.235022700
1782430342.323511600,2.541359480,5.165290541,4.177406026
1782430342.325301886,2.480328613,5.099504927,4.149627307
1782430342.327500105,2.435390470,5.041310181,4.132790869
1782430342.328582287,2.387620070,4.980756162,4.089510437
1782430342.334937572,2.330507373,4.905212225,4.073387214
1782430342.335801125,2.188841829,4.692920265,3.956743905
1782430342.336908579,2.146054813,4.609518405,3.913362626
1782430342.338671923,2.067758676,4.524550871,3.899521099
1782430342.340378046,2.015095839,4.433966310,3.849357700
1782430342.347517252,1.957990692,4.337244123,3.828302338
1782430342.348593235,1.745045880,3.986165974,3.644523833
1782430342.350378275,1.689682050,3.874172400,3.609786317
1782430342.352543116,1.640690375,3.780506067,3.574103568
1782430342.353620529,1.586325749,3.690802805,3.524564350
1782430342.359868050,1.540648819,3.594144399,3.489607875
1782430342.360726595,1.393729294,3.329956309,3.348346401
1782430342.362039328,1.356562155,3.239348750,3.311650175
1782430342.363709688,1.307951295,3.153826672,3.276530873
1782430342.365393877,1.263037091,3.066654531,3.236609822
1782430342.372497082,1.227808916,2.983265401,3.211227017
1782430342.373620033,1.061000964,2.702188946,3.071869604
1782430342.375173807,1.019406047,2.627249187,3.048486892
1782430342.377532244,0.999095918,2.559657143,3.022681351
1782430342.378640175,0.962346494,2.504953240,3.002192570
1782430342.382661104,0.936111786,2.445460203,2.976149652
1782430342.383550167,0.880227667,2.335055674,2.920789737
1782430342.385395527,0.839838720,2.284826427,2.897564156
1782430342.387147427,0.811671628,2.230204532,2.874617517
1782430342.388715982,0.788786077,2.176307814,2.849285643
1782430342.390396595,0.752128087,2.136199620,2.819758997
1782430342.397513390,0.729071604,2.086597866,2.796536299
1782430342.398814917,0.657300757,1.970088634,2.746268279
1782430342.400305986,0.642744938,1.941117780,2.724246063
1782430342.401901484,0.624694762,1.908707113,2.709189507
1782430342.403624535,0.615087258,1.873522078,2.697052142
1782430342.409920931,0.606256333,1.859564030,2.687716838
1782430342.410770416,0.545576219,1.764499402,2.639708246
1782430342.411869764,0.532924432,1.738089582,2.628430846
1782430342.413668633,0.529543654,1.736588014,2.609675774
1782430342.415247202,0.510993272,1.714274437,2.599224850
1782430342.417053461,0.500999402,1.697291618,2.592259051
1782430342.422657728,0.488105486,1.683972288,2.584451155
1782430342.423553705,0.451559926,1.637669245,2.552188706
1782430342.425381660,0.436485118,1.632273590,2.541935744
1782430342.427513599,0.432896151,1.619133769,2.529022763
1782430342.428623915,0.421127860,1.610689677,2.521669386
1782430342.434923887,0.410403743,1.593066006,2.499673395
1782430342.435767412,0.381852778,1.561845067,2.458047768
1782430342.436864376,0.377933396,1.539330837,2.449483233
1782430342.438646555,0.365464947,1.541713674,2.426741748
1782430342.440383673,0.353023713,1.529559784,2.411181438
1782430342.444416046,0.353533766,1.518653231,2.406014151
1782430342.445195198,0.341281448,1.494825387,2.383965020
1782430342.447505236,0.339007002,1.481702330,2.376403024
1782430342.448693991,0.337136358,1.473375396,2.363834709
1782430342.450286150,0.325133093,1.467647441,2.352319765
1782430342.452512264,0.330857171,1.465062200,2.350429438
1782430342.453582764,0.327866925,1.459481491,2.337016480
1782430342.459980488,0.315781082,1.462393078,2.334593584
1782430342.460821390,0.302575342,1.445659998,2.328951781
1782430342.461911917,0.311019226,1.445426816,2.333458041
1782430342.463672638,0.309902444,1.461166113,2.320254098
1782430342.465368032,0.300056777,1.460877105,2.316504008
1782430342.472536325,0.299622686,1.459311499,2.313846824
1782430342.473625898,0.282985035,1.460488914,2.307491388
1782430342.475178242,0.282004338,1.475296068,2.305820699
1782430342.477497816,0.279055706,1.478220574,2.303756041
1782430342.478628397,0.282969652,1.488741642,2.316200816
1782430342.484981775,0.288439073,1.493697284,2.319823005
1782430342.485895157,0.287243416,1.503997486,2.329660842
1782430342.487011671,0.287391370,1.513049477,2.337858442
1782430342.488565922,0.289778274,1.517249109,2.340498287
1782430342.490365744,0.300485883,1.531766035,2.346484963
1782430342.492166758,0.297647496,1.539822538,2.346931847
1782430342.497544765,0.299950319,1.534066952,2.348892664
1782430342.498665810,0.310636003,1.552575917,2.374283570
1782430342.500231743,0.310962441,1.563758748,2.391279675
1782430342.502521753,0.314897145,1.566195906,2.398454279
1782430342.503609180,0.316385891,1.579920345,2.417307798
1782430342.506653786,0.325811153,1.587135135,2.424001949
1782430342.507462025,0.325632969,1.600803225,2.433104411
1782430342.509965420,0.333678126,1.598902277,2.445593670
1782430342.510841131,0.337998956,1.622085564,2.458018504
1782430342.511939287,0.335434469,1.631938449,2.472738290
1782430342.513506413,0.347072821,1.646557586,2.495913678
1782430342.515371084,0.353041610,1.662653762,2.508352653
1782430342.522189140,0.355464726,1.681308117,2.528621484
1782430342.523550987,0.375199411,1.742638134,2.597895749
1782430342.525325775,0.379606178,1.764384026,2.619514144
1782430342.527512550,0.391128630,1.783305307,2.644920409
1782430342.528614283,0.394377816,1.839249181,2.691825691
1782430342.534975529,0.411079479,1.862743070,2.716040492
1782430342.535842180,0.428319563,1.943231915,2.792287764
1782430342.536962032,0.443359684,1.968941383,2.809173539
1782430342.538728237,0.446877950,1.997042946,2.823725700
1782430342.540395021,0.457746138,2.013489717,2.851934456
1782430342.547517300,0.468001524,2.046789710,2.875671429
1782430342.548734426,0.493732620,2.149888183,2.966497211
1782430342.550335407,0.503644046,2.177346144,2.985416910
1782430342.552450418,0.521051971,2.216135279,3.008966646
1782430342.553530931,0.526782164,2.256096408,3.032286904
1782430342.559895515,0.536589271,2.296091508,3.052933416
1782430342.560731173,0.580468115,2.440246730,3.153582837
1782430342.562039375,0.605201503,2.493431631,3.192476201
1782430342.563685417,0.629557236,2.566377953,3.220543966
1782430342.565385580,0.647375323,2.626480489,3.256107305
1782430342.572523594,0.676186743,2.694840641,3.290680630
1782430342.573626518,0.788994928,2.996788200,3.457976879
1782430342.575387955,0.827136605,3.079273209,3.502666505
1782430342.577523708,0.871141659,3.172435010,3.538869466
1782430342.578583956,0.901341189,3.261956542,3.578836561
1782430342.582680225,0.940567657,3.359121696,3.606891317
1782430342.583579302,1.015193695,3.530079472,3.673630395
1782430342.585208654,1.052280093,3.608263652,3.701606702
1782430342.587146997,1.103448577,3.696276205,3.730896029
1782430342.588696480,1.150827095,3.777490314,3.750381627
1782430342.590408325,1.189065433,3.843243444,3.779349266
1782430342.597495794,1.235922779,3.918503185,3.800714216
1782430342.598633289,1.389936055,4.148167526,3.882668464
1782430342.600217581,1.435089148,4.193446618,3.894584859
1782430342.602525711,1.478662143,4.249271380,3.904970572
1782430342.603585482,1.516162266,4.300822997,3.919641306
1782430342.609856606,1.556942493,4.338834028,3.927172079
1782430342.610707283,1.681869947,4.444164012,3.960864888
1782430342.612018585,1.725364524,4.481001458,3.968930702
1782430342.613673687,1.762408134,4.529505258,3.964338461
1782430342.615202188,1.806926792,4.554490433,3.972214899
1782430342.616867542,1.852395076,4.595626878,3.981071970
1782430342.622637749,1.899216178,4.629882869,3.974571510
1782430342.623714209,2.034460159,4.713707869,3.990090832
1782430342.625371218,2.075076312,4.748534142,3.997802911
1782430342.627502918,2.105762051,4.796032618,4.010683324
1782430342.628596306,2.145855067,4.847237991,4.021245984
1782430342.634930372,2.173130517,4.913417137,4.044123156
1782430342.635764122,2.325274469,5.117139820,4.131464305
1782430342.636857271,2.397160859,5.207837715,4.175367651
1782430342.638603449,2.431432371,5.322245007,4.204805455
1782430342.640205383,2.503103729,5.409324271,4.250168955
1782430342.644761562,2.569314776,5.511514084,4.302856002
1782430342.645504713,2.709780613,5.702593234,4.378422139
1782430342.647619247,2.773775502,5.781126020,4.418849849
1782430342.648504972,2.843508520,5.864842465,4.456158474
1782430342.650199175,2.877398035,5.939651378,4.488267988
1782430342.652513504,2.915310273,6.025747044,4.524009620
1782430342.653595209,2.958293535,6.088709136,4.555193776
1782430342.659983873,2.976919960,6.158858322,4.585190617
1782430342.660867453,3.071126073,6.296947960,4.652763103
1782430342.661988497,3.100113637,6.328403863,4.673477545
1782430342.663564205,3.100421682,6.375053017,4.687983087
1782430342.665409088,3.095834134,6.418135616,4.687273895
1782430342.666862249,3.091887647,6.450227119,4.703821342
1782430342.672524929,3.110752771,6.479176321,4.707438568
1782430342.673598766,3.130976652,6.519137159,4.710837163
1782430342.675235271,3.124598847,6.550472981,4.704310337
1782430342.677548885,3.114347151,6.569882085,4.705104142
1782430342.678644896,3.146617958,6.587808433,4.697862635
1782430342.684953451,3.129941858,6.598318734,4.687658432
1782430342.685806036,3.158239600,6.562806987,4.658969384
1782430342.686904907,3.169300803,6.527216720,4.651186373
1782430342.688650370,3.120252385,6.517367060,4.650222368
1782430342.690370798,3.107746490,6.482691649,4.643985773
1782430342.697522879,3.078196519,6.441295083,4.643872216
1782430342.698615789,3.017454514,6.286909932,4.615755307
1782430342.700283289,2.984274406,6.244078396,4.605922110
1782430342.702527046,2.942094675,6.199069218,4.591169719
1782430342.703593016,2.906817752,6.090415519,4.560187666
1782430342.707006216,2.877466905,6.047873672,4.534876863
1782430342.709968567,2.860623921,5.990233925,4.514348039
1782430342.710829020,2.817456939,5.879285343,4.455703696
1782430342.711924314,2.795151725,5.823690933,4.426422276
1782430342.713708401,2.752209902,5.768346150,4.406224694
1782430342.715404272,2.727199303,5.715163216,4.371955452
1782430342.722512007,2.692080251,5.659358908,4.342139938
1782430342.723622799,2.625127867,5.497992119,4.231932294
1782430342.725270748,2.597414379,5.447911168,4.210625330
1782430342.727523088,2.562984442,5.399348338,4.173095585
1782430342.728607416,2.516267554,5.276303530,4.095975210
1782430342.734961987,2.479085169,5.219928073,4.054483404
1782430342.735799789,2.413097250,5.026172423,3.936559686
1782430342.736889839,2.392738536,4.958156197,3.899922472
1782430342.738635302,2.354906872,4.904858600,3.874681994
1782430342.740358591,2.327148872,4.836764582,3.843139705
1782430342.747517109,2.294416020,4.758964342,3.812865049
1782430342.748601913,2.200710357,4.537239194,3.690619685
1782430342.750239849,2.151507719,4.459872428,3.656445862
1782430342.752534151,2.101041695,4.373273601,3.610219846
1782430342.753615618,2.022940495,4.205923914,3.527951841
1782430342.759925842,1.975359759,4.118314474,3.491738447
1782430342.760779619,1.851008302,3.857933906,3.375218924
1782430342.761863947,1.816758797,3.778857532,3.342477467
1782430342.763616085,1.747978048,3.686327085,3.316351421
1782430342.765400887,1.700461965,3.587110227,3.286873325
1782430342.768742085,1.655530091,3.496960916,3.253085210
1782430342.772536993,1.604621158,3.408656723,3.200897592
1782430342.773635387,1.520433986,3.221754227,3.132624781
1782430342.775179148,1.462858372,3.136142663,3.110079415
1782430342.777535915,1.413203558,3.038885074,3.078073254
1782430342.778604269,1.326286680,2.866674382,3.004147729
1782430342.784947157,1.275906091,2.773256080,2.967717058
1782430342.785706282,1.147792873,2.546457193,2.852065781
1782430342.787051201,1.106266661,2.478041033,2.823076229
1782430342.788602352,1.064189153,2.416503975,2.787716537
1782430342.790378571,1.013292259,2.347232682,2.753376894
1782430342.797525883,0.971080955,2.278525922,2.721653640
1782430342.798612833,0.809600090,2.063658819,2.578543355
1782430342.800271273,0.766578130,2.011326994,2.545342873
1782430342.802548409,0.727652122,1.950883762,2.506378114
1782430342.803626537,0.700310716,1.911812369,2.484465730
1782430342.809930325,0.663661374,1.872375928,2.450850031
1782430342.810767889,0.579143354,1.772096812,2.369485230
1782430342.811836481,0.553241187,1.753934760,2.352721540
1782430342.813624859,0.535542702,1.719993423,2.332541735
1782430342.815227509,0.504968496,1.706555234,2.315442443
1782430342.816849470,0.479183872,1.687263893,2.297679599
1782430342.822661877,0.462412848,1.665153022,2.286721693
1782430342.823507786,0.387363627,1.608150055,2.235953614
1782430342.825380564,0.367797147,1.598188111,2.226900284
1782430342.827510118,0.346244783,1.585971509,2.207203303
1782430342.828582048,0.333803341,1.572206699,2.201425684
1782430342.830662727,0.319934765,1.556180279,2.189228135
1782430342.834941626,0.304413090,1.556893755,2.179142972
1782430342.835787058,0.272443212,1.543033159,2.168198436
1782430342.836870193,0.254712972,1.548000251,2.162669404
1782430342.838651180,0.241069472,1.543933827,2.168341770
1782430342.840195894,0.233529005,1.550298489,2.183022048
1782430342.846683502,0.227956292,1.554493333,2.166069870
1782430342.847590923,0.213752472,1.566544093,2.188695393
1782430342.848570585,0.205809836,1.571475344,2.185005262
1782430342.850349665,0.209241692,1.574442014,2.194039213
1782430342.851890087,0.210033366,1.580069056,2.191523409
1782430342.853717089,0.203286080,1.594867216,2.193720287
1782430342.859929085,0.209419884,1.588081649,2.195358017
1782430342.860803843,0.201367496,1.582680660,2.202600951
1782430342.861897945,0.202827370,1.584296055,2.205523378
1782430342.863677025,0.198809028,1.586548100,2.205660328
1782430342.865174770,0.201306889,1.588480685,2.213339199
1782430342.872523785,0.202173812,1.586642347,2.218137220
1782430342.873621702,0.200650026,1.582741309,2.238914387
1782430342.875269175,0.205998621,1.581680008,2.248370298
1782430342.877516031,0.214472399,1.584312305,2.250713298
1782430342.878612518,0.216078228,1.581236810,2.249805247
1782430342.884927273,0.217479334,1.576701368,2.246835742
1782430342.885759592,0.193277761,1.563562328,2.239021512
1782430342.886868715,0.189091255,1.558865590,2.240258857
1782430342.888630390,0.179010343,1.568281705,2.241492269
1782430342.890168428,0.176713480,1.557320898,2.231723484
1782430342.893664598,0.179103932,1.558036077,2.235883967
1782430342.897531271,0.182102129,1.563823026,2.237316297
1782430342.898629189,0.185219818,1.553871825,2.231818857
1782430342.900188684,0.186753592,1.552953979,2.228682768
1782430342.902524948,0.195202636,1.554224808,2.242363600
1782430342.903611183,0.196959831,1.561772812,2.240149229
1782430342.909262419,0.202442028,1.562145804,2.241544921
1782430342.910248518,0.204243951,1.575617907,2.271660413
1782430342.912184715,0.208593397,1.579386304,2.277942886
1782430342.913496971,0.212737944,1.594105714,2.286365233
1782430342.915176630,0.211961886,1.595198701,2.288133647
1782430342.922651291,0.223078864,1.605741301,2.298747800
1782430342.923507690,0.231926041,1.638264763,2.337079211
1782430342.925193071,0.224176918,1.652247192,2.349300377
1782430342.927528858,0.237067174,1.656620286,2.363810613
1782430342.928617954,0.239031486,1.672961386,2.385812680
1782430342.934972048,0.248274932,1.688528211,2.392241183
1782430342.935817719,0.266503937,1.723303325,2.433292961
1782430342.936898708,0.268853992,1.726026800,2.440966911
1782430342.938652039,0.283090705,1.739639367,2.452203665
1782430342.940476179,0.288300503,1.759317159,2.461317967
1782430342.941860676,0.290128680,1.775463886,2.476439608
1782430342.947564125,0.301134405,1.778042330,2.496236419
1782430342.948691607,0.309402487,1.816502678,2.525913810
1782430342.950241804,0.322778540,1.835954974,2.545855028
1782430342.952548742,0.332230722,1.865278871,2.562668476
1782430342.953639269,0.360906776,1.911161308,2.613237804
1782430342.955638647,0.364715610,1.944298362,2.630147711
1782430342.959985733,0.382821124,1.969119828,2.659621494
1782430342.960863590,0.407241300,2.025892990,2.715818855
1782430342.961954355,0.419266958,2.057015653,2.754394630
1782430342.963514090,0.443816714,2.093525310,2.794462971
1782430342.965204000,0.462348658,2.132498635,2.829354291
1782430342.966855526,0.474628716,2.177809723,2.858830937
1782430342.970623732,0.497063683,2.213703017,2.899951888
1782430342.972532749,0.515237011,2.266680297,2.940026131
1782430342.973608971,0.530517071,2.316613541,2.975643148
1782430342.975170135,0.562605955,2.384603182,3.021708927
1782430342.977549314,0.596853058,2.462021196,3.059361953
1782430342.978637457,0.655754575,2.596714950,3.135692017
1782430342.984949589,0.691008536,2.680525004,3.180825579
1782430342.985812187,0.809681425,2.925610354,3.298672851
1782430342.986916304,0.851834326,3.019785647,3.334292926
1782430342.988678694,0.917387531,3.109388825,3.355742439
1782430342.990376234,0.966830679,3.199429372,3.396754666
1782430342.997536659,1.016274892,3.292548298,3.426346741
1782430342.998625278,1.151220160,3.553008262,3.528490043
1782430343.000185966,1.194036443,3.632423223,3.541824889
1782430343.002560139,1.249195710,3.711743208,3.570045457
1782430343.003679991,1.340691216,3.868159269,3.634489063
1782430343.009971619,1.389420244,3.949725649,3.667977856
1782430343.010848999,1.532517667,4.156497179,3.763838643
1782430343.012000799,1.580148810,4.227695275,3.791221165
1782430343.013554573,1.634045094,4.290651022,3.809171449
1782430343.015195847,1.684786109,4.352186008,3.830207146
1782430343.016883850,1.730465831,4.414403752,3.840560173
1782430343.022519112,1.783362504,4.460307553,3.858043028
1782430343.023630142,1.954764760,4.652064513,3.946884149
1782430343.025270939,2.006417932,4.740987034,3.973950120
1782430343.027505398,2.043528732,4.837403965,4.006890016
1782430343.028627872,2.105806310,4.920146413,4.037651182
1782430343.033263445,2.123493983,5.019990020,4.077800319
1782430343.034067392,2.265496259,5.210130689,4.139556780
1782430343.035409212,2.329978964,5.306656612,4.180082769
1782430343.037211418,2.378442924,5.420710504,4.215981178
1782430343.038578987,2.444471633,5.512931384,4.251600156
1782430343.040390015,2.498534047,5.614951119,4.282221286
1782430343.047536373,2.539636057,5.726429169,4.308600247
1782430343.048647165,2.780441404,6.046431471,4.393204542
1782430343.050191402,2.806802566,6.125933089,4.403444955
1782430343.052538872,2.820283887,6.195374710,4.414088443
1782430343.053628206,2.851185519,6.242000679,4.415136326
1782430343.059940815,2.862941718,6.284377000,4.423544623
1782430343.060803652,2.927193507,6.375508505,4.432434208
1782430343.061885595,2.952753131,6.391625639,4.443290311
1782430343.063670635,2.905212716,6.440908727,4.447018121
1782430343.065195799,2.923727805,6.459271287,4.442991061
1782430343.066861391,2.912288183,6.474471743,4.446608636
1782430343.072615385,2.936119119,6.489333920,4.442856830
1782430343.073682308,2.977115151,6.503075338,4.406386582
1782430343.075162172,2.946648189,6.516520610,4.397037701
1782430343.077509165,2.932188410,6.508579699,4.383554795
1782430343.078590393,2.917699092,6.505489076,4.371075971
1782430343.080294132,2.893188084,6.500634221,4.351096641
1782430343.084951878,2.893773955,6.474166588,4.338667252
1782430343.085798502,2.856764344,6.439817257,4.301080389
1782430343.086905718,2.854980098,6.414806870,4.278659200
1782430343.088672638,2.782288182,6.411970735,4.273243936
1782430343.090174675,2.776715851,6.373975955,4.242940298
1782430343.095381021,2.728991422,6.346182631,4.234418589
1782430343.097554684,2.704986018,6.273363200,4.167234634
1782430343.098655224,2.662624023,6.172335179,4.108660767
1782430343.100366116,2.602668506,6.121282621,4.087847414
1782430343.102538109,2.576648992,6.053693604,4.055248496
1782430343.103621006,2.522648195,5.994815524,4.018434700
1782430343.109916687,2.475905262,5.906806797,3.983767063
1782430343.110774517,2.337480944,5.645830522,3.853686584
1782430343.111862183,2.304481549,5.551804136,3.805664435
1782430343.113649845,2.211490580,5.469465838,3.778405181
1782430343.115415335,2.146659444,5.384407125,3.744350272
1782430343.122562647,2.101940201,5.296530715,3.704662736
1782430343.123646498,1.931401819,5.010867859,3.552380236
1782430343.125279903,1.867476885,4.948078132,3.532443794
1782430343.127203703,1.830042732,4.880962284,3.493575879
1782430343.128679514,1.787893805,4.819319136,3.468185609
1782430343.134944916,1.739224534,4.760530134,3.426916757
1782430343.135777235,1.629900721,4.584278071,3.332325811
1782430343.136878014,1.602509974,4.514348401,3.295715312
1782430343.138645411,1.549988622,4.454713949,3.273391004
1782430343.140179396,1.512599893,4.393447345,3.226402245
1782430343.141851902,1.458140796,4.326523429,3.205615998
1782430343.147580147,1.435342889,4.265856832,3.171390176
1782430343.148735523,1.327868837,4.061280250,3.054141806
1782430343.150366783,1.287847272,3.993039131,3.024023904
1782430343.152456284,1.239570692,3.924547661,2.981307406
1782430343.153542280,1.204846751,3.846362680,2.949796653
1782430343.158251047,1.171170756,3.766961870,2.913158061
1782430343.158976793,1.098979600,3.613880136,2.823814375
1782430343.160351038,1.062309192,3.528567449,2.788888876
1782430343.162182093,1.013015362,3.462348418,2.751934848
1782430343.163717508,0.970570896,3.370178272,2.719311209
1782430343.165193796,0.942295050,3.294984930,2.675070588
1782430343.172645092,0.899282376,3.219575286,2.638805817
1782430343.173727274,0.778510155,2.911498021,2.479158373
1782430343.175211906,0.742574356,2.839995421,2.444274759
1782430343.177483082,0.704568028,2.763508853,2.394173265
1782430343.178565025,0.683083531,2.693146320,2.360568868
1782430343.184972525,0.649236544,2.623707633,2.315336834
1782430343.185814857,0.576085466,2.433636625,2.206781357
1782430343.186891794,0.547639907,2.373691449,2.174863717
1782430343.188665390,0.517219977,2.305245141,2.149793747
1782430343.190351486,0.489685084,2.249423688,2.123245048
1782430343.197528601,0.470853435,2.191375805,2.091470179
1782430343.198633671,0.392693444,2.024503349,2.007715146
1782430343.200200319,0.376420590,1.965836661,1.980004909
1782430343.202554703,0.352691523,1.906529357,1.947178673
1782430343.203622103,0.314860068,1.801066051,1.905128967
1782430343.205547810,0.292806191,1.757718556,1.876733056
1782430343.209877968,0.264097997,1.700334780,1.855778999
1782430343.210748911,0.245077840,1.620207727,1.805667943
1782430343.211839199,0.216887307,1.564829742,1.777985473
1782430343.213603973,0.224468238,1.525544350,1.765519759
1782430343.215347767,0.200458531,1.488733716,1.741892476
1782430343.221583605,0.190942469,1.440461899,1.725149185
1782430343.222306252,0.141905694,1.345990637,1.691365385
1782430343.223517895,0.123672896,1.312279178,1.692737558
1782430343.225390673,0.115246784,1.288920156,1.688780607
1782430343.227566004,0.103376197,1.271377132,1.701330409
1782430343.228654146,0.093981981,1.251174766,1.702951144
1782430343.234909058,0.085706230,1.241064488,1.695630063
1782430343.235742807,0.064877461,1.203076912,1.707307599
1782430343.237053633,0.070042437,1.197308778,1.711304276
1782430343.238702297,0.062845398,1.195894761,1.718109437
1782430343.240381479,0.047058348,1.184323707,1.718518014
1782430343.247545958,0.053958337,1.183411165,1.721039511
1782430343.248618841,0.032716801,1.190997595,1.747714922
1782430343.250268936,0.040077399,1.189541569,1.726367325
1782430343.252582788,0.050041134,1.203297911,1.741944087
1782430343.253671408,0.048116869,1.237589416,1.761557074
1782430343.259954453,0.050302475,1.234218907,1.769467130
1782430343.260804415,0.048191145,1.268343811,1.797757789
1782430343.261919737,0.042755688,1.276556933,1.808990259
1782430343.263677120,0.047958931,1.295787624,1.818545130
1782430343.265405416,0.049854987,1.297389637,1.833472383
1782430343.267248154,0.053072791,1.318236555,1.845635047
1782430343.272540808,0.049308069,1.326491529,1.857422188
1782430343.273711443,0.049798257,1.351939261,1.887826658
1782430343.275276423,0.053017970,1.367106092,1.896569511
1782430343.277517319,0.054727575,1.378576962,1.912395646
1782430343.278606415,0.052523969,1.394537608,1.927002875
1782430343.283355474,0.050832531,1.403943068,1.936864875
1782430343.284217358,0.044188874,1.436149568,1.971179255
1782430343.285350561,0.042931635,1.445068409,1.986470473
1782430343.286973476,0.041969874,1.462733459,2.000911016
1782430343.288542509,0.036616685,1.470385033,2.014671845
1782430343.290223598,0.045999517,1.483495211,2.037198615
1782430343.291888952,0.039259101,1.504543448,2.052751712
1782430343.297778130,0.034575931,1.509025020,2.075224220
1782430343.298718691,0.047332968,1.549982308,2.152062693
1782430343.300343990,0.062167834,1.569468615,2.179016910
1782430343.302556992,0.069356805,1.595040435,2.203176398
1782430343.303710699,0.072509325,1.606796250,2.228703133
1782430343.309995174,0.087924140,1.629751595,2.250849047
1782430343.310861349,0.111517174,1.685990323,2.333627165
1782430343.311946154,0.119962380,1.711602163,2.357982124
1782430343.313555241,0.134749024,1.731246836,2.385968180
1782430343.315199375,0.153887799,1.753431088,2.417509248
1782430343.316873550,0.153375885,1.776486408,2.440306577
1782430343.322533131,0.170421728,1.796882640,2.480794416
1782430343.323616743,0.222543080,1.861797103,2.560596983
1782430343.325311899,0.237159295,1.892100730,2.585322513
1782430343.327508211,0.257541832,1.916247321,2.607284600
1782430343.328592062,0.273095407,1.935925741,2.643415787
1782430343.334934950,0.278805654,1.967321350,2.668818734
1782430343.335774183,0.321132489,2.027458287,2.769840207
1782430343.336858988,0.335924345,2.052025140,2.802161993
1782430343.338626385,0.357553805,2.078477994,2.837653547
1782430343.340221643,0.373474479,2.105596596,2.868954160
1782430343.341872692,0.386536676,2.131148831,2.904645809
1782430343.344930887,0.402551855,2.150191838,2.946981608
1782430343.345661879,0.423353337,2.179617143,2.980991983
1782430343.347541571,0.431101415,2.202112470,3.020914951
1782430343.348638773,0.452316442,2.229372167,3.061435400
1782430343.350184679,0.463472094,2.263935111,3.094191144
1782430343.352539539,0.480379433,2.293508066,3.136055104
1782430343.353631735,0.498200069,2.323358773,3.183099633
1782430343.359971762,0.508418189,2.358610636,3.218497020
1782430343.360885620,0.545488141,2.456945324,3.345591405
1782430343.361994028,0.563558624,2.488609831,3.397644972
1782430343.363662720,0.586037373,2.527464029,3.439065865
1782430343.365180254,0.597480370,2.579365215,3.474771034
1782430343.372505188,0.620042399,2.622969072,3.511496546
1782430343.373595476,0.684084427,2.757343182,3.632556149
1782430343.375243425,0.713166443,2.818665308,3.670385256
1782430343.377534389,0.735562938,2.878064122,3.699788598
1782430343.378593445,0.760808783,2.930371607,3.731892136
1782430343.384891748,0.796608384,3.000730884,3.759520144
1782430343.385730267,0.906482044,3.240587938,3.890380236
1782430343.387041569,0.951475775,3.305103085,3.917903777
1782430343.388678074,0.985002212,3.376672050,3.939560415
1782430343.390192509,1.003004947,3.450309110,3.974322658
1782430343.391851902,1.039169628,3.515829226,4.003584642
1782430343.397610903,1.065004410,3.583909330,4.039334312
1782430343.398703337,1.127188086,3.782433666,4.149768751
1782430343.400229454,1.159276089,3.863335257,4.169558549
1782430343.402570009,1.203182416,3.936657111,4.195212674
1782430343.403658390,1.234849998,4.009902004,4.230900693
1782430343.406033993,1.269803611,4.083739908,4.251981430
1782430343.406892538,1.305789098,4.142379266,4.289391645
1782430343.409902334,1.336370243,4.209612994,4.327725195
1782430343.410841703,1.368819941,4.267583427,4.356632987
1782430343.412014484,1.411198961,4.323946794,4.395635987
1782430343.413613796,1.453087851,4.395460715,4.409937320
1782430343.415251970,1.499355269,4.461291717,4.424827952
1782430343.416913986,1.549200070,4.530539768,4.446515776
1782430343.422029018,1.580654903,4.597114769,4.473166881
1782430343.423575640,1.664708736,4.711124746,4.516846417
1782430343.425321341,1.714320662,4.795328409,4.524223493
1782430343.427548409,1.756074752,4.863711219,4.533139133
1782430343.428630590,1.851941839,4.978974205,4.559573289
1782430343.435010672,1.891577363,5.032168329,4.554934272
1782430343.435842037,2.023554914,5.177804659,4.565234579
1782430343.436947107,2.071782683,5.205549464,4.557565406
1782430343.438576698,2.117387428,5.254428611,4.545743138
1782430343.440188169,2.157638479,5.299474076,4.522470233
1782430343.441882610,2.195600688,5.325382688,4.506903983
1782430343.447534084,2.254792540,5.358854017,4.490946333
1782430343.448627472,2.344934484,5.418206903,4.463020008
1782430343.450211287,2.369890374,5.459995770,4.455743340
1782430343.452097178,2.388569490,5.506763121,4.448867919
1782430343.453608990,2.411712894,5.547316810,4.452678425
1782430343.459889650,2.451338199,5.588190270,4.457633459
1782430343.460757494,2.618432675,5.777956487,4.484677248
1782430343.461837530,2.673713105,5.822014350,4.504775747
1782430343.463589430,2.681124982,5.888038835,4.521639032
1782430343.465213776,2.721480419,5.938926848,4.539960719
1782430343.466885328,2.749266163,5.999799498,4.578777304
1782430343.472580910,2.792218845,6.055811290,4.608325938
1782430343.473707199,2.879589420,6.179396658,4.677411263
1782430343.475254059,2.894448800,6.263995550,4.720673873
1782430343.477541924,2.909499108,6.339250834,4.771634632
1782430343.478602171,3.019368793,6.494028442,4.858911452
1782430343.482543468,3.037738330,6.582590335,4.904463734
1782430343.484975100,3.106769011,6.665088780,4.946832022
1782430343.485816717,3.207665192,6.813865230,5.024710444
1782430343.486932278,3.264610090,6.876452360,5.061246281
1782430343.488575697,3.287858938,6.945335993,5.105212590
1782430343.490409613,3.293067970,7.009322591,5.141272672
1782430343.497544527,3.320796521,7.069737521,5.187287974
1782430343.498642683,3.438497569,7.205822019,5.268553159
1782430343.500284672,3.429725496,7.248067489,5.299080470
1782430343.502531290,3.431527620,7.276680976,5.328112507
1782430343.503602505,3.471351962,7.317363668,5.353599724
1782430343.509957790,3.470185836,7.332923776,5.379542201
1782430343.510791779,3.514963619,7.318765218,5.386964167
1782430343.511890411,3.528295027,7.296300350,5.375284359
1782430343.513653040,3.470958830,7.283796406,5.385960542
1782430343.515213251,3.476688775,7.257217427,5.384932367
1782430343.516915560,3.441830989,7.225018780,5.390979762
1782430343.522513390,3.431470096,7.188920284,5.373656169
1782430343.523590326,3.394883354,7.046183173,5.343884306
1782430343.525265455,3.370038968,6.984279726,5.331493363
1782430343.527513742,3.317831816,6.940945457,5.327002182
1782430343.528594017,3.301969864,6.867645320,5.302582558
1782430343.534966707,3.257239130,6.809724097,5.292121872
1782430343.535809517,3.211460165,6.642536452,5.229752305
1782430343.536905527,3.205229687,6.588421476,5.200533663
1782430343.538655281,3.154501446,6.542590972,5.186574793
1782430343.540196896,3.140806743,6.496991913,5.154930236
1782430343.541852236,3.114657684,6.440617035,5.139774797
1782430343.544362783,3.092264605,6.399983446,5.108182900
1782430343.545234442,3.062872523,6.347123926,5.075209891
1782430343.547517300,3.046457312,6.301180373,5.047900963
1782430343.548807383,3.025262498,6.243795144,5.019096568
1782430343.550180197,2.987776421,6.171033455,4.985400385
1782430343.552545547,2.954049490,6.125777696,4.960007480
1782430343.553619862,2.935742884,6.067434707,4.923649114
1782430343.559976578,2.893704944,6.011674395,4.883102190
1782430343.560833931,2.820905921,5.815185175,4.757713887
1782430343.561927080,2.791298098,5.746340451,4.714357771
1782430343.563682318,2.742972155,5.669231066,4.672793751
1782430343.565205812,2.696089100,5.585878378,4.620186870
1782430343.572659492,2.658950519,5.499362326,4.577185328
1782430343.573503017,2.464540599,5.143074075,4.368450311
1782430343.575370312,2.405499288,5.036777282,4.314395112
1782430343.577563763,2.347667791,4.943139952,4.260586992
1782430343.578654766,2.290477223,4.836518807,4.203278154
1782430343.584952116,2.223927236,4.743415957,4.150263051
1782430343.585790396,2.064114246,4.435838819,3.966078619
1782430343.586888313,2.013209943,4.330591031,3.902439369
1782430343.588641405,1.935114252,4.232860527,3.848939346
1782430343.590221405,1.879769571,4.125647066,3.789922932
1782430343.591865301,1.828121355,4.027741619,3.738621100
1782430343.597610950,1.774534838,3.935793302,3.676074553
1782430343.598695517,1.624777641,3.654598430,3.512884155
1782430343.600167751,1.568258359,3.545715754,3.454592663
1782430343.602565050,1.514686896,3.447750056,3.404638075
1782430343.603688240,1.455870682,3.352571159,3.343064604
1782430343.606641531,1.391033326,3.251284326,3.281654076
1782430343.607405186,1.347837019,3.150152626,3.226072303
1782430343.609954357,1.287925337,3.053486840,3.164016889
1782430343.610829592,1.230233464,2.951978120,3.102730841
1782430343.611944914,1.181940090,2.852382791,3.045678003
1782430343.613507986,1.123068367,2.757681409,2.985285213
1782430343.615242481,1.074889982,2.665739616,2.933458090
1782430343.616912603,1.026474560,2.584208644,2.888004025
1782430343.622246265,0.985205643,2.514998579,2.842251292
1782430343.623562574,0.910098169,2.378052628,2.778730921
1782430343.625245094,0.871815331,2.304241850,2.740770567
1782430343.627579927,0.846459647,2.234269723,2.714075021
1782430343.628664970,0.774411276,2.120820361,2.653647303
1782430343.634957314,0.745962713,2.062831428,2.626879987
1782430343.635806799,0.661587878,1.931581962,2.560560990
1782430343.636899471,0.642035448,1.903055396,2.548532252
1782430343.638697386,0.619908846,1.864904364,2.524530358
1782430343.640214682,0.597487251,1.827143492,2.510523850
1782430343.641866922,0.587384514,1.815045844,2.494688791
1782430343.647518158,0.564493914,1.795600804,2.482924322
1782430343.648597002,0.539640708,1.763877389,2.466132710
1782430343.650264740,0.536278234,1.752826466,2.463280277
1782430343.652518034,0.541255718,1.753220272,2.467279300
1782430343.653614759,0.521912246,1.755616803,2.463332785
1782430343.659955978,0.518660797,1.761173438,2.467077006
1782430343.660816431,0.509630434,1.773783800,2.484218689
1782430343.661912203,0.506566661,1.780992808,2.488438051
1782430343.663689137,0.507600254,1.795422856,2.480096296
1782430343.665196419,0.502313120,1.793600346,2.490818671
1782430343.666860819,0.501959082,1.802958170,2.491473245
1782430343.668815613,0.492788679,1.803296280,2.492562609
1782430343.672570944,0.491729201,1.799510972,2.496226599
1782430343.673669338,0.485543324,1.809718395,2.496527866
1782430343.675271034,0.475651990,1.808461450,2.497266697
1782430343.677582741,0.478493568,1.809288476,2.499283915
1782430343.678659201,0.461642465,1.797453711,2.494432325
1782430343.683681011,0.461297781,1.805182157,2.496428328
1782430343.685239792,0.448206879,1.796253396,2.501068753
1782430343.687174082,0.452551910,1.783700179,2.493645450
1782430343.688727140,0.443768119,1.789699515,2.484615022
1782430343.690213919,0.437631641,1.776083419,2.486536459
1782430343.691874743,0.440468736,1.782024188,2.489793345
1782430343.697668314,0.435483451,1.781572116,2.490084538
1782430343.698524475,0.432242068,1.771490258,2.505548135
1782430343.700239658,0.437705904,1.770945089,2.512493680
1782430343.702558517,0.446508934,1.774770090,2.520933259
1782430343.703661919,0.460003272,1.775116684,2.536711777
1782430343.709960461,0.471499279,1.786499520,2.543985449
1782430343.710803986,0.497519456,1.806110892,2.578033097
1782430343.711906672,0.504767345,1.814956175,2.589198389
1782430343.713670015,0.513912758,1.828724178,2.600406643
1782430343.715257645,0.526622727,1.838259429,2.618789907
1782430343.716940403,0.520863765,1.854694284,2.623009932
1782430343.722696066,0.525409775,1.847296065,2.644792666
1782430343.723543406,0.539243682,1.870510626,2.698472497
1782430343.725200891,0.553634813,1.876965220,2.716137581
1782430343.727568388,0.556125898,1.883348834,2.721022115
1782430343.728671074,0.561735351,1.884757049,2.737161611
1782430343.734914064,0.575925063,1.895543672,2.752872633
1782430343.735767126,0.585992886,1.899252986,2.780588108
1782430343.736851692,0.586581839,1.907310895,2.793102421
1782430343.738612890,0.589364350,1.916407279,2.799522839
1782430343.740215302,0.606060340,1.921937845,2.809751530
1782430343.741863251,0.598161467,1.934694478,2.820657228
1782430343.745872021,0.597887284,1.934359405,2.829712268
1782430343.747598886,0.612820402,1.953496162,2.854826404
1782430343.748695612,0.618368181,1.966380361,2.863353704
1782430343.750317812,0.632111218,1.986505756,2.883692654
1782430343.752548695,0.643734537,2.003810208,2.897583951
1782430343.753624916,0.652915824,2.020074751,2.913381018
1782430343.759975672,0.669209953,2.035367052,2.935300616
1782430343.760811329,0.690154827,2.087743369,3.006982101
1782430343.761897564,0.698436284,2.111560951,3.033947049
1782430343.763657808,0.706429821,2.131318438,3.063759756
1782430343.765186787,0.727712148,2.151198546,3.097715830
1782430343.766858578,0.732416039,2.189048018,3.125919935
1782430343.772589922,0.739322961,2.215423121,3.158561558
1782430343.773672819,0.767498433,2.307912244,3.265160793
1782430343.775308371,0.784298890,2.335885439,3.305994105
1782430343.777538300,0.792203488,2.377269201,3.345428018
1782430343.778641462,0.801348407,2.406016077,3.381343328
1782430343.784931421,0.820174162,2.438447021,3.424987454
1782430343.785787106,0.866355092,2.548984352,3.535213062
1782430343.786873579,0.881501818,2.593396787,3.579281775
1782430343.788645983,0.896292018,2.634844741,3.608446308
1782430343.790236712,0.911447021,2.666497244,3.651202595
1782430343.791946411,0.930739851,2.717206371,3.685919175
1782430343.797681093,0.939275434,2.758770319,3.726797219
1782430343.798528910,0.990279805,2.885588101,3.850725132
1782430343.800186396,1.022160138,2.929631460,3.892823033
1782430343.802568436,1.046829823,2.987875679,3.928949636
1782430343.803674459,1.068432974,3.030437173,3.970767925
1782430343.807691813,1.100397147,3.072304648,4.007693800
1782430343.808533669,1.143294518,3.146627960,4.079964952
1782430343.810215950,1.170919656,3.198623021,4.116751283
1782430343.812201738,1.187449400,3.245132405,4.145365485
1782430343.813511610,1.215956458,3.293358578,4.190484855
1782430343.815233946,1.234268806,3.351241352,4.223454166
1782430343.816877127,1.263014789,3.417612800,4.264968385
1782430343.822667599,1.286494232,3.474844796,4.311975461
1782430343.823519468,1.372226628,3.693780997,4.445146328
1782430343.825188875,1.417846879,3.783128797,4.478002423
1782430343.827621937,1.460859384,3.877762417,4.516784268
1782430343.828723907,1.515894812,3.959300741,4.564832153
1782430343.834972858,1.562676160,4.062447417,4.601814559
1782430343.835832357,1.677117305,4.351693062,4.747459600
1782430343.836919308,1.711756636,4.444213094,4.791950589
1782430343.838709116,1.767098790,4.546813286,4.808132055
1782430343.840223551,1.810426525,4.638788799,4.834357428
1782430343.841886997,1.855545122,4.731750109,4.858068712
1782430343.847726583,1.904672458,4.805336825,4.882120352
1782430343.848572016,2.031090617,5.007501907,4.941657240
1782430343.850223541,2.066211066,5.084437456,4.945114451
1782430343.852541685,2.099726379,5.151261434,4.944388605
1782430343.853614807,2.133461438,5.194823350,4.956100136
1782430343.859977961,2.157274032,5.257563178,4.956016874
1782430343.860836506,2.267674112,5.332696236,4.955310741
1782430343.861929655,2.301510761,5.335070424,4.941203088
1782430343.863697052,2.323681240,5.376437198,4.918745546
1782430343.865238190,2.356944285,5.397528038,4.911886853
1782430343.866899252,2.378935183,5.423725401,4.891877931
1782430343.869836807,2.416520296,5.428387213,4.896607409
1782430343.870558262,2.446811222,5.449817077,4.893129296
1782430343.872706175,2.474446002,5.466414792,4.894637197
1782430343.873569012,2.515295492,5.490233265,4.899513027
1782430343.875359058,2.542414633,5.538547943,4.891266679
1782430343.877544641,2.559720633,5.578235449,4.880076747
1782430343.878663540,2.600668607,5.605571983,4.872769942
1782430343.884890318,2.627620070,5.644846898,4.863037486
1782430343.885757923,2.739193547,5.748643486,4.854257767
1782430343.886848688,2.770896061,5.778568122,4.850971821
1782430343.888616800,2.771564676,5.823781467,4.840823488
1782430343.890203476,2.796248355,5.843563126,4.840248425
1782430343.891851902,2.799022148,5.878852582,4.826438194
1782430343.897550344,2.818903171,5.897346003,4.832997691
1782430343.898629189,2.837275953,5.937109227,4.841005846
1782430343.900291681,2.832080834,5.961155790,4.839267604
1782430343.902579069,2.830409060,5.986633185,4.846374873
1782430343.903685808,2.854003039,6.018380715,4.850160032
1782430343.909976006,2.854405033,6.039612104,4.850136069
1782430343.910826445,2.899066832,6.072525948,4.834492989
1782430343.911912203,2.907864367,6.079299074,4.824524020
1782430343.913677454,2.896196823,6.101823305,4.813701332
1782430343.915247440,2.899780958,6.101599349,4.799077730
1782430343.916905880,2.887920686,6.108465477,4.784496326
1782430343.922661066,2.902178622,6.099705318,4.772027848
1782430343.923497438,2.904674753,6.092803587,4.747178928
1782430343.925183296,2.888393338,6.083121880,4.729972073
1782430343.927545309,2.873822121,6.078427441,4.721798580
1782430343.928642750,2.871140683,6.041281500,4.690332782
1782430343.932509422,2.854589836,6.021832698,4.680686431
1782430343.934967518,2.855969493,5.991554946,4.663208530
1782430343.935809612,2.864632784,5.925842014,4.598237610
1782430343.936896086,2.831449340,5.896358995,4.586928311
1782430343.938671827,2.783926516,5.855792684,4.541930504
1782430343.940231085,2.777268775,5.802352647,4.512836515
1782430343.941883802,2.737100943,5.764868386,4.490316156
1782430343.947557449,2.715933530,5.709694799,4.449413393
1782430343.948647499,2.625361804,5.535314516,4.331817581
1782430343.950193405,2.586416444,5.477302560,4.303086147
1782430343.952548742,2.551103621,5.414676857,4.267285757
1782430343.953617334,2.517093500,5.354833805,4.222934991
1782430343.959953070,2.488449219,5.295191500,4.192588854
1782430343.960795403,2.420221741,5.131103450,4.071472466
1782430343.961880445,2.395245197,5.084021603,4.026994275
1782430343.963631153,2.360711954,5.039603812,3.995636310
1782430343.965248585,2.347441265,4.990236384,3.963272714
1782430343.966919184,2.317254677,4.948595937,3.925150339
1782430343.972554922,2.293756165,4.904724301,3.881426985
1782430343.973649025,2.228445736,4.771325748,3.758517839
1782430343.975209951,2.199587937,4.724828703,3.726675851
1782430343.977573156,2.177700843,4.677717178,3.689853328
1782430343.978663683,2.147191062,4.633758107,3.641996611
1782430343.984956264,2.119916653,4.583819691,3.598402337
1782430343.985852718,2.048719618,4.442004077,3.457698883
1782430343.986944199,2.030813034,4.384880782,3.412218447
1782430343.988728762,1.986387885,4.334373716,3.365166130
1782430343.990238190,1.959617029,4.277956946,3.315921867
1782430343.991886139,1.933785961,4.220443450,3.272980293
1782430343.994717598,1.899504407,4.167405084,3.218837989
1782430343.995435476,1.866295170,4.105466953,3.168635261
1782430343.997734547,1.845938723,4.044364025,3.115722324
1782430343.998571873,1.804048009,3.987807649,3.064175787
1782430344.000228167,1.763299474,3.927581629,3.022432864
1782430344.002602100,1.731099135,3.857328253,2.979193494
1782430344.003673315,1.687558098,3.794130501,2.927847341
1782430344.009924173,1.646420802,3.727289844,2.881890268
1782430344.010798693,1.536098210,3.522402236,2.730109441
1782430344.011922836,1.502524100,3.446998944,2.689302901
1782430344.013697863,1.460634620,3.377045585,2.649113569
1782430344.015224218,1.423508356,3.307363792,2.598993926
1782430344.016889095,1.377411607,3.228911530,2.568345603
1782430344.022668600,1.336893558,3.155731517,2.524055582
1782430344.023531914,1.217496336,2.942692288,2.407995919
1782430344.025188208,1.172792864,2.856384119,2.378356841
1782430344.027590990,1.137150048,2.781830330,2.350732997
1782430344.028689384,1.097035077,2.713307020,2.316218917
1782430344.034971714,1.059026953,2.625921431,2.289300915
1782430344.035831213,0.938264608,2.404367958,2.201685004
1782430344.036928415,0.904123466,2.338619407,2.163905695
1782430344.038691044,0.869371176,2.252443096,2.150010143
1782430344.040189028,0.839683242,2.180843765,2.120213061
1782430344.047550678,0.811495089,2.111905801,2.087909879
1782430344.048631191,0.693148050,1.865809676,1.981871221
1782430344.050307512,0.671741179,1.793356417,1.960485775
1782430344.052566767,0.639076505,1.738556523,1.936521145
1782430344.053648710,0.621923469,1.681560900,1.915680268
1782430344.057028055,0.604189879,1.634603899,1.897777985
1782430344.059991360,0.573944053,1.593835001,1.870767313
1782430344.060834885,0.534010070,1.503789814,1.835016616
1782430344.061939478,0.507210872,1.463923337,1.808742813
1782430344.063697815,0.500205987,1.413460278,1.800005442
1782430344.065238476,0.477105841,1.384361292,1.782701090
1782430344.066927195,0.453127289,1.353650207,1.777184474
1782430344.072700739,0.437493513,1.313745334,1.763632258
1782430344.073561907,0.384033584,1.240177618,1.740046306
1782430344.075215101,0.369142896,1.224853914,1.733034172
1782430344.077551842,0.358424568,1.198197704,1.726849554
1782430344.078644514,0.350429767,1.180879076,1.733354768
1782430344.084940195,0.337939123,1.168342502,1.729595580
1782430344.085780382,0.316866055,1.158230935,1.740145321
1782430344.086874247,0.312096567,1.160272193,1.744741034
1782430344.088657856,0.322173839,1.156864554,1.754743374
1782430344.090235710,0.314421764,1.162202101,1.753707286
1782430344.091906786,0.314789229,1.169641807,1.765494202
1782430344.097654581,0.317099288,1.177009385,1.777548576
1782430344.098497868,0.319589757,1.208290702,1.799507676
1782430344.100368738,0.319919758,1.221174930,1.808214573
1782430344.102580547,0.316573810,1.227370454,1.813627822
1782430344.103667498,0.325296599,1.238609709,1.824017960
1782430344.110007286,0.327816813,1.249776353,1.836718702
1782430344.110966206,0.323630335,1.271248913,1.866732906
1782430344.111851692,0.317232835,1.279012732,1.878919841
1782430344.113663673,0.319524925,1.274151530,1.882679658
1782430344.115246534,0.327840627,1.290066321,1.893116893
1782430344.116889954,0.328540074,1.310144121,1.895943770
1782430344.120239735,0.325092220,1.315992276,1.894787142
1782430344.122695208,0.341021174,1.325322800,1.908874243
1782430344.123652220,0.326858175,1.332624179,1.913604099
1782430344.125337601,0.328193919,1.346146703,1.934761325
1782430344.127550602,0.331872512,1.353490059,1.946723664
1782430344.128510237,0.321376961,1.360650921,1.958824013
1782430344.134983301,0.326593670,1.361556455,1.968216471
1782430344.135885239,0.319844315,1.364628647,2.001904105
1782430344.136972427,0.315418080,1.369764227,2.013465098
1782430344.138542652,0.310162491,1.369827289,2.021975331
1782430344.140193462,0.316352221,1.370467405,2.032450450
1782430344.141858339,0.305545550,1.374792221,2.035322293
1782430344.147694111,0.307803620,1.367704969,2.042027758
1782430344.148540258,0.302803340,1.372212914,2.056390973
1782430344.150187492,0.308663701,1.367276067,2.065934713
1782430344.152578831,0.309477588,1.372171759,2.069363235
1782430344.153668642,0.306572040,1.362885842,2.082531196
1782430344.159965515,0.312050260,1.368015390,2.093196601
1782430344.160803795,0.310605251,1.367328239,2.112077454
1782430344.161881685,0.309848986,1.357262882,2.114701298
1782430344.163641930,0.316672837,1.357244038,2.118701652
1782430344.165232658,0.314596505,1.364907490,2.122022555
1782430344.166900635,0.319210304,1.361492812,2.130151887
1782430344.172553778,0.319735880,1.363256584,2.142822561
1782430344.173635483,0.332318228,1.361018292,2.164058009
1782430344.175266027,0.335692433,1.365953586,2.170291166
1782430344.177572012,0.338010438,1.375221778,2.184799034
1782430344.178648949,0.354195150,1.379400471,2.212360784
1782430344.182090282,0.362172816,1.387007564,2.227360547
1782430344.185002565,0.376483352,1.388713798,2.247809892
1782430344.185876369,0.387140092,1.417286169,2.289681830
1782430344.186967611,0.400639630,1.420777351,2.310444808
1782430344.188522100,0.404958226,1.439011535,2.321116354
1782430344.190244675,0.415902236,1.452073918,2.340953240
1782430344.191905022,0.432537411,1.464492189,2.354036206
1782430344.197136641,0.441116967,1.484472507,2.370206424
1782430344.198585272,0.459104136,1.505327705,2.396594778
1782430344.200289011,0.459085846,1.529347981,2.403912642
1782430344.202564716,0.463334761,1.534108391,2.415399518
1782430344.203665972,0.472949780,1.559841351,2.432905736
1782430344.209968090,0.477433382,1.583606996,2.445758805
1782430344.210820913,0.504342210,1.648212874,2.508544865
1782430344.211899519,0.506192440,1.671648250,2.516969532
1782430344.213664532,0.514270348,1.678749792,2.528604202
1782430344.215393543,0.526868685,1.697699249,2.542639995
1782430344.222573996,0.527969076,1.712990096,2.546597874
1782430344.223682165,0.550383222,1.766841738,2.586195652
1782430344.225351334,0.554180668,1.795411760,2.580782800
1782430344.227599382,0.556806278,1.812095162,2.583216966
1782430344.228734493,0.565315421,1.822700401,2.585786838
1782430344.234987736,0.569405546,1.854288832,2.585882807
1782430344.235851765,0.569739786,1.899393661,2.604212808
1782430344.236938238,0.566339574,1.914623882,2.610003110
1782430344.238718748,0.579107831,1.935942411,2.615889924
1782430344.240176201,0.581665459,1.959271454,2.626882487
1782430344.243730307,0.585933700,1.985198175,2.632026456
1782430344.247692347,0.590851068,1.998333001,2.640720438
1782430344.248544216,0.607750176,2.071508465,2.681135993
1782430344.250334740,0.625441518,2.111500117,2.688748098
1782430344.252586126,0.627251400,2.137300856,2.695627467
1782430344.253657103,0.636719389,2.164839901,2.712480035
1782430344.259046555,0.649226092,2.185891889,2.736292290
1782430344.260196924,0.657579288,2.233350806,2.768389725
1782430344.262222767,0.680521835,2.260965752,2.795366070
1782430344.263540506,0.690610998,2.288987668,2.817758991
1782430344.265249491,0.698727979,2.314473933,2.841664079
1782430344.266889811,0.721992388,2.337034087,2.872006016
1782430344.272739887,0.734737424,2.370933346,2.904856107
1782430344.273585081,0.781298429,2.472935277,3.016967689
1782430344.275283813,0.805926412,2.512146368,3.050771181
1782430344.277609587,0.823234900,2.551409334,3.077022904
1782430344.278716087,0.841845785,2.580515019,3.110266958
1782430344.284988403,0.863862151,2.620640466,3.145405818
1782430344.285818338,0.926591686,2.731587078,3.242863152
1782430344.286911488,0.942263344,2.767871187,3.267689655
1782430344.288661718,0.977953972,2.805737733,3.292989641
1782430344.290255308,0.995444872,2.847513453,3.318246567
1782430344.291867971,1.012459988,2.886577008,3.330530610
1782430344.297730446,1.032682589,2.916846885,3.356093734
1782430344.298613310,1.087822839,3.029942477,3.421751272
1782430344.300281048,1.115564065,3.061328937,3.431588172
1782430344.302623034,1.131265784,3.101384457,3.458380708
1782430344.303710699,1.152534492,3.126556547,3.473516742
1782430344.306087255,1.178361686,3.160884909,3.494777539
1782430344.306933880,1.189156243,3.194078116,3.514871996
1782430344.310018778,1.192412738,3.211742068,3.536445996
1782430344.310860395,1.222253813,3.246325381,3.553063240
1782430344.311971188,1.221723456,3.270916119,3.564608161
1782430344.313505411,1.242948982,3.291194277,3.573940574
1782430344.315232754,1.261599352,3.319115925,3.587873340
1782430344.316867113,1.284352974,3.338228307,3.583174608
1782430344.321326256,1.298932168,3.355326306,3.596447618
1782430344.322055101,1.335565055,3.413578660,3.606854926
1782430344.323717833,1.354161984,3.428427401,3.613437453
1782430344.325166702,1.373881140,3.461836592,3.613421122
1782430344.327497244,1.390125033,3.487092246,3.620178826
1782430344.328572750,1.404194947,3.511582089,3.626232110
1782430344.334994316,1.425201980,3.544610655,3.647006713
1782430344.335832119,1.467671386,3.673007175,3.695106963
1782430344.336914539,1.480197948,3.720207120,3.713015306
1782430344.338543653,1.512300203,3.756242287,3.741288188
1782430344.340267420,1.538764928,3.788419324,3.763148309
1782430344.341915607,1.563582909,3.827709876,3.785064153
1782430344.347677708,1.590093115,3.859141802,3.807702326
1782430344.348515272,1.670049156,3.966466948,3.872238988
1782430344.350187302,1.701079259,3.999713585,3.904815286
1782430344.352409124,1.731738101,4.013059026,3.939630365
1782430344.353623390,1.761688441,4.040787329,3.973227483
1782430344.359965324,1.787279743,4.057996393,4.013120593
1782430344.360793591,1.874063339,4.110740385,4.114236544
1782430344.361895561,1.903215301,4.117195547,4.142025941
1782430344.363650322,1.933615414,4.114945179,4.185204971
1782430344.365242958,1.977845473,4.127593514,4.201611473
1782430344.366931677,1.997135219,4.145472323,4.236702381
1782430344.372732639,2.024204633,4.169907670,4.262142420
1782430344.373633862,2.122048415,4.222902881,4.320100263
1782430344.375226974,2.149934697,4.228519973,4.337899195
1782430344.377620220,2.175435070,4.229916800,4.361903202
1782430344.378712416,2.200990558,4.247933112,4.369290308
1782430344.383649349,2.220543652,4.249319564,4.389223110
1782430344.385228395,2.285288968,4.268645059,4.386849036
1782430344.387208700,2.303165587,4.264396430,4.388222703
1782430344.388506889,2.333968119,4.273806853,4.395305273
1782430344.390215397,2.335519167,4.281650784,4.394283211
1782430344.391862631,2.350982904,4.280088565,4.411657264
1782430344.397681236,2.363863984,4.269825124,4.406795143
1782430344.398516893,2.396630215,4.244990491,4.395725854
1782430344.400222301,2.388520966,4.228503526,4.390219089
1782430344.402595758,2.375959799,4.210440345,4.395056037
1782430344.403689861,2.387054745,4.176994080,4.373144475
1782430344.410011768,2.381423160,4.159001913,4.381188231
1782430344.410855770,2.416061211,4.126517624,4.385819630
1782430344.411924124,2.428185791,4.125740310,4.388106531
1782430344.413706064,2.411321018,4.128529291,4.402064757
1782430344.415371418,2.437926468,4.121622681,4.410079285
1782430344.417084217,2.463992715,4.119431706,4.410423758
1782430344.422742844,2.465558746,4.112188378,4.418617133
1782430344.423758984,2.526067743,4.112963087,4.435666625
1782430344.425266743,2.530176362,4.116854896,4.442580958
1782430344.426858425,2.552003349,4.121083420,4.454702434
1782430344.428523302,2.571453287,4.127155955,4.457951948
1782430344.435233831,2.585342702,4.129157169,4.465306348
1782430344.436429501,2.653717658,4.128195770,4.499392079
1782430344.437397003,2.656538715,4.134230993,4.501436753
1782430344.438575268,2.650048012,4.135747335,4.508644034
1782430344.440209150,2.658898985,4.146147756,4.515252419
1782430344.441893578,2.661593818,4.160024105,4.515465187
1782430344.445195913,2.669845949,4.157332360,4.520055293
1782430344.446537733,2.683445696,4.159086045,4.522706226
1782430344.447902203,2.690950024,4.167177335,4.522031213
1782430344.449528456,2.709410693,4.166772342,4.520256815
1782430344.451017141,2.722026757,4.165783718,4.527641835
1782430344.452002287,2.733936218,4.171913072,4.529510547
1782430344.453736782,2.739823315,4.173408857,4.526810942
1782430344.455414295,2.749117537,4.178585129,4.540115530
1782430344.460061789,2.744371989,4.197134705,4.548883202
1782430344.461158991,2.766552142,4.182824277,4.548398294
1782430344.462110996,2.764468981,4.182840025,4.543332907
1782430344.463585615,2.763394651,4.176450954,4.543233440
1782430344.465219498,2.756801166,4.176519132,4.539697916
1782430344.466861963,2.748573198,4.172356869,4.529050983
1782430344.472840786,2.753607245,4.160814230,4.528341953
1782430344.474008799,2.768987519,4.138798970,4.519515238
1782430344.475310326,2.777321432,4.133301645,4.518221180
1782430344.477059841,2.775132509,4.128290918,4.508412091
1782430344.478572607,2.780606700,4.125311210,4.512633229
1782430344.485039234,2.779565970,4.119970714,4.513762510
1782430344.486019850,2.799447775,4.111050171,4.510659542
1782430344.486913681,2.808751112,4.110952346,4.498948361
1782430344.488517284,2.813933982,4.116803309,4.499878986
1782430344.490240097,2.817966023,4.123355055,4.501037210
1782430344.491963863,2.826328570,4.126293593,4.487966247
1782430344.497903109,2.833022743,4.136598097,4.484230995
1782430344.499187708,2.867290835,4.144980258,4.459256111
1782430344.500204563,2.875801900,4.146087948,4.462113665
1782430344.501998186,2.871284114,4.151459025,4.445674504
1782430344.503683567,2.864764638,4.152390054,4.440280027
1782430344.507510900,2.854720897,4.151243397,4.433508359
1782430344.509987116,2.842301287,4.145022421,4.401164436
1782430344.510947466,2.844153642,4.134962090,4.390687894
1782430344.511855602,2.840581522,4.130156382,4.375938022
1782430344.513734102,2.823546907,4.131195125,4.358308049
1782430344.515244722,2.810038700,4.120925421,4.345503947
1782430344.516855717,2.801527787,4.123661647,4.330397947
1782430344.522642136,2.784916785,4.110973260,4.308191478
1782430344.523571968,2.761213723,4.086326956,4.276136781
1782430344.525246143,2.751027052,4.070923804,4.253870840
1782430344.526920795,2.739471041,4.051996676,4.236716085
1782430344.528568983,2.729332809,4.029641327,4.214301370
1782430344.535048008,2.701672074,4.021005752,4.188940488
1782430344.536093473,2.627441903,3.916207139,4.084816219
1782430344.537042141,2.608392954,3.899056380,4.056606050
1782430344.538521528,2.572950067,3.874804230,4.025098788
1782430344.540337324,2.545692058,3.845082750,3.989613557
1782430344.541891575,2.530512514,3.814721468,3.961127365
1782430344.547777414,2.492426520,3.785717437,3.916558603
1782430344.549048185,2.404190193,3.685440077,3.783816661
1782430344.550384998,2.370630557,3.641544863,3.736848087
1782430344.551999807,2.332427246,3.604999333,3.691740358
1782430344.553614378,2.287474489,3.573421825,3.642284038
1782430344.560209274,2.246535046,3.523463294,3.595177218
1782430344.561376333,2.162222065,3.399084500,3.416327637
1782430344.562400818,2.118656157,3.355274053,3.363037845
1782430344.563652515,2.067687758,3.329466767,3.308475167
1782430344.565342188,2.022067351,3.282243967,3.259005969
1782430344.567013264,1.972171555,3.251610238,3.213425946
1782430344.570070267,1.928397179,3.222222849,3.160302630
1782430344.570922136,1.901438933,3.188330682,3.120468447
1782430344.572745323,1.862613898,3.151587749,3.059256371
1782430344.573669195,1.815013257,3.115220009,3.009847689
1782430344.575358629,1.767161221,3.073148400,2.971633401
1782430344.577589512,1.717525286,3.044323763,2.925525608
1782430344.578685760,1.669628364,3.009452262,2.892728904
1782430344.585008621,1.630936581,2.961336978,2.842750457
1782430344.585877180,1.499387511,2.841299813,2.722972533
1782430344.586971998,1.464765181,2.805071533,2.681584935
1782430344.588511705,1.402911154,2.755579523,2.645803215
1782430344.590245247,1.357489284,2.709614961,2.624314079
1782430344.591890097,1.291987544,2.665105919,2.602753423
1782430344.597756624,1.249900052,2.604846361,2.563673433
1782430344.598612785,1.083716938,2.447663057,2.464747228
1782430344.600260973,1.022694090,2.389438893,2.451288014
1782430344.602580547,0.978037788,2.338382937,2.416516519
1782430344.603657961,0.920718839,2.285378871,2.403719529
1782430344.610008001,0.887690571,2.237022924,2.385277272
1782430344.610851288,0.740363054,2.111241429,2.334257691
1782430344.611957788,0.698325417,2.078170094,2.315185313
1782430344.613503933,0.646612633,2.032440359,2.309080774
1782430344.615236998,0.628342310,1.992328429,2.306656204
1782430344.616898060,0.573445861,1.950914297,2.297713773
1782430344.622732878,0.544219430,1.915943912,2.294954728
1782430344.623651505,0.460796695,1.838291598,2.300749983
1782430344.625274658,0.431974457,1.805982312,2.306221871
1782430344.627541542,0.418826752,1.780971420,2.303444533
1782430344.628645658,0.382952870,1.754594156,2.301913611
1782430344.632354498,0.373821566,1.733143101,2.296811213
1782430344.635020733,0.353654068,1.724470682,2.293134366
1782430344.635904551,0.313719005,1.686385254,2.289429754
1782430344.636997938,0.300563515,1.681940018,2.289053811
1782430344.638533115,0.286563651,1.666789579,2.284410236
1782430344.640266657,0.284066695,1.671895981,2.292734510
1782430344.641901493,0.276188802,1.666842059,2.294182364
1782430344.647217989,0.271486330,1.657361220,2.295096358
1782430344.648708344,0.251716178,1.652231166,2.300449866
1782430344.650339127,0.259288885,1.645869382,2.298399767
1782430344.652596951,0.257212205,1.658396074,2.286810062
1782430344.653702974,0.232596159,1.649591844,2.292285624
1782430344.659997940,0.221636818,1.662532496,2.293095005
1782430344.660848618,0.175248825,1.647556515,2.291897318
1782430344.661978245,0.159306663,1.641408344,2.290940954
1782430344.663596630,0.156741885,1.644598294,2.294757261
1782430344.665249825,0.150188683,1.656210355,2.287051350
1782430344.666929483,0.145825108,1.655913540,2.282784745
1782430344.672686577,0.134315891,1.656783221,2.290172912
1782430344.673536539,0.115581747,1.649876249,2.309450767
1782430344.675180197,0.114156378,1.654446299,2.305125743
1782430344.677564383,0.111626770,1.655834268,2.308298256
1782430344.678709507,0.113355432,1.637731305,2.308727080
1782430344.685032368,0.112447154,1.646572604,2.311713513
1782430344.685896397,0.113028990,1.612705908,2.317811873
1782430344.686982632,0.100602087,1.602308685,2.312926896
1782430344.688553810,0.107980952,1.582332976,2.324967814
1782430344.690247774,0.110053670,1.591971158,2.316287929
1782430344.691898346,0.122692207,1.575489081,2.317566459
1782430344.697690487,0.122220267,1.568887542,2.325455946
1782430344.698543787,0.127780181,1.545054685,2.332116928
1782430344.700243950,0.131030450,1.545518104,2.327755244
1782430344.702598095,0.128720002,1.541706558,2.318710010
1782430344.703669548,0.132879819,1.526977763,2.320277814
1782430344.709033966,0.142898448,1.528266536,2.319491461
1782430344.710187912,0.148000227,1.514619626,2.316347055
1782430344.712182283,0.157637267,1.511233280,2.320601445
1782430344.713495016,0.156738961,1.518226485,2.315773759
1782430344.715221405,0.164246059,1.510570561,2.311518092
1782430344.716866016,0.170514298,1.506140272,2.309872818
1782430344.722763777,0.171014143,1.509137980,2.300118038
1782430344.723601818,0.196601371,1.479643491,2.295961158
1782430344.725215197,0.207461063,1.483269210,2.284613062
1782430344.727584600,0.204664834,1.483793015,2.277811283
1782430344.728668690,0.215230369,1.482822742,2.281849305
1782430344.735008717,0.210802830,1.487113255,2.276036116
1782430344.735848904,0.202986492,1.470786270,2.261900938
1782430344.736954927,0.203747259,1.459848988,2.265111827
1782430344.738726139,0.202454476,1.460883738,2.253120080
1782430344.740224600,0.202914195,1.462284154,2.248196053
1782430344.741900444,0.206491372,1.456628906,2.250287846
1782430344.747687101,0.207971758,1.453959649,2.249139573
1782430344.748535872,0.213886312,1.444383589,2.255604123
1782430344.750187397,0.221572919,1.451725172,2.259542354
1782430344.752608538,0.234656474,1.448095434,2.270090672
1782430344.753701687,0.240189283,1.462078460,2.279417500
1782430344.755611420,0.238214107,1.469891105,2.286266624
1782430344.760034800,0.246751638,1.482137906,2.307193523
1782430344.760902643,0.257291273,1.509758651,2.323586524
1782430344.761992931,0.263114452,1.527831725,2.336215221
1782430344.763549805,0.265015360,1.549386971,2.345252021
1782430344.765238762,0.272923567,1.557298707,2.352268753
1782430344.766884089,0.285885102,1.579913477,2.367927555
1782430344.771191120,0.285498548,1.590062858,2.366833336
1782430344.771932364,0.297544324,1.613623879,2.400057469
1782430344.773719549,0.305449097,1.627661965,2.410420101
1782430344.775206566,0.312937001,1.641981432,2.429079770
1782430344.777590036,0.327730579,1.653372558,2.445457141
1782430344.778676510,0.334882260,1.671551114,2.456668443
1782430344.785006523,0.338954866,1.688547658,2.480105991
1782430344.785857439,0.362008309,1.728485044,2.529012666
1782430344.786932945,0.383454553,1.747601244,2.551008769
1782430344.788726568,0.386140630,1.767092872,2.557479764
1782430344.790232658,0.400659262,1.781211684,2.576383624
1782430344.791882515,0.409782344,1.791762123,2.582097841
1782430344.797721386,0.421776748,1.805882124,2.588809173
1782430344.798566341,0.446855390,1.840202196,2.609926546
1782430344.800235748,0.454449400,1.858823889,2.608030013
1782430344.802622795,0.467204622,1.863188665,2.620086649
1782430344.803723335,0.477690747,1.879584739,2.622331578
1782430344.810027599,0.482373649,1.888842180,2.627662206
1782430344.810881853,0.502845927,1.924229969,2.656918188
1782430344.811958790,0.512927097,1.939629337,2.676816309
1782430344.813508511,0.512538921,1.960003259,2.683372436
1782430344.815222740,0.515379069,1.977800902,2.696249748
1782430344.816869259,0.531482932,2.002345528,2.710594464
1782430344.822701693,0.528347287,2.029629591,2.724738911
1782430344.823542356,0.553003613,2.097763480,2.787982173
1782430344.825195551,0.559425277,2.130473791,2.807141689
1782430344.827628136,0.574884948,2.169829355,2.825046300
1782430344.828729153,0.584915832,2.212193726,2.841021979
1782430344.832154274,0.600306145,2.253673325,2.849395014
1782430344.835000515,0.622405266,2.292600535,2.877089114
1782430344.835925579,0.651055796,2.379351839,2.911197397
1782430344.837052107,0.676858284,2.416249503,2.933521282
1782430344.838615179,0.696460388,2.475976401,2.941309884
1782430344.840258837,0.718165311,2.526781939,2.951352023
1782430344.841917753,0.748063081,2.573501385,2.954235139
1782430344.847178221,0.762522741,2.624793127,2.957594982
1782430344.848516464,0.812321732,2.706049112,2.975377447
1782430344.850239515,0.835409801,2.759004817,2.976408503
1782430344.852606535,0.860390164,2.804933669,2.969936808
1782430344.853710651,0.913585110,2.875863271,2.986184542
1782430344.860030890,0.940506966,2.916446549,2.980095313
1782430344.861000299,1.027301980,3.003872090,2.997943398
1782430344.861849070,1.057554590,3.016411708,3.003459658
1782430344.863694668,1.094059924,3.049082604,3.013343303
1782430344.865222216,1.117028117,3.072314553,3.013142652
1782430344.866927862,1.148556783,3.094890726,3.026516484
1782430344.872754574,1.179281938,3.110961517,3.038150881
1782430344.873631716,1.268305726,3.157194695,3.064456172
1782430344.875212193,1.287504525,3.176709116,3.062612582
1782430344.877626181,1.324636942,3.192259171,3.067700376
1782430344.878509760,1.356659836,3.222404397,3.077365136
1782430344.884935617,1.384344367,3.244807105,3.090354062
1782430344.885783911,1.509133032,3.355833856,3.125680500
1782430344.886877298,1.557717044,3.406277932,3.144968343
1782430344.888627768,1.580090495,3.465992636,3.147719724
1782430344.890221357,1.634431792,3.513698455,3.169721601
1782430344.891871929,1.672732149,3.572838764,3.173758795
1782430344.897707701,1.721936481,3.632387169,3.193452294
1782430344.898581505,1.874566825,3.777915248,3.235938386
1782430344.900250912,1.907434901,3.847916211,3.250893596
1782430344.902585268,1.925218758,3.894445535,3.265271172
1782430344.903682947,1.952937559,3.946564868,3.287306339
1782430344.908057451,1.967641219,4.003044250,3.305818530
1782430344.908851862,2.025376743,4.091735870,3.358487410
1782430344.910210371,2.053384049,4.165493327,3.368816379
1782430344.912231207,2.040815241,4.240444807,3.377110523
1782430344.913558960,2.062385081,4.303330744,3.414598453
1782430344.915219784,2.080344301,4.379976782,3.438195481
1782430344.916885853,2.079461675,4.463507455,3.456731005
1782430344.922688723,2.132370976,4.512302733,3.476917622
1782430344.923539400,2.212624857,4.724056729,3.534024150
1782430344.925186157,2.208184419,4.799269219,3.547823737
1782430344.927570343,2.214350248,4.862515405,3.571056231
1782430344.928644419,2.228838773,4.914681010,3.585802977
1782430344.935024738,2.237341800,4.976117986,3.599744157
1782430344.935872078,2.295735033,5.101464576,3.618936052
1782430344.936950684,2.305495184,5.135922254,3.613401560
1782430344.938700676,2.268284917,5.170040833,3.625576602
1782430344.940246582,2.284214920,5.192630761,3.616960984
1782430344.941941500,2.248428655,5.223182873,3.612525676
1782430344.947660208,2.258722722,5.226080522,3.607581582
1782430344.948518991,2.245723199,5.226495680,3.573887567
1782430344.950181723,2.203954923,5.231141931,3.561930676
1782430344.952590942,2.190247237,5.221010290,3.552562446
1782430344.953654766,2.182322385,5.209039640,3.550021533
1782430344.960026979,2.162838270,5.203600044,3.536735622
1782430344.960863113,2.140964790,5.138925714,3.500435806
1782430344.961966038,2.124789652,5.102127689,3.493278628
1782430344.963724613,2.077117723,5.066544474,3.500018916
1782430344.965246439,2.056325575,5.031272188,3.487111793
1782430344.966903925,2.015773076,4.986287787,3.484394748
1782430344.970178366,2.005745501,4.935632628,3.472557963
1782430344.972745657,1.984623651,4.886343608,3.455027306
1782430344.973583460,1.952183303,4.777957650,3.440133479
1782430344.975221634,1.910620736,4.735971063,3.432009602
1782430344.977625370,1.887519628,4.685781563,3.417305192
1782430344.978721142,1.874804322,4.626730625,3.410553436
1782430344.985032797,1.851838326,4.579659414,3.394304455
1782430344.985952616,1.808869690,4.438881080,3.345455730
1782430344.987042904,1.799029170,4.388485757,3.322328485
1782430344.988602400,1.778558285,4.338034033,3.311120190
1782430344.990221500,1.752547043,4.294249694,3.287289620
1782430344.991867781,1.727498265,4.246617781,3.264024342
1782430344.997718811,1.723010229,4.199854499,3.243888584
1782430344.998561382,1.683212901,4.052337371,3.167259558
1782430345.000204563,1.657266194,4.006237167,3.145211827
1782430345.002621412,1.637840779,3.944483844,3.118873315
1782430345.003718853,1.631408345,3.897078934,3.095188324
1782430345.010059834,1.603340563,3.849350123,3.075000061
1782430345.010911465,1.566696739,3.689060658,3.004292183
1782430345.011990786,1.546819569,3.634465549,2.982933326
1782430345.013542891,1.527492431,3.572615543,2.967656714
1782430345.015242338,1.492336738,3.517749654,2.946284399
1782430345.016917229,1.467377873,3.446596014,2.932380003
1782430345.022709608,1.457527952,3.377320173,2.905464553
1782430345.023559570,1.401653048,3.185971016,2.835390002
1782430345.025241613,1.377764389,3.116758587,2.823708193
1782430345.027595043,1.339591071,3.053186806,2.800005210
1782430345.028688192,1.322185033,2.982633839,2.783761310
1782430345.033102274,1.290088782,2.908514000,2.768604237
1782430345.033819914,1.252612955,2.784731946,2.728339269
1782430345.035221815,1.230232987,2.718347869,2.706214065
1782430345.037256241,1.197746413,2.653629261,2.684635493
1782430345.038565636,1.182739243,2.583544260,2.671657471
1782430345.040323496,1.154420683,2.527349647,2.653954668
1782430345.041875601,1.129257807,2.461050070,2.642278211
1782430345.047796011,1.116633588,2.400874776,2.622035838
1782430345.048639774,1.076454840,2.242089445,2.576313218
1782430345.050297022,1.052894674,2.189579806,2.565719920
1782430345.052648306,1.032443961,2.131375443,2.551067797
1782430345.053724766,1.014001574,2.072420323,2.537094239
1782430345.060093641,0.989031808,2.025704892,2.522660690
1782430345.060954571,0.932598533,1.868795929,2.460700332
1782430345.062042475,0.906290597,1.815125386,2.444678599
1782430345.063647032,0.886991112,1.761383087,2.425762073
1782430345.065238237,0.863501165,1.711096592,2.402600399
1782430345.066906691,0.845501871,1.652866082,2.390081351
1782430345.072744370,0.833067527,1.608765121,2.367457822
1782430345.073584318,0.768061541,1.481264778,2.298268841
1782430345.075234413,0.748777117,1.435632350,2.282360314
1782430345.077591419,0.733447431,1.397384544,2.260497067
1782430345.078689098,0.713999612,1.360244831,2.246811459
1782430345.084991455,0.697444913,1.328281017,2.226151497
1782430345.085858822,0.644429957,1.257276198,2.190042025
1782430345.086951494,0.629191396,1.238067329,2.181578158
1782430345.088719606,0.624292734,1.218898404,2.184956488
1782430345.090226412,0.606697803,1.208178780,2.167841944
1782430345.091862679,0.595116659,1.196720108,2.163509429
1782430345.095946074,0.584122017,1.189105950,2.161798039
1782430345.097723961,0.562916619,1.188088053,2.152555920
1782430345.098578215,0.555610785,1.183684085,2.140095525
1782430345.100284100,0.551035864,1.174708282,2.139002316
1782430345.102595806,0.543459458,1.179469723,2.133757793
1782430345.103681326,0.531700797,1.178363759,2.136804427
1782430345.110014200,0.514964709,1.189309865,2.142339497
1782430345.110851049,0.505056736,1.221618904,2.152747683
1782430345.111963272,0.500308316,1.230429657,2.167441173
1782430345.113540173,0.504258974,1.247389305,2.175406984
1782430345.115247726,0.488906773,1.269287640,2.177117358
1782430345.116893053,0.485932240,1.282548486,2.184179472
1782430345.122728586,0.477963491,1.300657971,2.189403427
1782430345.123595715,0.452958514,1.343531156,2.187731060
1782430345.125365496,0.443805492,1.362939038,2.191661649
1782430345.127621889,0.433803386,1.381161131,2.190783889
1782430345.128731728,0.426100419,1.384783358,2.200429885
1782430345.135022402,0.420603360,1.414842284,2.206615524
1782430345.135879040,0.399802475,1.459667945,2.223278287
1782430345.136958361,0.393220333,1.465364479,2.229430878
1782430345.138518095,0.393471561,1.479278995,2.229655066
1782430345.140222073,0.389821561,1.497848848,2.233677118
1782430345.141865015,0.379988664,1.508548420,2.227818338
1782430345.147726774,0.378121578,1.525359692,2.245345843
1782430345.148577690,0.363338510,1.541747896,2.248063230
1782430345.150235176,0.353006266,1.565220604,2.248207355
1782430345.152598143,0.348336868,1.569811941,2.247122585
1782430345.153692722,0.349077640,1.573358551,2.253803515
1782430345.158190727,0.342891655,1.591933226,2.255836600
1782430345.158975840,0.341518970,1.596408683,2.263857768
1782430345.160385847,0.329781426,1.598495065,2.262332116
1782430345.162208557,0.332067235,1.601055448,2.263732990
1782430345.163518667,0.333686696,1.607574649,2.260419485
1782430345.165267467,0.330686786,1.605721538,2.252206458
1782430345.166905403,0.333503010,1.606298647,2.250378365
1782430345.172644615,0.326963235,1.607123850,2.242973877
1782430345.173733473,0.316426005,1.593662650,2.230268828
1782430345.175378561,0.315278442,1.594660167,2.232854750
1782430345.177522659,0.311853131,1.593783853,2.229123405
1782430345.178599358,0.308240327,1.597594902,2.230367838
1782430345.184998274,0.305566324,1.595413925,2.233175594
1782430345.185830355,0.308058782,1.594162243,2.251317378
1782430345.186906338,0.312425227,1.602201184,2.251867270
1782430345.188662291,0.313798529,1.610841063,2.256356753
1782430345.190254450,0.315491837,1.613889325,2.266636460
1782430345.191896915,0.328588581,1.618944627,2.284615363
1782430345.197636604,0.330523720,1.634243319,2.300518641
1782430345.198717594,0.363235222,1.663946005,2.353991919
1782430345.200193644,0.373882744,1.680679825,2.371423417
1782430345.202594280,0.389960811,1.699945688,2.396976960
1782430345.203673840,0.395911356,1.722058277,2.420290129
1782430345.210146189,0.404722846,1.737570487,2.448229319
1782430345.211138487,0.451097462,1.803082362,2.550026821
1782430345.212055922,0.468420630,1.830783001,2.587816737
1782430345.213651180,0.483097588,1.864205217,2.622121099
1782430345.215195417,0.508825464,1.892762217,2.664646664
1782430345.216881990,0.530983794,1.920825013,2.691094672
1782430345.220603943,0.546909784,1.957247293,2.729143450
1782430345.222644567,0.572507844,1.982375781,2.758213733
1782430345.223517895,0.611469856,2.059120233,2.815739474
1782430345.225290537,0.640656617,2.092468751,2.848654191
1782430345.227597713,0.663979825,2.136298298,2.871724421
1782430345.228696346,0.684477234,2.173513744,2.902100358
1782430345.235010147,0.706903940,2.217405879,2.927598943
1782430345.235885620,0.747406233,2.348082200,2.999199661
1782430345.236973524,0.757138341,2.390386756,3.030664140
1782430345.238520384,0.771831735,2.426550084,3.059075139
1782430345.240247250,0.782976858,2.481893473,3.087857073
1782430345.241917849,0.796940580,2.520638850,3.106316271
1782430345.247720480,0.814124674,2.562987064,3.141212563
1782430345.248560190,0.849660031,2.707183553,3.248304185
1782430345.250226736,0.864816670,2.763692689,3.276988554
1782430345.252604485,0.886795039,2.821176971,3.328886029
1782430345.253689528,0.906372881,2.884234365,3.373405254
1782430345.260022402,0.920048155,2.946246513,3.409410155
1782430345.260880232,0.989366545,3.143894227,3.531899705
1782430345.261964560,1.021794783,3.208991666,3.577500274
1782430345.263723850,1.052124579,3.287333919,3.596866095
1782430345.265241146,1.079039599,3.370528106,3.640996036
1782430345.266901016,1.113587713,3.437661104,3.664782323
1782430345.272722721,1.149061041,3.511808568,3.705938108
1782430345.273570299,1.260132792,3.704978237,3.775755449
1782430345.275221109,1.304477000,3.766303621,3.785824925
1782430345.277601957,1.333699525,3.832395414,3.802274564
1782430345.278681278,1.368081905,3.875572734,3.818664823
1782430345.282606125,1.404242295,3.926304413,3.838254830
1782430345.283575773,1.420435016,3.971141189,3.852709095
1782430345.285291195,1.454534475,4.001903335,3.868598619
1782430345.286877871,1.484213555,4.050905976,3.880211414
1782430345.288622141,1.511679357,4.079767540,3.885752624
1782430345.290356636,1.531558343,4.118571450,3.889428581
1782430345.291888952,1.559712784,4.147344382,3.893014171
1782430345.297632217,1.601694909,4.171127348,3.904277174
1782430345.298604012,1.720641869,4.250379156,3.929896673
1782430345.300252199,1.746256556,4.290082845,3.930580309
1782430345.302607298,1.769377711,4.322841528,3.940187065
1782430345.303700447,1.845998170,4.390007069,3.968835057
1782430345.309972525,1.868314720,4.424867400,3.989014117
1782430345.310838699,1.986314034,4.528580539,4.050767098
1782430345.311925411,2.026672024,4.559448042,4.073215611
1782430345.313543797,2.046165952,4.614431444,4.082329284
1782430345.315284729,2.076607532,4.664971422,4.109073234
1782430345.316937923,2.104189264,4.737750016,4.122785904
1782430345.322750092,2.144707152,4.784219949,4.145675755
1782430345.323586702,2.256314056,4.932007395,4.212995453
1782430345.325190544,2.277658028,4.996899805,4.227425992
1782430345.327627420,2.279280420,5.051017960,4.236685864
1782430345.328712940,2.318454111,5.094195609,4.252401123
1782430345.335012674,2.322250096,5.146953680,4.266126441
1782430345.335848570,2.393207657,5.241111526,4.286412621
1782430345.336923361,2.396706332,5.264758668,4.291662542
1782430345.338695765,2.368429108,5.312229206,4.285274434
1782430345.340228558,2.316598017,5.317978600,4.286206892
1782430345.341876030,2.338870782,5.347733344,4.282689712
1782430345.347719193,2.319939375,5.386920343,4.298200789
1782430345.348563671,2.343901259,5.382503693,4.271872584
1782430345.350215435,2.322261981,5.422668737,4.256518790
1782430345.352603912,2.318487816,5.425982201,4.243032707
1782430345.353689194,2.327139902,5.433280937,4.226840629
1782430345.358699799,2.311976957,5.447090435,4.218307621
1782430345.360223293,2.327300102,5.437331762,4.193746467
1782430345.362251520,2.301847195,5.450810659,4.187165603
1782430345.363548279,2.309501875,5.445828489,4.175393417
1782430345.365332365,2.289319236,5.446357577,4.169815622
1782430345.366889000,2.272446027,5.445726292,4.154547821
1782430345.372726440,2.265341801,5.426365202,4.147899877
1782430345.373568535,2.220369219,5.298768978,4.121139502
1782430345.375211954,2.199826164,5.277131116,4.103818170
1782430345.377572298,2.171902128,5.243174622,4.095771331
1782430345.378716707,2.178024531,5.203840746,4.083215107
1782430345.384935141,2.152233432,5.183542595,4.073913332
1782430345.385789394,2.133963218,5.106324973,4.052145359
1782430345.386880398,2.125016251,5.080072166,4.045047089
1782430345.388652802,2.107944440,5.073822228,4.049282209
1782430345.390262127,2.102010550,5.065166647,4.041655293
1782430345.391928196,2.090042743,5.057536620,4.043271099
1782430345.397728205,2.093791250,5.039373858,4.040816604
1782430345.398585796,2.063234708,4.999683662,4.010127791
1782430345.400252819,2.042926224,4.969950660,3.991575446
1782430345.402597189,2.030458173,4.954064131,3.981976029
1782430345.403680086,2.020357691,4.924623715,3.961591874
1782430345.405594587,2.002013604,4.890223725,3.939540439
1782430345.410056114,1.996017255,4.862948109,3.926792951
1782430345.410924196,1.959340039,4.771940275,3.875113260
1782430345.412012577,1.938190247,4.733708625,3.842849925
1782430345.413553238,1.903715817,4.683429501,3.812736291
1782430345.415217638,1.868336277,4.620822669,3.779707770
1782430345.416859150,1.840343723,4.563172720,3.739166237
1782430345.421262026,1.804104035,4.507476657,3.696931218
1782430345.422412157,1.745100917,4.365641780,3.612150806
1782430345.434120893,1.706336736,4.296323521,3.556929360
1782430345.435457945,1.472814383,3.795063370,3.235996228
1782430345.436964750,1.434040497,3.706779800,3.186434677
1782430345.438567400,1.385709787,3.617312442,3.124574923
1782430345.440336466,1.343982222,3.521028820,3.074604898
1782430345.441885710,1.300671233,3.435893629,3.017221389
1782430345.443682194,1.245974658,3.342761106,2.963765668
1782430345.447664976,1.203022968,3.247830383,2.916835125
1782430345.448508978,1.104591523,2.988120144,2.759235104
1782430345.450161695,1.058218123,2.915109050,2.712154927
1782430345.452608109,1.026370180,2.833097254,2.668350417
1782430345.453505993,0.986080811,2.750779338,2.629077749
1782430345.460016727,0.952101821,2.679801950,2.581204353
1782430345.460878611,0.860412932,2.480561953,2.489719653
1782430345.461963415,0.825712113,2.418065559,2.467445856
1782430345.463747025,0.799297723,2.350693703,2.469052473
1782430345.465204954,0.770748306,2.304314776,2.446486173
1782430345.466876030,0.741540642,2.245764748,2.439760722
1782430345.472759724,0.721696043,2.195281517,2.430174448
1782430345.473629475,0.638651123,2.063333275,2.364733574
1782430345.475196600,0.603959666,2.022436122,2.349682332
1782430345.477599621,0.581420870,1.977003975,2.331513824
1782430345.478678703,0.557617930,1.944427854,2.318911257
1782430345.482611656,0.531957758,1.903451688,2.302431946
1782430345.485015154,0.493265947,1.841253875,2.274839277
1782430345.485880613,0.459666763,1.814951385,2.249865017
1782430345.486968756,0.434264143,1.785143782,2.227728206
1782430345.488729477,0.419487477,1.747460638,2.227003928
1782430345.490246296,0.395050804,1.723760235,2.199160481
1782430345.491895914,0.376040853,1.696903494,2.181682458
1782430345.497647047,0.359620523,1.676366705,2.166891348
1782430345.498682737,0.302256568,1.615338098,2.124321879
1782430345.500387192,0.282292632,1.597396164,2.108837616
1782430345.501867771,0.271667251,1.572172927,2.096263755
1782430345.503530741,0.255273087,1.547825432,2.084471934
1782430345.509981394,0.233685817,1.533788673,2.065262315
1782430345.510825157,0.167740416,1.487785173,2.026146071
1782430345.511930227,0.157661990,1.467075527,2.013708093
1782430345.513703823,0.143724526,1.455960962,2.001386788
1782430345.515265703,0.128892211,1.445903282,1.992047961
1782430345.516915321,0.118517759,1.426319974,1.993944341
1782430345.522735119,0.105916953,1.428631754,1.983367983
1782430345.523582697,0.075240992,1.426645540,1.969354142
1782430345.525309801,0.074149832,1.425492425,1.958910716
1782430345.527406216,0.081948670,1.419304358,1.949953451
1782430345.528510094,0.071326083,1.424125642,1.940249049
1782430345.535065889,0.067687442,1.418933531,1.937112005
1782430345.535974503,0.056332625,1.420671286,1.930043358
1782430345.536839724,0.053309715,1.427284591,1.921817596
1782430345.538648605,0.045701887,1.426797875,1.922537643
1782430345.540275097,0.041523923,1.421208777,1.927559264
1782430345.541927576,0.045114936,1.426992175,1.931703408
1782430345.547701836,0.042973064,1.433798744,1.932668921
1782430345.548573971,0.038225896,1.462702120,1.974303590
1782430345.550204277,0.040723091,1.464337974,1.992981395
1782430345.552615881,0.048138259,1.474943082,2.010630176
1782430345.553680182,0.048053783,1.484121475,2.021788156
1782430345.558580160,0.052930422,1.488362318,2.039803430
1782430345.560305119,0.065816558,1.511198122,2.068615839
1782430345.562241077,0.075481801,1.512568908,2.084608529
1782430345.563572884,0.080004770,1.515521268,2.091366245
1782430345.565340996,0.081755221,1.524472582,2.106270442
1782430345.566907883,0.088676290,1.525372390,2.123068074
1782430345.572697163,0.095248016,1.533202074,2.126639629
1782430345.573541164,0.099055827,1.544135678,2.166948387
1782430345.575190783,0.092253890,1.546668033,2.170407695
1782430345.577600241,0.095586272,1.542427626,2.180140972
1782430345.578677416,0.094569358,1.542891964,2.195315177
1782430345.584978819,0.099522568,1.533184801,2.201140178
1782430345.585824728,0.101755322,1.528032674,2.230083963
1782430345.586911917,0.107521039,1.525947118,2.235005214
1782430345.588690519,0.105686230,1.527831662,2.242792490
1782430345.590269804,0.110623783,1.521996431,2.251912169
1782430345.591929197,0.118602960,1.529046581,2.270693662
1782430345.597700596,0.119167331,1.532183462,2.279515226
1782430345.598545790,0.120642209,1.537118615,2.301205931
1782430345.600225925,0.116237895,1.545480303,2.306580125
1782430345.602580786,0.118374573,1.542030727,2.316724817
1782430345.603664160,0.125563394,1.561602409,2.340507626
1782430345.610049486,0.129614868,1.564128859,2.360556938
1782430345.610893965,0.140949263,1.599547977,2.398406248
1782430345.611985207,0.143011480,1.615988465,2.408851216
1782430345.613524437,0.140812427,1.620827238,2.417047008
1782430345.615250826,0.149070823,1.633055113,2.438150039
1782430345.616890430,0.149383737,1.652366948,2.452825787
1782430345.620376587,0.142886219,1.656596581,2.464758234
1782430345.622766018,0.146102214,1.666273308,2.482419671
1782430345.623629332,0.147983862,1.701299408,2.522141232
1782430345.625221968,0.156201012,1.704087019,2.534820737
1782430345.627603292,0.158479503,1.727042248,2.544846582
1782430345.628685713,0.152718863,1.739089005,2.563499133
1782430345.635084152,0.165493450,1.748126011,2.583593817
1782430345.636616707,0.175350702,1.791929696,2.617693703
1782430345.638022900,0.180910324,1.802823604,2.623963577
1782430345.639413595,0.182454667,1.822529093,2.628118007
1782430345.640828609,0.182933921,1.825930439,2.636242854
1782430345.642205954,0.191107631,1.837599544,2.647039038
1782430345.643943548,0.190064534,1.854919804,2.655188716
1782430345.645732164,0.202321465,1.864902130,2.671143513
1782430345.647117853,0.205926034,1.876908735,2.677080118
1782430345.648884773,0.208290874,1.897416768,2.691338683
1782430345.650666475,0.219359574,1.901445304,2.705045223
1782430345.651921272,0.221571714,1.916415215,2.721570046
1782430345.653531551,0.225754348,1.936522556,2.739954512
1782430345.655371428,0.242277327,1.936368573,2.760317410
1782430345.660053730,0.246751728,1.958253071,2.776865084
1782430345.660896301,0.261690654,1.969530203,2.813061768
1782430345.661973476,0.260988879,1.987087158,2.833418277
1782430345.663722992,0.273912583,1.996707075,2.847769948
1782430345.665260792,0.281500901,2.004271587,2.867406681
1782430345.666840076,0.294376556,2.021496798,2.891233323
1782430345.672705650,0.297419039,2.031770315,2.913695951
1782430345.673559189,0.311328474,2.078034646,2.987579960
1782430345.675204515,0.328709641,2.097760803,3.016329780
1782430345.677596331,0.341867321,2.133603371,3.039355515
1782430345.678681135,0.352446305,2.160013840,3.068826916
1782430345.681783199,0.375149308,2.192297597,3.102812339
1782430345.682509422,0.379854598,2.228178755,3.130093486
1782430345.684945822,0.392292868,2.262859793,3.164816494
1782430345.685792923,0.416942184,2.296823799,3.196984627
1782430345.686908007,0.428068288,2.342820568,3.231555100
1782430345.688670158,0.460670870,2.383895828,3.248813166
1782430345.690244198,0.481659505,2.418791840,3.281515795
1782430345.691906214,0.511891450,2.471130993,3.301996987
1782430345.697067499,0.525424514,2.510209326,3.323776629
1782430345.698534727,0.566154410,2.599670604,3.368477407
1782430345.700338364,0.600002088,2.649546566,3.390162042
1782430345.702632189,0.624630759,2.705482679,3.407495488
1782430345.703715324,0.646390668,2.754505774,3.428531775
1782430345.709961176,0.677027450,2.810129716,3.460990228
1782430345.710815668,0.758764953,3.055209624,3.596213352
1782430345.711927414,0.782443910,3.114128186,3.634507537
1782430345.713696003,0.838099484,3.187546615,3.647994541
1782430345.715291977,0.858685898,3.255596363,3.670382070
1782430345.716887712,0.908972734,3.317325671,3.696426330
1782430345.722705603,0.938329633,3.384173020,3.714306897
1782430345.723544121,1.035803988,3.586325718,3.787829401
1782430345.725181818,1.080305882,3.658764432,3.807791671
1782430345.727608204,1.127545225,3.712942162,3.819732075
1782430345.728703737,1.170147745,3.778229716,3.830793643
1782430345.734982491,1.217688716,3.827441888,3.835736728
1782430345.735836983,1.357183212,3.978037498,3.853254974
1782430345.736917019,1.408309571,4.020396332,3.861710536
1782430345.738680840,1.451124058,4.073525223,3.845414584
1782430345.740347147,1.486927931,4.114383721,3.854545233
1782430345.741890192,1.534407368,4.164631348,3.851460621
1782430345.743752241,1.566718930,4.212336540,3.850375542
1782430345.747714520,1.606541936,4.246490723,3.856555718
1782430345.748570204,1.679559196,4.323188761,3.845343303
1782430345.750225067,1.711860798,4.356349254,3.833046705
1782430345.752640247,1.743108230,4.391361295,3.824626370
1782430345.753725052,1.782950830,4.433393358,3.808633202
1782430345.759189606,1.805497367,4.474323431,3.797156028
1782430345.760274410,1.898118600,4.554404110,3.778236128
1782430345.762207031,1.926952998,4.599060399,3.769488776
1782430345.763574600,1.964876993,4.643637201,3.754284042
1782430345.765212536,1.992632227,4.688486453,3.757732588
1782430345.766858101,2.011609830,4.734245048,3.740177323
1782430345.772650003,2.043376476,4.777119953,3.731892502
1782430345.773517132,2.127974136,4.889655704,3.691381622
1782430345.775361061,2.143020427,4.928650774,3.675179003
1782430345.777596951,2.113345088,4.971449046,3.682943650
1782430345.778711796,2.169800620,5.024046169,3.670538266
1782430345.784879684,2.170813589,5.041302438,3.678781261
1782430345.785740614,2.205094774,5.124663351,3.684996663
1782430345.786824703,2.215250195,5.138925945,3.686882955
1782430345.788585901,2.186904793,5.181454349,3.711249840
1782430345.790280581,2.205945581,5.210718149,3.727720002
1782430345.791838408,2.211508294,5.251799238,3.741351877
1782430345.797708750,2.231694271,5.287155209,3.744726880
1782430345.798551083,2.284250836,5.352131556,3.770685338
1782430345.800196886,2.275416923,5.390764611,3.781240081
1782430345.802616835,2.280966696,5.405996443,3.805816805
1782430345.803697109,2.307494833,5.465398587,3.833453397
1782430345.809998035,2.310276959,5.477008797,3.844224892
1782430345.810880661,2.363749904,5.535326239,3.869940814
1782430345.811998367,2.384120406,5.550097143,3.877481493
1782430345.813532352,2.390614617,5.565636781,3.886393718
1782430345.815299749,2.390688840,5.568157783,3.891261647
1782430345.816869736,2.376053707,5.569642730,3.898075333
1782430345.821200609,2.383245584,5.571191175,3.885447063
1782430345.821917295,2.413535517,5.542350853,3.863931918
1782430345.823676586,2.390560998,5.528408664,3.865816781
1782430345.825235367,2.385937774,5.504152798,3.865741934
1782430345.827612400,2.372633345,5.477642934,3.860688396
1782430345.828685999,2.351187737,5.444757148,3.849923858
1782430345.835011721,2.337571514,5.414119883,3.863131366
1782430345.835843801,2.296581181,5.330023376,3.823964065
1782430345.836942673,2.292095458,5.296257252,3.818218035
1782430345.838721991,2.252251509,5.262283624,3.823236617
1782430345.840275288,2.235235270,5.227687577,3.810502141
1782430345.841839552,2.211796294,5.186351756,3.818510024
1782430345.847713709,2.201981522,5.154599894,3.791984880
1782430345.848571301,2.173959965,5.037295037,3.734158281
1782430345.850246668,2.144972159,4.984163482,3.729466811
1782430345.852578402,2.129907619,4.941846644,3.720195529
1782430345.853693247,2.102467544,4.894299223,3.698779528
1782430345.860110283,2.075707670,4.830170259,3.682891899
1782430345.860967875,2.005026729,4.666516026,3.592952756
1782430345.862051010,1.982503404,4.615819687,3.563061206
1782430345.863585234,1.936693834,4.555759682,3.550796815
1782430345.865232944,1.897154856,4.492105623,3.535749289
1782430345.866898298,1.865256229,4.440142013,3.532381989
1782430345.872719526,1.840489073,4.392707449,3.499531141
1782430345.873569727,1.780049279,4.257396114,3.419081567
1782430345.875226021,1.753093862,4.204827065,3.410049395
1782430345.877641439,1.714483325,4.155298441,3.402246640
1782430345.878734112,1.695491632,4.109388721,3.371804227
1782430345.883910656,1.668379945,4.067595137,3.367637946
1782430345.885221720,1.630939424,3.978200005,3.309399989
1782430345.887211084,1.596812427,3.931894978,3.300889352
1782430345.888531446,1.571273385,3.886399982,3.266132832
1782430345.890285492,1.538235645,3.831873137,3.252201377
1782430345.891841650,1.504701773,3.779201920,3.234185153
1782430345.897722006,1.483648341,3.734597652,3.198419264
1782430345.898570299,1.407272333,3.523142052,3.063336422
1782430345.900210857,1.380769307,3.459402426,3.043169029
1782430345.902608156,1.338284285,3.401172422,3.020388584
1782430345.903704643,1.326202364,3.337853065,2.989738893
1782430345.910058737,1.300279399,3.276248592,2.974907923
1782430345.910917282,1.258046488,3.093438087,2.879778439
1782430345.912004709,1.232595513,3.039127028,2.851985828
1782430345.913530588,1.212389439,2.966386579,2.830837380
1782430345.915281773,1.192662622,2.904306710,2.817060849
1782430345.916924238,1.161174944,2.841594170,2.792324995
1782430345.922647953,1.151182694,2.776151775,2.762323850
1782430345.923707485,1.120919654,2.589193066,2.670830104
1782430345.925196171,1.101596169,2.529249113,2.646026094
1782430345.927562475,1.084019432,2.467510889,2.617691766
1782430345.928628683,1.084943343,2.406700852,2.600875197
1782430345.935009241,1.067917514,2.351169923,2.585749558
1782430345.935845852,1.063289466,2.204783704,2.542348396
1782430345.936939716,1.061417549,2.156832979,2.537454397
1782430345.938547611,1.065349137,2.107839144,2.540737037
1782430345.940296173,1.060781743,2.070405438,2.539695321
1782430345.941936970,1.053027775,2.023798819,2.537233748
1782430345.945078135,1.064759480,1.988595182,2.536638179
1782430345.945914030,1.060731125,1.960378960,2.538120217
1782430345.947726250,1.057160611,1.924475972,2.533163769
1782430345.948585510,1.078043413,1.895815626,2.538215571
1782430345.950227261,1.079011286,1.860684751,2.532465985
1782430345.952618599,1.079219916,1.835522114,2.534017487
1782430345.953713894,1.095266102,1.802712534,2.532872493
1782430345.959918261,1.095332973,1.780869801,2.535204464
1782430345.960806370,1.121846795,1.715493058,2.519088240
1782430345.961898565,1.122665061,1.695908258,2.513422343
1782430345.963726997,1.131409341,1.659053343,2.517340799
1782430345.971583366,1.129788699,1.644556730,2.507949122
1782430345.972430468,1.135823852,1.561961855,2.480141172
1782430345.973516703,1.145904338,1.545898831,2.482296405
1782430345.975302219,1.138749351,1.517933922,2.477424933
1782430345.981212854,1.163284027,1.501721478,2.457303816
1782430345.982056379,1.186188629,1.494172080,2.456896445
1782430345.983702183,1.181864726,1.472597455,2.476940297
1782430345.985969067,1.155996074,1.463631707,2.504709060
1782430345.987063169,1.134385250,1.458188980,2.535496695
1782430345.991216898,1.113415000,1.453860953,2.555575933
1782430345.991993904,1.081726592,1.418914121,2.586194522
1782430345.993537188,1.077785094,1.396231982,2.588987131
1782430345.995550156,1.068633436,1.378579532,2.600770281
1782430345.996854544,1.068739268,1.356062389,2.614761628
1782430345.998590469,1.064487256,1.339418115,2.623330855
1782430346.000180960,1.059796405,1.319133473,2.633833551
1782430346.005974531,1.052671322,1.300597027,2.651601834
1782430346.006832600,1.030824262,1.271846652,2.688913622
1782430346.008711338,1.020645287,1.269124626,2.694399619
1782430346.011038542,1.007319623,1.282937404,2.711884307
1782430346.011894464,1.007157474,1.276032311,2.719513967
1782430346.018294334,1.004208322,1.287171749,2.722907915
1782430346.019151688,1.024244211,1.318748066,2.694302780
1782430346.020231724,1.033536361,1.339114528,2.680445667
1782430346.022003651,1.056090300,1.359187078,2.672518430
1782430346.023608685,1.074178693,1.378260418,2.663857899
1782430346.025176048,1.075506373,1.402432482,2.657695534
1782430346.031035423,1.074938006,1.413341928,2.653859745
1782430346.031889200,1.050293851,1.441584008,2.638874176
1782430346.033539295,1.044930378,1.441897839,2.637991896
1782430346.035979748,1.030596472,1.440863163,2.623284569
1782430346.037065983,1.030673284,1.426182630,2.620967595
1782430346.043348074,1.016716607,1.419527481,2.612404455
1782430346.044243336,0.996746072,1.390598109,2.608895664
1782430346.045334578,0.989055317,1.375205103,2.606735532
1782430346.046893835,0.993042359,1.368984265,2.615844590
1782430346.048589468,0.986882239,1.372077992,2.619751876
1782430346.050232649,0.978457083,1.366339066,2.623329266
1782430346.053658962,0.983994381,1.365596321,2.631299292
1782430346.056002617,0.974526225,1.378215997,2.635843805
1782430346.056858540,0.979390314,1.379901525,2.650316830
1782430346.058634281,0.984520125,1.387293930,2.662470442
1782430346.060990572,0.981831786,1.410650850,2.671593938
1782430346.061833382,0.993771554,1.436723243,2.697761035
1782430346.068298101,0.991688420,1.465912128,2.712193949
1782430346.069185495,1.002107608,1.518261449,2.756562819
1782430346.070272923,1.006738239,1.531324973,2.773437997
1782430346.072041512,1.009030037,1.557145815,2.795731110
1782430346.073626518,1.009228649,1.584060957,2.817676269
1782430346.075180531,1.019767620,1.598637080,2.845844978
1782430346.081111670,1.021509467,1.628445258,2.874818065
1782430346.081950426,1.025192239,1.706808795,2.960656111
1782430346.083590269,1.024152509,1.736975150,2.993260312
1782430346.085932493,1.027214939,1.762843694,3.024194022
1782430346.087002993,1.028450667,1.789990084,3.054627277
1782430346.093334913,1.023739086,1.831013988,3.087514055
1782430346.094192505,1.005197964,1.916401104,3.176556099
1782430346.095276594,1.012137496,1.940733557,3.209082807
1782430346.097033978,1.013452568,1.980373329,3.232893291
1782430346.098597288,1.009916907,2.009972006,3.257868432
1782430346.100241423,1.017572824,2.040851564,3.284465861
1782430346.106096268,1.015871851,2.074337329,3.311897259
1782430346.106992006,1.011295312,2.166836513,3.383386721
1782430346.108574152,1.003988981,2.194838565,3.404906605
1782430346.111022234,1.003418589,2.222886949,3.425878679
1782430346.111886024,1.002721499,2.248027702,3.449690607
1782430346.116173744,0.986694452,2.276552162,3.460084185
1782430346.116911888,0.966973102,2.308820718,3.492906885
1782430346.118595839,0.953585415,2.322804369,3.504462876
1782430346.120617628,0.945414615,2.340992015,3.516309905
1782430346.122035027,0.942488952,2.360431418,3.537869101
1782430346.123607159,0.925756339,2.387444748,3.546960970
1782430346.125180721,0.919113838,2.400807415,3.562774927
1782430346.131015062,0.912817346,2.419218065,3.584574407
1782430346.131906748,0.882839643,2.456748194,3.630338093
1782430346.133502960,0.869312196,2.479859990,3.631771639
1782430346.135972738,0.858199537,2.486895306,3.639000568
1782430346.136861563,0.850813299,2.491618015,3.643051590
1782430346.143334866,0.832650119,2.498686565,3.641644481
1782430346.144189835,0.794807421,2.485976995,3.652253895
1782430346.145275116,0.786247481,2.475134624,3.661474235
1782430346.147040129,0.784021836,2.482864294,3.650947295
1782430346.148649216,0.768786766,2.480250856,3.652715025
1782430346.150242090,0.759456188,2.480099217,3.639325802
1782430346.155954838,0.760842199,2.467497194,3.639853819
1782430346.157049656,0.746998212,2.438999224,3.613091555
1782430346.158698797,0.738298564,2.438703026,3.590721737
1782430346.160955191,0.729595243,2.429780314,3.577283374
1782430346.161835909,0.729850979,2.413712796,3.572144131
1782430346.168327570,0.714581169,2.409969291,3.562741273
1782430346.169207811,0.677127599,2.341501481,3.526355516
1782430346.170304775,0.652485541,2.313810793,3.516471755
1782430346.171839237,0.655313528,2.298667632,3.509328655
1782430346.173592091,0.656084442,2.285194102,3.502632874
1782430346.175253153,0.640798956,2.275365841,3.479726286
1782430346.179310799,0.642269412,2.248850139,3.486461722
1782430346.180229187,0.622298128,2.215923873,3.475521776
1782430346.181930780,0.640754554,2.211748602,3.463600650
1782430346.183556795,0.636111619,2.203547223,3.457691352
1782430346.186016083,0.634181988,2.205798257,3.445064580
1782430346.186877012,0.643374050,2.199612642,3.448119791
1782430346.193324804,0.644730193,2.217411545,3.437836444
1782430346.194219589,0.656867519,2.224059051,3.468437328
1782430346.195301294,0.657315227,2.231961395,3.470393080
1782430346.197060108,0.675420296,2.295347631,3.440724503
1782430346.198585987,0.682154664,2.305082227,3.456425923
1782430346.200232506,0.702242662,2.355593093,3.429685418
1782430346.206037283,0.706704651,2.363845210,3.438975932
1782430346.206934214,0.729577573,2.401561750,3.455659379
1782430346.208531618,0.753309484,2.446400125,3.436628749
1782430346.211072445,0.764269767,2.483321688,3.412445270
1782430346.211941004,0.764554762,2.486874454,3.406634541
1782430346.218298912,0.786052817,2.514746030,3.385739404
1782430346.219181776,0.775066520,2.497665204,3.365721316
1782430346.220269442,0.770523534,2.486216804,3.361216695
1782430346.222047567,0.799270595,2.530017616,3.292459461
1782430346.223710299,0.796370305,2.511270938,3.288846673
1782430346.225275993,0.803824246,2.527680747,3.246613526
1782430346.231094599,0.797123232,2.514084698,3.235946767
1782430346.231939077,0.775484089,2.464315443,3.193537346
1782430346.233626366,0.797824694,2.463927500,3.152565282
1782430346.235996962,0.807673316,2.460776098,3.125389050
1782430346.236860514,0.807495441,2.460064042,3.106446365
1782430346.241710901,0.824785740,2.448612024,3.090913488
1782430346.242472649,0.822999151,2.420401394,3.082979993
1782430346.243577719,0.828943935,2.404345498,3.075267289
1782430346.245652676,0.846178586,2.410307376,3.067763058
1782430346.246999979,0.844095476,2.411160852,3.070958142
1782430346.248590946,0.865145698,2.407411165,3.073211555
1782430346.250236511,0.877032816,2.417632065,3.064349548
1782430346.256020069,0.872840019,2.403537542,3.070952873
1782430346.256880522,0.883978398,2.391768081,3.106220569
1782430346.258651495,0.912185074,2.406528212,3.109484713
1782430346.261031151,0.930603363,2.411058944,3.117931659
1782430346.261886597,0.938466514,2.421313977,3.126310818
1782430346.268289089,0.967770604,2.422453064,3.145088863
1782430346.269189596,0.995928670,2.451465626,3.178127258
1782430346.270277262,0.993924641,2.459478389,3.186457603
1782430346.272039413,1.022835522,2.465418248,3.179177389
1782430346.273655891,1.026088616,2.478345855,3.182026348
1782430346.275224924,1.027782994,2.486078406,3.172284330
1782430346.281017303,1.032737796,2.485406200,3.176489842
1782430346.281873941,1.032266452,2.503708259,3.168191359
1782430346.283651352,1.051619921,2.523046308,3.165341142
1782430346.285980701,1.061111657,2.517370268,3.167070477
1782430346.287053585,1.068465113,2.528159278,3.165004339
1782430346.293361902,1.072115092,2.523848312,3.171056168
1782430346.294272661,1.085010733,2.519145345,3.202459831
1782430346.295392513,1.094853124,2.511590056,3.212255313
1782430346.296941996,1.099333397,2.522340042,3.208150599
1782430346.298659325,1.106849889,2.517202161,3.214991165
1782430346.300249815,1.116248827,2.522946100,3.205553157
1782430346.304136515,1.116530364,2.531238929,3.208265078
1782430346.306132555,1.114953156,2.526959275,3.214282593
1782430346.306998491,1.131836899,2.557965210,3.220758671
1782430346.308548689,1.140597146,2.580125571,3.220316960
1782430346.311000824,1.157916387,2.587907131,3.231800719
1782430346.311847687,1.167924070,2.626115694,3.230320066
1782430346.318284988,1.175098420,2.639411921,3.240071622
1782430346.319155931,1.212492233,2.735130148,3.287542258
1782430346.320272923,1.226552972,2.766213021,3.312894030
1782430346.321847677,1.250231927,2.822531041,3.331268097
1782430346.323634863,1.270099834,2.866062041,3.368299618
1782430346.325188398,1.303181277,2.932807982,3.390726364
1782430346.330997467,1.321503962,2.989198452,3.413681831
1782430346.331845999,1.368363510,3.122346135,3.464593440
1782430346.333507061,1.392724284,3.204116875,3.464925797
1782430346.336048126,1.418883751,3.269583135,3.482025039
1782430346.336904049,1.460944155,3.427745557,3.495174508
1782430346.343312025,1.488541361,3.502341986,3.512808530
1782430346.344150066,1.558946193,3.765538722,3.538255907
1782430346.345254183,1.584800111,3.854648466,3.547287443
1782430346.347038984,1.607681836,3.956349687,3.537295687
1782430346.348592520,1.639383843,4.030116279,3.538468111
1782430346.350177288,1.663600648,4.128698640,3.529126371
1782430346.356002808,1.692268491,4.212959042,3.525666194
1782430346.356860399,1.745074386,4.360760328,3.525044774
1782430346.358652115,1.757640350,4.436909124,3.509434175
1782430346.360922098,1.776506685,4.507539012,3.511259269
1782430346.362022161,1.826742925,4.636364761,3.517496620
1782430346.364666462,1.842753742,4.694325158,3.530907741
1782430346.365416765,1.869392920,4.743202619,3.545495045
1782430346.368341446,1.897784693,4.788579203,3.552760895
1782430346.369185448,1.909333613,4.832160656,3.554695483
1782430346.370278597,1.946518647,4.865261567,3.573784032
1782430346.372047663,1.925304928,4.907874940,3.581981424
1782430346.373590946,1.957462314,4.941848004,3.587047875
1782430346.375247717,1.962313004,4.981803664,3.612702706
1782430346.379844189,1.995269697,5.009528586,3.613621679
1782430346.380464554,0.000000000,0.000000000,0.000000000
1782430346.381871939,2.047858806,5.089236393,3.650267590
1782430346.383684635,2.042335221,5.135574193,3.661859117
1782430346.385279417,2.045052394,5.173441571,3.687639326
1782430346.386956692,2.044288459,5.224556495,3.709358810
1782430346.393430710,2.073217741,5.264940635,3.709137852
1782430346.394453287,2.234152693,5.448105549,3.765312710
1782430346.395347357,2.201639116,5.529215492,3.825263872
1782430346.396978378,2.232730888,5.576169576,3.821446578
1782430346.398637533,2.231023387,5.601582514,3.872148884
1782430346.400186539,2.224016196,5.650089840,3.912658913
1782430346.406095028,2.257544648,5.678586034,3.941423272
1782430346.406956911,2.359716600,5.796856153,3.995169366
1782430346.408520460,2.351226717,5.845356414,4.044152896
1782430346.411024570,2.365865026,5.889645633,4.090151347
1782430346.411879539,2.396246314,5.925371194,4.130474738
1782430346.418289900,2.388149440,5.968293564,4.157373195
1782430346.419129848,2.516812976,6.082389652,4.193468867
1782430346.420251131,2.555371888,6.123099045,4.209762860
1782430346.422005415,2.529280197,6.151664155,4.272190983
1782430346.423617363,2.564469466,6.200675797,4.285946397
1782430346.425270796,2.564533080,6.236835706,4.332108320
1782430346.427170992,2.598759860,6.281626316,4.340856585
1782430346.431099653,2.640273060,6.326994730,4.350825109
1782430346.432029009,2.681563363,6.404740284,4.398562301
1782430346.433654785,2.655391893,6.437101401,4.428885976
1782430346.436044216,2.651837063,6.475024065,4.475995140
1782430346.436979532,2.674683446,6.521723452,4.499395283
1782430346.442240238,2.665820341,6.538580265,4.541661546
1782430346.443583012,2.732613494,6.610913994,4.574926750
1782430346.445628405,2.721333219,6.639050028,4.606385479
1782430346.446938753,2.735267226,6.663436617,4.625476062
1782430346.448639154,2.734155498,6.680885172,4.661858005
1782430346.450247765,2.706578570,6.704750588,4.700854266
1782430346.456000090,2.715969181,6.726514841,4.700400756
1782430346.456834793,2.746078947,6.813248592,4.710693576
1782430346.458531857,2.715970682,6.832257375,4.742321134
1782430346.461126089,2.694326556,6.845282196,4.761006924
1782430346.461974621,2.701362462,6.850099872,4.759287093
1782430346.468400717,2.686501866,6.862201604,4.772669126
1782430346.469256639,2.686598775,6.899571196,4.751713744
1782430346.470365047,2.685510948,6.901819661,4.743145938
1782430346.471897125,2.662794220,6.898471016,4.766531215
1782430346.473607540,2.637864399,6.896044807,4.765286695
1782430346.475244284,2.608705299,6.874825154,4.776088287
1782430346.481137991,2.614690037,6.872514792,4.760894838
1782430346.481982946,2.604696090,6.826399621,4.715804134
1782430346.483545303,2.572325364,6.799856628,4.716621323
1782430346.485998392,2.550189200,6.771333527,4.715926424
1782430346.486855030,2.543698155,6.730050750,4.702224562
1782430346.493342161,2.515131749,6.696099809,4.695369024
1782430346.494235277,2.458917907,6.564607328,4.647518331
1782430346.495333910,2.436656402,6.516634965,4.632012823
1782430346.496901274,2.411997794,6.466300427,4.640922228
1782430346.498615742,2.378780887,6.414194643,4.626927255
1782430346.500267029,2.340669102,6.359118567,4.631629157
1782430346.503671169,2.328192234,6.301269281,4.608850374
1782430346.506100893,2.309087352,6.263449879,4.584133158
1782430346.507024288,2.277037379,6.174110012,4.557468355
1782430346.508689404,2.238285295,6.131860678,4.553777598
1782430346.510192871,2.210705409,6.090953832,4.550379883
1782430346.511985779,2.183795015,6.055013955,4.550940359
1782430346.518383503,2.165221927,6.032410808,4.537547257
1782430346.519221544,2.143546914,5.974201152,4.520359066
1782430346.520345688,2.131455089,5.953567291,4.510966339
1782430346.521872997,2.105911124,5.923983139,4.522779913
1782430346.523570061,2.089567180,5.916347679,4.526239280
1782430346.525235653,2.063760844,5.898365130,4.533906484
1782430346.530999184,2.064058116,5.877113111,4.526537789
1782430346.531852722,2.049811179,5.853197391,4.526071322
1782430346.533628941,2.026145867,5.844066311,4.533929843
1782430346.536072016,1.997127042,5.829690237,4.544102300
1782430346.536990166,1.992127952,5.793414745,4.539377240
1782430346.543500185,1.957563462,5.768988249,4.540172841
1782430346.545724869,1.907004298,5.666982643,4.524414477
1782430346.546866655,1.896404378,5.625448663,4.522422799
1782430346.548664808,1.865997037,5.589546269,4.516234025
1782430346.550202847,1.829237153,5.549328891,4.507805423
1782430346.556137562,1.816117295,5.491690593,4.491537106
1782430346.557000160,1.732098558,5.236840757,4.402371000
1782430346.558547497,1.688828117,5.168104961,4.372804818
1782430346.561105967,1.661683044,5.095650389,4.346581885
1782430346.561964750,1.641433254,5.016891916,4.327626589
1782430346.567147732,1.605984099,4.950034795,4.289126659
1782430346.568714857,1.580315088,4.781783730,4.240803052
1782430346.570717812,1.552514481,4.718052295,4.208037031
1782430346.572025299,1.531073927,4.633959886,4.191095271
1782430346.573677778,1.513972139,4.560892817,4.165779350
1782430346.575244904,1.492312679,4.491072447,4.135688126
1782430346.581075907,1.469300020,4.408919150,4.111952053
1782430346.581928730,1.410316809,4.128748522,4.027276164
1782430346.583533525,1.388649522,4.032750349,3.995438945
1782430346.586009502,1.374142890,3.949351420,3.952041706
1782430346.586880922,1.326781367,3.752790051,3.892365518
1782430346.593338013,1.311589755,3.676477574,3.863105188
1782430346.594188929,1.273008980,3.436633865,3.791530042
1782430346.595273256,1.256698679,3.356473090,3.763643563
1782430346.597027540,1.247740500,3.292875548,3.728442036
1782430346.598602772,1.230815982,3.230843423,3.704213987
1782430346.600192308,1.223701316,3.170512071,3.680968665
1782430346.606024504,1.218749262,3.107761977,3.661222660
1782430346.606872559,1.203277301,2.998460396,3.633389476
1782430346.608639479,1.204462449,2.968609817,3.619697225
1782430346.611001492,1.191031029,2.948059202,3.597109896
1782430346.611883879,1.188340292,2.872716256,3.582404378
1782430346.618342161,1.175300550,2.850206274,3.560148765
1782430346.619230986,1.158791780,2.758893966,3.521454522
1782430346.620327234,1.160703655,2.717401187,3.512743840
1782430346.621880770,1.156254674,2.700469882,3.498328763
1782430346.623600721,1.140939724,2.679601338,3.476922376
1782430346.625255585,1.142019653,2.650463461,3.465919964
1782430346.627216578,1.130557677,2.626768003,3.452965052
1782430346.631044626,1.115852852,2.594599155,3.442898424
1782430346.631883144,1.107184927,2.550743936,3.424437383
1782430346.633530378,1.089494711,2.530640705,3.410928840
1782430346.635993481,1.090286049,2.515944307,3.404004354
1782430346.636841774,1.078313198,2.495869561,3.388568832
1782430346.643378258,1.062624870,2.479357079,3.375364760
1782430346.644245148,1.031846432,2.426036428,3.333450398
1782430346.645237684,1.015630993,2.402984065,3.338633741
1782430346.647030830,1.016283529,2.395153436,3.309715046
1782430346.648646355,1.008006745,2.390996236,3.296313173
1782430346.650198698,1.000201531,2.372504075,3.284061590
1782430346.656143427,0.998140568,2.360148440,3.268562748
1782430346.656986952,0.976676973,2.335623168,3.248190173
1782430346.658530235,0.967318546,2.330982590,3.227408799
1782430346.661025763,0.959572291,2.314267372,3.219924512
1782430346.661894321,0.959093558,2.308370785,3.210756680
1782430346.668330669,0.948636806,2.301553704,3.195026284
1782430346.669206381,0.929104144,2.263486242,3.173691939
1782430346.670315266,0.927266924,2.250557795,3.164140663
1782430346.671860695,0.923504436,2.241474852,3.149357318
1782430346.673666716,0.911748430,2.227700473,3.137382617
1782430346.675243616,0.909036970,2.210500712,3.132872187
1782430346.681136847,0.891205664,2.197845021,3.116851115
1782430346.681973457,0.865576788,2.147830407,3.088648189
1782430346.683544159,0.858742725,2.130568288,3.074533816
1782430346.686011076,0.862073486,2.126995871,3.072164220
1782430346.686859608,0.852430487,2.119413302,3.052633708
1782430346.689137697,0.849698766,2.114180300,3.049253236
1782430346.693431139,0.845375025,2.104597039,3.032481228
1782430346.694475412,0.829985098,2.084542667,3.013262084
1782430346.695426226,0.828299554,2.079021904,3.002578736
1782430346.696871042,0.816275464,2.079468705,2.977854270
1782430346.698705435,0.815648863,2.071861240,2.968466999
1782430346.700184584,0.810804790,2.072630073,2.954838008
1782430346.704121590,0.798445863,2.062106114,2.935219049
1782430346.706110954,0.800873932,2.059676847,2.926688273
1782430346.706999302,0.780010230,2.031249593,2.900544141
1782430346.708550215,0.790249447,2.031282921,2.885784413
1782430346.710987806,0.780935471,2.024919413,2.866914497
1782430346.711845636,0.778938863,2.009709445,2.859177973
1782430346.718294621,0.782502412,1.995610108,2.844040580
1782430346.719188690,0.768917032,1.957690111,2.817888138
1782430346.720340967,0.764951898,1.951693623,2.801421923
1782430346.721916437,0.760523880,1.950998222,2.793012489
1782430346.723639488,0.765744509,1.943703562,2.785783400
1782430346.725206614,0.769049496,1.951373312,2.772806380
1782430346.731102705,0.764547382,1.941821955,2.773627961
1782430346.731944323,0.763537219,1.951865744,2.778398571
1782430346.733621836,0.762885454,1.963067643,2.765178007
1782430346.736010551,0.767325287,1.971247986,2.766127360
1782430346.736889839,0.773420612,1.980366305,2.767916554
1782430346.743316889,0.778163483,2.002575743,2.766398886
1782430346.744168997,0.787165250,2.044244630,2.774837115
1782430346.745283604,0.788856998,2.058108158,2.785370585
1782430346.746932030,0.803951028,2.077151951,2.790620719
1782430346.748600721,0.808905260,2.103296892,2.785841959
1782430346.750294685,0.819367313,2.132287632,2.796383305
1782430346.756020069,0.827234498,2.154398891,2.811951699
1782430346.756869316,0.842328456,2.221675922,2.851116558
1782430346.758669376,0.852105267,2.247545243,2.848472105
1782430346.761011124,0.870670295,2.274263307,2.865099018
1782430346.761855125,0.883298511,2.291593030,2.871339338
1782430346.766093969,0.894783281,2.323674176,2.877854711
1782430346.766885281,0.908189973,2.369398708,2.911356131
1782430346.768614531,0.910115046,2.410915862,2.922230122
1782430346.770552158,0.929899361,2.439908407,2.938010926
1782430346.771900177,0.943750099,2.478148627,2.950767230
1782430346.773601294,0.955947559,2.516945553,2.950676924
1782430346.775253296,0.973232144,2.555494177,2.963140567
1782430346.781105042,0.990910736,2.599367678,2.979545902
1782430346.781965971,1.017859577,2.731519227,3.023368572
1782430346.783625126,1.038411456,2.782142955,3.034958780
1782430346.786077499,1.062932501,2.821535783,3.041589211
1782430346.786935568,1.073837712,2.869544123,3.048081551
1782430346.793436766,1.087450243,2.911193790,3.056110665
1782430346.794292450,1.138006642,3.039317519,3.084885158
1782430346.795400620,1.161125236,3.083690294,3.093425151
1782430346.796966076,1.181494037,3.137022656,3.095469160
1782430346.798642635,1.204106515,3.180850114,3.104423920
1782430346.800205708,1.227064009,3.229044399,3.116005534
1782430346.806061268,1.238867572,3.278440537,3.115107761
1782430346.806906939,1.271454868,3.373587663,3.140584068
1782430346.808685303,1.288641107,3.426885817,3.139919430
1782430346.811076641,1.305978230,3.489182272,3.142967387
1782430346.811909437,1.346009290,3.589291741,3.167459331
1782430346.818410873,1.365614510,3.646214040,3.164521229
1782430346.819263697,1.448911828,3.798588528,3.201242181
1782430346.820336103,1.471791210,3.842614594,3.217152892
1782430346.821888685,1.494597778,3.899403730,3.233489935
1782430346.823668242,1.512063894,3.955404025,3.239313865
1782430346.825234890,1.523952407,4.003951711,3.253162439
1782430346.829197884,1.552143458,4.055213905,3.265122796
1782430346.831099749,1.579181287,4.103158119,3.282701913
1782430346.831957340,1.635531155,4.181638264,3.298014272
1782430346.833508492,1.646922122,4.221514155,3.312247651
1782430346.836088896,1.670879935,4.265830144,3.328960015
1782430346.836948395,1.700954515,4.307017355,3.339596363
1782430346.843311548,1.713650168,4.347283662,3.350420684
1782430346.844188452,1.807179202,4.443615063,3.405980732
1782430346.845297098,1.840848226,4.476087261,3.421509880
1782430346.846885443,1.841175974,4.517349254,3.437384554
1782430346.848657370,1.862242123,4.554732865,3.470191363
1782430346.850192785,1.870478451,4.600006017,3.492568382
1782430346.856094837,1.906487759,4.633757324,3.508162457
1782430346.856944799,2.027387624,4.750846592,3.583545781
1782430346.858706713,2.042845479,4.804760052,3.627759107
1782430346.861034870,2.067258531,4.861435190,3.672895345
1782430346.861887932,2.053663548,4.910465283,3.708149140
1782430346.868402719,2.089802523,4.964954480,3.741516973
1782430346.869263887,2.213117595,5.155536465,3.870100048
1782430346.870374918,2.265657491,5.209090172,3.906370678
1782430346.871930599,2.288104363,5.279709016,3.943518917
1782430346.873661757,2.312314043,5.336274062,3.988033326
1782430346.875237703,2.345905083,5.397750412,4.032190807
1782430346.881132603,2.400691112,5.460759280,4.061610823
1782430346.882099152,2.562767626,5.615830367,4.144829372
1782430346.883538485,2.578294327,5.662613500,4.185971161
1782430346.885213137,2.588486834,5.710321020,4.204610385
1782430346.886989832,2.579617442,5.744622707,4.260084026
1782430346.891044617,2.609452083,5.772717268,4.279378345
1782430346.891886711,2.645610080,5.819410476,4.312048732
1782430346.893733978,2.669378059,5.859442155,4.331652355
1782430346.895734787,2.653994577,5.910032064,4.361805553
1782430346.897059917,2.682503602,5.940082950,4.381530864
1782430346.898632526,2.722899721,5.992259708,4.407890969
1782430346.900194407,2.687602135,6.054882546,4.434887043
1782430346.906109333,2.705447451,6.090483878,4.452089453
1782430346.906963825,2.822136281,6.218346674,4.467501576
1782430346.908607244,2.821638394,6.264963576,4.476193168
1782430346.911032200,2.818975228,6.301231404,4.487450723
1782430346.911888361,2.850333268,6.330069554,4.503291847
1782430346.918470860,2.843576703,6.377115621,4.518917981
1782430346.920733690,2.858534462,6.481281125,4.567808517
1782430346.922036409,2.872814512,6.510040558,4.596089286
1782430346.923694134,2.866585977,6.544636904,4.616866392
1782430346.925251245,2.847756036,6.577039089,4.642109519
1782430346.931102991,2.874758679,6.604863270,4.651680601
1782430346.931941032,2.958442616,6.716085580,4.684618573
1782430346.933587551,2.937279276,6.733510121,4.719638834
1782430346.936014175,2.933390199,6.757752233,4.743876686
1782430346.936872721,2.928552998,6.773056641,4.755953624
1782430346.943636894,2.918069221,6.788666887,4.773359020
1782430346.945243597,2.906869557,6.818647895,4.814881678
1782430346.946905136,2.874003752,6.824113661,4.857685274
1782430346.948690414,2.873212444,6.835841089,4.864327805
1782430346.950254679,2.844733819,6.836417589,4.909011195
1782430346.954056263,2.857635337,6.855299947,4.920675483
1782430346.956135035,2.870404699,6.890921718,4.930689531
1782430346.956989050,2.881537476,6.910420280,4.954029804
1782430346.958566189,2.872445012,6.898604583,4.989410344
1782430346.960997820,2.866566295,6.908221192,4.997972536
1782430346.961853504,2.862815038,6.900415450,5.004189234
1782430346.968318939,2.852682110,6.893669795,5.008508163
1782430346.969184875,2.844951113,6.825940782,4.997465429
1782430346.970269203,2.844055834,6.803283230,4.991375069
1782430346.972053766,2.784234083,6.768974070,5.026394362
1782430346.980022907,2.775039156,6.736182542,5.024014338
1782430346.980868816,2.704263695,6.611092855,5.032768863
1782430346.981950998,2.694612978,6.588141764,5.020186470
1782430346.983499050,2.640930850,6.543525347,5.048235929
1782430346.989616394,2.612662808,6.520707138,5.056305727
1782430346.990471363,2.591190649,6.432430786,5.022270724
1782430346.992003441,2.527442489,6.390866944,5.038129621
1782430346.994316101,2.482346483,6.359205308,5.045526060
1782430346.995172024,2.460503161,6.333025113,5.053813385
1782430346.999410391,2.412702182,6.304297998,5.057839881
1782430347.000258684,2.394579353,6.258399938,5.035349124
1782430347.002046347,2.365674916,6.232018485,5.030265128
1782430347.003532648,2.320070866,6.202291824,5.038614530
1782430347.005207300,2.278004121,6.172705636,5.053899010
1782430347.006966829,2.266522069,6.159773735,5.033432512
1782430347.008508921,2.211707101,6.120289210,5.035196005
1782430347.014399767,2.199133487,6.097952230,5.019374721
1782430347.015232563,2.125864400,6.026903954,4.965547350
1782430347.017024279,2.072718132,5.992971617,4.975994581
1782430347.019348860,2.028291990,5.961193989,4.969931617
1782430347.020194054,2.005901197,5.925967055,4.957817006
1782430347.026767492,1.971900994,5.895389115,4.950019536
1782430347.027625084,1.897975687,5.804215603,4.884978154
1782430347.028726816,1.873334713,5.780544986,4.863530618
1782430347.030284882,1.830903361,5.733149750,4.864192649
1782430347.032063484,1.794159544,5.692140753,4.849346546
1782430347.033616781,1.742063622,5.644550997,4.850513141
1782430347.039515018,1.725774444,5.592031290,4.820268903
1782430347.040355682,1.649782900,5.443595094,4.735814705
1782430347.042005062,1.595202534,5.386634845,4.714440288
1782430347.044362307,1.568232213,5.320012462,4.691519426
1782430347.045211554,1.532945475,5.262857817,4.676008836
1782430347.051739454,1.500078560,5.199664399,4.639572172
1782430347.052597523,1.414133018,4.987603251,4.522782975
1782430347.053702354,1.393741825,4.907542297,4.482935119
1782430347.055233955,1.354378543,4.829533020,4.452593941
1782430347.056943417,1.327202889,4.751105110,4.417120694
1782430347.058599472,1.295487868,4.659683897,4.372114889
1782430347.062314510,1.276323403,4.578999237,4.321240205
1782430347.064373016,1.234533034,4.486658680,4.279741421
1782430347.065216541,1.163890214,4.295883561,4.182762844
1782430347.067002773,1.125518824,4.195618700,4.121786804
1782430347.069327116,1.102982362,4.104798632,4.071093857
1782430347.070163965,1.063341272,4.006657570,4.008643859
1782430347.076761007,1.035992986,3.908146741,3.944674896
1782430347.077611685,0.947747995,3.618047368,3.773579253
1782430347.078685284,0.917997611,3.520431849,3.718168540
1782430347.080271959,0.891160927,3.428428073,3.649760469
1782430347.082030535,0.861109406,3.336070966,3.584868951
1782430347.083603144,0.844127580,3.242027321,3.527133129
1782430347.089370728,0.810911717,3.152176993,3.473447027
1782430347.090215921,0.756879999,2.958563962,3.374526950
1782430347.091876268,0.735080949,2.881632284,3.327471636
1782430347.094357014,0.701495762,2.798148282,3.280057750
1782430347.095221996,0.659007194,2.630980968,3.197704039
1782430347.101728916,0.636662249,2.556336106,3.153653688
1782430347.102585077,0.583968074,2.359169953,3.071581003
1782430347.103668690,0.575526265,2.298842841,3.046284742
1782430347.105214596,0.566673030,2.258509559,3.017810557
1782430347.106977940,0.558457593,2.218968314,2.996036996
1782430347.108540058,0.567716860,2.194392002,2.980941220
1782430347.114358664,0.551438579,2.168283770,2.965469156
1782430347.115275383,0.549363020,2.103211844,2.955575048
1782430347.116872787,0.542096616,2.084401006,2.931349213
1782430347.119298220,0.545317491,2.063523720,2.924255566
1782430347.120375872,0.556082645,2.012531081,2.906437204
1782430347.125082254,0.526724526,2.016634180,2.893429784
1782430347.125869989,0.525889223,1.965531044,2.879318782
1782430347.126996279,0.526716602,1.955992777,2.874758281
1782430347.129023790,0.516937246,1.947710102,2.865221651
1782430347.130374670,0.527804116,1.932628280,2.865459972
1782430347.132063627,0.532552660,1.930571839,2.856047490
1782430347.133615255,0.528465605,1.930711119,2.847615441
1782430347.139405489,0.526077884,1.913354635,2.850663547
1782430347.140264750,0.530431032,1.906647893,2.853718519
1782430347.142018318,0.537621629,1.905904752,2.844087007
1782430347.143535137,0.536159127,1.899839036,2.843215770
1782430347.145306587,0.534222252,1.907424464,2.832369526
1782430347.151725292,0.532078116,1.899425015,2.836940245
1782430347.152587414,0.537450264,1.902685938,2.863003225
1782430347.153684616,0.532153862,1.904916157,2.860837198
1782430347.155351400,0.547010970,1.909226780,2.864084675
1782430347.157144547,0.544651319,1.919560966,2.861716012
1782430347.158555746,0.539258357,1.913419598,2.861846771
1782430347.164384365,0.549704805,1.917237729,2.866432575
1782430347.165251255,0.549970746,1.901694655,2.881091583
1782430347.166911125,0.559415255,1.919878963,2.886654953
1782430347.169351816,0.557333707,1.920309935,2.899715814
1782430347.170205355,0.571857434,1.926156190,2.909968199
1782430347.176793337,0.580013341,1.937410560,2.923003441
1782430347.179030657,0.613478291,1.968757588,2.965818345
1782430347.180327892,0.618262153,1.983834950,2.978571100
1782430347.181984186,0.638206356,1.999873555,3.000207792
1782430347.183541298,0.647902502,2.017398090,3.003614290
1782430347.186866760,0.660751761,2.036069559,3.026042327
1782430347.189410448,0.685208678,2.067572429,3.062312732
1782430347.190275669,0.704365943,2.087029631,3.097954537
1782430347.191837072,0.712577936,2.109806256,3.110602052
1782430347.194355965,0.720098432,2.123593476,3.125471893
1782430347.195210218,0.726718153,2.127569857,3.132690721
1782430347.201755762,0.736313705,2.135699695,3.144950027
1782430347.202612638,0.739632646,2.166745582,3.172239343
1782430347.203711033,0.745001506,2.169846730,3.165891902
1782430347.205243826,0.742954325,2.183260498,3.170100083
1782430347.206967115,0.755416616,2.187784883,3.180324537
1782430347.208523512,0.754125530,2.201301946,3.173861416
1782430347.214366198,0.754200126,2.203754476,3.183798509
1782430347.215204239,0.762656054,2.215675831,3.205066725
1782430347.216843605,0.776165436,2.227165578,3.204197007
1782430347.219166517,0.776996561,2.237594217,3.204974534
1782430347.220249653,0.778341808,2.241738819,3.207991887
1782430347.226488829,0.793440913,2.250199523,3.217605947
1782430347.227346182,0.808686553,2.276236219,3.229555128
1782430347.228659630,0.816317937,2.290111032,3.231772173
1782430347.230213881,0.827852286,2.304019413,3.231952758
1782430347.233742476,0.842369303,2.306806497,3.252918377
1782430347.243505955,0.847461224,2.324224657,3.269042078
1782430347.245188475,0.925805666,2.460282667,3.337306962
1782430347.246846199,0.949140588,2.493195591,3.345968488
1782430347.248694181,0.966621243,2.529741005,3.360090419
1782430347.250281096,0.989862419,2.572728001,3.354427471
1782430347.256108284,0.998286171,2.601266771,3.365319301
1782430347.256959915,1.051440252,2.741424657,3.396396468
1782430347.258605242,1.065462491,2.786918843,3.381164003
1782430347.261120796,1.091015889,2.818817005,3.389261039
1782430347.261975527,1.108865348,2.874618484,3.384058640
1782430347.264752626,1.127164269,2.921142206,3.389846492
1782430347.265477657,1.138822757,2.965928002,3.397519993
1782430347.268465757,1.159250675,3.010223775,3.398396779
1782430347.270711184,1.196173369,3.076417471,3.388011671
1782430347.272015572,1.217533957,3.135665380,3.380420815
1782430347.273703575,1.256240632,3.186399025,3.385657447
1782430347.275278091,1.293053559,3.259479363,3.382791258
1782430347.280206203,1.315008670,3.321541982,3.392026206
1782430347.281964302,1.395161835,3.535413682,3.401357033
1782430347.283574104,1.438902492,3.603327075,3.406622630
1782430347.286082983,1.487724488,3.659150164,3.414421870
1782430347.286920786,1.564279944,3.790136645,3.420485589
1782430347.293427229,1.606981799,3.846200206,3.432082127
1782430347.294262171,1.734393562,4.049300270,3.469862557
1782430347.295364857,1.771569683,4.120873062,3.483550675
1782430347.296903610,1.819174940,4.176568977,3.505246944
1782430347.298714399,1.869656298,4.231407775,3.536723701
1782430347.300274372,1.905280784,4.295521926,3.573149742
1782430347.306133986,1.958063518,4.353741725,3.603621901
1782430347.306989431,2.119732085,4.524737231,3.691350570
1782430347.308524847,2.162982377,4.581262014,3.744389318
1782430347.311069489,2.200541007,4.637571611,3.784289243
1782430347.311908484,2.249430133,4.694074988,3.823180699
1782430347.318487406,2.279944621,4.742345191,3.862586162
1782430347.320739031,2.395045540,4.907418354,3.957559871
1782430347.322039604,2.431489921,4.965697216,3.994221464
1782430347.323686123,2.462917045,5.022515320,4.049903628
1782430347.325214148,2.488712270,5.086184922,4.113659986
1782430347.327200651,2.537129619,5.170804692,4.150275964
1782430347.331145763,2.550623233,5.223879156,4.197192671
1782430347.331995249,2.726661761,5.442318516,4.333220353
1782430347.333535194,2.755225731,5.509541833,4.417417991
1782430347.336042404,2.783463347,5.596579891,4.460822773
1782430347.336900949,2.846488054,5.657537816,4.500313020
1782430347.343019724,2.867550715,5.730835208,4.545133911
1782430347.343759775,3.029592613,5.903350386,4.681613762
1782430347.345311165,3.029307737,5.959703273,4.696592383
1782430347.346965313,3.036118696,6.021815295,4.773238954
1782430347.348635197,3.090454299,6.057196694,4.789539153
1782430347.350211143,3.123236681,6.119675448,4.805593410
1782430347.355974674,3.116315031,6.168414895,4.858398520
1782430347.357059002,3.163064768,6.303032139,4.940376756
1782430347.358729124,3.161386738,6.350868399,4.995545324
1782430347.361060143,3.153482277,6.407091144,5.031060316
1782430347.361921072,3.185860891,6.448422432,5.059669157
1782430347.368522644,3.194611093,6.496518290,5.097686306
1782430347.370187283,3.247809364,6.637078821,5.173962113
1782430347.371830463,3.224587058,6.675948113,5.209050074
1782430347.373619795,3.247108920,6.714743072,5.223430546
1782430347.375381470,3.236210334,6.756541269,5.252396957
1782430347.381054640,3.249221761,6.799748864,5.270573622
1782430347.381905079,3.322573977,6.942742150,5.316618861
1782430347.383544445,3.318021251,6.987718963,5.341379455
1782430347.386077881,3.313033642,7.034066284,5.356146653
1782430347.386938334,3.334773613,7.063698964,5.363048608
1782430347.393405914,3.335558253,7.109326819,5.368983294
1782430347.394263983,3.377546486,7.188934125,5.368278514
1782430347.395375013,3.373097380,7.212261044,5.357248281
1782430347.396925688,3.349219603,7.227130822,5.364604158
1782430347.398682356,3.325887715,7.246660240,5.368993266
1782430347.400215864,3.288073157,7.258399312,5.379281108
1782430347.403766870,3.292548991,7.258851365,5.375086617
1782430347.406105042,3.284362950,7.261011949,5.362135644
1782430347.406965256,3.262870470,7.232967437,5.336020040
1782430347.408535957,3.231691913,7.218334243,5.328098866
1782430347.411025286,3.192930583,7.198175535,5.307986380
1782430347.411881447,3.173437946,7.154366579,5.288325311
1782430347.418518782,3.144676944,7.116932473,5.270391390
1782430347.420180798,3.047059381,6.945087536,5.201931377
1782430347.421880007,2.987345181,6.891304487,5.193265725
1782430347.423682928,2.957540342,6.819772601,5.169915813
1782430347.425264597,2.921671487,6.766961327,5.165811812
1782430347.431046247,2.899095658,6.703146533,5.139557951
1782430347.431973696,2.851212500,6.497239724,5.083720807
1782430347.433586597,2.810982614,6.441676953,5.081031928
1782430347.436084509,2.773403635,6.409715384,5.075671272
1782430347.437107563,2.750734307,6.364836718,5.062099929
1782430347.438551903,2.711244833,6.319897548,5.054172087
1782430347.443470955,2.699394292,6.281060597,5.029465687
1782430347.444428205,2.662428688,6.190048937,4.988565759
1782430347.445327520,2.649524820,6.151336858,4.966155822
1782430347.446902514,2.598596112,6.113195667,4.946610859
1782430347.448682308,2.554752374,6.066396380,4.924012497
1782430347.450224161,2.508448702,6.017664639,4.909254688
1782430347.456058741,2.483239485,5.964068179,4.875042285
1782430347.456910133,2.414756715,5.791869732,4.791821729
1782430347.458567858,2.353265466,5.732054430,4.767767845
1782430347.461070776,2.297194909,5.664335007,4.741027655
1782430347.461919785,2.270985320,5.590230677,4.711360928
1782430347.465805054,2.212251483,5.526942049,4.679321892
1782430347.468514442,2.184511631,5.452136438,4.641107141
1782430347.470195770,2.093951318,5.312904385,4.583064583
1782430347.471861124,2.037941082,5.230688652,4.551854714
1782430347.473703861,2.005839196,5.142739409,4.518047553
1782430347.475282669,1.952119598,5.063163409,4.484786390
1782430347.481142759,1.918020893,4.980001379,4.447022536
1782430347.482018709,1.771947092,4.601062472,4.272772925
1782430347.483578205,1.720715829,4.504322233,4.242000393
1782430347.486081362,1.664572368,4.412034367,4.209616393
1782430347.486924887,1.634100495,4.306177403,4.178304148
1782430347.493512154,1.585364662,4.206481451,4.139653971
1782430347.495759726,1.498429231,3.920638642,4.023072419
1782430347.496836662,1.470333565,3.828364239,3.985528478
1782430347.498672485,1.429557716,3.751369311,3.949369359
1782430347.500273705,1.407898610,3.668121423,3.921059595
1782430347.506144285,1.376766492,3.588743344,3.883703557
1782430347.506989241,1.274955124,3.271865588,3.766776820
1782430347.508534670,1.255797472,3.190093048,3.738167612
1782430347.511111498,1.231002564,3.122564420,3.699293579
1782430347.512014389,1.205825740,3.041628695,3.666652183
1782430347.518373966,1.183984882,2.968477143,3.627627459
1782430347.519235373,1.117808312,2.746029501,3.514637400
1782430347.520314693,1.101961709,2.674506712,3.475121628
1782430347.521863461,1.079453435,2.619821617,3.433677544
1782430347.523659706,1.063593295,2.566463784,3.397132158
1782430347.525217295,1.051407467,2.508749347,3.358514760
1782430347.527726412,1.019693246,2.457928275,3.321572291
1782430347.528578997,1.004891313,2.410890339,3.300409344
1782430347.531138182,0.989031569,2.361763457,3.273581581
1782430347.531973362,0.966632914,2.315156252,3.245716670
1782430347.533617973,0.951358822,2.272057131,3.222954245
1782430347.536003590,0.930911262,2.241271619,3.187821853
1782430347.536871910,0.907730123,2.196355709,3.160501910
1782430347.542819738,0.878076940,2.156643786,3.129615612
1782430347.543573618,0.823286049,2.045549309,3.062250499
1782430347.545167685,0.836939320,2.030520264,3.031881964
1782430347.546844482,0.798786275,1.993370840,3.032493592
1782430347.548638821,0.784121146,1.956272442,2.997003991
1782430347.550241470,0.778576016,1.939658671,2.986644190
1782430347.556012392,0.778156228,1.917646723,2.971299221
1782430347.556848764,0.756842242,1.890879217,2.946972269
1782430347.558507442,0.756905279,1.877297341,2.935852847
1782430347.561059713,0.740616323,1.878276398,2.921857460
1782430347.561922789,0.719891479,1.846778033,2.897335939
1782430347.568322420,0.702853820,1.847693593,2.873328284
1782430347.569177151,0.666919997,1.802478243,2.814170067
1782430347.570256710,0.652778189,1.784251725,2.793770846
1782430347.572044134,0.649530719,1.787132468,2.770030424
1782430347.573614597,0.624096658,1.773503456,2.744167740
1782430347.575217485,0.621284252,1.759482943,2.728911413
1782430347.581133604,0.608416620,1.759285601,2.715592595
1782430347.581993103,0.582369431,1.738878279,2.676584528
1782430347.583576441,0.576373921,1.731825197,2.661322722
1782430347.586081266,0.573260168,1.734153674,2.656696099
1782430347.586911917,0.567042414,1.730757597,2.647127622
1782430347.593503714,0.556708743,1.727914741,2.637109880
1782430347.595208406,0.553106602,1.733810535,2.635288821
1782430347.596871614,0.563339285,1.738505746,2.632270294
1782430347.598656416,0.560309457,1.745285577,2.628759110
1782430347.600216150,0.566397270,1.745201197,2.628914700
1782430347.604665995,0.567057960,1.740106735,2.628390032
1782430347.605405569,0.566230148,1.740396595,2.638964629
1782430347.606910706,0.566389982,1.735873335,2.635805188
1782430347.608635187,0.576783748,1.732846292,2.641617937
1782430347.611097813,0.574159796,1.731657423,2.641311374
1782430347.611959934,0.583609030,1.720521169,2.641085770
1782430347.618465185,0.591401039,1.718468136,2.648425861
1782430347.620734215,0.608214127,1.697907666,2.660073388
1782430347.621845484,0.610682191,1.697254393,2.664610200
1782430347.623685598,0.616101662,1.698993048,2.671000454
1782430347.625240803,0.628781916,1.695713720,2.683585727
1782430347.630943775,0.638327564,1.699940131,2.694592615
1782430347.632022858,0.659292368,1.708758398,2.735189412
1782430347.633670330,0.671668582,1.710289462,2.748062257
1782430347.636017323,0.684910695,1.722457590,2.763972210
1782430347.636887312,0.693448902,1.739222796,2.770371377
1782430347.643453836,0.701629685,1.742279781,2.786022474
1782430347.644401789,0.734712633,1.762951604,2.842789974
1782430347.645297766,0.754062491,1.766463416,2.859801956
1782430347.646862507,0.761204369,1.788344979,2.868271877
1782430347.648715734,0.761453651,1.798271415,2.877244914
1782430347.650343657,0.776160615,1.808329943,2.886829528
1782430347.652292252,0.777358384,1.825360799,2.894733219
1782430347.656169891,0.779624650,1.835521544,2.903587707
1782430347.657130480,0.797551066,1.863320868,2.928528213
1782430347.658552170,0.803131243,1.888087845,2.938190969
1782430347.660216093,0.812831609,1.903761680,2.953186148
1782430347.661975384,0.824165716,1.933419473,2.965220243
1782430347.667318583,0.825934548,1.949716518,2.979785865
1782430347.668623209,0.840097078,1.988229380,3.024816376
1782430347.670641899,0.845306336,2.014907896,3.038881010
1782430347.671974897,0.849503037,2.034641842,3.063253570
1782430347.673743725,0.860310180,2.060827257,3.081163455
1782430347.675289154,0.870349307,2.097731028,3.097080501
1782430347.681112289,0.881038677,2.115120510,3.121499484
1782430347.681969643,0.938053926,2.232749343,3.212339551
1782430347.683553696,0.954960584,2.281097289,3.228421539
1782430347.686060429,0.971111349,2.311385278,3.247894498
1782430347.686927319,0.995227741,2.342613515,3.271062840
1782430347.693504333,1.016873817,2.383477881,3.289126422
1782430347.695231676,1.066547330,2.501683619,3.386698127
1782430347.696907282,1.084371541,2.550072329,3.407571244
1782430347.698709488,1.101823639,2.592440489,3.437523894
1782430347.700394392,1.125280217,2.651324519,3.461579989
1782430347.706185818,1.136652508,2.697737406,3.487666666
1782430347.707074642,1.234365485,2.915961292,3.604532018
1782430347.708704472,1.268826872,2.994285445,3.618493729
1782430347.711015940,1.296990415,3.061872934,3.640830554
1782430347.711874723,1.330415127,3.138902332,3.668194668
1782430347.715160608,1.352829218,3.221297848,3.679590280
1782430347.718395472,1.387124510,3.290776099,3.702193214
1782430347.719286203,1.448189860,3.467444721,3.738625554
1782430347.720389843,1.474824009,3.544720774,3.753276926
1782430347.721966028,1.523422222,3.630256403,3.755963883
1782430347.723631859,1.559433665,3.714242062,3.753831920
1782430347.725213289,1.600113164,3.801763607,3.758364010
1782430347.730157137,1.642235548,3.869937103,3.780688976
1782430347.731850863,1.716324778,4.015664745,3.813257078
1782430347.733543634,1.760228761,4.086717652,3.824729987
1782430347.736077309,1.798528188,4.157953490,3.845076463
1782430347.736939192,1.838139024,4.228462805,3.855906759
1782430347.743489027,1.868692374,4.281475831,3.882030633
1782430347.745786905,2.021973620,4.508636858,3.953618224
1782430347.746894598,2.063923873,4.573286620,3.967264629
1782430347.748691082,2.094236167,4.628261349,3.977438039
1782430347.750253916,2.125268249,4.683875986,3.981786540
1782430347.756153107,2.174095647,4.733778890,3.991762656
1782430347.757004261,2.364609605,4.960422937,4.022463593
1782430347.758547068,2.391156866,5.025031244,4.043506089
1782430347.761122942,2.426780268,5.091924556,4.065678224
1782430347.761983395,2.472723839,5.171211026,4.076194220
1782430347.768475294,2.508954622,5.233760501,4.101615447
1782430347.770784378,2.671155365,5.445752991,4.181680791
1782430347.771859407,2.738461779,5.526994981,4.198847934
1782430347.773726940,2.772106525,5.611522981,4.238686396
1782430347.775283575,2.802327866,5.677727890,4.279019244
1782430347.781173706,2.860358221,5.741855044,4.311653478
1782430347.782058239,2.937229210,5.977412783,4.405765963
1782430347.783630610,2.934950718,6.026781212,4.444843653
1782430347.786084175,2.937850963,6.077706722,4.493673413
1782430347.786936998,2.953925339,6.142186935,4.522014800
1782430347.791180849,2.961817506,6.195922436,4.571140978
1782430347.791926146,3.057452342,6.319118856,4.625838885
1782430347.793737411,3.090617906,6.385430483,4.645631012
1782430347.795745850,3.116712644,6.451990841,4.687704590
1782430347.796828985,3.153284943,6.506687283,4.698734093
1782430347.798682451,3.168706918,6.572416017,4.732426166
1782430347.800237179,3.172277237,6.617844409,4.765627987
1782430347.806118727,3.207559072,6.665997600,4.770599633
1782430347.807003498,3.290047361,6.763123772,4.780373288
1782430347.808635473,3.251045956,6.809922043,4.842256199
1782430347.811096430,3.229538006,6.835765851,4.882722858
1782430347.811934948,3.236465545,6.863357965,4.902277209
1782430347.818419695,3.232360855,6.880148645,4.942340305
1782430347.819263697,3.272355481,6.933464765,4.981445462
1782430347.820359230,3.282566543,6.951492306,4.982756487
1782430347.821891308,3.277809401,6.959227144,5.018828635
1782430347.823669910,3.278173763,6.973804427,5.038498080
1782430347.825222731,3.265656041,6.981029072,5.058502532
1782430347.831137896,3.283301946,6.987339340,5.063494660
1782430347.832001686,3.317618045,6.989225693,5.056880290
1782430347.833544731,3.305757934,6.967191088,5.066741671
1782430347.836084127,3.293905219,6.942314619,5.068897319
1782430347.836920500,3.275357033,6.917938032,5.062509463
1782430347.843506813,3.259207934,6.876718489,5.062651234
1782430347.845199585,3.193236527,6.754073230,5.038575515
1782430347.846847296,3.161337276,6.701577108,5.036855712
1782430347.848705292,3.140111147,6.659270659,5.017355522
1782430347.850254536,3.103167351,6.611733771,5.022355168
1782430347.852122784,3.093570429,6.570529757,5.010830613
1782430347.856197834,3.082984625,6.538658054,4.997459003
1782430347.857080698,3.057875505,6.420444464,4.952288889
1782430347.858646631,3.024890858,6.371721433,4.953027075
1782430347.861103296,3.005972515,6.324189606,4.944446117
1782430347.861978292,2.976590611,6.281007774,4.934444681
1782430347.867100477,2.945126474,6.237021015,4.926828652
1782430347.868764639,2.912839114,6.153751628,4.909094705
1782430347.870196581,2.879077906,6.116718316,4.901977641
1782430347.871862650,2.857565672,6.083580105,4.909653767
1782430347.873703003,2.846546973,6.058149739,4.899872892
1782430347.875284672,2.819414276,6.040207317,4.901859559
1782430347.881118298,2.808862532,6.015969337,4.891147588
1782430347.881964684,2.782678569,5.941527114,4.838733418
1782430347.883682013,2.763211683,5.918843670,4.833555327
1782430347.886100292,2.747126206,5.893711432,4.813890428
1782430347.886943340,2.739827881,5.855829612,4.804303093
1782430347.893473148,2.722269789,5.826301159,4.785637973
1782430347.895770788,2.632447598,5.696626785,4.725366517
1782430347.896867514,2.592437588,5.656276191,4.708023798
1782430347.898701191,2.550858079,5.594270932,4.677923142
1782430347.900283098,2.514831721,5.533650681,4.658881962
1782430347.906145096,2.483127112,5.482225924,4.626979656
1782430347.906992674,2.350802247,5.217276179,4.516245822
1782430347.908647299,2.314843010,5.140743982,4.501430645
1782430347.911101341,2.270479427,5.070361819,4.470514792
1782430347.911941051,2.237030346,4.988449937,4.446524588
1782430347.918538809,2.196135801,4.908483402,4.420207099
1782430347.920255661,2.069226964,4.641390491,4.320553834
1782430347.921924353,2.025660945,4.551474461,4.281344792
1782430347.923705816,1.984339311,4.456224723,4.244886779
1782430347.925269365,1.942296877,4.353856450,4.207767355
1782430347.929213285,1.899409941,4.257360631,4.165572901
1782430347.931158066,1.820826268,4.066504438,4.071186221
1782430347.932060003,1.733130342,3.873252671,3.984046143
1782430347.933611870,1.688905347,3.773707087,3.937761387
1782430347.936023235,1.647637320,3.673564122,3.892277706
1782430347.936881781,1.607629173,3.580415283,3.847539821
1782430347.943377018,1.558337950,3.489918867,3.801977685
1782430347.944233894,1.453637978,3.224245792,3.669231840
1782430347.945318699,1.426570307,3.140255982,3.619296566
1782430347.946849346,1.383668026,3.060642285,3.578815838
1782430347.948670387,1.353404302,2.996791131,3.542060591
1782430347.950255156,1.327300225,2.928791554,3.513610115
1782430347.956125498,1.297553268,2.863309403,3.476544023
1782430347.956969261,1.211162672,2.689954305,3.408057840
1782430347.958509922,1.193449269,2.638302532,3.388078301
1782430347.961093903,1.173421488,2.586843313,3.368875081
1782430347.962080002,1.163356218,2.543677775,3.344100185
1782430347.963530302,1.142093328,2.507390009,3.327951724
1782430347.968518972,1.139468178,2.477453440,3.318471577
1782430347.970787525,1.117365992,2.433338877,3.282569548
1782430347.971885443,1.108798484,2.397713863,3.268930546
1782430347.973833323,1.098608305,2.392574927,3.259329512
1782430347.975218296,1.085013992,2.369514054,3.240319676
1782430347.981165409,1.067241930,2.356863036,3.219035837
1782430347.982141972,1.018651612,2.290888188,3.149977109
1782430347.983528614,1.003051812,2.277193660,3.126788605
1782430347.985183716,0.990928820,2.254946627,3.107172091
1782430347.986948490,0.981448548,2.240498179,3.085799868
1782430347.991199493,0.963557200,2.221164807,3.073684280
1782430347.991935492,0.934153376,2.179630310,3.047433399
1782430347.993734837,0.914761981,2.154212033,3.026913987
1782430347.995183945,0.899442592,2.131799601,3.003239466
1782430347.996920109,0.886258581,2.112974249,2.983122054
1782430347.998674631,0.860046260,2.091901834,2.964100760
1782430348.000218868,0.847679659,2.075897359,2.952716680
1782430348.006130457,0.834085927,2.052820483,2.931394611
1782430348.006961107,0.786513936,2.012658831,2.887979361
1782430348.008591413,0.770827076,2.004475690,2.871819891
1782430348.011127234,0.756960758,1.999027213,2.869261588
1782430348.011982441,0.752766233,1.981266719,2.860074265
1782430348.018480301,0.747814394,1.981072984,2.856364689
1782430348.020771980,0.725154689,1.964014642,2.850502962
1782430348.021853685,0.723465037,1.972315993,2.857738241
1782430348.023648500,0.720932101,1.982035933,2.865030040
1782430348.025309801,0.726748204,1.983196437,2.879462793
1782430348.031192303,0.738079901,1.995134788,2.901018502
1782430348.032069683,0.768821141,2.053190341,2.991644546
1782430348.033624887,0.783080809,2.065197662,3.009539213
1782430348.036094189,0.799076319,2.077185966,3.034178920
1782430348.036945820,0.806267621,2.093580139,3.047201849
1782430348.043473005,0.808034745,2.106729873,3.056807860
1782430348.045776129,0.832464374,2.157912011,3.102263466
1782430348.046866655,0.839600569,2.171589193,3.116239952
1782430348.048720837,0.855631269,2.184595046,3.134023393
1782430348.050281763,0.862573930,2.203699667,3.143114580
1782430348.054231167,0.867286867,2.213629948,3.159622439
1782430348.056147814,0.889645651,2.233020300,3.194436830
1782430348.057024479,0.912610685,2.243072853,3.225864728
1782430348.058575153,0.923473182,2.256703016,3.236339511
1782430348.061083317,0.941235788,2.268616853,3.255201812
1782430348.061941862,0.954751226,2.274443484,3.274307674
1782430348.068307638,0.970369121,2.279652375,3.294905388
1782430348.069188833,1.001550002,2.288944648,3.334358173
1782430348.070387602,1.001935508,2.296264135,3.339591567
1782430348.071949720,1.009654005,2.306495036,3.349906315
1782430348.073665380,1.031494043,2.308448152,3.363969136
1782430348.075201988,1.037537062,2.325813431,3.371985161
1782430348.081144094,1.051458742,2.328796878,3.388349024
1782430348.082002401,1.087339780,2.374823005,3.444688176
1782430348.083641291,1.112147848,2.399396804,3.459609843
1782430348.086504698,1.126244097,2.412712081,3.474001521
1782430348.087382555,1.138623500,2.444697198,3.488511741
1782430348.088725805,1.157763699,2.459286751,3.506248913
1782430348.093525887,1.175119845,2.481725551,3.526445961
1782430348.095182419,1.205777114,2.528600599,3.546804441
1782430348.096920967,1.231013338,2.560514150,3.561836311
1782430348.098673582,1.240471924,2.581581701,3.576075376
1782430348.100239038,1.268887750,2.609365164,3.587426515
1782430348.106137514,1.280359598,2.625356882,3.617643001
1782430348.106978893,1.320451508,2.709833268,3.693079928
1782430348.108620882,1.340116096,2.747402499,3.701554558
1782430348.111136198,1.356950747,2.764341606,3.718008523
1782430348.112016439,1.393667544,2.821253181,3.752439081
1782430348.116204262,1.412192433,2.838591584,3.763740942
1782430348.116981745,1.449558284,2.878643608,3.796329095
1782430348.118766785,1.464779139,2.904282120,3.796498942
1782430348.120250940,1.494180403,2.921563585,3.813465794
1782430348.121917963,1.521617472,2.951931483,3.812672988
1782430348.123668432,1.540315502,2.962216326,3.823633338
1782430348.125321388,1.572787614,2.982678735,3.835906663
1782430348.131133795,1.584287136,3.003500447,3.848757476
1782430348.132033110,1.641080756,3.045855510,3.883351482
1782430348.133613586,1.665043202,3.062819903,3.891439163
1782430348.136087656,1.692869313,3.074108840,3.917311475
1782430348.136950016,1.711170380,3.101496486,3.916191700
1782430348.143489122,1.728533530,3.116725853,3.923348092
1782430348.145788431,1.808138226,3.187916607,3.958966487
1782430348.146867275,1.843978799,3.220790668,3.967674988
1782430348.148721218,1.871833485,3.248867436,3.990047844
1782430348.150269270,1.905717569,3.286184961,3.996388773
1782430348.156149864,1.932395386,3.311530089,4.007824380
1782430348.156985283,2.064443172,3.470388974,4.043438218
1782430348.158545017,2.105152262,3.520996948,4.040254713
1782430348.161137581,2.135319248,3.543431141,4.051539997
1782430348.161978245,2.185415952,3.594097554,4.056895644
1782430348.168510914,2.220181190,3.638409835,4.071498464
1782430348.170766830,2.340451737,3.775351333,4.113292817
1782430348.171879530,2.385878673,3.816469406,4.118874421
1782430348.173713207,2.419609768,3.854391633,4.140907225
1782430348.175281286,2.457484703,3.902266033,4.150787499
1782430348.179208994,2.490716877,3.942323720,4.170765721
1782430348.181154251,2.584464110,4.034117938,4.215656028
1782430348.182015896,2.686557849,4.113186190,4.252307199
1782430348.183591366,2.720667063,4.155397224,4.262853397
1782430348.186102390,2.745318578,4.188373201,4.286098029
1782430348.186945438,2.795021856,4.214749427,4.298343790
1782430348.193469763,2.811960181,4.249145016,4.310972704
1782430348.195692301,2.884553182,4.337768776,4.344523727
1782430348.197008848,2.910294962,4.370965452,4.353178821
1782430348.198732615,2.923778716,4.400700167,4.374307090
1782430348.200265646,2.941160636,4.441486085,4.389270162
1782430348.206186771,2.969037497,4.482546762,4.408335178
1782430348.207029819,3.143493177,4.671277993,4.488892247
1782430348.208570719,3.174350945,4.733464930,4.519769870
1782430348.211106300,3.203395584,4.787661732,4.550473883
1782430348.211966038,3.267021054,4.848513474,4.579939141
1782430348.218454599,3.295895129,4.911601523,4.608903047
1782430348.220786572,3.423664793,5.083477918,4.696335938
1782430348.221857548,3.464656700,5.120341553,4.718996236
1782430348.223820448,3.484835532,5.179551291,4.747510926
1782430348.225355625,3.504465322,5.232492668,4.783322131
1782430348.227316141,3.526359563,5.280071651,4.799634968
1782430348.231131792,3.560400878,5.312609786,4.823766267
1782430348.231974840,3.625632905,5.424371387,4.881919320
1782430348.233622789,3.627951847,5.464646817,4.919104792
1782430348.236096144,3.619011461,5.510142431,4.927473787
1782430348.236939430,3.618627130,5.535884406,4.936016779
1782430348.243245125,3.622744933,5.570572170,4.948156444
1782430348.244029045,3.703681911,5.644564858,4.936809428
1782430348.245383024,3.724396763,5.664767047,4.950115474
1782430348.246912241,3.720105721,5.692652312,4.951274582
1782430348.248730183,3.706424866,5.716904899,4.950368543
1782430348.250351906,3.694068315,5.730765102,4.968353565
1782430348.256134033,3.693451818,5.743285643,4.958426560
1782430348.256978512,3.674407586,5.751522383,4.940199905
1782430348.258528709,3.629836105,5.745151883,4.944167625
1782430348.261095762,3.599503887,5.731949371,4.934475555
1782430348.261989832,3.569785197,5.712085618,4.933630884
1782430348.268237591,3.535788410,5.699467831,4.920442840
1782430348.269089699,3.453872555,5.613348726,4.866825798
1782430348.270172834,3.424147556,5.569834293,4.842206211
1782430348.271931887,3.363268128,5.534169108,4.841851363
1782430348.274746656,3.324243983,5.494105590,4.815862740
1782430348.275488615,3.293354428,5.438640109,4.789914565
1782430348.280090570,3.264504075,5.388708750,4.779882678
1782430348.280954599,3.176139198,5.277939994,4.734156492
1782430348.282040358,3.142170062,5.223043623,4.708046522
1782430348.283598900,3.087479656,5.166562905,4.692778524
1782430348.289660931,3.042671190,5.103174842,4.657524999
1782430348.290534496,2.924199078,4.935027910,4.556946753
1782430348.291875362,2.884474971,4.866923907,4.521772171
1782430348.293525219,2.836895796,4.821160490,4.502958591
1782430348.295307636,2.791536832,4.766708924,4.472618212
1782430348.301739693,2.762106135,4.706948360,4.436588059
1782430348.302592754,2.666681760,4.565340317,4.335582333
1782430348.303678989,2.629261511,4.522836905,4.295274766
1782430348.305242538,2.597413332,4.472592840,4.265358287
1782430348.307143450,2.567108887,4.422080719,4.232790524
1782430348.308526516,2.537572528,4.379971991,4.204024450
1782430348.314493179,2.498626259,4.338700630,4.171731785
1782430348.315354109,2.413287790,4.189524965,4.068087027
1782430348.317023039,2.386286546,4.136818772,4.043526741
1782430348.319402933,2.352496067,4.086629299,4.009944637
1782430348.320274115,2.313015067,4.026577687,3.974568121
1782430348.326752663,2.279688534,3.960501872,3.939800467
1782430348.327612877,2.175637933,3.791295296,3.832370546
1782430348.328700304,2.144204577,3.745105430,3.794816602
1782430348.330230713,2.095898245,3.681864342,3.765143725
1782430348.332127571,2.064822188,3.615966821,3.728708228
1782430348.333695412,2.021577126,3.552873645,3.690691565
1782430348.336717606,1.979601590,3.486951962,3.649779272
1782430348.337462664,1.939177646,3.423043359,3.605379201
1782430348.339549065,1.898438777,3.364765252,3.563664052
1782430348.340428114,1.860747476,3.293750072,3.521212001
1782430348.341989279,1.820966931,3.228423249,3.485843334
1782430348.344378471,1.782129393,3.174077639,3.444236794
1782430348.345241308,1.739464435,3.108855080,3.402965621
1782430348.351780176,1.700964960,3.043594369,3.369430269
1782430348.352710247,1.576082562,2.855356913,3.243736246
1782430348.353569269,1.539213216,2.798631113,3.205070948
1782430348.355410337,1.499230609,2.730657705,3.161185371
1782430348.357150316,1.459689024,2.669672440,3.125977013
1782430348.358697891,1.420816121,2.606636714,3.088459149
1782430348.364514112,1.374159775,2.546623219,3.041713921
1782430348.365366697,1.269904730,2.382999135,2.934227958
1782430348.367012262,1.236081973,2.322039164,2.908643240
1782430348.369400501,1.206319443,2.282245625,2.888161917
1782430348.370267153,1.168870112,2.234286636,2.860591091
1782430348.376753330,1.139296477,2.186020848,2.839681505
1782430348.377611876,1.071156166,2.062803577,2.795687721
1782430348.378699064,1.050456394,2.020771589,2.792725340
1782430348.380231619,1.036497242,1.994233401,2.782443619
1782430348.382040501,1.016999433,1.968368703,2.764614605
1782430348.383606195,0.994333557,1.933682345,2.746585796
1782430348.389549255,0.984854598,1.909375465,2.734882035
1782430348.390463114,0.954268814,1.861791407,2.693441365
1782430348.391845703,0.936073802,1.860299845,2.673862670
1782430348.394354105,0.912946154,1.840729658,2.655671585
1782430348.395209789,0.907022460,1.829811731,2.652369003
1782430348.398230553,0.885896626,1.832985765,2.637733941
1782430348.399008751,0.865887322,1.827962436,2.618700446
1782430348.401773691,0.843142919,1.816515374,2.602343752
1782430348.402650356,0.824905331,1.795039377,2.584284235
1782430348.403509140,0.801834444,1.786240041,2.569320291
1782430348.405296803,0.776921454,1.770235719,2.547621504
1782430348.407077074,0.760512787,1.761088106,2.536522157
1782430348.408627033,0.733221020,1.747522702,2.514182081
1782430348.414181948,0.707049796,1.725360417,2.493733077
1782430348.415214062,0.669460420,1.689828929,2.462686812
1782430348.416970253,0.645225745,1.669648402,2.444176987
1782430348.419405460,0.629289144,1.656689146,2.421722530
1782430348.420250893,0.589415489,1.632188972,2.391435836
1782430348.426745653,0.557913715,1.606422874,2.362598616
1782430348.427596092,0.530396873,1.587904581,2.348426911
1782430348.428683758,0.516024067,1.591270731,2.351095320
1782430348.430238008,0.499778366,1.584646996,2.348630542
1782430348.432107449,0.491311304,1.591944130,2.350140468
1782430348.433675528,0.475122497,1.589819642,2.350883026
1782430348.439507008,0.461343420,1.586687227,2.352547965
1782430348.440346003,0.454083369,1.573644073,2.363439486
1782430348.441898108,0.459827901,1.565164855,2.370065870
1782430348.444388390,0.464484966,1.576154396,2.369361762
1782430348.445236921,0.461023270,1.570164966,2.372551996
1782430348.447163820,0.464178826,1.566614286,2.376624159
1782430348.451765299,0.456544507,1.574727248,2.378003398
1782430348.452694178,0.455214302,1.558669507,2.395572515
1782430348.453569889,0.451773684,1.571028059,2.396833482
1782430348.455357075,0.450707679,1.568501920,2.405921967
1782430348.457118034,0.460207572,1.568219641,2.408561902
1782430348.458670139,0.458465818,1.570965853,2.415108663
1782430348.464495897,0.464269511,1.580065357,2.420118282
1782430348.465465784,0.483328061,1.579007143,2.437414288
1782430348.466860056,0.496964731,1.585539678,2.443884277
1782430348.468505859,0.503644268,1.588644370,2.457356412
1782430348.470247030,0.505889074,1.592368292,2.464846153
1782430348.475685358,0.519454687,1.589676064,2.483455324
1782430348.477043390,0.528462730,1.597574609,2.516820233
1782430348.478521109,0.539956305,1.606571509,2.541133445
1782430348.480209112,0.549018406,1.612803206,2.562205744
1782430348.482131004,0.553676317,1.627498720,2.580515159
1782430348.483682632,0.568263637,1.631720676,2.600335861
1782430348.489584208,0.581039753,1.647194060,2.620855829
1782430348.490428686,0.622038601,1.698246206,2.705637078
1782430348.491984844,0.637030405,1.707123586,2.728726291
1782430348.494379282,0.651072035,1.737820724,2.746754791
1782430348.495212555,0.661881638,1.756513470,2.766218610
1782430348.501751900,0.675016162,1.777501011,2.783040393
1782430348.502583981,0.696916886,1.843346941,2.847928107
1782430348.503684282,0.702882393,1.871441013,2.870480997
1782430348.505245209,0.711441022,1.905880842,2.897947241
1782430348.507050514,0.730123304,1.938302092,2.927694554
1782430348.508606195,0.740211955,1.977179558,2.949547599
1782430348.514492035,0.755311937,2.014441149,2.981376856
1782430348.515325308,0.814840533,2.131372418,3.080532271
1782430348.516974926,0.846396568,2.182224023,3.115955160
1782430348.519313812,0.861619945,2.237551932,3.145094773
1782430348.520172358,0.881151484,2.280955799,3.172656856
1782430348.522152901,0.907209936,2.335971559,3.202106827
1782430348.526851416,0.924463967,2.392142858,3.234827969
1782430348.527945042,0.978747413,2.486263723,3.300687269
1782430348.528945684,0.999563839,2.544851944,3.331720885
1782430348.530389786,1.027945757,2.608490940,3.362996501
1782430348.532073498,1.063426678,2.681719440,3.391256611
1782430348.533627987,1.095311180,2.760453067,3.417310879
1782430348.536820650,1.130143935,2.815995525,3.461202568
1782430348.539433241,1.169412842,2.883494575,3.506968212
1782430348.540282726,1.248004051,3.006262298,3.573823006
1782430348.541916370,1.296094316,3.089195431,3.591890349
1782430348.544384003,1.336048901,3.161804791,3.611070331
1782430348.545246601,1.387785499,3.223676789,3.640673348
1782430348.551770449,1.432030294,3.290973484,3.651753453
1782430348.552640200,1.567807769,3.429077856,3.712608117
1782430348.553492069,1.608643989,3.458549372,3.731278577
1782430348.555296421,1.653244738,3.502133531,3.734553391
1782430348.557088614,1.698055571,3.533803330,3.748950261
1782430348.558658838,1.726459956,3.565627742,3.738138574
1782430348.564503193,1.762007003,3.574809418,3.764644049
1782430348.565387011,1.842888514,3.589478068,3.808261738
1782430348.566975117,1.877737907,3.611025772,3.815537671
1782430348.568539858,1.895316677,3.635112789,3.824437858
1782430348.570318460,1.923251210,3.660626869,3.832095512
1782430348.576746702,1.966263080,3.673789700,3.860768936
1782430348.577586412,2.101221754,3.740054277,3.913214182
1782430348.578699112,2.158112668,3.764997093,3.941415665
1782430348.580267906,2.205182103,3.810656094,3.942311333
1782430348.582176447,2.201076928,3.837389585,3.994057586
1782430348.583721161,2.269113158,3.882837735,3.973564007
1782430348.589531660,2.310114373,3.911955137,4.001292959
1782430348.590393782,2.437072355,3.959671740,4.054507272
1782430348.592046738,2.469657307,3.982369263,4.073232198
1782430348.594297409,2.491976780,4.011045996,4.103126062
1782430348.595178604,2.522925515,4.032943221,4.123222023
1782430348.599099159,2.540195947,4.049035646,4.150828751
1782430348.601759434,2.562023360,4.069623449,4.178158862
1782430348.602646828,2.608476602,4.114442418,4.233282103
1782430348.603507042,2.635405320,4.142860446,4.250006968
1782430348.605294228,2.645534897,4.186266447,4.277540780
1782430348.607058764,2.683090696,4.223464533,4.311434194
1782430348.608648062,2.700518657,4.274914866,4.334811385
1782430348.614262581,2.742344443,4.320778741,4.356358639
1782430348.615321159,2.860885979,4.400274219,4.409789650
1782430348.617020130,2.872611276,4.454422042,4.412181999
1782430348.619423389,2.892129359,4.490417709,4.438416190
1782430348.620290518,2.958404982,4.549742632,4.462896271
1782430348.626727343,2.965308317,4.575090743,4.480702217
1782430348.627589703,3.004504438,4.640848192,4.535700530
1782430348.628679752,3.009228964,4.662736776,4.557574773
1782430348.630227804,3.010900991,4.688450058,4.569780487
1782430348.632101536,3.013664288,4.699003838,4.604629500
1782430348.633687735,3.015464406,4.721902766,4.617875342
1782430348.639501572,3.028138582,4.734150511,4.629195576
1782430348.640366793,3.090911890,4.770907159,4.636035288
1782430348.642007589,3.104437112,4.775501312,4.646824660
1782430348.644345045,3.106725801,4.781401460,4.653149678
1782430348.645189762,3.111125615,4.783515854,4.644084906
1782430348.651778698,3.118372737,4.770671113,4.648338278
1782430348.652629614,3.102983776,4.719235048,4.619113625
1782430348.653716087,3.088612065,4.695837790,4.610451492
1782430348.655274868,3.067850055,4.662800818,4.602745146
1782430348.657087326,3.046688130,4.619454030,4.587116550
1782430348.658624649,3.012296378,4.587530418,4.579437624
1782430348.660841703,2.998511455,4.539144922,4.560190224
1782430348.664550543,2.987579750,4.491283823,4.545294388
1782430348.665411711,2.953901988,4.408269352,4.505042828
1782430348.666959286,2.939106214,4.362773848,4.492271199
1782430348.669394493,2.915208091,4.318280431,4.478730193
1782430348.670258522,2.897547083,4.259431828,4.447769079
1782430348.676181316,2.880436871,4.210065677,4.433247154
1782430348.676987886,2.825061324,4.058572441,4.350859997
1782430348.678687811,2.800218539,4.010643061,4.324857671
1782430348.680172920,2.788476995,3.960693241,4.296273524
1782430348.682101011,2.776740693,3.915449882,4.273164993
1782430348.683654070,2.756336237,3.876577291,4.256508980
1782430348.689523220,2.750618616,3.832002280,4.227553363
1782430348.690380812,2.719338974,3.727454601,4.154981296
1782430348.692093611,2.709775237,3.693042645,4.119943292
1782430348.693530321,2.694748284,3.649031836,4.092886660
1782430348.695316792,2.692145943,3.605351886,4.057715561
1782430348.701789618,2.673836951,3.578325178,4.022503580
1782430348.702633619,2.622115561,3.459654321,3.906851666
1782430348.703722954,2.599342170,3.421243009,3.873483707
1782430348.705272198,2.589063442,3.381440864,3.836232899
1782430348.707046509,2.563761029,3.344983331,3.798962934
1782430348.708678722,2.539441291,3.299262940,3.769397939
1782430348.714438915,2.519472740,3.261139990,3.735209930
1782430348.715367317,2.456078986,3.162269603,3.650330018
1782430348.716978550,2.434905391,3.120678445,3.620994266
1782430348.719319344,2.416119256,3.078150349,3.597422898
1782430348.720177412,2.400505953,3.046522483,3.562867433
1782430348.723216295,2.372996243,3.003783776,3.535357857
1782430348.723996401,2.363100248,2.964951798,3.500191462
1782430348.726745129,2.338378850,2.927057095,3.460741340
1782430348.727617979,2.320382679,2.889890106,3.428359085
1782430348.728738070,2.306276385,2.850645281,3.389585296
1782430348.730346918,2.293141697,2.807421245,3.359812130
1782430348.732068777,2.263417200,2.770748073,3.329943295
1782430348.733623981,2.248918513,2.726267685,3.313128947
1782430348.739323378,2.214870081,2.692350684,3.286378507
1782430348.740362167,2.111571456,2.584903251,3.237269831
1782430348.741968632,2.063037370,2.542404399,3.231568163
1782430348.744413614,2.038514864,2.492506377,3.226593106
1782430348.745274067,1.997988172,2.454576739,3.216455047
1782430348.751769066,1.961777921,2.417642175,3.221741077
1782430348.752621889,1.890342551,2.312720961,3.204593249
1782430348.753698587,1.875033173,2.288238192,3.203391012
1782430348.755230904,1.844104026,2.263348613,3.218173407
1782430348.757050753,1.837716336,2.231232958,3.220170236
1782430348.758612156,1.815797465,2.195153218,3.225364724
1782430348.764335394,1.798231592,2.194183122,3.236707752
1782430348.765186310,1.749210731,2.157327924,3.231957398
1782430348.766827345,1.737509688,2.132459949,3.234881249
1782430348.769416809,1.728527545,2.108641071,3.242623217
1782430348.770266294,1.713927838,2.098003430,3.235888559
1782430348.776861191,1.700358385,2.080913868,3.241477025
1782430348.779030800,1.662220184,2.051225158,3.228826231
1782430348.780327082,1.650311604,2.034105976,3.222919301
1782430348.782147169,1.653487334,2.028103715,3.223442163
1782430348.783687592,1.646415013,2.011346890,3.229150226
1782430348.789406776,1.646421504,1.999833139,3.221975757
1782430348.790347099,1.612003155,1.985738829,3.216893318
1782430348.791955233,1.593321046,1.963700983,3.218591995
1782430348.794340372,1.593671181,1.940032254,3.223365888
1782430348.795202732,1.566783972,1.933750162,3.225584696
1782430348.800678253,1.560676368,1.914685397,3.227123438
1782430348.802012444,1.539241302,1.904445315,3.226123151
1782430348.803995609,1.537928285,1.884887097,3.216941778
1782430348.805312395,1.535456815,1.882576949,3.224517814
1782430348.807172537,1.533909827,1.882624674,3.230471674
1782430348.808706760,1.528940817,1.869439786,3.237771860
1782430348.814395666,1.531192470,1.874307126,3.239095613
1782430348.815237761,1.519533964,1.912698567,3.279509500
1782430348.816881180,1.526165734,1.918290932,3.301152971
1782430348.819430113,1.527819254,1.933329524,3.320932500
1782430348.820288897,1.516502094,1.940516807,3.331118655
1782430348.826789618,1.524812863,1.955492254,3.354561669
1782430348.829086781,1.528968443,2.013581067,3.413596314
1782430348.830376387,1.516658128,2.046499019,3.443027276
1782430348.832143068,1.525428500,2.069875772,3.470561074
1782430348.833701372,1.534463771,2.099776047,3.509784017
1782430348.839422941,1.534955103,2.144015746,3.532792397
1782430348.840258837,1.557842540,2.336623858,3.711848949
1782430348.841908455,1.561970542,2.381735281,3.760483751
1782430348.844351530,1.564838594,2.431382471,3.803290722
1782430348.845182657,1.559867800,2.470725778,3.850929986
1782430348.851869345,1.577026468,2.526555682,3.890192163
1782430348.854236126,1.558046757,2.654806295,4.012804256
1782430348.855315447,1.537702474,2.704748281,4.051151745
1782430348.857244015,1.544794933,2.739879663,4.094105779
1782430348.858552694,1.524559002,2.783350043,4.134649087
1782430348.862390757,1.521156937,2.821405125,4.168437605
1782430348.864600658,1.506534251,2.889830889,4.234849050
1782430348.865548849,1.474800439,2.949733645,4.316639890
1782430348.866906881,1.469455965,2.983535711,4.342802229
1782430348.868546009,1.438410441,3.002206841,4.380831336
1782430348.870308399,1.417611039,3.022145390,4.412848138
1782430348.876831770,1.401201961,3.040579492,4.426622431
1782430348.878525734,1.345290444,3.060769066,4.456349650
1782430348.880198956,1.312834380,3.058106719,4.459502500
1782430348.882170677,1.304431740,3.054122561,4.458611922
1782430348.883713961,1.277136674,3.053710942,4.450580446
1782430348.889425516,1.271388277,3.043094987,4.449176261
1782430348.890262127,1.210087382,3.002427933,4.443026306
1782430348.891907930,1.192960376,2.992658662,4.443599707
1782430348.894320965,1.178179161,2.982668271,4.429130041
1782430348.895214796,1.145699830,2.933558846,4.429795022
1782430348.901835203,1.136387395,2.923333583,4.408913107
1782430348.903578281,1.086489811,2.831965057,4.370431736
1782430348.905247450,1.062962623,2.803211528,4.371006686
1782430348.907208681,1.059070412,2.768269781,4.304677766
1782430348.908517838,1.039715095,2.728876947,4.304314166
1782430348.914505005,1.040090482,2.696578209,4.274950699
1782430348.915342093,0.986912289,2.544460187,4.170233995
1782430348.916979313,0.969867576,2.507077754,4.147497196
1782430348.919398308,0.953469198,2.476660087,4.108761309
1782430348.920243979,0.927431273,2.430507365,4.093509095
1782430348.925196409,0.916949482,2.396915487,4.065681034
1782430348.926987886,0.885639560,2.330460734,4.025705329
1782430348.929040432,0.881674282,2.311417911,3.996301957
1782430348.930353642,0.863324498,2.285570451,3.976511378
1782430348.932167053,0.862724035,2.268578353,3.960239080
1782430348.933705807,0.858580063,2.263952447,3.947146346
1782430348.939469814,0.846919275,2.246698556,3.932537225
1782430348.940322161,0.846442840,2.228414986,3.931333951
1782430348.941967726,0.856408652,2.235207944,3.919809664
1782430348.944329023,0.857116455,2.251611723,3.916687491
1782430348.945180178,0.853014399,2.252712297,3.906502326
1782430348.951771021,0.858800662,2.250812451,3.892456925
1782430348.952628374,0.846930919,2.260556025,3.875118667
1782430348.953712463,0.839021998,2.268959386,3.863910434
1782430348.955275774,0.831321248,2.272878766,3.848532447
1782430348.957159042,0.839260502,2.274085994,3.833830635
1782430348.958697081,0.831250665,2.278906650,3.815450261
1782430348.964621305,0.824647316,2.282649677,3.801786247
1782430348.965459824,0.799475376,2.300462174,3.776534908
1782430348.966996908,0.810824419,2.313906327,3.774581018
1782430348.969375372,0.803889835,2.326412451,3.764394022
1782430348.970239401,0.799397238,2.342577142,3.762896700
1782430348.976827383,0.800339476,2.355832070,3.762661658
1782430348.979056120,0.792018758,2.380991213,3.745691994
1782430348.980377197,0.799051437,2.391573623,3.742023479
1782430348.982166290,0.790280214,2.398481309,3.732626595
1782430348.983726501,0.793129240,2.406685761,3.716617533
1782430348.986211061,0.796799407,2.406385802,3.720741046
1782430348.986843348,0.000000000,0.000000000,0.000000000
1782430348.989470482,0.780704927,2.399708113,3.696525803
1782430348.990393162,0.778875016,2.404196446,3.671874736
1782430348.991843462,0.785348204,2.410967609,3.657585021
1782430348.993510246,0.793782134,2.424007625,3.637142345
1782430348.995267630,0.802376196,2.441119704,3.608068045
1782430349.001835585,0.797711186,2.439906309,3.603573395
1782430349.003585100,0.807984362,2.452758197,3.552549179
1782430349.005240202,0.817921202,2.457891111,3.524582741
1782430349.007182121,0.814565122,2.452144624,3.508554039
1782430349.008512497,0.817270943,2.451834343,3.501398232
1782430349.014538288,0.831201041,2.446133284,3.485122741
1782430349.015378475,0.817861346,2.397247766,3.451163059
1782430349.017015696,0.817532661,2.395645669,3.433211868
1782430349.019388437,0.829798647,2.382685994,3.415701359
1782430349.020249128,0.828837607,2.375487988,3.399208187
1782430349.026781082,0.827899547,2.358835504,3.389649136
1782430349.027632475,0.832547280,2.325016882,3.380566702
1782430349.028712511,0.833398231,2.315935599,3.383566146
1782430349.030285835,0.847358977,2.332644966,3.364119309
1782430349.032176018,0.851936073,2.336636904,3.357373446
1782430349.033722401,0.870316708,2.350039309,3.343390884
1782430349.039559841,0.878259477,2.358095207,3.351342789
1782430349.040399790,0.904707409,2.388891455,3.384023059
1782430349.041945219,0.925254191,2.408940224,3.381176558
1782430349.044375420,0.940246860,2.426573699,3.393649499
1782430349.045250654,0.958936483,2.450369956,3.401972915
1782430349.051760197,0.972693620,2.472517078,3.408902349
1782430349.052619696,1.015181807,2.532385946,3.453237809
1782430349.053705931,1.023364800,2.551238861,3.460290869
1782430349.055230141,1.044228250,2.588323817,3.454737424
1782430349.057166815,1.068322427,2.614428391,3.467768656
1782430349.058490038,1.084903818,2.639379712,3.467106610
1782430349.062473774,1.101874860,2.669632159,3.474738851
1782430349.064539671,1.113717339,2.680901578,3.488859588
1782430349.065409422,1.139651509,2.728681113,3.506786717
1782430349.066964865,1.168313615,2.757026865,3.511311219
1782430349.069392920,1.183016013,2.781096695,3.508627117
1782430349.070246458,1.200245153,2.812383733,3.516523405
1782430349.076863050,1.214581118,2.833211644,3.526444272
1782430349.078556299,1.266055579,2.929239416,3.557876481
1782430349.080232382,1.282982163,2.974625159,3.550877904
1782430349.082166433,1.298998350,2.997589155,3.563644299
1782430349.083718300,1.326135743,3.039746427,3.573750904
1782430349.089383841,1.341187000,3.072879350,3.577136884
1782430349.090224266,1.397422749,3.181259489,3.626970119
1782430349.091869116,1.425851805,3.216374514,3.639098361
1782430349.094375849,1.453983658,3.257810417,3.659234523
1782430349.095254660,1.488085999,3.338109200,3.690141937
1782430349.101914406,1.518969463,3.383461244,3.713090768
1782430349.103595018,1.604120244,3.552907406,3.770968906
1782430349.105254412,1.645137589,3.628933568,3.786893782
1782430349.107234955,1.681190052,3.702634332,3.808327171
1782430349.108675957,1.729520011,3.782860694,3.829222960
1782430349.114427328,1.779253578,3.861710070,3.854886853
1782430349.115308046,1.930505031,4.100397056,3.911092091
1782430349.116908550,1.981941832,4.177636958,3.931853474
1782430349.119376659,2.039369605,4.249141381,3.961475115
1782430349.120231867,2.131326937,4.399503645,4.006517303
1782430349.123295307,2.175087268,4.460809901,4.032377655
1782430349.124007702,2.215596704,4.523496656,4.047976470
1782430349.126775026,2.259066419,4.570064756,4.074410357
1782430349.127614737,2.295174997,4.623483002,4.090361199
1782430349.128707170,2.337240798,4.674671398,4.111441951
1782430349.130245209,2.361771121,4.718323828,4.132206460
1782430349.132068157,2.392883787,4.763482612,4.159337601
1782430349.133606911,2.406108024,4.812140183,4.176008271
1782430349.139362097,2.442743771,4.836949975,4.202173650
1782430349.140325069,2.513047138,4.901594530,4.234089068
1782430349.141961813,2.521491187,4.920703955,4.249923357
1782430349.144394159,2.541173766,4.952707471,4.277484979
1782430349.145254374,2.598105909,4.990913402,4.300157544
1782430349.151817799,2.613480946,5.015603330,4.330189811
1782430349.153980255,2.691497968,5.091109641,4.379305883
1782430349.155310392,2.722589254,5.129351765,4.394259508
1782430349.157168627,2.738909927,5.164751526,4.422743357
1782430349.158496857,2.782122357,5.205335610,4.432825774
1782430349.164482117,2.798938021,5.253181319,4.452394981
1782430349.165340185,2.917016578,5.399405098,4.514897395
1782430349.166996002,2.938307522,5.450965620,4.536792509
1782430349.169391394,2.957876095,5.497565825,4.566017234
1782430349.170243025,3.036435164,5.590431574,4.609290009
1782430349.176881552,3.043208305,5.627771893,4.631312642
1782430349.178536654,3.114120060,5.736295742,4.687203672
1782430349.180197239,3.106760201,5.763864970,4.704113721
1782430349.182102919,3.135277819,5.786350653,4.717752453
1782430349.183662415,3.116814091,5.820180878,4.738998913
1782430349.189414740,3.126918363,5.833430250,4.744142760
1782430349.190320492,3.198547940,5.848758695,4.751149940
1782430349.191900253,3.170437623,5.860632520,4.758912404
1782430349.194384098,3.146606174,5.865505034,4.776648718
1782430349.195269346,3.130181877,5.861546781,4.781084471
1782430349.200083733,3.125420371,5.846023834,4.786009957
1782430349.200822353,3.134676072,5.833391052,4.794237115
1782430349.202022791,3.143328930,5.833573812,4.794125580
1782430349.204052687,3.125675756,5.837531204,4.803187381
1782430349.205360889,3.134209653,5.822947524,4.804366335
1782430349.207088470,3.125368868,5.818894932,4.809959970
1782430349.208625317,3.100833412,5.819609557,4.821232148
1782430349.214513779,3.102988050,5.805352850,4.819860481
1782430349.215353251,3.106378616,5.768060803,4.818276257
1782430349.216971159,3.089363553,5.757335203,4.830128053
1782430349.219192266,3.073376429,5.752914848,4.832883199
1782430349.220286608,3.072346040,5.750831193,4.831959567
1782430349.226640701,3.062418878,5.734141266,4.834453351
1782430349.227528811,3.097551555,5.710491439,4.812344731
1782430349.228615522,3.103101590,5.710001812,4.800226344
1782430349.230176687,3.077167820,5.701018672,4.790297125
1782430349.243541718,3.067708380,5.686668923,4.787078063
1782430349.245239496,2.899186607,5.508699974,4.666353918
1782430349.246957302,2.849552925,5.475513746,4.647551591
1782430349.248726845,2.831423243,5.428141805,4.622145877
1782430349.250298023,2.793971236,5.393071965,4.607494868
1782430349.256246567,2.768558419,5.350618507,4.578981148
1782430349.257109642,2.687631361,5.194691071,4.485245998
1782430349.258692265,2.657261012,5.165948107,4.466169327
1782430349.260184050,2.622497020,5.129725816,4.449535833
1782430349.261967659,2.589970792,5.097041378,4.435893508
1782430349.268375874,2.566738955,5.063688279,4.398731749
1782430349.269233704,2.500010967,4.968266075,4.311817529
1782430349.270314455,2.473059467,4.926135972,4.277890635
1782430349.271843672,2.446167994,4.899105080,4.256453936
1782430349.273703098,2.409147564,4.861396028,4.214946514
1782430349.275229216,2.370764567,4.833886826,4.194254873
1782430349.277932405,2.350201110,4.803393026,4.164564040
1782430349.278664589,2.321710400,4.776617607,4.129392820
1782430349.281139374,2.297291668,4.748566681,4.095103867
1782430349.281978607,2.273628266,4.715358100,4.065202960
1782430349.283622742,2.231566593,4.690127048,4.035525840
1782430349.286070347,2.193854445,4.649146527,3.998595432
1782430349.286931992,2.168550565,4.615043373,3.964387724
1782430349.293232441,2.138981460,4.580394340,3.915461872
1782430349.294023037,2.046652660,4.454721976,3.783142261
1782430349.295377493,2.008092749,4.406227020,3.742074516
1782430349.296909332,1.972793561,4.362119828,3.706181656
1782430349.298704386,1.935923530,4.313961157,3.657793153
1782430349.300308704,1.885851311,4.253148553,3.614618082
1782430349.306149006,1.847078441,4.196598781,3.561565432
1782430349.307003260,1.712310574,4.002656529,3.408460628
1782430349.308652639,1.645282416,3.931321267,3.350154396
1782430349.311059713,1.602006623,3.857344200,3.304832325
1782430349.311934471,1.537660435,3.775470571,3.248851813
1782430349.318523407,1.478100018,3.700472738,3.202211275
1782430349.320190191,1.322026238,3.453543598,3.052175689
1782430349.321846008,1.272045290,3.378254074,3.016216489
1782430349.323704720,1.218867990,3.310804127,2.974977324
1782430349.325309277,1.152103860,3.217975082,2.933099549
1782430349.331150770,1.111967494,3.137883788,2.887708189
1782430349.331990004,0.877628948,2.806920073,2.682849766
1782430349.333660603,0.812058372,2.718947367,2.635864608
1782430349.336099863,0.773853922,2.643370743,2.606662067
1782430349.336961985,0.701767691,2.572574950,2.570714286
1782430349.340207100,0.656838391,2.497109295,2.522700753
1782430349.343480110,0.600434427,2.421332450,2.493336533
1782430349.345190287,0.495569587,2.277502237,2.410010313
1782430349.346843719,0.461819392,2.206123505,2.370923623
1782430349.348744869,0.414840073,2.158579204,2.328614360
1782430349.350291014,0.372405664,2.092685248,2.296516235
1782430349.355689526,0.340318888,2.039757580,2.265655693
1782430349.356900454,0.216470496,1.901714263,2.223451701
1782430349.358630419,0.182318635,1.857256482,2.213005881
1782430349.361100197,0.158990107,1.812209586,2.209952038
1782430349.361953735,0.138132656,1.746724289,2.201592121
1782430349.368449688,0.123963761,1.719409963,2.200530187
1782430349.369303465,0.108615590,1.668767011,2.211305202
1782430349.370389700,0.102013741,1.659599420,2.224129275
1782430349.371918201,0.092236404,1.654821640,2.230353394
1782430349.373664618,0.095602621,1.653536197,2.224240206
1782430349.375250816,0.077934308,1.640247208,2.258493724
1782430349.381186247,0.072624045,1.627569297,2.248467434
1782430349.382037401,0.081906330,1.612681306,2.268913533
1782430349.383589029,0.099497896,1.613751646,2.278259888
1782430349.386144161,0.107657279,1.605685440,2.279189065
1782430349.386989355,0.112645558,1.611128136,2.283278179
1782430349.393410444,0.126808253,1.600370222,2.283274760
1782430349.394253969,0.151988392,1.606280669,2.290190232
1782430349.395343542,0.165751618,1.598906882,2.294128192
1782430349.396872282,0.171148572,1.606919223,2.293577119
1782430349.398726225,0.181854062,1.599642683,2.288296789
1782430349.400287628,0.205019142,1.607275450,2.288589168
1782430349.402237654,0.202601489,1.606531884,2.285066810
1782430349.406201839,0.214718038,1.597347894,2.292776442
1782430349.407065392,0.217123161,1.595207134,2.295593621
1782430349.408614874,0.230777017,1.586942360,2.300450821
1782430349.411107302,0.236314210,1.586374133,2.300692274
1782430349.411967516,0.238722735,1.582225664,2.303159263
1782430349.418094397,0.239863650,1.574959560,2.295539978
1782430349.418955564,0.245744098,1.567276381,2.308566599
1782430349.420212030,0.249174101,1.573408435,2.313356539
1782430349.421982050,0.248588329,1.569134812,2.318675770
1782430349.423697233,0.251129059,1.565097644,2.327996549
1782430349.425257683,0.255403003,1.574586815,2.346725399
1782430349.431190491,0.255486173,1.575950777,2.353107392
1782430349.432032585,0.273795270,1.579602661,2.395692006
1782430349.433572531,0.286401567,1.575009653,2.402314824
1782430349.436125040,0.297477717,1.583216593,2.416396837
1782430349.436991453,0.304940220,1.589589346,2.421871238
1782430349.443373919,0.315053544,1.586314008,2.432396154
1782430349.444211483,0.334948073,1.597129631,2.459493249
1782430349.445301771,0.345734683,1.602074945,2.477986281
1782430349.447051525,0.352763253,1.610721251,2.479073480
1782430349.448677540,0.360938287,1.602312548,2.496798386
1782430349.450302362,0.376599138,1.610987799,2.511096206
1782430349.456127405,0.379530982,1.618060128,2.524451910
1782430349.457076788,0.400042357,1.631987688,2.574518454
1782430349.458503008,0.414411864,1.630747456,2.593639338
1782430349.461120129,0.432834203,1.651358244,2.610740323
1782430349.461970091,0.434712807,1.657172187,2.621112359
1782430349.466170788,0.451155541,1.664683177,2.645504205
1782430349.466961861,0.473759267,1.697989087,2.686949823
1782430349.468638182,0.494773782,1.722307543,2.710535548
1782430349.470629454,0.508043329,1.746078477,2.730190873
1782430349.471968412,0.524425228,1.770771772,2.751072309
1782430349.480186462,0.550548860,1.796950489,2.785490642
1782430349.481928349,0.631341975,1.937496253,2.886638598
1782430349.483617544,0.660426812,1.976761044,2.913405546
1782430349.489841700,0.685990507,2.011314509,2.942638886
1782430349.490691900,0.781846282,2.175715758,3.059864373
1782430349.492011070,0.821292101,2.210208046,3.094289322
1782430349.493664980,0.863044147,2.265412093,3.120970366
1782430349.495345831,0.893510248,2.307189627,3.148507238
1782430349.501794338,0.931508992,2.349514556,3.189362789
1782430349.504052401,1.052608691,2.496654947,3.301534078
1782430349.505361795,1.093668926,2.555619022,3.330884317
1782430349.507088423,1.141466518,2.593712047,3.361533726
1782430349.508680105,1.200357789,2.649973954,3.403932873
1782430349.511860132,1.241526242,2.705758975,3.440699932
1782430349.514617682,1.336588582,2.815173481,3.531632900
1782430349.515486717,1.432451796,2.934791491,3.609533315
1782430349.517024994,1.493249895,2.993341542,3.648794310
1782430349.519440889,1.548369177,3.057630333,3.686007603
1782430349.520280838,1.594405884,3.120078094,3.718599773
1782430349.526695251,1.655382165,3.174380010,3.762857731
1782430349.527516127,1.791832340,3.353123117,3.896488662
1782430349.528728247,1.847353033,3.415060577,3.952082180
1782430349.530281544,1.893616125,3.471469958,3.987502865
1782430349.532160282,1.950206532,3.514184157,4.040011603
1782430349.533700705,1.999621427,3.572978200,4.077931264
1782430349.539551497,2.027957196,3.618738967,4.126020865
1782430349.540421963,2.145088542,3.758773967,4.255362868
1782430349.542002201,2.193910427,3.814932038,4.298533058
1782430349.544397593,2.230909316,3.872319248,4.325782597
1782430349.545368195,2.271790141,3.918219188,4.355240329
1782430349.551920652,2.313642063,3.978475290,4.393636593
1782430349.553594828,2.449303525,4.133906374,4.492040632
1782430349.555262089,2.480260612,4.192281099,4.506962693
1782430349.557152033,2.529466768,4.228806799,4.538982634
1782430349.558704376,2.565917744,4.285835135,4.562650925
1782430349.564552784,2.598058298,4.321180238,4.587118682
1782430349.565397501,2.755853840,4.450483546,4.707420607
1782430349.567042828,2.786142854,4.503870439,4.725989422
1782430349.569403172,2.803385799,4.552326555,4.755874575
1782430349.570250273,2.848542805,4.589282222,4.776161830
1782430349.572782516,2.871719362,4.639295748,4.798664583
1782430349.573552608,2.910974516,4.677253111,4.825299508
1782430349.576803207,2.958080383,4.708816250,4.851194977
1782430349.579139709,2.997628295,4.769664458,4.867599675
1782430349.580237389,3.038582279,4.814525700,4.884827215
1782430349.582164526,3.063710771,4.856857656,4.915938265
1782430349.583701849,3.088292818,4.904159140,4.934708454
1782430349.588188648,3.119141850,4.936368149,4.950456887
1782430349.588974953,3.167472097,5.019756621,5.019277294
1782430349.590237617,3.192177577,5.044593804,5.048668177
1782430349.592035770,3.192020434,5.084708225,5.071116684
1782430349.594357252,3.188265181,5.128670019,5.089865473
1782430349.595214128,3.220083502,5.142835662,5.108723942
1782430349.601831436,3.232670177,5.189695832,5.131045398
1782430349.604145765,3.309781398,5.284878158,5.175264282
1782430349.605219126,3.335442902,5.298734627,5.184853269
1782430349.607147694,3.339143783,5.339076950,5.195043218
1782430349.608686686,3.343401167,5.370733990,5.199264732
1782430349.614495277,3.371910339,5.378014636,5.207745870
1782430349.615349531,3.427753845,5.422746191,5.216898370
1782430349.616987467,3.406994819,5.434043534,5.215377593
1782430349.619443417,3.395828735,5.439214036,5.215837117
1782430349.620330811,3.392936242,5.440851588,5.211026598
1782430349.626824617,3.367007324,5.436143395,5.207675483
1782430349.629064798,3.320642547,5.420866141,5.163702107
1782430349.630390882,3.327521512,5.408389649,5.156645908
1782430349.632136822,3.300816245,5.401314878,5.153764425
1782430349.633656025,3.265550147,5.385710220,5.136899441
1782430349.639626265,3.249283421,5.354509189,5.125865560
1782430349.640594006,3.202408012,5.239580369,5.038840746
1782430349.641989231,3.162673358,5.210082381,5.015965151
1782430349.643563271,3.134871496,5.163723946,4.995470659
1782430349.645350218,3.111666164,5.126721569,4.965902832
1782430349.651396751,3.084121876,5.084073966,4.932888709
1782430349.652554512,3.016998599,4.944639668,4.836236242
1782430349.653523445,2.996237169,4.891999913,4.803433995
1782430349.655348778,2.982034102,4.850993186,4.780271395
1782430349.656929493,2.947925816,4.806889664,4.747199886
1782430349.658690929,2.903903833,4.763895514,4.722591915
1782430349.664561510,2.890390471,4.722603137,4.693466408
1782430349.665416002,2.815828336,4.598396802,4.596526697
1782430349.666831017,2.777582459,4.558515330,4.561027290
1782430349.669411182,2.744072537,4.509132095,4.536158767
1782430349.670245886,2.718156283,4.462579731,4.501621496
1782430349.676779747,2.675645954,4.429629750,4.462978483
1782430349.677639246,2.586643091,4.297599802,4.351386083
1782430349.678726196,2.566122457,4.250706559,4.310788182
1782430349.680253267,2.529199098,4.206175644,4.267644812
1782430349.682081938,2.488627596,4.169100909,4.228993134
1782430349.683666706,2.452203948,4.115211499,4.187100974
1782430349.689594746,2.425360724,4.076371178,4.139741981
1782430349.690449238,2.322286402,3.948710677,3.996354564
1782430349.692004681,2.278374393,3.904904800,3.951502877
1782430349.694435835,2.237879194,3.857295836,3.906561372
1782430349.695292234,2.209067205,3.823223458,3.871084143
1782430349.701926708,2.160858212,3.794609689,3.833281881
1782430349.703683138,2.043675678,3.683351760,3.717960778
1782430349.705367327,1.999991338,3.640950805,3.689990852
1782430349.707175970,1.959710648,3.608339726,3.652468289
1782430349.708506107,1.916082902,3.567367508,3.620780081
1782430349.712173462,1.876436381,3.527810041,3.591179478
1782430349.714509726,1.792214640,3.451521682,3.518527344
1782430349.715360165,1.756677096,3.407892443,3.486667404
1782430349.716920137,1.704793025,3.359908912,3.452798170
1782430349.719439983,1.660572361,3.309667828,3.420883468
1782430349.720296860,1.575915659,3.213388523,3.354638943
1782430349.726817131,1.533478665,3.155305201,3.325540849
1782430349.729137897,1.417833345,3.007502771,3.238260339
1782430349.730262518,1.378597497,2.954102898,3.212589918
1782430349.732190371,1.342078420,2.903626035,3.182776436
1782430349.733666658,1.315011361,2.850453688,3.157752256
1782430349.739566326,1.277756058,2.808615186,3.127278132
1782430349.740462303,1.153570672,2.609356560,3.010117651
1782430349.742032528,1.132453293,2.556833699,2.989360396
1782430349.744409084,1.092994770,2.515563641,2.959438966
1782430349.745302439,1.073386435,2.469217150,2.944951027
1782430349.751801968,1.051192709,2.431787142,2.931731801
1782430349.752772808,1.001331225,2.322200637,2.910291272
1782430349.753667593,0.980105026,2.298383695,2.900956202
1782430349.755244017,0.954139261,2.257426098,2.897271711
1782430349.757128716,0.947032313,2.220021211,2.891813528
1782430349.758669138,0.931705881,2.203211423,2.890308419
1782430349.764605522,0.918990236,2.169959707,2.882913975
1782430349.765479326,0.883661555,2.087291598,2.874296867
1782430349.767031670,0.874570022,2.064946479,2.872122960
1782430349.769403934,0.863825054,2.057385351,2.861841010
1782430349.770238876,0.850027973,2.027701761,2.861252195
1782430349.775620699,0.849952555,2.017829185,2.862710385
1782430349.777013063,0.809847658,2.001717738,2.891809993
1782430349.779011250,0.807644458,1.977613583,2.876218606
1782430349.780359030,0.800765199,1.977526634,2.881879544
1782430349.782144547,0.790187003,1.980611235,2.882743530
1782430349.783705235,0.788029123,1.965311615,2.885948880
1782430349.789521456,0.778403523,1.974861352,2.887569481
1782430349.790361643,0.754373404,1.972117590,2.893678522
1782430349.792006254,0.755960342,1.967356058,2.902873208
1782430349.794437885,0.746814538,1.971707280,2.897692028
1782430349.795297623,0.733338897,1.961658549,2.895432158
1782430349.801818132,0.731180653,1.946854084,2.890627230
1782430349.804012299,0.704325310,1.923435415,2.885459069
1782430349.805324316,0.700124632,1.920572424,2.890344831
1782430349.807130575,0.695295047,1.921100059,2.884478910
1782430349.808697701,0.687077497,1.909475627,2.885952164
1782430349.814499378,0.689522664,1.903052618,2.895444694
1782430349.815343857,0.660698926,1.885502643,2.907050165
1782430349.816992283,0.664639563,1.880667176,2.918132974
1782430349.819369316,0.665113978,1.879294590,2.921747000
1782430349.820209742,0.657768433,1.883132148,2.924164644
1782430349.822205782,0.666000901,1.878137703,2.934146412
1782430349.826817989,0.668598791,1.879509483,2.938705913
1782430349.829066038,0.668618985,1.874684859,2.950240802
1782430349.830168247,0.666397681,1.875889141,2.956564227
1782430349.832153082,0.669735611,1.882303631,2.949751646
1782430349.833716869,0.673116725,1.871700368,2.952245212
1782430349.837279797,0.678449757,1.875753366,2.950979247
1782430349.839560270,0.681667556,1.874013446,2.955116736
1782430349.840440750,0.685864521,1.870494334,2.957627371
1782430349.841908455,0.689509620,1.862220420,2.961187970
1782430349.843540668,0.697509029,1.861438662,2.972726106
1782430349.845326185,0.695811145,1.858958474,2.969038370
1782430349.851808548,0.699978161,1.847715192,2.972603007
1782430349.854141712,0.715412135,1.840224654,3.003100931
1782430349.855243206,0.716065210,1.834398443,3.009414502
1782430349.857155800,0.716412933,1.834233215,3.020732286
1782430349.858713627,0.723062561,1.830259612,3.038167882
1782430349.864549875,0.730227769,1.841668296,3.059814505
1782430349.865406990,0.754060572,1.873345036,3.138616664
1782430349.866950750,0.765357839,1.878137796,3.169710658
1782430349.869420290,0.777347936,1.894461722,3.189604927
1782430349.870434999,0.783493792,1.905502800,3.212570167
1782430349.872103691,0.801619135,1.926652664,3.233868787
1782430349.876843214,0.807460558,1.950572213,3.257238932
1782430349.878554583,0.828193062,1.991457373,3.306108478
1782430349.880226851,0.845036873,2.021200465,3.345129484
1782430349.882101059,0.856739699,2.049809659,3.366448286
1782430349.883744955,0.871211651,2.083627518,3.399771551
1782430349.889541388,0.892858822,2.121118701,3.434964148
1782430349.890391588,0.985337110,2.293040264,3.593441624
1782430349.892047167,1.014364018,2.335131152,3.634471192
1782430349.894446850,1.043133302,2.388143913,3.680943299
1782430349.895304203,1.065889775,2.441416810,3.722094347
1782430349.899180412,1.102287786,2.491078614,3.765728965
1782430349.901813507,1.128604898,2.548628919,3.808824268
1782430349.903516531,1.183912976,2.658990044,3.888821181
1782430349.905189753,1.215269309,2.727075715,3.928714895
1782430349.907129049,1.238617985,2.782670522,3.964650757
1782430349.908678055,1.278036617,2.848099468,4.009786873
1782430349.914563656,1.301107029,2.913911275,4.038638748
1782430349.915440321,1.424996388,3.154063339,4.185786360
1782430349.916910887,1.466224909,3.221485482,4.221281995
1782430349.918587208,1.498377546,3.288557312,4.245757415
1782430349.920340776,1.532249127,3.346311365,4.276581258
1782430349.926827431,1.567699892,3.412662961,4.313254934
1782430349.929130793,1.671585747,3.607588820,4.417582099
1782430349.930241108,1.700218374,3.673750396,4.440028539
1782430349.932142496,1.747704078,3.731905102,4.470623547
1782430349.933712244,1.796433119,3.798224326,4.495492661
1782430349.939387321,1.837821756,3.866006719,4.529429516
1782430349.940240860,1.969413861,4.050529726,4.619732235
1782430349.941886902,2.020508747,4.116263625,4.627722520
1782430349.944449186,2.077262749,4.179750226,4.652720071
1782430349.945313931,2.161060971,4.293130389,4.691015204
1782430349.951837063,2.205531739,4.355649247,4.700926200
1782430349.954103231,2.321211835,4.521902426,4.753247509
1782430349.955181837,2.357626513,4.574386304,4.762198081
1782430349.957180738,2.403919648,4.618364761,4.781001636
1782430349.958717823,2.444168020,4.676330953,4.793224148
1782430349.964581251,2.480503748,4.721041638,4.802188923
1782430349.965423822,2.644821233,4.860112593,4.875925145
1782430349.966845512,2.669808125,4.893502084,4.891987844
1782430349.969438314,2.679818917,4.930579305,4.895845840
1782430349.970295191,2.704426703,4.946534735,4.907566412
1782430349.975700617,2.726229081,4.978024833,4.926257914
1782430349.976988792,2.761121315,5.017891004,4.941889490
1782430349.978996515,2.771860669,5.041911145,4.960345816
1782430349.980308533,2.786598229,5.068849388,4.965823191
1782430349.982164145,2.786981895,5.086993814,4.976366289
1782430349.983717442,2.803052122,5.112112448,4.989751011
1782430349.989581108,2.781193897,5.135546046,5.011304359
1782430349.990448952,2.841775271,5.187348267,5.069597892
1782430349.992002487,2.862791017,5.201020006,5.067702943
1782430349.994351625,2.871389718,5.228137294,5.078920349
1782430349.995213747,2.887772800,5.233620578,5.075567755
1782430350.001711607,2.904996406,5.245395038,5.082035447
1782430350.002566099,2.966098082,5.280083029,5.087430490
1782430350.003663301,2.981846037,5.283096595,5.086855773
1782430350.005219221,2.979214545,5.303715322,5.083516491
1782430350.007053137,2.987638564,5.300714014,5.086271878
1782430350.008582115,2.987971172,5.317041505,5.081780851
1782430350.014594555,3.002126406,5.303534645,5.078541184
1782430350.015428543,3.019420814,5.291868551,5.049651873
1782430350.016976357,3.019452287,5.293880822,5.049649305
1782430350.019406080,3.010561692,5.282990032,5.041111568
1782430350.020258188,3.012152014,5.268615511,5.031662923
1782430350.022401094,2.999103881,5.259362535,5.021227505
1782430350.026794672,2.995462079,5.250301880,5.020269971
1782430350.029058218,2.987334501,5.228776379,4.987932251
1782430350.030387640,2.979090933,5.215436973,4.967639101
1782430350.032145739,2.980220641,5.192657078,4.961128729
1782430350.033678293,2.956026700,5.181307984,4.948144732
1782430350.037499905,2.952702240,5.153200668,4.930830896
1782430350.039554119,2.927875220,5.092924791,4.898961640
1782430350.040426493,2.906428723,5.031388153,4.867726338
1782430350.041983604,2.878061531,5.008917317,4.847004621
1782430350.044437647,2.856821529,4.979854882,4.839960536
1782430350.045286894,2.851630785,4.946412262,4.822373321
1782430350.051849365,2.823432859,4.917296710,4.803848749
1782430350.054140329,2.777293460,4.816382763,4.750619509
1782430350.055221319,2.766165659,4.778828375,4.726892421
1782430350.057179928,2.752358827,4.745472901,4.715868644
1782430350.058724403,2.731137213,4.715396377,4.684450141
1782430350.064585686,2.720679606,4.671405738,4.663321615
1782430350.065419197,2.672506150,4.541413539,4.565899791
1782430350.066967487,2.651819568,4.508944744,4.533561555
1782430350.069423199,2.637832861,4.476002821,4.510990725
1782430350.070281744,2.624695064,4.445269577,4.477953773
1782430350.076810360,2.600507789,4.414034740,4.451721740
1782430350.078996897,2.545604689,4.322501833,4.373578173
1782430350.080332994,2.533712491,4.282934254,4.340284321
1782430350.082169294,2.504816785,4.260356555,4.318721229
1782430350.083547592,2.483207887,4.234079488,4.290643536
1782430350.089526892,2.462487717,4.203811675,4.275455496
1782430350.090389013,2.378946421,4.097485699,4.167671768
1782430350.092037201,2.358039748,4.061349354,4.141503498
1782430350.094454765,2.331566447,4.036945579,4.118405557
1782430350.095349550,2.321573027,4.003855230,4.086497145
1782430350.098426342,2.295186218,3.978024708,4.065517557
1782430350.099231720,2.274173028,3.954882943,4.034182142
1782430350.101802588,2.243924186,3.922929301,4.002902579
1782430350.104046345,2.218787421,3.891797328,3.982347986
1782430350.105384588,2.193219083,3.860543337,3.947430472
1782430350.107158899,2.159387174,3.818493156,3.919703199
1782430350.108712196,2.117319497,3.770256333,3.886556170
1782430350.113157988,2.076053659,3.729609469,3.846808840
1782430350.114020586,1.971185626,3.593116159,3.740461197
1782430350.115306139,1.940907354,3.540195468,3.708770682
1782430350.116997242,1.891312173,3.491047959,3.678680399
1782430350.119356871,1.838108776,3.435142990,3.643949991
1782430350.120195389,1.811407415,3.374935471,3.611248115
1782430350.126827955,1.759102072,3.315102121,3.580236993
1782430350.129119396,1.635906757,3.148923551,3.479527748
1782430350.130216837,1.586555279,3.081172656,3.443473936
1782430350.132185459,1.542837089,3.018828407,3.409062720
1782430350.133517265,1.490744370,2.960454519,3.374852362
1782430350.139561653,1.447943115,2.886589811,3.334921565
1782430350.140430927,1.288035833,2.631980536,3.194075593
1782430350.141976833,1.237811660,2.576522098,3.162270648
1782430350.144208670,1.199766907,2.511120683,3.128082935
1782430350.145189285,1.162264868,2.444432841,3.094092663
1782430350.151860476,1.132460993,2.395261424,3.062891230
1782430350.153527737,1.034837348,2.235787046,2.979001257
1782430350.155197859,1.003135478,2.175246643,2.966966497
1782430350.157132387,0.979199143,2.134938145,2.951694183
1782430350.158676386,0.944273794,2.086607842,2.931697286
1782430350.164594889,0.922689557,2.044819301,2.918698806
1782430350.165441275,0.846541934,1.925360685,2.894188946
1782430350.166989326,0.824582362,1.900589799,2.889094638
1782430350.169447899,0.822824427,1.879093182,2.878086647
1782430350.170301199,0.805592514,1.864270383,2.876493121
1782430350.174717426,0.791693839,1.854085916,2.861497216
1782430350.175501823,0.767564266,1.837737518,2.850352241
1782430350.177106142,0.753721686,1.834765164,2.845793019
1782430350.178523064,0.739616824,1.824391442,2.836789036
1782430350.180203915,0.740114959,1.819528270,2.836001303
1782430350.182193518,0.722328973,1.822816729,2.825372876
1782430350.183542252,0.707159256,1.817574182,2.836956315
1782430350.189602137,0.719650373,1.809880167,2.813458997
1782430350.190454721,0.676409420,1.806591510,2.790940175
1782430350.191887140,0.667083984,1.818463659,2.781914557
1782430350.193552732,0.658507940,1.812157483,2.766980205
1782430350.195309401,0.649039169,1.813028567,2.766990608
1782430350.201830864,0.640576119,1.815117580,2.758839990
1782430350.204009056,0.592405477,1.794762262,2.747577458
1782430350.205308914,0.579497249,1.782510296,2.744209404
1782430350.207174301,0.577178197,1.777971670,2.742199274
1782430350.208707571,0.565752667,1.768623104,2.732688777
1782430350.214629173,0.553061569,1.759850561,2.724983231
1782430350.215484381,0.509182387,1.712205119,2.717653624
1782430350.217063665,0.499068672,1.704264338,2.713978662
1782430350.218557596,0.490860196,1.702472574,2.709531876
1782430350.220221996,0.490674022,1.688444085,2.708280226
1782430350.221928835,0.491066229,1.679384139,2.710179583
1782430350.226691246,0.497620072,1.674959912,2.712027276
1782430350.227559090,0.488084697,1.650987441,2.704696522
1782430350.228656054,0.478580741,1.659597654,2.713778546
1782430350.230221748,0.471280600,1.656224929,2.715204530
1782430350.236676455,0.474219864,1.653995023,2.720255736
1782430350.237411022,0.482230433,1.656081688,2.717187536
1782430350.238503218,0.481893724,1.650511935,2.714102400
1782430350.240172625,0.492622484,1.652155866,2.711250796
1782430350.241834402,0.494112355,1.663483045,2.708999535
1782430350.248178005,0.494934450,1.666125201,2.710007699
1782430350.249035120,0.499472452,1.673808750,2.721263025
1782430350.250353098,0.511774465,1.677264298,2.729763182
1782430350.251908541,0.513192930,1.691936287,2.731353634
1782430350.254036903,0.518427558,1.693340259,2.738568954
1782430350.255170345,0.524329219,1.691727347,2.744250461
1782430350.260200024,0.529588207,1.702859642,2.753156512
1782430350.261861086,0.540959195,1.707941397,2.774414538
1782430350.263529062,0.542695002,1.715070853,2.779674972
1782430350.265480995,0.551740538,1.714668339,2.794301320
1782430350.267069817,0.560274736,1.719804904,2.801518369
1782430350.272845030,0.562051241,1.729405272,2.816665276
1782430350.273689747,0.568594585,1.758454028,2.866878455
1782430350.275382757,0.574209825,1.762937389,2.880245049
1782430350.277766228,0.577594519,1.781126009,2.887726269
1782430350.278623581,0.580226093,1.792577583,2.904404786
1782430350.283874989,0.585689911,1.801890049,2.915243974
1782430350.285412788,0.587197369,1.829193844,2.934066586
1782430350.287440062,0.599680862,1.843050553,2.950391408
1782430350.288517475,0.608924527,1.867469973,2.968368909
1782430350.290370703,0.615727452,1.891203212,2.980729692
1782430350.291903496,0.626584266,1.907557666,2.997976274
1782430350.297818184,0.642437617,1.934008372,3.029228768
1782430350.298659325,0.672328695,2.030892456,3.131555623
1782430350.300357580,0.687926747,2.063094418,3.159098982
1782430350.302768946,0.714162945,2.101709140,3.193860711
1782430350.303620577,0.730342526,2.147060310,3.224443623
1782430350.310179949,0.753822455,2.185304285,3.256271723
1782430350.311907291,0.818051496,2.327429138,3.342452438
1782430350.313569307,0.848548375,2.374459789,3.368256909
1782430350.315196514,0.868637262,2.429784963,3.396670149
1782430350.316877842,0.887930293,2.478170247,3.424120361
1782430350.322836161,0.914123005,2.526218543,3.455688576
1782430350.323681593,0.982625768,2.666285771,3.549786743
1782430350.325349569,1.006972832,2.735108885,3.577949696
1782430350.327768326,1.036864832,2.782315596,3.604640085
1782430350.328615665,1.087664569,2.901659001,3.671518531
1782430350.330896378,1.121438240,2.966069400,3.697355895
1782430350.335140705,1.151347079,3.036508398,3.741594940
1782430350.337414742,1.227582190,3.191959565,3.798695649
1782430350.338511229,1.274685669,3.269478254,3.834048680
1782430350.340486050,1.324218558,3.360684111,3.858255410
1782430350.342051744,1.370575581,3.442439178,3.882186664
1782430350.346910715,1.425981306,3.519716286,3.919272757
1782430350.348708391,1.573638335,3.750488299,3.987941660
1782430350.350287199,1.619896725,3.827958920,4.012357287
1782430350.352787495,1.671802909,3.903158543,4.039022023
1782430350.353745937,1.757345146,4.040652411,4.098796869
1782430350.355194807,1.806503761,4.100947910,4.129326783
1782430350.360200405,1.847476937,4.150302074,4.160466558
1782430350.361848354,1.936418335,4.259993933,4.203949374
1782430350.363518476,1.988394814,4.308245880,4.220279301
1782430350.365505457,2.032042380,4.361886084,4.238379997
1782430350.366840124,2.076459856,4.402449547,4.260850281
1782430350.372830868,2.122096530,4.441825630,4.277341828
1782430350.373669386,2.273542776,4.563063844,4.340742575
1782430350.375316858,2.297386364,4.583798171,4.346787918
1782430350.377795696,2.324529486,4.613512021,4.358962606
1782430350.378651619,2.352763968,4.636688594,4.370129129
1782430350.385198116,2.368897769,4.649477249,4.383493726
1782430350.386853218,2.444863412,4.706854450,4.438420812
1782430350.388512611,2.469420959,4.745432183,4.464445431
1782430350.390460968,2.507797703,4.776748788,4.489473726
1782430350.391994715,2.523226841,4.815880190,4.506989107
1782430350.397845984,2.578108100,4.841246018,4.539137606
1782430350.398704290,2.752890713,4.958693098,4.621463842
1782430350.400273085,2.768090669,5.009513706,4.620449510
1782430350.402789116,2.793320043,5.035579724,4.646887116
1782430350.403628349,2.826079777,5.084115654,4.649032046
1782430350.407862186,2.836567926,5.106286080,4.662927925
1782430350.408597946,2.900408087,5.152387159,4.694896886
1782430350.410227776,2.930683073,5.163257141,4.716461759
1782430350.411890507,2.951485970,5.203826700,4.725751842
1782430350.413532495,2.871487096,5.240202189,4.742213116
1782430350.415425539,2.904425209,5.270427152,4.766313256
1782430350.416962385,2.919490813,5.301962330,4.759512935
1782430350.422792196,2.933772258,5.314568799,4.776627688
1782430350.423654795,2.987523720,5.331666268,4.764788109
1782430350.425322533,2.989761554,5.344806386,4.745050776
1782430350.427723408,2.987605115,5.350246044,4.749249675
1782430350.428560019,2.976713281,5.355555459,4.726328156
1782430350.435214043,2.981555999,5.339598691,4.717166624
1782430350.436866999,2.962330886,5.308229867,4.677876644
1782430350.438494921,2.951079637,5.302672505,4.654462833
1782430350.440466166,2.948722379,5.285250699,4.638065154
1782430350.441994190,2.934950755,5.267471855,4.611173045
1782430350.447817802,2.938717822,5.243147575,4.605425707
1782430350.448650599,2.904790952,5.114717327,4.510426008
1782430350.450357676,2.876184649,5.091109876,4.510414369
1782430350.451854944,2.841482963,5.050405404,4.488409116
1782430350.453627586,2.818443928,5.012792354,4.469979481
1782430350.455247641,2.810919248,4.970553772,4.444479088
1782430350.460233450,2.795320688,4.934931212,4.424715943
1782430350.462063551,2.761929692,4.848516032,4.390877150
1782430350.463516712,2.739063933,4.812588629,4.356652192
1782430350.465435743,2.706622850,4.765137875,4.338898251
1782430350.466984510,2.682730435,4.711901698,4.309908580
1782430350.471144199,2.660016108,4.667254347,4.280241095
1782430350.471924782,2.593912071,4.520248085,4.196674138
1782430350.473565817,2.575629049,4.465141922,4.166230544
1782430350.475344658,2.559953825,4.417270948,4.138409776
1782430350.477789640,2.529518461,4.378682484,4.109580480
1782430350.478648663,2.511423996,4.326163001,4.074196465
1782430350.485208988,2.489793890,4.285778125,4.045574385
1782430350.486895084,2.438041147,4.164578133,3.953355566
1782430350.488600731,2.413693568,4.123475083,3.922165524
1782430350.490399361,2.392027840,4.084684016,3.894733312
1782430350.491952658,2.371040669,4.050588057,3.871930556
1782430350.497831821,2.342361548,4.015093036,3.838767847
1782430350.498665810,2.262176141,3.841962145,3.707343913
1782430350.500345707,2.233683613,3.804332187,3.673708121
1782430350.502772093,2.200655182,3.764312272,3.640519301
1782430350.503613949,2.182499970,3.717406432,3.610499455
1782430350.510211229,2.144623387,3.688941609,3.581419745
1782430350.511851311,2.048723233,3.559085772,3.508376257
1782430350.513588190,2.007834286,3.509406822,3.490900134
1782430350.515436888,1.972504619,3.460925408,3.461729843
1782430350.516988993,1.930479690,3.412831249,3.445614353
1782430350.522870541,1.900776686,3.355137125,3.421285215
1782430350.523755312,1.761627549,3.158159741,3.311511230
1782430350.525349379,1.714006555,3.100419203,3.290482467
1782430350.527767658,1.679001059,3.053846818,3.272329856
1782430350.528622150,1.643030293,3.012039426,3.253828005
1782430350.534362078,1.600134775,2.958760622,3.231334450
1782430350.535220385,1.532556874,2.868138121,3.185737476
1782430350.536919117,1.492098224,2.804636425,3.165409562
1782430350.538632154,1.455136739,2.748516426,3.147771607
1782430350.540494680,1.423214083,2.702302990,3.130136406
1782430350.541855812,1.397013068,2.640709291,3.111028374
1782430350.547812223,1.369235126,2.600704057,3.095666689
1782430350.548681021,1.249830646,2.406643114,3.023718500
1782430350.550289631,1.232122466,2.359450883,3.010122490
1782430350.552762985,1.204363464,2.327264389,2.999957204
1782430350.553597212,1.181378789,2.282058993,2.993465268
1782430350.560154200,1.175245399,2.255113304,2.991296396
1782430350.562429190,1.132371399,2.174449574,2.971872949
1782430350.563504457,1.112915755,2.151119843,2.962921423
1782430350.565458298,1.093875431,2.129130827,2.956368535
1782430350.567016840,1.086555645,2.103180348,2.951587327
1782430350.572827339,1.068502365,2.087812540,2.942813120
1782430350.573678970,1.021912962,2.049864510,2.938572585
1782430350.575359821,1.015134394,2.037657806,2.941444648
1782430350.577743053,1.006209937,2.030392923,2.947747980
1782430350.578591824,0.981099811,2.019598930,2.968275472
1782430350.581178427,0.980552075,2.027065247,2.977306507
1782430350.581973314,0.971725607,2.032271082,2.992969531
1782430350.585244179,0.964279620,2.026985657,2.997688057
1782430350.586929798,0.965327943,2.027331026,3.011834707
1782430350.588595390,0.959507449,2.038108592,3.022504767
1782430350.590433836,0.957358920,2.044097616,3.037729335
1782430350.591977835,0.965572571,2.054077449,3.052158471
1782430350.597265244,0.957852843,2.065500950,3.059849219
1782430350.598687410,0.953925068,2.088499958,3.100514291
1782430350.600186110,0.961403376,2.098648244,3.099803957
1782430350.602771282,0.961804836,2.116683209,3.108382286
1782430350.603623629,0.955974729,2.129309997,3.138375588
1782430350.610192776,0.955756262,2.162448732,3.148981200
1782430350.612365961,0.941892776,2.198562000,3.194148776
1782430350.613707781,0.941796028,2.206353401,3.212104570
1782430350.615467548,0.946234290,2.216790996,3.225832917
1782430350.617012978,0.942678386,2.234359315,3.229627254
1782430350.622828960,0.942829994,2.239185942,3.243813836
1782430350.623670340,0.954584301,2.259673107,3.273570739
1782430350.625305653,0.962504229,2.269847629,3.287953586
1782430350.627503395,0.963047404,2.285006863,3.294129945
1782430350.628722668,0.969608505,2.286664502,3.305558174
1782430350.635210752,0.981948698,2.307161643,3.319145285
1782430350.636880636,1.013526657,2.355910935,3.393204609
1782430350.638545036,1.023622320,2.363131552,3.405469426
1782430350.640453815,1.031709149,2.387657405,3.421526029
1782430350.642006636,1.034921114,2.396501858,3.432777971
1782430350.647833347,1.041520507,2.415507380,3.449898907
1782430350.648697853,1.064436885,2.477526655,3.515115244
1782430350.650375128,1.075781342,2.489455397,3.530330954
1782430350.652738810,1.091982726,2.514367077,3.549659943
1782430350.653598070,1.097215288,2.527150181,3.562643761
1782430350.658206940,1.111476560,2.542383996,3.575562486
1782430350.659024715,1.130594783,2.575655802,3.612289002
1782430350.660464287,1.142617745,2.590502871,3.629686474
1782430350.661849022,1.148156875,2.616736876,3.643263063
1782430350.663523912,1.155143975,2.626412402,3.659484016
1782430350.665446997,1.166677901,2.650147288,3.677912964
1782430350.667038441,1.167313247,2.672092281,3.683831930
1782430350.672779560,1.172687323,2.685656830,3.692842478
1782430350.673620701,1.192012802,2.750361578,3.733355243
1782430350.675272226,1.194477657,2.774595348,3.746324217
1782430350.677724361,1.210025825,2.797390812,3.761570495
1782430350.678581715,1.215271238,2.830795036,3.775038314
1782430350.685235977,1.226855991,2.860726662,3.787785250
1782430350.686902285,1.257047586,2.967172173,3.828332493
1782430350.688551903,1.278937458,3.008622506,3.843337157
1782430350.690403700,1.285695470,3.055152964,3.853557792
1782430350.691961050,1.305429729,3.087299286,3.862210696
1782430350.697849512,1.322791956,3.136314376,3.879284781
1782430350.698702812,1.387251491,3.330305585,3.950903285
1782430350.700347900,1.411707557,3.378649616,3.963878256
1782430350.702771187,1.443228759,3.443152658,3.988084148
1782430350.703602552,1.461269924,3.499185280,4.002242494
1782430350.710194588,1.498942736,3.549319051,4.024268364
1782430350.712404728,1.582920279,3.722185788,4.087194864
1782430350.713514566,1.611789375,3.790575895,4.108144495
1782430350.715495110,1.642788804,3.848205321,4.123311305
1782430350.717042685,1.692424713,3.906100970,4.128711582
1782430350.720273495,1.715405990,3.961244742,4.148593266
1782430350.722958565,1.779206440,4.057138006,4.193413858
1782430350.723976135,1.834707079,4.168838151,4.238246356
1782430350.725212336,1.865636226,4.212774272,4.264368834
1782430350.726866484,1.903956408,4.276589940,4.255417284
1782430350.728643894,1.955294345,4.333211377,4.259661929
1782430350.735238314,2.005018659,4.386388091,4.273643383
1782430350.736902237,2.125946925,4.539975621,4.319570466
1782430350.738613129,2.159468747,4.592275173,4.319793596
1782430350.740448236,2.193778531,4.622965203,4.338394305
1782430350.742009163,2.227522277,4.684363589,4.338087702
1782430350.747851372,2.265741053,4.711018989,4.358407694
1782430350.748692989,2.392153889,4.844890557,4.396467479
1782430350.750379562,2.414955335,4.889078490,4.392674430
1782430350.752828598,2.451816402,4.915335836,4.405826090
1782430350.753733397,2.479737827,4.956310894,4.394178565
1782430350.755229712,2.505412485,4.978713268,4.401669320
1782430350.760240316,2.543123943,5.014525852,4.422142071
1782430350.761907101,2.590467390,5.084204798,4.415934034
1782430350.763567209,2.613428087,5.128512882,4.414020121
1782430350.765453815,2.639193358,5.151784046,4.410308717
1782430350.767061472,2.661698138,5.185100912,4.404606655
1782430350.772801161,2.693836006,5.218644223,4.404676925
1782430350.773643970,2.803399452,5.306883733,4.377191585
1782430350.775291204,2.820645407,5.331031162,4.362773203
1782430350.777773857,2.830181188,5.354607919,4.370761655
1782430350.778631449,2.850084717,5.386608938,4.356947305
1782430350.781760454,2.850161440,5.398899527,4.370715119
1782430350.782592058,2.858272387,5.426355553,4.375567419
1782430350.785189152,2.865262203,5.439292570,4.385598926
1782430350.786870480,2.861221573,5.461425733,4.377633025
1782430350.788540602,2.845762861,5.487707671,4.368171934
1782430350.790463924,2.848105651,5.501242903,4.370768176
1782430350.792017698,2.840113007,5.510624791,4.375861089
1782430350.797787428,2.842559186,5.519550262,4.369469031
1782430350.798523664,2.800226428,5.492173532,4.367138268
1782430350.800347328,2.796061507,5.519682879,4.348308809
1782430350.802774906,2.788221489,5.530076510,4.353906373
1782430350.803636312,2.781884882,5.501106990,4.331381361
1782430350.810161114,2.766604630,5.487284488,4.327179829
1782430350.812448502,2.755189052,5.435105982,4.303426077
1782430350.813555956,2.747137735,5.415457350,4.282815376
1782430350.815419436,2.741286916,5.396881690,4.283421193
1782430350.816982985,2.721168344,5.364389544,4.275672850
1782430350.822819233,2.722910009,5.349524375,4.260098506
1782430350.823664904,2.723797009,5.227280672,4.217870686
1782430350.825315714,2.701718594,5.202417959,4.233349561
1782430350.827763081,2.684025885,5.167818345,4.194009685
1782430350.828603983,2.693572891,5.126784356,4.205092224
1782430350.835179090,2.685249479,5.099955958,4.186956526
1782430350.837463617,2.659179385,4.991331809,4.152777374
1782430350.838540316,2.645164814,4.948613679,4.143237188
1782430350.840419769,2.639608993,4.913472869,4.135395413
1782430350.841979504,2.613371895,4.873898685,4.120960839
1782430350.847864151,2.598515515,4.831442546,4.105938271
1782430350.848717928,2.535017080,4.676270097,4.032166955
1782430350.850294352,2.510706932,4.646356193,4.019183983
1782430350.852744102,2.486421986,4.595925383,4.001526906
1782430350.853573799,2.471510064,4.561216309,3.982164761
1782430350.858457804,2.446370378,4.529945374,3.961028024
1782430350.859202623,2.414699330,4.451324196,3.913196001
1782430350.860376358,2.392171088,4.418584542,3.889432220
1782430350.862433195,2.364385235,4.375754031,3.865617073
1782430350.863534212,2.347749801,4.336836101,3.845034926
1782430350.865390301,2.319234759,4.301388635,3.811019726
1782430350.866959333,2.301899158,4.263277582,3.791674131
1782430350.872821093,2.287802098,4.228768630,3.766330857
1782430350.873694181,2.236766573,4.150316460,3.701971918
1782430350.875343084,2.218346324,4.109412646,3.681209379
1782430350.876844168,2.193057941,4.072411655,3.647466828
1782430350.878690004,2.164671163,4.030453707,3.623195782
1782430350.885174990,2.152678746,3.990663564,3.596951096
1782430350.886852264,2.047640133,3.842755616,3.480923578
1782430350.888526678,2.026448304,3.795202944,3.454833266
1782430350.890507221,1.999848492,3.753509130,3.417007774
1782430350.891860008,1.965498760,3.707681446,3.388046248
1782430350.897796631,1.939496828,3.658993558,3.355535273
1782430350.898654938,1.844964688,3.505475290,3.238855591
1782430350.900329113,1.802656350,3.450285689,3.200648613
1782430350.902770996,1.767500825,3.386983863,3.164168800
1782430350.903633118,1.698785159,3.269330433,3.095480940
1782430350.905896664,1.658792614,3.206845583,3.058129966
1782430350.910207748,1.633002722,3.142121149,3.024207616
1782430350.911910772,1.550932591,3.016472408,2.954910512
1782430350.913582563,1.517259182,2.942559804,2.927919733
1782430350.915513515,1.480988998,2.880473964,2.889648300
1782430350.916836739,1.438049172,2.812452608,2.853229012
1782430350.921511889,1.405043873,2.744370415,2.820173287
1782430350.922229052,1.298921157,2.548685697,2.723050043
1782430350.923677206,1.260413428,2.483514024,2.690492060
1782430350.925240993,1.217291876,2.415095882,2.668015086
1782430350.927709818,1.190072618,2.350003140,2.645431344
1782430350.928588867,1.147862145,2.287518537,2.614510073
1782430350.935197353,1.116236075,2.222785429,2.588478207
1782430350.936880589,1.009285541,2.063778824,2.515234119
1782430350.938588381,0.984023414,2.008191841,2.498581615
1782430350.940480232,0.951352146,1.965858110,2.467606116
1782430350.942037344,0.912780960,1.913887985,2.473464626
1782430350.947784901,0.886335318,1.872972920,2.441878400
1782430350.948635817,0.799040720,1.742173269,2.351875506
1782430350.950313330,0.782516893,1.708641817,2.345968660
1782430350.955582619,0.771549038,1.686943122,2.337820735
1782430350.956986904,0.736147891,1.649549804,2.313683503
1782430350.960189342,0.729215283,1.627269989,2.308437122
1782430350.961853743,0.703618058,1.603703074,2.296627865
1782430350.963500977,0.697089101,1.591081606,2.293545368
1782430350.965431690,0.684702818,1.579351946,2.280133151
1782430350.966995478,0.672032856,1.570450566,2.280482555
1782430350.972816467,0.669785433,1.562565089,2.282957267
1782430350.973675966,0.638539658,1.550458736,2.274953034
1782430350.975229025,0.632649839,1.538857726,2.274221802
1782430350.977795601,0.633522334,1.540021718,2.277901331
1782430350.978631020,0.621397612,1.542148301,2.275969325
1782430350.983016253,0.622000522,1.533500629,2.282224141
1782430350.983826876,0.600472936,1.530451963,2.279556149
1782430350.985376835,0.601438301,1.524243680,2.295801683
1782430350.987439632,0.593644870,1.526969841,2.302381230
1782430350.988525152,0.575588812,1.512674722,2.309222839
1782430350.990455389,0.579581719,1.512208876,2.314427864
1782430350.991993427,0.562031149,1.510984388,2.316996404
1782430350.997819185,0.556056723,1.497875221,2.314387567
1782430350.998649836,0.528211635,1.503864442,2.334334500
1782430351.000315189,0.518460983,1.504415066,2.348207315
1782430351.002827883,0.507065740,1.508524813,2.355265124
1782430351.003682137,0.503593535,1.506207524,2.377892660
1782430351.010169983,0.500135613,1.506183529,2.385269042
1782430351.012441635,0.496424068,1.531064741,2.444035323
1782430351.013505220,0.491874933,1.529356385,2.470993262
1782430351.015519381,0.497591371,1.532719609,2.497430806
1782430351.017056704,0.498272315,1.539261393,2.521358288
1782430351.022944689,0.494194546,1.552357153,2.551631203
1782430351.023780107,0.510332180,1.586059603,2.646901575
1782430351.025360107,0.513459388,1.587938836,2.669459078
1782430351.027775288,0.523679199,1.600937816,2.684501105
1782430351.028611898,0.525821409,1.616618346,2.704882822
1782430351.035221577,0.528437983,1.624329245,2.721857988
1782430351.036917686,0.562524088,1.668404577,2.815497673
1782430351.038569689,0.574203036,1.675954164,2.840522334
1782430351.040422678,0.580963633,1.691320237,2.871299121
1782430351.041970730,0.596159615,1.694867854,2.905048436
1782430351.045513868,0.602074762,1.712875685,2.932202840
1782430351.047815084,0.620334979,1.724491959,2.985451708
1782430351.048661470,0.636959629,1.739124181,3.021936716
1782430351.050308704,0.653206376,1.751558836,3.043360469
1782430351.052785635,0.660296437,1.772455769,3.060619341
1782430351.053646088,0.669803690,1.776949695,3.079785597
1782430351.060190201,0.679885458,1.795708199,3.097271984
1782430351.061913490,0.711681533,1.841633389,3.151429314
1782430351.063600302,0.725467695,1.863787919,3.165860637
1782430351.065505505,0.744082311,1.880479178,3.187805543
1782430351.066831112,0.759558160,1.904683494,3.201478268
1782430351.072812319,0.771956508,1.924333238,3.225770953
1782430351.073658705,0.846035951,2.002872073,3.325510269
1782430351.075299501,0.868494343,2.039048470,3.344096143
1782430351.077787399,0.887633014,2.059620759,3.365667643
1782430351.078631163,0.920194594,2.088472470,3.397462663
1782430351.085169554,0.929086448,2.120474503,3.423406835
1782430351.087412596,0.983395677,2.211502006,3.512651343
1782430351.088716984,1.007572722,2.235756070,3.540283274
1782430351.090445518,1.027393065,2.272179280,3.563537516
1782430351.091994286,1.052149531,2.320476351,3.575823500
1782430351.097806454,1.078462630,2.350955798,3.601625629
1782430351.098664999,1.140407277,2.463448794,3.663307210
1782430351.100344419,1.165381898,2.523610662,3.673525545
1782430351.102780819,1.184876462,2.570783684,3.687742492
1782430351.103649616,1.227655565,2.654563582,3.717391832
1782430351.107746601,1.243511226,2.703048595,3.722323547
1782430351.108586311,1.262364870,2.738435991,3.744547302
1782430351.110375404,1.284035725,2.789500838,3.751407188
1782430351.112433910,1.306437577,2.838083497,3.755424612
1782430351.113518238,1.333654513,2.883504358,3.770300934
1782430351.115515947,1.346161652,2.939902514,3.770287949
1782430351.116827488,1.371606582,2.983247753,3.787513372
1782430351.122799873,1.400624052,3.043578814,3.798800775
1782430351.123648405,1.480290142,3.185242611,3.876358453
1782430351.125330210,1.515075094,3.248851433,3.891164264
1782430351.127840996,1.562453063,3.317487213,3.924496689
1782430351.128693342,1.628880165,3.442531118,3.989973300
1782430351.135208368,1.679011741,3.509042196,4.021500128
1782430351.136868238,1.819081027,3.723020851,4.096779119
1782430351.138509512,1.878346302,3.817460425,4.106476089
1782430351.140472889,1.929426323,3.887108312,4.134801210
1782430351.142019749,1.994474763,3.967191336,4.152509473
1782430351.147808075,2.047503542,4.042768958,4.182834500
1782430351.148644209,2.206000408,4.253452263,4.266517717
1782430351.150307417,2.255810625,4.321641300,4.272272234
1782430351.152835608,2.310425922,4.380588753,4.295282486
1782430351.153682232,2.393416606,4.497543599,4.320190968
1782430351.160186768,2.436382760,4.541207024,4.341949147
1782430351.161875725,2.567000679,4.685542585,4.393682507
1782430351.163510799,2.610114400,4.749577539,4.398624072
1782430351.165468216,2.646785669,4.798814145,4.420729811
1782430351.166892767,2.682143994,4.847955637,4.430734187
1782430351.170245886,2.724129213,4.900534349,4.446143231
1782430351.172816515,2.801645950,4.971870443,4.479807687
1782430351.173663855,2.860685998,5.059258519,4.490099258
1782430351.175353050,2.887449926,5.104857079,4.488352482
1782430351.177808762,2.907096476,5.135093651,4.498704223
1782430351.178687811,2.933820754,5.175690268,4.505624740
1782430351.185211182,2.962299625,5.205678527,4.523434761
1782430351.186888218,3.039176660,5.301792864,4.540228805
1782430351.188619375,3.056138236,5.333844472,4.535874414
1782430351.190553665,3.086915949,5.360227524,4.549039313
1782430351.191866398,3.111180463,5.400889522,4.551489511
1782430351.197909117,3.127366368,5.428844635,4.559798260
1782430351.198744774,3.229855716,5.524983516,4.613623476
1782430351.200162649,3.177878510,5.563880449,4.673544087
1782430351.202815533,3.240316547,5.591867503,4.641670546
1782430351.203679800,3.245136033,5.624146492,4.673368292
1782430351.210201979,3.262051200,5.650007786,4.699325678
1782430351.211865187,3.335453655,5.725670991,4.727276661
1782430351.213522196,3.346823956,5.759479763,4.736896891
1782430351.215450525,3.370926514,5.780687725,4.744806806
1782430351.217011690,3.388164534,5.803977366,4.744054559
1782430351.222812891,3.405695181,5.827926687,4.748217890
1782430351.223656893,3.460255496,5.868801741,4.729174533
1782430351.225292683,3.469475636,5.868442277,4.729418536
1782430351.227811575,3.447555612,5.870832684,4.715806757
1782430351.228668213,3.465721155,5.859268515,4.706847936
1782430351.232873917,3.466380114,5.866494354,4.702482257
1782430351.233712196,3.471734024,5.841899126,4.677394154
1782430351.235390902,3.472420792,5.829775221,4.656925536
1782430351.237436295,3.464143518,5.823989861,4.652047281
1782430351.238497257,3.469553149,5.821898806,4.639035694
1782430351.240409613,3.444624203,5.812000863,4.628825659
1782430351.241967916,3.438572066,5.810675917,4.642212342
1782430351.247843027,3.438631518,5.795757459,4.633016761
1782430351.248686075,3.428023681,5.764048826,4.606233671
1782430351.250367403,3.410554815,5.754526582,4.606186572
1782430351.252821445,3.408928946,5.732241565,4.598865159
1782430351.253705978,3.404952227,5.720345967,4.591011093
1782430351.255170107,3.391353299,5.699991715,4.585640145
1782430351.260185480,3.390950821,5.677258083,4.581883776
1782430351.262461424,3.371999960,5.629676084,4.566011645
1782430351.263539076,3.367932503,5.598023046,4.558648150
1782430351.265447140,3.350077470,5.572264259,4.555783845
1782430351.266983986,3.331511245,5.534135213,4.548681854
1782430351.272848129,3.325959358,5.502356547,4.538074427
1782430351.273689508,3.270251143,5.375028364,4.499225186
1782430351.275379181,3.249382661,5.341412483,4.490941108
1782430351.277794123,3.239610426,5.307818592,4.482569342
1782430351.278650045,3.232492738,5.283180959,4.467515634
1782430351.285235405,3.214665187,5.252192481,4.450415639
1782430351.286869287,3.185440157,5.167142668,4.392486902
1782430351.288525581,3.169451628,5.136474953,4.386130702
1782430351.290393591,3.155983089,5.104451357,4.365203986
1782430351.291943550,3.131400895,5.078068631,4.353358029
1782430351.295370102,3.119011249,5.040192053,4.327706697
1782430351.297848225,3.080421416,4.983110980,4.294807319
1782430351.298761129,3.061650923,4.934887276,4.246315887
1782430351.300378323,3.052994587,4.909250839,4.225866958
1782430351.301839352,3.034973203,4.883517951,4.213428093
1782430351.303656101,2.998244668,4.866139589,4.192678350
1782430351.310213089,2.983667456,4.839215898,4.170833805
1782430351.312006950,2.918935004,4.765533872,4.097031250
1782430351.313699245,2.895343611,4.740747497,4.073589135
1782430351.315486193,2.871325576,4.719068524,4.043504030
1782430351.317062378,2.839210525,4.686074469,4.024583032
1782430351.322849035,2.825583904,4.660400453,3.996952052
1782430351.323709726,2.726130441,4.567028834,3.860411844
1782430351.325371981,2.689050634,4.525724569,3.829527641
1782430351.327823639,2.655859403,4.490976187,3.813553011
1782430351.328730106,2.626007430,4.461674177,3.775812858
1782430351.335241795,2.580304503,4.420532431,3.753620727
1782430351.336903095,2.468705935,4.304284671,3.652734543
1782430351.338536024,2.435419359,4.257159650,3.634918322
1782430351.340509415,2.402190803,4.221190753,3.600646175
1782430351.341824293,2.356179300,4.176260326,3.570195144
1782430351.347829819,2.309853232,4.117968230,3.549454488
1782430351.348682165,2.135790460,3.900384869,3.423619129
1782430351.350346565,2.080836495,3.827405569,3.413306587
1782430351.352757215,2.043685030,3.768197903,3.401927085
1782430351.353596210,1.990887131,3.706335338,3.377624226
1782430351.356584787,1.942443744,3.634536314,3.371449476
1782430351.357346535,1.909922856,3.571087286,3.340175866
1782430351.360200405,1.874453314,3.514335919,3.327084513
1782430351.361879110,1.834506453,3.440376621,3.323005969
1782430351.363593578,1.799748951,3.368007471,3.324170675
1782430351.365468502,1.755729588,3.307711013,3.304539357
1782430351.367005587,1.723324708,3.240324587,3.302992460
1782430351.371300936,1.694667482,3.192653023,3.280578746
1782430351.372084618,1.587561208,3.031469598,3.232903472
1782430351.373605251,1.537842111,2.981325506,3.211769070
1782430351.375394821,1.500559393,2.906650448,3.204047401
1782430351.376851797,1.467409162,2.847041518,3.180847745
1782430351.378709793,1.420924130,2.783070806,3.159991537
1782430351.385164738,1.389288040,2.730884867,3.140111227
1782430351.386872530,1.288796628,2.577486797,3.066702813
1782430351.388547182,1.260288163,2.526929407,3.037914546
1782430351.390503645,1.222620979,2.483704379,3.018342776
1782430351.391826391,1.184022631,2.431158315,3.005649221
1782430351.397854805,1.160702155,2.395510235,2.981716780
1782430351.398707151,1.079691420,2.320035782,2.962527881
1782430351.400364876,1.057209505,2.297524471,2.957959934
1782430351.402832031,1.047174521,2.277790776,2.948574287
1782430351.403700829,1.004874953,2.261944792,2.957762023
1782430351.410157919,1.001777365,2.258727030,2.958075569
1782430351.412360191,0.981897672,2.276791888,3.005175295
1782430351.413692713,0.964334382,2.287985758,3.028970699
1782430351.415502310,0.961250194,2.297934298,3.044714448
1782430351.417048216,0.964786948,2.311672111,3.069674721
1782430351.422804594,0.961551530,2.327756605,3.094250592
1782430351.423654318,0.947075760,2.404178931,3.232862171
1782430351.425301552,0.954890020,2.418890939,3.269608324
1782430351.427792072,0.964392742,2.449238089,3.296765983
1782430351.428626776,0.958894518,2.467647048,3.329839717
1782430351.433650494,0.980159096,2.495958240,3.366197047
1782430351.435195684,0.997962837,2.562490204,3.450221481
1782430351.436854601,1.020289662,2.587836685,3.513127336
1782430351.438517809,1.029064886,2.634423647,3.543667193
1782430351.440516710,1.051103885,2.668424791,3.600751599
1782430351.441839218,1.073354107,2.695810974,3.664696489
1782430351.448005199,1.101758202,2.754089306,3.721336091
1782430351.448857784,1.177542440,2.890563133,3.939605398
1782430351.450169086,1.209924534,2.935085285,3.976135490
1782430351.451846600,1.219125269,2.966402793,4.014476264
1782430351.453669786,1.236306904,2.993294315,4.054251552
1782430351.460177898,1.259880190,3.020887907,4.091587662
1782430351.462366581,1.313065008,3.086073187,4.191300775
1782430351.463693619,1.314706968,3.105033985,4.231783785
1782430351.465464830,1.333709683,3.110998885,4.263990710
1782430351.467103720,1.339013822,3.130505868,4.295931548
1782430351.472809315,1.359720068,3.147466113,4.323136857
1782430351.473697424,1.409296185,3.193599114,4.446087399
1782430351.475296736,1.411693028,3.203550837,4.469658105
1782430351.477779150,1.423620505,3.217790772,4.497272870
1782430351.478650570,1.423599497,3.232292425,4.525180458
1782430351.480705261,1.433505872,3.253952064,4.548323402
1782430351.485216856,1.448287093,3.263543885,4.580779282
1782430351.486853123,1.462052085,3.320719785,4.646721197
1782430351.488569736,1.476435113,3.346456731,4.681753294
1782430351.490464926,1.481229121,3.378405685,4.712491543
1782430351.492019176,1.490461273,3.408416598,4.748912862
1782430351.495966673,1.506970589,3.438587446,4.781762239
1782430351.497882843,1.531765058,3.514139967,4.843724362
1782430351.498755693,1.562321262,3.591990551,4.914839830
1782430351.500332117,1.578590062,3.627866558,4.956322619
1782430351.502816677,1.606885198,3.679816521,4.993788492
1782430351.503654003,1.611321388,3.721852483,5.031249951
1782430351.510206461,1.642656586,3.768855065,5.067782302
1782430351.511858940,1.717045923,3.925377964,5.204740526
1782430351.513496161,1.752288878,3.993494861,5.252334603
1782430351.515470028,1.775559086,4.047920703,5.300699947
1782430351.517028809,1.815750176,4.112395852,5.341685253
1782430351.522811890,1.849933487,4.175791456,5.384307623
1782430351.523672104,1.988973827,4.427049188,5.578444217
1782430351.525328636,2.034675908,4.493720480,5.622814162
1782430351.527809620,2.080839590,4.569556164,5.675170018
1782430351.528679609,2.123192897,4.652181461,5.707254237
1782430351.535210609,2.170088478,4.715131848,5.743742088
1782430351.536878347,2.337604982,4.969224353,5.831969912
1782430351.538536549,2.394012103,5.064865959,5.850910262
1782430351.540520668,2.443094479,5.152050289,5.864717086
1782430351.541829109,2.506022711,5.237933949,5.878296855
1782430351.547944546,2.567940764,5.327654105,5.889556819
1782430351.548853874,2.793279794,5.604259808,5.888656076
1782430351.550196648,2.850636613,5.662908262,5.892905553
1782430351.551861286,2.893770480,5.728632982,5.881171574
1782430351.553684235,2.934220873,5.781699452,5.868041823
1782430351.558175087,2.977398608,5.823743291,5.881235823
1782430351.558899403,3.045693902,5.891558066,5.894545372
1782430351.560235023,3.082458531,5.916670821,5.893485712
1782430351.561929941,3.118372904,5.961989951,5.876954664
1782430351.563569546,3.166755946,5.992780696,5.865273507
1782430351.565439701,3.208472720,6.018185040,5.861501186
1782430351.567028046,3.249477167,6.053942485,5.839264474
1782430351.572849751,3.288134752,6.068296957,5.839113496
1782430351.573710680,3.400091415,6.136218560,5.815093689
1782430351.575254202,3.434032212,6.171844036,5.796729944
1782430351.577821016,3.460213407,6.199153668,5.795486670
1782430351.578684568,3.505620405,6.227829413,5.789236535
1782430351.585226297,3.540352818,6.258775073,5.789693384
1782430351.586889744,3.643363852,6.353077492,5.789756108
1782430351.588597775,3.675047758,6.394538908,5.793293750
1782430351.590528727,3.712235764,6.417277188,5.804440494
1782430351.591863155,3.752517285,6.457212692,5.803199107
1782430351.597808123,3.781685830,6.486596559,5.805165389
1782430351.598655939,3.884392344,6.561240504,5.828285388
1782430351.600307703,3.910765386,6.602506049,5.824876429
1782430351.602787018,3.932777103,6.635362903,5.828913297
1782430351.603650093,4.011575573,6.692188897,5.857472769
1782430351.610290289,4.035780364,6.735292523,5.869253498
1782430351.611883402,4.157070409,6.834218592,5.917238703
1782430351.613528728,4.190123868,6.863652139,5.925790419
1782430351.615555763,4.228836345,6.890334658,5.939494739
1782430351.616857290,4.265111075,6.910731287,5.938027310
1782430351.621248960,4.287216998,6.937878449,5.951314314
1782430351.621987104,4.360281121,6.963083154,5.972593796
1782430351.623543262,4.372298618,6.975601602,5.964402115
1782430351.625371933,4.372331150,6.978017544,5.962005961
1782430351.627819300,4.369264079,6.979184861,5.962083107
1782430351.628682137,4.375132463,6.981726965,5.949774719
1782430351.635222673,4.368273651,6.968763054,5.939284398
1782430351.636893034,4.345457690,6.915134704,5.904331389
1782430351.638553858,4.327870600,6.899629036,5.897737497
1782430351.640484571,4.311365665,6.868776526,5.879002993
1782430351.642050505,4.285242621,6.826862755,5.857239697
1782430351.647763014,4.279442226,6.786803178,5.845670049
1782430351.648611069,4.209884957,6.631310338,5.773493954
1782430351.650300980,4.178751926,6.586851978,5.750581592
1782430351.652834654,4.139422079,6.526695828,5.719285421
1782430351.653698444,4.079681530,6.404715227,5.661299506
1782430351.660188675,4.044958870,6.348267404,5.629894860
1782430351.661856890,3.954772668,6.166115349,5.532537189
1782430351.663523674,3.916732516,6.115777051,5.494803124
1782430351.665531397,3.886548534,6.052104453,5.464456658
1782430351.666843653,3.864688250,5.996468252,5.429801347
1782430351.672845364,3.819719588,5.939853527,5.390954274
1782430351.673694611,3.732157961,5.759327189,5.276068464
1782430351.675352812,3.698189960,5.699879483,5.234856729
1782430351.677824259,3.652676965,5.643814414,5.199676263
1782430351.678682327,3.586085473,5.523659533,5.104846771
1782430351.681864500,3.545621929,5.462519135,5.066403587
1782430351.685220718,3.518211964,5.398649548,5.018860042
1782430351.686916828,3.436217083,5.272544819,4.918478349
1782430351.688592911,3.405505132,5.214494944,4.872556257
1782430351.696821451,3.360948507,5.148618143,4.814508454
1782430351.699070215,3.164458951,4.821725200,4.563774326
1782430351.700195789,3.122104132,4.750194034,4.509236700
1782430351.706413507,3.079106784,4.685020514,4.456239551
1782430351.707276344,2.888541106,4.388950153,4.226977834
1782430351.708596706,2.833289139,4.302340605,4.170360955
1782430351.710262537,2.778369510,4.224891064,4.116793371
1782430351.712111712,2.708896188,4.148319394,4.063453572
1782430351.718554258,2.657724286,4.059300279,4.008037103
1782430351.720229149,2.478846142,3.816507469,3.843811435
1782430351.721881628,2.423977603,3.742342296,3.795367888
1782430351.723915339,2.362473945,3.669182585,3.753765307
1782430351.725225925,2.318316389,3.597659867,3.719605790
1782430351.727209806,2.253307953,3.528780165,3.702228815
1782430351.731242180,2.200075516,3.450763603,3.682324318
1782430351.732092857,2.055151356,3.247081722,3.636785252
1782430351.733627081,2.007180414,3.164624072,3.620593069
1782430351.736155272,1.955552599,3.104757656,3.598152712
1782430351.737015486,1.907133453,3.034516781,3.572713611
1782430351.742363453,1.862522098,2.964216602,3.550585322
1782430351.745552063,1.776104048,2.854333907,3.479096341
1782430351.746876240,1.703408790,2.750153875,3.408933362
1782430351.748504877,1.660018023,2.682731599,3.369840674
1782430351.755223274,1.619077867,2.632939569,3.334368027
1782430351.756877899,1.467226796,2.434286241,3.201231870
1782430351.758604527,1.439724135,2.391264504,3.180095412
1782430351.764833212,1.406121861,2.358211637,3.151953317
1782430351.765680075,1.298270688,2.244650398,3.068473443
1782430351.767002821,1.280882849,2.217870783,3.059462755
1782430351.768661976,1.257575786,2.197136513,3.038768325
1782430351.770197392,1.228923314,2.180986180,3.025696932
1782430351.772902250,1.218587914,2.157641440,3.015127778
1782430351.773638248,1.194921380,2.153419677,3.001947651
1782430351.776821375,1.168000882,2.136088778,2.987520167
1782430351.779049635,1.153681230,2.122503755,2.980279909
1782430351.780359983,1.131428088,2.118997502,2.969374155
1782430351.782121897,1.111268341,2.105043333,2.958842353
1782430351.783667088,1.093707178,2.093995283,2.951571883
1782430351.788896322,1.072940262,2.095925912,2.941996535
1782430351.790169954,1.017557431,2.085560140,2.925535318
1782430351.791913509,1.006880497,2.076961378,2.929322381
1782430351.794471264,0.988778015,2.084964958,2.919267780
1782430351.795326471,0.958856634,2.066964568,2.918129053
1782430351.801787615,0.947748518,2.068923922,2.915165381
1782430351.802640200,0.921178824,2.060695748,2.936319214
1782430351.803731680,0.912435128,2.066560957,2.943283118
1782430351.805293083,0.913103761,2.059380639,2.955395254
1782430351.807141781,0.915977642,2.068936418,2.970021195
1782430351.808677435,0.905405655,2.076190861,2.987280262
1782430351.814590693,0.915939816,2.079164987,3.005721263
1782430351.815444946,0.910712121,2.121984951,3.055521039
1782430351.816861629,0.910155921,2.140319561,3.070207075
1782430351.818502426,0.926036377,2.155667480,3.083368671
1782430351.820413351,0.926096301,2.176556531,3.098498358
1782430351.826893806,0.922305400,2.200045137,3.112021708
1782430351.828578234,0.931016953,2.256669852,3.154772766
1782430351.830233812,0.938187393,2.276185081,3.168899471
1782430351.832162380,0.934919124,2.291640496,3.181714308
1782430351.833712339,0.943466780,2.302962198,3.198971796
1782430351.835955858,0.944491701,2.323889757,3.216525008
1782430351.839590549,0.940056806,2.338308010,3.228721169
1782430351.840440750,0.945677955,2.369939942,3.283076956
1782430351.841993093,0.954603669,2.375767092,3.302670602
1782430351.844537497,0.962168120,2.391211487,3.313628630
1782430351.845387220,0.960403878,2.397684672,3.328279433
1782430351.851185799,0.975258803,2.412092288,3.345886429
1782430351.851917505,0.973891472,2.416759022,3.359611590
1782430351.853645802,0.983542019,2.430449606,3.376528050
1782430351.855314732,0.982831884,2.441289893,3.388612952
1782430351.857242346,0.983744620,2.438231947,3.403333542
1782430351.858606577,0.994252781,2.446852053,3.414157630
1782430351.864479780,0.992825758,2.458642796,3.421928508
1782430351.865345955,1.007241312,2.480448936,3.463312511
1782430351.866896391,1.013368797,2.484598386,3.475053110
1782430351.869468927,1.025756248,2.497462064,3.494907731
1782430351.870304108,1.038574500,2.510760841,3.538234081
1782430351.876820803,1.043638920,2.524647738,3.557911122
1782430351.879049778,1.067998082,2.550670293,3.612565643
1782430351.880384684,1.078938088,2.564403160,3.643827575
1782430351.882123947,1.095874395,2.568071876,3.662196152
1782430351.883727312,1.114113876,2.585211346,3.677179921
1782430351.889469624,1.127736996,2.607337763,3.698133569
1782430351.890336514,1.174112689,2.678245265,3.775392386
1782430351.892017126,1.189084899,2.703801213,3.792374297
1782430351.894529581,1.199006041,2.732369820,3.810875647
1782430351.895486593,1.216206618,2.751980373,3.837676920
1782430351.896838427,1.222343613,2.784361488,3.854638958
1782430351.901872396,1.235117924,2.813379314,3.881646413
1782430351.903538227,1.266348261,2.880856142,3.936242574
1782430351.905212879,1.283969141,2.915554385,3.961982174
1782430351.907195091,1.301464064,2.950888684,3.997597446
1782430351.908519268,1.310230115,2.994746390,4.026500953
1782430351.912031412,1.320282540,3.030543687,4.050730605
1782430351.914614677,1.352820042,3.117635395,4.120462499
1782430351.915467501,1.387785574,3.211745371,4.202664263
1782430351.917024851,1.409982753,3.269836689,4.236567586
1782430351.919490337,1.424017972,3.327123906,4.280540686
1782430351.920330048,1.450445795,3.376976191,4.317586210
1782430351.926850557,1.472687617,3.443957399,4.357874623
1782430351.928586483,1.544491530,3.637805154,4.482513654
1782430351.930255890,1.574504205,3.706905110,4.520237784
1782430351.932183027,1.608726241,3.775142163,4.565776379
1782430351.933509111,1.633494190,3.853075449,4.606750346
1782430351.939597130,1.663424209,3.925177975,4.646359295
1782430351.940471411,1.807519159,4.275049853,4.858211177
1782430351.942018986,1.850751585,4.372968713,4.904886618
1782430351.944481373,1.907944202,4.466488939,4.965827958
1782430351.945317507,1.955584147,4.575167764,5.018962718
1782430351.951874971,2.009172630,4.671016644,5.071409813
1782430351.953526735,2.190353380,4.972523547,5.235795362
1782430351.955192804,2.257903971,5.082708429,5.262972416
1782430351.957157850,2.314944796,5.175032280,5.298368009
1782430351.958503723,2.377089875,5.270652319,5.333106145
1782430351.964424133,2.445771663,5.362707275,5.356516594
1782430351.965266705,2.661206520,5.676735217,5.474800579
1782430351.966933489,2.714903780,5.755059321,5.495981137
1782430351.969416618,2.774739372,5.823719175,5.503150149
1782430351.970261097,2.817945231,5.888651270,5.517329429
1782430351.973659992,2.869592844,5.932540510,5.525005262
1782430351.976836205,2.920018518,5.979811744,5.536433556
1782430351.978567123,3.021169423,6.061305866,5.537390675
1782430351.980227709,3.070930000,6.114136090,5.531320410
1782430351.982185841,3.118032517,6.144326057,5.534298274
1782430351.983613491,3.168053903,6.168326685,5.537251894
1782430351.989261150,3.222479316,6.206034021,5.540187890
1782430351.990261793,3.346467178,6.267365726,5.561647010
1782430351.992094755,3.362579420,6.301419197,5.540596402
1782430351.993546486,3.391944634,6.316464310,5.538954342
1782430351.995296955,3.422469689,6.343931707,5.530912601
1782430352.001835585,3.448843981,6.352914054,5.524869864
1782430352.004188776,3.585549798,6.384322545,5.481234779
1782430352.005276203,3.617710686,6.417787271,5.473449816
1782430352.007218599,3.641432182,6.430516599,5.451937834
1782430352.008516073,3.679183855,6.462415688,5.446406404
1782430352.014585018,3.694928733,6.497771411,5.438364423
1782430352.015423536,3.844645700,6.606477598,5.410369748
1782430352.016827106,3.869087944,6.640916048,5.398267594
1782430352.019471645,3.882628472,6.690822144,5.380108071
1782430352.020316601,3.920798223,6.714649503,5.357996877
1782430352.026795149,3.930079985,6.747350595,5.345543150
1782430352.029143572,3.982034267,6.798370863,5.307466270
1782430352.030248404,3.990366720,6.808219008,5.282336879
1782430352.032162428,3.985457614,6.816188424,5.279013960
1782430352.033710003,3.977120202,6.828702369,5.251823245
1782430352.036779404,3.974150296,6.815867198,5.256592507
1782430352.037549496,3.978558807,6.793291241,5.240102949
1782430352.039627075,3.973533535,6.775350422,5.234048378
1782430352.040560007,3.977138064,6.778203021,5.218782551
1782430352.041923523,3.955318802,6.766702495,5.207931679
1782430352.043560982,3.942256940,6.761715939,5.193220022
1782430352.045341969,3.930605554,6.762818453,5.176142240
1782430352.051824808,3.924926979,6.743150315,5.160967276
1782430352.054107904,3.910438531,6.676671905,5.115782297
1782430352.055200100,3.914510181,6.644429835,5.097585480
1782430352.057199240,3.903483068,6.614227569,5.067032028
1782430352.058517218,3.899564449,6.593554740,5.037346781
1782430352.064601421,3.875377225,6.554616787,5.033682399
1782430352.065454483,3.800371908,6.320717301,4.912725703
1782430352.067000866,3.764160341,6.260372070,4.888132784
1782430352.069471121,3.738635487,6.198657319,4.864876723
1782430352.070304394,3.717285578,6.124017370,4.834364670
1782430352.076854229,3.684226551,6.061243195,4.807217476
1782430352.079052448,3.601596809,5.839495054,4.719516814
1782430352.080375910,3.583294315,5.751074562,4.688120771
1782430352.082137823,3.550207219,5.688523025,4.655670200
1782430352.083697319,3.519396537,5.609802532,4.626058072
1782430352.089610815,3.499435403,5.526385011,4.583560707
1782430352.090464592,3.404620059,5.224056192,4.398308756
1782430352.092007875,3.372338190,5.147760508,4.355679357
1782430352.094458103,3.337238624,5.070691030,4.317430397
1782430352.095308304,3.308825655,4.999579588,4.275194197
1782430352.100235224,3.269000202,4.926581276,4.236542266
1782430352.101869106,3.209858514,4.789175185,4.152015957
1782430352.103554010,3.164800190,4.725621184,4.121311047
1782430352.105232477,3.129540090,4.649950343,4.094376940
1782430352.107172489,3.098558582,4.589296974,4.052362278
1782430352.108500004,3.064397167,4.515822977,4.014268039
1782430352.114579439,3.024250530,4.447948702,3.982739947
1782430352.115433693,2.902378313,4.192293348,3.818329887
1782430352.116868973,2.860933412,4.128779456,3.792411551
1782430352.118580580,2.816217577,4.058207712,3.771477735
1782430352.120391607,2.766054351,3.990225984,3.750710629
1782430352.126825333,2.738923278,3.923948184,3.716928739
1782430352.129055738,2.633377515,3.735422894,3.631008313
1782430352.130383253,2.613119368,3.665107548,3.606451544
1782430352.132099390,2.562169774,3.612914680,3.591650131
1782430352.133694649,2.515841647,3.534165149,3.582477551
1782430352.139671803,2.490639417,3.481091833,3.556143647
1782430352.140640974,2.383822344,3.233190544,3.433593486
1782430352.142049313,2.342927359,3.181051356,3.413877959
1782430352.143601894,2.293031408,3.125273727,3.396918451
1782430352.145357370,2.260611389,3.060770961,3.387301245
1782430352.146953821,2.231274668,3.022322185,3.359381645
1782430352.151838779,2.196387827,2.974895843,3.326156059
1782430352.154037714,2.127781969,2.884578960,3.296051400
1782430352.155341625,2.097452613,2.832429946,3.271206041
1782430352.157212496,2.069088562,2.792323137,3.269644051
1782430352.158520222,2.041382238,2.758721360,3.251302027
1782430352.162340641,2.010287868,2.716876475,3.243327654
1782430352.164538383,1.966308876,2.658221335,3.204769129
1782430352.165387630,1.936417593,2.592529050,3.186795669
1782430352.167028427,1.908415463,2.554257810,3.187055071
1782430352.169458151,1.888997689,2.524429688,3.181117067
1782430352.170308113,1.862053088,2.498155170,3.172225644
1782430352.176807404,1.832767278,2.473803882,3.177218932
1782430352.179093599,1.765985869,2.409295392,3.176546348
1782430352.180219173,1.754485417,2.388300560,3.169506787
1782430352.182167292,1.727762999,2.367918823,3.167344603
1782430352.183718204,1.712218357,2.338667938,3.166928451
1782430352.189609051,1.702878283,2.328688672,3.165327719
1782430352.190454006,1.633508902,2.266948480,3.152498764
1782430352.191862583,1.620209742,2.244921284,3.143215723
1782430352.193515778,1.608682901,2.217887472,3.141401304
1782430352.195363760,1.591881096,2.197921172,3.136999262
1782430352.201804399,1.577414785,2.185083462,3.130807716
1782430352.204048634,1.549971741,2.138694699,3.104648730
1782430352.205338955,1.574875976,2.138733647,3.080259985
1782430352.207218170,1.564319516,2.115883501,3.076333313
1782430352.208523750,1.567902149,2.100627807,3.101174541
1782430352.214597702,1.569101069,2.116437812,3.117893392
1782430352.215470552,1.472128407,2.095991600,3.221308996
1782430352.217025995,1.453596247,2.072447128,3.248436806
1782430352.219296217,1.446953089,2.072362647,3.262595002
1782430352.220386982,1.431741327,2.035929062,3.281260534
1782430352.224907398,1.433521831,2.022136255,3.296063776
1782430352.225656986,1.422368290,2.002269332,3.311351709
1782430352.226889133,1.436296245,1.976495381,3.332619013
1782430352.229011774,1.442861022,1.986940560,3.330757328
1782430352.230313063,1.450542601,1.959028409,3.359448727
1782430352.238447428,1.469388434,1.977215777,3.361677890
1782430352.239290476,1.503293238,2.003121978,3.426446728
1782430352.240405798,1.507060607,2.016582981,3.430162598
1782430352.241954088,1.528952680,2.022703374,3.444470283
1782430352.248085260,1.529634972,2.051133384,3.448907928
1782430352.248944283,1.540474767,2.076048061,3.480736668
1782430352.250264168,1.543511112,2.091204648,3.488241192
1782430352.251921415,1.558115497,2.086687819,3.504067580
1782430352.253695011,1.556795083,2.087333371,3.520991328
1782430352.255977869,1.557751068,2.093335844,3.530572171
1782430352.256839991,1.566079490,2.102553890,3.544196215
1782430352.260246754,1.570232699,2.109248207,3.552897540
1782430352.261937380,1.571634123,2.116037771,3.573778812
1782430352.263585806,1.575642705,2.093108646,3.592621603
1782430352.265537262,1.575926466,2.103954708,3.603579708
1782430352.266846418,1.568832492,2.098797938,3.625761412
1782430352.271619081,1.579968449,2.097364823,3.631624211
1782430352.272288799,0.000000000,0.000000000,0.000000000
1782430352.273589611,1.583030167,2.092498556,3.667116354
1782430352.275404692,1.583851773,2.088710687,3.679885789
1782430352.276881456,1.589319332,2.091911520,3.688018787
1782430352.278707504,1.593041696,2.074869046,3.702882378
1782430352.285255194,1.602253994,2.079548011,3.708371614
1782430352.286838055,1.628884477,2.074705693,3.727887313
1782430352.288511753,1.639520934,2.061739281,3.738808456
1782430352.290591002,1.649889112,2.068535134,3.742505510
1782430352.291915417,1.642940631,2.055281279,3.745890233
1782430352.298001289,1.663064412,2.058695737,3.758404594
1782430352.298844814,1.663946587,2.071217299,3.798140332
1782430352.300176382,1.662211637,2.083461442,3.809268873
1782430352.302594185,1.666155261,2.085709744,3.827459075
1782430352.303528786,1.670625993,2.110787487,3.838363741
1782430352.305219173,1.675630733,2.118831842,3.856213165
1782430352.310250521,1.687675407,2.144677072,3.875291876
1782430352.311909437,1.701127056,2.204236684,3.927107086
1782430352.313572645,1.711123778,2.230715966,3.958847696
1782430352.315598488,1.710722855,2.271304993,3.983005709
1782430352.316904545,1.719585410,2.301404229,4.007766061
1782430352.323013306,1.742431208,2.337124558,4.035487700
1782430352.323918104,1.787636324,2.492027759,4.165595968
1782430352.325258970,1.799514529,2.529311466,4.189932068
1782430352.326913118,1.815049729,2.571018977,4.232290139
1782430352.328682423,1.815359807,2.621940324,4.265906000
1782430352.333688259,1.820492701,2.654599465,4.310929737
1782430352.335241556,1.831491881,2.738323961,4.392810493
1782430352.336880445,1.833672290,2.771772868,4.425051666
1782430352.338532209,1.838109219,2.819918059,4.463194737
1782430352.340524673,1.834640578,2.855990794,4.499678168
1782430352.341883659,1.839020166,2.897375982,4.544787521
1782430352.347862482,1.844057773,2.936405042,4.578210969
1782430352.348709583,1.849389006,3.092301177,4.729472977
1782430352.350356817,1.845252523,3.132231219,4.752727708
1782430352.352839470,1.856873954,3.166667673,4.776384246
1782430352.353695393,1.848128811,3.213661742,4.802162873
1782430352.360270500,1.850083907,3.238838055,4.821786787
1782430352.361933708,1.843594716,3.333088999,4.875909054
1782430352.363585711,1.845804104,3.367613647,4.886795945
1782430352.365479946,1.839397313,3.388500755,4.899931652
1782430352.366894722,1.825781634,3.419240204,4.905084935
1782430352.372892380,1.832039982,3.438395343,4.913806504
1782430352.373770475,1.785281360,3.500381551,4.925453608
1782430352.375341177,1.769105259,3.528153795,4.914208068
1782430352.377855062,1.760890691,3.531723187,4.904894294
1782430352.378705502,1.746806440,3.555789196,4.897497614
1782430352.385283709,1.732920008,3.561816261,4.892691530
1782430352.386914492,1.695228145,3.614625245,4.885599033
1782430352.388579130,1.689861547,3.632774434,4.880894054
1782430352.390486717,1.668875890,3.636526971,4.872277247
1782430352.392026424,1.645085841,3.649324383,4.859042725
1782430352.395364285,1.635529702,3.641099781,4.851833950
1782430352.397896051,1.589480596,3.622778437,4.827631870
1782430352.398898602,1.549804121,3.600825677,4.798451306
1782430352.400371075,1.531195343,3.591043033,4.782433475
1782430352.401947498,1.511514710,3.578168328,4.760705231
1782430352.403729200,1.493478539,3.575310507,4.738589258
1782430352.410252571,1.469761222,3.554116322,4.725402424
1782430352.411934614,1.431752144,3.499043977,4.678807178
1782430352.413610697,1.424235140,3.476173218,4.657065909
1782430352.415558577,1.418083947,3.456407987,4.642913897
1782430352.416886091,1.398899460,3.439151624,4.617298633
1782430352.422993898,1.391610738,3.414665800,4.609561769
1782430352.423834324,1.353744600,3.316835503,4.512491800
1782430352.425250769,1.340618199,3.300625669,4.490460527
1782430352.426913261,1.335339351,3.282951061,4.474433714
1782430352.428704739,1.328382378,3.278286192,4.469743846
1782430352.435276270,1.306806925,3.254247659,4.458657544
1782430352.436844349,1.291592018,3.207509606,4.436513092
1782430352.438591480,1.295945876,3.195978622,4.428751937
1782430352.440553904,1.295316629,3.189790107,4.427103240
1782430352.441874743,1.289513766,3.180126641,4.415771969
1782430352.447969675,1.293281989,3.167880808,4.413267113
1782430352.448809385,1.273111605,3.132822978,4.389675587
1782430352.450380087,1.267983485,3.120418667,4.386427129
1782430352.452836514,1.267882412,3.112195930,4.383725558
1782430352.453694105,1.260670127,3.111850272,4.371529236
1782430352.456690311,1.255577749,3.102405132,4.369446514
1782430352.457428694,1.262100953,3.092636847,4.374997318
1782430352.460256815,1.260900519,3.086557067,4.371823221
1782430352.461926699,1.255296264,3.088325519,4.369503080
1782430352.463677645,1.261319925,3.080303779,4.362664012
1782430352.465536118,1.261962105,3.083094563,4.367638467
1782430352.466888666,1.253333699,3.085905126,4.365676527
1782430352.472664118,1.259315632,3.078554862,4.356754678
1782430352.473686218,1.251031115,3.077663062,4.345589677
1782430352.475244999,1.245718478,3.081614476,4.336480269
1782430352.476860523,1.245260481,3.083185792,4.330747130
1782430352.478509188,1.254265613,3.082345106,4.326082337
1782430352.485260248,1.252136234,3.086048389,4.311653426
1782430352.486998081,1.236435761,3.055945914,4.287423060
1782430352.488706827,1.244778786,3.054720892,4.272985150
1782430352.496819019,1.238901960,3.049137054,4.259453960
1782430352.499074697,1.237502406,2.998672031,4.199725877
1782430352.500382185,1.225539248,2.990271809,4.187997164
1782430352.503848314,1.233271502,2.978122671,4.176987779
1782430352.506453514,1.219197240,2.962160300,4.166924570
1782430352.507316828,1.226330722,2.953623144,4.169322591
1782430352.508649349,1.223907267,2.956063290,4.154677634
1782430352.510261059,1.233533970,2.961059025,4.153658031
1782430352.512029886,1.241577485,2.970924470,4.150320088
1782430352.518611670,1.234342858,2.972834491,4.151819319
1782430352.520273209,1.247368655,2.987037256,4.161212147
1782430352.521935225,1.257197758,3.000862545,4.162938690
1782430352.523967981,1.264257566,3.000541079,4.176396894
1782430352.525327682,1.268726350,3.011971763,4.192400619
1782430352.531221628,1.279293640,3.028725720,4.194011084
1782430352.532063246,1.329658081,3.063158050,4.258092530
1782430352.533701897,1.355941559,3.085976739,4.267699135
1782430352.536139488,1.370104327,3.110740694,4.271132996
1782430352.536981106,1.385810721,3.121463945,4.289854497
1782430352.543455124,1.411028061,3.141733907,4.299645355
1782430352.545709848,1.454368677,3.200513083,4.345016623
1782430352.547032833,1.455107594,3.218519293,4.355376931
1782430352.550766945,1.476697908,3.239563902,4.371950000
1782430352.555212021,1.507790330,3.280730424,4.416548296
1782430352.556980610,1.566231950,3.367679554,4.465238869
1782430352.558665276,1.585359849,3.409140811,4.482785672
1782430352.564692497,1.603400146,3.434718796,4.510561862
1782430352.565542698,1.685343335,3.590529484,4.602803897
1782430352.566855669,1.713530312,3.648659980,4.618026136
1782430352.568498850,1.737473278,3.697890333,4.630389295
1782430352.570190668,1.768170925,3.749920046,4.660199626
1782430352.576957703,1.796273413,3.805338015,4.671226785
1782430352.578503609,1.870405107,3.954680478,4.743565908
1782430352.580167532,1.897757997,4.010910918,4.761964754
1782430352.582008600,1.919630999,4.059002649,4.795182272
1782430352.583738327,1.953197287,4.132595966,4.808595520
1782430352.589420319,1.978812896,4.189682908,4.840836963
1782430352.590262175,2.144730954,4.469002973,4.992796337
1782430352.591921568,2.203340875,4.565576130,5.015913500
1782430352.594458342,2.253956798,4.653362253,5.052826583
1782430352.595309734,2.313103616,4.738985204,5.083725112
1782430352.601880789,2.375790394,4.826520745,5.116344603
1782430352.603528261,2.557208713,5.080306376,5.200987005
1782430352.605198383,2.605444543,5.170478876,5.204670510
1782430352.607177734,2.670139768,5.237254658,5.241683717
1782430352.608727694,2.724081282,5.327302443,5.252056562
1782430352.612521410,2.776305008,5.381770813,5.275198744
1782430352.614477158,2.879284428,5.470307891,5.322837447
1782430352.615326166,2.964993974,5.565773294,5.348697490
1782430352.616880178,2.997629971,5.627128931,5.341289545
1782430352.619496584,3.018324553,5.661362824,5.347302880
1782430352.620356798,3.054554916,5.707071550,5.341123257
1782430352.626857996,3.074777809,5.734453469,5.353219479
1782430352.628530741,3.148815205,5.822731714,5.370331155
1782430352.630216122,3.151729511,5.878492236,5.358483254
1782430352.632133722,3.182146142,5.890163102,5.367601172
1782430352.633719206,3.190730752,5.939992138,5.356961700
1782430352.639458418,3.219794216,5.950697109,5.354080891
1782430352.640300274,3.330232234,6.020817338,5.342385483
1782430352.641947746,3.315006887,6.067737039,5.312917682
1782430352.644448280,3.318422240,6.087073210,5.325347296
1782430352.645311594,3.376993726,6.150278614,5.298740219
1782430352.651760101,3.385592251,6.175623016,5.308255267
1782430352.652617931,3.505471731,6.264941366,5.273466446
1782430352.653702021,3.547788417,6.292326316,5.276121506
1782430352.655236721,3.561396792,6.342069314,5.264620181
1782430352.657173395,3.563710359,6.380787177,5.270661043
1782430352.658507586,3.604089527,6.425328246,5.242357820
1782430352.664587975,3.609657493,6.452503195,5.255604628
1782430352.665448904,3.686884124,6.494370775,5.208864401
1782430352.666861773,3.666829677,6.513368762,5.214121756
1782430352.668533802,3.638955235,6.525441549,5.206122382
1782430352.670238018,3.652887764,6.536429470,5.188772306
1782430352.673739672,3.625857887,6.538117107,5.208364103
1782430352.676960707,3.637305713,6.530745440,5.201259377
1782430352.678510189,3.629411862,6.545145888,5.200560565
1782430352.680261374,3.609194058,6.553056803,5.200933024
1782430352.682164907,3.617837058,6.552703831,5.196143776
1782430352.683700085,3.609397929,6.546218457,5.203448521
1782430352.689201117,3.618801372,6.548450096,5.196258067
1782430352.690330982,3.650923813,6.505356383,5.153838961
1782430352.692036629,3.639437739,6.487998600,5.161196824
1782430352.694532633,3.608897007,6.475125696,5.161432133
1782430352.695403099,3.610331804,6.411962416,5.141097365
1782430352.696833134,3.574171727,6.391465462,5.145526385
1782430352.701886654,3.562787754,6.355088273,5.125127996
1782430352.703541040,3.526250699,6.281387240,5.127500165
1782430352.705314636,3.483318178,6.242327249,5.135546655
1782430352.707194567,3.476941576,6.207532691,5.124449621
1782430352.708542347,3.469883174,6.158032452,5.129662620
1782430352.714460135,3.432690451,6.135408995,5.126292060
1782430352.715298653,3.420447948,6.018298943,5.090975877
1782430352.716944695,3.403164016,5.962509976,5.101012572
1782430352.719537020,3.372415864,5.921251205,5.088357298
1782430352.720415592,3.359598203,5.817607073,5.059926196
1782430352.721854925,3.328713717,5.775380084,5.049389716
1782430352.726963282,3.310259229,5.725985423,5.017455016
1782430352.728514433,3.266136031,5.599100657,4.992821604
1782430352.730163574,3.234978604,5.535367909,4.985201673
1782430352.732270241,3.221840210,5.477205949,4.957945198
1782430352.733582258,3.214340442,5.409098547,4.946189402
1782430352.735269308,3.180475744,5.368322632,4.924880080
1782430352.739495516,3.168883912,5.319274227,4.903060718
1782430352.740333557,3.150998924,5.230047763,4.871021804
1782430352.742048025,3.135022039,5.172520690,4.863044238
1782430352.744512320,3.106282105,5.143655580,4.847895250
1782430352.745352745,3.084501090,5.053054608,4.813094359
1782430352.751201868,3.064721919,5.024498271,4.797421459
1782430352.751967430,3.024207574,4.942236178,4.745613009
1782430352.753676176,2.997472893,4.895012989,4.732802274
1782430352.755223513,2.982778522,4.851236477,4.713920239
1782430352.757192850,2.953911436,4.813184004,4.693211507
1782430352.758539915,2.938941917,4.766798440,4.668961083
1782430352.764520407,2.899202300,4.730361949,4.646375415
1782430352.765380859,2.811086105,4.576899601,4.532008096
1782430352.766928911,2.765025298,4.530986546,4.503018563
1782430352.769543171,2.723520720,4.494739797,4.466057637
1782430352.770384073,2.702143654,4.437669222,4.445751789
1782430352.776956558,2.654594174,4.409954045,4.404452718
1782430352.778524399,2.546970909,4.267389759,4.305504602
1782430352.780189514,2.499366189,4.213489639,4.274393511
1782430352.782239914,2.475578682,4.168025386,4.250039402
1782430352.783563137,2.435947989,4.110984550,4.217954753
1782430352.789438009,2.386081726,4.063947212,4.187190996
1782430352.790310144,2.256961428,3.844802948,4.076221726
1782430352.791962385,2.194023501,3.786926981,4.050532681
1782430352.794441223,2.142411686,3.735204522,4.026882324
1782430352.795321465,2.108968567,3.664649967,4.007872954
1782430352.801851749,2.050114764,3.617588146,3.981496158
1782430352.803557158,1.911101939,3.437573994,3.892475565
1782430352.805234194,1.858545247,3.375284313,3.863064788
1782430352.807263136,1.822588292,3.320761799,3.831084308
1782430352.808693886,1.784978856,3.260261291,3.797496725
1782430352.812514544,1.737402897,3.203284245,3.763733852
1782430352.814571857,1.668326081,3.102177932,3.690778862
1782430352.815429449,1.597961342,2.977825132,3.628221591
1782430352.816856146,1.550288346,2.935932619,3.584060474
1782430352.818518400,1.507437795,2.878090823,3.559148013
1782430352.820352793,1.467815464,2.825151065,3.528839101
1782430352.826839685,1.428832317,2.781709864,3.496988334
1782430352.828550100,1.322867702,2.637562046,3.408262453
1782430352.830215693,1.298011018,2.595322442,3.385005687
1782430352.832274914,1.262437460,2.559863566,3.358732715
1782430352.833585739,1.233154530,2.509097668,3.331076379
1782430352.839540005,1.207983675,2.477343121,3.306591353
1782430352.840380907,1.101579310,2.353844372,3.215539538
1782430352.842041492,1.074307546,2.329007600,3.198361923
1782430352.844451189,1.054063176,2.299536130,3.176474669
1782430352.845299482,1.024940231,2.277882634,3.157321113
1782430352.851837158,1.009980561,2.255092917,3.130433552
1782430352.854130507,0.945173058,2.187930327,3.090837575
1782430352.855241060,0.919215455,2.165285267,3.071952678
1782430352.857225180,0.899830653,2.151188753,3.053143017
1782430352.858549833,0.885861460,2.121013692,3.036565226
1782430352.864576578,0.859734385,2.107491265,3.015233690
1782430352.865420818,0.788923213,2.017932580,2.944013022
1782430352.866827965,0.774094221,1.994461730,2.921634701
1782430352.869472980,0.763065630,1.976491605,2.907027503
1782430352.870332241,0.740931643,1.959579420,2.889757165
1782430352.874412060,0.730408524,1.939082815,2.869760904
1782430352.875071287,0.000000000,0.000000000,0.000000000
1782430352.877120018,0.699591975,1.903889643,2.838206136
1782430352.878594160,0.685872609,1.889535339,2.823717624
1782430352.880300045,0.676737206,1.873790839,2.813619818
1782430352.882225752,0.664011620,1.867829790,2.804029749
1782430352.883575916,0.654289415,1.855978470,2.800042154
1782430352.889552593,0.642471799,1.845372721,2.784382947
1782430352.890449286,0.614191156,1.821669993,2.776753970
1782430352.892023802,0.618825544,1.817554902,2.780931626
1782430352.893513680,0.628473710,1.806923074,2.768501967
1782430352.895390511,0.621289161,1.815850810,2.760465973
1782430352.901815891,0.618486019,1.804539538,2.766501641
1782430352.904193401,0.607556659,1.806484373,2.789703121
1782430352.905295134,0.603680553,1.810897591,2.797435697
1782430352.907269001,0.598926635,1.811419476,2.801644410
1782430352.908735752,0.599352790,1.801235052,2.807487044
1782430352.914476633,0.598333568,1.807533591,2.809868258
1782430352.915381670,0.592088693,1.795825380,2.811020346
1782430352.916972637,0.595950657,1.797452599,2.812440124
1782430352.919514418,0.598146841,1.789598530,2.811084145
1782430352.920354128,0.595832893,1.786175886,2.803313058
1782430352.922400236,0.606612718,1.786281630,2.804404145
1782430352.926984787,0.604423194,1.785797595,2.801046690
1782430352.928553104,0.610248474,1.785187279,2.802333773
1782430352.930244684,0.605346874,1.789108756,2.794901864
1782430352.932138681,0.609143290,1.781632077,2.798797836
1782430352.933696032,0.606078304,1.790753707,2.796633287
1782430352.938017607,0.597353694,1.786395422,2.796488388
1782430352.938793659,0.589331493,1.777699254,2.785823125
1782430352.940255880,0.583801183,1.772367717,2.778269590
1782430352.942099094,0.585688976,1.772013333,2.774008629
1782430352.943541527,0.574838804,1.773883078,2.765677799
1782430352.945209026,0.569309214,1.767554037,2.761169659
1782430352.951941013,0.565883995,1.766070177,2.761688813
1782430352.953507662,0.547992061,1.767521315,2.735724926
1782430352.955257893,0.534760558,1.767039083,2.714398874
1782430352.963556290,0.532319404,1.766732021,2.711177269
1782430352.965221643,0.500992636,1.770379785,2.654023261
1782430352.966877937,0.506815982,1.776457431,2.647231181
1782430352.969264746,0.496469919,1.780307252,2.632445661
1782430352.973276854,0.496656082,1.777286029,2.632219602
1782430352.974145412,0.480825940,1.786760103,2.619863824
1782430352.975230694,0.486126756,1.795583847,2.626077602
1782430352.977019787,0.487338011,1.816920786,2.613961340
1782430352.978552818,0.491257162,1.811735134,2.610627841
1782430352.984662533,0.500082046,1.826959617,2.609468664
1782430352.985385656,0.504914379,1.849923477,2.632655202
1782430352.986934185,0.507233206,1.875134306,2.629420645
1782430352.988583088,0.516421604,1.882194084,2.633609063
1782430352.996821404,0.523200224,1.905592740,2.650263225
1782430352.999094725,0.554571886,1.994608416,2.713946971
1782430353.000186205,0.566326249,2.010450996,2.734633466
1782430353.006396294,0.585863140,2.046470298,2.758128340
1782430353.007238388,0.648801827,2.158770845,2.887601012
1782430353.008556366,0.666644298,2.187425475,2.924968700
1782430353.010221958,0.695483582,2.234223667,2.951342044
1782430353.012060404,0.716046305,2.285968429,2.987581608
1782430353.014712334,0.742771664,2.318701101,3.031364637
1782430353.015467644,0.764817164,2.365088772,3.073764188
1782430353.018487215,0.790023929,2.406064556,3.111763277
1782430353.020220995,0.822128807,2.453433246,3.149145719
1782430353.021895647,0.854064507,2.501870564,3.191597377
1782430353.023842812,0.880814721,2.562230707,3.234216872
1782430353.025172472,0.919247325,2.602113930,3.278682398
1782430353.030186176,0.959719744,2.664336040,3.322588231
1782430353.031858444,1.066179951,2.822474231,3.446127331
1782430353.033660889,1.106190338,2.873450832,3.472337434
1782430353.036178112,1.152226592,2.934085868,3.510583107
1782430353.037010193,1.188432782,2.999179324,3.543633682
1782430353.043414831,1.238838314,3.050598825,3.587153410
1782430353.044271946,1.395929196,3.296392509,3.731838855
1782430353.045353889,1.437153130,3.349101237,3.771355753
1782430353.046884537,1.489461135,3.405999534,3.797658868
1782430353.055221796,1.531901344,3.469100642,3.825844945
1782430353.056856394,1.702829098,3.671838133,3.971821087
1782430353.058493137,1.754260378,3.731636494,4.000269655
1782430353.062250137,1.795271915,3.785954999,4.036581605
1782430353.064707756,1.894506566,3.897448563,4.119611307
1782430353.065582514,1.979945691,4.023856573,4.187065335
1782430353.066899061,2.039337208,4.068989952,4.225083370
1782430353.068539858,2.089666860,4.131327198,4.257455238
1782430353.070176363,2.142535815,4.193286413,4.281905611
1782430353.076967478,2.198875851,4.238439787,4.319989750
1782430353.078526974,2.347788198,4.379730735,4.409680027
1782430353.080205202,2.386295799,4.435272021,4.433704064
1782430353.082239389,2.428447449,4.467746899,4.469967899
1782430353.083565474,2.469665659,4.514563645,4.498633451
1782430353.089580059,2.498193118,4.544413275,4.533768388
1782430353.090417862,2.610076758,4.663705046,4.645410357
1782430353.091836691,2.640279242,4.696301779,4.671211222
1782430353.093521118,2.652451100,4.731406310,4.678792635
1782430353.095370054,2.686231044,4.758403387,4.697909099
1782430353.101926088,2.721371760,4.791216151,4.708026933
1782430353.103580713,2.822672479,4.876549137,4.729366474
1782430353.105232716,2.841002241,4.915534285,4.724856916
1782430353.107255220,2.881292001,4.933007999,4.732348270
1782430353.108568192,2.915054958,4.964065095,4.729217380
1782430353.114615202,2.928099341,4.993279619,4.738582821
1782430353.115464211,3.055053653,5.073721705,4.771631307
1782430353.117020130,3.069617475,5.105099817,4.785198640
1782430353.119564533,3.079191757,5.136213479,4.801924901
1782430353.120426178,3.118047164,5.159402333,4.803836950
1782430353.121840715,3.121252725,5.183925827,4.819705227
1782430353.124247074,3.148467171,5.209239691,4.830783298
1782430353.126977921,3.181546865,5.226104164,4.844869999
1782430353.128732204,3.185742208,5.268699536,4.846126833
1782430353.130226612,3.215560919,5.292711998,4.850794130
1782430353.132238388,3.225588852,5.319545699,4.865225414
1782430353.133567095,3.243297760,5.344091229,4.858586212
1782430353.139573812,3.249327629,5.364217779,4.870625450
1782430353.140432835,3.350155932,5.424536152,4.879654858
1782430353.141855955,3.341337748,5.440882381,4.880964263
1782430353.143512964,3.337539711,5.458265416,4.874122714
1782430353.145379305,3.340494203,5.479786731,4.871814893
1782430353.151966333,3.348602530,5.483021117,4.863863748
1782430353.153523684,3.337167484,5.493538850,4.831536728
1782430353.155165195,3.322245904,5.487180258,4.821062776
1782430353.157232285,3.324551518,5.485152694,4.811820544
1782430353.158539057,3.315830269,5.482005465,4.790435533
1782430353.164572239,3.292818478,5.469839699,4.789912875
1782430353.165412664,3.265738579,5.423206481,4.763977500
1782430353.166826010,3.243615604,5.410325336,4.762694665
1782430353.169512510,3.226504483,5.396571316,4.761360244
1782430353.170367718,3.217936442,5.386594389,4.756002625
1782430353.176964045,3.192243444,5.356101934,4.748460117
1782430353.178550959,3.151320831,5.276931378,4.721200650
1782430353.180224180,3.130739912,5.238840266,4.713419758
1782430353.182238102,3.115939923,5.197963224,4.696350800
1782430353.183543444,3.091269863,5.162859305,4.674235224
1782430353.185302019,3.063509064,5.115155800,4.660411771
1782430353.189604759,3.047500518,5.063831207,4.634798446
1782430353.190470934,2.996821374,4.921142049,4.554741874
1782430353.192018986,2.961575290,4.877327700,4.536740591
1782430353.194541931,2.935685640,4.829043202,4.503235278
1782430353.195386171,2.920254079,4.783293528,4.483314808
1782430353.200340509,2.888825547,4.734920044,4.451891931
1782430353.201887846,2.860731936,4.643736540,4.390233579
1782430353.203595400,2.831949408,4.602856677,4.361054112
1782430353.205254078,2.809420661,4.556955443,4.343906013
1782430353.207271576,2.798938657,4.506759022,4.318292456
1782430353.208582401,2.775389828,4.470587941,4.288099739
1782430353.214550018,2.741462206,4.423543976,4.264942818
1782430353.215401649,2.668908740,4.272646021,4.169803152
1782430353.216827154,2.639797428,4.229823015,4.149714938
1782430353.219372034,2.620631329,4.183996113,4.128705416
1782430353.220230818,2.599311575,4.157026490,4.113839495
1782430353.226680279,2.570616316,4.116629112,4.098329004
1782430353.227552414,2.527977917,4.024537056,4.044852735
1782430353.228637695,2.519985615,3.996304778,4.027432348
1782430353.230209827,2.491802535,3.964142389,4.013331200
1782430353.243729830,2.465727266,3.919732166,4.005949451
1782430353.245349169,2.346917279,3.671219685,3.857595164
1782430353.247015715,2.320004103,3.635163619,3.844278745
1782430353.248915911,2.307392487,3.594533953,3.814526134
1782430353.250242233,2.288525694,3.560424487,3.796252094
1782430353.256217718,2.250849034,3.514380427,3.769382347
1782430353.257075310,2.180984555,3.396643578,3.691381360
1782430353.258618355,2.157484168,3.344453141,3.680052183
1782430353.261180639,2.116312903,3.303418904,3.654205600
1782430353.262043953,2.066592414,3.215464431,3.598354884
1782430353.268463612,2.033084098,3.182527655,3.581465704
1782430353.270759106,1.954518549,3.062656182,3.516117525
1782430353.271857738,1.934165043,3.015079275,3.488008318
1782430353.276765108,1.907397993,2.973113835,3.468421766
1782430353.277501583,1.833882458,2.859595743,3.387953683
1782430353.280240297,1.803722999,2.825576146,3.357215675
1782430353.281885386,1.774601207,2.761280564,3.348292479
1782430353.283539772,1.749744856,2.722721727,3.326840688
1782430353.289758205,1.719284650,2.690174385,3.303582676
1782430353.290604115,1.623551097,2.547810238,3.224931626
1782430353.291976690,1.602153392,2.519564990,3.218449969
1782430353.293529987,1.571179914,2.477346769,3.207928914
1782430353.295373201,1.554590163,2.442649286,3.199885793
1782430353.301791191,1.530615187,2.413780448,3.191626695
1782430353.304053545,1.463635725,2.327019739,3.160612595
1782430353.305173397,1.436292066,2.294742682,3.150744424
1782430353.306948185,1.418577239,2.264169840,3.137836732
1782430353.313604116,1.392157267,2.247466429,3.122439309
1782430353.315263748,1.299369365,2.159954902,3.064975741
1782430353.316918612,1.288872562,2.139000324,3.059988674
1782430353.322980642,1.261891663,2.139065524,3.051485316
1782430353.323714256,1.193367296,2.122498329,3.013225077
1782430353.325270891,1.189313223,2.119294573,3.015554866
1782430353.326941013,1.173797881,2.123742663,3.006383302
1782430353.328515053,1.155303965,2.124306225,3.002675964
1782430353.335218430,1.148604963,2.133182493,3.004771343
1782430353.336885929,1.101789471,2.151886080,3.005563169
1782430353.338636160,1.079159175,2.164597017,3.005691583
1782430353.340488911,1.061904556,2.166543914,3.013775273
1782430353.341833115,1.045131053,2.170091389,3.024744013
1782430353.347841263,1.030897078,2.188518807,3.021758938
1782430353.348682404,0.985962445,2.248708501,3.075715573
1782430353.350369692,0.982645790,2.265491291,3.092092976
1782430353.352849722,0.973256019,2.286902467,3.102532992
1782430353.353682995,0.956328014,2.298809049,3.123683473
1782430353.360214949,0.950722494,2.314837660,3.134030102
1782430353.361870766,0.921947817,2.352999033,3.173030756
1782430353.363510370,0.903611995,2.368715094,3.180211798
1782430353.369276047,0.894334006,2.375183811,3.194543104
1782430353.371848106,0.872802268,2.393581832,3.244211096
1782430353.373578072,0.855542721,2.410725626,3.262181529
1782430353.375244856,0.852209031,2.414194704,3.271138846
1782430353.381470680,0.849058100,2.424440489,3.283270806
1782430353.382318735,0.811202011,2.428319146,3.307570395
1782430353.383636475,0.815715458,2.435557216,3.310452295
1782430353.385266304,0.805641510,2.438319895,3.308125493
1782430353.387040615,0.794760918,2.446097569,3.293478743
1782430353.393599749,0.791817141,2.438488040,3.298178978
1782430353.395261049,0.771377755,2.416257002,3.280558110
1782430353.396924734,0.767088605,2.415644356,3.267903374
1782430353.398889780,0.751480496,2.409653851,3.257809179
1782430353.400236607,0.745991765,2.392250610,3.253153382
1782430353.406229019,0.747749208,2.391844087,3.243538312
1782430353.407076359,0.705549488,2.344795717,3.211782058
1782430353.408689737,0.705555345,2.339036067,3.205269870
1782430353.411219120,0.695040994,2.335041416,3.196196729
1782430353.412080050,0.677610676,2.324470461,3.181014935
1782430353.413495541,0.683314299,2.324914748,3.185677252
1782430353.416322708,0.670898185,2.321981074,3.186327372
1782430353.417058706,0.661879210,2.306657365,3.183925898
1782430353.418553114,0.658443454,2.303828500,3.187006830
1782430353.420225382,0.655703502,2.312909097,3.186783127
1782430353.421892405,0.660966294,2.311530634,3.180951210
1782430353.423872709,0.665875846,2.316058754,3.189553571
1782430353.425199747,0.667360694,2.318512083,3.184278973
1782430353.431223392,0.672924952,2.320041182,3.189515147
1782430353.432073355,0.688124485,2.332859022,3.202547201
1782430353.433720350,0.695929501,2.345707187,3.204561497
1782430353.436186790,0.696422215,2.351258387,3.198213009
1782430353.437045097,0.701342582,2.355579975,3.197100503
1782430353.443384647,0.709372028,2.356220403,3.193851199
1782430353.444233418,0.727111362,2.374474114,3.207142463
1782430353.445312500,0.724416375,2.381314015,3.211891315
1782430353.446861506,0.731285979,2.384577684,3.219298681
1782430353.460495710,0.740966651,2.391840520,3.225509749
1782430353.461840391,0.761791955,2.462370152,3.295581554
1782430353.463694334,0.786900045,2.487237835,3.302020422
1782430353.465558529,0.792759367,2.502425931,3.321169808
1782430353.466873884,0.799745065,2.531940295,3.329092855
1782430353.472973108,0.811835506,2.541103405,3.340979134
1782430353.473810673,0.849912007,2.617640651,3.416093719
1782430353.475227594,0.859126736,2.644758109,3.432539523
1782430353.476875305,0.876940095,2.667628676,3.455485245
1782430353.478710651,0.893544056,2.706251065,3.478611399
1782430353.485258102,0.897817973,2.729611903,3.504408675
1782430353.487029076,0.959450419,2.833029000,3.586699299
1782430353.488709688,0.983485764,2.871712718,3.611225432
1782430353.494658709,1.005854056,2.910446773,3.638765673
1782430353.495408535,1.066227767,3.054363086,3.739914639
1782430353.496850014,1.090094343,3.087793702,3.774515135
1782430353.498508692,1.118412974,3.140247868,3.784561016
1782430353.500195980,1.142282900,3.181406770,3.797856431
1782430353.506414175,1.157854486,3.215323029,3.823144399
1782430353.507258177,1.207670293,3.334632570,3.896417363
1782430353.508574486,1.243607890,3.386359639,3.927515249
1782430353.510308743,1.272234891,3.442931055,3.944110747
1782430353.511955023,1.293387358,3.493284339,3.968362889
1782430353.518667936,1.339978028,3.542660605,3.994886416
1782430353.520342112,1.456994030,3.702582467,4.052258603
1782430353.522009134,1.499348885,3.765997526,4.068666148
1782430353.523878574,1.543433392,3.818256373,4.093702878
1782430353.525192261,1.578713622,3.885154381,4.116462161
1782430353.531238079,1.628148121,3.949086358,4.134186836
1782430353.532085419,1.767385998,4.162029199,4.198601655
1782430353.533656836,1.827928799,4.221439305,4.212460766
1782430353.536190033,1.878811972,4.274717925,4.223688081
1782430353.537028551,1.912601474,4.341029124,4.235445672
1782430353.541301966,1.967286999,4.382846518,4.253987022
1782430353.542018890,2.051671667,4.511846765,4.300718568
1782430353.543538094,2.101290529,4.561905468,4.325362300
1782430353.545237541,2.156275205,4.622733943,4.337907464
1782430353.546895266,2.202882637,4.686221149,4.346795418
1782430353.548818827,2.251415763,4.731040022,4.363144245
1782430353.550369024,2.306746151,4.781450791,4.369194312
1782430353.556258440,2.349414632,4.830990018,4.384467046
1782430353.557103395,2.460052054,4.966101173,4.444631478
1782430353.558698654,2.485813374,5.012756990,4.449532247
1782430353.561196327,2.522850472,5.041726059,4.467266580
1782430353.562043667,2.546557255,5.081523432,4.478483397
1782430353.568447113,2.574788842,5.108319355,4.485629080
1782430353.569302559,2.658218662,5.178063031,4.498229903
1782430353.570388794,2.693873812,5.196613829,4.511119364
1782430353.571941376,2.718922962,5.224630721,4.514266373
1782430353.580274582,2.743298400,5.252060853,4.524248277
1782430353.581936121,2.843086161,5.341419099,4.563740330
1782430353.583577633,2.867321794,5.362674970,4.567379986
1782430353.589210749,2.897122865,5.385133350,4.572940759
1782430353.590295315,3.009264051,5.445977482,4.582902476
1782430353.591905355,3.029649018,5.461115446,4.602514062
1782430353.593570948,3.041967214,5.476370636,4.609073185
1782430353.595357895,3.047209820,5.502684575,4.611456291
1782430353.601879358,3.075236341,5.518199275,4.611751049
1782430353.603577614,3.122404023,5.550470091,4.612233248
1782430353.605317116,3.123247984,5.559285031,4.607282999
1782430353.607302666,3.128452794,5.568288749,4.607954494
1782430353.608614922,3.143450029,5.569016415,4.601273607
1782430353.614745617,3.154458297,5.579009109,4.596940401
1782430353.615586758,3.195633219,5.590307151,4.576190420
1782430353.616891623,3.203075205,5.588948831,4.574324367
1782430353.618554354,3.203227240,5.594997690,4.575518664
1782430353.620242357,3.204811755,5.604591374,4.566485137
1782430353.626839399,3.202775855,5.601955447,4.567943253
1782430353.629142284,3.206606485,5.595465534,4.557555488
1782430353.630227804,3.209285422,5.581199086,4.546181263
1782430353.632310629,3.199424685,5.574141772,4.547860191
1782430353.633608580,3.197118387,5.557796338,4.541305927
1782430353.636665344,3.190944730,5.533334490,4.542705793
1782430353.637410164,3.181753786,5.498114732,4.533137978
1782430353.639649153,3.178869894,5.464687300,4.522113354
1782430353.640500307,3.172938261,5.429758265,4.509372039
1782430353.642040730,3.147518949,5.415436559,4.511794144
1782430353.644559383,3.128919165,5.374821905,4.506086272
1782430353.645437002,3.123922179,5.345631250,4.491871754
1782430353.646945000,3.102636870,5.314230201,4.486955739
1782430353.652030230,3.093868904,5.276335658,4.471924120
1782430353.653602123,3.056497663,5.211681099,4.445694928
1782430353.655274391,3.037691775,5.172024971,4.445686402
1782430353.657276630,3.025521588,5.129069140,4.419965399
1782430353.658586264,3.000033232,5.094213103,4.399223357
1782430353.664648294,2.981876836,5.042704916,4.378692006
1782430353.665592909,2.919176820,4.885094882,4.283566410
1782430353.666908741,2.891143492,4.838893853,4.257528129
1782430353.668514013,2.863546534,4.791336219,4.240095921
1782430353.670257807,2.841009736,4.754563018,4.223520414
1782430353.677022219,2.809123256,4.720511307,4.204958741
1782430353.678558588,2.742069862,4.610063115,4.147168535
1782430353.680247307,2.708547969,4.565096564,4.140257079
1782430353.682238340,2.692040427,4.534698203,4.117925854
1782430353.683534861,2.662357289,4.503733052,4.100073209
1782430353.689627409,2.634789446,4.463286506,4.084190528
1782430353.690464497,2.548361637,4.315140599,3.985059079
1782430353.691897392,2.516606535,4.275194701,3.966420042
1782430353.693526506,2.480859427,4.230602552,3.954722819
1782430353.695183754,2.454061392,4.197639151,3.939939110
1782430353.698941946,2.414887777,4.164908130,3.926639969
1782430353.702002764,2.395952009,4.121574656,3.910627702
1782430353.703553200,2.327011408,4.042158138,3.878484332
1782430353.705205441,2.288317385,3.987271316,3.866743988
1782430353.707307816,2.266609486,3.952016713,3.845416727
1782430353.708618164,2.231103955,3.903746873,3.825754185
1782430353.714603662,2.194410904,3.863609028,3.814524943
1782430353.715464115,2.107549079,3.711258971,3.741284662
1782430353.717027664,2.072506567,3.658335492,3.728843080
1782430353.719583273,2.031016449,3.607241020,3.705992551
1782430353.720434666,1.969143754,3.495176378,3.656385175
1782430353.721853733,1.925888898,3.443946984,3.632308432
1782430353.727027655,1.888490844,3.388493103,3.596488861
1782430353.728559017,1.826113066,3.276101086,3.543948273
1782430353.730197668,1.781291350,3.218444450,3.518269843
1782430353.732269764,1.748590030,3.153494432,3.488587036
1782430353.733651876,1.715228717,3.099101802,3.458615895
1782430353.739660025,1.671308566,3.048041482,3.423706196
1782430353.740530014,1.541355095,2.810889461,3.291004589
1782430353.741835117,1.496608870,2.762265415,3.253181814
1782430353.744568586,1.460241084,2.704791120,3.214450423
1782430353.745420456,1.433593098,2.640848494,3.184192408
1782430353.746837139,1.393368551,2.598734866,3.149645350
1782430353.751995564,1.361254291,2.547158227,3.110817606
1782430353.753535986,1.311728133,2.455288497,3.055374040
1782430353.755217314,1.279420074,2.418087324,3.019317550
1782430353.757290840,1.254073035,2.380259485,2.997780188
1782430353.758599281,1.235619208,2.340994469,2.966301340
1782430353.764705658,1.202279343,2.322118055,2.937584961
1782430353.765717506,1.096970665,2.202259749,2.835235904
1782430353.766890049,1.084234901,2.181208130,2.811218032
1782430353.768671989,1.051616323,2.166230104,2.778629801
1782430353.770213604,1.029062283,2.138382299,2.759187733
1782430353.776026011,1.010907950,2.118266254,2.740155389
1782430353.776915789,0.966578641,2.080196510,2.696041287
1782430353.778709888,0.952992718,2.058910263,2.673419558
1782430353.780246973,0.929568471,2.045039923,2.664867225
1782430353.782305717,0.910653177,2.034006410,2.649703227
1782430353.783648729,0.897841683,2.021097709,2.643733796
1782430353.789576530,0.872785023,2.021643833,2.629022970
1782430353.790433168,0.803283155,1.980302010,2.579767231
1782430353.791849136,0.785008262,1.973139058,2.566866550
1782430353.794550896,0.760506582,1.970549842,2.551773739
1782430353.795386791,0.750594508,1.952067403,2.539784762
1782430353.802071333,0.737828557,1.953296536,2.530605401
1782430353.803596973,0.693416284,1.926857824,2.508057484
1782430353.805257559,0.679124729,1.929561693,2.501905953
1782430353.807265997,0.672174837,1.920591717,2.507684113
1782430353.808592081,0.668610534,1.919996793,2.516575597
1782430353.814585209,0.657068136,1.923805199,2.506546779
1782430353.815423727,0.644151868,1.934635007,2.513345208
1782430353.816825390,0.639678481,1.946261164,2.519381597
1782430353.819573164,0.638255213,1.954994730,2.514727872
1782430353.820399761,0.630878662,1.957397022,2.515568899
1782430353.821831703,0.640409454,1.971688197,2.520802141
1782430353.827001810,0.630432811,1.986044279,2.520294815
1782430353.828556061,0.634883510,1.989679381,2.526875637
1782430353.830260038,0.636184863,2.000047830,2.525144658
1782430353.832279921,0.627630108,2.002526654,2.524616921
1782430353.833585739,0.632516817,1.997630422,2.534245865
1782430353.836677790,0.633461520,2.011470289,2.538628031
1782430353.837438822,0.624408244,2.001706854,2.540053676
1782430353.839655876,0.629086236,2.005300294,2.538870324
1782430353.840504885,0.618736431,2.006149756,2.543371902
1782430353.842039108,0.618461529,2.002088676,2.551881914
1782430353.844561100,0.620562587,2.010864944,2.550396158
1782430353.845419884,0.606975089,2.007530979,2.559391189
1782430353.846836805,0.615264294,1.999687597,2.559670880
1782430353.852006912,0.617389982,2.000595652,2.561594988
1782430353.853558779,0.602733412,1.998854249,2.574087846
1782430353.855269432,0.614769326,1.999351361,2.577110367
1782430353.857285023,0.603861390,2.002942216,2.579948788
1782430353.858599186,0.603915901,1.992955103,2.588724272
1782430353.864636898,0.609829851,2.001940585,2.588550313
1782430353.865489960,0.608442193,2.017790389,2.625486530
1782430353.867044210,0.612793350,2.024378569,2.638702710
1782430353.869584799,0.626309918,2.036634918,2.653106494
1782430353.870435476,0.631669561,2.050705639,2.666660915
1782430353.871846914,0.635621861,2.059143897,2.680405386
1782430353.877044439,0.651669398,2.068294329,2.696332873
1782430353.878591299,0.669086246,2.102830360,2.731591712
1782430353.880242109,0.680844126,2.122527253,2.743411809
1782430353.882233143,0.686695476,2.137957481,2.752801231
1782430353.883569956,0.697307967,2.152127587,2.768311195
1782430353.889627934,0.711398466,2.171344363,2.783691630
1782430353.890482187,0.745775059,2.236865208,2.845232702
1782430353.891905308,0.759127655,2.255206920,2.871370747
1782430353.893555641,0.768836111,2.283277860,2.887962405
1782430353.895167112,0.782578409,2.299829557,2.918975714
1782430353.898612738,0.801740639,2.318540006,2.940527516
1782430353.902080536,0.816807805,2.348699473,2.966431951
1782430353.903677464,0.853082437,2.397064034,3.030082008
1782430353.905363083,0.868266782,2.435556354,3.063033799
1782430353.907246113,0.884745456,2.464728761,3.097241698
1782430353.908553123,0.910427944,2.503373562,3.142637359
1782430353.914194822,0.936402175,2.546216310,3.171598747
1782430353.915251255,1.004459330,2.685841087,3.283412024
1782430353.916868687,1.028326724,2.733650646,3.314545814
1782430353.918528318,1.061556105,2.788128493,3.347962545
1782430353.920211792,1.086648323,2.846029267,3.378287562
1782430353.926977634,1.109237998,2.901448998,3.404308055
1782430353.928525925,1.208024537,3.104221797,3.523019357
1782430353.930181742,1.234756315,3.169091908,3.543605420
1782430353.932249069,1.255191072,3.213970987,3.574211218
1782430353.933609009,1.281651725,3.269046476,3.606770886
1782430353.939590693,1.303037422,3.329293037,3.632339421
1782430353.940465689,1.378213208,3.503939754,3.734329571
1782430353.941908121,1.417572916,3.562253369,3.764240158
1782430353.943566561,1.461993552,3.626374814,3.791736200
1782430353.945219994,1.493991218,3.690105640,3.813328571
1782430353.952046394,1.537451283,3.745313637,3.836621385
1782430353.953600168,1.686123418,3.963098099,3.951761201
1782430353.955260277,1.722624082,4.021384440,3.967869204
1782430353.957287788,1.761031195,4.059340867,4.009022038
1782430353.958609581,1.798062613,4.112536988,4.044826182
1782430353.960265398,1.833675283,4.157768467,4.077125886
1782430353.964630842,1.873025083,4.196473440,4.118777076
1782430353.965490103,1.942382272,4.303691338,4.191761680
1782430353.967034101,1.979757022,4.357478508,4.215757854
1782430353.969560862,2.027783828,4.416963047,4.249265801
1782430353.970396042,2.112540889,4.542900325,4.306472145
1782430353.975737333,2.174144800,4.602883651,4.331417538
1782430353.976893187,2.271376633,4.725270755,4.375038061
1782430353.978548050,2.328741835,4.789036199,4.395350484
1782430353.980225801,2.380445189,4.859202997,4.403032487
1782430353.982271910,2.427335794,4.917101621,4.419162630
1782430353.983617783,2.477932677,4.965275077,4.431738630
1782430353.989604473,2.515349195,5.022760542,4.447540378
1782430353.990454197,2.655417233,5.174561032,4.495268372
1782430353.991860151,2.686503231,5.206878651,4.511583714
1782430353.993546247,2.703599360,5.248453359,4.513302858
1782430353.995244026,2.722578199,5.278730857,4.515929872
1782430354.001969337,2.749261080,5.309575315,4.536137711
1782430354.003535748,2.824336534,5.391400523,4.573517541
1782430354.005187273,2.844537899,5.442148547,4.572433629
