source_timestamp_sec,Fx,Fy,Fz
1783618383.933354616,0.013135353,0.016362861,-0.000581767
1783618383.934981585,0.014208263,0.011835325,0.003084832
1783618383.936470509,0.012454835,0.008845287,0.014007593
1783618383.938755512,0.013180183,0.004190509,0.010557519
1783618383.939808607,0.014423047,0.014562112,0.009228859
1783618383.941386461,0.012362010,0.015252686,0.009692368
1783618383.946062088,0.014949325,0.004178644,0.005297810
1783618383.947050810,0.007778350,0.010444846,0.014735374
1783618383.948123217,0.016451046,0.014380264,0.004091813
1783618383.949813128,0.015229607,0.019819300,0.010006091
1783618383.951538801,0.012266160,0.025180019,0.014001701
1783618383.953092098,0.016072889,0.005642058,0.009341705
1783618383.958595991,0.015893954,0.008946752,0.010668679
1783618383.959800482,0.013235767,0.010762973,0.013359586
1783618383.961466074,0.012411303,0.004978397,-0.001553865
1783618383.963716269,0.018074601,0.031220459,0.005710112
1783618383.964849472,0.015215197,0.026676046,0.012641460
1783618383.966398716,0.018796438,0.013654207,0.003602376
1783618383.971073627,0.014441311,0.017697890,0.003425119
1783618383.972105503,0.011429660,0.010754012,0.011289076
1783618383.973080158,0.012566437,-0.001452635,0.002658191
1783618383.974755287,0.008892133,0.017796777,0.007496117
1783618383.976397038,0.011267699,0.010845048,0.011294369
1783618383.981297731,0.006476958,0.005642684,0.002085185
1783618383.982311487,0.015323128,0.023230677,0.011241115
1783618383.983126163,0.012620513,0.005343895,0.012670457
1783618383.984804630,0.015430990,0.009681603,0.005830723
1783618383.986443520,0.010122736,0.015934319,0.010104316
1783618383.988770008,0.021303638,0.009686777,0.008911606
1783618383.989812851,0.016595190,-0.002086536,0.004150397
1783618383.991392136,0.012860813,0.017615601,0.008688246
1783618383.996131897,0.005598497,0.011022715,0.015296729
1783618383.997309923,0.016375195,0.017631524,-0.001836205
1783618383.998393536,0.014141075,0.021912521,0.007099114
1783618383.999918938,0.015612912,0.006602516,0.011527512
1783618384.001558542,0.019304470,0.012696483,0.001156448
1783618384.003082275,0.013625697,0.019632797,0.007962329
1783618384.008621216,0.015832580,0.015686702,0.006093097
1783618384.009908676,0.011362517,0.007421056,0.009879420
1783618384.011565685,0.014212866,0.008502573,0.001558950
1783618384.013725758,0.007721590,0.020098095,0.011831495
1783618384.014928341,0.016041869,0.019076712,0.014669112
1783618384.016486406,0.010546219,0.014868874,0.000531754
1783618384.021181822,0.009324615,0.023389083,0.000728381
1783618384.022187471,0.016510489,0.014592405,0.003775264
1783618384.023160696,0.010752449,0.004911657,0.003613455
1783618384.024837494,0.021277392,0.031887259,0.001776925
1783618384.026415586,0.008887732,0.021393865,0.008672969
1783618384.033761501,0.013223077,0.007327594,0.004648527
1783618384.034909725,0.016466869,0.014396917,0.003871429
1783618384.036479473,0.016471434,0.024556835,0.007914325
1783618384.038165808,0.018821510,0.010471681,0.001989078
1783618384.039703608,0.011559526,-0.009646811,0.003071269
1783618384.042135715,0.013524974,0.019664777,0.007937872
1783618384.043077707,0.007266090,0.011276070,0.009823697
1783618384.046224594,0.021412898,0.002979845,0.005955081
1783618384.047309637,0.008824667,0.007988280,0.003143158
1783618384.048362732,0.011907987,0.019705346,0.013139072
1783618384.049903393,0.015437463,0.006729012,0.004090285
1783618384.051567793,0.017547567,0.012601622,0.006406983
1783618384.053086996,0.018835233,0.023656856,0.007593379
1783618384.058216572,0.015714317,0.025688198,0.002886119
1783618384.059760571,0.017732411,0.015592530,0.000729954
1783618384.061524153,0.017696342,0.022595583,0.010556346
1783618384.063736677,0.013168562,0.004390909,0.010209736
1783618384.064892054,0.015244480,0.019814342,0.002513267
1783618384.066445589,0.010956699,0.018523376,0.016225276
1783618384.071067095,0.011512470,0.000658907,0.007049880
1783618384.072109222,0.013648038,0.016533587,0.006381387
1783618384.073091745,0.007832640,0.010029049,0.000460907
1783618384.074771643,0.009581342,0.007048750,0.008084778
1783618384.076416731,0.013215870,0.014333883,0.014428179
1783618384.083792686,0.007643776,0.007951088,0.015701897
1783618384.084933996,0.015013516,0.004449865,0.012163302
1783618384.086462498,0.013597246,0.016391712,0.006403350
1783618384.088182688,0.014495869,0.015312172,0.011493935
1783618384.089863300,0.011994964,0.006297138,0.007568945
1783618384.096114397,0.010730318,0.004793565,0.003603062
1783618384.097230434,0.005941825,-0.006657876,-0.001271971
1783618384.098320484,0.013095992,0.007314036,0.004575566
1783618384.099869967,0.008616924,0.015773678,0.015404154
1783618384.101547480,0.016608016,0.018082247,0.012280721
1783618384.103175640,0.009679081,-0.002975946,0.003901065
1783618384.108638287,0.014792475,0.014333683,0.009125005
1783618384.109824419,0.013321028,0.004312648,0.010236310
1783618384.111481667,0.013508758,0.013048304,0.004970843
1783618384.113726616,0.021092040,0.026109466,0.008553043
1783618384.114885569,0.014019978,-0.010354926,0.002530879
1783618384.116435528,0.019591376,0.009329946,0.006891988
1783618384.119105101,0.012551261,0.015498458,0.016646153
1783618384.120067120,0.014457541,0.005745212,0.014260268
1783618384.121462584,0.016754642,0.004489292,0.006872442
1783618384.123098850,0.009503741,0.013476505,0.003679974
1783618384.124789000,0.010853008,0.018462885,0.016252502
1783618384.126459599,0.014361737,0.008905219,0.008472752
1783618384.133734465,0.013555623,0.006379677,0.002216283
1783618384.134912968,0.012955662,0.013912734,0.000140786
1783618384.136476994,0.010530452,0.014882408,0.000460899
1783618384.138147593,0.018625044,0.014819011,0.012826125
1783618384.139719486,0.016865276,0.004553488,0.006799291
1783618384.146026850,0.011500747,-0.002690600,0.005678099
1783618384.147043228,0.015093498,0.001452821,0.010483377
1783618384.148142576,0.017143030,0.009920791,0.000189944
1783618384.149907827,0.016434534,0.024591524,0.007890375
1783618384.151501179,0.011344158,0.010539357,0.004069732
1783618384.153073788,0.015639109,0.003389506,0.009907972
1783618384.158596992,0.014197993,0.021907160,0.007035320
1783618384.159767866,0.019734027,0.025015512,0.004335737
1783618384.161424398,0.014371656,0.019006834,0.012555778
1783618384.163734913,0.019280578,0.016138139,0.002406719
1783618384.164921284,0.017525495,0.025774647,0.004761328
1783618384.166551590,0.014066237,0.022236128,0.006781374
1783618384.171132565,0.010568095,0.018494561,0.008916765
1783618384.172223568,0.015353342,0.019894352,0.009685018
1783618384.173213482,0.018032072,0.015954206,0.015030982
1783618384.174909353,0.019037281,0.017338876,0.011801837
1783618384.176428080,0.009107402,0.001498552,0.007454973
1783618384.181012869,0.007783094,0.020152041,0.011753419
1783618384.182000399,0.015073582,0.007585642,0.006398427
1783618384.183651686,0.011993801,0.006252421,0.007601350
1783618384.184731960,0.008872006,0.011397785,0.004424436
1783618384.186495066,0.014765682,0.008853395,0.015818535
1783618384.188642025,0.014287696,0.012281055,0.009851148
1783618384.189856291,0.011284307,0.007019925,0.002822950
1783618384.196069241,0.019853568,0.021512260,0.002993079
1783618384.197534800,0.013040141,0.004052253,0.003135520
1783618384.198777914,0.007546367,0.016756028,0.003076796
1783618384.199837208,0.008331819,0.015930061,0.007990224
1783618384.201392412,0.011496689,-0.002668248,0.005661574
1783618384.203069925,0.010205425,0.009231102,0.007267298
1783618384.208591700,0.015138318,0.023263482,0.003810170
1783618384.209782124,0.015106066,0.023251388,0.003798898
1783618384.211497545,0.018658613,0.023907268,0.007367865
1783618384.214071274,0.015406019,0.006803399,0.003969289
1783618384.215451717,0.013658225,0.006367067,0.002233712
1783618384.216465712,0.014047306,0.025428818,0.008306535
1783618384.221199512,0.017057499,0.013542514,0.001426505
1783618384.222303629,0.007792166,0.016945650,0.010246226
1783618384.223288774,0.008745357,-0.000809214,0.008390305
1783618384.224734783,0.012637236,0.005142308,0.005328962
1783618384.226371765,0.020853945,0.022769919,-0.000190943
1783618384.233741045,0.010252520,0.031667196,0.007307837
1783618384.234938860,0.009131623,0.011573424,0.011635672
1783618384.236479044,0.014364628,-0.001054469,0.004329284
1783618384.238194227,0.012315046,0.008312510,-0.000409425
1783618384.239761114,0.014731825,0.014678168,0.008876353
1783618384.243378162,0.008616264,0.006076654,0.011057458
1783618384.246132851,0.013644494,0.006331069,0.002254777
1783618384.247233868,0.012664300,0.012215340,0.015172152
1783618384.248298645,0.014378994,0.002331130,0.005639348
1783618384.249840021,0.007289526,0.004640464,0.006963500
1783618384.251485348,0.010362756,0.021619799,0.003116022
1783618384.253047466,0.010951054,0.017603991,0.006494045
1783618384.258564234,0.015821198,0.012351104,0.004523001
1783618384.259761095,0.014926754,0.014522049,0.009029177
1783618384.261420727,0.007606598,0.013378004,0.001705819
1783618384.263727665,0.013678027,0.016755481,0.013389058
1783618384.264896631,0.014150265,0.008724857,0.001259261
1783618384.266432047,0.018256092,0.030644334,0.002646236
1783618384.271049261,0.015108149,0.020067563,0.002169476
1783618384.272093773,0.014542493,0.021049818,0.004522839
1783618384.273041248,0.011859538,0.016623066,0.011471480
1783618384.274722576,0.014391613,0.012357397,0.009747574
1783618384.276433229,0.008796208,0.011469775,0.004288302
1783618384.283681154,0.015983001,0.015686993,0.005833400
1783618384.284836054,0.011628459,0.016302627,0.004309622
1783618384.286593199,0.013462899,0.023339249,0.008847298
1783618384.288034201,0.010070868,0.009731747,0.006834602
1783618384.289795399,0.013043011,0.001047856,0.001516978
1783618384.296037912,0.017570225,0.016274243,0.007389314
1783618384.297066212,0.011674568,0.019652728,0.005664225
1783618384.298142195,0.014948762,0.026958547,0.004725678
1783618384.299875259,0.011919414,0.006542174,0.007386711
1783618384.301388741,0.013645796,0.016298741,0.006335628
1783618384.305520535,0.008370564,0.012555047,0.006516814
1783618384.306510210,0.008996426,0.004686271,0.001597449
1783618384.308562517,0.019125466,0.019593406,0.003409637
1783618384.309750795,0.011328338,0.021027527,0.015008464
1783618384.311394453,0.016694356,0.008155038,0.007907229
1783618384.313861132,0.010181495,0.009482650,0.006932888
1783618384.314975262,0.014339111,0.019046476,0.012354042
1783618384.316526890,0.018445639,0.008765170,0.009464672
1783618384.321115732,0.010452176,0.011416807,-0.001058373
1783618384.322307110,0.006474736,0.010338828,0.012605651
1783618384.323368311,0.006412263,0.000164846,0.008683085
1783618384.324850798,0.011246830,0.022850823,-0.000290724
1783618384.326470375,0.013161427,0.014366694,0.006854681
1783618384.333770752,0.007900737,0.010381732,0.007264359
1783618384.334982872,0.015647102,0.003317769,0.002520455
1783618384.336595297,0.008023474,0.018908156,0.001974800
1783618384.338094234,0.016397160,0.024838709,0.007234125
1783618384.339771271,0.010326246,0.006161555,0.005510598
1783618384.346100807,0.015419687,0.006839209,0.003697321
1783618384.347120762,0.016352656,0.024808737,0.007192297
1783618384.348231554,0.013517159,0.013435898,0.004464832
1783618384.349791288,0.012586084,0.005346589,0.005010367
1783618384.351435661,0.013397020,0.016756058,0.005795491
1783618384.358523130,0.011470412,0.014524442,0.012021848
1783618384.359708548,0.007266768,0.014908560,0.010744599
1783618384.361588001,0.012470748,0.013582051,0.017006926
1783618384.363684654,0.006608564,0.000140259,0.008672042
1783618384.364859343,0.017824450,0.035111072,0.005626614
1783618384.366441727,0.017772286,0.009529145,0.004404479
1783618384.371151686,0.013418943,0.007978798,0.011202962
1783618384.372190237,0.012402791,0.003691380,0.012902819
1783618384.373168230,0.016480603,0.011284563,0.001832462
1783618384.374877214,0.013931379,0.025720499,0.007429028
1783618384.376410484,0.013189700,0.011089693,0.005344506
1783618384.383241653,0.017259238,0.010774628,0.006514641
1783618384.385117054,0.013993809,0.003555127,0.007605164
1783618384.386476040,0.009407353,0.003761842,-0.000961259
1783618384.388199806,0.011754384,0.016267437,0.003954762
1783618384.389855862,0.005257349,0.024397403,0.005699765
1783618384.396090984,0.012199000,0.006493560,0.007094811
1783618384.397297859,0.013564134,0.009877712,0.003058014
1783618384.398382425,0.014492322,0.019147703,0.011953860
1783618384.399836302,0.006453097,0.010554063,0.012413416
1783618384.401582479,0.016940293,0.001570499,0.004820506
1783618384.403248787,0.014387416,0.021251002,0.003756970
1783618384.408554554,0.009311490,0.018561884,0.013742270
1783618384.409778118,0.012007564,0.013336048,0.009692592
1783618384.411410332,0.007532103,0.008237557,0.007936310
1783618384.413777351,0.005120078,0.002326188,0.005770975
1783618384.414973259,0.016394579,0.030298813,-0.000002621
1783618384.416508436,0.013689493,0.011298742,0.012388041
1783618384.421151400,0.012166961,-0.000152072,0.004396544
1783618384.422184706,0.018196796,0.009869857,0.011343490
1783618384.423156500,0.015791796,0.003799456,0.009296635
1783618384.424834013,0.013128933,0.023052530,0.001075843
1783618384.426416397,0.015963201,0.007187524,0.010542638
1783618384.429491520,0.017423294,-0.002882248,0.001149811
1783618384.430506468,0.009889277,0.010762864,0.008729490
1783618384.431466579,0.016010230,0.025997399,0.008995018
1783618384.433634281,0.015082160,0.001351182,0.002924431
1783618384.434740782,0.006356745,0.003174368,0.002752945
1783618384.436544418,0.015100941,0.007896214,0.005698744
1783618384.438100815,0.017354939,0.024164673,0.011574895
1783618384.439883947,0.016016696,0.012568882,0.003638989
1783618384.445111036,0.014121816,0.005368532,-0.000598341
1783618384.446388245,0.013254977,0.021172254,0.009086911
1783618384.448176146,0.012272277,0.013355268,0.009603165
1783618384.449823618,0.014140185,0.006670890,0.008898602
1783618384.451539040,0.016965011,0.016949221,0.001824805
1783618384.453059912,0.015985751,0.010604887,0.011733470
1783618384.458576202,0.020235261,0.005210342,0.002349432
1783618384.459757328,0.015101747,0.001152851,0.002988916
1783618384.461501360,0.012814075,0.020781883,0.001907789
1783618384.463712215,0.015713839,0.014947360,0.015359335
1783618384.464946032,0.014553991,0.011042044,-0.000351196
1783618384.466526985,0.009876152,0.009175753,-0.000604613
1783618384.471149206,0.013208722,0.017749103,0.007658979
1783618384.472234488,0.010278280,0.014939767,-0.000374874
1783618384.473222256,0.007672574,0.008097530,0.007960214
1783618384.474901438,0.012196704,0.003264364,0.005553349
1783618384.476480484,0.008141386,0.010280460,0.007043845
1783618384.478051186,0.011053096,0.025444202,0.010616932
1783618384.483693361,0.019370137,0.007476766,0.006666472
1783618384.484888315,0.013740621,0.023594320,0.007829642
1783618384.486462593,0.020231409,0.020914760,-0.000907685
1783618384.488119602,0.011739367,-0.002492074,0.005227204
1783618384.489889860,0.011003887,0.018375729,0.008166444
1783618384.496097088,0.017220075,0.011544534,0.008483122
1783618384.497207642,0.018136399,0.019530138,0.007785304
1783618384.498268843,0.019307515,0.000484243,0.004149374
1783618384.499818087,0.014277745,0.018766618,0.004366058
1783618384.501467228,0.010588449,0.016453907,0.008850730
1783618384.506524801,0.010032216,0.007375116,0.007271045
1783618384.508568048,0.015755589,0.020398259,0.008159852
1783618384.509740114,0.012012647,0.004245517,0.007770989
1783618384.511365891,0.008630566,0.005776231,0.003407661
1783618384.513724804,0.017046979,0.004809788,0.005776143
1783618384.514909744,0.010180761,0.014203393,0.009773946
1783618384.516451597,0.016580265,0.005987763,0.007973878
1783618384.521253586,0.010051330,0.014110225,0.009822030
1783618384.522339821,0.019249235,0.011836482,0.010081386
1783618384.523322821,0.014729516,0.014228648,0.000708651
1783618384.524783134,0.017761945,0.027586657,0.012255952
1783618384.526422262,0.017204519,0.008328143,0.006873311
1783618384.533754110,0.014670157,0.002241167,0.004942443
1783618384.534968615,0.010508714,0.002742953,0.003816259
1783618384.536531687,0.016184454,0.012285667,0.003296121
1783618384.538077593,0.014041915,0.019897826,0.006320777
1783618384.540222645,0.012526729,0.010005987,0.007830389
1783618384.541542530,0.009657572,0.001667960,0.006908852
1783618384.546056747,0.011069218,0.018636903,0.007725891
1783618384.547065735,0.011359536,-0.017185485,0.010678018
1783618384.548216581,0.018508114,0.014935151,0.003905751
1783618384.549812555,0.015014482,0.020995598,0.003058929
1783618384.551551342,0.017131099,0.008326840,0.006747803
1783618384.553065777,0.014062884,0.012292744,0.001292081
1783618384.558536768,0.016864504,0.021307984,0.004736334
1783618384.559723616,0.008405116,0.001682050,0.012352387
1783618384.561599016,0.007718069,0.001447502,0.005074971
1783618384.563749313,0.015255758,0.023191967,0.002031547
1783618384.565024137,0.009850087,0.012024074,0.010490069
1783618384.566370726,0.013012122,0.005282153,0.004344047
1783618384.571144104,0.009479526,0.010437564,0.001127098
1783618384.572212458,0.008852820,0.011010069,0.013712372
1783618384.573186398,0.012913212,0.008750998,0.005554221
1783618384.574856997,0.015646171,0.006664754,0.002838827
1783618384.576376677,0.014366714,0.014693602,0.012998184
1783618384.582938433,0.015811605,0.010043531,0.004095033
1783618384.583958387,0.011637341,0.002026569,0.008482293
1783618384.585012436,0.009051690,-0.003909766,0.006509195
1783618384.586526871,0.010941957,0.019797322,0.009751194
1783618384.588141680,0.011845734,0.008718799,0.011075630
1783618384.589884043,0.018236388,0.016158717,0.005862537
1783618384.596136570,0.016898705,0.012725404,0.010226828
1783618384.597310305,0.014175652,0.008621813,0.000098230
1783618384.598412514,0.012439152,0.029914965,0.008054714
1783618384.599944592,0.014940469,0.012587157,0.008387702
1783618384.601368904,0.013682796,0.014902404,-0.004435083
1783618384.603122234,0.022922307,0.021260497,0.007400947
1783618384.608544827,0.017473164,0.018370946,0.010434343
1783618384.609723330,0.018875914,0.021605878,0.006281960
1783618384.611364603,0.010582002,0.021045438,0.011990091
1783618384.613642454,0.010176666,0.003922537,0.005847636
1783618384.615044832,0.014800516,0.014123020,0.000447373
1783618384.616602182,0.013833524,0.024671732,0.009491935
1783618384.621164322,0.009906103,0.008506474,0.009324484
1783618384.622100592,0.018505530,0.020065288,-0.003125235
1783618384.623056650,0.013325180,0.022288778,0.010549535
1783618384.624713182,0.015163814,0.001053692,0.002520500
1783618384.626408100,0.012356391,0.011696120,-0.000408302
1783618384.629523039,0.018583019,0.026810095,-0.000629445
1783618384.630558729,0.015094495,0.027871047,0.005290127
1783618384.631481647,0.010713840,0.009566581,0.006090194
1783618384.633689404,0.013897597,0.013053445,0.003639397
1783618384.634776592,0.016195285,0.020182877,0.007811561
1783618384.636536121,0.018279436,0.019593838,0.007136916
1783618384.638104439,0.012377747,0.008211433,-0.001581930
1783618384.639898300,0.016156714,0.023759784,0.008890702
1783618384.644686699,0.017115854,0.019561313,0.012555969
1783618384.645572901,0.013928640,0.013151747,0.003523320
1783618384.646407366,0.015835320,0.012722238,0.015652511
1783618384.648151398,0.013156394,0.012097928,0.006721593
1783618384.649814606,0.018388388,0.004652452,-0.000101125
1783618384.651548624,0.014699341,0.013598342,0.010620420
1783618384.653034925,0.016397209,0.028076523,-0.000583919
1783618384.658590317,0.020815634,0.019397742,-0.004056292
1783618384.659826517,0.012608966,0.014367747,0.011112607
1783618384.661483526,0.015682334,0.014609698,0.007290371
1783618384.663765669,0.017048423,0.022179144,-0.006244861
1783618384.664930820,0.015675113,0.023062803,0.001704003
1783618384.666454554,0.014467545,0.015526089,0.002217499
1783618384.671186209,0.016037549,0.005556920,0.000262156
1783618384.672231197,0.011813590,0.001934035,0.008381089
1783618384.673202991,0.018665966,0.011348197,0.002197302
1783618384.674889803,0.011752192,0.021909371,0.008549198
1783618384.676447153,0.014367955,0.008438785,-0.000133334
1783618384.683712482,0.011224229,0.008165786,0.003666089
1783618384.684858084,0.011875917,0.026030169,-0.000650008
1783618384.686427355,0.018414031,0.020643271,0.008854956
1783618384.688097239,0.015251738,0.004467935,0.003281391
1783618384.689877748,0.010775153,0.018024952,0.000087373
1783618384.696197033,0.013526985,0.015619545,0.007421175
1783618384.697338581,0.009226187,0.020482435,0.010035175
1783618384.698366642,0.014024344,0.017788846,0.006422437
1783618384.699876785,0.014800348,-0.001231533,0.002967682
1783618384.701530457,0.015948809,0.009849587,0.003518230
1783618384.703056812,0.012777868,0.018479163,0.001542720
1783618384.706479549,0.012049088,0.018297747,0.007152152
1783618384.708566427,0.014286679,0.013051917,0.002943745
1783618384.709739923,0.010128877,0.029100704,-0.001354425
1783618384.711590052,0.013819652,0.015386009,0.007402058
1783618384.713801384,0.015557891,0.004252904,0.003146021
1783618384.714965582,0.013686458,0.015470507,0.007351796
1783618384.716495514,0.007847037,0.002024311,0.017261610
1783618384.721161127,0.011628739,0.006986270,0.001173735
1783618384.722202063,0.012020263,0.022900833,0.010580826
1783618384.723298311,0.012088491,-0.003644217,0.002147423
1783618384.724865437,0.014148495,0.013409862,-0.007381651
1783618384.726605892,0.021175637,0.026786202,0.000014615
1783618384.728123903,0.010191543,0.013586953,0.001854732
1783618384.733692646,0.014173990,0.000953822,0.007314214
1783618384.734817028,0.015886957,0.010984793,0.005504753
1783618384.736579895,0.010030840,0.001370502,0.006439520
1783618384.738042593,0.013639601,0.020235727,0.000527249
1783618384.739915133,0.001553910,0.015411906,0.012519470
1783618384.746120691,0.016084040,-0.002306760,0.007690640
1783618384.747202873,0.021220754,-0.002991890,0.003122474
1783618384.748272896,0.020206695,0.014138665,-0.002671379
1783618384.749762297,0.013760899,0.011722410,0.006167092
1783618384.751526117,0.015994782,0.006329938,0.001955473
1783618384.753065586,0.013194181,-0.003203147,-0.000975559
1783618384.758753300,0.011812770,0.015378357,-0.004611124
1783618384.759730101,0.016856999,0.007042556,-0.001158852
1783618384.761410713,0.018881365,0.020129811,0.008416272
1783618384.763772011,0.018894448,0.016699110,0.007201482
1783618384.764900446,0.012500495,0.007868349,-0.002228336
1783618384.766459703,0.014031917,0.019803693,0.010660915
1783618384.769246817,0.011307462,0.013885994,0.008896832
1783618384.770185947,0.015517848,0.012480486,-0.002638977
1783618384.771524429,0.012971642,0.023837877,0.007172103
1783618384.773050785,0.013575031,0.008322977,0.004877263
1783618384.774810791,0.016497479,-0.000092327,0.006498070
1783618384.776415586,0.018348741,0.009831979,0.004676510
1783618384.783665180,0.010025279,0.019252091,0.007522531
1783618384.784871101,0.013088415,-0.001430793,0.013719741
1783618384.786483765,0.016587042,0.003597244,-0.002455259
1783618384.788150311,0.012583736,0.021641225,0.008101114
1783618384.789921284,0.009907882,0.007128530,0.011941838
1783618384.796077490,0.014589539,0.004028136,0.008405955
1783618384.797150612,0.015064888,0.001673236,0.003953591
1783618384.798172951,0.010483611,0.017695879,0.005488495
1783618384.799901485,0.011976310,0.016017169,0.007898752
1783618384.801460505,0.012339068,0.005128195,0.008985424
1783618384.808574438,0.013636240,0.002516337,-0.000969849
1783618384.809762001,0.017132180,0.001795279,0.005547700
1783618384.811398268,0.019408840,0.009427887,-0.000745557
1783618384.813770056,0.017716555,0.014262079,0.013797048
1783618384.814913034,0.011750008,-0.001796381,0.006577961
1783618384.816595554,0.013346335,0.004601750,0.003660240
1783618384.821202040,0.015746764,0.021495241,0.004318645
1783618384.822228909,0.013876235,0.007020174,0.002507963
1783618384.823211670,0.013952196,0.021089429,0.002814745
1783618384.824867725,0.015400276,0.023944672,0.008735954
1783618384.826396704,0.018138457,0.010831985,0.006951890
1783618384.831667423,0.012680007,0.012233746,0.001212284
1783618384.833692074,0.017902121,0.007451061,0.005686775
1783618384.834740639,0.006601158,0.022844557,0.008083054
1783618384.836495399,0.016725373,0.004063208,0.010037993
1783618384.838056803,0.005561024,-0.001604073,0.004157075
1783618384.839853287,0.018244831,0.043651120,-0.001928293
1783618384.846124887,0.011143214,0.020146895,0.004290562
1783618384.847261906,0.011429260,0.019504352,0.014583515
1783618384.848291636,0.016160506,0.005748556,0.002091927
1783618384.849858284,0.017648025,0.003740029,0.004662236
1783618384.851500988,0.016850559,0.017315717,0.007903555
1783618384.853044748,0.022471078,0.015556416,0.013781980
1783618384.858710527,0.010537572,-0.006472527,0.008698868
1783618384.859877110,0.024913679,0.012973939,-0.001835155
1783618384.861514568,0.014122739,0.005532546,0.000454219
1783618384.863813400,0.015110282,0.030816365,-0.006191773
1783618384.865022898,0.012895252,0.017795992,0.007064887
1783618384.866564751,0.019705387,0.013936251,0.002725558
1783618384.871209145,0.015125595,0.006261439,-0.002719217
1783618384.872237444,0.015754674,-0.001543690,0.009780354
1783618384.873189688,0.011692733,0.012690819,-0.003408734
1783618384.874850988,0.019058793,0.032480405,-0.000856418
1783618384.876442432,0.016825603,0.013759954,0.006620399
1783618384.883762360,0.014693565,0.003475665,0.008632561
1783618384.884929895,0.012034428,0.006319728,0.001084903
1783618384.886465073,0.015254278,0.010825648,0.000695689
1783618384.888138771,0.016386308,0.016987833,0.013501983
1783618384.889907598,0.012264939,0.005206598,-0.001208669
1783618384.893146276,0.016331654,0.015242032,-0.001375112
1783618384.896093845,0.013198782,0.022244873,0.010487763
1783618384.897245884,0.009469988,0.019617001,0.002747290
1783618384.898272038,0.016505956,0.021037416,0.004316757
1783618384.899795532,0.016859054,0.007801837,0.000936113
1783618384.901447773,0.015534733,0.004429007,0.005280140
1783618384.908675194,0.023162055,0.033697850,0.004575311
1783618384.909872293,0.003728170,0.019389566,0.010630189
1783618384.911534786,0.015577709,0.010268845,0.010931564
1783618384.913097620,0.011201476,0.006254405,0.006675781
1783618384.914879799,0.013490107,0.015183646,0.002492806
1783618384.921132565,0.019824857,0.020322067,0.010705378
1783618384.922081709,0.015544176,0.015382185,0.004042669
1783618384.923256397,0.019443176,0.034402213,0.003611181
1783618384.924732685,0.017435262,-0.005278515,0.010202158
1783618384.926418781,0.018869276,0.008740127,0.004863268
1783618384.933739662,0.019816056,0.015503682,0.007294090
1783618384.934889793,0.014266926,0.005155524,0.000377537
1783618384.936419725,0.013298834,-0.005881885,0.007193929
1783618384.938106775,0.013116909,0.023953595,0.002252549
1783618384.939925194,0.013829976,0.009830938,0.009279862
1783618384.946224451,0.017100511,0.001142131,0.005422420
1783618384.947394609,0.013976256,0.007485183,0.004776684
1783618384.948390722,0.008760107,0.002693195,0.003746342
1783618384.949865341,0.017627324,0.016603652,0.007689788
1783618384.951493502,0.013265962,0.006525697,0.008004677
1783618384.955161333,0.020433185,0.011614600,0.000399699
1783618384.958637238,0.014152729,0.019665144,0.005718686
1783618384.959864140,0.016154535,0.000415851,-0.001616643
1783618384.961509705,0.016173675,0.025991230,0.002566234
1783618384.963750124,0.017361962,0.012117153,0.003994197
1783618384.964889050,0.020566524,0.028102739,-0.008063235
1783618384.966420174,0.015816969,0.011328119,0.012708214
1783618384.970651388,0.017472952,-0.001585123,0.000842778
1783618384.971593618,0.022395621,0.007973973,0.010791914
1783618384.973085642,0.013132289,0.000628001,0.002165291
1783618384.974707127,0.018247467,0.017834885,-0.006193619
1783618384.976555109,0.017685628,0.023907611,0.004974440
1783618384.978129387,0.020044379,0.008078874,-0.001223974
1783618384.983838081,0.013842121,0.002545913,0.001140171
1783618384.985005140,0.012543359,-0.001786879,0.003203501
1783618384.986613274,0.017795157,0.010350607,0.001663770
1783618384.988152504,0.016312968,0.009691561,0.010415760
1783618384.989796877,0.016695891,-0.001580688,0.006144437
1783618384.996069193,0.018562005,0.025818122,0.003791871
1783618384.997175217,0.013188449,0.021353884,0.002764976
1783618384.998214960,0.011332869,0.014936277,0.005812975
1783618384.999786377,0.016420087,0.006068851,0.003618642
1783618385.001473904,0.012184744,0.009448679,0.007180758
1783618385.008581638,0.018343036,0.017383865,0.009154169
1783618385.009763241,0.011030480,0.004035231,0.006913109
1783618385.011389017,0.014945570,-0.005510862,-0.002450136
1783618385.013731003,0.017629962,0.012956289,0.005492385
1783618385.014854193,0.015417882,-0.003393837,0.012327372
1783618385.016393185,0.019631414,-0.000792476,0.003918022
1783618385.021211386,0.020780215,0.031028732,-0.002247743
1783618385.022248030,0.014159937,-0.002856339,0.007679291
1783618385.023232698,0.015099635,0.009157705,0.002879293
1783618385.024908781,0.017777873,0.019007883,0.000672751
1783618385.026445150,0.011526005,0.012443046,0.000961507
1783618385.031567812,0.020117418,0.010157517,0.002237061
1783618385.033637285,0.017537949,0.012860020,0.010806884
1783618385.034710646,0.013649182,0.007462147,-0.006532228
1783618385.036513090,0.014411351,0.010574380,0.016131522
1783618385.038080692,0.016394540,-0.002624121,0.008491554
1783618385.039869070,0.009078406,0.001084957,0.000755190
1783618385.046225786,0.020808650,0.023349884,0.005213958
1783618385.047367096,0.021346860,0.013042519,-0.002416875
1783618385.048501492,0.014794591,0.008157835,0.005696748
1783618385.049870491,0.019456854,0.014193535,-0.001778939
1783618385.051612854,0.019668912,-0.000954757,0.003008141
1783618385.053102255,0.016541306,0.022027190,-0.000337721
1783618385.058614969,0.015381431,0.007735872,-0.000145402
1783618385.059935570,0.010669606,0.007887798,0.002699654
1783618385.061399460,0.014058843,-0.005261132,0.002261425
1783618385.063833714,0.009816466,0.023414204,0.003179810
1783618385.064972162,0.010271321,0.008230809,0.008222737
1783618385.066511393,0.017972036,0.002564415,0.008020276
1783618385.071088791,0.018789396,0.004491379,0.006948346
1783618385.072115421,0.018703190,0.004779249,0.006782779
1783618385.073072433,0.016559983,0.003108472,-0.002422747
1783618385.074728489,0.020487434,0.019911458,0.002960064
1783618385.076554060,0.021571252,0.015785226,0.006456575
1783618385.078133106,0.020154081,0.000094133,-0.001231201
1783618385.083839893,0.016038202,0.009429278,-0.007314531
1783618385.084974766,0.016984585,0.003881601,-0.005907318
1783618385.086524487,0.018428038,0.010850411,0.001761622
1783618385.088176012,0.015015091,0.015448102,0.002358747
1783618385.089707375,0.020155360,0.008607540,-0.001741431
1783618385.092705250,0.018476535,0.001867292,-0.003862540
1783618385.093577862,0.016029128,0.009581346,-0.001956176
1783618385.096256971,0.019596794,0.015590245,0.004689765
1783618385.097358465,0.013584189,0.010061000,0.002291071
1783618385.098386288,0.014146582,0.003353832,0.001297903
1783618385.099931479,0.017184655,0.015797669,0.009027254
1783618385.101574898,0.015914586,0.018865161,0.003109009
1783618385.103090048,0.012165368,0.005002665,0.007655879
1783618385.108568192,0.016815348,0.004493624,0.004605744
1783618385.109828711,0.012692027,0.015865448,0.006272857
1783618385.111390829,0.014526796,0.013386495,0.002939009
1783618385.113140583,0.012911648,-0.000848027,0.003425463
1783618385.114754200,0.017573446,0.016336101,-0.000544202
1783618385.121104717,0.022780222,0.000224008,0.010308553
1783618385.122187376,0.018343868,0.010132218,0.004107409
1783618385.123183250,0.008202927,-0.002803361,0.007623819
1783618385.124945164,0.019849046,0.007666922,0.000687369
1783618385.126540899,0.013031021,0.015803826,0.005841631
1783618385.128051281,0.010922395,0.007743789,0.001591103
1783618385.133712530,0.023342635,0.021068562,-0.009977041
1783618385.134867907,0.016765971,0.004100626,-0.001541666
1783618385.136383772,0.022284198,0.016794414,-0.007713842
1783618385.138048410,0.015626543,0.016704474,0.003191517
1783618385.139817715,0.015248897,0.007504840,-0.002037976
1783618385.146276712,0.020490789,0.000768225,-0.000583626
1783618385.147438765,0.013827464,0.002100272,-0.001775324
1783618385.148496389,0.020572714,0.019166292,-0.004895853
1783618385.149755239,0.016975019,0.012521632,0.006594240
1783618385.151455879,0.019277020,0.003832016,0.007964616
1783618385.153114319,0.014206802,0.003198174,0.000194256
1783618385.155665398,0.015644439,0.007866801,0.003285928
1783618385.156525612,0.011271309,0.008291911,0.006666263
1783618385.158716202,0.011866505,0.002357930,0.002481863
1783618385.159901381,0.007625451,-0.004477568,-0.000424158
1783618385.161530733,0.023293419,0.020620884,-0.002262239
1783618385.163749695,0.031821244,0.015893072,0.007612777
1783618385.164931297,0.009953079,0.005332815,-0.003346240
1783618385.166501284,0.018990248,0.023687255,-0.009288401
1783618385.170709372,0.022847433,0.026490032,0.001743653
1783618385.171581745,0.019052362,0.012023184,0.001580729
1783618385.173114538,0.023779977,0.021832714,-0.000419374
1783618385.174758911,0.014918288,-0.006961112,0.012652000
1783618385.176579714,0.012327551,-0.001845688,-0.008911343
1783618385.178052902,0.015668771,0.009353135,-0.003943356
1783618385.183886766,0.017606236,0.015436638,0.001111753
1783618385.185040236,0.017144714,0.014047507,-0.000967208
1783618385.186510086,0.019213796,0.010481716,0.007864740
1783618385.188045740,0.018138428,-0.000844275,0.003881548
1783618385.189890862,0.014634413,0.014065253,-0.002355537
1783618385.196159601,0.020147410,0.014700675,0.005007339
1783618385.197278976,0.014684258,0.013317124,0.001003674
1783618385.198295593,0.015824727,0.016694361,0.001729492
1783618385.199765921,0.012548542,0.003740686,0.003779816
1783618385.201470852,0.007167060,0.002184802,-0.000053264
1783618385.203175545,0.021107610,0.018819736,0.002133554
1783618385.208626747,0.022952238,0.017635387,0.000788749
1783618385.209955692,0.023373272,0.010703111,0.000040448
1783618385.211400509,0.025941904,0.019567578,0.000336345
1783618385.213806391,0.019740364,0.004506397,0.002813472
1783618385.214991331,0.015103203,0.016006977,-0.004017837
1783618385.216526270,0.020208009,0.015445081,0.000846409
1783618385.221100330,0.017187651,0.004704934,0.001767008
1783618385.222187519,0.019598174,0.014059147,-0.001100618
1783618385.223171711,0.007829673,0.021203172,0.000791107
1783618385.224917412,0.023799081,0.012992774,-0.001895925
1783618385.226475954,0.019887825,0.007323935,-0.002050295
1783618385.232467890,0.018794835,0.012874683,-0.003602884
1783618385.233450174,0.020605626,0.011616440,-0.004950737
1783618385.234913349,0.018752755,0.018844311,0.000455744
1783618385.236375809,0.013179514,0.005610528,0.001986552
1783618385.238754272,0.016333909,0.009891097,-0.000003494
1783618385.239803791,0.017331823,0.022198623,0.000287831
1783618385.246189356,0.018776202,0.015978701,0.004820311
1783618385.247301102,0.019508631,0.014203990,-0.002049841
1783618385.248329639,0.016198336,0.006911578,-0.009096462
1783618385.249839544,0.016733736,0.023598213,-0.006676404
1783618385.251492262,0.019015120,0.012999578,0.009225274
1783618385.258580685,0.012939769,0.003615856,0.002627416
1783618385.259748936,0.021652915,0.012790492,0.009824049
1783618385.261380911,0.015960820,0.012136067,-0.015559805
1783618385.263863087,0.013754139,0.001022911,-0.000747422
1783618385.265053272,0.017405660,0.022138505,-0.000428269
1783618385.266599178,0.015462601,0.011351325,-0.007459874
1783618385.271143675,0.011395457,0.000841037,-0.001532632
1783618385.272232533,0.026070470,0.024617366,-0.008061317
1783618385.273217440,0.025334652,0.020387498,-0.005490610
1783618385.274887323,0.016325801,0.005971228,-0.006375797
1783618385.276526213,0.016785292,0.020585534,-0.002746907
1783618385.278050423,0.016880488,0.014169591,-0.003725742
1783618385.283872843,0.016500997,0.008208929,-0.007817890
1783618385.285003424,0.024786338,0.008470596,0.007550121
1783618385.286551952,0.014275792,0.005178421,-0.003796798
1783618385.288235664,0.020813547,0.014472964,0.002104997
1783618385.289780617,0.017808729,0.019157220,0.003497579
1783618385.294806719,0.010947921,0.008770333,-0.012667243
1783618385.296465874,0.019220755,0.020627180,-0.002598798
1783618385.298139095,0.022695399,0.006567955,-0.000477764
1783618385.299728394,0.011345155,-0.005737588,-0.002836983
1783618385.301626682,0.024161051,0.020835014,-0.001869269
1783618385.303121090,0.016775608,0.013996800,-0.004370968
1783618385.308736801,0.008906372,0.017431144,-0.018810428
1783618385.309928656,0.063339165,0.022456417,-0.026754701
1783618385.311592102,0.081553570,0.004795651,-0.024077208
1783618385.313777924,0.080787363,-0.007579314,-0.025897966
1783618385.314894199,0.092731329,-0.001425014,-0.037767822
1783618385.316454172,0.097207104,-0.009562340,-0.033875218
1783618385.321058989,0.103689484,-0.027944570,-0.038394286
1783618385.321992397,0.130750250,-0.028819954,-0.033676622
1783618385.323161602,0.134270015,-0.047223323,-0.031450631
1783618385.324820042,0.142615679,-0.056483452,-0.031817948
1783618385.326501608,0.152708377,-0.045198465,-0.028693020
1783618385.328091621,0.158585992,-0.070240213,-0.022120479
1783618385.333773613,0.160457716,-0.085016640,-0.022236972
1783618385.334995985,0.179122395,-0.083218594,-0.018761407
1783618385.336559772,0.183468451,-0.083826183,-0.033564045
1783618385.338228941,0.182834297,-0.085750279,-0.032732552
1783618385.339796782,0.188039411,-0.072907037,-0.027303066
1783618385.346163273,0.196118065,-0.088249056,-0.031296419
1783618385.347298384,0.199643506,-0.082040379,-0.039578287
1783618385.348388910,0.195924005,-0.092086164,-0.041996704
1783618385.349927425,0.192441537,-0.084230517,-0.052869370
1783618385.351595879,0.194878213,-0.075321544,-0.053146358
1783618385.353117943,0.193501571,-0.087312781,-0.053931056
1783618385.356540442,0.189384281,-0.088257889,-0.059261190
1783618385.358578682,0.194934425,-0.081752848,-0.062420400
1783618385.359763384,0.191389531,-0.076927434,-0.056051087
1783618385.361408710,0.186086778,-0.094537649,-0.056326541
1783618385.363779306,0.187807191,-0.078308595,-0.058696157
1783618385.365012646,0.183497048,-0.079045339,-0.056365510
1783618385.366574287,0.185943427,-0.079368585,-0.047998109
1783618385.371209383,0.189584116,-0.099812709,-0.055203131
1783618385.372279882,0.197317549,-0.092940248,-0.057989785
1783618385.373260498,0.195021482,-0.079978507,-0.061605452
1783618385.374714613,0.206065086,-0.081203873,-0.048557165
1783618385.376460552,0.202650369,-0.077935020,-0.054003660
1783618385.383847952,0.203180381,-0.087154345,-0.058571408
1783618385.385058880,0.210463064,-0.109099892,-0.043031025
1783618385.386606216,0.214480561,-0.092770237,-0.037289642
1783618385.388079882,0.212743924,-0.108752462,-0.035249100
1783618385.389750004,0.205660080,-0.109237978,-0.033678814
1783618385.396152735,0.213765995,-0.103185232,-0.028235264
1783618385.397317410,0.223601582,-0.098426863,-0.028974038
1783618385.398339748,0.226237528,-0.081148376,-0.021442451
1783618385.399832010,0.236685067,-0.078364005,-0.041906693
1783618385.401579618,0.243857046,-0.064757552,-0.046991912
1783618385.403158903,0.255281672,-0.050287576,-0.046681051
1783618385.408726215,0.258089390,-0.059704797,-0.037482207
1783618385.409720898,0.262410418,-0.008077717,-0.064254193
1783618385.411419392,0.260796995,-0.009164296,-0.061352473
1783618385.413789511,0.269261466,0.001132377,-0.066781241
1783618385.414961815,0.274080102,0.028038620,-0.083081358
1783618385.416491270,0.259367351,0.018691532,-0.082654280
1783618385.418223143,0.255122359,0.008714648,-0.074586626
1783618385.421170473,0.274604734,0.025742813,-0.099981544
1783618385.422254801,0.264376646,0.027170034,-0.076948463
1783618385.423248291,0.253336869,-0.001122199,-0.071385620
1783618385.424933910,0.273803178,0.034959117,-0.101544871
1783618385.426474333,0.279902262,0.044952596,-0.094569564
1783618385.433474779,0.256146029,0.018690847,-0.084350544
1783618385.434950829,0.279621180,0.040699721,-0.094089670
1783618385.436528683,0.287358940,0.038728054,-0.123348893
1783618385.438211441,0.293718342,0.046325321,-0.130897365
1783618385.439762115,0.288347264,0.050634641,-0.127582012
1783618385.446070910,0.297310137,0.054055429,-0.143891947
1783618385.447170258,0.339728477,0.095086848,-0.189621158
1783618385.448246956,0.336264731,0.086571539,-0.151831621
1783618385.449739695,0.370241327,0.130266072,-0.177911796
1783618385.451450586,0.353890901,0.095633452,-0.153263315
1783618385.453096628,0.374249021,0.110940188,-0.184306866
1783618385.458775759,0.391086093,0.129885832,-0.183716908
1783618385.459765434,0.412394842,0.127856041,-0.180773255
1783618385.461426258,0.421298945,0.111985530,-0.159912914
1783618385.463822126,0.423178102,0.097179455,-0.166678813
1783618385.465104103,0.449915819,0.120476985,-0.170860091
1783618385.466448307,0.443916037,0.098196656,-0.152043779
1783618385.471159458,0.453022208,0.095057227,-0.161923617
1783618385.472219706,0.479581875,0.121024376,-0.164180485
1783618385.473188877,0.465595873,0.113821828,-0.156190829
1783618385.474878073,0.483117720,0.106559758,-0.151219733
1783618385.476511717,0.504790425,0.144829430,-0.160406411
1783618385.483899832,0.497520670,0.117816373,-0.125603519
1783618385.485111475,0.536706652,0.142953211,-0.084307984
1783618385.486399412,0.560905346,0.151342285,-0.112456429
1783618385.488080263,0.552575336,0.150908953,-0.081849725
1783618385.489747763,0.566498788,0.165021095,-0.051256740
1783618385.494153023,0.583166932,0.158691481,-0.065107484
1783618385.495008707,0.582316315,0.163142368,-0.006730258
1783618385.496685982,0.597842022,0.158283775,-0.004103055
1783618385.498063087,0.582966120,0.131203313,0.032227982
1783618385.499882936,0.591919617,0.159413789,0.025173061
1783618385.501566410,0.601466238,0.146900405,0.057691571
1783618385.503096819,0.601386372,0.136084442,0.077327507
1783618385.508724213,0.617857388,0.144114223,0.066422420
1783618385.509717226,0.622740934,0.140431822,0.118760790
1783618385.511388540,0.626383159,0.147122017,0.111747469
1783618385.513747215,0.630782602,0.147708793,0.135254213
1783618385.514882803,0.637782874,0.148372692,0.127487645
1783618385.516473293,0.645239707,0.146130484,0.137969272
1783618385.521081924,0.642199948,0.151678024,0.162689741
1783618385.522017717,0.654801803,0.138904033,0.185508784
1783618385.523224831,0.656253319,0.134447517,0.194026577
1783618385.524886608,0.665554735,0.154834142,0.215799455
1783618385.526437759,0.666719816,0.151746147,0.243604337
1783618385.533783913,0.668623601,0.139201697,0.247388448
1783618385.534987688,0.676002823,0.121559252,0.337133058
1783618385.536542892,0.679044335,0.116418584,0.377296645
1783618385.538208008,0.676063117,0.092226030,0.403357583
1783618385.539763927,0.674400912,0.089493536,0.425775720
1783618385.546242237,0.677785186,0.089231854,0.457492115
1783618385.547497988,0.679167852,0.064780275,0.520651174
1783618385.548580408,0.684891225,0.069206829,0.544796994
1783618385.549866438,0.686504577,0.049027220,0.568895696
1783618385.551499367,0.690206831,0.027849765,0.591515817
1783618385.553101301,0.687275470,0.039072613,0.607356114
1783618385.556500673,0.686085976,0.014703889,0.639155520
1783618385.558584929,0.688767068,0.001747409,0.666252518
1783618385.559897661,0.692897281,0.000354201,0.701425627
1783618385.561560631,0.692487733,-0.015001488,0.722621145
1783618385.563784361,0.687443127,-0.030059303,0.750702367
1783618385.564979076,0.699593270,-0.019037283,0.768220545
1783618385.566545010,0.703592848,-0.036484129,0.783242271
1783618385.571256638,0.700597909,-0.038805050,0.808143112
1783618385.572402239,0.712964925,-0.052832580,0.861029793
1783618385.573390007,0.719198275,-0.063207183,0.895083700
1783618385.574841499,0.723887159,-0.085410191,0.951735363
1783618385.576504707,0.770024782,-0.053365202,0.895541164
1783618385.578048468,0.750341535,-0.116402289,0.929951157
1783618385.583884954,0.765912925,-0.130221010,0.963326346
1783618385.585094929,0.802052939,-0.153337139,0.985555982
1783618385.586445093,0.802012600,-0.185273444,1.021343217
1783618385.588183165,0.784692890,-0.253980490,1.114607824
1783618385.589844942,0.789386354,-0.309416229,1.149925574
1783618385.596066713,0.811996914,-0.286574939,1.143052544
1783618385.597254992,0.808836337,-0.341880258,1.207641175
1783618385.598287821,0.808953792,-0.376484770,1.241650192
1783618385.599794149,0.814912287,-0.394862559,1.253925391
1783618385.601510048,0.839674702,-0.374256950,1.258692901
1783618385.603055000,0.831934149,-0.398483623,1.294809348
1783618385.608675241,0.834107475,-0.424316777,1.309191791
1783618385.609949589,0.859511765,-0.426709971,1.354312350
1783618385.611381531,0.868117610,-0.419446032,1.380385660
1783618385.613797903,0.867495867,-0.437692709,1.419358228
1783618385.614916086,0.860176140,-0.481824571,1.459183408
1783618385.616483688,0.870680227,-0.495961519,1.494966832
1783618385.618974686,0.876601162,-0.493424775,1.525602892
1783618385.619855404,0.873464901,-0.526057240,1.563728518
1783618385.621635914,0.881469917,-0.531653171,1.598170896
1783618385.623131514,0.891332850,-0.529833960,1.632867517
1783618385.624916077,0.885236799,-0.559994130,1.676526931
1783618385.626520872,0.900204152,-0.557466493,1.716010450
1783618385.628070593,0.904273803,-0.575122044,1.767752421
1783618385.633701086,0.903980404,-0.607967532,1.801140054
1783618385.634982824,0.847730579,-0.687677567,1.886567733
1783618385.636416912,0.890655546,-0.680322287,1.910966731
1783618385.638209343,0.908943874,-0.681603477,1.957050366
1783618385.639935732,0.919689172,-0.664606214,1.987431789
1783618385.646076202,0.908350253,-0.716643450,2.041171990
1783618385.647320509,0.930737953,-0.799565387,2.198112716
1783618385.648348331,0.927632341,-0.840362409,2.259866284
1783618385.649888515,0.942183435,-0.851787263,2.292895332
1783618385.651544094,0.939702005,-0.899554137,2.342834687
1783618385.653223991,0.943462849,-0.889136187,2.373722814
1783618385.658774853,0.930964481,-0.946529169,2.458520651
1783618385.659712076,0.925679878,-1.010951877,2.585265116
1783618385.661594391,0.910552326,-1.059393615,2.640490551
1783618385.663760185,0.907976204,-1.091563884,2.695435963
1783618385.664880276,0.920172699,-1.108077208,2.729373386
1783618385.666496515,0.905656022,-1.151575000,2.789716788
1783618385.671193838,0.895223572,-1.194633896,2.845209074
1783618385.672152996,0.892761860,-1.267768718,2.952413884
1783618385.673090696,0.878453464,-1.306419594,2.990752312
1783618385.674742460,0.880069439,-1.329026287,3.039719482
1783618385.676507711,0.882894489,-1.348109470,3.081478724
1783618385.680833101,0.883285448,-1.373536470,3.108611956
1783618385.681808949,0.908939681,-1.397074912,3.139428013
1783618385.683805704,0.904890077,-1.427111160,3.151791639
1783618385.684881210,0.905066997,-1.434002037,3.149724048
1783618385.686389685,0.909045931,-1.445728325,3.177428523
1783618385.688052893,0.909901137,-1.462482621,3.199549981
1783618385.689816475,0.908893240,-1.482090668,3.214468032
1783618385.695471048,0.914458384,-1.491846125,3.239467622
1783618385.696662188,0.924028763,-1.567879457,3.291134850
1783618385.698268414,0.919106651,-1.582691063,3.346453889
1783618385.699823141,0.945192908,-1.581926602,3.319264676
1783618385.701488733,0.934400180,-1.594147101,3.324458844
1783618385.708575249,0.919975486,-1.604007705,3.362913566
1783618385.709742546,0.909898395,-1.636782165,3.323023988
1783618385.711418390,0.910047340,-1.620623508,3.305199386
1783618385.713733435,0.906997607,-1.641674542,3.292619020
1783618385.714848042,0.897812164,-1.658270125,3.251029164
1783618385.716387033,0.904329726,-1.674493545,3.256948745
1783618385.721146584,0.912188628,-1.717216360,3.274493240
1783618385.722091913,0.930720251,-1.740172733,3.329972226
1783618385.723031998,0.932258855,-1.783172408,3.358762928
1783618385.724935770,0.944236130,-1.803893968,3.367475848
1783618385.726487160,0.966837223,-1.813823354,3.392463032
1783618385.728124380,0.987658741,-1.842194074,3.429943415
1783618385.733892441,0.985414301,-1.878668119,3.457295626
1783618385.735045910,1.015850118,-1.955147670,3.538934035
1783618385.736631632,1.018407373,-1.992993670,3.556487535
1783618385.738083124,1.014406405,-2.020462158,3.573175695
1783618385.739758730,1.025790544,-2.024318643,3.585475259
1783618385.742411137,1.034693333,-2.073544958,3.616654827
1783618385.743294477,1.041539537,-2.105674780,3.626766715
1783618385.746097803,1.050699601,-2.133619147,3.655776948
1783618385.747385025,1.051490698,-2.177608065,3.680779795
1783618385.748439074,1.048627424,-2.233678799,3.704009788
1783618385.749707460,1.060209540,-2.280964734,3.734235122
1783618385.751599789,1.059171423,-2.344592661,3.779127504
1783618385.753123999,1.051424015,-2.409617622,3.808594712
1783618385.757481337,1.051920543,-2.480285973,3.839071136
1783618385.758363008,1.041071623,-2.636629042,3.909413135
1783618385.759773016,1.034859358,-2.719456097,3.934529451
1783618385.761448860,1.035234186,-2.798516696,3.977081323
1783618385.763751268,1.026283573,-2.903649297,4.033761115
1783618385.764879465,1.006420629,-3.015317251,4.079538282
1783618385.766452551,0.994976809,-3.110372259,4.151615810
1783618385.771178484,0.995767288,-3.229634271,4.200543335
1783618385.772125483,0.983150879,-3.480384799,4.320607862
1783618385.773327112,0.979271992,-3.629079820,4.400289568
1783618385.774943590,0.969246041,-3.765361085,4.477011917
1783618385.776540756,0.936327341,-3.901007956,4.551596006
1783618385.778083563,0.927577291,-4.044477634,4.621578716
1783618385.783859015,0.906273062,-4.188478647,4.719826696
1783618385.784993410,0.921503319,-4.599588641,4.964343320
1783618385.786523342,0.894272810,-4.730202371,5.059563647
1783618385.788147926,0.869437156,-4.851750935,5.169587951
1783618385.789936304,0.864936916,-4.978749559,5.264644400
1783618385.796088219,0.830974488,-5.121995492,5.398498454
1783618385.797234774,0.827457763,-5.558676814,5.698518824
1783618385.798257589,0.817987851,-5.722542680,5.792138356
1783618385.799749136,0.801123909,-5.821114948,5.902636814
1783618385.801490068,0.770725059,-5.936149353,6.024954139
1783618385.808704615,0.728948840,-6.048191716,6.139132069
1783618385.809896231,0.718673462,-6.506311794,6.431929988
1783618385.811560392,0.688388724,-6.525223393,6.493648030
1783618385.813776493,0.660631847,-6.561118457,6.605555424
1783618385.814873934,0.648949661,-6.638110205,6.641778263
1783618385.816415787,0.616404750,-6.645969176,6.696222983
1783618385.818552732,0.617726945,-6.683933782,6.727980270
1783618385.821084261,0.606919526,-6.736586590,6.760890433
1783618385.822026014,0.597729410,-6.806032143,6.805861061
1783618385.823222160,0.580431694,-6.871342120,6.816523716
1783618385.824882269,0.562319524,-6.885791374,6.854534204
1783618385.826553583,0.531986589,-6.914794416,6.939382365
1783618385.828080416,0.494753860,-6.951362289,6.996913802
1783618385.833887815,0.492972047,-7.002297468,7.009656403
1783618385.834920168,0.477394282,-7.149783296,7.076646882
1783618385.836575270,0.477103655,-7.169246743,7.084263468
1783618385.838064909,0.451107177,-7.167729046,7.118867703
1783618385.839721441,0.425731235,-7.189449610,7.169988533
1783618385.846117973,0.394986142,-7.176872725,7.200417969
1783618385.847278118,0.398046968,-7.289064379,7.279923070
1783618385.848370552,0.387776690,-7.278253471,7.257711623
1783618385.849726915,0.381682366,-7.243384125,7.275157261
1783618385.851367712,0.345435939,-7.240215364,7.287298234
1783618385.853111029,0.313418425,-7.242912782,7.302848528
1783618385.858576298,0.329303320,-7.241654218,7.301113166
1783618385.859760523,0.300701549,-7.331517292,7.319918755
1783618385.861437082,0.283026346,-7.340639733,7.344404229
1783618385.863770485,0.261309995,-7.319070610,7.360331558
1783618385.864907265,0.253803726,-7.357150914,7.363858812
1783618385.866432905,0.242169952,-7.362340094,7.389608250
1783618385.871089220,0.242958807,-7.365008787,7.386000289
1783618385.872040510,0.247830248,-7.381072503,7.403363523
1783618385.873224258,0.245497707,-7.409875884,7.404510438
1783618385.874893904,0.223808011,-7.411232204,7.409417151
1783618385.876418114,0.226895788,-7.394774058,7.427986288
1783618385.880494833,0.220656891,-7.403120215,7.453837459
1783618385.881457806,0.213604406,-7.431078949,7.468277295
1783618385.883654833,0.223967683,-7.438701550,7.488326458
1783618385.884737730,0.222045790,-7.472323001,7.512540531
1783618385.886514664,0.212855447,-7.482149045,7.509968741
1783618385.888075590,0.202424333,-7.504126728,7.532418918
1783618385.889855623,0.194135933,-7.514396713,7.535630956
1783618385.895464897,0.194072484,-7.535770109,7.541603002
1783618385.896682739,0.204507409,-7.573297833,7.600949463
1783618385.898266077,0.188961956,-7.590715920,7.587221555
1783618385.899796009,0.198548446,-7.614868588,7.607984789
1783618385.901528358,0.182943281,-7.593832621,7.614887084
1783618385.903043270,0.181757943,-7.591766598,7.594577501
1783618385.908579111,0.182207551,-7.584252760,7.621728984
1783618385.909744501,0.211488600,-7.542104749,7.579965714
1783618385.911385536,0.186841876,-7.530567365,7.595986893
1783618385.913864613,0.196896664,-7.469834090,7.550975271
1783618385.914991140,0.195880950,-7.418479158,7.548723599
1783618385.916574478,0.205005972,-7.373180882,7.501020686
1783618385.921183825,0.223824083,-7.317876831,7.484887903
1783618385.922122717,0.226281920,-7.231395516,7.440418529
1783618385.923104048,0.260598588,-7.162331780,7.401221573
1783618385.924757957,0.249013741,-7.127792778,7.384135217
1783618385.926416874,0.232365172,-7.068109602,7.347564258
1783618385.933735847,0.227975753,-7.015989050,7.320477405
1783618385.934890270,0.265752323,-6.773768377,7.193127468
1783618385.936424255,0.247215858,-6.720713250,7.162038643
1783618385.938096285,0.232533938,-6.655776330,7.124343902
1783618385.939887285,0.236675888,-6.600559785,7.084837822
1783618385.942164898,0.234677401,-6.545146521,7.050470268
1783618385.943147898,0.234138640,-6.470225034,7.013260756
1783618385.946165323,0.232442173,-6.376397345,6.976962045
1783618385.947332382,0.220399279,-6.310705353,6.960745503
1783618385.948349237,0.234358698,-6.233871254,6.911087785
1783618385.949863434,0.226571993,-6.110019374,6.844717630
1783618385.951531649,0.229092459,-6.015549695,6.779367690
1783618385.953070641,0.225051304,-5.906529466,6.685373643
1783618385.957540274,0.214100276,-5.764485728,6.637792192
1783618385.958365917,0.236537923,-5.447440885,6.470003663
1783618385.959721327,0.243993405,-5.285066391,6.394167388
1783618385.961409569,0.249779926,-5.119433999,6.277669748
1783618385.963845730,0.260861961,-4.930974863,6.168199923
1783618385.964982510,0.281223441,-4.733864953,6.061734080
1783618385.966521025,0.294659675,-4.552604545,5.946407032
1783618385.971074104,0.310053010,-4.347432833,5.841474358
1783618385.972004414,0.352694716,-3.895310658,5.613525435
1783618385.973304987,0.377639284,-3.673895047,5.488825465
1783618385.974832058,0.405205288,-3.451296405,5.349966241
1783618385.976524115,0.440550293,-3.237046702,5.222273364
1783618385.978065491,0.461905525,-3.039278391,5.085179215
1783618385.983829498,0.480186521,-2.820343579,4.974131593
1783618385.984948635,0.556880661,-2.170986621,4.634553258
1783618385.986458302,0.584032750,-2.001810553,4.511765892
1783618385.988141775,0.614345909,-1.824907241,4.385213742
1783618385.989918232,0.619216751,-1.711647552,4.296664552
1783618385.996048450,0.618671447,-1.567310974,4.219061934
1783618385.997149467,0.644906042,-1.180769361,4.009005844
1783618385.998145103,0.661815662,-1.053878437,3.942364230
1783618385.999873638,0.661303471,-0.990409267,3.880554411
1783618386.001425266,0.640802818,-0.929570709,3.821594063
1783618386.004480600,0.647406150,-0.870415732,3.751229150
1783618386.005305290,0.652878885,-0.751418435,3.691304313
1783618386.008602619,0.660267526,-0.677184057,3.645942640
1783618386.009781122,0.672448285,-0.609292643,3.597084025
1783618386.011420012,0.669949244,-0.556513059,3.556570311
1783618386.013773203,0.660486131,-0.536606548,3.539813482
1783618386.014891148,0.649928716,-0.484526720,3.518945321
1783618386.016450405,0.624374994,-0.468379360,3.507193902
1783618386.019742250,0.626945835,-0.421590738,3.498003254
1783618386.021395445,0.603916067,-0.353980730,3.503709324
1783618386.023317814,0.578911487,-0.361935681,3.505002578
1783618386.024766922,0.568717841,-0.331660232,3.515304583
1783618386.026576996,0.523517837,-0.347897520,3.522215791
1783618386.028121948,0.485273993,-0.350693296,3.539099960
1783618386.033845425,0.472173614,-0.331653509,3.564575442
1783618386.034956217,0.428450760,-0.273350081,3.637749997
1783618386.036382914,0.422542306,-0.246435744,3.641998929
1783618386.038109303,0.387932802,-0.271416404,3.651576668
1783618386.039766073,0.364281801,-0.287949864,3.669108766
1783618386.046227694,0.316600921,-0.330083397,3.682530376
1783618386.047343016,0.278299453,-0.313952804,3.708101465
1783618386.048360586,0.262609650,-0.308596820,3.707105259
1783618386.049816370,0.234330312,-0.321399455,3.714164477
1783618386.051530123,0.216681550,-0.331807439,3.713871229
1783618386.053124905,0.180320317,-0.353157240,3.701243195
1783618386.058717012,0.170572543,-0.339933168,3.693356208
1783618386.059751749,0.158098448,-0.294513580,3.643463558
1783618386.061443090,0.142193797,-0.285501278,3.632855173
1783618386.063813925,0.125288936,-0.299691961,3.620061739
1783618386.064906359,0.121573139,-0.300718858,3.604822798
1783618386.066503048,0.104894873,-0.291147170,3.584071989
1783618386.071164608,0.108905065,-0.273352901,3.569848389
1783618386.072095633,0.117067751,-0.265283398,3.531999823
1783618386.073035240,0.113782251,-0.239254130,3.506001373
1783618386.074917555,0.103845618,-0.254836275,3.490681578
1783618386.076428413,0.084270501,-0.262769240,3.457049786
1783618386.081490993,0.071487561,-0.252113301,3.433041998
1783618386.083644867,0.094491617,-0.203096413,3.374439267
1783618386.084731579,0.113094939,-0.200359909,3.346208603
1783618386.086475611,0.108659230,-0.183721729,3.312087371
1783618386.088753700,0.094982109,-0.185227643,3.294700054
1783618386.089706898,0.124962874,-0.139653232,3.239496780
1783618386.096226454,0.113480590,-0.152104872,3.213721444
1783618386.097431898,0.166701498,-0.108129723,3.137009497
1783618386.098447800,0.163734693,-0.105400819,3.113245495
1783618386.099916935,0.176770804,-0.074021280,3.100653693
1783618386.101538897,0.176719841,-0.062817367,3.091269579
1783618386.103052616,0.161951558,-0.059645076,3.067111364
1783618386.108763456,0.187951380,-0.044874044,3.071671532
1783618386.109798193,0.222993125,-0.016781600,3.044142573
1783618386.111534357,0.215797484,0.010381969,3.037923492
1783618386.113203526,0.222236205,0.028849928,3.035345894
1783618386.114963531,0.221447103,0.025101165,3.032400341
1783618386.121230125,0.233371349,0.054573202,3.022875060
1783618386.122172594,0.322050556,0.105171458,3.000081442
1783618386.123107433,0.322481678,0.125506919,3.009762851
1783618386.124762774,0.321961409,0.119976678,3.006212429
1783618386.126428366,0.330042009,0.143112395,3.008289067
1783618386.128091812,0.336032291,0.156180933,3.009859134
1783618386.133813620,0.337355506,0.159207935,3.011237944
1783618386.135067701,0.389378836,0.178748637,3.005209345
1783618386.136608839,0.382580550,0.189175893,3.005544443
1783618386.138038874,0.386444607,0.190404721,2.998125692
1783618386.139727592,0.392465803,0.221048957,2.997792201
1783618386.143447399,0.394138764,0.244697507,2.986309260
1783618386.146113873,0.440352789,0.280231130,2.964559932
1783618386.147267580,0.479533691,0.286307011,2.966359409
1783618386.148295403,0.480444155,0.300549762,2.961152839
1783618386.149804592,0.502016649,0.325332871,2.958490970
1783618386.151456594,0.511777787,0.326756872,2.957600074
1783618386.158557415,0.514127203,0.338489448,2.960680501
1783618386.159830809,0.573487783,0.363297974,2.952328531
1783618386.161568165,0.585518588,0.387005734,2.944802160
1783618386.163106441,0.594782851,0.405769204,2.950198991
1783618386.164794922,0.614081438,0.410474807,2.951695527
1783618386.171212435,0.623383817,0.416769894,2.940627157
1783618386.172237158,0.723218309,0.471020832,2.935866420
1783618386.173223495,0.735720315,0.509378145,2.937833692
1783618386.174922705,0.747858277,0.523640505,2.939260877
1783618386.176496506,0.767918044,0.523570835,2.943098961
1783618386.183841944,0.784164023,0.554900663,2.934375611
1783618386.184976816,0.865027835,0.575450646,2.938238650
1783618386.186525822,0.882985528,0.597986900,2.940803270
1783618386.188242435,0.900294001,0.604974075,2.945429289
1783618386.189790010,0.910682395,0.615542821,2.927426309
1783618386.196303606,0.952717451,0.679084882,2.867984457
1783618386.197523355,1.004387717,0.625056549,2.906869860
1783618386.198573112,1.037514658,0.703278159,2.866765179
1783618386.199805975,1.024634529,0.687873586,2.908675933
1783618386.201433182,1.067420818,0.674186047,2.889731316
1783618386.203081369,1.098585269,0.682095837,2.877024715
1783618386.205623865,1.108181929,0.676928659,2.878475001
1783618386.206766129,1.115663101,0.639277036,2.914466321
1783618386.208560944,1.130668973,0.629882117,2.918617653
1783618386.209952116,1.138711814,0.651112586,2.923528056
1783618386.211439610,1.156235555,0.642516540,2.928597599
1783618386.213153601,1.166485860,0.637875329,2.944756812
1783618386.214744091,1.170004513,0.652107651,2.950020969
1783618386.221082211,1.184086090,0.671466266,2.959946370
1783618386.222105503,1.208015437,0.706460994,2.972210975
1783618386.223093748,1.218714438,0.732140407,2.965222580
1783618386.224777699,1.217807494,0.730969819,2.963575088
1783618386.226429939,1.222472852,0.716918332,2.946254556
1783618386.233737469,1.233474032,0.728203386,2.934259684
1783618386.234898806,1.270003766,0.560990399,2.951684554
1783618386.236461878,1.282395035,0.492380180,2.975960533
1783618386.238151312,1.307410358,0.417157198,3.015736274
1783618386.239714384,1.320001710,0.348892141,3.069313575
1783618386.246217728,1.339232457,0.277549165,3.106669138
1783618386.247436285,1.379441280,0.091220051,3.212350657
1783618386.248461723,1.407713411,0.050999212,3.234075665
1783618386.249928474,1.408954292,-0.044604262,3.270823778
1783618386.251576662,1.423928542,-0.104042507,3.310541884
1783618386.253073215,1.446173094,-0.175966031,3.373261405
1783618386.258650303,1.447802639,-0.267786165,3.426958039
1783618386.259931564,1.457877044,-0.411912541,3.521622261
1783618386.261586905,1.454297222,-0.509732899,3.595400063
1783618386.263920546,1.464463967,-0.603260959,3.638940648
1783618386.265033960,1.477899093,-0.763477731,3.734352512
1783618386.266674995,1.488661664,-0.874285214,3.805766959
1783618386.271133900,1.492515712,-0.997968869,3.880371301
1783618386.272128344,1.507128517,-1.238003509,4.009070984
1783618386.273099422,1.501638285,-1.408753429,4.105353702
1783618386.274775505,1.508109510,-1.553710832,4.184706245
1783618386.276565075,1.501769558,-1.717555412,4.289328977
1783618386.278109789,1.508866963,-1.908245796,4.400724298
1783618386.282072067,1.501113316,-2.104835041,4.508357448
1783618386.283483267,1.503169523,-2.272575153,4.605296872
1783618386.284720421,1.493059451,-2.481573074,4.728810294
1783618386.286548615,1.491647743,-2.687982947,4.837781810
1783618386.288146257,1.483644902,-2.881696021,4.940620035
1783618386.289936304,1.489473532,-3.082871919,5.062657497
1783618386.296288252,1.468229421,-3.285582853,5.173506060
1783618386.297520399,1.410509648,-4.145677075,5.609370501
1783618386.298575401,1.386604840,-4.336241975,5.674658477
1783618386.299871445,1.351253472,-4.487382540,5.815941423
1783618386.301539898,1.295850710,-4.664089046,5.919429340
1783618386.303220987,1.255171027,-4.829861984,6.020283024
1783618386.308764935,1.216063664,-4.979427783,6.103256003
1783618386.309826851,1.164246896,-5.320035402,6.253517494
1783618386.311540604,1.103906568,-5.450166097,6.343155286
1783618386.313186884,1.041763493,-5.562645535,6.422628075
1783618386.314913988,1.000609194,-5.742370964,6.455734725
1783618386.321124077,0.939387850,-5.847237051,6.557303143
1783618386.322063446,0.862331446,-6.339374208,6.757646300
1783618386.323253393,0.832097413,-6.516691106,6.806296966
1783618386.324901342,0.762808429,-6.670255949,6.897693607
1783618386.326404572,0.708117068,-6.747250103,6.999936038
1783618386.333838463,0.663475730,-6.865914877,7.092680822
1783618386.335108995,0.611240685,-7.382758036,7.312396797
1783618386.336410284,0.569758234,-7.539689467,7.339971970
1783618386.338118315,0.503938169,-7.632071931,7.425413489
1783618386.339776516,0.439896005,-7.755000341,7.504349289
1783618386.343879461,0.397530332,-7.846200286,7.613330717
1783618386.344779253,0.367900563,-8.104828189,7.710018443
1783618386.346705675,0.318955707,-8.265192703,7.744507347
1783618386.348114014,0.284946182,-8.371293447,7.838899829
1783618386.349719763,0.241460567,-8.518520416,7.858600600
1783618386.351461887,0.198721554,-8.614712700,7.959015207
1783618386.358665943,0.136728622,-8.736170534,8.021948404
1783618386.359929800,0.025263118,-9.158919284,8.126070775
1783618386.361585855,-0.033579310,-9.287468621,8.200131902
1783618386.363830328,-0.047783459,-9.350835531,8.308739769
1783618386.364997387,-0.105506939,-9.640607541,8.434494099
1783618386.366572618,-0.141025693,-9.746882577,8.516088317
1783618386.371060848,-0.172472507,-9.907979329,8.579940403
1783618386.371989250,-0.228440455,-10.204772174,8.765983156
1783618386.373182297,-0.283921287,-10.408920271,8.803160283
1783618386.374864101,-0.345677402,-10.533689903,8.891965214
1783618386.376585484,-0.346981090,-10.646037385,9.067064924
1783618386.378052711,-0.391009136,-10.796217066,9.198336222
1783618386.383909464,-0.407960279,-10.939413226,9.261101924
1783618386.385102987,-0.469118135,-11.414053428,9.543519101
1783618386.386399508,-0.527046988,-11.591909526,9.579422515
1783618386.388107538,-0.570637382,-11.657182389,9.685477243
1783618386.389811039,-0.614108170,-11.702975688,9.755660868
1783618386.396246910,-0.629800918,-11.688725031,9.849645843
1783618386.397471666,-0.634246436,-11.624035922,9.817180997
1783618386.398497343,-0.672046954,-11.621713683,9.767326553
1783618386.399729013,-0.678559730,-11.532986331,9.799616027
1783618386.401400089,-0.718926299,-11.474183491,9.789244245
1783618386.403057575,-0.763001246,-11.420420818,9.771734260
1783618386.406530380,-0.770223660,-11.350977898,9.725729742
1783618386.408825397,-0.799710066,-11.298009182,9.673310237
1783618386.409832716,-0.808521160,-11.133924215,9.544347442
1783618386.411519289,-0.833765772,-11.032772545,9.499929870
1783618386.413175821,-0.854275788,-10.933499178,9.436444320
1783618386.414877415,-0.865470086,-10.831739220,9.332459908
1783618386.421330690,-0.852143767,-10.689392203,9.269809924
1783618386.422768593,-0.872134595,-10.328009065,8.992674893
1783618386.423814058,-0.895577952,-10.207471267,8.870405727
1783618386.424811363,-0.907290521,-10.064842355,8.756209454
1783618386.426524401,-0.893823929,-9.882016662,8.639302308
1783618386.428177595,-0.890565717,-9.735147046,8.534268983
1783618386.433817387,-0.867722279,-9.529464989,8.409877575
1783618386.435069799,-0.857012144,-8.938549533,7.987573997
1783618386.436409235,-0.859317822,-8.721836497,7.812841787
1783618386.438127041,-0.837291153,-8.480477402,7.655906685
1783618386.439791441,-0.824138191,-8.252341257,7.487282428
1783618386.446246862,-0.787492140,-8.017078625,7.340368831
1783618386.447443485,-0.770690750,-7.313915775,6.850689923
1783618386.448464632,-0.779147647,-7.081576649,6.681356200
1783618386.449943304,-0.744809220,-6.840900649,6.524718170
1783618386.451553345,-0.721682948,-6.609762382,6.368639723
1783618386.453094482,-0.710946901,-6.380114443,6.197929354
1783618386.458740473,-0.708957031,-6.122777116,6.034189105
1783618386.459789991,-0.723384145,-5.390014796,5.570799706
1783618386.461493492,-0.705411372,-5.157570504,5.409779118
1783618386.463854074,-0.692842871,-4.936626907,5.254901246
1783618386.465023756,-0.697094403,-4.684565681,5.107169694
1783618386.466542006,-0.672440036,-4.451807397,4.950768743
1783618386.468626976,-0.679282989,-4.218206712,4.812330331
1783618386.471168756,-0.685384287,-3.981305747,4.677094861
1783618386.472257376,-0.691210555,-3.744884798,4.547831389
1783618386.473224878,-0.691476271,-3.548296592,4.428531682
1783618386.474879742,-0.695229668,-3.416799758,4.325163576
1783618386.476491690,-0.670949593,-3.242836278,4.225534677
1783618386.483976126,-0.649128485,-3.086786992,4.112267587
1783618386.485278606,-0.655396363,-2.452771637,3.794261623
1783618386.486571789,-0.672706726,-2.332025952,3.714653941
1783618386.488077879,-0.667562994,-2.209471900,3.625394785
1783618386.489770174,-0.663152293,-2.097246072,3.548996876
1783618386.496175528,-0.633287088,-1.990024892,3.475068017
1783618386.497377634,-0.640090186,-1.604756011,3.299785276
1783618386.498391867,-0.631327336,-1.463660148,3.209573838
1783618386.499772787,-0.621689879,-1.386334680,3.175960729
1783618386.501407623,-0.613638533,-1.298709599,3.106853226
1783618386.503055573,-0.590804469,-1.202019570,3.016163396
1783618386.508794546,-0.571297285,-1.090365849,2.973278541
1783618386.509879827,-0.549879114,-0.805208748,2.866370141
1783618386.511552095,-0.526851530,-0.746337011,2.823525644
1783618386.513174057,-0.536790992,-0.725004016,2.794785958
1783618386.514865160,-0.523122280,-0.643470822,2.774383210
1783618386.521349192,-0.494919718,-0.604695299,2.752995907
1783618386.523099184,-0.457253326,-0.454141417,2.722960458
1783618386.524849653,-0.444970897,-0.463264778,2.718791981
1783618386.526502848,-0.434919481,-0.426997201,2.725972404
1783618386.528052807,-0.424462304,-0.399727124,2.717845443
1783618386.533852577,-0.433159804,-0.388059598,2.757401326
1783618386.535090208,-0.400852508,-0.286031025,2.790038657
1783618386.536386967,-0.366769197,-0.252699190,2.789096225
1783618386.538081884,-0.363597736,-0.275406472,2.779348347
1783618386.539733410,-0.363507220,-0.311460927,2.773664746
1783618386.544986010,-0.381484243,-0.328447561,2.757694986
1783618386.546486139,-0.367383033,-0.295589593,2.760886686
1783618386.548258543,-0.376580876,-0.323192407,2.739355621
1783618386.549828529,-0.360052990,-0.298177141,2.744689778
1783618386.551648855,-0.360750219,-0.308379717,2.731433696
1783618386.553156137,-0.374717728,-0.329879772,2.722391403
1783618386.558805466,-0.370716151,-0.317847155,2.727659681
1783618386.559740782,-0.366672446,-0.295946381,2.723607758
1783618386.561411381,-0.377487676,-0.318333229,2.725626113
1783618386.563851595,-0.388725010,-0.370372561,2.722256465
1783618386.565016508,-0.406950810,-0.372483399,2.711096011
1783618386.566538811,-0.419905578,-0.394169695,2.700832356
1783618386.571243048,-0.425275134,-0.391852531,2.691990706
1783618386.572269678,-0.444840189,-0.403811154,2.662855164
1783618386.573229790,-0.443771411,-0.398624081,2.660361360
1783618386.574901581,-0.470615385,-0.450483494,2.647188399
1783618386.576485634,-0.504904877,-0.506242960,2.620096971
1783618386.578131676,-0.533320999,-0.542123790,2.600334431
1783618386.583834887,-0.539698324,-0.546028230,2.605513632
1783618386.585039616,-0.554894175,-0.534700861,2.582013900
1783618386.586582899,-0.569660357,-0.591824031,2.558820699
1783618386.588230371,-0.591415678,-0.635429289,2.535219133
1783618386.589766741,-0.577101153,-0.614456469,2.542544943
1783618386.591849089,-0.590199629,-0.654468109,2.538269428
1783618386.596158981,-0.588925522,-0.678126154,2.535964812
1783618386.597304821,-0.579872807,-0.645683118,2.538032462
1783618386.598343849,-0.556862775,-0.662997916,2.550097142
1783618386.599822998,-0.571396931,-0.676258371,2.531348628
1783618386.601452112,-0.562812807,-0.689308382,2.532621112
1783618386.607652426,-0.562751892,-0.718158716,2.521143972
1783618386.608553171,-0.519840583,-0.689844309,2.528255801
1783618386.609711170,-0.504320488,-0.693345988,2.519861608
1783618386.611446142,-0.502270138,-0.687959731,2.522782421
1783618386.613876820,-0.489766997,-0.698303446,2.516308068
1783618386.615037680,-0.489226052,-0.708668020,2.513541888
1783618386.616512537,-0.477476502,-0.711093295,2.506596204
1783618386.621115208,-0.455664788,-0.697611833,2.518780206
1783618386.622061729,-0.422274130,-0.676774387,2.502569492
1783618386.623255730,-0.402160931,-0.651633828,2.512370324
1783618386.624911547,-0.388664720,-0.663310994,2.515842632
1783618386.626498699,-0.387573844,-0.657095981,2.499416764
1783618386.633888960,-0.384252092,-0.660409772,2.496574364
1783618386.635033846,-0.335351018,-0.628839470,2.479113884
1783618386.636535883,-0.336848361,-0.632733361,2.472099622
1783618386.638435364,-0.345842560,-0.623596685,2.469766511
1783618386.639989138,-0.328661049,-0.600046878,2.466065909
1783618386.641435623,-0.330117740,-0.626567079,2.458909665
1783618386.646279335,-0.329526588,-0.616338990,2.446278436
1783618386.647494078,-0.310256514,-0.616518058,2.444277003
1783618386.648746014,-0.304061558,-0.607309528,2.425669209
1783618386.649816751,-0.289551057,-0.597085339,2.417313999
1783618386.651425362,-0.290334814,-0.604256920,2.422709446
1783618386.653238535,-0.305955510,-0.620656930,2.411111671
1783618386.654755592,-0.308418728,-0.608312174,2.400159072
1783618386.658799171,-0.300506745,-0.591099530,2.390742013
1783618386.659810543,-0.278567893,-0.598294532,2.373186283
1783618386.661496878,-0.271823290,-0.578698365,2.370871523
1783618386.663902044,-0.268673286,-0.567650585,2.373372035
1783618386.664969683,-0.254255811,-0.578268665,2.367278108
1783618386.666443586,-0.244898666,-0.556784823,2.360799244
1783618386.668983936,-0.234148546,-0.554895118,2.365982082
1783618386.669958830,-0.226559813,-0.575860025,2.362185714
1783618386.671395302,-0.216334766,-0.557483009,2.368660406
1783618386.673333168,-0.201223607,-0.564351360,2.370778128
1783618386.674762011,-0.208434047,-0.570344880,2.362029813
1783618386.676539898,-0.209714311,-0.564313678,2.352423934
1783618386.678071499,-0.212248666,-0.551060705,2.349996830
1783618386.683852911,-0.203106577,-0.571524071,2.339706357
1783618386.685009718,-0.179914231,-0.595140479,2.328218771
1783618386.686553240,-0.192563507,-0.582133687,2.295211237
1783618386.688230991,-0.185110859,-0.563575166,2.288967864
1783618386.689762592,-0.186258611,-0.572627469,2.279797604
1783618386.696222544,-0.197649005,-0.597259000,2.264239834
1783618386.697417736,-0.184569541,-0.604609052,2.221742588
1783618386.698422432,-0.182014834,-0.595254587,2.218655806
1783618386.699959755,-0.180052249,-0.600382833,2.217139325
1783618386.701446772,-0.183761180,-0.609526004,2.206436221
1783618386.703207254,-0.185693365,-0.619867934,2.198881534
1783618386.708822250,-0.181194090,-0.616942569,2.191781400
1783618386.709858894,-0.174988305,-0.658467096,2.173772290
1783618386.711591959,-0.178520773,-0.662045724,2.154713354
1783618386.713135481,-0.182624828,-0.683355184,2.144265670
1783618386.714800596,-0.185650932,-0.686251391,2.132612975
1783618386.721128702,-0.174819238,-0.679220310,2.134696763
1783618386.722074509,-0.162955937,-0.756787463,2.122315312
1783618386.723243237,-0.163257064,-0.758820540,2.117827242
1783618386.724901676,-0.168466910,-0.801133920,2.134119593
1783618386.726444721,-0.160566789,-0.831154669,2.131088244
1783618386.731579065,-0.147786274,-0.846317811,2.134260200
1783618386.733628273,-0.146624345,-0.941187553,2.148763996
1783618386.734935522,-0.138372281,-0.995169123,2.154320523
1783618386.736405849,-0.136221904,-1.033502598,2.165894985
1783618386.738778353,-0.131545175,-1.097726379,2.171014508
1783618386.739709139,-0.133797268,-1.156739457,2.173078911
1783618386.746283293,-0.124755289,-1.210627503,2.187973551
1783618386.747426033,-0.105941029,-1.478503010,2.209258209
1783618386.748445511,-0.108792351,-1.574306753,2.223126704
1783618386.749930382,-0.097666262,-1.653779644,2.242237037
1783618386.751593590,-0.090437492,-1.718882658,2.258210321
1783618386.753144026,-0.088456227,-1.848927358,2.293955790
1783618386.758591413,-0.084495890,-1.954843472,2.310080926
1783618386.759787560,-0.061233028,-2.190433553,2.376151630
1783618386.761428833,-0.059068530,-2.316938967,2.410727890
1783618386.763885736,-0.044445627,-2.425331579,2.453945169
1783618386.765036821,-0.017095297,-2.750883431,2.523889842
1783618386.766609192,-0.017151413,-2.903278926,2.573194920
1783618386.771090746,-0.000422196,-3.066472871,2.609370445
1783618386.772068501,0.029168374,-3.476729221,2.674150737
1783618386.773244143,0.046001482,-3.683508938,2.723361898
1783618386.774900913,0.055695543,-3.909154887,2.790107959
1783618386.776587009,0.060417131,-4.126379185,2.863869350
1783618386.778157711,0.062966733,-4.350963898,2.965170220
1783618386.783863306,0.099578090,-4.608202775,3.014741870
1783618386.784997463,0.173454808,-5.442285776,3.216470651
1783618386.786505461,0.172098900,-5.717980227,3.319528058
1783618386.788227797,0.172043737,-5.977614199,3.440414643
1783618386.789787054,0.209415507,-6.279716752,3.537993759
1783618386.793373346,0.197888715,-6.568203943,3.671746613
1783618386.796221972,0.240435457,-6.854338051,3.743070169
1783618386.797402620,0.327069859,-7.495391036,3.924627969
1783618386.798431635,0.312597487,-7.709430443,4.084314410
1783618386.799891472,0.330234460,-8.066455420,4.255472124
1783618386.801556826,0.435210506,-8.267676026,4.365210782
1783618386.803086996,0.407555823,-8.517152937,4.566188833
1783618386.808513403,0.450467365,-8.679185438,4.586363268
1783618386.809730768,0.524368646,-9.153643204,4.729739752
1783618386.811406612,0.501309242,-9.344144431,4.915012812
1783618386.813843489,0.494703138,-9.519011262,5.079230190
1783618386.814934254,0.549123809,-9.946921556,5.230279352
1783618386.816448927,0.547345803,-10.058374843,5.392873873
1783618386.821053267,0.556393911,-10.280945331,5.465630453
1783618386.822027206,0.591127682,-10.657563606,5.582368509
1783618386.823202133,0.637928314,-10.808084857,5.674304104
1783618386.824923992,0.596178081,-10.991153890,5.858794140
1783618386.826530933,0.537487086,-11.147508236,6.018419130
1783618386.828055143,0.516939737,-11.283580780,6.216251830
1783618386.833857059,0.539564282,-11.553162806,6.327464546
1783618386.835002899,0.630975933,-12.302248340,6.645802680
1783618386.836533070,0.598932125,-12.517362849,6.876950528
1783618386.838203669,0.551800947,-12.735490264,7.107030508
1783618386.839924574,0.612081019,-12.973517692,7.240965676
1783618386.846143723,0.530126892,-13.159423061,7.477508257
1783618386.847368717,0.597026741,-13.741662045,7.786946459
1783618386.848404646,0.624048618,-13.953654781,7.925910706
1783618386.849862099,0.519913660,-14.070212095,8.155722013
1783618386.851406097,0.419041625,-14.138122261,8.425481391
1783618386.853057861,0.301996435,-14.201218533,8.702542753
1783618386.854967356,0.304595246,-14.358847330,8.782793832
1783618386.858757973,0.313365798,-14.486886806,8.862338725
1783618386.859717846,0.325107620,-14.748652838,9.025839563
1783618386.861364365,0.179630520,-14.721677416,9.282630300
1783618386.863840103,0.045034361,-14.678240069,9.565251279
1783618386.864924431,0.027780786,-14.834805486,9.671912279
1783618386.866405725,-0.148160694,-14.718848162,9.881651781
1783618386.871008158,-0.144380669,-14.738736908,9.889576251
1783618386.871850014,-0.154826792,-14.827807187,9.980037347
1783618386.873083353,-0.100685357,-14.806855616,9.992059270
1783618386.874737740,-0.250532363,-14.681305149,10.205584924
1783618386.876477003,-0.444032404,-14.549530004,10.402861114
1783618386.883743525,-0.568318239,-14.413327063,10.577531427
1783618386.884877205,-0.577943028,-14.190647043,10.456529421
1783618386.886439085,-0.664506171,-13.969549234,10.554029226
1783618386.888114452,-0.762158233,-13.766171418,10.629263276
1783618386.889705420,-0.712868866,-13.640234292,10.532662126
1783618386.896130085,-0.801286254,-13.415401792,10.566766887
1783618386.897246599,-0.738145055,-13.051367976,10.358928285
1783618386.898264885,-0.705511931,-12.944196404,10.282802923
1783618386.899709463,-0.781082640,-12.764969212,10.315871655
1783618386.901588202,-0.801373089,-12.593940393,10.337130459
1783618386.903102398,-0.826396691,-12.452515659,10.341500438
1783618386.908691406,-0.812974396,-12.363528750,10.274085857
1783618386.909848452,-0.745851561,-12.010994303,10.025973519
1783618386.911500216,-0.762755943,-11.832038986,9.989305613
1783618386.913872480,-0.764812703,-11.647969529,9.941956585
1783618386.914935589,-0.746714540,-11.503515203,9.855256159
1783618386.916452169,-0.747092371,-11.335966347,9.797622859
1783618386.921189547,-0.723075029,-11.180902449,9.704911213
1783618386.922185659,-0.700864699,-10.915888255,9.525992682
1783618386.923135281,-0.669283023,-10.763425970,9.420722148
1783618386.924810648,-0.663522744,-10.599674295,9.364325286
1783618386.926524162,-0.674646717,-10.444977792,9.296411469
1783618386.928061008,-0.662397514,-10.276142724,9.206187708
1783618386.932483435,-0.644881132,-10.111605634,9.104135272
1783618386.933437824,-0.626822360,-9.795239011,8.898470784
1783618386.934881449,-0.603546271,-9.615904587,8.779915336
1783618386.936572075,-0.589560641,-9.412095319,8.674677905
1783618386.938799143,-0.575311841,-9.224200814,8.552654682
1783618386.939810514,-0.562318792,-9.022488401,8.428652984
1783618386.941371918,-0.529263922,-8.806169286,8.294459638
1783618386.946183205,-0.523139658,-8.594875359,8.174592591
1783618386.947295666,-0.456322037,-8.097590851,7.868970873
1783618386.948337078,-0.414102865,-7.822858571,7.704618702
1783618386.949800730,-0.378553839,-7.539963798,7.524267405
1783618386.951644421,-0.325421009,-7.235727075,7.336318072
1783618386.953135729,-0.263673925,-6.922677505,7.137673073
1783618386.958761692,-0.217718061,-6.614109171,6.947452436
1783618386.959706068,-0.052253188,-5.602164897,6.355439878
1783618386.961578369,0.006708664,-5.281495633,6.144326691
1783618386.963844061,0.066742466,-4.957372497,5.940895292
1783618386.964921236,0.135816144,-4.612160987,5.760132747
1783618386.966414452,0.186579325,-4.303768151,5.567363699
1783618386.971080542,0.230745703,-3.967193720,5.369317871
1783618386.972011089,0.328135362,-3.341599211,5.008128585
1783618386.973170519,0.362574782,-3.057170813,4.830609336
1783618386.974836111,0.418446711,-2.769881596,4.647918658
1783618386.976536512,0.457679473,-2.518857476,4.483620411
1783618386.978091240,0.482468638,-2.300328692,4.323843630
1783618386.983880043,0.513022628,-2.063255898,4.190267383
1783618386.985031128,0.576473782,-1.462951237,3.830752353
1783618386.986569405,0.581044016,-1.310501148,3.733751235
1783618386.988253593,0.596578121,-1.169959795,3.626051345
1783618386.989788532,0.584927806,-1.055950326,3.553395496
1783618386.993185282,0.578350530,-0.941327995,3.492249880
1783618386.996210575,0.580846483,-0.823091872,3.422212481
1783618386.997349501,0.551259303,-0.664325236,3.334866697
1783618386.998345137,0.535088639,-0.609538404,3.311925887
1783618386.999819040,0.508448402,-0.570924772,3.281648619
1783618387.001423359,0.473148841,-0.550861601,3.265421914
1783618387.008504391,0.452697290,-0.492088205,3.215836971
1783618387.009910822,0.392568137,-0.369775335,3.140630278
1783618387.011533260,0.371906670,-0.338207670,3.115718106
1783618387.013888836,0.331380263,-0.364873944,3.122437349
1783618387.014985323,0.315332915,-0.243489970,3.056040435
1783618387.016490698,0.294136230,-0.249986578,3.050112398
1783618387.021175623,0.275594705,-0.198201313,3.023411926
1783618387.022132874,0.265452210,-0.098958615,2.984214347
1783618387.023059368,0.250549736,-0.098390505,2.982589017
1783618387.024820566,0.231642103,-0.061176619,2.968277061
1783618387.026494503,0.213971237,-0.046537483,2.957264510
1783618387.028060198,0.191281017,-0.035364238,2.947768688
1783618387.033922434,0.176180929,-0.014903064,2.944006997
1783618387.035067081,0.172242939,0.102127228,2.918778630
1783618387.036418200,0.175613945,0.130569724,2.899128748
1783618387.038130045,0.165732505,0.137476071,2.909021838
1783618387.039841652,0.141329919,0.115294614,2.909095190
1783618387.046283484,0.114268202,0.112053387,2.907234068
1783618387.047412634,0.109409087,0.170501061,2.911696098
1783618387.048428774,0.110015620,0.199119095,2.904634060
1783618387.049882889,0.088589691,0.193922181,2.920187784
1783618387.051493883,0.064510518,0.176346418,2.921619619
1783618387.055127621,0.048243441,0.176437673,2.908101032
1783618387.058799982,0.047074931,0.201934471,2.916062975
1783618387.059805632,0.035748421,0.238237952,2.915049528
1783618387.061491728,0.018409755,0.235063880,2.920540098
1783618387.063147306,-0.006087685,0.209939756,2.933205401
1783618387.064809084,-0.010728137,0.212833371,2.925002953
1783618387.070798397,-0.040945689,0.206154547,2.928119200
1783618387.071732521,-0.073993471,0.205904284,2.945864673
1783618387.073223114,-0.065458273,0.231398859,2.935830102
1783618387.074912071,-0.085651911,0.217785763,2.935764524
1783618387.076560259,-0.111179723,0.189674861,2.937754812
1783618387.078083515,-0.119114327,0.192260714,2.933439561
1783618387.083800554,-0.115400603,0.220037324,2.922953447
1783618387.084900141,-0.104883087,0.236411798,2.909129082
1783618387.086445570,-0.127302517,0.214941105,2.897497397
1783618387.088124990,-0.138741819,0.218737378,2.873368362
1783618387.089888334,-0.140503979,0.223174116,2.875868946
1783618387.096182823,-0.141519900,0.206267886,2.883510249
1783618387.097305536,-0.143803229,0.229301619,2.855085965
1783618387.098319054,-0.133414795,0.232069188,2.858554294
1783618387.099777699,-0.155820496,0.204013755,2.852229821
1783618387.101653576,-0.169122871,0.190326880,2.855315398
1783618387.103163242,-0.183696227,0.182130755,2.848155869
1783618387.108687401,-0.186084355,0.171134975,2.854157831
1783618387.109908342,-0.186404273,0.174790769,2.847145734
1783618387.111559629,-0.206540050,0.129876549,2.842203640
1783618387.113811731,-0.234729225,0.115123073,2.824730270
1783618387.114875793,-0.230087005,0.119975680,2.837407749
1783618387.116499662,-0.243193424,0.086570799,2.828632882
1783618387.121000051,-0.236260397,0.095776851,2.826270690
1783618387.121934414,-0.215742287,0.103183883,2.821069322
1783618387.123110533,-0.215121000,0.097367077,2.825941630
1783618387.124758959,-0.230998143,0.076837049,2.830517046
1783618387.126591206,-0.249345198,0.048469562,2.839043162
1783618387.128127337,-0.271750730,0.005063969,2.839756355
1783618387.131878138,-0.268494052,-0.015088104,2.845903073
1783618387.133827209,-0.259381408,0.006143348,2.838035649
1783618387.134931087,-0.250355727,-0.025703026,2.824350072
1783618387.136477947,-0.267840606,-0.050756338,2.815897999
1783618387.138139963,-0.279288573,-0.072708288,2.826462333
1783618387.139921904,-0.294764353,-0.119532546,2.807210808
1783618387.146221399,-0.294695324,-0.127266584,2.798973879
1783618387.147780180,-0.276295955,-0.148705626,2.788658549
1783618387.148900509,-0.265249090,-0.144062735,2.785361755
1783618387.149929047,-0.246742132,-0.145924311,2.789009931
1783618387.151441813,-0.266863120,-0.177486905,2.783454310
1783618387.153084040,-0.288511509,-0.219786450,2.783033716
1783618387.158763409,-0.305152282,-0.230779192,2.771035690
1783618387.159769535,-0.296694561,-0.255493691,2.752791830
1783618387.161517382,-0.310012458,-0.255306389,2.751177715
1783618387.163135290,-0.316226229,-0.276203103,2.744533901
1783618387.164856672,-0.315297579,-0.296390263,2.736948431
1783618387.171201229,-0.331159091,-0.299093162,2.710712935
1783618387.172148705,-0.325332669,-0.322907716,2.703537403
1783618387.173083544,-0.318782548,-0.324207366,2.695080413
1783618387.174730778,-0.318104882,-0.330299531,2.695800647
1783618387.176482439,-0.334356671,-0.376350569,2.698402453
1783618387.183764696,-0.340633131,-0.380078159,2.688227738
1783618387.184943914,-0.318231689,-0.403632594,2.696835578
1783618387.186461926,-0.319479455,-0.431708765,2.685145864
1783618387.188134193,-0.318223927,-0.462824356,2.687828363
1783618387.189903259,-0.317998340,-0.458725875,2.692080644
1783618387.193220615,-0.312750113,-0.474014366,2.688201763
1783618387.196227551,-0.310907951,-0.497344334,2.684660681
1783618387.197453260,-0.296254216,-0.507778605,2.695733753
1783618387.198709011,-0.278857287,-0.516283149,2.690357619
1783618387.199810743,-0.288134118,-0.533927572,2.686807191
1783618387.201420069,-0.284527630,-0.523091708,2.681638650
1783618387.203222990,-0.279692215,-0.546674877,2.672871822
1783618387.208661795,-0.290684693,-0.571173659,2.664961260
1783618387.209897518,-0.284870860,-0.566195534,2.662116499
1783618387.211684942,-0.285940668,-0.595200904,2.650132163
1783618387.213311195,-0.277652062,-0.609943234,2.642835419
1783618387.214765310,-0.289058800,-0.611063678,2.627906575
1783618387.216540813,-0.295043199,-0.627571521,2.621908842
1783618387.221146584,-0.290395998,-0.645829404,2.604834580
1783618387.222133398,-0.288513066,-0.679567606,2.573253277
1783618387.223074198,-0.286558306,-0.700529326,2.552674978
1783618387.225007772,-0.287470482,-0.707971153,2.546942722
1783618387.226439238,-0.292588265,-0.721666186,2.540495562
1783618387.228129625,-0.300943524,-0.754468411,2.512940133
1783618387.233908415,-0.298919117,-0.780979779,2.494335871
1783618387.235086918,-0.285922783,-0.830328392,2.468462621
1783618387.236408472,-0.289002312,-0.860105194,2.447518286
1783618387.238091469,-0.287104269,-0.867760485,2.433467758
1783618387.239824295,-0.291722919,-0.894819351,2.428382212
1783618387.246222258,-0.296919336,-0.935360595,2.410636151
1783618387.247413874,-0.302850525,-1.016499139,2.382953203
1783618387.248539209,-0.302934169,-1.045287062,2.383076550
1783618387.249747515,-0.315341334,-1.061513563,2.372697017
1783618387.251371861,-0.324212560,-1.114909318,2.364402257
1783618387.253111124,-0.338042630,-1.158772290,2.341429257
1783618387.258799553,-0.343540263,-1.182896532,2.336712844
1783618387.259814978,-0.357820157,-1.262576690,2.310676341
1783618387.261513710,-0.375211087,-1.313648636,2.298186057
1783618387.263088703,-0.380170214,-1.352281516,2.288541162
1783618387.264733315,-0.389258683,-1.406980134,2.283707233
1783618387.269521952,-0.402362929,-1.468695808,2.265778351
1783618387.270379782,-0.431879998,-1.670470357,2.280610441
1783618387.271443129,-0.448110647,-1.763262351,2.270431796
1783618387.273343563,-0.459666259,-1.813656521,2.288322823
1783618387.274760723,-0.462697778,-1.910287005,2.291523123
1783618387.276530027,-0.473318679,-2.015989607,2.302643535
1783618387.278050900,-0.491451843,-2.099803362,2.315578312
1783618387.283895016,-0.489912648,-2.196955588,2.312885562
1783618387.285014153,-0.479732634,-2.534811531,2.339832317
1783618387.286549807,-0.479091195,-2.658666760,2.359727082
1783618387.288213730,-0.477614204,-2.789893657,2.364053366
1783618387.289779902,-0.476078546,-2.935783741,2.370468905
1783618387.296169519,-0.457217303,-3.041528205,2.402971187
1783618387.297371149,-0.398575889,-3.494625333,2.418574695
1783618387.298366547,-0.372083598,-3.670758368,2.418878769
1783618387.299822092,-0.354889652,-3.846184355,2.454402766
1783618387.301460505,-0.332174450,-4.028562138,2.473828141
1783618387.308810711,-0.308515166,-4.206792091,2.495521843
1783618387.309832335,-0.185335086,-5.086408634,2.544855559
1783618387.311514378,-0.172590504,-5.280910424,2.589630144
1783618387.313144445,-0.164219844,-5.501491363,2.633033132
1783618387.314782381,-0.141102147,-5.712320824,2.629335692
1783618387.321066380,-0.124558772,-5.932097894,2.709649699
1783618387.322028160,-0.023942091,-6.661312925,2.790306456
1783618387.323195457,-0.010704222,-6.932823227,2.827410610
1783618387.324853182,0.026410048,-7.042676868,2.824024922
1783618387.326450586,0.051231951,-7.317364374,2.955684688
1783618387.328053713,-0.017275144,-7.658436743,3.112994334
1783618387.331363201,-0.005406478,-7.889770636,3.148197701
1783618387.332453012,0.052383644,-8.039388171,3.140461727
1783618387.333348989,0.075397298,-8.219376856,3.183960015
1783618387.334935427,0.140844651,-8.339282774,3.198484910
1783618387.336520195,0.128745846,-8.490819423,3.262331742
1783618387.338182926,0.100904568,-8.651387076,3.358958225
1783618387.339746952,0.122321977,-8.766548860,3.378128383
1783618387.346345186,0.102911485,-8.922299826,3.507773096
1783618387.347686529,0.152784070,-9.372932125,3.642581609
1783618387.348735809,0.173014441,-9.504752666,3.674343515
1783618387.349711895,0.195345678,-9.652654180,3.720987399
1783618387.351407051,0.163644523,-9.781790193,3.829911615
1783618387.353060484,0.116517847,-9.899121887,3.967838365
1783618387.358765602,0.089053928,-10.008637288,4.101934590
1783618387.359915972,0.104884257,-10.566632212,4.276880920
1783618387.361572504,0.068294709,-10.695647710,4.418326281
1783618387.363930941,0.023236013,-10.854605568,4.571852010
1783618387.365069628,0.031754831,-11.018875462,4.623941265
1783618387.366636276,0.000174426,-11.122292631,4.764362432
1783618387.371137381,-0.002303568,-11.309126019,4.830826959
1783618387.372075319,0.001925264,-11.595679303,4.919751651
1783618387.373263359,-0.000645995,-11.757703627,4.977679597
1783618387.374908686,-0.050527851,-11.844367872,5.118505745
1783618387.376565456,-0.086190443,-11.928945086,5.248749607
1783618387.378101826,-0.119337954,-11.993512742,5.385201070
1783618387.383939028,-0.122702367,-12.086107330,5.433922934
1783618387.385106802,-0.150478903,-12.395285972,5.576081497
1783618387.386393070,-0.140935516,-12.480208779,5.608371478
1783618387.388121367,-0.175576372,-12.533301472,5.739353190
1783618387.389786720,-0.228078389,-12.599342498,5.881178489
1783618387.391817093,-0.268008247,-12.627438404,6.041816565
1783618387.396172762,-0.247587555,-12.728086962,6.069091624
1783618387.397351980,-0.265504736,-12.891872269,6.161166076
1783618387.398394346,-0.255082609,-12.974952169,6.206518222
1783618387.399887800,-0.310507430,-13.028146667,6.396313462
1783618387.401516199,-0.398671927,-13.009629246,6.586156077
1783618387.403060198,-0.472274286,-12.999037331,6.793526186
1783618387.407403231,-0.449388146,-13.055377142,6.863477068
1783618387.408292055,-0.446780207,-13.189531077,6.948557370
1783618387.409911394,-0.423933824,-13.249050646,6.992917447
1783618387.411427498,-0.499109697,-13.208268101,7.244725669
1783618387.413925409,-0.598420767,-13.166864912,7.500787830
1783618387.415023327,-0.594823979,-13.202180505,7.527855500
1783618387.416577101,-0.667688523,-13.116511735,7.777135799
1783618387.421074152,-0.671560179,-13.161838004,7.814167587
1783618387.422036171,-0.667041811,-13.194851309,7.860500644
1783618387.423264503,-0.646424719,-13.200012493,7.899177635
1783618387.424725294,-0.713038402,-13.044162956,8.094013024
1783618387.426548243,-0.814087666,-12.898348612,8.298207571
1783618387.428093672,-0.874892435,-12.735592568,8.491568095
1783618387.433914900,-0.862771787,-12.685463405,8.492169795
1783618387.435076475,-0.811486239,-12.434813803,8.414350606
1783618387.436372280,-0.775164900,-12.336478581,8.384321944
1783618387.438063383,-0.837110913,-12.128474281,8.509446971
1783618387.439801455,-0.900202021,-11.926485240,8.618204323
1783618387.446429491,-0.956174068,-11.735916933,8.708301315
1783618387.447755098,-0.930412853,-11.476976903,8.623515747
1783618387.448796511,-0.908805627,-11.392198538,8.578082202
1783618387.449783087,-0.891392833,-11.299374621,8.550957427
1783618387.451440811,-0.943319671,-11.138920755,8.628269647
1783618387.453092098,-0.979635208,-10.959368323,8.699204791
1783618387.458913088,-1.027004498,-10.810018350,8.744015658
1783618387.459999800,-1.001896144,-10.498442152,8.621676709
1783618387.461499691,-1.031479617,-10.325698178,8.641333216
1783618387.463127136,-1.005011546,-10.212045881,8.593356780
1783618387.464801311,-1.020037316,-10.022295932,8.582839438
1783618387.469993830,-1.061251566,-9.877286052,8.580021572
1783618387.471481085,-1.041753759,-9.629598321,8.448390536
1783618387.473435640,-1.047564933,-9.451462591,8.420987096
1783618387.474861145,-1.020275007,-9.331265549,8.354983130
1783618387.476464748,-1.060337104,-9.173245507,8.308226675
1783618387.478053331,-1.056459720,-8.994914960,8.248940845
1783618387.483815193,-1.054333986,-8.844345522,8.168107599
1783618387.484987974,-1.039775069,-8.375639448,7.898310627
1783618387.486621380,-1.036866967,-8.194920068,7.832139755
1783618387.488083839,-1.023238439,-8.027371243,7.732851772
1783618387.489732504,-1.009105559,-7.820158986,7.644391891
1783618387.496205568,-0.991346964,-7.626577634,7.537430219
1783618387.497376919,-0.921305486,-6.798220719,7.030424337
1783618387.498425245,-0.901278042,-6.584053473,6.892045219
1783618387.499891043,-0.864538085,-6.348175172,6.750004108
1783618387.501599073,-0.822301409,-6.093237890,6.607572503
1783618387.503095388,-0.775335786,-5.854396988,6.478119327
1783618387.508764267,-0.762091806,-5.624892422,6.332494844
1783618387.509794235,-0.679889498,-5.113251051,6.017430256
1783618387.511486769,-0.642811129,-4.864671213,5.875506003
1783618387.513181448,-0.584116268,-4.595036653,5.706281221
1783618387.514817238,-0.534782955,-4.321142168,5.539243450
1783618387.516552210,-0.486105748,-4.086694371,5.384941860
1783618387.521163225,-0.466811651,-3.832417987,5.219054643
1783618387.522096395,-0.342718197,-3.099961249,4.776422744
1783618387.523042917,-0.305260297,-2.868685692,4.617421572
1783618387.524940968,-0.258127255,-2.647761827,4.485753462
1783618387.526450157,-0.233172756,-2.455089051,4.363485628
1783618387.531560659,-0.201587722,-2.270257871,4.252223939
1783618387.533740759,-0.149108180,-1.917978511,4.053664434
1783618387.534842730,-0.118110709,-1.613209041,3.870769459
1783618387.536394596,-0.089040822,-1.479352219,3.790812800
1783618387.538110971,-0.080144016,-1.374504546,3.725790143
1783618387.539891005,-0.077556442,-1.303957169,3.680169548
1783618387.546275377,-0.075146521,-1.185677314,3.613739300
1783618387.547544003,-0.031911992,-0.897490365,3.468775601
1783618387.548586607,-0.026299902,-0.812823421,3.402910541
1783618387.549797058,-0.032112618,-0.747322571,3.381790228
1783618387.551415205,-0.027994916,-0.700353590,3.381152095
1783618387.553142309,-0.040434210,-0.662765339,3.337178549
1783618387.558853626,-0.024741861,-0.574985350,3.287930629
1783618387.559919357,-0.009844948,-0.423719191,3.246945174
1783618387.561390162,-0.013369063,-0.371938673,3.225689808
1783618387.563267946,-0.010261207,-0.323020616,3.205945143
1783618387.564968348,-0.011677847,-0.287399184,3.181258981
1783618387.571118355,-0.015798680,-0.249371482,3.162447524
1783618387.572062254,0.020512875,-0.086660861,3.093562627
1783618387.573233604,0.026631437,-0.038219839,3.070748557
1783618387.574880600,0.032735177,0.024004460,3.048907102
1783618387.576547861,0.031280546,0.033464476,3.042469288
1783618387.578080416,0.030299281,0.079775352,3.015458750
1783618387.583923101,0.056357930,0.130044429,3.004557794
1783618387.585088491,0.091413296,0.260127053,2.966875614
1783618387.586387396,0.111321131,0.295147112,2.962018402
1783618387.588096142,0.099401934,0.302703470,2.973164159
1783618387.589791775,0.091950963,0.315337658,2.974884467
1783618387.591969967,0.093281351,0.326371181,2.984609498
1783618387.596229553,0.096288311,0.350533882,2.991843395
1783618387.597392082,0.104116425,0.411368955,3.012380150
1783618387.598417997,0.112732013,0.431224236,3.032224171
1783618387.599922419,0.100194188,0.409753230,3.055132749
1783618387.601592064,0.096323184,0.428689369,3.056116771
1783618387.603054285,0.079216661,0.426357247,3.054488575
1783618387.607520819,0.074618024,0.436573980,3.086195543
1783618387.608329296,0.086593934,0.489231745,3.103072922
1783618387.609884501,0.080049198,0.496828521,3.111819397
1783618387.611436605,0.062032642,0.479239805,3.126419914
1783618387.613894939,0.050960023,0.494966521,3.139661624
1783618387.614945650,0.057992831,0.526855154,3.151970882
1783618387.616449833,0.044153026,0.510579828,3.151900315
1783618387.621114016,0.051958677,0.544696448,3.137625236
1783618387.622055292,0.075268431,0.576785150,3.130973156
1783618387.623069525,0.074217028,0.589063724,3.111084851
1783618387.624743223,0.059756549,0.599317742,3.089207738
1783618387.626553774,0.054535498,0.598069793,3.095100653
1783618387.628095627,0.037262059,0.572321534,3.089625073
1783618387.633819818,0.029411798,0.578611865,3.060176780
1783618387.634903193,0.029106919,0.611069677,2.999668630
1783618387.636420250,0.009902795,0.603529744,2.983398594
1783618387.638081789,-0.000930143,0.585763294,2.969657906
1783618387.639878988,-0.020003118,0.573218810,2.944389817
1783618387.646265030,-0.025132745,0.581765671,2.913565975
1783618387.647375345,-0.030158863,0.570219971,2.844662263
1783618387.648386002,-0.029596380,0.578523959,2.804866847
1783618387.649877548,-0.052871752,0.571030124,2.779844799
1783618387.651505470,-0.058833743,0.537889672,2.773718604
1783618387.654549360,-0.080133572,0.522851207,2.747316952
1783618387.655486107,-0.075805481,0.544409327,2.720515412
1783618387.656398296,-0.077305322,0.528569639,2.710084757
1783618387.658802986,-0.088331709,0.534499792,2.683083185
1783618387.659804344,-0.093144831,0.529542385,2.666886740
1783618387.661586523,-0.097573447,0.539786189,2.639761572
1783618387.663354397,-0.118979540,0.517828144,2.624138071
1783618387.664828539,-0.117986381,0.522172881,2.617258653
1783618387.670603991,-0.136493592,0.515783972,2.594888735
1783618387.671565771,-0.133872452,0.517093813,2.568036330
1783618387.673243999,-0.137495750,0.530629217,2.559800227
1783618387.674712181,-0.152621471,0.507245966,2.556758954
1783618387.676581860,-0.172075452,0.492986617,2.546089797
1783618387.678049088,-0.189244157,0.489287502,2.553268956
1783618387.683890343,-0.185750306,0.473585801,2.553564144
1783618387.685027361,-0.180718879,0.484209457,2.548791377
1783618387.686571360,-0.201603520,0.455146982,2.556684670
1783618387.688039541,-0.194057727,0.449780426,2.558653955
1783618387.689719200,-0.199541826,0.447357236,2.562674257
1783618387.696215630,-0.224147824,0.416852440,2.574976041
1783618387.697302103,-0.192790765,0.429020620,2.588133676
1783618387.698321104,-0.177483988,0.421219651,2.603654099
1783618387.699804068,-0.202140883,0.399303908,2.594842847
1783618387.701381683,-0.203587246,0.389304679,2.607341864
1783618387.703096628,-0.215041854,0.362365341,2.616227757
1783618387.708779812,-0.210895661,0.354979670,2.614545861
1783618387.709708214,-0.192564093,0.378847481,2.617624537
1783618387.711586714,-0.196646679,0.346309929,2.621008721
1783618387.713875294,-0.211295453,0.316094985,2.631894217
1783618387.714895964,-0.190557329,0.317483435,2.641702621
1783618387.716413975,-0.200097854,0.293221406,2.626887697
1783618387.721136808,-0.199144163,0.284132297,2.630673198
1783618387.722066402,-0.174023676,0.291010160,2.635296933
1783618387.723258972,-0.165140893,0.280896954,2.632837627
1783618387.724924088,-0.172755985,0.273434937,2.636873631
1783618387.726583958,-0.186783447,0.242263872,2.638773585
1783618387.728111744,-0.185570355,0.224471565,2.626129894
1783618387.731598139,-0.183467284,0.221152468,2.621373851
1783618387.733771086,-0.164804659,0.233106104,2.616512609
1783618387.734830618,-0.159570412,0.214032474,2.608796872
1783618387.736371756,-0.153916993,0.213281263,2.610906727
1783618387.738042355,-0.161589641,0.193737216,2.608533106
1783618387.739835262,-0.164280265,0.158681311,2.611014896
1783618387.746160984,-0.163890511,0.154527360,2.608684460
1783618387.747293711,-0.150243956,0.108626426,2.600102236
1783618387.748339891,-0.136059053,0.121079829,2.599129448
1783618387.749824524,-0.138617228,0.089802347,2.590134423
1783618387.751367569,-0.138455720,0.059715178,2.588915072
1783618387.753136396,-0.133525503,0.041916118,2.587515322
1783618387.758762598,-0.126831857,0.037062232,2.576661093
1783618387.759701967,-0.056930946,0.004638930,2.577754258
1783618387.761379004,-0.036675250,-0.002192920,2.590111113
1783618387.763231277,-0.039807654,-0.032002294,2.596774805
1783618387.764917135,-0.017067150,-0.069346050,2.601848650
1783618387.771172523,-0.012871072,-0.087450331,2.605526200
1783618387.772170782,0.000336901,-0.230950177,2.630748881
1783618387.773111343,0.011389001,-0.254317319,2.634167093
1783618387.774782419,0.015061774,-0.299169834,2.634039812
1783618387.776549816,-0.004462042,-0.376290972,2.636022725
1783618387.778184175,-0.008725864,-0.421065941,2.637404014
1783618387.783873558,0.001512614,-0.481771684,2.644932560
1783618387.785037518,0.005454273,-0.683383925,2.657184369
1783618387.786571264,0.009755495,-0.770720103,2.661085790
1783618387.788247585,-0.002663829,-0.846184522,2.665461291
1783618387.789798498,-0.001389639,-0.913696432,2.678130572
1783618387.793155193,0.004074176,-0.965082123,2.679185199
1783618387.796327591,0.003274975,-1.064802835,2.687511082
1783618387.797459841,0.010833432,-1.215708817,2.698857915
1783618387.798491716,0.022483368,-1.289090761,2.717122270
1783618387.799745321,0.035116857,-1.372832125,2.723128515
1783618387.801405191,0.059001000,-1.432196693,2.730575392
1783618387.803169250,0.077093865,-1.507668817,2.749209405
1783618387.808086395,0.102260640,-1.593139590,2.770596906
1783618387.809909821,0.160420361,-1.752202344,2.812910282
1783618387.811494112,0.181968814,-1.879725740,2.843090951
1783618387.813903809,0.209735389,-1.971574587,2.873536848
1783618387.814967871,0.283845227,-2.175223219,2.927128302
1783618387.816423416,0.312355119,-2.313886586,2.961357969
1783618387.821151495,0.329685712,-2.434890708,2.964746713
1783618387.822103500,0.414760501,-2.711069298,3.005439732
1783618387.823090315,0.445077403,-2.884898048,3.016160010
1783618387.824796677,0.475174241,-3.007523051,3.039985543
1783618387.826543808,0.498733794,-3.121235367,3.073523249
1783618387.828073025,0.518634177,-3.250509186,3.102769127
1783618387.833866358,0.546434035,-3.376554698,3.117240729
1783618387.834982157,0.667557225,-3.808199994,3.192962431
1783618387.836565018,0.696309704,-3.916529531,3.253306167
1783618387.838247776,0.713775266,-4.054460505,3.334875976
1783618387.839823484,0.748046489,-4.227605961,3.370714621
1783618387.846218586,0.766479120,-4.379814983,3.474910967
1783618387.847328901,0.907640231,-4.765237383,3.642529631
1783618387.848350763,0.959693320,-4.861238341,3.634318969
1783618387.849824667,0.951560750,-4.964644118,3.730290538
1783618387.851584673,0.950824045,-5.081248808,3.786942298
1783618387.853083134,1.029986314,-5.103762727,3.801086830
1783618387.858638287,0.980464021,-5.280595606,3.942523563
1783618387.859817266,1.014056646,-5.533108298,3.966400060
1783618387.861479521,1.027549694,-5.590281089,4.010607327
1783618387.863955736,1.041277195,-5.657511003,4.084440584
1783618387.864985943,1.069970521,-5.916970916,4.145845700
1783618387.866490602,1.080143820,-5.997926751,4.220077461
1783618387.870089054,1.097809653,-6.136683477,4.262796029
1783618387.871539831,1.141047744,-6.251099468,4.277472661
1783618387.873341322,1.121071474,-6.361026306,4.405151208
1783618387.874752045,1.154155138,-6.475013700,4.438075005
1783618387.876549959,1.119478309,-6.578983789,4.529877175
1783618387.878074169,1.110687754,-6.683040791,4.640055743
1783618387.883898973,1.118204690,-6.817877697,4.700805784
1783618387.884995699,1.161079508,-7.328107825,4.912912775
1783618387.886695385,1.142041071,-7.417905598,4.999529626
1783618387.888185978,1.162647360,-7.486307580,5.036890403
1783618387.889870882,1.140095635,-7.543596662,5.126008016
1783618387.896166563,1.101174113,-7.627673179,5.227466136
1783618387.897385597,1.085809482,-7.824947954,5.338734729
1783618387.898419380,1.085601956,-7.890108543,5.353907707
1783618387.899875164,1.045979325,-7.893019418,5.438768970
1783618387.901391506,1.026416461,-7.911863308,5.508057059
1783618387.903052092,1.001871988,-7.946750474,5.572199215
1783618387.908867359,0.991253596,-8.005472232,5.590344396
1783618387.909886599,0.978031009,-8.222949453,5.697105974
1783618387.911611319,0.965082037,-8.262972286,5.766094997
1783618387.913271189,0.947515865,-8.301898609,5.854451075
1783618387.914882660,0.943735947,-8.374758715,5.883688168
1783618387.917926311,0.899107084,-8.405200175,5.948815940
1783618387.918800116,0.911810806,-8.465149218,5.983550535
1783618387.919737816,0.900849023,-8.512250700,5.999874404
1783618387.921497822,0.884948876,-8.570669304,6.018898194
1783618387.923465967,0.873781374,-8.564292550,6.074447271
1783618387.924888372,0.880535922,-8.607135418,6.111334946
1783618387.926579237,0.847360617,-8.633151178,6.175315501
1783618387.928070307,0.828749933,-8.616917280,6.232230573
1783618387.933569193,0.819653277,-8.653250399,6.278652492
1783618387.934843302,0.777718032,-8.712201819,6.358486124
1783618387.936571598,0.783027514,-8.680600756,6.393245019
1783618387.938088894,0.757385476,-8.635666042,6.458489527
1783618387.939801693,0.725481787,-8.581979509,6.522977612
1783618387.946256876,0.729628226,-8.567751251,6.538894076
1783618387.947396278,0.718981735,-8.450342993,6.547290720
1783618387.948421240,0.725517879,-8.393466138,6.530665430
1783618387.949795723,0.669358589,-8.278530578,6.578323634
1783618387.951516628,0.650499241,-8.135629737,6.613441998
1783618387.953149796,0.621877848,-7.999874633,6.645550964
1783618387.958822489,0.618460897,-7.931749262,6.608831565
1783618387.959780216,0.612242585,-7.697067881,6.521703453
1783618387.961421728,0.585353512,-7.575705074,6.563524233
1783618387.963177681,0.562926062,-7.447745629,6.605620383
1783618387.964840174,0.549101125,-7.416370547,6.604366574
1783618387.971114874,0.507439882,-7.294977300,6.637457886
1783618387.972100496,0.462640145,-7.125549823,6.588533981
1783618387.973043203,0.464820274,-7.033083961,6.541815451
1783618387.974914789,0.439769326,-6.898938556,6.570122249
1783618387.976548910,0.394599351,-6.779462288,6.585435717
1783618387.978066921,0.367105856,-6.654355980,6.587832316
1783618387.980119705,0.358409918,-6.555085346,6.533639229
1783618387.981571436,0.347564806,-6.468726634,6.501555074
1783618387.983828783,0.328637929,-6.389144027,6.455978998
1783618387.984845877,0.315063212,-6.304207324,6.413117320
1783618387.986593485,0.305877889,-6.142112585,6.397359544
1783618387.988046169,0.291131033,-5.998841156,6.388919760
1783618387.989837885,0.274887199,-5.862184149,6.359984703
1783618387.996106148,0.274701627,-5.755261128,6.307937593
1783618387.997068167,0.249471406,-5.383801226,6.109341570
1783618387.998134613,0.249230154,-5.243899179,6.038077871
1783618387.999878883,0.251865837,-5.059269108,5.971828087
1783618388.001593113,0.247873959,-4.890317276,5.910785842
1783618388.003121614,0.244078469,-4.712354848,5.840892703
1783618388.008840561,0.251330278,-4.544372953,5.750881320
1783618388.009872198,0.252904220,-4.024298690,5.439205317
1783618388.011419058,0.255363573,-3.829483997,5.350306571
1783618388.013248682,0.266220462,-3.649138102,5.238016205
1783618388.014732361,0.267868514,-3.434794195,5.120397518
1783618388.021240473,0.271849842,-3.219000440,5.002831571
1783618388.022249460,0.275868177,-2.644503483,4.650778532
1783618388.023217916,0.289082690,-2.451821147,4.538981078
1783618388.024876356,0.287968134,-2.264881200,4.420133820
1783618388.026525497,0.289049410,-2.098150018,4.316680162
1783618388.028148890,0.294825980,-1.908896725,4.211530054
1783618388.033850670,0.303337520,-1.753612815,4.117347579
1783618388.034935951,0.313793929,-1.299220526,3.840442174
1783618388.036501408,0.309304415,-1.184977103,3.778221725
1783618388.038179159,0.310084995,-1.079168954,3.714589492
1783618388.039724827,0.317889492,-0.940244207,3.637851076
1783618388.043093920,0.319370176,-0.838617957,3.573509177
1783618388.046207905,0.302003899,-0.774313682,3.539627315
1783618388.047368288,0.310791655,-0.583490914,3.452089155
1783618388.048396349,0.306615697,-0.527594944,3.420521189
1783618388.049938202,0.300254644,-0.467230040,3.387057189
1783618388.051368475,0.297428211,-0.393636840,3.350328822
1783618388.053129911,0.282456033,-0.352655887,3.326274726
1783618388.058089972,0.292685203,-0.275396149,3.276796573
1783618388.059823751,0.308040666,-0.160361287,3.217878668
1783618388.061462879,0.304594354,-0.105136568,3.184643619
1783618388.063865185,0.311502855,-0.061203515,3.163166579
1783618388.064887285,0.317726131,-0.023378923,3.144172880
1783618388.066372395,0.303712597,0.003868239,3.110175175
1783618388.071162224,0.319742591,0.056447845,3.071727688
1783618388.072080135,0.330231071,0.166487624,2.978974750
1783618388.073045969,0.340239083,0.201983097,2.960101223
1783618388.074934006,0.327189848,0.217291755,2.943013301
1783618388.076604605,0.318868990,0.227626794,2.913719022
1783618388.078149557,0.320742014,0.253688165,2.888864848
1783618388.083864689,0.310426763,0.259523296,2.875464460
1783618388.084936142,0.309239278,0.311761113,2.854967299
1783618388.086440086,0.289120127,0.329186605,2.835755145
1783618388.088109493,0.280381346,0.330543841,2.843010694
1783618388.089898109,0.282182277,0.349332703,2.833960612
1783618388.096158266,0.269178269,0.339894773,2.841353197
1783618388.097251892,0.257660850,0.406758571,2.846262558
1783618388.098259926,0.272202724,0.452577289,2.830203524
1783618388.099729300,0.257879921,0.463506745,2.837124930
1783618388.101529598,0.238575600,0.447121276,2.846582399
1783618388.103046417,0.217828726,0.458660706,2.845148966
1783618388.108814955,0.223935534,0.494424330,2.831554977
1783618388.109798431,0.226925304,0.565758653,2.807995411
1783618388.111464977,0.217015462,0.583175945,2.790777571
1783618388.113114357,0.209798707,0.572256476,2.784560845
1783618388.114773273,0.208197568,0.584295328,2.768588424
1783618388.120537996,0.202148501,0.609878758,2.736631499
1783618388.121380091,0.203685729,0.643709462,2.683798239
1783618388.123025894,0.194669698,0.633737158,2.667739550
1783618388.124785900,0.183234691,0.620590425,2.655377588
1783618388.126424313,0.185237799,0.638375608,2.626117622
1783618388.128080368,0.173292840,0.640294697,2.603364451
1783618388.133898973,0.180986804,0.618034799,2.591762593
1783618388.134968281,0.194042714,0.640743169,2.516405465
1783618388.136485577,0.198666555,0.635172672,2.492407401
1783618388.138180494,0.218631659,0.671798251,2.455281799
1783618388.139928818,0.225010310,0.648883667,2.437940421
1783618388.146275043,0.216925889,0.644862018,2.407158232
1783618388.147482872,0.236992504,0.669341516,2.349499937
1783618388.148505211,0.250848298,0.688152023,2.312455034
1783618388.149752855,0.247052329,0.684794514,2.310278941
1783618388.151490927,0.241996636,0.662367918,2.308029870
1783618388.153096199,0.241554037,0.676297172,2.284078580
1783618388.158862591,0.237580140,0.672039608,2.274901104
1783618388.159807205,0.234616993,0.667903944,2.236986252
1783618388.161461353,0.219534423,0.634700757,2.235062118
1783618388.163159132,0.213999422,0.623722674,2.223706527
1783618388.164771795,0.214054195,0.632381078,2.219966471
1783618388.167705297,0.200893705,0.613996477,2.224759195
1783618388.168657303,0.183637897,0.589019611,2.215881170
1783618388.171146154,0.195289974,0.606846376,2.198874112
1783618388.172191858,0.187770215,0.601830392,2.197026628
1783618388.173211336,0.179884089,0.582805654,2.187428632
1783618388.174730539,0.169157113,0.586472977,2.174689902
1783618388.176551342,0.154654426,0.569429079,2.175155774
1783618388.178072214,0.149184052,0.537658006,2.175800752
1783618388.182955742,0.145233471,0.543808350,2.167954747
1783618388.183904648,0.126052086,0.509853226,2.159601851
1783618388.184947968,0.126070990,0.509406849,2.143249115
1783618388.186444044,0.110414224,0.501890132,2.148006413
1783618388.188050508,0.099113566,0.484779446,2.159129625
1783618388.189788818,0.082762962,0.436121135,2.165370711
1783618388.196179867,0.074409325,0.451148342,2.164335610
1783618388.197337627,0.068096734,0.432071647,2.159334306
1783618388.198398352,0.088337912,0.452224866,2.148681161
1783618388.199854612,0.071070036,0.406210046,2.157373960
1783618388.201371193,0.059162806,0.387663538,2.151326192
1783618388.203119516,0.054035623,0.377971301,2.149558637
1783618388.208823204,0.061024038,0.377299732,2.151305067
1783618388.209763288,0.075514316,0.376764507,2.133444010
1783618388.211398125,0.067123530,0.352956400,2.138798325
1783618388.213097095,0.064505637,0.323661148,2.137385650
1783618388.214928865,0.077201484,0.340698328,2.138245567
1783618388.216486692,0.078400959,0.336739620,2.141791827
1783618388.221204996,0.089130341,0.343437774,2.142059986
1783618388.222224712,0.114915648,0.363965022,2.143565241
1783618388.223175764,0.133097847,0.358206826,2.147013140
1783618388.224840403,0.129327166,0.352586208,2.138945478
1783618388.226540804,0.117772941,0.349585843,2.152393634
1783618388.228128910,0.125813565,0.338153133,2.150276612
1783618388.234011650,0.138439678,0.347669054,2.154690232
1783618388.235289097,0.173336821,0.360408165,2.161361862
1783618388.236613750,0.186817100,0.379860609,2.161618127
1783618388.238074064,0.187054438,0.389451097,2.167266842
1783618388.239773512,0.179412514,0.359202452,2.175664900
1783618388.244296551,0.172707750,0.357862193,2.172469709
1783618388.245232344,0.185377029,0.365806456,2.190795382
1783618388.246510267,0.185064478,0.359813774,2.186680881
1783618388.248057604,0.187668523,0.358110924,2.205249743
1783618388.249802589,0.180983898,0.336066062,2.206065644
1783618388.251677036,0.178460521,0.329783767,2.209396088
1783618388.253172636,0.169661344,0.336456676,2.211429021
1783618388.258721352,0.172024166,0.331008335,2.219859066
1783618388.259887695,0.181643056,0.332805695,2.222493730
1783618388.261555433,0.173220527,0.323137109,2.219110498
1783618388.263107300,0.162151084,0.332220059,2.210056399
1783618388.264748573,0.169129932,0.331482991,2.223986633
1783618388.271243572,0.157561099,0.308456715,2.222593467
1783618388.272193670,0.170250160,0.308364632,2.236845165
1783618388.273139954,0.171872580,0.297461185,2.240306338
1783618388.274790525,0.166099142,0.315381650,2.243305038
1783618388.276565552,0.163811382,0.278348406,2.266005762
1783618388.278132439,0.157815384,0.269380916,2.260946725
1783618388.283898592,0.168821542,0.271908614,2.276311397
1783618388.284942389,0.170847622,0.246977314,2.296243834
1783618388.286458254,0.169013687,0.241910396,2.307642589
1783618388.288175821,0.169194837,0.214955705,2.318935330
1783618388.289728165,0.165887237,0.197121847,2.318377172
1783618388.296372652,0.159426665,0.192685483,2.336124008
1783618388.297529936,0.185138952,0.164068041,2.347213489
1783618388.298557043,0.187536471,0.128846569,2.349794461
1783618388.299819708,0.184674923,0.111196314,2.343342780
1783618388.301473856,0.183916029,0.087355902,2.351643629
1783618388.303174973,0.189312864,0.059349659,2.358718055
1783618388.306272507,0.185115316,0.012036904,2.353231797
1783618388.307166338,0.192345174,-0.009052452,2.346736831
1783618388.308106184,0.201685600,-0.045922931,2.356342474
1783618388.309729338,0.204125827,-0.090201660,2.362019922
1783618388.311545849,0.203253451,-0.131070301,2.362438220
1783618388.313929558,0.215851267,-0.164480936,2.376337041
1783618388.314918995,0.220171005,-0.216082854,2.390266434
1783618388.316473246,0.230121525,-0.270171449,2.396047485
1783618388.321101665,0.241546328,-0.314523544,2.415264168
1783618388.322169065,0.255701787,-0.449416879,2.435573696
1783618388.323120117,0.260268419,-0.493303645,2.446468912
1783618388.324819088,0.280300036,-0.554858229,2.464155586
1783618388.326530457,0.290991520,-0.626724155,2.473198286
1783618388.328094244,0.304527252,-0.682182806,2.483668646
1783618388.333906889,0.328301415,-0.740231288,2.510839564
1783618388.335098982,0.406752624,-0.951614877,2.562126831
1783618388.336433411,0.429582015,-1.039182942,2.590391024
1783618388.338131905,0.466762601,-1.106783112,2.617070459
1783618388.339749575,0.502613420,-1.168342607,2.652799172
1783618388.341390133,0.548982189,-1.263826237,2.700365744
1783618388.346272707,0.587968192,-1.361140406,2.731201322
1783618388.347499371,0.674548617,-1.594996797,2.806463409
1783618388.348517895,0.712781383,-1.736270682,2.854691153
1783618388.349754095,0.768627473,-1.866039529,2.890628319
1783618388.351367235,0.811693198,-1.979617623,2.941314097
1783618388.353090525,0.852282728,-2.123717358,2.989394182
1783618388.358833313,0.914491496,-2.292227799,3.033716015
1783618388.359890223,1.040290705,-2.613836418,3.129865847
1783618388.361367702,1.084333638,-2.797799858,3.188336065
1783618388.363218784,1.139929060,-2.959802752,3.248951555
1783618388.364937067,1.194342999,-3.157942600,3.318693094
1783618388.367776871,1.253773850,-3.344124613,3.401742776
1783618388.368623495,1.385706770,-3.771450347,3.573551224
1783618388.371277332,1.370049416,-4.083558866,3.655318416
1783618388.372217178,1.513880076,-4.190306559,3.659138845
1783618388.373167992,1.593415197,-4.453570208,3.788469700
1783618388.374833822,1.614815809,-4.657517259,3.891858636
1783618388.376528025,1.597706483,-4.813755270,3.938850660
1783618388.378080368,1.633375075,-5.104108422,4.160190044
1783618388.383149862,1.679215431,-5.301310427,4.221117905
1783618388.384767771,1.793230025,-5.768859485,4.343963893
1783618388.386521816,1.809413761,-5.975224867,4.469180984
1783618388.388804674,1.839964048,-6.183023406,4.586948185
1783618388.389734030,1.936797020,-6.571193904,4.728893279
1783618388.396229982,1.926495010,-6.772081141,4.873164293
1783618388.397345543,2.022648637,-7.311265240,5.134413356
1783618388.398457050,2.057808420,-7.495657245,5.204591357
1783618388.399713278,2.039411798,-7.645614716,5.329541673
1783618388.401375055,2.015701650,-7.782213453,5.452955598
1783618388.403132200,1.999737433,-7.928258792,5.580451512
1783618388.408803701,2.027686780,-8.090199218,5.648046791
1783618388.409719944,2.114067639,-8.555090046,5.887522284
1783618388.411593676,2.089898106,-8.683260187,5.993147591
1783618388.413137913,2.064741919,-8.798626598,6.121737358
1783618388.414833784,2.092695542,-8.943819638,6.189878385
1783618388.421134472,2.066097488,-9.063722520,6.305569923
1783618388.422105789,2.123607599,-9.419273636,6.504649040
1783618388.423047543,2.133861664,-9.521834259,6.553169070
1783618388.424930811,2.101708269,-9.590339147,6.651948286
1783618388.426548719,2.080988315,-9.652857055,6.741662375
1783618388.428114891,2.047319380,-9.725974271,6.828840375
1783618388.433907032,2.048298530,-9.781603746,6.871053296
1783618388.435012817,2.064309041,-9.958208982,6.965977098
1783618388.436538219,2.031592103,-9.979220791,7.023622949
1783618388.438264370,1.994168613,-10.007297275,7.086847208
1783618388.439827681,1.982493408,-10.071558429,7.099098947
1783618388.444456816,1.951473277,-10.070903912,7.161815306
1783618388.445351124,1.918338172,-10.151863584,7.223185799
1783618388.446590900,1.955423406,-10.172601368,7.233929019
1783618388.448206663,1.917965443,-10.185233148,7.307314482
1783618388.449761629,1.893786635,-10.249750992,7.316693912
1783618388.451573849,1.866272225,-10.249120462,7.367550763
1783618388.453052044,1.836204315,-10.233229876,7.412508251
1783618388.458743811,1.840574563,-10.278124736,7.458777711
1783618388.459932089,1.857663513,-10.342920090,7.551782141
1783618388.461437225,1.847877420,-10.357562022,7.561809315
1783618388.463209391,1.814524442,-10.316337286,7.593979841
1783618388.464858294,1.783902120,-10.270486606,7.652765393
1783618388.466414452,1.729897675,-10.223065394,7.683770761
1783618388.471268892,1.736599447,-10.159000573,7.670571295
1783618388.472334146,1.727175706,-10.077656775,7.642600665
1783618388.473318815,1.723443668,-10.011592307,7.614188089
1783618388.474773645,1.681197443,-9.884034807,7.636990388
1783618388.476389647,1.625191461,-9.776225228,7.664555695
1783618388.478119373,1.556571754,-9.674538407,7.701182734
1783618388.483885527,1.546909732,-9.582487797,7.667314149
1783618388.485024452,1.512870529,-9.307851258,7.536831786
1783618388.486617804,1.459015288,-9.166755290,7.552980029
1783618388.488061190,1.448131147,-9.084396671,7.507611784
1783618388.489712715,1.388276262,-8.940713991,7.513340885
1783618388.496314764,1.329283363,-8.781787865,7.530082672
1783618388.497471571,1.280282973,-8.396896849,7.330085974
1783618388.498506308,1.291134080,-8.235620486,7.271292479
1783618388.499813557,1.215339935,-8.033852974,7.227434705
1783618388.501470566,1.166874933,-7.826447346,7.193770904
1783618388.503122330,1.136160691,-7.597732235,7.144605730
1783618388.506525517,1.124990274,-7.422278967,7.043397328
1783618388.508745670,1.108457763,-7.276140501,6.954675817
1783618388.509711504,1.103834824,-6.889548676,6.755226947
1783618388.511421919,1.061476707,-6.672788905,6.688450534
1783618388.513119936,1.040480763,-6.440173870,6.623235984
1783618388.514735699,1.041076591,-6.247081745,6.513380597
1783618388.521145582,1.000814046,-6.049586891,6.442680750
1783618388.522247553,0.976404774,-5.437669019,6.099730051
1783618388.523251772,0.977227583,-5.224435952,5.982499734
1783618388.524713278,0.951331108,-4.960108706,5.880613282
1783618388.526621580,0.936632850,-4.718203818,5.763055374
1783618388.528053284,0.904721934,-4.475088184,5.653328266
1783618388.533918858,0.923840565,-4.224936653,5.496259515
1783618388.535038233,0.890310630,-3.498759259,5.078357018
1783618388.536581755,0.896004878,-3.246826723,4.951980325
1783618388.538083792,0.883857265,-3.030198111,4.815236312
1783618388.539768219,0.872850165,-2.783275270,4.668203003
1783618388.546411037,0.874008232,-2.549790905,4.543186024
1783618388.547631264,0.859513196,-1.918111497,4.160723648
1783618388.548651218,0.860213418,-1.739109741,4.037430798
1783618388.549875259,0.850723467,-1.550989015,3.918512797
1783618388.551497221,0.851908705,-1.378606775,3.819621723
1783618388.553146839,0.850590754,-1.215496999,3.722567569
1783618388.558837175,0.844921880,-1.066342982,3.620849492
1783618388.559889317,0.856755591,-0.662541322,3.383539113
1783618388.561369181,0.859986738,-0.533560666,3.311630997
1783618388.563273668,0.867448836,-0.416738268,3.250661421
1783618388.564941883,0.863046992,-0.310893362,3.183641109
1783618388.568818808,0.863266837,-0.202088648,3.109695697
1783618388.569815159,0.842522414,-0.017120958,2.995386633
1783618388.571393728,0.846785341,0.059336238,2.939504388
1783618388.573417425,0.857754515,0.135251862,2.895735872
1783618388.574827433,0.864976948,0.192012137,2.872780378
1783618388.576575041,0.837956136,0.241101332,2.838923373
1783618388.578125000,0.834666180,0.293493188,2.810306515
1783618388.583924532,0.841077158,0.339690849,2.775889396
1783618388.585078239,0.820367684,0.445979722,2.728436184
1783618388.586368084,0.822834886,0.490828403,2.711525004
1783618388.588102579,0.794121872,0.508624727,2.699921164
1783618388.589790344,0.776883320,0.534213168,2.694043387
1783618388.596248627,0.755521607,0.553801372,2.696203475
1783618388.597397327,0.743534455,0.626743640,2.685934680
1783618388.598436832,0.732327668,0.639343579,2.703406779
1783618388.599766731,0.709871156,0.656089355,2.712312717
1783618388.601426601,0.696746080,0.668212156,2.712879821
1783618388.603106976,0.669273233,0.684628073,2.728073127
1783618388.608774424,0.668525849,0.709382798,2.716756761
1783618388.609697580,0.670777406,0.753413961,2.725513952
1783618388.611575603,0.638110905,0.753597427,2.733433955
1783618388.613088846,0.622015304,0.764216010,2.745003149
1783618388.614788294,0.629752875,0.790082986,2.738881256
1783618388.621124506,0.590870057,0.778046893,2.755047857
1783618388.622062445,0.559612420,0.793254153,2.780393232
1783618388.623230219,0.545810365,0.808574384,2.771179706
1783618388.624872684,0.518968031,0.793356247,2.785740810
1783618388.626553535,0.482091000,0.780199709,2.791369703
1783618388.628077984,0.456170537,0.777872172,2.784545673
1783618388.630173206,0.457365303,0.802755802,2.765159208
1783618388.633846998,0.450337742,0.792942532,2.765771379
1783618388.634901285,0.431215635,0.801148765,2.735894411
1783618388.636404753,0.417730239,0.801374270,2.728994539
1783618388.638089180,0.384673370,0.787753666,2.720154211
1783618388.639897346,0.355383307,0.765493304,2.698355354
1783618388.645158768,0.361980632,0.774693344,2.667063433
1783618388.646638155,0.350625338,0.779326647,2.623581784
1783618388.648275852,0.336318559,0.797882061,2.581236999
1783618388.649854183,0.334372569,0.806858700,2.554303832
1783618388.651418924,0.311016469,0.777473731,2.544248949
1783618388.653215647,0.292367199,0.765981467,2.510260927
1783618388.658773661,0.290258914,0.781294884,2.488838388
1783618388.659698248,0.288198378,0.783036852,2.392273002
1783618388.661443472,0.267775919,0.768917872,2.382875540
1783618388.663156033,0.248035952,0.769854623,2.367068919
1783618388.664758921,0.255916270,0.779547785,2.347413267
1783618388.671224117,0.235110287,0.763845147,2.328370978
1783618388.672149897,0.237101975,0.779223590,2.275921222
1783618388.673071146,0.223139802,0.764685416,2.264936658
1783618388.674728394,0.214148855,0.763269489,2.263529573
1783618388.676542521,0.204198619,0.764308096,2.265458302
1783618388.678171873,0.190987076,0.742235410,2.269245967
1783618388.683917999,0.187786921,0.734449177,2.261151624
1783618388.684967518,0.196377727,0.739886320,2.246705151
1783618388.686477184,0.192592862,0.755738391,2.241110819
1783618388.688146114,0.195626991,0.760879841,2.241886537
1783618388.689930677,0.191460841,0.752805945,2.241753043
1783618388.691885233,0.194356409,0.745027504,2.237618239
1783618388.696352243,0.213340798,0.762309848,2.239882333
1783618388.697483063,0.221455009,0.758847647,2.223033300
1783618388.698493004,0.239265579,0.773165103,2.216890512
1783618388.699734688,0.237434469,0.771965511,2.212193477
1783618388.701406717,0.245974163,0.768762136,2.209797702
1783618388.703077793,0.243342453,0.747138841,2.209772078
1783618388.707989216,0.261907883,0.770029895,2.203293983
1783618388.708850145,0.287173859,0.782251140,2.193003459
1783618388.709838867,0.299723603,0.776145974,2.194627642
1783618388.711541653,0.312009455,0.790345517,2.188051372
1783618388.713178635,0.315789647,0.781123099,2.193434035
1783618388.714770079,0.324995812,0.780005387,2.180088439
1783618388.721174479,0.328766041,0.798588722,2.170459530
1783618388.722200632,0.360656146,0.802575151,2.149528582
1783618388.723169088,0.375145289,0.813865492,2.146419744
1783618388.724714756,0.364765265,0.788551167,2.146289409
1783618388.726558208,0.357535386,0.777833290,2.135798439
1783618388.728097200,0.345168107,0.788970262,2.141184063
1783618388.733903885,0.352915141,0.777712494,2.126902756
1783618388.734993219,0.373189722,0.799525878,2.100134793
1783618388.736629248,0.360663246,0.785009886,2.097186312
1783618388.738072395,0.386205358,0.789357737,2.081909658
1783618388.739771128,0.361037055,0.799517764,2.086622493
1783618388.746257544,0.349275483,0.781116627,2.088821494
1783618388.747344971,0.363121545,0.792591460,2.073054813
1783618388.748373985,0.355485086,0.785103845,2.066279209
1783618388.749832869,0.342031897,0.770532753,2.073172556
1783618388.751590014,0.333424141,0.779296303,2.075578847
1783618388.753049374,0.319509644,0.765769161,2.080975769
1783618388.755540133,0.315480403,0.749938279,2.072523853
1783618388.756479025,0.321072353,0.765963176,2.065764640
1783618388.758823633,0.326172298,0.784672011,2.057299654
1783618388.759799719,0.322497687,0.766901309,2.063247588
1783618388.761479616,0.304160472,0.754920765,2.061676241
1783618388.763125420,0.302869741,0.766524553,2.066165617
1783618388.764724731,0.313146071,0.764144848,2.064490391
1783618388.770889759,0.301155650,0.754676489,2.059827051
1783618388.771907091,0.311193639,0.783776899,2.060176790
1783618388.773334503,0.324793623,0.793329043,2.049301840
1783618388.774761438,0.314749086,0.815732460,2.054266486
1783618388.776535511,0.312806320,0.808308811,2.055676552
1783618388.778066635,0.307795460,0.793650170,2.063531439
1783618388.783929110,0.318829585,0.814269550,2.058925418
1783618388.784962177,0.334199611,0.823846569,2.060740994
1783618388.786450148,0.346240049,0.837675150,2.062757943
1783618388.788213491,0.341442526,0.827655989,2.065101728
1783618388.789774179,0.340543210,0.825364007,2.066841463
1783618388.796189785,0.345801369,0.824707292,2.071204057
1783618388.797379971,0.364485858,0.830521016,2.069313910
1783618388.798403502,0.376375199,0.820499834,2.070711370
1783618388.799887896,0.369081268,0.795068139,2.074019332
1783618388.801422358,0.370415735,0.790559975,2.079250807
1783618388.803199053,0.380465405,0.801824006,2.080627264
1783618388.808824062,0.381095128,0.771339512,2.090774799
1783618388.809789658,0.385122693,0.764557975,2.097181259
1783618388.811461449,0.392543084,0.745215498,2.094178504
1783618388.813122511,0.389647873,0.716857672,2.104153069
1783618388.814737797,0.388423737,0.713478480,2.114200698
1783618388.817797184,0.389159318,0.691921460,2.120584379
1783618388.818686247,0.383096672,0.634543945,2.125722956
1783618388.821116447,0.394066189,0.613652730,2.136316342
1783618388.822073936,0.387930318,0.580777690,2.129101764
1783618388.823248148,0.387274043,0.550408400,2.124712222
1783618388.824928999,0.385239163,0.513822146,2.136634423
1783618388.826563120,0.384659784,0.465370160,2.147656762
1783618388.828107119,0.378333211,0.404406768,2.143836005
1783618388.833142757,0.380087291,0.383709293,2.149519946
1783618388.834913015,0.377431814,0.274133553,2.160487818
1783618388.836443901,0.371610177,0.229482636,2.165276136
1783618388.838891745,0.365968884,0.185065835,2.174544448
1783618388.839869261,0.358065627,0.078130952,2.189785439
1783618388.841452122,0.356783454,0.052707915,2.189550653
1783618388.846416712,0.356158108,0.002152997,2.198716690
1783618388.848095894,0.347621489,-0.086451431,2.210765212
1783618388.849853992,0.353961934,-0.120363066,2.219500574
1783618388.851396322,0.346294629,-0.181604212,2.230621293
1783618388.853059530,0.339643023,-0.206939307,2.224574963
1783618388.858884573,0.347175554,-0.242682464,2.232328856
1783618388.859807730,0.335401754,-0.423567745,2.269971571
1783618388.861478806,0.327695103,-0.479724322,2.279702803
1783618388.863168240,0.331314499,-0.506920758,2.290874853
1783618388.864771605,0.336693734,-0.557375297,2.313266456
1783618388.871232510,0.335110845,-0.616620438,2.316020048
1783618388.872276306,0.338627994,-0.775756022,2.341831911
1783618388.873226404,0.351437927,-0.813827403,2.350965270
1783618388.874885321,0.358731426,-0.864750394,2.371089979
1783618388.876520395,0.374728464,-0.907754365,2.371450168
1783618388.878075123,0.391573535,-0.953896876,2.374463349
1783618388.880041599,0.408717434,-0.990389884,2.391511784
1783618388.883956432,0.427072366,-1.063242888,2.402590486
1783618388.885015249,0.469615963,-1.190752728,2.423236251
1783618388.886554241,0.494863751,-1.267862899,2.440196586
1783618388.888235092,0.515918396,-1.351291548,2.452869793
1783618388.889791727,0.540667126,-1.448481583,2.465327633
1783618388.895358086,0.575337121,-1.502441132,2.479991621
1783618388.896653414,0.621336110,-1.706504206,2.507812684
1783618388.898168087,0.642760901,-1.797761510,2.530320014
1783618388.899696112,0.667546630,-1.923857954,2.531262110
1783618388.901693821,0.699458480,-2.029901974,2.558468678
1783618388.903217793,0.710863620,-2.146985790,2.588951488
1783618388.908815861,0.752796426,-2.320913721,2.679655321
1783618388.909760714,0.913036428,-2.961449442,2.798764710
1783618388.911489964,0.940027496,-3.122041021,2.848470137
1783618388.913193703,0.964138121,-3.307012919,2.920850747
1783618388.914775610,0.985835373,-3.509823913,2.972547383
1783618388.921198368,1.013468673,-3.651855298,3.032644222
1783618388.922119141,1.104561329,-4.175203246,3.193229673
1783618388.923053026,1.133118949,-4.375730477,3.268112840
1783618388.924903870,1.132949272,-4.582567496,3.348883327
1783618388.926602125,1.124863686,-4.784230318,3.458290192
1783618388.928156376,1.117964288,-4.938077381,3.534849937
1783618388.933862686,1.142773133,-5.117230772,3.605763227
1783618388.934893370,1.199996217,-5.710738685,3.835685866
1783618388.936377525,1.188228827,-5.892607045,3.922761756
1783618388.938100100,1.185504076,-6.065642896,4.000390279
1783618388.939884424,1.174540878,-6.204025260,4.085054264
1783618388.941985607,1.183824748,-6.379679242,4.163574390
1783618388.946363449,1.203849185,-6.554209612,4.231631978
1783618388.947574377,1.233650532,-6.821343074,4.368767900
1783618388.948585749,1.240653316,-6.980972930,4.424751816
1783618388.949819803,1.212344847,-7.088967296,4.516681831
1783618388.951492786,1.187969923,-7.161997789,4.564448933
1783618388.953153372,1.161184735,-7.256699297,4.628460749
1783618388.957502604,1.156209919,-7.343273124,4.662200996
1783618388.958363295,1.163524726,-7.517036147,4.731535907
1783618388.959714651,1.164241515,-7.607913856,4.767500792
1783618388.961469173,1.137899953,-7.671060127,4.793488547
1783618388.963945389,1.121362402,-7.700101097,4.849543865
1783618388.964989424,1.110498796,-7.778572369,4.875391770
1783618388.966469049,1.085583792,-7.847794829,4.930391254
1783618388.971322775,1.096518888,-7.862443643,4.940241132
1783618388.972254276,1.081660030,-7.989580136,4.994767375
1783618388.973271608,1.095251026,-8.027627967,5.011912454
1783618388.974705458,1.064962959,-8.093544467,5.058902816
1783618388.976568222,1.041941497,-8.148374632,5.099348059
1783618388.978137493,1.025429277,-8.212529947,5.147346562
1783618388.983825684,1.016508824,-8.297162107,5.181960763
1783618388.984869719,1.011613470,-8.427841342,5.253639062
1783618388.986595392,0.972349375,-8.454065200,5.263531748
1783618388.988122940,0.941797435,-8.455104188,5.279331122
1783618388.989712000,0.929704372,-8.469323800,5.269361522
1783618388.996488571,0.883732942,-8.479822489,5.304349230
1783618388.998125792,0.861775103,-8.524646005,5.304018343
1783618388.999725103,0.795502697,-8.530280846,5.348300190
1783618389.001575232,0.758344019,-8.539095221,5.378062976
1783618389.003113985,0.699445036,-8.544102307,5.427844817
1783618389.004835606,0.682995022,-8.583563825,5.446636522
1783618389.008872032,0.674992673,-8.607365841,5.453663265
1783618389.010175705,0.652711562,-8.694225658,5.504646604
1783618389.011463881,0.642531103,-8.704064399,5.496934102
1783618389.013206244,0.592827144,-8.679432174,5.560501278
1783618389.014840603,0.578069443,-8.719849244,5.570602931
1783618389.016444683,0.518725208,-8.704878449,5.638543708
1783618389.018126965,0.462905356,-8.646993440,5.679598437
1783618389.021342278,0.457571185,-8.633778353,5.693198539
1783618389.022400618,0.454648086,-8.609554405,5.690011461
1783618389.023414373,0.434521508,-8.580515057,5.676128375
1783618389.024959803,0.395718529,-8.440876664,5.695622730
1783618389.026382685,0.342628740,-8.344425051,5.723281314
1783618389.028104067,0.289118045,-8.251192247,5.754931115
1783618389.033972740,0.289954559,-8.133230493,5.704440230
1783618389.035306454,0.300899129,-7.799690638,5.581430485
1783618389.036617517,0.298606331,-7.691131011,5.523912932
1783618389.038261890,0.267626283,-7.524839417,5.541410839
1783618389.039776087,0.224517630,-7.392372949,5.538123614
1783618389.041456699,0.174471971,-7.256785543,5.528874193
1783618389.046502113,0.188943510,-7.116220841,5.482693410
1783618389.048245192,0.187922243,-6.891778028,5.376301708
1783618389.049914598,0.157736897,-6.718813537,5.341883071
1783618389.051612616,0.128399277,-6.549595560,5.315142964
1783618389.053317308,0.123798946,-6.430796808,5.246619864
1783618389.058847666,0.109033853,-6.227912526,5.199235798
1783618389.059914112,0.112539736,-5.741067311,4.967854720
1783618389.061440468,0.105300162,-5.548643877,4.907360767
1783618389.063266516,0.124756008,-5.364822524,4.821395374
1783618389.064795017,0.106860477,-5.175135226,4.754656638
1783618389.067427397,0.102530996,-4.974394085,4.690169606
1783618389.068381071,0.154077914,-4.566133281,4.503577204
1783618389.071228981,0.163143005,-4.365847243,4.403101357
1783618389.072323322,0.173048099,-4.150197046,4.301021935
1783618389.073354006,0.203525239,-3.917820605,4.198523485
1783618389.074928999,0.220912834,-3.679605814,4.106063684
1783618389.076628923,0.233125424,-3.451216370,4.006367600
1783618389.078167677,0.264819639,-3.204877907,3.903031255
1783618389.082501888,0.297494348,-2.967952136,3.800630447
1783618389.083500624,0.343894455,-2.520439135,3.585848179
1783618389.084732294,0.372195440,-2.296566326,3.487668479
1783618389.086567640,0.404590594,-2.088467562,3.403163023
1783618389.088126659,0.436322049,-1.876510640,3.304152203
1783618389.089916706,0.451620306,-1.699948253,3.233523894
1783618389.096485376,0.484533104,-1.502756158,3.153709890
1783618389.098288536,0.536488317,-1.089165984,2.993855665
1783618389.099901199,0.564679573,-0.962668079,2.961043854
1783618389.101415873,0.578196729,-0.859965784,2.922270283
1783618389.103217602,0.592390925,-0.752068254,2.875630571
1783618389.108866930,0.614906370,-0.641217214,2.841546323
1783618389.110014439,0.664842596,-0.329421055,2.723062167
1783618389.111688852,0.657675017,-0.276769541,2.711066275
1783618389.113373518,0.661559107,-0.205275609,2.677995523
1783618389.114755630,0.669340535,-0.146478151,2.657356008
1783618389.116510630,0.666489380,-0.111273366,2.641943356
1783618389.121468544,0.673948634,-0.069916123,2.618118135
1783618389.123286247,0.672176597,0.040122512,2.569929615
1783618389.124850750,0.664306285,0.075855278,2.531599810
1783618389.126673460,0.659201556,0.132614369,2.502041865
1783618389.128392458,0.670206451,0.190737604,2.468010135
1783618389.129799366,0.656311037,0.202339821,2.451521171
1783618389.133948088,0.637894326,0.233042789,2.417243017
1783618389.135384083,0.639108569,0.324651770,2.324231019
1783618389.136655807,0.651003183,0.367949284,2.297998204
1783618389.138136387,0.637332403,0.392349883,2.273326513
1783618389.139802694,0.632310518,0.405489170,2.263463223
1783618389.141512632,0.609121358,0.432167364,2.247308572
1783618389.143144369,0.600844315,0.455132163,2.228090036
1783618389.146571159,0.600468107,0.483730904,2.225747404
1783618389.148327827,0.592046739,0.488396879,2.217441118
1783618389.149854183,0.583046293,0.516446172,2.201698513
1783618389.151597500,0.564711806,0.555957869,2.203299969
1783618389.153136492,0.551652822,0.562725603,2.208456378
1783618389.158528805,0.548990635,0.575079541,2.200409478
1783618389.159743547,0.554509300,0.635476127,2.203214744
1783618389.161442518,0.541325044,0.660847408,2.200254103
1783618389.163104296,0.533136380,0.687752086,2.221422568
1783618389.164887667,0.523249707,0.713419993,2.220349624
1783618389.171249390,0.527064169,0.721703846,2.220715963
1783618389.172327280,0.538856433,0.788521067,2.214591067
1783618389.173303366,0.538638814,0.833301163,2.200944287
1783618389.174745321,0.532955751,0.848261046,2.221958183
1783618389.176527023,0.513197967,0.863320932,2.223074707
1783618389.178099871,0.494052874,0.838370674,2.251748648
1783618389.183852911,0.501439009,0.866170410,2.239474237
1783618389.184908628,0.505212545,0.872050782,2.268061319
1783618389.186413050,0.485110075,0.877575226,2.282228627
1783618389.188172817,0.470916410,0.873002169,2.289439526
1783618389.189733744,0.463915841,0.869877152,2.305036221
1783618389.196534872,0.452548210,0.858935409,2.310146960
1783618389.198127031,0.446055046,0.871433364,2.326547052
1783618389.199872017,0.425805766,0.857753356,2.332067186
1783618389.201570511,0.419053810,0.855463556,2.346073107
1783618389.203122616,0.405895250,0.842486476,2.366826848
1783618389.205524445,0.401486971,0.840645204,2.362082325
1783618389.206407547,0.399042478,0.858945302,2.371841465
1783618389.208855391,0.396425898,0.845185501,2.371141388
1783618389.209819794,0.381179970,0.837520649,2.377070722
1783618389.211521387,0.366071735,0.839067499,2.379825260
1783618389.213213682,0.347842390,0.823540945,2.392694923
1783618389.214863777,0.332360317,0.816041501,2.392892613
1783618389.221243620,0.309755994,0.802461020,2.397617924
1783618389.222285271,0.261043034,0.751087931,2.406610644
1783618389.223323345,0.244680244,0.754370132,2.405586752
1783618389.224866390,0.221295852,0.731037474,2.403560566
1783618389.226554871,0.192580112,0.695235084,2.413629803
1783618389.228307247,0.161741390,0.669717228,2.415362641
1783618389.233896494,0.156897907,0.669566124,2.414204818
1783618389.234990120,0.099537509,0.627559177,2.397391415
1783618389.236541748,0.080142916,0.626995231,2.401679141
1783618389.238158464,0.078568314,0.599765710,2.394360501
1783618389.239725828,0.047159481,0.587686094,2.368955789
1783618389.246479988,0.033955195,0.560078247,2.377097396
1783618389.248300314,-0.014435270,0.527433456,2.346735554
1783618389.249779940,-0.022683391,0.507362448,2.341774472
1783618389.251559973,-0.034269171,0.490601131,2.335784770
1783618389.253136396,-0.051614331,0.480932855,2.318956496
1783618389.258833647,-0.061675677,0.463055029,2.304451611
1783618389.259755373,-0.075079232,0.445191435,2.252573621
1783618389.261426210,-0.089271963,0.428535578,2.248660813
1783618389.263099909,-0.106345101,0.394048410,2.240406088
1783618389.264705658,-0.109833181,0.385247006,2.236451315
1783618389.267537117,-0.124689049,0.375520562,2.225201117
1783618389.268440008,-0.127402385,0.360456638,2.225676561
1783618389.271114111,-0.123612505,0.361493449,2.206938596
1783618389.272089481,-0.125146112,0.358323307,2.206922480
1783618389.273060560,-0.126919965,0.347572126,2.196443319
1783618389.274755716,-0.137389910,0.312079820,2.193027985
1783618389.276586294,-0.148989152,0.294475170,2.178421526
1783618389.278181791,-0.153456707,0.289943959,2.168325104
1783618389.283504725,-0.154816237,0.278279733,2.169029631
1783618389.284797907,-0.161874440,0.256182355,2.147901469
1783618389.286379576,-0.164767110,0.244166090,2.145029388
1783618389.288094282,-0.173090669,0.235617788,2.139115239
1783618389.289888620,-0.185431155,0.210930577,2.127572736
1783618389.296329737,-0.180181982,0.204484583,2.127718924
1783618389.297486305,-0.174954517,0.209040673,2.101359636
1783618389.298575163,-0.170659262,0.230261416,2.093368583
1783618389.299884319,-0.172879906,0.209483774,2.090951587
1783618389.301551819,-0.188261815,0.184064121,2.087031228
1783618389.303203344,-0.201744909,0.170230705,2.073131167
1783618389.308940649,-0.207260639,0.176147425,2.068899961
1783618389.309869289,-0.210160152,0.161050522,2.047447520
1783618389.311543465,-0.223329957,0.146378446,2.039392094
1783618389.313170195,-0.226496374,0.156682673,2.025718196
1783618389.314805984,-0.221951756,0.145842876,2.017877677
1783618389.321207285,-0.240212023,0.126238816,2.004762226
1783618389.322187901,-0.236419840,0.123857489,1.991209872
1783618389.323122263,-0.235681456,0.115823161,1.983311984
1783618389.324784994,-0.238474372,0.113966645,1.985185364
1783618389.326591492,-0.241480753,0.086148156,1.999937469
1783618389.328148842,-0.257638762,0.075671175,1.982534088
1783618389.333980799,-0.247072918,0.072539843,1.981230139
1783618389.335071564,-0.260046000,0.051293517,1.978842480
1783618389.336637259,-0.263225945,0.031548844,1.961804685
1783618389.338074446,-0.252689641,0.043291160,1.959878432
1783618389.339746714,-0.256127104,0.016349410,1.957364027
1783618389.344737768,-0.269724000,-0.000947970,1.947629494
1783618389.346417427,-0.266545915,-0.002022544,1.929371536
1783618389.347778797,-0.256921624,-0.014310975,1.930884754
1783618389.348823309,-0.261378590,-0.032812830,1.923393868
1783618389.349834204,-0.251982933,-0.022439062,1.914569737
1783618389.351546288,-0.259405898,-0.045077484,1.921714455
1783618389.353243113,-0.271852208,-0.062426721,1.912671341
1783618389.358832598,-0.274811742,-0.078804263,1.899872369
1783618389.359924316,-0.273770716,-0.107636751,1.876581649
1783618389.361454487,-0.273959899,-0.117150236,1.876571881
1783618389.363200426,-0.275487851,-0.120337357,1.878478996
1783618389.364732027,-0.275514483,-0.155086987,1.874564144
1783618389.371235847,-0.284204482,-0.158584131,1.869647756
1783618389.372182846,-0.288547411,-0.226306620,1.865555453
1783618389.373114824,-0.286114476,-0.238691323,1.870464435
1783618389.374764681,-0.305674573,-0.282204870,1.859740836
1783618389.376587629,-0.301841292,-0.319027172,1.860914286
1783618389.378144026,-0.306323560,-0.333742934,1.846119119
1783618389.383960009,-0.316352949,-0.385073407,1.853867866
1783618389.385092258,-0.341283553,-0.476117260,1.841413342
1783618389.386380672,-0.348785552,-0.522608704,1.838820353
1783618389.388080359,-0.359506068,-0.543652727,1.835970213
1783618389.389767408,-0.361676587,-0.581773951,1.841794638
1783618389.396366835,-0.377166793,-0.635970160,1.847880849
1783618389.397588015,-0.402754964,-0.763102542,1.854132498
1783618389.398612499,-0.407231858,-0.805588337,1.853280658
1783618389.399857759,-0.406502496,-0.844953411,1.866397651
1783618389.401536226,-0.413366446,-0.892727570,1.881149986
1783618389.403209686,-0.416741086,-0.952702676,1.884077712
1783618389.406616688,-0.420715227,-0.983615971,1.889521614
1783618389.408866882,-0.424692531,-1.023987597,1.892514493
1783618389.409832478,-0.434296183,-1.150490347,1.884866823
1783618389.411560535,-0.432153645,-1.192794270,1.884198413
1783618389.413216829,-0.426178376,-1.247710730,1.894878841
1783618389.414801598,-0.429950948,-1.330434445,1.881792561
1783618389.421099186,-0.421225318,-1.355896025,1.866044795
1783618389.422126532,-0.381662871,-1.513476381,1.835978290
1783618389.423068285,-0.368118246,-1.571887019,1.820836816
1783618389.424731970,-0.346021542,-1.614651987,1.804048410
1783618389.426529646,-0.329126579,-1.673569373,1.787228289
1783618389.428126812,-0.304853431,-1.698229384,1.761182036
1783618389.433876753,-0.267184507,-1.758647503,1.733403605
1783618389.434947491,-0.178394375,-1.932716273,1.628518124
1783618389.436465502,-0.148347245,-2.011870633,1.614538292
1783618389.438176394,-0.127832543,-2.102938656,1.606070587
1783618389.439724445,-0.099771062,-2.183593325,1.590153847
1783618389.446290255,-0.069822242,-2.249161100,1.589657368
1783618389.447489500,0.026018009,-2.567192155,1.590067511
1783618389.448522568,0.066221595,-2.673075145,1.597521695
1783618389.449772358,0.103704819,-2.790843855,1.629697488
1783618389.451457739,0.123343729,-2.915428007,1.656757382
1783618389.453324318,0.155405930,-3.038462655,1.690771966
1783618389.458853483,0.192197757,-3.190213876,1.730922606
1783618389.459821701,0.314913069,-3.657251579,1.894206504
1783618389.461509943,0.332636778,-3.822827226,1.963290867
1783618389.463253260,0.343838312,-3.999791283,2.032508690
1783618389.464886904,0.393890081,-4.158281406,2.087814024
1783618389.468027830,0.397539336,-4.341851650,2.185960963
1783618389.471161604,0.442875567,-4.592280793,2.264836567
1783618389.472167730,0.498561370,-4.948425021,2.437339299
1783618389.473111629,0.541902066,-5.117905317,2.484771486
1783618389.474777937,0.544452451,-5.373432422,2.606918353
1783618389.476564169,0.543746474,-5.564294746,2.718481744
1783618389.478138685,0.547233327,-5.660317277,2.747097100
1783618389.483655453,0.579219106,-5.940324643,2.862448967
1783618389.485011339,0.629820465,-6.357251894,3.019683109
1783618389.486528158,0.614838637,-6.514480063,3.092328779
1783618389.488208294,0.598326020,-6.667702275,3.166603315
1783618389.489723206,0.623248941,-6.816355986,3.216061512
1783618389.496448517,0.602152981,-6.963986542,3.315231026
1783618389.498271704,0.635170529,-7.484208951,3.516833489
1783618389.499739885,0.591942193,-7.578206693,3.582719496
1783618389.501562357,0.569592714,-7.649003316,3.654308133
1783618389.503128529,0.538338187,-7.740334751,3.714170593
1783618389.508783579,0.538145961,-7.853903560,3.751187175
1783618389.509720325,0.559412021,-8.157213735,3.872559723
1783618389.511648417,0.515796152,-8.246982636,3.918461259
1783618389.513128519,0.497396327,-8.318378841,3.986837492
1783618389.514828205,0.490530711,-8.415130074,4.028051271
1783618389.521365643,0.454019635,-8.498781234,4.087123786
1783618389.523118973,0.427672724,-8.706054408,4.213127289
1783618389.524875164,0.393564034,-8.731540110,4.252275378
1783618389.526397705,0.401140971,-8.754649803,4.276043913
1783618389.528054953,0.362835579,-8.782650703,4.311357623
1783618389.529969931,0.365989805,-8.813511034,4.334171854
1783618389.533833981,0.374447065,-8.822792683,4.345762164
1783618389.534880400,0.382082886,-8.818877097,4.337952279
1783618389.536396027,0.355940588,-8.767498353,4.351296944
1783618389.538067579,0.338971815,-8.725898625,4.369622990
1783618389.539861917,0.299320189,-8.696888185,4.379900020
1783618389.544749260,0.308062289,-8.621263881,4.362227187
1783618389.546734095,0.323704459,-8.363533637,4.247097100
1783618389.548120499,0.337440202,-8.246742462,4.217413746
1783618389.549800158,0.314757401,-8.125954541,4.189897493
1783618389.551562786,0.289307657,-8.040536654,4.205516542
1783618389.553086519,0.249114733,-7.919371035,4.208274250
1783618389.558859587,0.270175597,-7.784660216,4.164823162
1783618389.559779644,0.282677510,-7.426646924,4.044138241
1783618389.561490774,0.275612882,-7.256970796,4.025898136
1783618389.563228607,0.245941234,-7.113707906,4.014432186
1783618389.564888477,0.239450776,-6.974833872,3.956315570
1783618389.571182013,0.233221587,-6.795421013,3.931724047
1783618389.572110415,0.232515591,-6.312510720,3.742476251
1783618389.573043346,0.215948950,-6.213964977,3.701171003
1783618389.574937820,0.187059237,-6.104683540,3.702599966
1783618389.576615095,0.174323148,-5.968536207,3.689564824
1783618389.578165054,0.142586410,-5.857977377,3.684921303
1783618389.583878517,0.133954651,-5.785359714,3.657531903
1783618389.584928989,0.112748308,-5.531139807,3.569823048
1783618389.586453438,0.085971990,-5.439274169,3.565631134
1783618389.588103294,0.061347239,-5.314576571,3.561677852
1783618389.589889288,0.038967177,-5.203541819,3.575050758
1783618389.592533827,0.033713902,-5.094832008,3.541814757
1783618389.593339682,0.012540977,-5.031591307,3.522242474
1783618389.596364498,0.015333304,-4.908746412,3.491800641
1783618389.597493410,0.008222571,-4.795522122,3.444542340
1783618389.598505735,-0.009109054,-4.682008334,3.401508434
1783618389.599747181,-0.023593911,-4.554249198,3.387486661
1783618389.601406813,-0.034205448,-4.401611044,3.375077066
1783618389.603057146,-0.041756003,-4.248411248,3.370371173
1783618389.607583284,-0.058025037,-4.131525883,3.326458995
1783618389.608407497,-0.066142490,-3.873952192,3.239248535
1783618389.609719992,-0.073261370,-3.735097494,3.203002160
1783618389.611406565,-0.083668464,-3.597945043,3.186793126
1783618389.613064766,-0.086015110,-3.441530156,3.154848772
1783618389.614906549,-0.076449242,-3.276640716,3.125194472
1783618389.621333122,-0.073958800,-3.149643194,3.090407857
1783618389.622286081,-0.103608917,-2.763581325,2.987325699
1783618389.623209000,-0.110172453,-2.638101464,2.955390386
1783618389.624911547,-0.112874977,-2.508040351,2.936996367
1783618389.626572609,-0.108566486,-2.357800401,2.900341262
1783618389.628163338,-0.102967190,-2.206915537,2.870894935
1783618389.633821249,-0.094405239,-2.088896429,2.835955645
1783618389.634828329,-0.099340246,-1.728320991,2.747932556
1783618389.636580706,-0.097897174,-1.602135180,2.725763547
1783618389.638109684,-0.098438004,-1.499528566,2.718170702
1783618389.639720201,-0.102423432,-1.412888995,2.699948347
1783618389.646412134,-0.091960478,-1.310879072,2.689699395
1783618389.648112774,-0.091008536,-1.058398267,2.644065331
1783618389.649814606,-0.076610652,-0.967346000,2.639627539
1783618389.651426792,-0.080768268,-0.899741718,2.627987423
1783618389.653110266,-0.076421367,-0.820037190,2.598951535
1783618389.658843756,-0.063722716,-0.730565544,2.574127890
1783618389.659781218,-0.049572350,-0.506349546,2.540867879
1783618389.661493301,-0.042949745,-0.448864648,2.519929665
1783618389.663127184,-0.055749226,-0.417299514,2.520257591
1783618389.664713383,-0.040607684,-0.358004182,2.495726082
1783618389.669518471,-0.043626213,-0.320050312,2.482340158
1783618389.670344353,-0.031933376,-0.250044021,2.438365662
1783618389.671442509,-0.018866195,-0.201864186,2.418506006
1783618389.673506737,-0.018189321,-0.181235526,2.398747561
1783618389.674743414,-0.028882845,-0.147553275,2.377867241
1783618389.676583290,-0.018951160,-0.113943555,2.367206233
1783618389.678093672,-0.016527847,-0.089434656,2.353414534
1783618389.683854342,-0.021293597,-0.061242583,2.338827141
1783618389.684901237,-0.013505637,0.012716046,2.314737027
1783618389.686476707,-0.021456507,0.026689854,2.312614136
1783618389.688209534,-0.022673933,0.053895737,2.326079891
1783618389.689777136,-0.022501632,0.073644455,2.345703309
1783618389.696441889,-0.038977172,0.078107079,2.369013126
1783618389.698237896,-0.052656676,0.156863743,2.416968249
1783618389.699705839,-0.057442510,0.150906605,2.445483460
1783618389.701390982,-0.063472537,0.181048706,2.457014381
1783618389.703060150,-0.063285512,0.208439193,2.471218691
1783618389.708828449,-0.047371123,0.228403033,2.472677826
1783618389.709771395,-0.017165104,0.347203807,2.510748201
1783618389.711454153,-0.020215511,0.368634115,2.515045285
1783618389.713123083,-0.016581592,0.399828015,2.519737706
1783618389.714919090,-0.017888297,0.418180005,2.532579127
1783618389.716974735,-0.017310223,0.436165279,2.523194241
1783618389.721329689,-0.002401757,0.464011702,2.525131009
1783618389.722398996,0.015379205,0.514381130,2.525536359
1783618389.723382235,0.023358648,0.529169878,2.527738249
1783618389.724862337,0.023133450,0.548920072,2.518121232
1783618389.726377010,0.026207665,0.554570882,2.515060201
1783618389.728104591,0.028026534,0.560771873,2.509028723
1783618389.732276201,0.040162126,0.587616760,2.482485542
1783618389.733122826,0.058685561,0.608829728,2.458434253
1783618389.734834194,0.072598952,0.651561326,2.435793916
1783618389.736510515,0.073829312,0.655557565,2.437870795
1783618389.738889217,0.076090476,0.660484252,2.423659154
1783618389.739821672,0.079042229,0.682996580,2.403306412
1783618389.746459484,0.086452860,0.703249528,2.393186007
1783618389.748225927,0.094502116,0.741925894,2.351158624
1783618389.749915600,0.088969994,0.747507587,2.342014490
1783618389.751439810,0.075663078,0.738185416,2.331678916
1783618389.753085136,0.068678763,0.734219862,2.313792157
1783618389.758781910,0.077537671,0.758065337,2.290418035
1783618389.759726763,0.088881057,0.769569512,2.246915552
1783618389.761415958,0.086236712,0.770263718,2.244871294
1783618389.763234854,0.072719377,0.747710677,2.241205487
1783618389.764713526,0.061859981,0.761886894,2.219914625
1783618389.771346807,0.057463691,0.773803668,2.211029625
1783618389.773098469,0.060058767,0.758667280,2.175015417
1783618389.774882555,0.049273933,0.742081667,2.164385195
1783618389.776400805,0.042248404,0.743757472,2.151496948
1783618389.778088808,0.045173097,0.757160609,2.148998746
1783618389.783877611,0.035889018,0.732449605,2.150298923
1783618389.784918070,0.032036446,0.709065979,2.144860694
1783618389.786413908,0.019334452,0.705324005,2.140447613
1783618389.788155317,0.014594052,0.699185821,2.146082139
1783618389.789714098,0.008163693,0.689045416,2.140309045
1783618389.794932842,-0.012820891,0.657507454,2.148614800
1783618389.796437740,-0.017073756,0.640558966,2.138828321
1783618389.798062325,-0.017372589,0.615955146,2.144375924
1783618389.799751282,-0.027699160,0.614892786,2.147556248
1783618389.801398754,-0.033127511,0.597524581,2.156143614
1783618389.803063393,-0.049377224,0.575722691,2.156617123
1783618389.808828592,-0.053657869,0.562402336,2.160209532
1783618389.809762955,-0.048488156,0.539865173,2.163598587
1783618389.811489582,-0.051671390,0.546933648,2.165485057
1783618389.813094616,-0.064498981,0.522440597,2.172861687
1783618389.814914942,-0.072833382,0.496162704,2.167846148
1783618389.821309805,-0.066859873,0.518698466,2.163720471
1783618389.822237015,-0.050794470,0.520243566,2.153344839
1783618389.823159695,-0.043015287,0.527214831,2.150712095
1783618389.824799776,-0.041414946,0.508290859,2.155709137
1783618389.826586485,-0.052156341,0.505343647,2.152326677
1783618389.828081846,-0.048588656,0.504657278,2.152705581
1783618389.833878279,-0.042947459,0.498840682,2.157943180
1783618389.834897280,-0.016374428,0.535192391,2.157072163
1783618389.836417913,-0.021203599,0.511531858,2.156515933
1783618389.838105202,-0.026816044,0.523798160,2.166069434
1783618389.839888334,-0.024408609,0.508067291,2.161629646
1783618389.841472864,-0.023698865,0.511483707,2.162645992
1783618389.846345901,-0.020361607,0.511205859,2.166735624
1783618389.847546339,-0.012660937,0.510389055,2.177793213
1783618389.848581314,-0.006576389,0.501744845,2.180354850
1783618389.849844456,-0.013706279,0.509511333,2.177019816
1783618389.851497889,-0.016704066,0.505122111,2.182828580
1783618389.853152275,-0.025545613,0.492956339,2.182238901
1783618389.856320620,-0.022792889,0.503018684,2.179352934
1783618389.857183218,-0.019645581,0.522893245,2.172844262
1783618389.858105421,-0.015953088,0.514383501,2.174065560
1783618389.859733582,-0.012463471,0.519156070,2.169703473
1783618389.861622095,-0.015594812,0.518381658,2.166010843
1783618389.863127708,-0.026874109,0.520219105,2.161119273
1783618389.864919901,-0.033185430,0.509459334,2.155296719
1783618389.871347666,-0.034844041,0.532261664,2.140868502
1783618389.873088598,-0.034559089,0.516426018,2.139831056
1783618389.874840498,-0.036868268,0.525313048,2.141395338
1783618389.876444817,-0.038230925,0.512478678,2.136163321
1783618389.878191233,-0.047591831,0.506906620,2.134399232
1783618389.883919477,-0.041940781,0.523147294,2.131273165
1783618389.884936810,-0.031569685,0.499179129,2.143196033
1783618389.886403561,-0.039539739,0.491950267,2.145449689
1783618389.888120174,-0.051985223,0.463014578,2.141818912
1783618389.889706850,-0.041818308,0.468216786,2.134609280
1783618389.896466017,-0.054059596,0.464297015,2.130918195
1783618389.898171186,-0.057903375,0.440994070,2.125123222
1783618389.899862051,-0.063206303,0.411217613,2.139125333
1783618389.901453257,-0.067412874,0.394747703,2.131488082
1783618389.903116703,-0.067831008,0.359899682,2.136559883
1783618389.908849955,-0.068900185,0.351212560,2.131263869
1783618389.909797430,-0.069494054,0.249730717,2.132924212
1783618389.911524296,-0.077636244,0.216681099,2.142939525
1783618389.913098812,-0.076508308,0.181559268,2.138833627
1783618389.914913177,-0.077035844,0.148841001,2.120011207
1783618389.918562651,-0.087317641,0.118910860,2.104797134
1783618389.921221495,-0.091368173,0.079071361,2.104776975
1783618389.922167063,-0.089379009,-0.033355392,2.103697978
1783618389.923117399,-0.084620372,-0.077595956,2.099935342
1783618389.924782991,-0.087952689,-0.116488448,2.102300720
1783618389.926580906,-0.086825685,-0.178152305,2.099525800
1783618389.928088188,-0.089042659,-0.232920417,2.085718635
1783618389.933709383,-0.083702435,-0.260247972,2.075918175
1783618389.934759617,-0.070784565,-0.386116015,2.077411232
1783618389.936547995,-0.078303628,-0.429293441,2.069303833
1783618389.938230753,-0.070739146,-0.468624732,2.071902547
1783618389.939905405,-0.066285460,-0.518790956,2.067275711
1783618389.946386099,-0.066111707,-0.579951972,2.060447277
1783618389.948278189,-0.050637219,-0.774927601,2.061997493
1783618389.949949503,-0.032932887,-0.826012725,2.076013613
1783618389.951725721,-0.028059630,-0.875649150,2.083582699
1783618389.953227282,-0.026829310,-0.949216589,2.097642821
1783618389.958834887,-0.026842840,-1.002563593,2.094131204
1783618389.959803343,0.003520997,-1.229180933,2.155381684
1783618389.961556911,0.011219572,-1.296421902,2.178819198
1783618389.963156462,0.022666974,-1.370722489,2.205279558
1783618389.964950800,0.026170771,-1.467232296,2.212239713
1783618389.971344471,0.035984282,-1.535870294,2.233581283
1783618389.973099709,0.067722910,-1.826995196,2.282903021
1783618389.974872112,0.078655610,-1.923651980,2.303796851
1783618389.976380110,0.103493829,-2.035350561,2.324517983
1783618389.978075027,0.111265281,-2.157228507,2.338306391
1783618389.980352402,0.140548293,-2.293861136,2.339648924
1783618389.983883858,0.162520901,-2.396445217,2.355610290
1783618389.984900713,0.262428314,-2.798900333,2.392318355
1783618389.986390114,0.285649881,-2.913517062,2.418022762
1783618389.988051653,0.312200968,-3.050080010,2.445740573
1783618389.989834547,0.329003059,-3.206643851,2.468111233
1783618389.995254755,0.368959042,-3.358495986,2.504159109
1783618389.996632099,0.455907899,-3.647746795,2.564331085
1783618389.998192310,0.475365098,-3.804005227,2.595690020
1783618389.999764204,0.529376986,-3.941810769,2.621334056
1783618390.001613379,0.557784775,-4.091644549,2.696871298
1783618390.003146172,0.566018566,-4.289676348,2.775206584
1783618390.008807898,0.557826754,-4.547261893,2.929551001
1783618390.009723663,0.775787881,-4.960893775,2.991170662
1783618390.011550903,0.788793562,-5.193656321,3.105368314
1783618390.013189793,0.782493044,-5.369933978,3.188494912
1783618390.014756918,0.833597400,-5.552080341,3.229279944
1783618390.021325111,0.831091208,-5.709528359,3.305961881
1783618390.023077488,0.928279909,-6.458076953,3.564529984
1783618390.024859667,0.910718143,-6.619030815,3.654099215
1783618390.026588202,0.942292483,-6.775267886,3.704948066
1783618390.028091431,0.930023238,-6.953429995,3.787079221
1783618390.033873796,0.954788188,-7.124156136,3.856958095
1783618390.034863949,1.027435358,-7.582092584,4.038269185
1783618390.036487579,0.998176748,-7.696701757,4.103471101
1783618390.038160801,0.969077353,-7.790937038,4.168706626
1783618390.039715290,0.987330304,-7.923691887,4.211181812
1783618390.042235851,0.944019548,-8.042485787,4.295066246
1783618390.043312311,0.975439688,-8.235379885,4.374353908
1783618390.046422720,0.986609023,-8.324881406,4.408092334
1783618390.048213243,0.998483805,-8.422596884,4.440649515
1783618390.049907446,0.964366145,-8.501382501,4.499420798
1783618390.051426411,0.930396431,-8.590541705,4.574374232
1783618390.053076744,0.931974519,-8.679938452,4.611391867
1783618390.057437181,0.890516683,-8.731378260,4.670315992
1783618390.058357716,0.886661641,-8.904874232,4.758397475
1783618390.059728146,0.900351140,-8.940579289,4.762426916
1783618390.061676502,0.863259384,-8.952330747,4.799368927
1783618390.063139677,0.821989191,-8.973415367,4.841964323
1783618390.064952374,0.789398439,-9.003005261,4.887114363
1783618390.071269512,0.792866801,-9.031583511,4.904802355
1783618390.072220802,0.785892827,-9.106500261,4.949121519
1783618390.073232651,0.783784102,-9.114779459,4.970208967
1783618390.074933529,0.748356147,-9.112841820,5.014317711
1783618390.076583624,0.695265351,-9.131123136,5.076983900
1783618390.078197002,0.631479255,-9.134772059,5.129873010
1783618390.083956242,0.607818995,-9.131659414,5.147543956
1783618390.085038185,0.637350588,-9.054105577,5.140992458
1783618390.086528301,0.573351338,-9.024473662,5.211392007
1783618390.088178873,0.501504468,-8.997571277,5.274714064
1783618390.089914083,0.417161343,-8.971478667,5.325186776
1783618390.096409798,0.419608775,-8.953353071,5.336107097
1783618390.098133564,0.444224343,-8.904294945,5.360029959
1783618390.099822283,0.360521197,-8.850186133,5.425499217
1783618390.101385593,0.292014436,-8.755320471,5.481689544
1783618390.103088617,0.217274019,-8.661631296,5.523713267
1783618390.108832598,0.218296198,-8.612450213,5.515276318
1783618390.109766960,0.236585788,-8.276589050,5.409844636
1783618390.111493111,0.170905938,-8.138930422,5.419361179
1783618390.113097668,0.111470793,-7.998770324,5.449570478
1783618390.114897728,0.045023491,-7.863972718,5.457164264
1783618390.120528936,0.046542253,-7.768460472,5.410021748
1783618390.121407986,0.057450756,-7.472947147,5.312329005
1783618390.123135090,0.012773684,-7.322667789,5.314324719
1783618390.124866486,-0.028679025,-7.186846033,5.320230305
1783618390.126614809,-0.032424285,-7.093202340,5.284253470
1783618390.128188372,-0.082322150,-6.957491214,5.274705686
1783618390.133902073,-0.066499808,-6.829286999,5.231922483
1783618390.134951353,-0.060910550,-6.483236235,5.073909669
1783618390.136388540,-0.053170170,-6.353948758,5.018329117
1783618390.138142824,-0.088229527,-6.220352326,4.997191384
1783618390.139823437,-0.120425273,-6.084269076,4.962467166
1783618390.146269083,-0.142667000,-5.918078085,4.939104028
1783618390.147450447,-0.134810668,-5.510285883,4.760776515
1783618390.148456812,-0.127846817,-5.368168401,4.698257867
1783618390.149737120,-0.139630388,-5.190648687,4.638766287
1783618390.151452065,-0.153518184,-5.022110009,4.582124148
1783618390.153159618,-0.141530803,-4.853800434,4.493673474
1783618390.158885002,-0.140018000,-4.662132499,4.433904056
1783618390.159828186,-0.108901478,-4.142353993,4.184257802
1783618390.161572218,-0.096731286,-3.966002577,4.115914819
1783618390.163179398,-0.093292192,-3.801383723,4.047249309
1783618390.164757490,-0.074884242,-3.640205660,3.960651354
1783618390.171379566,-0.059673236,-3.443577023,3.887340994
1783618390.173070908,-0.010577649,-2.950755424,3.683866205
1783618390.174848557,0.020141979,-2.763063782,3.608216262
1783618390.176412821,0.041815418,-2.600023998,3.533785767
1783618390.178183317,0.061624038,-2.439408707,3.471263316
1783618390.181991100,0.072911724,-2.281261289,3.401230190
1783618390.183101892,0.129006726,-1.941302475,3.252722358
1783618390.184858084,0.155150646,-1.791530876,3.188610291
1783618390.186541319,0.171052532,-1.649386932,3.128118244
1783618390.188905001,0.193954135,-1.485945963,3.061334931
1783618390.189855814,0.226002870,-1.226887652,2.970551446
1783618390.191382885,0.244412333,-1.097903405,2.916489473
1783618390.196443319,0.261215237,-0.973675378,2.865072414
1783618390.198204517,0.300912676,-0.772032229,2.800015359
1783618390.199921846,0.307469274,-0.687270346,2.778300517
1783618390.201381445,0.330268897,-0.614298389,2.755202105
1783618390.203042269,0.338741675,-0.532165919,2.736938647
1783618390.208834887,0.333769420,-0.460590439,2.727003533
1783618390.209774494,0.392515222,-0.207921529,2.650860985
1783618390.211483002,0.387653905,-0.164888548,2.653548680
1783618390.213062286,0.383573741,-0.153021400,2.641841452
1783618390.214734793,0.396750833,-0.104927157,2.630659155
1783618390.221378326,0.401930448,-0.058701733,2.616648512
1783618390.223163605,0.398095443,0.023492127,2.587600254
1783618390.224712372,0.410715094,0.086269300,2.573958395
1783618390.226614237,0.412207191,0.090245912,2.584528485
1783618390.228122473,0.400630046,0.108702117,2.574994848
1783618390.233948946,0.420519173,0.159346471,2.566143348
1783618390.235144138,0.438766257,0.256894534,2.564089358
1783618390.236464262,0.437575195,0.273573994,2.574314764
1783618390.238196850,0.435035803,0.301228859,2.594904968
1783618390.239858389,0.439094624,0.346474079,2.599379395
1783618390.244043112,0.420468101,0.350164513,2.619374873
1783618390.245249033,0.432854886,0.402148822,2.635653899
1783618390.246720314,0.444612079,0.441272494,2.657584878
1783618390.248261929,0.434428309,0.447671275,2.675920519
1783618390.249801159,0.446458123,0.466001977,2.683018767
1783618390.251745701,0.438039762,0.502754539,2.691537280
1783618390.253054142,0.439711605,0.537556968,2.706692373
1783618390.258824110,0.430433892,0.550052058,2.712375861
1783618390.259790182,0.443318976,0.607530235,2.720298108
1783618390.261562824,0.434485760,0.605849698,2.734404104
1783618390.263185024,0.415564925,0.620865841,2.733407626
1783618390.264764786,0.420101033,0.642450946,2.734361144
1783618390.271356106,0.406267875,0.659255929,2.743393284
1783618390.272291899,0.424308423,0.708404332,2.734444413
1783618390.273226261,0.420197619,0.715329960,2.728080245
1783618390.274866581,0.399041899,0.703787586,2.722905137
1783618390.276715755,0.393784084,0.728802643,2.722810593
1783618390.278336763,0.377044639,0.713479638,2.717327496
1783618390.283891916,0.376464334,0.738518717,2.697930966
1783618390.284919262,0.397848921,0.765832882,2.681209641
1783618390.286380529,0.387148004,0.779840358,2.672254591
1783618390.288048267,0.377492844,0.782536219,2.680130067
1783618390.289826393,0.356772248,0.774713098,2.671215968
1783618390.296518087,0.351771296,0.773884404,2.666481024
1783618390.298067808,0.340116714,0.767276186,2.641415790
1783618390.299796820,0.319392788,0.771020707,2.642483204
1783618390.301592588,0.307632104,0.779167130,2.630917370
1783618390.303119421,0.281293616,0.745828418,2.639884237
1783618390.306549072,0.269608748,0.756344097,2.625899306
1783618390.308831453,0.262403088,0.753336912,2.607559763
1783618390.309781075,0.242282383,0.737278823,2.591488289
1783618390.311548233,0.230866814,0.738315024,2.580339025
1783618390.313187122,0.221070590,0.736736685,2.568699851
1783618390.314745665,0.211508374,0.725233823,2.557865622
1783618390.321179390,0.194473724,0.705031220,2.551176528
1783618390.322093487,0.174941710,0.683295750,2.476777444
1783618390.323080301,0.163861379,0.701500069,2.463253686
1783618390.324728727,0.156367519,0.689388397,2.456767163
1783618390.326632500,0.138205749,0.665302949,2.447284455
1783618390.328106403,0.130608250,0.679664776,2.429649896
1783618390.333906412,0.124881498,0.672507988,2.420711571
1783618390.334941387,0.114087758,0.651242075,2.386475005
1783618390.336429596,0.107159091,0.651728869,2.378704777
1783618390.338094711,0.094182715,0.623735032,2.377815847
1783618390.339892864,0.084421900,0.609829522,2.366984835
1783618390.346505880,0.070882919,0.602571313,2.357777689
1783618390.348281145,0.073670167,0.575697412,2.340078731
1783618390.349737883,0.064026679,0.579947710,2.340568921
1783618390.351421595,0.065741007,0.574573805,2.337720583
1783618390.353051186,0.065071477,0.558252966,2.328402727
1783618390.358853579,0.059571178,0.537330386,2.319482078
1783618390.359833717,0.063739972,0.536262939,2.299978883
1783618390.361579895,0.061290674,0.543671420,2.295597110
1783618390.363283634,0.051880438,0.536873765,2.297666177
1783618390.364875078,0.047861629,0.505338322,2.306267870
1783618390.369489193,0.042840112,0.521390390,2.290032216
1783618390.370333910,0.044712339,0.517509986,2.285182902
1783618390.371523380,0.036748262,0.500054435,2.283157107
1783618390.373104572,0.027781213,0.494806604,2.275597939
1783618390.374909163,0.021809014,0.489401008,2.276197839
1783618390.376620054,0.022188474,0.479094831,2.283041311
1783618390.378106833,0.000108708,0.449294611,2.276510966
1783618390.383881807,-0.003001430,0.438944473,2.274958798
1783618390.384906292,-0.019815760,0.403584600,2.272029302
1783618390.386571169,-0.033102345,0.404017129,2.256401856
1783618390.388252974,-0.045187880,0.385810599,2.266099452
1783618390.389788866,-0.058518687,0.364327746,2.265409002
1783618390.396451712,-0.074389937,0.341917889,2.253237358
1783618390.398147583,-0.063219883,0.337418685,2.232343156
1783618390.399838686,-0.087959504,0.313622305,2.235376888
1783618390.401443958,-0.090517062,0.323235647,2.233191487
1783618390.403133392,-0.095226110,0.310312559,2.237281240
1783618390.408857584,-0.098312311,0.302133758,2.226208553
1783618390.409787655,-0.090357800,0.300761290,2.228601856
1783618390.411548138,-0.103248869,0.317790803,2.215225715
1783618390.413095474,-0.104404251,0.311487203,2.218832809
1783618390.414888382,-0.119052566,0.290511774,2.223729138
1783618390.416965008,-0.119482459,0.302789820,2.211077846
1783618390.421392202,-0.121174027,0.309909700,2.216759004
1783618390.423081636,-0.133207666,0.293964170,2.206040920
1783618390.424881458,-0.145569109,0.296953638,2.191578946
1783618390.426424265,-0.139173671,0.296939768,2.190383057
1783618390.428187609,-0.155567800,0.279492768,2.180154804
1783618390.433062077,-0.163827581,0.288826236,2.167847924
1783618390.434846401,-0.167963528,0.283794697,2.167110382
1783618390.436514139,-0.173580905,0.283795545,2.163555218
1783618390.438895941,-0.179490636,0.270961224,2.175253771
1783618390.439810514,-0.187136024,0.242843622,2.166872566
1783618390.446533680,-0.189900975,0.235437316,2.153503280
1783618390.448107004,-0.200711618,0.179543759,2.157138642
1783618390.449872494,-0.195956483,0.154739162,2.150898821
1783618390.451611042,-0.212125027,0.118735423,2.146261989
1783618390.453176022,-0.215475151,0.079464010,2.139090467
1783618390.458814383,-0.230287844,0.070928270,2.146344496
1783618390.459727049,-0.233693175,-0.130581034,2.154793791
1783618390.461410522,-0.238440324,-0.185203411,2.153437284
1783618390.463198900,-0.249128576,-0.251263676,2.165413243
1783618390.464835644,-0.255163820,-0.319994683,2.165584426
1783618390.471281052,-0.246465048,-0.356275547,2.173459149
1783618390.472213507,-0.256920699,-0.544473495,2.173648794
1783618390.473143339,-0.252879506,-0.604146180,2.185863354
1783618390.474785805,-0.259666182,-0.677101446,2.184412959
1783618390.476583481,-0.258846607,-0.735265206,2.181861891
1783618390.478166342,-0.253605214,-0.784285727,2.175049117
1783618390.483922482,-0.244143209,-0.876361824,2.180168957
1783618390.485015392,-0.227583809,-1.060162143,2.184785874
1783618390.486609697,-0.227675585,-1.115723969,2.166592985
1783618390.488058090,-0.211517657,-1.182901503,2.176163248
1783618390.489743710,-0.204057200,-1.242085641,2.177971919
1783618390.493374348,-0.179228265,-1.284811442,2.193872214
1783618390.496526241,-0.152132382,-1.366178169,2.203086213
1783618390.498297215,-0.109385827,-1.482381666,2.206971950
1783618390.499773026,-0.090306383,-1.562091089,2.214801783
1783618390.501401901,-0.060573153,-1.632647817,2.222763412
1783618390.503076315,-0.038184543,-1.689937185,2.223909660
1783618390.508524418,-0.002776371,-1.745687703,2.221441506
1783618390.509719849,0.104785665,-2.003877149,2.206020586
1783618390.511596918,0.132340477,-2.071862163,2.213658287
1783618390.513247013,0.165114113,-2.164939655,2.232812634
1783618390.514878988,0.194484442,-2.275415040,2.224162706
1783618390.521498203,0.219001906,-2.352286149,2.236140875
1783618390.523070812,0.367771294,-2.739602262,2.275847898
1783618390.524881124,0.391447687,-2.855450494,2.297142832
1783618390.526420593,0.410756506,-2.943829976,2.319853640
1783618390.528208494,0.422206067,-3.037607882,2.378628195
1783618390.533882380,0.483252946,-3.138451132,2.364335567
1783618390.534905195,0.567101225,-3.683814398,2.552638778
1783618390.536495209,0.684672097,-3.763905911,2.520955426
1783618390.538183212,0.662112003,-3.900038432,2.608047847
1783618390.539715052,0.674851251,-4.096468597,2.667535179
1783618390.546507120,0.694023643,-4.215588019,2.701420190
1783618390.548293114,0.801205712,-4.620239628,2.801410602
1783618390.549748659,0.798900565,-4.746232780,2.829361079
1783618390.551605225,0.797553278,-4.817854329,2.853317680
1783618390.553084612,0.797559278,-4.933223064,2.899855636
1783618390.555467367,0.830577770,-5.032009074,2.917815044
1783618390.556470156,0.862515359,-5.255980770,2.968194826
1783618390.558847427,0.883664890,-5.337589835,2.990864702
1783618390.559804201,0.902876195,-5.434229964,3.017526445
1783618390.561524630,0.894933157,-5.535752559,3.049338004
1783618390.563215256,0.889961168,-5.627820724,3.085649987
1783618390.564826012,0.918867970,-5.719818753,3.110158515
1783618390.571438551,0.889616449,-5.823758650,3.174393507
1783618390.573117256,0.887818173,-6.087245874,3.277175503
1783618390.574918270,0.877384854,-6.182968754,3.321675719
1783618390.576440334,0.879248963,-6.260259439,3.339603478
1783618390.578140497,0.863832088,-6.324337680,3.364849738
1783618390.583913326,0.871874323,-6.382879255,3.388685533
1783618390.584929705,0.872605829,-6.572877226,3.437445695
1783618390.586416960,0.843368551,-6.617819498,3.455010719
1783618390.588123322,0.825665457,-6.636335427,3.474376020
1783618390.589925051,0.808656435,-6.646062392,3.497556520
1783618390.596454382,0.799332204,-6.672779296,3.501274947
1783618390.598204613,0.813778332,-6.687946516,3.510080827
1783618390.599936008,0.790090042,-6.702792977,3.514410006
1783618390.601437330,0.749373665,-6.698882799,3.523180858
1783618390.603212595,0.737942128,-6.686858871,3.529677319
1783618390.608875751,0.736442065,-6.659946155,3.514693646
1783618390.609813929,0.728480488,-6.666274299,3.520088858
1783618390.611614227,0.711888263,-6.678423452,3.525310443
1783618390.613206387,0.696603499,-6.669969648,3.518959854
1783618390.614763498,0.695816469,-6.655012557,3.506232689
1783618390.617976427,0.656936626,-6.658975739,3.549763270
1783618390.618866205,0.641339086,-6.653457108,3.586170467
1783618390.619792700,0.635919157,-6.671802409,3.602831735
1783618390.621567011,0.631304683,-6.682607900,3.638237665
1783618390.623136520,0.592661551,-6.654742111,3.657452007
1783618390.624935865,0.557165210,-6.654472580,3.686390924
1783618390.626380444,0.548345454,-6.640867649,3.702151127
1783618390.628161907,0.498896383,-6.609499757,3.720310180
1783618390.633852482,0.488273587,-6.586216475,3.745150273
1783618390.634729385,0.453391461,-6.519821399,3.780776592
1783618390.636577368,0.406569841,-6.512285459,3.817062123
1783618390.638242006,0.339941199,-6.496340347,3.859783927
1783618390.639786959,0.328342349,-6.486142094,3.868181262
1783618390.646292686,0.273258823,-6.445918873,3.920764396
1783618390.647435904,0.227029316,-6.392716989,3.959091893
1783618390.648463964,0.222884169,-6.353752345,3.958410785
1783618390.649719000,0.168701253,-6.296998784,3.999635635
1783618390.651371956,0.113588813,-6.222635231,4.016829631
1783618390.653041601,0.066336653,-6.130496569,4.028810922
1783618390.658825159,0.057935694,-6.062176628,4.011251980
1783618390.659767866,0.045805605,-5.820877386,3.946372204
1783618390.661519289,-0.002840263,-5.719237383,3.953788818
1783618390.663077116,-0.061604528,-5.611600453,3.941630726
1783618390.664897442,-0.109150921,-5.462971482,3.913668855
1783618390.671355486,-0.107455301,-5.345811149,3.873475482
1783618390.673044920,-0.147547022,-4.926766913,3.743022247
1783618390.674832582,-0.178367245,-4.760511740,3.707584824
1783618390.676415205,-0.173187927,-4.636667892,3.649651706
1783618390.678179264,-0.197818449,-4.463542929,3.607242690
1783618390.681435347,-0.184090625,-4.302938154,3.544259625
1783618390.683868408,-0.187739005,-3.990671808,3.415811567
1783618390.684859514,-0.164991070,-3.650441720,3.282144560
1783618390.686610699,-0.172965412,-3.482101960,3.226258256
1783618390.688044786,-0.172647292,-3.291447209,3.158084809
1783618390.689814091,-0.169663805,-3.117553790,3.096107443
1783618390.696513414,-0.151490118,-2.953434010,3.025865509
1783618390.698094130,-0.106857397,-2.472625843,2.843746441
1783618390.699872494,-0.105613617,-2.318907099,2.798629350
1783618390.701380730,-0.091619344,-2.151516933,2.729838453
1783618390.703045845,-0.069296754,-1.985767512,2.682977861
1783618390.708823919,-0.061372531,-1.836997746,2.630474842
1783618390.709747791,-0.016178959,-1.321552628,2.461228446
1783618390.711486816,-0.006320796,-1.210202330,2.418567541
1783618390.713118792,-0.000296397,-1.120650335,2.408465861
1783618390.714723349,0.023475836,-0.998357184,2.368978294
1783618390.721360683,0.023873588,-0.919262436,2.348279044
1783618390.723124504,0.056784630,-0.680180060,2.275366296
1783618390.724909544,0.073559508,-0.601904659,2.246776129
1783618390.726426363,0.083921691,-0.519953478,2.228080700
1783618390.728247166,0.099784900,-0.458816181,2.198564301
1783618390.733870506,0.106834723,-0.414378111,2.188103541
1783618390.734868050,0.130278147,-0.242876899,2.140204504
1783618390.736567020,0.147088544,-0.191332749,2.117569096
1783618390.738106251,0.126414245,-0.220534319,2.156276956
1783618390.739871502,0.109676744,-0.170448304,2.139867169
1783618390.743107796,0.155607326,-0.079754516,2.082319284
1783618390.746541023,0.143853368,-0.108685395,2.119561447
1783618390.748313189,0.141014320,-0.071024208,2.120941536
1783618390.749761581,0.139501262,-0.052505633,2.110297232
1783618390.751623392,0.126910399,-0.031826696,2.107893291
1783618390.753051996,0.127738691,-0.014280564,2.116647074
1783618390.758373499,0.129440511,-0.006029203,2.117540934
1783618390.759902716,0.113260665,0.028339180,2.147183545
1783618390.761717081,0.111884401,0.045775421,2.154001249
1783618390.763094187,0.096342123,0.047053464,2.153891337
1783618390.764850616,0.093572110,0.068342745,2.157839016
1783618390.771384716,0.098470784,0.099133239,2.163212854
1783618390.773113728,0.098880578,0.172910588,2.192150566
1783618390.774875879,0.081334222,0.175633150,2.184498737
1783618390.776386976,0.096993662,0.218129493,2.186097136
1783618390.778139591,0.086001978,0.214592139,2.182944415
1783618390.783892155,0.085741260,0.233934528,2.170643647
1783618390.784880877,0.092334003,0.298497219,2.131294245
1783618390.786568642,0.091969789,0.332290303,2.116662013
1783618390.788177252,0.072186388,0.339418706,2.098438180
1783618390.789756536,0.071749564,0.348812589,2.080136790
1783618390.796468973,0.076756680,0.382140542,2.058898629
1783618390.798179865,0.096806297,0.429346325,1.996130379
1783618390.799918413,0.089561643,0.450185608,1.976315076
1783618390.801384449,0.084658794,0.440021119,1.974558557
1783618390.803048372,0.068799704,0.454017710,1.946047092
1783618390.808874846,0.078036596,0.471896689,1.938443147
1783618390.809829712,0.099336977,0.513008136,1.901138268
1783618390.811643600,0.095598301,0.531523279,1.896875228
1783618390.813169241,0.089417454,0.534466002,1.892812854
1783618390.814727068,0.099816649,0.547190238,1.877219882
1783618390.819389820,0.097468624,0.565564672,1.869569797
1783618390.820239782,0.101540504,0.569412378,1.877010725
1783618390.821567297,0.110793100,0.590429346,1.877871405
1783618390.823143482,0.115673115,0.609190111,1.874441911
1783618390.824913979,0.121938825,0.616544526,1.876381184
1783618390.826389790,0.124148578,0.621118829,1.875579127
1783618390.828156233,0.124003877,0.621514737,1.879980549
1783618390.833828688,0.124671573,0.623182208,1.905010505
1783618390.834999800,0.146697393,0.652223069,1.896140391
1783618390.836568356,0.141548266,0.663322851,1.893555811
1783618390.838265181,0.133970612,0.684209907,1.894632908
1783618390.839807510,0.148723173,0.685117456,1.897876127
1783618390.846538305,0.153670078,0.680306176,1.901096495
1783618390.848287106,0.182613043,0.705987245,1.901966427
1783618390.849713564,0.183164147,0.704263010,1.893089697
1783618390.851417303,0.183567747,0.728161619,1.887540036
1783618390.853185892,0.184203428,0.737668443,1.892337734
1783618390.858826876,0.187165958,0.732042086,1.880880503
1783618390.859767437,0.210762345,0.755103221,1.872384433
1783618390.861569405,0.210876309,0.749901699,1.874179657
1783618390.863131285,0.202820945,0.755314687,1.865415019
1783618390.864931822,0.208431951,0.778951382,1.863774852
1783618390.871367693,0.211580946,0.774182324,1.862023759
1783618390.873072624,0.219214930,0.760190356,1.870159927
1783618390.874855518,0.209823831,0.755131698,1.857772122
1783618390.876432896,0.212894397,0.762684155,1.847811844
1783618390.878194094,0.214467892,0.781518959,1.851848428
1783618390.881503582,0.218945879,0.771370015,1.851110248
1783618390.883864880,0.223795712,0.785839186,1.839009023
1783618390.884873152,0.236087267,0.783688038,1.857173151
1783618390.886386395,0.221666042,0.770782469,1.852106664
1783618390.888052225,0.225788219,0.778984758,1.855807931
1783618390.889820337,0.224839547,0.784903187,1.873540541
1783618390.896561384,0.231581968,0.780278926,1.884574898
1783618390.898319483,0.256165910,0.792811554,1.918901423
1783618390.899735689,0.261893505,0.807213177,1.932114998
1783618390.901733398,0.262256991,0.818168984,1.944310111
1783618390.903224707,0.250343615,0.814834545,1.954534474
1783618390.908849001,0.256838759,0.820784091,1.963891749
1783618390.909799099,0.297298569,0.865775000,2.012994295
1783618390.911562681,0.282041802,0.856361565,2.040484809
1783618390.913148642,0.277945201,0.863822707,2.032424683
1783618390.914741755,0.287823384,0.887265133,2.052585189
1783618390.921338558,0.293146560,0.893770107,2.072597574
1783618390.923077345,0.308923918,0.934936193,2.103727747
1783618390.924850702,0.295640315,0.934611920,2.126559542
1783618390.926385403,0.304216366,0.942924004,2.135232332
1783618390.928277731,0.295815819,0.965399354,2.147161090
1783618390.933905840,0.306209261,0.989047249,2.159751890
1783618390.934944630,0.343731565,1.048824674,2.195709735
1783618390.936419010,0.330392852,1.049812053,2.210978926
1783618390.938094854,0.322476843,1.082043597,2.212917818
1783618390.939882994,0.317754230,1.092178152,2.229519543
1783618390.943929434,0.313355427,1.090937249,2.224356622
1783618390.944869518,0.329716549,1.126382034,2.218338505
1783618390.946676016,0.329584240,1.140686176,2.230206523
1783618390.948205948,0.322938461,1.130136523,2.233589181
1783618390.949741602,0.326008538,1.150253760,2.238346701
1783618390.951438427,0.318603515,1.164902080,2.245052201
1783618390.953131914,0.299546245,1.163631453,2.260713016
1783618390.958846807,0.304828866,1.162103280,2.262727434
1783618390.959831715,0.332411848,1.200026051,2.263620833
1783618390.961656809,0.323133119,1.222923523,2.269260363
1783618390.963184595,0.318584151,1.227604302,2.269082941
1783618390.964736700,0.322954630,1.236768770,2.261087783
1783618390.971386433,0.312652986,1.247440378,2.269541495
1783618390.973133802,0.319650960,1.259693580,2.287828015
1783618390.974823475,0.329348875,1.291356830,2.288365599
1783618390.976443291,0.327649441,1.288217178,2.296612154
1783618390.978221178,0.322830885,1.276405526,2.311613614
1783618390.983839273,0.327384060,1.265749232,2.309155477
1783618390.984811068,0.338379188,1.263218006,2.318092744
1783618390.986503601,0.327819770,1.248209496,2.331283514
1783618390.988892078,0.318774403,1.243181798,2.319832121
1783618390.989839792,0.319928443,1.228910748,2.319553418
1783618390.996517658,0.316157987,1.233129494,2.311501641
1783618390.998236895,0.325503492,1.194591198,2.312222974
1783618390.999934673,0.321923317,1.182042281,2.317603291
1783618391.001613617,0.325185565,1.162538575,2.315920089
1783618391.003065109,0.316535185,1.117752055,2.318393660
1783618391.005356789,0.326004786,1.094933708,2.329420494
1783618391.008877993,0.337509318,0.984290804,2.350495123
1783618391.009817839,0.349291262,0.883392142,2.361706050
1783618391.011606693,0.343573653,0.824939576,2.372532940
1783618391.013140440,0.350899601,0.760023585,2.377664386
1783618391.014925241,0.348637055,0.678286677,2.377465126
1783618391.020852089,0.357516181,0.610449923,2.378524134
1783618391.021712780,0.384387707,0.338826059,2.419563371
1783618391.023209810,0.385818695,0.281420181,2.436239420
1783618391.024821520,0.387938341,0.201863644,2.448820683
1783618391.026393652,0.398476476,0.101380016,2.463367013
1783618391.028139591,0.415124934,0.038491420,2.471952634
1783618391.033878326,0.433421989,-0.017354834,2.497277129
1783618391.034842253,0.473304579,-0.223879929,2.530925079
1783618391.036575317,0.488839812,-0.275870950,2.563526572
1783618391.038134813,0.503226989,-0.340277132,2.579742893
1783618391.039813280,0.517144028,-0.405495677,2.594457655
1783618391.046554089,0.536185103,-0.448853887,2.620805544
1783618391.048081636,0.578802685,-0.645601063,2.681244207
1783618391.049772501,0.599880812,-0.695245449,2.704969491
1783618391.051432610,0.617408743,-0.778145503,2.736046487
1783618391.053283453,0.633913322,-0.851156690,2.755157645
1783618391.058929682,0.639470689,-0.990185480,2.774378897
1783618391.059875727,0.732545925,-1.240964204,2.852996147
1783618391.061669111,0.771430407,-1.294283067,2.836143833
1783618391.063250542,0.802080913,-1.416367522,2.870183805
1783618391.064838409,0.847391331,-1.539703590,2.899473867
1783618391.068444014,0.872836215,-1.617952579,2.913968823
1783618391.071429014,0.914804310,-1.736079115,2.935104923
1783618391.073100090,0.983539315,-2.018474700,3.011737204
1783618391.074856997,1.016955658,-2.161010704,3.042801693
1783618391.076465607,1.053725080,-2.339040067,3.102723895
1783618391.078276396,1.101840858,-2.514363790,3.142231527
1783618391.083888054,1.138297408,-2.689787469,3.196365523
1783618391.084729910,1.326371242,-3.361825737,3.415951009
1783618391.086383581,1.358544309,-3.552167753,3.470363072
1783618391.088096619,1.382686606,-3.772151274,3.540054865
1783618391.089839458,1.396236143,-3.952823939,3.590085340
1783618391.096488476,1.443911163,-4.138373109,3.658179679
1783618391.098178864,1.571358623,-4.699395782,3.859420835
1783618391.099842310,1.578961789,-4.912440033,3.942977052
1783618391.101414919,1.595110087,-5.138783993,4.049212590
1783618391.103077650,1.596308493,-5.359244781,4.125392630
1783618391.108790636,1.641282401,-5.572254039,4.209234479
1783618391.109745741,1.738215978,-6.204683862,4.490047111
1783618391.111536503,1.731594080,-6.374608112,4.565881072
1783618391.113048315,1.725228171,-6.554759702,4.653016812
1783618391.114925385,1.715565908,-6.723387305,4.719261236
1783618391.121378899,1.730215947,-6.873550372,4.762035822
1783618391.123036385,1.759524871,-7.388668897,4.987787943
1783618391.124790907,1.735185956,-7.509818770,5.038431599
1783618391.126422167,1.757780795,-7.603047809,5.077068189
1783618391.128172636,1.726736376,-7.720562118,5.124778521
1783618391.133851051,1.735472421,-7.811430800,5.146917198
1783618391.134864330,1.770468973,-8.020429898,5.224422557
1783618391.136626005,1.735233113,-8.102700356,5.250785392
1783618391.138034105,1.712753028,-8.166899967,5.283317349
1783618391.139846563,1.689385901,-8.239228182,5.316729540
1783618391.144739151,1.688636390,-8.313498859,5.338308898
1783618391.145725489,1.706552428,-8.479021329,5.408171211
1783618391.146558523,1.697413024,-8.547328844,5.421530107
1783618391.148140669,1.706403161,-8.592598474,5.425807027
1783618391.149764299,1.673894473,-8.632446222,5.450077659
1783618391.151733637,1.629555778,-8.692114355,5.491131715
1783618391.153217793,1.585668053,-8.750393761,5.507630698
1783618391.158831835,1.588223104,-8.792005098,5.524889326
1783618391.159783602,1.580729356,-8.877864207,5.554481051
1783618391.161674738,1.529786317,-8.921179419,5.582500756
1783618391.163197041,1.468712843,-8.940964798,5.602680138
1783618391.164736748,1.473006659,-8.958792778,5.604568975
1783618391.171432495,1.402895236,-8.976903947,5.636794875
1783618391.173182487,1.308370597,-9.027397129,5.688841595
1783618391.174759626,1.315292326,-9.032696460,5.683206407
1783618391.176431179,1.238121785,-9.035809229,5.749288332
1783618391.178264618,1.147100512,-9.052125939,5.792877479
1783618391.183835030,1.142949494,-9.056709436,5.798701926
1783618391.184793949,1.129639190,-9.066803018,5.837265865
1783618391.186451197,1.049118524,-9.035598572,5.866589556
1783618391.188867092,0.963754153,-8.990365609,5.909704350
1783618391.189805508,0.942998817,-8.948699358,5.900078528
1783618391.191472530,0.849409723,-8.875310596,5.929338240
1783618391.196427822,0.856484789,-8.833321990,5.925340409
1783618391.198156118,0.857477512,-8.735094131,5.885437865
1783618391.199853420,0.778078608,-8.625768716,5.900439856
1783618391.201430798,0.683952100,-8.529227990,5.934199367
1783618391.203090429,0.582247785,-8.448712534,5.954717739
1783618391.206495285,0.586093553,-8.348058036,5.920868318
1783618391.208910227,0.600610126,-8.134912785,5.851073175
1783618391.209847212,0.596472818,-7.913152360,5.762090853
1783618391.211703300,0.528151018,-7.770475126,5.759503300
1783618391.213234901,0.462557585,-7.639703602,5.752473282
1783618391.214802980,0.470867065,-7.521929982,5.699261875
1783618391.221332073,0.388922166,-7.387269570,5.692996414
1783618391.222295523,0.404300246,-6.972776994,5.533305219
1783618391.223435640,0.407703033,-6.823133260,5.469622143
1783618391.224788189,0.429398513,-6.661418006,5.408939730
1783618391.226612329,0.382750225,-6.511128674,5.381367295
1783618391.228121042,0.327429276,-6.332525826,5.346279970
1783618391.230048656,0.306897624,-6.152268973,5.299597398
1783618391.233901978,0.318135930,-5.975628302,5.232068380
1783618391.234933853,0.337200599,-5.641516415,5.084524537
1783618391.236582756,0.324702604,-5.437365340,5.018564037
1783618391.238178968,0.357101696,-5.228298742,4.930569964
1783618391.239806890,0.348744651,-5.021982312,4.862919984
1783618391.241448641,0.337403718,-4.821442178,4.786119168
1783618391.246475697,0.365564347,-4.607699713,4.689666354
1783618391.248242617,0.421918759,-4.177501073,4.505208382
1783618391.249708652,0.434570127,-3.953516282,4.404914200
1783618391.251423359,0.451971471,-3.725583160,4.309458687
1783618391.253332615,0.474290357,-3.497366199,4.224105164
1783618391.258883238,0.505213779,-3.284185284,4.120108105
1783618391.259911299,0.617368471,-2.447006270,3.731232508
1783618391.261701107,0.637839766,-2.250241432,3.639090668
1783618391.263274193,0.675461125,-2.053752135,3.547082605
1783618391.264745951,0.692995915,-1.883825307,3.486775747
1783618391.266875744,0.708782703,-1.709890442,3.395259262
1783618391.271363497,0.737272296,-1.523361464,3.319033352
1783618391.273084879,0.772730912,-1.221447007,3.191186021
1783618391.274866104,0.783803173,-1.082355362,3.126433048
1783618391.276400805,0.813996598,-0.923124677,3.047625707
1783618391.278199911,0.839686425,-0.773442887,2.974133822
1783618391.282370090,0.844007600,-0.666508732,2.941806290
1783618391.283181190,0.899183995,-0.304886884,2.780952457
1783618391.284801960,0.898254275,-0.217079721,2.750184242
1783618391.286585569,0.909841810,-0.108700899,2.726615420
1783618391.288935900,0.920732958,0.008799552,2.675996259
1783618391.289873838,0.936842508,0.098863963,2.627081618
1783618391.291423559,0.932759181,0.172832227,2.601297344
1783618391.296413898,0.940864845,0.259995161,2.572460320
1783618391.298143148,0.970175587,0.376921586,2.523222859
1783618391.299925327,0.949916976,0.436060965,2.500137548
1783618391.301402807,0.950191391,0.499211938,2.489427803
1783618391.303134203,0.950889137,0.559876829,2.478299284
1783618391.308846712,0.944036893,0.586117049,2.483002226
1783618391.309784889,0.958491638,0.726997417,2.487476392
1783618391.311664104,0.942605762,0.767231936,2.480703875
1783618391.313229561,0.940768668,0.795408620,2.490266955
1783618391.314807177,0.944045946,0.840875683,2.496047045
1783618391.321378708,0.924105872,0.874924969,2.510962895
1783618391.323138237,0.952856375,0.961060349,2.525161398
1783618391.324907064,0.938625771,0.985625715,2.515100619
1783618391.326440334,0.954727735,1.037494196,2.517953957
1783618391.328278065,0.966332997,1.076821875,2.524822800
1783618391.333890676,0.976947416,1.094753281,2.522635789
1783618391.334854603,1.047362379,1.237632589,2.475153246
1783618391.336539507,1.048754577,1.281609541,2.470254070
1783618391.338094473,1.046579087,1.330678287,2.470122138
1783618391.339865208,1.050254840,1.363484497,2.471780615
1783618391.343113899,1.064045289,1.375175683,2.458871709
1783618391.346506357,1.076500032,1.409717217,2.452517510
1783618391.348292112,1.089444736,1.429872357,2.448076660
1783618391.349740982,1.083217234,1.463606548,2.453460128
1783618391.351386070,1.078114813,1.489793852,2.463530243
1783618391.353064299,1.068103496,1.514507031,2.472994588
1783618391.358607531,1.078398727,1.510333379,2.482344380
1783618391.359812498,1.122986767,1.569035059,2.476686723
1783618391.361582994,1.108339366,1.582296149,2.476200055
1783618391.363271952,1.121860928,1.618169023,2.462337220
1783618391.364703417,1.124724574,1.639436310,2.480042517
1783618391.371354342,1.112451139,1.643699429,2.485069522
1783618391.373214006,1.145835789,1.718245541,2.460221042
1783618391.374820709,1.154837296,1.737139357,2.449187523
1783618391.376406193,1.154765767,1.783624116,2.442253936
1783618391.378218651,1.140710451,1.788545874,2.441105652
1783618391.383913517,1.139369112,1.790589449,2.433583283
1783618391.384902000,1.167875139,1.838487527,2.397985105
1783618391.386362553,1.147756710,1.857988255,2.390331354
1783618391.388029337,1.134033356,1.875615199,2.386811769
1783618391.389808655,1.136044464,1.888612572,2.381957098
1783618391.396443844,1.126371579,1.879935395,2.371706417
1783618391.398164988,1.141127422,1.920539816,2.344199109
1783618391.399855852,1.126004382,1.933672839,2.335941683
1783618391.401604176,1.120948934,1.971570427,2.333970227
1783618391.403155565,1.115169417,1.975564723,2.324748622
1783618391.408871412,1.107157251,1.968535780,2.320943524
1783618391.409795761,1.119539712,1.953125355,2.320210250
1783618391.411668539,1.120621396,2.012333397,2.280687874
1783618391.413234711,1.128026056,2.039559793,2.269310122
1783618391.414769888,1.119659669,2.048308737,2.248219861
1783618391.418546915,1.110297217,2.045062566,2.244992773
1783618391.421386242,1.117169815,2.068041063,2.246673501
1783618391.423084736,1.110791950,2.056194197,2.242201446
1783618391.424854040,1.103110568,2.068875992,2.242825835
1783618391.426442862,1.109298581,2.058614275,2.254027036
1783618391.428235292,1.095557577,2.055440623,2.258118204
1783618391.433776140,1.104140817,2.068616130,2.262322619
1783618391.434972286,1.138498125,2.097083935,2.265406646
1783618391.436472416,1.141391097,2.139034562,2.265934493
1783618391.438114405,1.141360763,2.176193935,2.275107369
1783618391.439850330,1.136981834,2.200831689,2.276948731
1783618391.446564198,1.151366827,2.215529263,2.280612698
1783618391.448058367,1.203554381,2.307535594,2.292035174
1783618391.449845791,1.194721051,2.346150008,2.288347888
1783618391.451391697,1.198788571,2.353615691,2.297969647
1783618391.453090191,1.184475366,2.363719626,2.287964868
1783618391.458838463,1.208288809,2.392494178,2.291123962
1783618391.459769487,1.242579617,2.420115685,2.283228567
1783618391.461507559,1.238082693,2.428097204,2.296230110
1783618391.463230848,1.225016245,2.446551225,2.296692768
1783618391.464844942,1.245383078,2.496214572,2.269529156
1783618391.471344709,1.242670356,2.504820336,2.284242707
1783618391.473129511,1.247455185,2.523599341,2.273761020
1783618391.474893093,1.236073439,2.541054410,2.275891551
1783618391.476397514,1.245738285,2.531455846,2.271892044
1783618391.478170872,1.230783021,2.536750848,2.280799719
1783618391.480473518,1.235610144,2.544571523,2.270320912
1783618391.481371641,1.242513406,2.540792093,2.280568422
1783618391.483886719,1.246677805,2.523989053,2.287253173
1783618391.484889984,1.258174360,2.516922790,2.282356360
1783618391.486379385,1.249684923,2.508876360,2.292278035
1783618391.488133430,1.237766438,2.503914604,2.296238709
1783618391.489746094,1.234796554,2.488023587,2.300899823
1783618391.495816946,1.224015485,2.495001736,2.297831464
1783618391.496850967,1.245326759,2.472006248,2.286056297
1783618391.498203516,1.252756399,2.477707058,2.275178250
1783618391.499927282,1.242878565,2.472828676,2.274036925
1783618391.501600027,1.241372604,2.460313578,2.272712394
1783618391.503046513,1.244766396,2.469306666,2.266238624
1783618391.508818865,1.254376273,2.459312841,2.272093873
1783618391.509761572,1.294508370,2.420440254,2.265033877
1783618391.511638880,1.294742617,2.391276585,2.264050302
1783618391.513185263,1.284818028,2.379096384,2.260707233
1783618391.514757872,1.291331652,2.384935891,2.256404633
1783618391.521376371,1.295779280,2.385229768,2.257745037
1783618391.523135900,1.316573997,2.357723354,2.254343199
1783618391.524921417,1.315034539,2.355501159,2.271198109
1783618391.526442766,1.333977711,2.337659045,2.260438547
1783618391.528416395,1.333442455,2.320031933,2.268853672
1783618391.529953003,1.344195078,2.328876310,2.273102655
1783618391.533853292,1.348098170,2.309781079,2.268549132
1783618391.534855366,1.379527042,2.286740377,2.272213814
1783618391.536590338,1.371576322,2.248511997,2.290666866
1783618391.538148403,1.359304043,2.229017490,2.304206992
1783618391.539923191,1.346321099,2.215867376,2.309085390
1783618391.542429209,1.353047956,2.172988020,2.329671965
1783618391.543435574,1.354162960,2.122619550,2.338123971
1783618391.546557188,1.345449129,2.099789530,2.333062959
1783618391.548280001,1.342124204,2.049814584,2.364085141
1783618391.549760103,1.325001830,1.983988092,2.393781920
1783618391.551607847,1.313929217,1.905561455,2.426538166
1783618391.553133726,1.302115196,1.838898653,2.467323433
1783618391.557525873,1.290549462,1.762539202,2.488844755
1783618391.558398247,1.263023501,1.489306218,2.618348529
1783618391.559788942,1.245444788,1.378257116,2.660772423
1783618391.561602116,1.226825186,1.280332312,2.712502432
1783618391.563062906,1.222029173,1.189944647,2.754796713
1783618391.564837694,1.209595692,1.078120377,2.803128143
1783618391.571506023,1.190121425,0.962774284,2.846390388
1783618391.573050499,1.154716331,0.649763617,2.978632701
1783618391.574786186,1.138246966,0.540710825,3.026459058
1783618391.576434374,1.130883524,0.432253988,3.077424933
1783618391.578255415,1.121325910,0.310243500,3.150046704
1783618391.583890200,1.107421560,0.165226185,3.213974684
1783618391.584892750,1.067380488,-0.314049363,3.456072373
1783618391.586360931,1.069022439,-0.440081241,3.514181678
1783618391.588047981,1.068938706,-0.591560232,3.600067218
1783618391.589835882,1.051892227,-0.720220717,3.641066078
1783618391.596595287,1.059429929,-0.835944184,3.691704208
1783618391.598097801,1.028934896,-1.265136928,3.851028398
1783618391.599789381,1.024631716,-1.389289427,3.903821995
1783618391.601459980,1.018951194,-1.536573245,3.976086319
1783618391.603071213,0.999555692,-1.707668981,4.028281915
1783618391.608855724,0.999381812,-1.828687341,4.074081655
1783618391.609803200,0.992692623,-2.504460185,4.313031151
1783618391.611654520,0.971244137,-2.685282633,4.359295827
1783618391.613173962,0.955856414,-2.899339540,4.400237574
1783618391.614720583,0.939960609,-3.108396128,4.450073711
1783618391.620317221,0.938644390,-3.281145746,4.517706715
1783618391.621577501,0.937501557,-3.631713063,4.612692555
1783618391.623106241,0.915688463,-3.809172667,4.645980672
1783618391.624862432,0.885934516,-4.012308448,4.687742556
1783618391.626636505,0.878753814,-4.182225653,4.731623326
1783618391.628255606,0.862087727,-4.365627394,4.773249779
1783618391.633798122,0.867785906,-4.522815751,4.820819922
1783618391.634765625,0.892871092,-4.993226581,4.955471507
1783618391.636481524,0.872429364,-5.164001387,4.974620788
1783618391.638876915,0.849761849,-5.356090346,4.994502769
1783618391.639804602,0.882452773,-5.624419151,5.058088138
1783618391.646503210,0.862093664,-5.802828815,5.070138791
1783618391.648238659,0.890494096,-6.325490380,5.173901154
1783618391.649937391,0.865753473,-6.536972202,5.207348198
1783618391.651410341,0.888726849,-6.698721848,5.274521239
1783618391.653076649,0.863911051,-6.914509044,5.322515548
1783618391.658856392,0.883594419,-7.100278247,5.379964954
1783618391.659770489,1.018803062,-7.653271648,5.578255704
1783618391.661595345,0.996497508,-7.898432424,5.633474949
1783618391.663142681,0.978502162,-8.122708015,5.688084708
1783618391.664924383,0.974998730,-8.337305922,5.765623225
1783618391.666543961,0.998238444,-8.556768758,5.847601128
1783618391.671406269,1.037478618,-8.795768483,5.942916463
1783618391.673095703,1.078025951,-9.498626986,6.250078880
1783618391.674830437,1.068318652,-9.729473181,6.337685487
1783618391.676403999,1.094486849,-9.956698342,6.450144406
1783618391.678272009,1.072271076,-10.182833724,6.538826763
1783618391.681466579,1.093260895,-10.405190158,6.637527685
1783618391.683940411,1.117156357,-10.711352672,6.828564008
1783618391.685007572,1.119001630,-10.828134411,6.896666895
1783618391.686573982,1.057401040,-10.935523063,6.923007460
1783618391.688061714,1.031391660,-11.003283329,6.913661590
1783618391.689758062,0.991091388,-11.022990039,6.910908690
1783618391.696612358,0.957702254,-11.065522661,6.927633642
1783618391.698157310,0.869043137,-11.258425500,6.950547547
1783618391.699859619,0.811700852,-11.314892946,6.971336029
1783618391.701450586,0.771420405,-11.342811146,7.022279250
1783618391.703067064,0.730606452,-11.424681933,7.032572095
1783618391.708798409,0.676699547,-11.456159665,7.087524826
1783618391.709742069,0.598943464,-11.529778360,7.133593334
1783618391.711626291,0.534057572,-11.505822809,7.127339525
1783618391.713099003,0.499704559,-11.520819630,7.105794424
1783618391.714925051,0.413871465,-11.501984954,7.102077636
1783618391.721389771,0.357422677,-11.444622448,7.117803094
1783618391.723045588,0.242365154,-11.359434247,7.091951036
1783618391.724792242,0.161990866,-11.265152234,7.097021375
1783618391.726546049,0.152415340,-11.218090062,7.065016735
1783618391.728310823,0.117708948,-11.169649832,7.015605188
1783618391.733903408,0.057253325,-11.057613821,7.040207367
1783618391.734852314,0.052460218,-10.654298808,6.831128885
1783618391.736537218,-0.023245633,-10.517796443,6.800301839
1783618391.738062620,-0.090299849,-10.358358855,6.782486482
1783618391.739859343,-0.157092555,-10.218532320,6.762341153
1783618391.741685629,-0.157610367,-10.104122641,6.691829819
1783618391.746490002,-0.151109594,-9.977977540,6.636869316
1783618391.748179913,-0.167389699,-9.726764877,6.485175455
1783618391.749838352,-0.237372017,-9.576132549,6.459399841
1783618391.751493216,-0.271991776,-9.403965142,6.436777086
1783618391.753148317,-0.335934661,-9.260838564,6.402119640
1783618391.756564856,-0.342493076,-9.130189251,6.329605471
1783618391.758919477,-0.326043572,-8.892117047,6.200997023
1783618391.759866953,-0.327474190,-8.666861515,6.072261641
1783618391.761528015,-0.377328633,-8.522930823,6.041083736
1783618391.763053417,-0.407153418,-8.446717831,5.975477426
1783618391.764719725,-0.452635761,-8.301509978,5.932669724
1783618391.771413326,-0.474320505,-8.157183594,5.916328564
1783618391.773099899,-0.519016183,-7.805799897,5.763338443
1783618391.774839640,-0.563996527,-7.683172843,5.727224869
1783618391.776423216,-0.564848149,-7.573518252,5.656956299
1783618391.778268099,-0.586999734,-7.423939466,5.605972825
1783618391.783943176,-0.586655983,-7.297020144,5.554891881
1783618391.784893990,-0.577980804,-6.739319832,5.277525716
1783618391.786571503,-0.594881566,-6.574946343,5.207445834
1783618391.788203716,-0.588634865,-6.379739204,5.123753847
1783618391.789799452,-0.576636751,-6.202797145,5.032874205
1783618391.796472788,-0.573572575,-6.014389827,4.963151626
1783618391.798251390,-0.493143162,-5.406270550,4.682403648
1783618391.799930096,-0.490294344,-5.196198922,4.591862405
1783618391.801424265,-0.450648933,-4.950144465,4.496312949
1783618391.803181410,-0.424168043,-4.735538848,4.396787913
1783618391.808895588,-0.398026258,-4.520114172,4.305559978
1783618391.809846878,-0.253342441,-3.642031518,3.914021742
1783618391.811519384,-0.221009179,-3.428822861,3.814646398
1783618391.813069820,-0.185675235,-3.227949154,3.722008633
1783618391.814740658,-0.165947054,-3.045665353,3.637602987
1783618391.819148540,-0.128471376,-2.855628512,3.553382339
1783618391.820019245,-0.055141287,-2.462174603,3.391091728
1783618391.821579456,-0.031893385,-2.298519044,3.321917581
1783618391.823118687,-0.008806195,-2.139037968,3.248248702
1783618391.824909449,0.031161789,-1.973983172,3.166984275
1783618391.826627493,0.064085539,-1.816883843,3.111602756
1783618391.828284740,0.080912618,-1.687805573,3.049517904
1783618391.833867788,0.107479639,-1.532687088,2.975230660
1783618391.834895134,0.177121174,-1.122637571,2.829251071
1783618391.836387396,0.196117298,-1.001034632,2.779569690
1783618391.838048220,0.221795104,-0.899583079,2.734515235
1783618391.839817047,0.230569988,-0.818407838,2.694434352
1783618391.846501112,0.251516663,-0.717794592,2.647385645
1783618391.848161936,0.268161880,-0.497360355,2.574793639
1783618391.849887133,0.284667174,-0.429419935,2.548077188
1783618391.851379395,0.284350692,-0.374077281,2.544985493
1783618391.853051901,0.277810100,-0.335572642,2.536449357
1783618391.858814478,0.281624837,-0.297433006,2.523433606
1783618391.859753132,0.282402917,-0.165083110,2.502659640
1783618391.861597061,0.276493221,-0.116072347,2.487652779
1783618391.863124609,0.280389339,-0.071644865,2.484017873
1783618391.864908695,0.269376173,-0.040427628,2.468195094
1783618391.871376753,0.273956649,-0.008374586,2.459747231
1783618391.873057604,0.267816749,0.153803713,2.400166550
1783618391.874796152,0.270452352,0.184489030,2.388372807
1783618391.876413345,0.259773292,0.207025898,2.370901279
1783618391.878258944,0.254390925,0.245346137,2.352283166
1783618391.880396605,0.262179785,0.278122100,2.338609937
1783618391.881523609,0.257735132,0.306223283,2.337524809
1783618391.883869171,0.263926976,0.316090437,2.335184036
1783618391.884943008,0.271207448,0.356138375,2.314261971
1783618391.886492014,0.271851400,0.375255596,2.322779702
1783618391.888190269,0.253875042,0.386096812,2.320117631
1783618391.889743805,0.266010838,0.421266299,2.316139656
1783618391.896579504,0.262357041,0.426195271,2.326910342
1783618391.898217916,0.274481333,0.463942259,2.348199209
1783618391.899726629,0.269550293,0.456382705,2.354919657
1783618391.901432753,0.271754302,0.469802115,2.357892725
1783618391.903094769,0.284621451,0.486988064,2.364629320
1783618391.908926249,0.278002366,0.477375585,2.370992573
1783618391.909898758,0.317524226,0.519848556,2.390102623
1783618391.911625862,0.323530524,0.544467094,2.396385477
1783618391.913198233,0.336597772,0.557800753,2.407819354
1783618391.914895773,0.327580515,0.551431349,2.420263874
1783618391.921366453,0.328444138,0.559001298,2.428650841
1783618391.923105240,0.352056087,0.604810830,2.444133239
1783618391.924878597,0.364341136,0.621179166,2.450438576
1783618391.926454067,0.371148147,0.633983826,2.458159469
1783618391.928162813,0.388900069,0.630336324,2.458200769
1783618391.933878899,0.388701036,0.655436942,2.474536230
1783618391.934823275,0.443503772,0.687811552,2.486244607
1783618391.936472416,0.453824153,0.719655648,2.495316648
1783618391.938943386,0.469600488,0.752228287,2.488874360
1783618391.939872503,0.510742525,0.805208998,2.489869266
1783618391.941399097,0.513296156,0.833733637,2.499747018
1783618391.946488142,0.540988217,0.850609674,2.496240319
1783618391.948262453,0.582414046,0.909474608,2.503945051
1783618391.949928999,0.586016875,0.928642166,2.499863827
1783618391.951399088,0.581102802,0.928842140,2.503208901
1783618391.953043222,0.591702941,0.962029805,2.513878966
1783618391.957103968,0.615922635,0.991817883,2.509965389
1783618391.958112001,0.640507934,1.022761224,2.502473649
1783618391.959776163,0.658790349,1.065157908,2.500807779
1783618391.961481810,0.665557238,1.085369605,2.496686845
1783618391.963101625,0.663499188,1.093791372,2.500893611
1783618391.964898586,0.660148903,1.129642053,2.500196346
1783618391.971402168,0.678645155,1.147022002,2.507301076
1783618391.973066330,0.705226637,1.216746745,2.500002174
1783618391.974843979,0.687092653,1.215698284,2.503121737
1783618391.976461649,0.699567094,1.237903590,2.498903269
1783618391.978363276,0.684893653,1.259558317,2.500474070
1783618391.983935118,0.696922404,1.264323048,2.497413364
1783618391.984910965,0.711800202,1.300998812,2.471796975
1783618391.986568689,0.700925603,1.331427666,2.473779223
1783618391.988117218,0.688659332,1.343908287,2.463974240
1783618391.989918947,0.667598081,1.356703548,2.458704803
1783618391.996414900,0.670641345,1.351435432,2.449057655
1783618391.998083591,0.692238590,1.378142398,2.436636087
1783618391.999732018,0.669160614,1.391984391,2.433233513
1783618392.001428127,0.663214721,1.385857177,2.453365522
1783618392.003081799,0.636836969,1.390714012,2.450251918
1783618392.008940458,0.647492497,1.373700536,2.457098223
1783618392.009891033,0.675206314,1.398692841,2.451804651
1783618392.011576414,0.653577913,1.408348754,2.446660319
1783618392.013088465,0.654600370,1.406996374,2.446734224
1783618392.014792442,0.642828528,1.436109033,2.440630469
1783618392.019537210,0.635154080,1.443590184,2.458287651
1783618392.020513058,0.643364198,1.458180591,2.450554476
1783618392.021587849,0.658027671,1.497645703,2.443184048
1783618392.023064852,0.640149286,1.495564476,2.453638773
1783618392.024836540,0.623139638,1.503933535,2.452063639
1783618392.026380301,0.631931167,1.519991140,2.459171696
1783618392.028219461,0.607867716,1.540476385,2.464220065
1783618392.033878088,0.610448053,1.538579607,2.458023470
1783618392.034849644,0.622076951,1.558953248,2.458201267
1783618392.036622047,0.603919853,1.544749463,2.463293005
1783618392.038044930,0.582557730,1.568887204,2.461469113
1783618392.039820910,0.571500399,1.586484483,2.457687776
1783618392.046454668,0.579142943,1.589589428,2.444874184
1783618392.048151255,0.575943231,1.597832943,2.437652034
1783618392.049827814,0.556607283,1.601860641,2.430044313
1783618392.051476240,0.539933678,1.580080629,2.426106526
1783618392.053129911,0.526203544,1.606172474,2.417892681
1783618392.058908463,0.532298190,1.602304715,2.411792955
1783618392.059825659,0.536565519,1.555871878,2.389240296
1783618392.061430693,0.517071010,1.536910343,2.371105419
1783618392.063151598,0.502191623,1.536858509,2.375548004
1783618392.064918995,0.493301577,1.522204147,2.366675285
1783618392.071426868,0.483748552,1.492703272,2.362334250
1783618392.073086500,0.461802539,1.447786019,2.346345374
1783618392.074866772,0.451262500,1.413269048,2.340572195
1783618392.076430798,0.447775216,1.407691660,2.335880062
1783618392.078284264,0.440719919,1.401227254,2.339298729
1783618392.082048416,0.436562436,1.355056174,2.328199730
1783618392.083070517,0.429253135,1.318421773,2.321443046
1783618392.084719181,0.425161658,1.287834261,2.323997148
1783618392.086393118,0.408938018,1.255994654,2.322212762
1783618392.088922262,0.405189374,1.253047909,2.309917942
1783618392.089852095,0.393711017,1.189643996,2.311377669
1783618392.091389894,0.379166565,1.160132157,2.301647369
1783618392.096418381,0.382552833,1.143885512,2.319211770
1783618392.098186970,0.367933163,1.065540688,2.322931992
1783618392.099888802,0.351067778,1.016154765,2.324352213
1783618392.101463318,0.343033120,0.992121241,2.339838246
1783618392.103118896,0.338593312,0.947910410,2.346668224
1783618392.108928442,0.328102328,0.877874924,2.357216387
1783618392.109850168,0.295371731,0.644221877,2.391139016
1783618392.111504793,0.285022543,0.580569682,2.413268192
1783618392.113137960,0.275965415,0.506727710,2.425983738
1783618392.114988804,0.251775213,0.401101192,2.446232739
1783618392.121432543,0.239119712,0.318681287,2.469257878
1783618392.123178005,0.199958886,0.002178597,2.548158309
1783618392.124706984,0.189770397,-0.090320702,2.584552340
1783618392.126492023,0.176038124,-0.208190466,2.622003132
1783618392.128253222,0.156982367,-0.330952890,2.647981055
1783618392.133931875,0.139739910,-0.425505051,2.678220960
1783618392.134902954,0.082275825,-0.877302537,2.816372762
1783618392.136552811,0.076017543,-0.983293777,2.848615035
1783618392.138105869,0.064488577,-1.092111823,2.882154490
1783618392.139873028,0.044105974,-1.172215527,2.916669549
1783618392.143304348,0.042064080,-1.289555445,2.962447994
1783618392.146389484,0.039062518,-1.418041398,3.001746645
1783618392.148061991,0.034325401,-1.623741110,3.076630426
1783618392.149733305,0.023968206,-1.738362201,3.122143303
1783618392.151438713,0.025735197,-1.863748489,3.159281137
1783618392.153080702,0.020189295,-1.981278601,3.198849923
1783618392.158555984,0.021031721,-2.106451352,3.234730267
1783618392.159754753,0.064213862,-2.573224686,3.331962804
1783618392.161435604,0.079600018,-2.742194554,3.366728098
1783618392.163181782,0.096211897,-2.953106945,3.420863378
1783618392.164914131,0.101725539,-3.114477679,3.450326420
1783618392.171450377,0.148840736,-3.312232433,3.488709041
1783618392.173243761,0.290336053,-4.259042998,3.721211315
1783618392.174789190,0.326090313,-4.534442766,3.774010690
1783618392.176454306,0.355970153,-4.751175628,3.849292176
1783618392.178096056,0.349295932,-5.063410999,3.972283227
1783618392.183901787,0.383610725,-5.335587073,4.053148274
1783618392.184845209,0.546772592,-6.003476310,4.229677301
1783618392.186484098,0.547856263,-6.191482849,4.284833612
1783618392.188056469,0.557652124,-6.411596333,4.367748115
1783618392.189913511,0.548044519,-6.633429660,4.442545684
1783618392.196385384,0.590241410,-6.856272157,4.537096639
1783618392.198065042,0.770205085,-7.701726974,4.896394670
1783618392.199719191,0.742943915,-7.909735027,5.001531992
1783618392.201453209,0.742987290,-8.095085202,5.129590393
1783618392.203121662,0.718351479,-8.263667304,5.238630551
1783618392.205458403,0.757514348,-8.456585513,5.351263043
1783618392.206450462,0.776157126,-8.636660899,5.444953006
1783618392.208929777,0.801794550,-8.793268779,5.517600115
1783618392.209896326,0.814202129,-8.895214219,5.588867042
1783618392.211568117,0.767157757,-9.026174579,5.664850111
1783618392.213100195,0.771282623,-9.139798047,5.680510625
1783618392.214754105,0.731675170,-9.197766515,5.739325489
1783618392.220607042,0.691987724,-9.267086092,5.807812232
1783618392.221514702,0.719229506,-9.560457471,5.930556160
1783618392.223274469,0.666282834,-9.647901641,5.985929680
1783618392.224787474,0.658929474,-9.765472945,6.016141382
1783618392.226417065,0.621268219,-9.821282544,6.098214577
1783618392.228299618,0.578650327,-9.890625777,6.165960693
1783618392.233871698,0.582650528,-9.970558307,6.199047939
1783618392.234831572,0.578448054,-10.123838629,6.277091916
1783618392.236675501,0.530713078,-10.136514268,6.306374296
1783618392.238299608,0.511851849,-10.171838397,6.305039421
1783618392.239859819,0.465906303,-10.163111032,6.322134402
1783618392.246520281,0.431638277,-10.161435016,6.363579887
1783618392.248075008,0.416203350,-10.318171615,6.417420146
1783618392.249807596,0.378158012,-10.369300848,6.472711279
1783618392.251405478,0.348540558,-10.417375780,6.533811083
1783618392.253174782,0.324617214,-10.433877549,6.577943763
1783618392.258922815,0.328727259,-10.492089482,6.626313734
1783618392.259983778,0.341726338,-10.684767005,6.752341362
1783618392.261466026,0.338922479,-10.739762026,6.771301727
1783618392.263263226,0.310069810,-10.753698297,6.814914805
1783618392.264925003,0.293151867,-10.754056758,6.856639381
1783618392.267206192,0.269267848,-10.770773863,6.906124319
1783618392.268137217,0.264493580,-10.787980136,6.919370327
1783618392.271402121,0.275635149,-10.805209739,6.942004801
1783618392.273129463,0.255330376,-10.819929694,7.010296971
1783618392.274908066,0.205652291,-10.830791603,7.066867445
1783618392.276492119,0.214655182,-10.843594686,7.091297267
1783618392.278175831,0.236991585,-10.848369401,7.122889955
1783618392.283068895,0.193747709,-10.811526442,7.166597065
1783618392.284814596,0.234357475,-10.746710750,7.180935282
1783618392.286550045,0.187419289,-10.671471329,7.218886736
1783618392.288947105,0.142082414,-10.580986639,7.265105390
1783618392.289867640,0.168014555,-10.472153476,7.246238390
1783618392.291376591,0.115841221,-10.364856313,7.273229221
1783618392.296499729,0.130829104,-10.292240801,7.252753966
1783618392.298233032,0.148965336,-10.166153385,7.211001253
1783618392.299712181,0.097652296,-10.057708874,7.241590736
1783618392.301482439,0.050786644,-9.943710595,7.282070861
1783618392.303160429,-0.002940547,-9.844894764,7.325130881
1783618392.308813334,0.003610114,-9.793946699,7.292998646
1783618392.309739113,0.012974313,-9.569997758,7.208839454
1783618392.311642408,-0.024997818,-9.452677125,7.226812741
1783618392.313132286,-0.085088310,-9.353772824,7.249529200
1783618392.314764023,-0.085958073,-9.317362947,7.228526316
1783618392.321388960,-0.148455997,-9.221357855,7.239445003
1783618392.323047638,-0.203945616,-8.988263578,7.204591170
1783618392.324833393,-0.253335619,-8.874910670,7.203003610
1783618392.326435804,-0.250512782,-8.777413746,7.143490693
1783618392.328382015,-0.293733887,-8.647525553,7.143661399
1783618392.333887100,-0.301869745,-8.574019134,7.094087328
1783618392.334860802,-0.292804034,-8.086733398,6.832505965
1783618392.336546898,-0.327669559,-7.889618245,6.779945081
1783618392.338109016,-0.351063975,-7.704517809,6.726834488
1783618392.339902639,-0.371929352,-7.520543482,6.653593750
1783618392.343405485,-0.364181132,-7.338436479,6.541623019
1783618392.346526384,-0.348017884,-7.147793913,6.447263264
1783618392.348262787,-0.316748511,-6.782165346,6.236572266
1783618392.349731445,-0.328122696,-6.551130179,6.146905942
1783618392.351426601,-0.322976793,-6.318881969,6.053329453
1783618392.353112459,-0.316813431,-6.093851923,5.951339615
1783618392.358487368,-0.296023951,-5.898845040,5.831512255
1783618392.359798670,-0.231094226,-5.228244476,5.461379870
1783618392.361692905,-0.212126107,-5.005809223,5.351381296
1783618392.363089800,-0.188607143,-4.760448003,5.235472997
1783618392.364914417,-0.159193609,-4.531153622,5.122206349
1783618392.371442795,-0.147837011,-4.315459956,4.989351117
1783618392.373099566,-0.058685722,-3.372706206,4.480276670
1783618392.374902487,-0.031234345,-3.145507919,4.340541345
1783618392.376407385,0.003261901,-2.905816657,4.223821449
1783618392.378346682,0.014922632,-2.710810332,4.111541986
1783618392.383932114,0.035925447,-2.494584896,4.001459282
1783618392.384888411,0.113182980,-1.776173843,3.613384197
1783618392.386551142,0.126737611,-1.619471445,3.536179155
1783618392.388082981,0.134980964,-1.486009141,3.467762137
1783618392.389947414,0.150835833,-1.353675414,3.383018934
1783618392.396448851,0.170173215,-1.198665577,3.314442593
1783618392.398216486,0.199919109,-0.874569567,3.155139114
1783618392.399901867,0.215287437,-0.780694835,3.116201679
1783618392.401456356,0.225067828,-0.692822913,3.060567190
1783618392.403122902,0.227316148,-0.611050301,3.010046502
1783618392.405484200,0.251388160,-0.495840137,2.947041145
1783618392.406397343,0.262684310,-0.369658667,2.879125670
1783618392.408926964,0.267491127,-0.282750238,2.834008768
1783618392.409857035,0.275323041,-0.198507670,2.800051786
1783618392.411563635,0.276099629,-0.142392823,2.756142783
1783618392.413051605,0.279738441,-0.081119748,2.717527038
1783618392.414724112,0.287377320,-0.020269939,2.680855613
1783618392.421434164,0.290696101,0.024982257,2.641979116
1783618392.423077583,0.307222655,0.154482390,2.558473058
1783618392.424833298,0.296957195,0.168252696,2.555293475
1783618392.426471710,0.290794398,0.189190968,2.540908047
1783618392.428113222,0.295976169,0.232029665,2.523040962
1783618392.433927774,0.312915522,0.269590689,2.507317976
1783618392.434894800,0.323573440,0.388622195,2.480710447
1783618392.436557293,0.308315437,0.423694469,2.462619019
1783618392.438052416,0.306956479,0.446605104,2.462362718
1783618392.439846277,0.311478620,0.476127748,2.456307039
1783618392.446470022,0.314994368,0.508793472,2.453032833
1783618392.448249578,0.337979652,0.616512080,2.413170792
1783618392.449711561,0.327729758,0.624899551,2.402872013
1783618392.451476336,0.327770531,0.676243214,2.379138940
1783618392.453182459,0.321602133,0.691933022,2.366136291
1783618392.458881855,0.323617619,0.720130079,2.348810894
1783618392.459827662,0.354697568,0.799160011,2.291075977
1783618392.461470127,0.348603000,0.804382761,2.299395918
1783618392.463058949,0.353757877,0.848669629,2.265682940
1783618392.464740753,0.352991643,0.874201567,2.254995745
1783618392.468001842,0.332110459,0.868812678,2.241571737
1783618392.468954802,0.349272423,0.920038860,2.186307270
1783618392.469826937,0.371990209,0.950003449,2.176491959
1783618392.471572399,0.366152161,0.951845333,2.141877849
1783618392.473128319,0.366446646,0.975971292,2.123952077
1783618392.474900484,0.366580429,1.000951972,2.106093724
1783618392.476394415,0.375136954,1.011599584,2.078911764
1783618392.478279829,0.378261016,1.026911885,2.057764264
1783618392.484033823,0.400552049,1.074397851,2.037765933
1783618392.485181093,0.455556988,1.156382151,1.977462359
1783618392.486482143,0.476287090,1.206498720,1.947399436
1783618392.488227844,0.475815265,1.217305262,1.926656445
1783618392.489930868,0.474228570,1.244188116,1.909718900
1783618392.496529818,0.486057226,1.289062374,1.888245695
1783618392.498250484,0.537310101,1.351525565,1.825348123
1783618392.499818325,0.544555469,1.390034110,1.805130592
1783618392.501379490,0.563905862,1.421796187,1.790246246
1783618392.503088951,0.567659743,1.445846201,1.778034957
1783618392.508867979,0.579353547,1.453304343,1.757726420
1783618392.509804249,0.638341066,1.519986464,1.723660790
1783618392.511456251,0.635491567,1.544035720,1.708893806
1783618392.513215780,0.651778140,1.567913495,1.717976147
1783618392.514816284,0.670233263,1.583644246,1.706141012
1783618392.521445274,0.664945582,1.588814672,1.707501049
1783618392.523266554,0.714751779,1.643889760,1.692205076
1783618392.524839640,0.728774827,1.667322134,1.696317258
1783618392.526440859,0.723447498,1.658808359,1.708971367
1783618392.528205395,0.721557930,1.648991966,1.706206560
1783618392.529996157,0.721292639,1.670790532,1.706435272
1783618392.533922672,0.718176808,1.669656713,1.712452854
1783618392.535020828,0.732072300,1.660604871,1.713329939
1783618392.536571741,0.715261763,1.644196987,1.733302538
1783618392.538196087,0.692501432,1.630168046,1.737581201
1783618392.539695501,0.694152644,1.630309185,1.730888175
1783618392.545628309,0.674802701,1.626828343,1.751884767
1783618392.546722651,0.668151823,1.589444103,1.752028383
1783618392.548178434,0.673975915,1.593334564,1.754308179
1783618392.549702406,0.652291753,1.567190232,1.766770264
1783618392.551615000,0.632527559,1.559558861,1.772681136
1783618392.553063393,0.608667793,1.548586764,1.782775603
1783618392.558942795,0.612168404,1.556114622,1.776077838
1783618392.560050011,0.615322919,1.524189820,1.771439507
1783618392.561691284,0.625204888,1.533555996,1.776529339
1783618392.563075066,0.606240160,1.517138201,1.786958569
1783618392.564901590,0.585423963,1.508269598,1.795390008
1783618392.566418886,0.567732022,1.503419048,1.801084790
1783618392.571428299,0.577559706,1.519012988,1.800943228
1783618392.573085070,0.558442330,1.507300924,1.805449257
1783618392.574871063,0.537599542,1.493133366,1.810514677
1783618392.576450348,0.537038060,1.503563491,1.811878599
1783618392.578110695,0.539721252,1.508073648,1.816766158
1783618392.583947897,0.528109565,1.494023804,1.813796951
1783618392.584991217,0.525936320,1.485397223,1.817670390
1783618392.586503983,0.502188108,1.492302409,1.817242790
1783618392.588151932,0.487393367,1.501903607,1.819539503
1783618392.589704514,0.482279936,1.507403147,1.813774124
1783618392.592329025,0.468828273,1.490529607,1.818255440
1783618392.593165636,0.468876944,1.482443549,1.815727865
1783618392.596469879,0.468934627,1.486509310,1.808046122
1783618392.598210812,0.460452368,1.492396022,1.806261124
1783618392.599928141,0.442753033,1.473535417,1.814277042
1783618392.601428509,0.428873357,1.458314664,1.807906489
1783618392.603108644,0.415616640,1.473816915,1.798779337
1783618392.608367920,0.416148639,1.461772093,1.798603498
1783618392.609905005,0.404669276,1.454160040,1.785634883
1783618392.611454964,0.393786551,1.424732611,1.787883008
1783618392.613084316,0.377000932,1.416265991,1.778632559
1783618392.614867926,0.372989860,1.392439100,1.793024250
1783618392.621373415,0.361209358,1.374845690,1.779899577
1783618392.623036385,0.327676712,1.222486908,1.794520860
1783618392.624866486,0.308289621,1.165419526,1.798139426
1783618392.626494169,0.303952078,1.110131078,1.798449849
1783618392.628158331,0.295970977,1.056045973,1.814865700
1783618392.633962393,0.282421575,0.970169377,1.820533479
1783618392.635030746,0.253360932,0.581919851,1.905607271
1783618392.636516809,0.234035757,0.472762826,1.930787780
1783618392.638216734,0.226704293,0.377092735,1.964055812
1783618392.639824867,0.217280344,0.257615249,1.998519939
1783618392.646251202,0.217262312,0.119425868,2.036504157
1783618392.647383690,0.194837189,-0.224899477,2.137044845
1783618392.648398399,0.185217572,-0.366281271,2.171934328
1783618392.649876118,0.185122670,-0.462877096,2.198526943
1783618392.651413679,0.189486102,-0.572712235,2.230521969
1783618392.653082609,0.190906564,-0.682226626,2.256072544
1783618392.655380011,0.186993260,-0.787502189,2.277684566
1783618392.656556606,0.188679440,-0.869373836,2.310084351
1783618392.658847809,0.204672698,-0.979701907,2.330319976
1783618392.659906387,0.204857476,-1.095296955,2.370312573
1783618392.661657333,0.211503786,-1.195816206,2.408764484
1783618392.663116693,0.223552036,-1.288480735,2.439424438
1783618392.664737225,0.239902585,-1.408641333,2.475776781
1783618392.670632124,0.243801029,-1.530824849,2.514396187
1783618392.671500921,0.308659645,-1.902071136,2.639125479
1783618392.673259020,0.319877696,-2.046101401,2.678904331
1783618392.674798489,0.363891114,-2.187081400,2.723344087
1783618392.676407576,0.388589473,-2.329734234,2.779459713
1783618392.678191185,0.428375400,-2.518342083,2.829469770
1783618392.683931589,0.455620533,-2.688563831,2.886697929
1783618392.684882402,0.586560283,-3.341652541,3.113416321
1783618392.686572313,0.606279165,-3.562537662,3.196178068
1783618392.688112020,0.636208179,-3.805798449,3.303404778
1783618392.689904690,0.654791553,-4.067805981,3.399566838
1783618392.696521759,0.701883697,-4.319194305,3.497744331
1783618392.698248386,0.844220593,-5.117211193,3.797827400
1783618392.699936390,0.818886666,-5.376489562,3.939825244
1783618392.701446295,0.816303605,-5.694283195,4.122543971
1783618392.703139067,0.848488616,-5.891733622,4.190610933
1783618392.708893776,0.896594752,-6.134222395,4.294432803
1783618392.709823370,1.063887882,-7.147007941,4.736055711
1783618392.711514235,1.045579030,-7.367446652,4.856152239
1783618392.713239908,1.032911820,-7.588543216,4.972617060
1783618392.714792013,1.078480285,-7.823040175,5.062146951
1783618392.718357563,1.050623416,-8.049368651,5.194149657
1783618392.721415997,1.090704290,-8.264356445,5.286842249
1783618392.723093987,1.119612558,-8.726126646,5.500520927
1783618392.724873543,1.100944279,-8.964604886,5.629108895
1783618392.726396084,1.131804571,-9.229747376,5.769937771
1783618392.728109598,1.178522671,-9.474692579,5.859543359
1783618392.733941078,1.152930276,-9.699982867,5.992722939
1783618392.734902382,1.266760103,-10.410244922,6.340564051
1783618392.736382008,1.316037067,-10.624588747,6.437034897
1783618392.738047600,1.274295474,-10.847925518,6.578772383
1783618392.739754915,1.232479441,-11.061459623,6.702131851
1783618392.746499300,1.178155167,-11.263125106,6.838541236
1783618392.748190403,1.262913378,-11.850004283,7.126661823
1783618392.749898672,1.194223222,-11.950437280,7.200966924
1783618392.751391411,1.140361137,-12.040472587,7.286419363
1783618392.753057003,1.071469715,-12.123510627,7.357871775
1783618392.758845568,1.085210072,-12.225087934,7.397937845
1783618392.759762287,1.078399890,-12.350517662,7.437812632
1783618392.761413097,1.022493547,-12.339068269,7.472632872
1783618392.763128281,0.956939313,-12.338968437,7.499608340
1783618392.764924765,0.894874015,-12.339013539,7.525802338
1783618392.771395445,0.898248568,-12.304762279,7.497140142
1783618392.773118496,0.844614719,-12.234078246,7.472301469
1783618392.774886847,0.808646373,-12.196541921,7.505063380
1783618392.776589632,0.764291004,-12.219922853,7.484761460
1783618392.778372288,0.792147521,-12.190400488,7.454050504
1783618392.781049490,0.752168570,-12.144396352,7.468932787
1783618392.781873465,0.720899495,-12.112829030,7.443211090
1783618392.783945322,0.725091593,-12.066798788,7.426149053
1783618392.784944773,0.730391380,-12.037571084,7.408784633
1783618392.786402225,0.657612323,-11.994105490,7.423428919
1783618392.788063288,0.585985698,-11.915993749,7.425132679
1783618392.789829016,0.508194745,-11.827363336,7.428180607
1783618392.796560764,0.492777881,-11.787093888,7.399485778
1783618392.798074007,0.490683093,-11.655980285,7.306124013
1783618392.799790621,0.395008527,-11.633520990,7.333466441
1783618392.801513672,0.300662331,-11.555503183,7.366739270
1783618392.803122044,0.305508570,-11.537418466,7.353268485
1783618392.808893919,0.199878100,-11.486606150,7.407943590
1783618392.809865475,0.186816281,-11.297239309,7.309637950
1783618392.811605215,0.080868339,-11.200586582,7.335942854
1783618392.813225746,0.098574028,-11.125384358,7.297557587
1783618392.814877033,-0.009712713,-11.025270739,7.319255649
1783618392.821390629,-0.110253182,-10.921472922,7.351002195
1783618392.823085546,-0.191463193,-10.606491131,7.269261448
1783618392.824858189,-0.288010832,-10.485945041,7.273532299
1783618392.826577425,-0.279573727,-10.388518663,7.229693009
1783618392.828347683,-0.252817491,-10.296424044,7.179077082
1783618392.833916903,-0.350440586,-10.168557123,7.183607308
1783618392.834935427,-0.330182697,-9.809354910,6.973595724
1783618392.836390257,-0.402831394,-9.675399594,6.971268604
1783618392.838030100,-0.465525791,-9.527025141,6.971352326
1783618392.839922190,-0.532720640,-9.396167571,6.967686380
1783618392.843695402,-0.530700066,-9.293061241,6.903550780
1783618392.844739437,-0.509766559,-9.158486074,6.832209060
1783618392.846750975,-0.509656719,-9.038589307,6.770353156
1783618392.848084211,-0.503194520,-8.938319904,6.700725167
1783618392.849746943,-0.554461203,-8.762020731,6.668269250
1783618392.851467371,-0.596454442,-8.594146621,6.634640742
1783618392.853104830,-0.636343232,-8.444677989,6.600316999
1783618392.858884335,-0.635877404,-8.296454811,6.524694113
1783618392.859849691,-0.583949413,-7.697825834,6.186782494
1783618392.861637831,-0.598923348,-7.496157413,6.118405657
1783618392.863173723,-0.578444261,-7.339125340,6.027227480
1783618392.864825010,-0.594721751,-7.143579131,5.947181232
1783618392.871405363,-0.607931490,-6.943407214,5.864515522
1783618392.873045444,-0.561169863,-6.334563904,5.560753461
1783618392.874777794,-0.545777175,-6.098756562,5.451883102
1783618392.876501799,-0.519567928,-5.887982307,5.329483237
1783618392.878263474,-0.489077752,-5.664964057,5.188403578
1783618392.883873701,-0.462535295,-5.421262447,5.072780255
1783618392.884814262,-0.331526591,-4.486370511,4.560722381
1783618392.886445284,-0.294870478,-4.249550817,4.428715741
1783618392.888994455,-0.264632060,-4.020127130,4.288423597
1783618392.889955044,-0.223465304,-3.757056736,4.129282241
1783618392.891450405,-0.182575178,-3.527332716,4.001710323
1783618392.896666050,-0.152514750,-3.315810145,3.879009589
1783618392.898220301,-0.088776335,-2.848433846,3.594937879
1783618392.899707079,-0.046506576,-2.631164292,3.486452608
1783618392.901434183,-0.020990706,-2.438717269,3.357975721
1783618392.903089285,0.012592216,-2.235613163,3.235015596
1783618392.905572414,0.049886259,-2.029692174,3.124777052
1783618392.906477451,0.094155133,-1.659556308,2.922521277
1783618392.908881187,0.122436476,-1.471129725,2.810124709
1783618392.909834385,0.156818429,-1.293891935,2.722464067
1783618392.911541224,0.182010194,-1.135219226,2.620510007
1783618392.913270235,0.199034948,-1.008915740,2.550221692
1783618392.914803505,0.219157828,-0.865592363,2.462183662
1783618392.921000481,0.247060036,-0.734351742,2.393833235
1783618392.921921968,0.283587909,-0.401844586,2.222085654
1783618392.923206091,0.306177263,-0.314903334,2.172745992
1783618392.924866199,0.308727760,-0.242487112,2.121241130
1783618392.926486015,0.319840163,-0.149420197,2.076364980
1783618392.928170681,0.329934901,-0.097726950,2.051947562
1783618392.933885098,0.337506717,-0.035747879,2.025151209
1783618392.934844017,0.354061423,0.130398440,1.951383517
1783618392.936506033,0.345999195,0.164383778,1.931564686
1783618392.938103199,0.336834772,0.191172301,1.915489073
1783618392.939880610,0.338443484,0.221453689,1.904472731
1783618392.946614742,0.339180962,0.248333264,1.890117196
1783618392.948084116,0.331900844,0.321185165,1.857985276
1783618392.949825287,0.315418388,0.337504479,1.847849758
1783618392.951493502,0.303769978,0.336901995,1.839775417
1783618392.953075409,0.306268224,0.376155637,1.829813859
1783618392.958883286,0.294454553,0.378512387,1.825113344
1783618392.959820032,0.298727681,0.445572443,1.778028162
1783618392.961486101,0.293319929,0.463077265,1.772135942
1783618392.963227510,0.291754161,0.492015998,1.756744848
1783618392.964758635,0.304924599,0.528815643,1.745406465
1783618392.967016459,0.296694243,0.529877140,1.736985043
1783618392.971491575,0.296083022,0.540141114,1.726190095
1783618392.973201275,0.295115615,0.590910675,1.700391330
1783618392.974740505,0.289615583,0.585368142,1.689226497
1783618392.976490021,0.273385585,0.579289172,1.690200016
1783618392.978201389,0.277095143,0.604758548,1.681280129
1783618392.982549191,0.264322574,0.607174051,1.680751602
1783618392.983399153,0.267772838,0.638868552,1.675500854
1783618392.984730482,0.265187132,0.646611429,1.666901356
1783618392.986389399,0.254233246,0.639365089,1.665843664
1783618392.988987923,0.249522873,0.662087853,1.666321745
1783618392.989918709,0.258768426,0.660348981,1.670158787
1783618392.991458178,0.245981247,0.645965955,1.675309495
1783618392.996573210,0.254395058,0.668163084,1.657794598
1783618392.998121500,0.269403973,0.690028201,1.651703318
1783618392.999868393,0.268264709,0.688499208,1.657655278
1783618393.001386881,0.267089449,0.702228669,1.646309733
1783618393.003073692,0.275799961,0.707131314,1.640007237
1783618393.008865595,0.272224324,0.710572239,1.640320814
1783618393.009790897,0.294744650,0.735224106,1.638738436
1783618393.011428356,0.296984487,0.733913470,1.640072451
1783618393.013192892,0.298637570,0.753812041,1.631331770
1783618393.014804363,0.306118713,0.760177784,1.637416625
1783618393.021395922,0.294893664,0.744534781,1.641294093
1783618393.023127794,0.310879607,0.769226142,1.646482592
1783618393.024905920,0.321881499,0.785482443,1.649374365
1783618393.026443720,0.325274128,0.778037237,1.652568476
1783618393.028115511,0.320618213,0.761990883,1.658755117
1783618393.033898354,0.317346451,0.763987969,1.655532240
1783618393.034834623,0.336339015,0.777316052,1.647846226
1783618393.036541462,0.333198077,0.784656830,1.648895412
1783618393.038071871,0.342952092,0.790350048,1.656914371
1783618393.039861917,0.351426315,0.785755100,1.658992778
1783618393.045136690,0.343186290,0.772580956,1.657643598
1783618393.046758413,0.370352983,0.787193154,1.643809302
1783618393.048040390,0.373746533,0.794191789,1.644687119
1783618393.049699306,0.379927526,0.794675563,1.648424300
1783618393.051461935,0.371772512,0.788376846,1.642941625
1783618393.053112984,0.372912659,0.782958488,1.648218935
1783618393.058850050,0.380209674,0.802702444,1.637933061
1783618393.059782267,0.380082236,0.788331453,1.627695309
1783618393.061472893,0.394232229,0.781916842,1.637302850
1783618393.063211918,0.391595068,0.786485185,1.636016873
1783618393.064783812,0.402501695,0.770260262,1.631960921
1783618393.071442127,0.381779521,0.762311083,1.630365224
1783618393.073101997,0.394913453,0.764510694,1.630231171
1783618393.074866533,0.385707856,0.746623004,1.651350680
1783618393.076497793,0.374698516,0.731424974,1.642284323
1783618393.078291655,0.381791540,0.741609953,1.643927247
1783618393.083959341,0.381447267,0.747168702,1.652891137
1783618393.084983587,0.372403752,0.733307610,1.663314574
1783618393.086483955,0.362587103,0.720572928,1.662409677
1783618393.088165045,0.341629618,0.693211887,1.674570090
1783618393.089695215,0.345306078,0.715615826,1.683751263
1783618393.096625328,0.334205044,0.695788701,1.686909564
1783618393.098101854,0.341364864,0.698108462,1.698523280
1783618393.099794865,0.312013031,0.681410950,1.704615472
1783618393.101486683,0.304704936,0.672865957,1.708228637
1783618393.103133917,0.296157316,0.684355543,1.717036027
1783618393.106850386,0.308327700,0.691866957,1.711230806
1783618393.108853102,0.307051685,0.680117394,1.706442184
1783618393.109798193,0.304569710,0.694820200,1.702214799
1783618393.111490726,0.302848426,0.694705736,1.698924438
1783618393.113213301,0.281437096,0.699612122,1.710116997
1783618393.114745855,0.300497021,0.701833213,1.716412840
1783618393.121376276,0.280956557,0.673675698,1.724912030
1783618393.123086214,0.276379485,0.687783943,1.730432103
1783618393.124855757,0.258413222,0.666032514,1.731648470
1783618393.126486301,0.261544371,0.688673308,1.734258130
1783618393.128273249,0.261052965,0.684523812,1.738886767
1783618393.133925438,0.243331162,0.659639170,1.731801732
1783618393.134927273,0.230858858,0.679317360,1.728905512
1783618393.136389971,0.225626103,0.671954544,1.733511880
1783618393.138074875,0.209520056,0.652326675,1.740646775
1783618393.139881611,0.196453729,0.642036677,1.734835606
1783618393.146552086,0.191446909,0.651741519,1.736060517
1783618393.148059607,0.188785223,0.636383025,1.736766746
1783618393.149767637,0.185571447,0.642235573,1.736425133
1783618393.151432753,0.178795685,0.620986617,1.740394833
1783618393.153121710,0.162204812,0.608545581,1.742378126
1783618393.158895731,0.173111091,0.628404219,1.731455426
1783618393.159876347,0.168813092,0.624811255,1.741190692
1783618393.161553383,0.165727898,0.584864868,1.748353303
1783618393.163238287,0.159702978,0.574028582,1.755925223
1783618393.164782524,0.143417568,0.570741981,1.752031250
1783618393.168924809,0.151752335,0.557267767,1.761178240
1783618393.169806242,0.121688488,0.522278941,1.748689190
1783618393.171638727,0.114185833,0.532007318,1.744386407
1783618393.173077583,0.107817449,0.506464684,1.749622243
1783618393.174850941,0.091238929,0.489341165,1.740369428
1783618393.176446915,0.083368886,0.484543142,1.741090778
1783618393.178149223,0.084903360,0.475454093,1.736203076
1783618393.183904409,0.058193932,0.433227839,1.734894844
1783618393.184863806,0.028853617,0.343719778,1.742860531
1783618393.186460018,-0.001096752,0.301947277,1.738140614
1783618393.188139915,-0.015682130,0.267853183,1.740081226
1783618393.189894915,-0.028563736,0.220197236,1.751893452
1783618393.196518660,-0.045112303,0.147812565,1.761824531
1783618393.198227882,-0.087220227,-0.015216523,1.767548165
1783618393.199934006,-0.099347170,-0.087640663,1.764914862
1783618393.201440096,-0.113605908,-0.138340147,1.770220557
1783618393.203247786,-0.128884635,-0.209714072,1.776545923
1783618393.208864450,-0.145189842,-0.286989062,1.776231018
1783618393.209817171,-0.221448703,-0.582400713,1.793204431
1783618393.211503744,-0.228258068,-0.658658170,1.804089200
1783618393.213214397,-0.247870501,-0.748191819,1.802106125
1783618393.214761257,-0.269087618,-0.831460555,1.801213982
1783618393.221463442,-0.272954864,-0.900925760,1.821012664
1783618393.223127127,-0.291118937,-1.135153202,1.838556079
1783618393.224868536,-0.285661534,-1.201786434,1.834196362
1783618393.226421595,-0.280130715,-1.288983040,1.844632538
1783618393.228162766,-0.273562710,-1.351759708,1.844395879
1783618393.231326580,-0.251404167,-1.410800490,1.854529387
1783618393.232198238,-0.205261564,-1.569870844,1.871830395
1783618393.233123541,-0.183542842,-1.636930840,1.878666519
1783618393.234708309,-0.151829205,-1.737580829,1.893784876
1783618393.236576080,-0.128561919,-1.850393694,1.911527665
1783618393.239003181,-0.097731797,-1.933372553,1.922447696
1783618393.239928484,-0.066645400,-2.058093388,1.945689029
1783618393.241466045,-0.047144480,-2.224813224,1.961681135
1783618393.246582985,-0.013262377,-2.370784939,1.982470715
1783618393.248272181,0.049624004,-2.775624810,2.045820574
1783618393.249814749,0.080066934,-2.978462973,2.097290682
1783618393.251499414,0.085819923,-3.163981803,2.159016798
1783618393.253073215,0.133170740,-3.408667831,2.198446262
1783618393.258972406,0.144424805,-3.653035855,2.268036684
1783618393.259992599,0.319792613,-4.803669043,2.580496103
1783618393.261599064,0.361393460,-5.118068853,2.669751609
1783618393.263466597,0.379259854,-5.437553090,2.797507516
1783618393.264820337,0.417240369,-5.800160309,2.912080759
1783618393.266544580,0.404214216,-6.164270033,3.048249619
1783618393.271461487,0.391604504,-6.516461970,3.200986655
1783618393.273103237,0.427303014,-7.266577571,3.497465044
1783618393.274860620,0.404574372,-7.613286000,3.636509147
1783618393.276428461,0.464385629,-7.920381883,3.756613708
1783618393.278316975,0.434382664,-8.385580389,4.017803627
1783618393.283962011,0.403249163,-8.705782318,4.121446375
1783618393.285032511,0.544403418,-9.556978838,4.369021617
1783618393.286517859,0.482540550,-9.828706325,4.505563956
1783618393.288223982,0.429000597,-10.054892434,4.642200946
1783618393.289787292,0.468942902,-10.311923030,4.725962162
1783618393.291958094,0.410645914,-10.517013325,4.839607204
1783618393.296548843,0.427370509,-10.726561152,4.932240307
1783618393.298300028,0.467633291,-11.308304140,5.161934194
1783618393.299742699,0.416386367,-11.420813005,5.275041786
1783618393.301475286,0.346110294,-11.535334372,5.382305622
1783618393.303145409,0.267799438,-11.655605935,5.496495759
1783618393.307523012,0.268978610,-11.750448984,5.541128206
1783618393.308406830,0.264203516,-11.950183573,5.605459216
1783618393.309815407,0.274669683,-11.979608321,5.630728310
1783618393.311514378,0.201742588,-12.008848318,5.683469786
1783618393.313100338,0.139473731,-12.040750928,5.750157919
1783618393.314820528,0.078547770,-12.045756112,5.801838410
1783618393.321434975,0.074344106,-12.069268508,5.812221204
1783618393.323246002,-0.004320001,-12.136655832,5.872878695
1783618393.324859142,-0.000457178,-12.152238999,5.899781282
1783618393.326639175,-0.070402477,-12.177461532,5.960321539
1783618393.328161716,-0.076464790,-12.204360963,5.970222762
1783618393.333923817,-0.120798499,-12.193360265,6.012459096
1783618393.335027218,-0.123794090,-12.223951231,6.010235118
1783618393.336512804,-0.176426744,-12.183288869,6.042536825
1783618393.338165760,-0.224842384,-12.140870373,6.055850223
1783618393.339741707,-0.228491620,-12.105732923,6.038966544
1783618393.346604586,-0.271586195,-12.024617199,6.062343752
1783618393.348100424,-0.246241629,-11.668609854,5.926567459
1783618393.349805593,-0.290906646,-11.547382231,5.933680986
1783618393.351441622,-0.347799035,-11.408925915,5.933651639
1783618393.353089094,-0.400935076,-11.250328075,5.941517504
1783618393.354920864,-0.372337933,-11.105822074,5.880991667
1783618393.358860254,-0.350116260,-10.971911284,5.822946432
1783618393.359810591,-0.298118520,-10.566078349,5.680592138
1783618393.361565351,-0.350702562,-10.435375693,5.682786716
1783618393.363100052,-0.334372283,-10.323029272,5.634437338
1783618393.364761114,-0.365765699,-10.161952207,5.645584653
1783618393.369875908,-0.412436448,-10.023970849,5.647963996
1783618393.371430397,-0.372645853,-9.792984276,5.561831413
1783618393.373110294,-0.416208186,-9.665445688,5.577112969
1783618393.374880314,-0.466021103,-9.542435342,5.578757000
1783618393.376465797,-0.449850808,-9.425724602,5.524823484
1783618393.378217936,-0.432121696,-9.343885502,5.489777649
1783618393.383969784,-0.476014772,-9.240190694,5.507230037
1783618393.385016203,-0.444279492,-8.912236575,5.374244667
1783618393.386505127,-0.482932048,-8.793718774,5.383431259
1783618393.388265848,-0.516406505,-8.666593918,5.383479245
1783618393.389854431,-0.522593348,-8.586895394,5.344671674
1783618393.396502256,-0.558012300,-8.446065953,5.348849799
1783618393.398199081,-0.548600125,-8.085389953,5.190839876
1783618393.399942160,-0.571809529,-7.906828430,5.169541352
1783618393.401510000,-0.597517216,-7.738312751,5.147092590
1783618393.403217793,-0.629278759,-7.568282607,5.099275461
1783618393.408838987,-0.620808786,-7.403946620,5.035673021
1783618393.409783840,-0.559216235,-6.691044882,4.698307784
1783618393.411451101,-0.562176833,-6.474763453,4.643918530
1783618393.413142443,-0.553266993,-6.269881652,4.574059227
1783618393.414929390,-0.552696709,-6.051294636,4.505233401
1783618393.421465397,-0.522371177,-5.817910119,4.394314609
1783618393.423188210,-0.447822424,-5.150439395,4.109006749
1783618393.424709320,-0.424054643,-4.922509000,4.010085362
1783618393.426460981,-0.400365583,-4.685335390,3.915548136
1783618393.428148031,-0.370132292,-4.457830128,3.814557296
1783618393.431254625,-0.340328536,-4.202271918,3.710532739
1783618393.432226419,-0.297914249,-3.759430755,3.507600055
1783618393.433113098,-0.251144732,-3.519495805,3.393194115
1783618393.434918165,-0.220067929,-3.290947012,3.306870260
1783618393.436515570,-0.205808759,-3.090161121,3.205759091
1783618393.439033985,-0.166595406,-2.854113396,3.116927648
1783618393.439986467,-0.128090221,-2.636108603,3.024119421
1783618393.441398382,-0.101879189,-2.434205608,2.939445823
1783618393.446642399,-0.069598341,-2.234568681,2.840048018
1783618393.448211670,-0.011679781,-1.847545181,2.691364972
1783618393.449900150,0.004132248,-1.685591907,2.622600409
1783618393.451438904,0.033186637,-1.519045523,2.542411883
1783618393.453050375,0.074252560,-1.360667756,2.471897548
1783618393.458942413,0.087874186,-1.232445872,2.428033863
1783618393.460009098,0.162103310,-0.803640624,2.265295227
1783618393.461478949,0.174105391,-0.726020390,2.240541884
1783618393.463119984,0.191576416,-0.642927856,2.203510700
1783618393.464798927,0.213019954,-0.559368386,2.187381256
1783618393.471459866,0.219508119,-0.499203143,2.166784951
1783618393.473096848,0.243188747,-0.329326426,2.107643343
1783618393.474833965,0.251942363,-0.282293030,2.097496821
1783618393.476468086,0.250075974,-0.253454552,2.089947321
1783618393.478225946,0.258785680,-0.202561597,2.075726918
1783618393.483965874,0.270809059,-0.158841755,2.068834513
1783618393.485021114,0.271526710,-0.044134891,2.053743483
1783618393.486519337,0.274861914,-0.020467083,2.053381874
1783618393.488173246,0.264416730,-0.016460226,2.046398596
1783618393.489733458,0.260813272,0.000353500,2.043953840
1783618393.493006706,0.261169621,0.026289285,2.036103551
1783618393.496515512,0.254412155,0.026786230,2.045629004
1783618393.498193979,0.247681967,0.059649703,2.037210297
1783618393.499870539,0.244026780,0.075494256,2.033758638
1783618393.501521349,0.245700776,0.095351044,2.023862814
1783618393.503179073,0.239375220,0.101383821,2.013858495
1783618393.508537292,0.238285866,0.117699074,2.001334635
1783618393.509942532,0.260099380,0.184795752,1.965003383
1783618393.511590004,0.262349674,0.210629173,1.940053046
1783618393.513115883,0.265487808,0.222743586,1.943123727
1783618393.514861107,0.250037727,0.228857196,1.932579024
1783618393.521506310,0.255204334,0.239062215,1.937223422
1783618393.523273945,0.272710294,0.317806991,1.904770429
1783618393.524860859,0.268726887,0.314186939,1.905999726
1783618393.526488304,0.263929340,0.323074215,1.895847044
1783618393.528237104,0.261703275,0.347718847,1.903924303
1783618393.533956528,0.249669972,0.336819064,1.908469951
1783618393.535005808,0.262008198,0.350211350,1.884144638
1783618393.536523819,0.233252588,0.349569589,1.863647795
1783618393.538162708,0.231954797,0.372546847,1.860418065
1783618393.539980412,0.231935898,0.372978683,1.851731505
1783618393.546585083,0.232479511,0.364618944,1.838232220
1783618393.548115492,0.250280922,0.432941207,1.787535975
1783618393.549825191,0.237984572,0.422509015,1.785314091
1783618393.551478863,0.241473069,0.425092311,1.777546371
1783618393.553184271,0.242506068,0.424271660,1.775742688
1783618393.555954695,0.245252808,0.423045756,1.770935605
1783618393.556776047,0.258356841,0.464104673,1.734676427
1783618393.558863401,0.257372206,0.476299657,1.744356973
1783618393.559884548,0.263633919,0.449522277,1.738073537
1783618393.561451435,0.272131935,0.462287952,1.728172985
1783618393.563104391,0.272899458,0.484047410,1.727481742
1783618393.564782619,0.268876736,0.478029888,1.746198465
1783618393.571005583,0.263941583,0.475671240,1.736104978
1783618393.571936131,0.288240926,0.472935032,1.735869700
1783618393.573217154,0.289753823,0.477793844,1.727237886
1783618393.574872494,0.290572428,0.493731251,1.723981102
1783618393.576460838,0.292652367,0.494266805,1.720149925
1783618393.578234911,0.289607092,0.474756313,1.722728206
1783618393.583994150,0.280785912,0.465240304,1.715633286
1783618393.585084200,0.293717389,0.476386341,1.714496586
1783618393.586374521,0.295374543,0.465938146,1.713302368
1783618393.588047266,0.313664173,0.508368793,1.688901934
1783618393.589708090,0.299005037,0.479381219,1.712473118
1783618393.596543074,0.283484314,0.442004336,1.718679935
1783618393.598095417,0.303186874,0.453898987,1.717470147
1783618393.599816084,0.288285625,0.441834358,1.720022993
1783618393.601489544,0.279368052,0.440471294,1.715254820
1783618393.603177786,0.268227936,0.434434022,1.726893953
1783618393.608876705,0.264099675,0.422716883,1.731301635
1783618393.609856129,0.274508537,0.424211332,1.720102695
1783618393.611499786,0.252068341,0.408111297,1.717485167
1783618393.613224268,0.255219351,0.401870816,1.704439936
1783618393.614753246,0.257869906,0.408914966,1.711005597
1783618393.618007183,0.245375550,0.391706962,1.706639319
1783618393.618881226,0.260710680,0.417762292,1.692628213
1783618393.619709015,0.267808381,0.394520331,1.697230333
1783618393.621546507,0.274907501,0.392344607,1.681293325
1783618393.623065948,0.260993149,0.392420165,1.699758937
1783618393.624821186,0.247269987,0.391700244,1.708224083
1783618393.626477957,0.251371405,0.379850687,1.703088989
1783618393.628165722,0.261539558,0.393219782,1.706688558
1783618393.633026123,0.255835464,0.379548875,1.725750137
1783618393.634724379,0.244923817,0.356487136,1.716179334
1783618393.636606693,0.235457998,0.355675832,1.712703258
1783618393.638922930,0.224170519,0.347797104,1.707219533
1783618393.639851570,0.215886945,0.331286966,1.693314760
1783618393.646458387,0.202255670,0.337067759,1.690293072
1783618393.648157835,0.186359218,0.296278080,1.681696949
1783618393.649846554,0.175540925,0.294992137,1.679717543
1783618393.651516676,0.160468090,0.258651960,1.682895871
1783618393.653149843,0.142067824,0.245144881,1.683635869
1783618393.658873558,0.139505944,0.233386751,1.676816427
1783618393.659828901,0.125282057,0.156640061,1.666518181
1783618393.661463499,0.103170667,0.114732825,1.666230467
1783618393.663143158,0.093851322,0.094208745,1.661379959
1783618393.664838552,0.084336373,0.061366730,1.660717238
1783618393.671355724,0.071004582,0.015296678,1.660273849
1783618393.673084021,0.044667504,-0.095828263,1.657891462
1783618393.674824715,0.035348841,-0.160151161,1.667506658
1783618393.676543236,0.023091399,-0.201493689,1.662086904
1783618393.678290367,0.024846912,-0.231135523,1.656169076
1783618393.683943272,0.020398685,-0.287773532,1.667042028
1783618393.685003281,0.001875745,-0.472608093,1.684707193
1783618393.686474323,-0.007808115,-0.530529573,1.687446409
1783618393.688155651,-0.019415914,-0.573497399,1.685001219
1783618393.689925194,-0.017737093,-0.622058800,1.701543719
1783618393.694956779,-0.021281892,-0.680222836,1.711065664
1783618393.696725368,-0.033620261,-0.753513944,1.711799384
1783618393.698085308,-0.021231691,-0.809331989,1.731062352
1783618393.699849367,-0.023127846,-0.875356090,1.751436587
1783618393.701512814,-0.034442190,-0.948647203,1.762384484
1783618393.703229189,-0.018920530,-0.963314714,1.771775724
1783618393.708879709,-0.005839423,-1.013717528,1.797147792
1783618393.709952831,0.027199806,-1.267846402,1.862261350
1783618393.711626291,0.029026095,-1.354166845,1.883235425
1783618393.713108540,0.022575717,-1.443477406,1.908292843
1783618393.714742184,0.027955983,-1.507009184,1.922098096
1783618393.721414089,0.035017485,-1.594085751,1.957046786
1783618393.723037481,0.074257816,-1.825421093,2.015188917
1783618393.724856853,0.086319198,-1.917767445,2.051080420
1783618393.726582050,0.109247227,-2.022015532,2.084461269
1783618393.728114605,0.126361140,-2.140862485,2.114172161
1783618393.733892918,0.137722650,-2.249743600,2.154534615
1783618393.734919786,0.251586262,-2.763301899,2.309453695
1783618393.736378193,0.262240427,-2.907116808,2.374124534
1783618393.738135576,0.273496831,-3.060128599,2.415279921
1783618393.739762783,0.296776134,-3.228945420,2.468068995
1783618393.746481895,0.312594256,-3.370543268,2.536825426
1783618393.748267889,0.401921717,-3.872092922,2.659593943
1783618393.749940872,0.418427043,-4.007694060,2.718799844
1783618393.751469374,0.441221069,-4.183871926,2.805725377
1783618393.753127098,0.448104430,-4.361942218,2.877943285
1783618393.758965015,0.485095742,-4.529205220,2.946142761
1783618393.759988546,0.645675576,-5.323600327,3.228781019
1783618393.761625290,0.647704839,-5.530039333,3.327400306
1783618393.763120413,0.690566319,-5.740711949,3.390050868
1783618393.764809608,0.704504971,-5.892140045,3.475883028
1783618393.769447327,0.714592058,-6.090368301,3.575964359
1783618393.770348549,0.795697000,-6.424113084,3.686013094
1783618393.771646500,0.853334613,-6.589974509,3.767874004
1783618393.773056984,0.844889309,-6.785100410,3.903815936
1783618393.774828196,0.837176410,-6.941667014,3.999388664
1783618393.776455164,0.872072511,-7.101191729,4.058577233
1783618393.778211117,0.912448641,-7.247290159,4.105125632
1783618393.783916950,0.917736260,-7.355234629,4.194199420
1783618393.784955025,0.985003931,-7.812991485,4.387596322
1783618393.786451817,1.015238318,-7.990950964,4.442953929
1783618393.788253307,1.002257890,-8.096411730,4.536129702
1783618393.789801121,0.985637487,-8.226017840,4.652139915
1783618393.796479464,0.968918303,-8.379355145,4.771796048
1783618393.798197746,1.054712443,-8.818065721,4.962853099
1783618393.799898386,1.033741800,-8.979302287,5.079234899
1783618393.801472187,1.005706514,-9.099006559,5.184514789
1783618393.803163528,1.004996659,-9.191094054,5.281098871
1783618393.808896303,1.020027089,-9.352925102,5.340871687
1783618393.809871197,1.047524168,-9.773923819,5.562374028
1783618393.811465979,1.023431580,-9.913347268,5.667947638
1783618393.813169718,0.995178232,-10.055571227,5.785363643
1783618393.814706087,1.011773913,-10.189974013,5.857647906
1783618393.821428776,0.984010381,-10.294159192,5.965398255
1783618393.823095798,0.964061900,-10.759421089,6.243211138
1783618393.824843645,0.924612544,-10.841343596,6.318646461
1783618393.826541901,0.927953554,-10.924102768,6.363697912
1783618393.828284502,0.929572196,-11.028835593,6.435815692
1783618393.831002235,0.887212444,-11.091780779,6.515839990
1783618393.831904173,0.892190268,-11.221424719,6.590544696
1783618393.833929300,0.892284912,-11.290650014,6.630494764
1783618393.834987640,0.882090258,-11.379676017,6.676079607
1783618393.836480856,0.845011832,-11.444760154,6.749711966
1783618393.838152170,0.799918419,-11.481773229,6.817454628
1783618393.839918137,0.765291635,-11.546240328,6.909603476
1783618393.846140623,0.754441225,-11.629521352,6.962605355
1783618393.847159147,0.752114982,-11.797823144,7.096768065
1783618393.848225355,0.744658277,-11.836210955,7.126508329
1783618393.849763155,0.702253850,-11.847684147,7.188137675
1783618393.851404190,0.660917044,-11.828415819,7.236993669
1783618393.853099585,0.634265034,-11.803133809,7.290506263
1783618393.858927965,0.630046269,-11.799144628,7.313152491
1783618393.860026121,0.627201953,-11.675545755,7.291333452
1783618393.861463785,0.629646571,-11.599017651,7.280495017
1783618393.863189697,0.584780093,-11.510133647,7.281590289
1783618393.864875078,0.544843254,-11.386805326,7.279597251
1783618393.871428013,0.494604599,-11.239718153,7.275805220
1783618393.873085976,0.403075484,-10.842355183,7.209516276
1783618393.874893188,0.332865989,-10.735756972,7.231160900
1783618393.876581430,0.308499464,-10.660367528,7.200434896
1783618393.878173590,0.309603592,-10.566739338,7.194163196
1783618393.883957624,0.237166896,-10.454814235,7.221422410
1783618393.884991407,0.218030157,-10.161739859,7.128013947
1783618393.886465549,0.156938493,-10.038414891,7.148645646
1783618393.888121843,0.087869184,-9.879828025,7.131385144
1783618393.889885902,0.017026576,-9.708529628,7.118386801
1783618393.892045498,0.015443573,-9.585726422,7.058922307
1783618393.893143654,0.005431489,-9.458867375,6.999608519
1783618393.896443605,0.007356558,-9.299065668,6.930067413
1783618393.898096085,0.000749890,-9.033578568,6.809429920
1783618393.899775982,-0.053005825,-8.872753288,6.788171763
1783618393.901506901,-0.119077180,-8.686912182,6.753978292
1783618393.903163910,-0.178002122,-8.532737940,6.716921685
1783618393.907595634,-0.190330009,-8.413552446,6.653612903
1783618393.908459187,-0.195008364,-8.021188367,6.446831465
1783618393.909889698,-0.196632491,-7.894691325,6.370142991
1783618393.911520720,-0.246061129,-7.724300391,6.323118624
1783618393.913103580,-0.294305411,-7.549327550,6.278963189
1783618393.914711475,-0.277703551,-7.409218271,6.198719240
1783618393.921437740,-0.340532082,-7.242045770,6.142826452
1783618393.923207045,-0.360048834,-6.748620411,5.902702737
1783618393.924748182,-0.341123162,-6.571733844,5.807525074
1783618393.926570177,-0.366556750,-6.390532094,5.733274411
1783618393.928295135,-0.352708260,-6.212915476,5.641210565
1783618393.933964014,-0.369457366,-6.022263489,5.552417352
1783618393.934983969,-0.307647610,-5.279523683,5.136896947
1783618393.936455727,-0.299881651,-5.067598102,5.043476728
1783618393.938093662,-0.310481869,-4.878248769,4.957248665
1783618393.939900875,-0.284977511,-4.686586021,4.849810876
1783618393.946573019,-0.278980749,-4.481447094,4.737382559
1783618393.948265314,-0.216605558,-3.906255568,4.426896432
1783618393.949925900,-0.202417321,-3.709373901,4.329488479
1783618393.951516151,-0.183274100,-3.508384211,4.224523973
1783618393.953154087,-0.175099766,-3.332705150,4.131582326
1783618393.955183744,-0.151186324,-3.160547378,4.025311235
1783618393.958907843,-0.130868228,-2.976354127,3.929856780
1783618393.959991932,-0.087914538,-2.494144870,3.656453715
1783618393.961389303,-0.069764346,-2.332448560,3.584344809
1783618393.963116884,-0.061427683,-2.190288055,3.505181846
1783618393.964773417,-0.047253364,-2.034473131,3.430993550
1783618393.970551014,-0.045284308,-1.893542162,3.352814040
1783618393.971468687,0.000844516,-1.503838440,3.142831143
1783618393.973266125,0.020560770,-1.382111256,3.088188935
1783618393.974817753,0.031130817,-1.263614527,3.042787982
1783618393.976559401,0.030522356,-1.179581877,2.996342379
1783618393.978263617,0.045045570,-1.066691167,2.934816707
1783618393.983973742,0.070985689,-0.941206481,2.872570898
1783618393.984994173,0.115347232,-0.666528631,2.741609014
1783618393.986559153,0.136645056,-0.564920003,2.693845182
1783618393.988146305,0.166386961,-0.482011001,2.652949443
1783618393.989835024,0.168621484,-0.401031921,2.601210156
1783618393.996579885,0.190231165,-0.323869557,2.542395728
1783618393.998252630,0.238103311,-0.107520092,2.416691412
1783618393.999924183,0.248939092,-0.046040064,2.378684251
1783618394.001496315,0.259637025,-0.003914238,2.360319668
1783618394.003106117,0.259464769,0.044136170,2.344915595
1783618394.008885384,0.252563853,0.071549412,2.319511620
1783618394.009902000,0.265265855,0.250733641,2.244362698
1783618394.011510849,0.261909210,0.276898360,2.239655174
1783618394.013201952,0.247942762,0.305172826,2.228731350
1783618394.014796495,0.242360933,0.325341235,2.214402435
1783618394.017551184,0.231529143,0.357321146,2.189955075
1783618394.018445253,0.221556110,0.370958731,2.193788218
1783618394.021480083,0.214434269,0.392203132,2.170240395
1783618394.023168087,0.209352827,0.414575919,2.158017528
1783618394.024727583,0.214046244,0.450932236,2.141176678
1783618394.026609182,0.195578593,0.445087276,2.129971209
1783618394.028053045,0.182038394,0.485379128,2.106635560
1783618394.033056021,0.183983021,0.482105874,2.079998071
1783618394.034943581,0.162737477,0.540144066,1.997655146
1783618394.036443233,0.156572558,0.548094083,1.969549826
1783618394.039048433,0.152586680,0.550225667,1.949064375
1783618394.040015697,0.144269482,0.581575984,1.899727596
1783618394.041424990,0.140045686,0.586371662,1.867734993
1783618394.046539783,0.138956207,0.585739160,1.838033800
1783618394.048279762,0.135427197,0.616251184,1.795568325
1783618394.049770117,0.118141164,0.603343325,1.779563452
1783618394.051474333,0.098701440,0.598237190,1.764325131
1783618394.053151131,0.090663390,0.605825188,1.747071747
1783618394.058880091,0.088726445,0.615884358,1.736300014
1783618394.059911728,0.095267230,0.615579102,1.686251537
1783618394.061481237,0.092976113,0.614100621,1.676853439
1783618394.063204527,0.085274348,0.602814643,1.663850825
1783618394.064869404,0.091105085,0.609292821,1.645323010
1783618394.071470261,0.091064778,0.621029222,1.630300604
1783618394.073117733,0.094451637,0.642848545,1.586002172
1783618394.074863434,0.084261216,0.625209156,1.583844774
1783618394.076792717,0.082142150,0.631675058,1.565170196
1783618394.078269482,0.087851916,0.648130470,1.552441195
1783618394.083951235,0.085027709,0.645467648,1.552866887
1783618394.085016727,0.088332659,0.661057213,1.504392751
1783618394.086509943,0.090057828,0.642839913,1.511227211
1783618394.088171482,0.079358808,0.630688852,1.499885555
1783618394.089708090,0.079519418,0.629036828,1.501406090
1783618394.094559669,0.087441150,0.647837511,1.488938037
1783618394.095535755,0.094576151,0.637917984,1.491742988
1783618394.096375465,0.115771331,0.663732582,1.488859387
1783618394.098219395,0.120649004,0.665519110,1.496936067
1783618394.099755526,0.121083059,0.656911750,1.486596319
1783618394.101560593,0.129954122,0.672337768,1.480379337
1783618394.103131294,0.135930332,0.691544937,1.490002494
1783618394.108886242,0.139111291,0.678635488,1.494046560
1783618394.109989405,0.156593141,0.701785450,1.475117726
1783618394.111392021,0.169039494,0.699193688,1.476990184
1783618394.113111734,0.165494426,0.696914059,1.459600225
1783618394.114751339,0.168442435,0.704662920,1.459492226
1783618394.121406078,0.173201604,0.713143528,1.456693373
1783618394.123071909,0.191966500,0.693008024,1.450786905
1783618394.124833107,0.184284910,0.692715340,1.434966468
1783618394.126679420,0.195788314,0.706972880,1.430849090
1783618394.128085136,0.201040443,0.715860934,1.421777412
1783618394.133908510,0.187546137,0.708923594,1.418724887
1783618394.134862423,0.204759985,0.713562217,1.423872068
1783618394.136504412,0.197228162,0.700445326,1.425257627
1783618394.138089895,0.199953932,0.702399399,1.427601261
1783618394.139732838,0.206996157,0.719912257,1.429233147
1783618394.146510601,0.208792381,0.713305034,1.414063258
1783618394.148296833,0.231790593,0.724482003,1.405338082
1783618394.149765015,0.223779280,0.716980344,1.406154153
1783618394.151491880,0.218880352,0.727706939,1.410709677
1783618394.153181791,0.216429483,0.721160449,1.413969048
1783618394.156538486,0.213106796,0.706304846,1.417849157
1783618394.158905983,0.229795912,0.714017056,1.413351344
1783618394.159954548,0.232819581,0.702543032,1.423076673
1783618394.161562204,0.219279705,0.681261851,1.424636638
1783618394.163253307,0.201694651,0.672376987,1.430645203
1783618394.164794922,0.212987580,0.675172253,1.435519110
1783618394.171467781,0.200097383,0.663340109,1.440961080
1783618394.173226595,0.198048287,0.608795450,1.470892018
1783618394.174777746,0.194635611,0.597715955,1.475094789
1783618394.176609039,0.187490551,0.586029829,1.493383000
1783618394.178074837,0.192649504,0.550256351,1.509256911
1783618394.183955431,0.171979618,0.489507012,1.519401801
1783618394.184990168,0.168893289,0.329408592,1.584594097
1783618394.186458826,0.155553133,0.243946917,1.615389625
1783618394.188133240,0.138820119,0.145000262,1.650754233
1783618394.189764500,0.134069394,0.068255021,1.680166663
1783618394.196526289,0.125930825,-0.023199122,1.730821218
1783618394.198268414,0.101913601,-0.292991567,1.828529291
1783618394.199703455,0.096045933,-0.408196814,1.885040897
1783618394.201536417,0.087914393,-0.514250875,1.914374824
1783618394.203202724,0.078181518,-0.598290991,1.947174972
1783618394.208996296,0.074917874,-0.703203435,1.991486171
1783618394.210075617,0.071130535,-1.081856266,2.148810863
1783618394.211412191,0.065304370,-1.203881453,2.201225206
1783618394.213144779,0.064878846,-1.309708209,2.248253175
1783618394.214795828,0.065294049,-1.408542784,2.300476734
1783618394.219121218,0.074966154,-1.537523283,2.368399940
1783618394.219926119,0.079003199,-1.801707742,2.490645882
1783618394.221606970,0.094959168,-1.964368423,2.574825964
1783618394.223133802,0.107303490,-2.145325645,2.666608465
1783618394.224910498,0.119662909,-2.308111790,2.753560579
1783618394.226556301,0.139484751,-2.481769796,2.844592044
1783618394.228072166,0.166825517,-2.700837555,2.920505629
1783618394.233977318,0.188119752,-2.922859303,3.021345726
1783618394.235066175,0.300506209,-3.717904953,3.300672020
1783618394.236561060,0.340290521,-3.978607484,3.402157818
1783618394.238245964,0.366314251,-4.259300813,3.537219125
1783618394.239822865,0.402905440,-4.586072041,3.627275161
1783618394.246479034,0.438687915,-4.875510476,3.755650346
1783618394.248151064,0.564249527,-5.917016921,4.156352417
1783618394.249830961,0.597811055,-6.100155085,4.219012170
1783618394.251563787,0.679029270,-6.355784579,4.311780700
1783618394.253284693,0.694827219,-6.684508182,4.465174913
1783618394.258978844,0.682071712,-6.984043970,4.613945966
1783618394.260149956,0.953074562,-7.968867070,4.971388839
1783618394.261536121,1.028158510,-8.231651427,5.076311612
1783618394.263054132,1.023239763,-8.462057093,5.223151060
1783618394.264746904,1.030922086,-8.689564531,5.339922601
1783618394.271516562,1.014292937,-8.885446421,5.459383654
1783618394.273187160,1.135855536,-9.457192995,5.749097834
1783618394.274869919,1.116212815,-9.610190160,5.856385723
1783618394.276588202,1.090531831,-9.736883912,5.964057456
1783618394.278173447,1.116554497,-9.883029930,6.047197042
1783618394.281573296,1.075852166,-9.978274905,6.113697665
1783618394.284013748,1.120764034,-10.199947700,6.225753802
1783618394.285220861,1.153899132,-10.443310266,6.314528773
1783618394.286587238,1.210222402,-10.525857384,6.359065471
1783618394.288125515,1.161979518,-10.610140628,6.434354165
1783618394.289741278,1.127305052,-10.696730039,6.496684210
1783618394.296524048,1.080594160,-10.785767830,6.584957182
1783618394.298092365,1.129215275,-10.960028052,6.699336380
1783618394.302321196,1.076324469,-10.966985119,6.738241611
1783618394.303286552,1.090636730,-11.001794331,6.777408609
1783618394.304707527,1.056828814,-11.022552931,6.808524748
1783618394.306443214,1.015549961,-11.022004159,6.853216955
1783618394.308898926,1.027276716,-11.043501230,6.882870644
1783618394.309928656,1.035148313,-11.104052344,6.912141759
1783618394.311542511,1.013711418,-11.102788763,6.967387330
1783618394.313260317,1.019801059,-11.136138203,7.006407826
1783618394.314706802,0.977360367,-11.155055874,7.048045232
1783618394.321400404,0.942001482,-11.140256202,7.082390251
1783618394.323074341,0.905531698,-11.158047021,7.156626823
1783618394.324820280,0.869833615,-11.112936666,7.174189297
1783618394.326544046,0.886309013,-11.080945319,7.183637426
1783618394.328155756,0.896481496,-11.029616094,7.179904846
1783618394.333962679,0.861105542,-10.987766528,7.184054978
1783618394.334933281,0.907705226,-10.662888058,7.102780313
1783618394.336580992,0.895830982,-10.541597856,7.094476195
1783618394.338130713,0.900437169,-10.438802003,7.076741512
1783618394.339913607,0.878069032,-10.341398712,7.059039982
1783618394.343376398,0.894501130,-10.248006874,7.016790891
1783618394.346441746,0.902969687,-10.162022172,7.007797133
1783618394.348197222,0.906390041,-10.036315628,6.981815679
1783618394.349942684,0.904824834,-9.952517569,6.994797413
1783618394.351457834,0.900558289,-9.868125484,6.990190816
1783618394.353129864,0.884651983,-9.808202657,6.995906203
1783618394.358552217,0.892902216,-9.738429266,6.969680812
1783618394.359894991,0.912951244,-9.519441063,6.901389955
1783618394.361645460,0.908529448,-9.368809015,6.871031050
1783618394.363191843,0.924004060,-9.280562839,6.846991499
1783618394.364854336,0.906227970,-9.180304327,6.827374924
1783618394.371449232,0.873388981,-9.073880344,6.809007895
1783618394.373135328,0.870789283,-8.686830778,6.655635052
1783618394.374712467,0.893002228,-8.576328912,6.616868861
1783618394.376537800,0.849036171,-8.494215087,6.600688436
1783618394.378105640,0.857739330,-8.408589585,6.564485221
1783618394.383919477,0.826556196,-8.297806156,6.530605210
1783618394.384873867,0.812456466,-8.054098535,6.410713729
1783618394.386528015,0.782042985,-7.944657616,6.404873996
1783618394.388042688,0.745237276,-7.837650376,6.387152845
1783618394.389753580,0.751158701,-7.724236878,6.333221732
1783618394.396593332,0.715285269,-7.598287490,6.307349454
1783618394.398086786,0.731660185,-7.117573551,6.063780358
1783618394.399788618,0.709091982,-6.971574342,6.020808446
1783618394.401492357,0.662901545,-6.842676052,5.970876745
1783618394.403136015,0.661698918,-6.686467750,5.916033349
1783618394.404868364,0.670715222,-6.538757591,5.841959816
1783618394.408933401,0.669285092,-6.397233098,5.766158507
1783618394.410006762,0.691838959,-6.094659486,5.606059847
1783618394.411569595,0.680087891,-5.929485223,5.534438170
1783618394.413035870,0.698837489,-5.781169870,5.449942430
1783618394.414914370,0.676520876,-5.609647936,5.396344528
1783618394.419613123,0.696420306,-5.436761069,5.303246762
1783618394.420512676,0.738564077,-4.983599002,5.046664562
1783618394.421477318,0.750691266,-4.829111892,4.973003667
1783618394.423248291,0.750783503,-4.679028283,4.891024981
1783618394.424758434,0.773659360,-4.502097261,4.794186796
1783618394.426545382,0.779490237,-4.328733102,4.710091739
1783618394.428273916,0.795107870,-4.183797099,4.639623262
1783618394.433907270,0.797881491,-4.020656488,4.553770778
1783618394.434955835,0.833846669,-3.684794943,4.363181378
1783618394.436518192,0.835612150,-3.532189249,4.280565104
1783618394.438188076,0.846575075,-3.383669841,4.196635691
1783618394.439708471,0.864247924,-3.212518059,4.113723935
1783618394.446555376,0.871104949,-3.056107948,4.021706843
1783618394.448311329,0.899413846,-2.461491411,3.683604646
1783618394.449765205,0.899711579,-2.301062850,3.589355713
1783618394.451632500,0.904690667,-2.138326398,3.502180032
1783618394.453112364,0.918858156,-1.986997778,3.424366949
1783618394.458951235,0.915848597,-1.842996623,3.334077993
1783618394.459976912,0.938897988,-1.234113640,2.996485803
1783618394.461652040,0.941507159,-1.104171306,2.913715775
1783618394.463135481,0.944736566,-0.960300014,2.839476789
1783618394.464790106,0.937989735,-0.860495786,2.781745310
1783618394.467570305,0.933821589,-0.729592678,2.715293001
1783618394.468425512,0.935381350,-0.626205270,2.655936066
1783618394.471443653,0.930145796,-0.523014297,2.601632120
1783618394.473111868,0.917518131,-0.438711620,2.539706367
1783618394.474903107,0.915824208,-0.337553292,2.486869734
1783618394.476576328,0.911938084,-0.258244321,2.464838473
1783618394.478104115,0.895439418,-0.191016656,2.420930634
1783618394.483044386,0.891217334,-0.109391466,2.365589890
1783618394.484758377,0.857763589,0.068697554,2.252904383
1783618394.486591816,0.840853458,0.132937237,2.214738289
1783618394.489021301,0.828737124,0.172213764,2.213993944
1783618394.489942074,0.784460772,0.230631863,2.152879981
1783618394.491457939,0.768149401,0.263871058,2.140912857
1783618394.496510506,0.756694385,0.310914430,2.111591657
1783618394.498481512,0.712749063,0.332089321,2.080008308
1783618394.499749899,0.695172558,0.363987928,2.056841249
1783618394.501509428,0.665302356,0.376625039,2.042373566
1783618394.503059387,0.651096987,0.377069785,2.030320745
1783618394.508936882,0.617576433,0.393236138,2.015668372
1783618394.510107756,0.529026147,0.430566171,1.964672624
1783618394.511433601,0.516119597,0.408528715,1.966615158
1783618394.513184071,0.486861897,0.409784814,1.967498311
1783618394.514928818,0.464639325,0.440452771,1.950694026
1783618394.521448612,0.440664631,0.447074043,1.941774532
1783618394.523088694,0.377627716,0.446535827,1.922802864
1783618394.524843216,0.354244442,0.435867507,1.915579535
1783618394.526585340,0.340744931,0.444324497,1.904259612
1783618394.528093815,0.327919175,0.460802461,1.891481756
1783618394.533890009,0.301909405,0.448633674,1.891441028
1783618394.534855604,0.247835852,0.434284816,1.868949123
1783618394.536532640,0.215630719,0.432720053,1.859800150
1783618394.538082838,0.206879662,0.432124379,1.863401024
1783618394.539732456,0.192200213,0.426846800,1.856659715
1783618394.543490648,0.159097242,0.425531484,1.846798797
1783618394.546492577,0.153612012,0.429496078,1.846455971
1783618394.548216343,0.134132141,0.430515449,1.842592143
1783618394.549905300,0.113617389,0.422541226,1.837774063
1783618394.551554203,0.114422652,0.443590118,1.836698505
1783618394.553220510,0.094520645,0.435448606,1.831586872
1783618394.558845043,0.070742242,0.412948489,1.839594326
1783618394.560012579,0.047814076,0.440420532,1.806863561
1783618394.561433554,0.047029655,0.440187578,1.816960336
1783618394.563174248,0.027484316,0.427384154,1.801963377
1783618394.564827204,0.011234791,0.406124131,1.801349199
1783618394.571425676,0.007506028,0.422082641,1.797221351
1783618394.573106527,-0.014340616,0.391697977,1.787770016
1783618394.574923515,-0.010576227,0.397351238,1.774246908
1783618394.576456308,-0.017217875,0.386830658,1.779860857
1783618394.578126907,-0.027044454,0.384873032,1.767509761
1783618394.583928585,-0.025359153,0.383076337,1.757874233
1783618394.584931135,-0.021977908,0.386971463,1.728887620
1783618394.586437225,-0.036215193,0.376156920,1.723643243
1783618394.588124514,-0.036733513,0.384208976,1.723170092
1783618394.589926720,-0.036642641,0.378633244,1.713742607
1783618394.596613169,-0.040348596,0.379537966,1.710969875
1783618394.598170757,-0.020655271,0.395134002,1.693969266
1783618394.599879026,-0.026389205,0.381001595,1.696460949
1783618394.601470947,-0.036756532,0.372736215,1.700570523
1783618394.603172302,-0.036463789,0.376220043,1.684002336
1783618394.605481625,-0.034026007,0.390794844,1.687417233
1783618394.606413603,-0.027559971,0.388866280,1.686112842
1783618394.608918428,-0.028910884,0.386902863,1.679915023
1783618394.610075474,-0.024660459,0.399748870,1.665630354
1783618394.611406565,-0.022491373,0.400002550,1.664881201
1783618394.613143206,-0.023808692,0.389139134,1.666709099
1783618394.614817381,-0.038438429,0.376458744,1.653491317
1783618394.620989799,-0.030361104,0.379677387,1.661934209
1783618394.621886492,-0.033581935,0.372240996,1.652462436
1783618394.623207808,-0.028150083,0.363441484,1.660620370
1783618394.624927998,-0.044666699,0.339822090,1.659116789
1783618394.626587391,-0.052225947,0.347526214,1.657754229
1783618394.628272295,-0.039729817,0.343725239,1.660071589
1783618394.633955717,-0.055755397,0.319540399,1.661119254
1783618394.634997845,-0.048121198,0.342622695,1.667417933
1783618394.636497021,-0.056752999,0.321317579,1.671126883
1783618394.638121843,-0.064582219,0.313715169,1.674969921
1783618394.639823914,-0.073136618,0.308054337,1.683609851
1783618394.646524429,-0.084519174,0.287201539,1.681513815
1783618394.648274183,-0.094987845,0.251865886,1.690096559
1783618394.649798632,-0.100180589,0.258179844,1.685684593
1783618394.651602983,-0.116579832,0.235157426,1.693805108
1783618394.653179646,-0.124674151,0.209742742,1.700694248
1783618394.658945084,-0.128228296,0.209608724,1.695485156
1783618394.660174847,-0.134200759,0.180362140,1.702992067
1783618394.661571026,-0.134352663,0.186722280,1.709178228
1783618394.663151264,-0.134960390,0.179674106,1.715876168
1783618394.664819002,-0.134626216,0.151356395,1.725465952
1783618394.668503761,-0.152620581,0.120875272,1.734231502
1783618394.671426773,-0.139893208,0.144869707,1.742662888
1783618394.673086882,-0.142023364,0.107550812,1.749725263
1783618394.674854279,-0.146537831,0.108085395,1.764861847
1783618394.676666498,-0.138527029,0.087611616,1.772975024
1783618394.678175211,-0.133485484,0.082561685,1.769152739
1783618394.683547020,-0.138589024,0.073913227,1.777236276
1783618394.684948683,-0.127571988,0.064166914,1.780592557
1783618394.686596155,-0.129541877,0.062839926,1.790023635
1783618394.688162088,-0.131063382,0.031435052,1.799573262
1783618394.689706087,-0.138501452,0.000103616,1.806855753
1783618394.696595192,-0.148473128,-0.007576680,1.823275285
1783618394.698309898,-0.156617537,-0.060131198,1.879605247
1783618394.699882746,-0.158466441,-0.104002754,1.891640171
1783618394.701488733,-0.172048577,-0.125193826,1.897198038
1783618394.703129530,-0.175636254,-0.128066165,1.892708168
1783618394.708852530,-0.174443099,-0.141597427,1.905208939
1783618394.709913969,-0.192340871,-0.229896576,1.911541209
1783618394.711457491,-0.200871353,-0.268373932,1.932341418
1783618394.713150501,-0.200782138,-0.314006689,1.934303699
1783618394.714916468,-0.210604017,-0.357828641,1.938624224
1783618394.721480846,-0.219383374,-0.379838951,1.941073830
1783618394.723209143,-0.220555688,-0.515424394,1.957041136
1783618394.724730492,-0.227949023,-0.562053244,1.965519029
1783618394.726586103,-0.222791864,-0.618719475,1.966730598
1783618394.728278875,-0.213171249,-0.641188942,1.981176457
1783618394.730769157,-0.215796151,-0.686234177,1.980794670
1783618394.731706142,-0.199054305,-0.773848808,1.996580302
1783618394.733940363,-0.187323963,-0.806152180,2.009119245
1783618394.734953165,-0.180192748,-0.852938372,2.016247775
1783618394.736479282,-0.163915101,-0.896382743,2.021151665
1783618394.738145351,-0.148055335,-0.920986475,2.045286132
1783618394.739703894,-0.137765165,-0.982170605,2.057826482
1783618394.746613264,-0.119123475,-1.036439356,2.073232328
1783618394.748091459,-0.079105960,-1.217466814,2.124917610
1783618394.749828577,-0.064039502,-1.271183333,2.129232688
1783618394.751577139,-0.037426105,-1.319699275,2.163160368
1783618394.753239632,-0.022277906,-1.371246245,2.182389098
1783618394.758889914,0.007046846,-1.445402682,2.184704057
1783618394.759958982,0.130743122,-1.712940451,2.225020173
1783618394.761505604,0.156014256,-1.776165074,2.253435724
1783618394.763286352,0.188425521,-1.878171657,2.274756307
1783618394.764707565,0.236858977,-1.974883026,2.288142539
1783618394.771446943,0.249437536,-2.061184552,2.331281895
1783618394.773154736,0.337058988,-2.444367400,2.484068332
1783618394.774887085,0.372852074,-2.557013152,2.534557153
1783618394.776529312,0.413454010,-2.668333458,2.598683549
1783618394.778351068,0.482325707,-2.759164603,2.557574782
1783618394.783960104,0.514532550,-2.952551538,2.644695972
1783618394.784897327,0.717188863,-3.553007161,2.819070335
1783618394.786529303,0.712215255,-3.766652523,2.955399272
1783618394.788056612,0.780749501,-3.893713317,3.001922977
1783618394.789724588,0.834325688,-4.036218325,3.038865628
1783618394.792058706,0.872586702,-4.206079946,3.115409437
1783618394.793250084,0.912711692,-4.434512018,3.210700785
1783618394.796518803,0.951463336,-4.640695102,3.276577127
1783618394.798202753,1.014840661,-4.825469385,3.352070227
1783618394.799857140,1.024979462,-5.012877094,3.444102312
1783618394.801516294,1.032410393,-5.184788354,3.505102456
1783618394.803174257,1.064961498,-5.349423538,3.581764852
1783618394.807470798,1.106348488,-5.543874909,3.656909320
1783618394.808284044,1.236714405,-6.105224000,3.881007983
1783618394.809980154,1.297345994,-6.309901095,3.972139494
1783618394.811378479,1.288711866,-6.497418293,4.075315910
1783618394.814098597,1.295232250,-6.668072657,4.174363651
1783618394.815088034,1.332917722,-6.845016205,4.277945335
1783618394.816539764,1.327750321,-7.060027281,4.403895258
1783618394.821481466,1.355651146,-7.236856389,4.491580139
1783618394.823206663,1.394742426,-7.586316174,4.690676930
1783618394.824769020,1.436134201,-7.743815438,4.760699122
1783618394.826615572,1.432368159,-7.874342319,4.851286355
1783618394.828067780,1.465541534,-8.017975515,4.923394350
1783618394.833994150,1.441025923,-8.140559410,5.000098291
1783618394.835028887,1.515312323,-8.485867766,5.184746070
1783618394.836482286,1.503525205,-8.526878029,5.237592283
1783618394.838135481,1.484616709,-8.573970842,5.284585061
1783618394.839715242,1.512181440,-8.647453411,5.313824095
1783618394.846526146,1.477398413,-8.694264361,5.370857041
1783618394.848274469,1.523525570,-8.850599649,5.457208304
1783618394.849732399,1.521820595,-8.871564921,5.504262115
1783618394.851547956,1.481044432,-8.909143871,5.556013219
1783618394.853215218,1.463430579,-8.949428977,5.601866742
1783618394.859041214,1.471542591,-8.951145722,5.616691044
1783618394.860231876,1.486452746,-8.820939612,5.605028399
1783618394.861552000,1.505558222,-8.765271700,5.590496207
1783618394.863217354,1.484633572,-8.678709651,5.579262961
1783618394.864838600,1.491444356,-8.530517673,5.528911687
1783618394.869468451,1.471698489,-8.404641423,5.515736619
1783618394.870280266,1.449738074,-8.167000214,5.415291274
1783618394.871415138,1.450454607,-8.033786473,5.364229842
1783618394.873237133,1.438832323,-7.915731634,5.328758017
1783618394.874765873,1.444715839,-7.805423209,5.278038473
1783618394.876597881,1.428166263,-7.688298407,5.245789881
1783618394.878307343,1.441290522,-7.573377950,5.202057205
1783618394.883939743,1.416726870,-7.468134248,5.165570998
1783618394.884950638,1.405484868,-7.220583628,5.053164995
1783618394.886452198,1.405938262,-7.094164566,5.015442719
1783618394.888202190,1.393535228,-6.986937044,4.984132673
1783618394.889754295,1.393366652,-6.906238737,4.938251988
1783618394.896541595,1.359539959,-6.798144543,4.907945136
1783618394.898242712,1.342166734,-6.511801733,4.781916281
1783618394.899914980,1.322655627,-6.420246203,4.770792337
1783618394.901519537,1.276937729,-6.347913320,4.757865233
1783618394.903276920,1.243021114,-6.258207955,4.744117378
1783618394.909135580,1.238718415,-6.167466158,4.711257814
1783618394.910382986,1.176704126,-5.815269651,4.548886443
1783618394.911451101,1.166669747,-5.732170727,4.503559274
1783618394.913206816,1.120497643,-5.629137815,4.477481536
1783618394.914898157,1.087937246,-5.504629287,4.448177976
1783618394.917146683,1.047589438,-5.403587701,4.429999687
1783618394.918050289,1.012218920,-5.311405273,4.380288626
1783618394.921440601,1.001174563,-5.194480740,4.325706501
1783618394.923169136,0.975898425,-5.056663165,4.288772457
1783618394.924937248,0.936355779,-4.926942483,4.254741877
1783618394.926584244,0.921068786,-4.811682961,4.190097887
1783618394.928299904,0.918754934,-4.672825528,4.130446652
1783618394.933030605,0.888553233,-4.538273797,4.092311053
1783618394.933957815,0.843829728,-4.129350723,3.891660802
1783618394.934977531,0.836718539,-3.975455784,3.819791029
1783618394.936444759,0.797733504,-3.837958181,3.770187848
1783618394.938091755,0.780502758,-3.662625511,3.705848814
1783618394.939711571,0.774600748,-3.490354339,3.628570728
1783618394.946544170,0.757425856,-3.326745647,3.565343440
1783618394.948317051,0.737462759,-2.845246040,3.336226045
1783618394.949879885,0.718642626,-2.684910710,3.262896039
1783618394.951547384,0.708352798,-2.524564544,3.200724702
1783618394.953214407,0.706026781,-2.364238768,3.135100934
1783618394.959002495,0.694786399,-2.210540389,3.077045695
1783618394.960182190,0.682369096,-1.762746602,2.881243016
1783618394.961490154,0.680581104,-1.641523514,2.831558262
1783618394.963229895,0.665682344,-1.502890325,2.763024979
1783618394.964878082,0.685405362,-1.363510204,2.711629515
1783618394.971469402,0.672794394,-1.238001484,2.668283869
1783618394.973247290,0.647276074,-0.802597983,2.499739150
1783618394.974782705,0.651497902,-0.697735535,2.459936399
1783618394.976587057,0.651998198,-0.609916842,2.434619947
1783618394.978267908,0.638471916,-0.536959326,2.404693297
1783618394.983974457,0.629668116,-0.466334355,2.378131180
1783618394.984925508,0.609475612,-0.267941455,2.312481462
1783618394.986575127,0.598007186,-0.210228304,2.295377445
1783618394.988027334,0.601293260,-0.149499823,2.280860002
1783618394.989909649,0.580920332,-0.110121684,2.257354570
1783618394.994172096,0.583339661,-0.082029005,2.238447128
1783618394.995182514,0.562120053,0.037547413,2.190317405
1783618394.996411562,0.555692744,0.054771545,2.179517853
1783618394.998125553,0.550204926,0.101700202,2.157539385
1783618394.999790668,0.542768751,0.124985352,2.131712411
1783618395.001495600,0.536428845,0.144484175,2.108455524
1783618395.003159761,0.513150077,0.158571559,2.103793270
1783618395.009040356,0.510078542,0.206298215,2.066781656
1783618395.010189056,0.480774321,0.244724257,2.013351510
1783618395.011520624,0.474295736,0.262210870,1.998427118
1783618395.013221502,0.455366623,0.269588965,1.979944828
1783618395.014902115,0.435113405,0.297001187,1.958705602
1783618395.021419287,0.419951892,0.307024284,1.959618236
1783618395.023083210,0.394996254,0.360383023,1.906109562
1783618395.024890423,0.377268138,0.374538751,1.892650351
1783618395.026581526,0.377743916,0.377207444,1.886516078
1783618395.028073311,0.366505850,0.386695800,1.877240535
1783618395.033928394,0.355686525,0.414782865,1.872146487
1783618395.034943581,0.339409666,0.485061847,1.821449210
1783618395.036495209,0.314402947,0.499641014,1.810088713
1783618395.038151264,0.301248539,0.522228732,1.805227746
1783618395.039927244,0.290233990,0.529670238,1.791980576
1783618395.046627283,0.278800096,0.523688629,1.788195618
1783618395.048131227,0.248137261,0.573980161,1.754431191
1783618395.049864531,0.221898802,0.569808113,1.753699708
1783618395.051517248,0.215840415,0.598644412,1.736074865
1783618395.053183317,0.186347214,0.588525334,1.750827995
1783618395.055501699,0.172340607,0.590369628,1.737343254
1783618395.056456089,0.154074482,0.604223963,1.726051915
1783618395.059034348,0.154297055,0.619263667,1.729002098
1783618395.060139894,0.127465917,0.616970701,1.713080635
1783618395.061445713,0.129952272,0.631775886,1.700274754
1783618395.063174963,0.106600376,0.623205620,1.699227735
1783618395.064854622,0.074754045,0.602210883,1.702632184
1783618395.071519375,0.068655898,0.600390942,1.692222019
1783618395.073277473,0.035446908,0.592398005,1.664017156
1783618395.074791908,0.037919261,0.594578617,1.674884727
1783618395.076598883,0.014905385,0.576479703,1.685089287
1783618395.078075409,0.005714499,0.562258750,1.686820604
1783618395.083911419,-0.011319881,0.573147634,1.677785497
1783618395.084889650,-0.021204516,0.567778747,1.696935730
1783618395.086592913,-0.036495483,0.559397208,1.707588487
1783618395.088050127,-0.060186878,0.516443914,1.710835416
1783618395.089712620,-0.058248646,0.515578293,1.702248840
1783618395.096527576,-0.077992412,0.515683895,1.717546772
1783618395.098269463,-0.097293870,0.488175610,1.719562153
1783618395.099719524,-0.104658900,0.469304989,1.721149575
1783618395.101541042,-0.113171401,0.445472817,1.729774061
1783618395.103234768,-0.133127749,0.433300646,1.726141037
1783618395.109034300,-0.124530003,0.434998031,1.727567528
1783618395.110189438,-0.143535753,0.392257406,1.732072116
1783618395.111487865,-0.152963440,0.360667858,1.728714389
1783618395.113150835,-0.175344319,0.349633017,1.726156722
1783618395.114765882,-0.182613532,0.341303781,1.732420794
1783618395.117401838,-0.197245531,0.312868125,1.732644821
1783618395.118382215,-0.207548502,0.286449519,1.737117756
1783618395.121448994,-0.214703416,0.284927914,1.745488534
1783618395.123160839,-0.228380373,0.259635103,1.746041478
1783618395.124922037,-0.256472036,0.220681837,1.749046925
1783618395.126565218,-0.254407455,0.223817682,1.751993145
1783618395.128212929,-0.269806760,0.196007010,1.764937214
1783618395.132796764,-0.292848459,0.157619950,1.771004736
1783618395.133625746,-0.322665432,0.105036092,1.782895830
1783618395.134919643,-0.334453733,0.073039536,1.790151058
1783618395.136548996,-0.348195016,0.058606848,1.787134724
1783618395.139078617,-0.370623138,0.019510377,1.793460504
1783618395.140095711,-0.366760844,0.018248593,1.786478557
1783618395.141551495,-0.383032355,-0.013422818,1.794953194
1783618395.146515846,-0.393102988,-0.048786882,1.793281082
1783618395.148317814,-0.403479343,-0.073641438,1.812586181
1783618395.149790287,-0.411869290,-0.102334304,1.810471985
1783618395.151408195,-0.428463374,-0.125585948,1.806205724
1783618395.153077126,-0.433496896,-0.135920870,1.812625102
1783618395.159023046,-0.447110277,-0.170568049,1.811855329
1783618395.160158396,-0.445887878,-0.203477534,1.796606904
1783618395.161442757,-0.451908252,-0.218586341,1.790874297
1783618395.163151264,-0.455624367,-0.239287198,1.793674491
1783618395.164823771,-0.472609862,-0.287972848,1.798231429
1783618395.171432018,-0.488870855,-0.322093030,1.792196854
1783618395.173071861,-0.503916169,-0.432906294,1.805371342
1783618395.174795628,-0.510364735,-0.462800192,1.794689128
1783618395.176614285,-0.508416587,-0.489607937,1.798667887
1783618395.178070307,-0.521958763,-0.548725821,1.792408242
1783618395.183992624,-0.525180405,-0.605029184,1.788079272
1783618395.185052872,-0.510044188,-0.757107154,1.762521817
1783618395.186535835,-0.502951097,-0.827275989,1.761927181
1783618395.188223124,-0.499979668,-0.898228922,1.753955954
1783618395.189759493,-0.489319386,-0.928823254,1.753182548
1783618395.194129944,-0.469537331,-0.981717575,1.757925114
1783618395.195123196,-0.462951300,-1.068679421,1.769347155
1783618395.196440697,-0.450553071,-1.107987792,1.782166959
1783618395.198101044,-0.441466791,-1.163878185,1.793757484
1783618395.199782133,-0.434196615,-1.226035530,1.797151697
1783618395.201480627,-0.419534647,-1.238309292,1.797747435
1783618395.203175545,-0.411834520,-1.300978027,1.805590903
1783618395.208964109,-0.405778503,-1.353458368,1.811213314
1783618395.210088491,-0.387052568,-1.428108940,1.828142802
1783618395.211397648,-0.386098357,-1.477745284,1.830253906
1783618395.213096380,-0.378714522,-1.521381411,1.834129460
1783618395.214762688,-0.368222882,-1.556344123,1.845581041
1783618395.221480131,-0.357500400,-1.621429885,1.859228929
1783618395.223100901,-0.311884948,-1.818059038,1.885477656
1783618395.224840403,-0.295376445,-1.851770369,1.888970284
1783618395.226574183,-0.285716145,-1.927083404,1.900532132
1783618395.228310585,-0.266084907,-2.006805511,1.899899221
1783618395.233918190,-0.245380939,-2.041581780,1.916647570
1783618395.234853029,-0.193688435,-2.238688864,1.936198241
1783618395.236488342,-0.174891726,-2.296048112,1.950710252
1783618395.239029884,-0.162531726,-2.370632678,1.960145669
1783618395.239969969,-0.119336782,-2.480573844,1.963584228
1783618395.241408825,-0.122553335,-2.539822840,1.989251610
1783618395.246546507,-0.075038656,-2.627542701,1.976730126
1783618395.248210430,-0.036788050,-2.779015818,2.012436158
1783618395.249895573,-0.012496691,-2.858119807,2.021930820
1783618395.251545668,0.005976005,-2.924870879,2.044270499
1783618395.253198147,0.027893272,-2.995883797,2.066146939
1783618395.256534100,0.062942892,-3.094858747,2.078963695
1783618395.259080648,0.113977566,-3.272728952,2.117681983
1783618395.260481358,0.173462939,-3.472081193,2.140130221
1783618395.261583567,0.215646876,-3.578966083,2.165324902
1783618395.263163328,0.230900690,-3.685550051,2.205645243
1783618395.264790535,0.258523955,-3.801768025,2.245857771
1783618395.271495342,0.294283020,-3.879924910,2.278098872
1783618395.273182631,0.367442648,-4.177926325,2.365908072
1783618395.274760962,0.416704018,-4.284852890,2.409608199
1783618395.276617289,0.423942974,-4.396149787,2.462125101
1783618395.278100491,0.465514803,-4.471799731,2.480493286
1783618395.283978224,0.470372706,-4.541531895,2.545964618
1783618395.285027981,0.569754902,-4.856145165,2.633765476
1783618395.286482573,0.587781911,-4.940532283,2.679175054
1783618395.288139820,0.617034772,-5.030370457,2.705112079
1783618395.289741993,0.648106409,-5.096027726,2.726045906
1783618395.296573400,0.638594259,-5.219824042,2.805147694
1783618395.298273087,0.725054251,-5.485487110,2.879020452
1783618395.299713612,0.743090905,-5.590540192,2.924864661
1783618395.301521301,0.731321259,-5.682712052,2.965986562
1783618395.303206921,0.746069307,-5.763054126,3.018769357
1783618395.309119940,0.774092514,-5.836852169,3.049969340
1783618395.310440302,0.827582978,-6.218427112,3.201644959
1783618395.311467409,0.853609354,-6.308986602,3.224879245
1783618395.313196421,0.857208795,-6.356511152,3.272608078
1783618395.314851522,0.856462741,-6.402389461,3.313761362
1783618395.318478823,0.842663655,-6.466556954,3.356425823
1783618395.321456909,0.849740405,-6.532837928,3.375229326
1783618395.323096514,0.885824152,-6.584379457,3.385548763
1783618395.324726105,0.882271102,-6.613103536,3.427766612
1783618395.326651096,0.863418732,-6.607125269,3.440506925
1783618395.328196049,0.882290556,-6.629745794,3.460846717
1783618395.333997965,0.846564363,-6.613248004,3.474376058
1783618395.335079193,0.841136956,-6.565804160,3.463042974
1783618395.336567402,0.842843660,-6.512096789,3.465426011
1783618395.338029623,0.847659568,-6.483246804,3.465687472
1783618395.339787245,0.829965736,-6.458581329,3.460022394
1783618395.346556187,0.805359425,-6.422607074,3.471840992
1783618395.348068714,0.808359280,-6.296362540,3.428361861
1783618395.349823713,0.812375063,-6.224877938,3.418494267
1783618395.351511002,0.809162230,-6.141989313,3.412967156
1783618395.353206635,0.802939886,-6.068872745,3.408968433
1783618395.358918428,0.794478804,-6.004019180,3.381530031
1783618395.360153198,0.786189359,-5.564532158,3.245241577
1783618395.361518383,0.798796401,-5.435759093,3.206741979
1783618395.363226175,0.802149208,-5.277614560,3.166611485
1783618395.364969730,0.797959749,-5.148048753,3.128358266
1783618395.371498823,0.775553654,-5.031196433,3.086113526
1783618395.373094559,0.784155797,-4.600055941,2.943051917
1783618395.374734163,0.766930565,-4.470701257,2.890540285
1783618395.376797915,0.762172869,-4.315647118,2.858266305
1783618395.378284931,0.754123054,-4.191580139,2.811793194
1783618395.380107641,0.724933372,-4.078929479,2.787039074
1783618395.383982658,0.714479399,-3.952700507,2.743961652
1783618395.385022402,0.676559519,-3.623929204,2.640169817
1783618395.386516094,0.656348060,-3.503362110,2.601528995
1783618395.388184547,0.637773192,-3.379629732,2.582827589
1783618395.389755011,0.624714214,-3.271350619,2.545279164
1783618395.395095825,0.592746028,-3.191777499,2.539100068
1783618395.396752119,0.566215373,-2.966828053,2.468582100
1783618395.398116112,0.552266439,-2.875044852,2.441952770
1783618395.399791479,0.515209973,-2.786512218,2.430756207
1783618395.401598215,0.498423581,-2.694016029,2.410163675
1783618395.403217316,0.489024442,-2.583793889,2.382834421
1783618395.408864260,0.469464632,-2.481604581,2.368623302
1783618395.410028696,0.428389784,-2.210793358,2.306932817
1783618395.411636591,0.415206367,-2.122395698,2.309484508
1783618395.413084507,0.395651841,-2.034978526,2.284810572
1783618395.414913893,0.389209081,-1.906470115,2.279065590
1783618395.421528101,0.380520986,-1.811698938,2.267762967
1783618395.423097610,0.356468985,-1.441767897,2.197505540
1783618395.424762726,0.355701258,-1.358600604,2.187580508
1783618395.426730394,0.348639374,-1.251157705,2.186393379
1783618395.428331614,0.350560463,-1.174769769,2.175189247
1783618395.433949709,0.347258114,-1.099704631,2.192048526
1783618395.434981823,0.343704868,-0.825225985,2.203663330
1783618395.436388493,0.340522680,-0.755029275,2.206658184
1783618395.438040018,0.342529470,-0.679066521,2.206588309
1783618395.439926147,0.351894469,-0.608809915,2.215426853
1783618395.446603060,0.345523789,-0.563529463,2.222822638
1783618395.448135853,0.359818068,-0.403102341,2.235076435
1783618395.449846506,0.352650540,-0.356063129,2.236703358
1783618395.451529980,0.358608164,-0.293138483,2.230514391
1783618395.453194618,0.369143252,-0.232467177,2.230653200
1783618395.456694603,0.366590830,-0.216183797,2.241370803
1783618395.458880186,0.370705202,-0.122334722,2.236659359
1783618395.460059166,0.371064788,-0.081452401,2.230610983
1783618395.461398363,0.372920272,-0.050090008,2.221292113
1783618395.463070154,0.372210856,0.001710946,2.213980567
1783618395.464907169,0.380670504,0.056545393,2.214519844
1783618395.471538544,0.384442983,0.094690046,2.212887658
1783618395.473166943,0.374237003,0.212506596,2.191635445
1783618395.474814892,0.362727136,0.236711636,2.187777564
1783618395.476646900,0.349505400,0.262298122,2.179378714
1783618395.478104591,0.351310695,0.297002138,2.175527668
1783618395.483981609,0.342675329,0.321110780,2.167194223
1783618395.485028505,0.321783754,0.395802620,2.152824267
1783618395.486502886,0.312268568,0.403189154,2.148853818
1783618395.488295317,0.286427725,0.435041868,2.139009515
1783618395.489878654,0.286516266,0.449709169,2.145595130
1783618395.496622324,0.265937628,0.471502503,2.137064029
1783618395.498159409,0.224089742,0.526720610,2.084843696
1783618395.499868870,0.211047209,0.563752646,2.073223048
1783618395.501545906,0.197159604,0.593966577,2.057960757
1783618395.503233194,0.166363348,0.592258741,2.054338036
1783618395.508843660,0.153046303,0.587240687,2.051205847
1783618395.509947062,0.114270583,0.650324978,2.025572262
1783618395.511504889,0.091534158,0.668830309,2.005429738
1783618395.513193369,0.077460493,0.693901714,1.994017228
1783618395.514729023,0.064442612,0.713707046,1.982951825
1783618395.518542767,0.053560051,0.719625947,1.966828831
1783618395.521504402,0.035393625,0.741607974,1.914105686
1783618395.523150921,0.015337038,0.751694552,1.877905793
1783618395.524786711,0.005389965,0.761303843,1.855433239
1783618395.526576281,-0.004926210,0.768808405,1.825428312
1783618395.528251410,-0.005363274,0.788881234,1.802422676
1783618395.533584118,-0.012949738,0.782374474,1.767397063
1783618395.534751415,0.000725126,0.834497052,1.698054672
1783618395.536463737,-0.013343170,0.825869170,1.672992891
1783618395.539075613,-0.015983455,0.843118837,1.647986999
1783618395.540042162,0.003704961,0.868043048,1.616385851
1783618395.541455030,-0.009530698,0.882053971,1.593616323
1783618395.546573162,0.000777731,0.901621925,1.576472712
1783618395.548091888,-0.003410940,0.901618758,1.551380047
1783618395.549899101,-0.013029522,0.910742967,1.521610129
1783618395.551606894,-0.013224874,0.927676520,1.508359808
1783618395.553066492,-0.017179121,0.931279897,1.489396776
1783618395.558866978,-0.025228360,0.910082759,1.479805399
1783618395.559887409,-0.029122614,0.910846700,1.424772555
1783618395.561557055,-0.029587073,0.921310469,1.414808255
1783618395.563047886,-0.026973300,0.934178813,1.408453154
1783618395.564719915,-0.032294873,0.925693454,1.398550446
1783618395.571429014,-0.030445726,0.909304616,1.394915612
1783618395.573107243,-0.031526673,0.916430999,1.374212783
1783618395.574840784,-0.035314464,0.923607765,1.366534654
1783618395.576697111,-0.019554290,0.921770671,1.364879505
1783618395.578227520,-0.021346510,0.922577700,1.367355726
1783618395.583941936,-0.026680317,0.906385974,1.357685332
1783618395.585003376,-0.006899444,0.908258750,1.342372075
1783618395.586493969,0.001870312,0.924137995,1.341469004
1783618395.588168621,0.006684696,0.918966237,1.339047347
1783618395.589735985,0.011252035,0.903467344,1.330086799
1783618395.595180273,0.014842916,0.901154022,1.330923687
1783618395.596455336,0.029708112,0.914773795,1.329616930
1783618395.598177910,0.041831076,0.908533797,1.320233303
1783618395.599896669,0.046207280,0.921653527,1.323242253
1783618395.601551294,0.043095429,0.927071177,1.328389693
1783618395.603232622,0.048672072,0.926656031,1.328297099
1783618395.608879089,0.052946446,0.935240635,1.320443774
1783618395.610108614,0.096830558,0.960844759,1.323975937
1783618395.611487865,0.107811969,0.981820715,1.324155895
1783618395.613215446,0.113750708,0.963434484,1.348926478
1783618395.614901304,0.106983751,0.968334309,1.344049630
1783618395.621377230,0.106451849,0.980591571,1.348866347
1783618395.623043299,0.118636492,0.997495530,1.353775459
1783618395.624805212,0.119443627,1.021860105,1.356394353
1783618395.626617908,0.133727913,1.046161217,1.347854117
1783618395.628065825,0.147109988,1.047325801,1.349719589
1783618395.633919001,0.144659134,1.050658437,1.353810132
1783618395.634851933,0.190900473,1.110097715,1.360544390
1783618395.636500120,0.192079330,1.129035390,1.352540828
1783618395.638082266,0.196309407,1.136130396,1.369811820
1783618395.639725924,0.204434189,1.141152765,1.362903590
1783618395.642119408,0.205204780,1.145707897,1.373986629
1783618395.643208504,0.217797508,1.163333487,1.373290217
1783618395.646553993,0.222594245,1.178181742,1.372954726
1783618395.648213148,0.233782336,1.187207143,1.366986764
1783618395.649906635,0.235141504,1.222287877,1.363383622
1783618395.651579857,0.241570957,1.247278227,1.365686404
1783618395.653268814,0.244489231,1.264288214,1.364137506
1783618395.658110857,0.260813691,1.275196937,1.363755309
1783618395.660043478,0.286460919,1.354755388,1.365730028
1783618395.661448717,0.284734137,1.355802244,1.377512070
1783618395.664107323,0.292868085,1.375632073,1.384184044
1783618395.665131807,0.323549665,1.421533772,1.384437013
1783618395.666364431,0.321907508,1.427207972,1.377888732
1783618395.671487808,0.324376998,1.452474261,1.388636679
1783618395.673228025,0.331210344,1.454601241,1.404769696
1783618395.674769402,0.329650468,1.464278293,1.409280472
1783618395.676580429,0.329996751,1.474694517,1.409926845
1783618395.678171873,0.329083636,1.470384090,1.418331625
1783618395.683892012,0.322428809,1.431966363,1.439669204
1783618395.684849977,0.338548337,1.380455950,1.464233791
1783618395.686497927,0.329606932,1.346333628,1.477504239
1783618395.688112020,0.322427779,1.337916155,1.482369283
1783618395.690156937,0.330871860,1.304005784,1.490908711
1783618395.696666718,0.334806200,1.223036175,1.509905445
1783618395.698165894,0.363552539,0.976690362,1.578588716
1783618395.699855804,0.369266873,0.899746697,1.601828156
1783618395.701555729,0.372367103,0.821319540,1.640674741
1783618395.703217506,0.386706425,0.716996469,1.677594923
1783618395.709022760,0.388279777,0.648044244,1.700460936
1783618395.710392952,0.448241495,0.301537410,1.837116613
1783618395.711491585,0.458751780,0.243084898,1.869152057
1783618395.713165522,0.474093567,0.166315727,1.901616701
1783618395.714892149,0.489282481,0.093536661,1.934185702
1783618395.716426611,0.505417394,0.060179616,1.961019888
1783618395.719909668,0.530714009,-0.010296153,1.993073501
1783618395.721643448,0.550477802,-0.091225890,2.027897970
1783618395.723088026,0.567512913,-0.141189601,2.061183424
1783618395.724850178,0.580663609,-0.203081628,2.101624323
1783618395.726617098,0.598960249,-0.286805845,2.156903757
1783618395.728092670,0.620019951,-0.373001886,2.199298318
1783618395.733931541,0.642183806,-0.446790529,2.240395719
1783618395.734928370,0.702447219,-0.691669896,2.382302011
1783618395.736420870,0.709785647,-0.863789086,2.437149989
1783618395.738099098,0.736728129,-0.796214450,2.375416225
1783618395.739764452,0.812840316,-0.904664771,2.436353677
1783618395.746662140,0.796353437,-0.964268475,2.472053452
1783618395.748106956,0.871678127,-1.434531754,2.629415284
1783618395.749792814,0.902685379,-1.505881483,2.622223338
1783618395.751509666,0.961317580,-1.599864511,2.638820741
1783618395.753180742,0.961151463,-1.727942562,2.705837198
1783618395.758862734,1.009374345,-1.842083767,2.723680079
1783618395.759976625,1.106349783,-2.255461232,2.882472952
1783618395.761512518,1.143201855,-2.408371834,2.921155499
1783618395.763205051,1.163988042,-2.562537974,2.985490603
1783618395.764764786,1.202061970,-2.729851223,3.036984040
1783618395.771556616,1.226231741,-2.895411307,3.122899512
1783618395.773247957,1.338762192,-3.589986934,3.412005644
1783618395.774787903,1.354885467,-3.770513921,3.485732236
1783618395.776624203,1.374608620,-3.889271220,3.548705146
1783618395.778234482,1.415862548,-4.006580790,3.585511368
1783618395.781727314,1.422501055,-4.128643100,3.645676275
1783618395.783911467,1.466690212,-4.362253782,3.736386118
1783618395.784852982,1.487215095,-4.476789909,3.786612677
1783618395.786556005,1.491712848,-4.597659508,3.821818105
1783618395.788093567,1.481890654,-4.718145554,3.865760593
1783618395.789772034,1.501464494,-4.833396310,3.915632898
1783618395.796629667,1.505181711,-4.920689990,3.966856837
1783618395.798185110,1.587659666,-5.303825979,4.123990753
1783618395.799707413,1.572178967,-5.398848811,4.181671970
1783618395.801549911,1.571724315,-5.507710913,4.237640163
1783618395.803235054,1.578038313,-5.593588062,4.274569275
1783618395.808835506,1.603030400,-5.663473097,4.319765230
1783618395.809928417,1.655362558,-5.909516313,4.437664279
1783618395.811464310,1.643939172,-5.994756433,4.495875454
1783618395.813139915,1.635491719,-6.089659439,4.526942683
1783618395.814805031,1.654086563,-6.147906589,4.547416695
1783618395.821459293,1.641993893,-6.191899490,4.587198873
1783618395.823105812,1.663771814,-6.349240288,4.669073200
1783618395.824894190,1.642848108,-6.392170217,4.691522156
1783618395.826580763,1.672033705,-6.403338492,4.667015649
1783618395.828241825,1.625125751,-6.441449472,4.679752716
1783618395.833966494,1.608786732,-6.440637862,4.690018440
1783618395.834979057,1.584263996,-6.532227285,4.694974041
1783618395.836412191,1.558111239,-6.539555827,4.682781534
1783618395.838073730,1.522443789,-6.531605274,4.661960991
1783618395.839736700,1.513414503,-6.528550645,4.632061325
1783618395.844575644,1.476376082,-6.510845900,4.638593178
1783618395.845563173,1.454355742,-6.476067247,4.573573804
1783618395.846398592,1.444946868,-6.455816011,4.550535528
1783618395.848041296,1.426045871,-6.449520094,4.525565854
1783618395.849694014,1.386479618,-6.444614082,4.507519130
1783618395.851547241,1.351645834,-6.384379804,4.479535384
1783618395.853123903,1.345669938,-6.348349852,4.457421008
1783618395.858911753,1.298399645,-6.313792968,4.442466721
1783618395.860074997,1.265134244,-6.142096129,4.339685588
1783618395.861494541,1.251949225,-6.096544950,4.292575876
1783618395.863224983,1.209857539,-6.014614473,4.258721757
1783618395.864864349,1.171608137,-5.922678600,4.237537391
1783618395.871467829,1.135716283,-5.840545043,4.216153164
1783618395.873252153,1.081877325,-5.597084002,4.119789652
1783618395.874773979,1.060942692,-5.516844238,4.063901762
1783618395.876529932,1.021846546,-5.425434635,4.038579291
1783618395.878201008,1.012903372,-5.328931355,3.990576487
1783618395.883928299,0.974648500,-5.242128096,3.969332814
1783618395.884928226,0.912299530,-4.995053493,3.823442108
1783618395.886379480,0.877336280,-4.901226257,3.790086500
1783618395.888105392,0.839063266,-4.830493091,3.792899934
1783618395.889732122,0.810909877,-4.783169947,3.765222183
1783618395.891986847,0.778128135,-4.710907828,3.743162298
1783618395.893099785,0.759446519,-4.647071300,3.720285332
1783618395.896520138,0.749177938,-4.556981249,3.678394180
1783618395.898226976,0.729110649,-4.485513861,3.641914262
1783618395.899890900,0.689091248,-4.413435593,3.633314417
1783618395.901524782,0.663431627,-4.295035580,3.605656686
1783618395.903186798,0.637894978,-4.188818774,3.588904260
1783618395.907500505,0.609282787,-4.117765550,3.547309712
1783618395.908372641,0.569001206,-3.838395156,3.428027099
1783618395.910051823,0.543465968,-3.752830937,3.388023049
1783618395.911600590,0.520870891,-3.633849990,3.367818343
1783618395.913087368,0.495891719,-3.535919004,3.349831587
1783618395.914910316,0.469430475,-3.439895895,3.329021192
1783618395.921525002,0.464306572,-3.331577739,3.284956121
1783618395.923082113,0.413432930,-3.062812658,3.177639988
1783618395.924708605,0.400001929,-2.933524829,3.143942232
1783618395.926837206,0.387398336,-2.833560159,3.121827163
1783618395.928248167,0.368344233,-2.726653608,3.076362142
1783618395.933942080,0.365758300,-2.599058933,3.043678270
1783618395.934885502,0.316293131,-2.131247111,2.870263144
1783618395.936527252,0.310008759,-2.011261419,2.829910715
1783618395.938074112,0.305438015,-1.894807085,2.799725391
1783618395.939882994,0.290169174,-1.767989920,2.747238093
1783618395.946573257,0.294890687,-1.631008384,2.698820678
1783618395.948290586,0.269861181,-1.289493688,2.571498540
1783618395.949748755,0.276471956,-1.163080066,2.527859852
1783618395.951524019,0.263166652,-1.069921747,2.499643087
1783618395.953210354,0.260356677,-0.962280362,2.452095610
1783618395.958902121,0.254968801,-0.865007092,2.424937802
1783618395.960046291,0.245494154,-0.596450729,2.329964368
1783618395.961596489,0.247783873,-0.501747519,2.305317494
1783618395.963031292,0.244937317,-0.435580301,2.275124864
1783618395.964918375,0.234424441,-0.388844664,2.265668335
1783618395.969600439,0.236814480,-0.310349753,2.236702028
1783618395.970491886,0.227306599,-0.155505603,2.207233678
1783618395.971431494,0.228977300,-0.087258415,2.191342513
1783618395.973169565,0.239624540,-0.083092536,2.198422649
1783618395.974913120,0.225765801,-0.055044579,2.187308549
1783618395.976659775,0.230626296,-0.005688991,2.171050583
1783618395.978307009,0.238046754,0.031368668,2.161131853
1783618395.983948469,0.230504833,0.057141760,2.145757765
1783618395.984922886,0.215439879,0.118674668,2.134805369
1783618395.986566305,0.211865718,0.119948224,2.130034555
1783618395.988107681,0.199366146,0.133477259,2.129604151
1783618395.989734888,0.202221456,0.167109317,2.100955921
1783618395.996573210,0.191247663,0.181309468,2.103825459
1783618395.998285532,0.177227738,0.257911390,2.099459266
1783618395.999739170,0.166810731,0.256670492,2.094869538
1783618396.001549482,0.162069350,0.286071760,2.082242047
1783618396.003238916,0.157842317,0.320316335,2.066412243
1783618396.008863449,0.154851254,0.327682699,2.065303343
1783618396.009962559,0.148145977,0.405261225,2.043026031
1783618396.011529446,0.147946399,0.421631207,2.023162281
1783618396.013180017,0.137556900,0.430729762,2.024492892
1783618396.014727592,0.132052726,0.451639769,2.013956368
1783618396.021497488,0.125561523,0.480253305,2.010501477
1783618396.023205996,0.119474538,0.553077915,2.004641517
1783618396.024717569,0.126185335,0.563926002,1.997124115
1783618396.026640892,0.097832391,0.569922576,1.998499130
1783618396.028072357,0.109035055,0.592218248,1.984905939
1783618396.031618118,0.108126541,0.619762735,1.983098628
1783618396.033962965,0.114921419,0.646803953,1.976217466
1783618396.034892797,0.117560169,0.686493818,1.951486934
1783618396.036475897,0.117194210,0.696735542,1.969873960
1783618396.038252115,0.111113598,0.684415335,1.961938359
1783618396.039785862,0.124763495,0.709132891,1.941858489
1783618396.046547413,0.127949312,0.733212955,1.947392041
1783618396.048116684,0.165996794,0.786693128,1.928590350
1783618396.049844742,0.161443697,0.780215091,1.936043496
1783618396.051557302,0.156100042,0.801682281,1.930690792
1783618396.053074837,0.168088193,0.819158356,1.945581663
1783618396.058887243,0.165180197,0.806578647,1.952686423
1783618396.059976339,0.181872355,0.839996322,1.971726857
1783618396.061519384,0.170432944,0.818319310,1.979183640
1783618396.063199282,0.159007612,0.809340662,1.993729509
1783618396.064739943,0.171628621,0.813845171,1.992707722
1783618396.071441889,0.160229383,0.809572470,2.002347338
1783618396.073142767,0.172794145,0.761398366,2.049634423
1783618396.074896097,0.178039397,0.749821090,2.064326960
1783618396.076672792,0.177804715,0.730137584,2.067345332
1783618396.078080654,0.183213033,0.752182578,2.077319600
1783618396.083937407,0.187276759,0.728186951,2.098658970
1783618396.084864616,0.200341468,0.701462313,2.125853838
1783618396.086569786,0.193440225,0.696803140,2.139826219
1783618396.088122368,0.191987225,0.663107550,2.156267682
1783618396.089767456,0.201427327,0.650469456,2.173425794
1783618396.093611717,0.200114686,0.655568910,2.184122971
1783618396.096578598,0.215135295,0.615505023,2.208862137
1783618396.098233461,0.244854265,0.640839534,2.195235581
1783618396.099905968,0.234065168,0.614250685,2.217388247
1783618396.101561308,0.217258521,0.588211103,2.235169170
1783618396.103228331,0.218692843,0.583066209,2.236942950
1783618396.108559132,0.230998145,0.577526820,2.246941380
1783618396.109910965,0.241909760,0.545182727,2.264784482
1783618396.111466408,0.229910064,0.522562644,2.284699862
1783618396.113110304,0.218638469,0.504463280,2.298740258
1783618396.114697218,0.233396741,0.507698118,2.295524240
1783618396.121516228,0.217684488,0.496276710,2.311312527
1783618396.123076916,0.240463690,0.484596500,2.344569814
1783618396.124803782,0.221535950,0.454085229,2.354675058
1783618396.126902103,0.202801393,0.435145908,2.371484016
1783618396.128309488,0.213667605,0.448598872,2.370557526
1783618396.133949041,0.197027884,0.430975799,2.386315335
1783618396.134884119,0.211527000,0.434493577,2.388147204
1783618396.136544943,0.193563237,0.411362407,2.389862676
1783618396.138095617,0.173945843,0.414636129,2.395292363
1783618396.139749050,0.189405174,0.432910099,2.397626075
1783618396.146584034,0.167957345,0.402850834,2.401550666
1783618396.148086548,0.188965510,0.429289827,2.390278079
1783618396.149822950,0.182221744,0.399041530,2.390541511
1783618396.151544333,0.152843420,0.393308333,2.388641383
1783618396.153208494,0.141700034,0.391044290,2.384168383
1783618396.155644178,0.149581949,0.378956489,2.387952936
1783618396.156543970,0.152410199,0.379037422,2.383704643
1783618396.158965588,0.149590406,0.396589450,2.365179270
1783618396.160079002,0.147595171,0.400973214,2.344978383
1783618396.161394119,0.145264256,0.417983677,2.341558544
1783618396.163077116,0.139825272,0.425403556,2.320147416
1783618396.164693832,0.136282797,0.429092633,2.319324364
1783618396.171497345,0.112027079,0.420656957,2.309497796
1783618396.173041344,0.110633330,0.436088701,2.276097270
1783618396.174909830,0.080405534,0.427404164,2.279947283
1783618396.176676989,0.079626109,0.428184308,2.256567233
1783618396.178062439,0.073091993,0.417567033,2.244805079
1783618396.183954716,0.063267888,0.419761340,2.237153138
1783618396.184885263,0.041155980,0.397205785,2.188074536
1783618396.186533213,0.028183089,0.375621251,2.173797764
1783618396.188158989,0.019964651,0.360939713,2.169719265
1783618396.189750910,0.012122771,0.336107645,2.159751283
1783618396.196624994,0.003996952,0.319712541,2.152576671
1783618396.198306322,-0.005539432,0.263693512,2.109636148
1783618396.199719191,-0.013557690,0.258255495,2.093506655
1783618396.201571465,-0.014500714,0.222329077,2.086668982
1783618396.203168869,-0.016846338,0.181593961,2.074118717
1783618396.209000587,-0.024682360,0.148995114,2.071130513
1783618396.210174322,-0.012496431,-0.080791131,2.056728309
1783618396.211466789,-0.009832608,-0.158876737,2.066031666
1783618396.213094711,-0.008172929,-0.247162635,2.077682617
1783618396.214703083,-0.019840301,-0.321330411,2.083200441
1783618396.219520569,-0.016195963,-0.396055951,2.097317785
1783618396.220383406,-0.001730821,-0.573545854,2.118390776
1783618396.221435308,-0.006413228,-0.666867629,2.129122565
1783618396.223229408,0.001415560,-0.743677456,2.134173388
1783618396.224746227,0.006292176,-0.840031835,2.147177929
1783618396.226628304,-0.000261101,-0.942132373,2.143637457
1783618396.228299379,0.016517418,-1.009712346,2.147560792
1783618396.233940601,0.016649289,-1.068061117,2.142735855
1783618396.234986067,0.032268559,-1.321894746,2.172330387
1783618396.236432076,0.048773368,-1.419412689,2.200998496
1783618396.238095284,0.049538075,-1.522593858,2.214728164
1783618396.239765167,0.078020671,-1.597139944,2.222843001
1783618396.246515512,0.082371931,-1.702467040,2.242769402
1783618396.248233318,0.131785823,-2.031873628,2.306165587
1783618396.249911785,0.145907646,-2.145618724,2.338834258
1783618396.251602650,0.152590409,-2.279720559,2.368197553
1783618396.253032684,0.172535447,-2.383653360,2.389128516
1783618396.258971691,0.184228412,-2.498133993,2.426108295
1783618396.260118484,0.255244000,-2.928509777,2.498322760
1783618396.261419296,0.271897691,-3.095602417,2.513150532
1783618396.263072014,0.277706770,-3.208912608,2.518161784
1783618396.264694691,0.272816886,-3.297788918,2.549554409
1783618396.271569490,0.302476502,-3.424813695,2.616798362
1783618396.273303986,0.368462092,-4.023187497,2.593550601
1783618396.274799824,0.361407375,-4.176082013,2.628853587
1783618396.276639700,0.369642425,-4.303037629,2.673077674
1783618396.278233290,0.406541198,-4.453755393,2.678020300
1783618396.281368256,0.410021384,-4.613183394,2.723249898
1783618396.282375574,0.465013976,-4.907352736,2.793008616
1783618396.283221722,0.505414126,-5.074766115,2.833636870
1783618396.284797668,0.527461361,-5.239927235,2.826009144
1783618396.286575079,0.504191331,-5.372828249,2.889791298
1783618396.289101839,0.494556993,-5.517464138,2.991096144
1783618396.290038347,0.529522396,-5.626032710,2.977685267
1783618396.291454554,0.527932653,-5.733222822,2.971151932
1783618396.296292782,0.568739958,-5.832766366,2.990416023
1783618396.297269583,0.609658826,-6.057584619,3.017817162
1783618396.298335791,0.635757740,-6.150413976,3.008270322
1783618396.299858332,0.607205825,-6.226642894,3.058723220
1783618396.301474571,0.593663327,-6.322232196,3.081358932
1783618396.303205490,0.579987164,-6.408727288,3.105944653
1783618396.308984041,0.597821927,-6.470096691,3.109763556
1783618396.310087919,0.638059467,-6.673296206,3.176083364
1783618396.311416388,0.660447829,-6.773644340,3.179138501
1783618396.313154936,0.649054567,-6.822723981,3.227295606
1783618396.314795494,0.632742321,-6.896180766,3.265227695
1783618396.321493864,0.605429101,-6.955140785,3.310529546
1783618396.323118210,0.655053125,-7.251177943,3.368123122
1783618396.324761868,0.636410502,-7.312087921,3.413787754
1783618396.326824427,0.604591847,-7.385083744,3.467283626
1783618396.328333855,0.617423078,-7.474480719,3.469986523
1783618396.333973408,0.601972965,-7.534706033,3.504644986
1783618396.334932089,0.635138051,-7.789279345,3.601048855
1783618396.336573124,0.616153369,-7.853669942,3.645531096
1783618396.338112116,0.598661271,-7.935596596,3.695630323
1783618396.339744568,0.596423668,-8.019980159,3.706701788
1783618396.341950178,0.573016495,-8.059977066,3.758057706
1783618396.343185425,0.577865719,-8.089047817,3.787874233
1783618396.346528292,0.579487896,-8.126283872,3.788290945
1783618396.348271608,0.601186185,-8.154619515,3.807031481
1783618396.349745512,0.568945692,-8.185790248,3.845723767
1783618396.351589203,0.539167090,-8.178461771,3.863447056
1783618396.353242636,0.518691183,-8.151588801,3.878309363
1783618396.357662201,0.524902195,-8.130106818,3.880633730
1783618396.358466625,0.511659359,-8.070911822,3.874332585
1783618396.360061169,0.520024747,-8.026495987,3.873320399
1783618396.361624718,0.500613511,-7.983015275,3.892928794
1783618396.363076448,0.483705553,-7.926748616,3.892217529
1783618396.364718676,0.493767395,-7.862532765,3.883012927
1783618396.371463060,0.473715680,-7.765644978,3.892164026
1783618396.373143673,0.473892836,-7.494694027,3.841901287
1783618396.374903917,0.465063308,-7.372039608,3.834042960
1783618396.376642942,0.464518315,-7.283043703,3.803145884
1783618396.378084898,0.464820310,-7.190282102,3.770307759
1783618396.383949518,0.443895416,-7.095163622,3.768825129
1783618396.384880066,0.428944008,-6.838957401,3.711499316
1783618396.386610508,0.418902256,-6.798093406,3.723658086
1783618396.388031960,0.398636112,-6.749146745,3.725619599
1783618396.389931917,0.393478496,-6.679165875,3.729213884
1783618396.396646500,0.379239891,-6.651037414,3.740248180
1783618396.398160219,0.361826832,-6.499926357,3.720328759
1783618396.399864197,0.341889218,-6.444817024,3.727288859
1783618396.401505947,0.304605496,-6.397605518,3.736189371
1783618396.403181076,0.282344720,-6.330549903,3.747262004
1783618396.404919863,0.278528641,-6.273453319,3.736092939
1783618396.409060717,0.269151596,-6.224901868,3.725088881
1783618396.410254717,0.244059899,-6.050735201,3.678131828
1783618396.411582947,0.239084824,-5.996246114,3.658197689
1783618396.413244963,0.208550124,-5.915031163,3.654803843
1783618396.414868593,0.181896828,-5.831294795,3.650664535
1783618396.419582605,0.149733735,-5.734700475,3.655848838
1783618396.420428038,0.129341730,-5.573418346,3.597835849
1783618396.421378374,0.122191571,-5.483698973,3.581054371
1783618396.423130512,0.094278348,-5.396795695,3.584866090
1783618396.424927711,0.059786148,-5.274058862,3.560710977
1783618396.426651716,0.055846930,-5.165758856,3.537225382
1783618396.428080797,0.062557779,-5.048675829,3.505682005
1783618396.433933496,0.025878139,-4.920172597,3.484870526
1783618396.434913635,0.022431551,-4.500264745,3.346661457
1783618396.436594486,-0.010281291,-4.347061038,3.303672193
1783618396.438041925,-0.018799610,-4.158391836,3.265038562
1783618396.439754248,-0.004979657,-3.982257707,3.194365982
1783618396.446643114,-0.015280270,-3.825119827,3.162684852
1783618396.448183298,-0.009394412,-3.326727512,2.962935559
1783618396.449899197,-0.009444245,-3.167688582,2.932214903
1783618396.451589108,-0.013704303,-3.006149681,2.879767556
1783618396.453319788,0.005228784,-2.844169188,2.819030932
1783618396.459055901,0.002718555,-2.687081769,2.783056316
1783618396.460278511,0.053900377,-2.094743108,2.573199548
1783618396.461585760,0.061861173,-1.964931637,2.520865945
1783618396.463049889,0.078317800,-1.801626463,2.473420008
1783618396.464915037,0.092544345,-1.669160899,2.438661593
1783618396.471435547,0.098268746,-1.555817051,2.399501633
1783618396.473267078,0.149114457,-1.176939283,2.284284228
1783618396.474786043,0.142644459,-1.064578801,2.248559128
1783618396.476651192,0.164428600,-0.964495551,2.234020953
1783618396.478147984,0.174296795,-0.862684837,2.215393873
1783618396.482423067,0.185755564,-0.758574758,2.172733611
1783618396.483293533,0.235258324,-0.511155291,2.126477942
1783618396.484907627,0.245314656,-0.440507590,2.112932232
1783618396.486433983,0.264207685,-0.360058851,2.104370547
1783618396.488994598,0.291350481,-0.298667675,2.096850064
1783618396.489923239,0.311826787,-0.243515523,2.079268748
1783618396.491466522,0.317745999,-0.184480132,2.072976134
1783618396.496626854,0.346604567,-0.112650770,2.055980012
1783618396.498093843,0.370811688,-0.044986059,2.060737395
1783618396.499831438,0.377940612,-0.012784984,2.053345039
1783618396.501508713,0.389422571,0.040049951,2.046396658
1783618396.503195047,0.387306943,0.055521928,2.055378649
1783618396.509032249,0.391411272,0.085745205,2.064225898
1783618396.510204077,0.402250757,0.200033951,2.057338292
1783618396.511496305,0.403538152,0.231875170,2.059045586
1783618396.513143539,0.405532532,0.257584869,2.088985282
1783618396.514791489,0.392351719,0.279271733,2.081225928
1783618396.521540880,0.395505077,0.295930988,2.082738576
1783618396.523093700,0.401225373,0.387708768,2.109196729
1783618396.524765730,0.385804561,0.400200616,2.111183348
1783618396.526778698,0.389416455,0.441105912,2.112851051
1783618396.528118372,0.398986787,0.491677104,2.107243512
1783618396.534010887,0.394264221,0.507088842,2.104553453
1783618396.534948111,0.440961179,0.637466846,2.073990651
1783618396.536379814,0.447479134,0.690158248,2.069471973
1783618396.538063288,0.444226674,0.735882593,2.071032311
1783618396.539731264,0.445542729,0.751782930,2.061625848
1783618396.545003414,0.438752049,0.779729772,2.052147025
1783618396.546521902,0.464143495,0.849382911,2.047173602
1783618396.548197508,0.464601421,0.870758575,2.036673565
1783618396.549889326,0.454644076,0.894355766,2.023818492
1783618396.551561594,0.456517409,0.931021382,2.016466943
1783618396.553232431,0.452751251,0.951044027,2.012006134
1783618396.558972597,0.455147246,0.963268301,1.997447815
1783618396.560211658,0.486772789,1.023738371,1.958438355
1783618396.561620712,0.489503508,1.048598581,1.940776294
1783618396.563077211,0.488926178,1.068769537,1.929107456
1783618396.564692974,0.482523833,1.083060903,1.916525612
1783618396.571514130,0.476099570,1.094602075,1.911191142
1783618396.573095083,0.510613130,1.163384152,1.851316233
1783618396.574746132,0.501190510,1.170198562,1.849856041
1783618396.576723814,0.499074553,1.198576026,1.833312103
1783618396.578227758,0.511330640,1.221938013,1.827609581
1783618396.583938599,0.504480354,1.226303188,1.819821008
1783618396.584872246,0.523363270,1.266942304,1.780610664
1783618396.586516857,0.511336746,1.279002324,1.759493258
1783618396.588042498,0.512033362,1.304074486,1.751276906
1783618396.589727163,0.503103485,1.316321968,1.736841603
1783618396.596638680,0.494599405,1.311188250,1.730408935
1783618396.598209381,0.515130770,1.346960352,1.662176097
1783618396.599932194,0.514982955,1.363232444,1.661079705
1783618396.601577520,0.516558776,1.364334078,1.654082295
1783618396.603244543,0.518236094,1.385304512,1.625654783
1783618396.607633591,0.532190465,1.408332924,1.621785233
1783618396.608812571,0.573362525,1.456310620,1.576820452
1783618396.609867811,0.602716016,1.482817145,1.553399420
1783618396.611594915,0.611093896,1.485935732,1.541584498
1783618396.613059044,0.612176331,1.513045069,1.525626342
1783618396.614934206,0.627067680,1.538149837,1.514922218
1783618396.621514320,0.618881475,1.548275106,1.503974785
1783618396.623072386,0.653225017,1.595999951,1.468570155
1783618396.624722719,0.649729063,1.602148273,1.455710758
1783618396.626619816,0.650344601,1.604914055,1.456411905
1783618396.628293753,0.666061585,1.638476608,1.436516746
1783618396.633979797,0.658775394,1.648968776,1.434864892
1783618396.634910583,0.695347034,1.694968456,1.385617677
1783618396.636553764,0.684410047,1.687277934,1.384015388
1783618396.638149500,0.669959993,1.685434703,1.378736926
1783618396.639707804,0.680682615,1.718497289,1.353839346
1783618396.646604538,0.664609927,1.711907880,1.362213024
1783618396.648269653,0.673678399,1.723987919,1.305936319
1783618396.649701595,0.652925514,1.712895604,1.299563849
1783618396.651632786,0.643727591,1.731453979,1.288130634
1783618396.653043509,0.639666174,1.731326755,1.288524871
1783618396.659066916,0.611970351,1.723286732,1.276187817
1783618396.660230875,0.618755557,1.720277701,1.238924413
1783618396.661527395,0.610022669,1.711420652,1.230706619
1783618396.663185120,0.591928161,1.722315100,1.229549737
1783618396.664784908,0.579615223,1.732650495,1.227496756
1783618396.669539452,0.559751752,1.723836955,1.228025090
1783618396.670357704,0.569463406,1.740065209,1.203870659
1783618396.671432495,0.572915747,1.737430030,1.200865796
1783618396.673230171,0.548202196,1.735793363,1.194138946
1783618396.674735069,0.551056674,1.760357438,1.182090860
1783618396.676625252,0.540275710,1.771486884,1.185315632
1783618396.678328753,0.552179331,1.779232583,1.183286377
1783618396.683968306,0.532242794,1.780338262,1.185453704
1783618396.684913158,0.547091232,1.823145998,1.179754566
1783618396.686592817,0.527442147,1.833720552,1.181897278
1783618396.688130140,0.516201539,1.867069400,1.182033802
1783618396.689783812,0.529165807,1.861607638,1.191390571
1783618396.696644545,0.502712551,1.891960913,1.178954836
1783618396.698081017,0.512326818,1.956598052,1.155280210
1783618396.699785233,0.496568750,1.975211053,1.150089519
1783618396.701596022,0.487351515,2.014188836,1.144371980
1783618396.703063011,0.492025416,2.025964413,1.128578311
1783618396.708992720,0.462381272,2.029397122,1.109575746
1783618396.710130930,0.466895423,2.007365835,1.100868200
1783618396.711411953,0.470751382,1.998255652,1.107854026
1783618396.713061571,0.446264372,1.995034644,1.116692383
1783618396.714697123,0.425490150,1.977979954,1.126385485
1783618396.721451998,0.402959198,1.976935972,1.129769077
1783618396.723228455,0.382948512,1.941478271,1.135731215
1783618396.724778414,0.378967858,1.933880526,1.131574882
1783618396.726607561,0.357742699,1.933379393,1.133167751
1783618396.728183031,0.350357674,1.922770696,1.145438025
1783618396.732340097,0.337489300,1.891374054,1.140838473
1783618396.733213902,0.323145207,1.862044454,1.130348663
1783618396.734823227,0.317241394,1.854885289,1.112127358
1783618396.736368656,0.295398818,1.855717774,1.111109964
1783618396.739083529,0.281615371,1.824350154,1.120849858
1783618396.740028858,0.276626035,1.806003001,1.101303829
1783618396.741434097,0.261936532,1.775501168,1.112166910
1783618396.746488333,0.252097520,1.764099914,1.108048997
1783618396.748109818,0.240345020,1.693770806,1.112629286
1783618396.750486612,0.230324873,1.674997340,1.125601112
1783618396.751444101,0.230015447,1.621971270,1.128717909
1783618396.753144741,0.210674143,1.577714432,1.126527496
1783618396.758980513,0.205188687,1.541936158,1.129521919
1783618396.760124207,0.213769517,1.335445403,1.182661534
1783618396.761446953,0.224141337,1.253854560,1.202664386
1783618396.763096809,0.222698686,1.170936634,1.227568473
1783618396.764771461,0.219292632,1.101373358,1.254029218
1783618396.771542072,0.227133629,1.021981752,1.294772201
1783618396.773049831,0.262744416,0.754734537,1.423571163
1783618396.774894476,0.268533601,0.665996409,1.475474142
1783618396.776664019,0.284623089,0.561614805,1.523594893
1783618396.778370380,0.294751331,0.480600621,1.570744319
1783618396.783950090,0.306078364,0.403283897,1.613467243
1783618396.784927130,0.382082699,0.069328961,1.782226205
1783618396.786583185,0.395354491,-0.038266963,1.836620845
1783618396.788125515,0.410027361,-0.121599758,1.880952297
1783618396.789767027,0.437252003,-0.193060098,1.933038661
1783618396.794203997,0.464587977,-0.288373437,1.988839976
1783618396.795185804,0.514082361,-0.473316350,2.101131122
1783618396.796484470,0.550458581,-0.546588053,2.146674613
1783618396.798159599,0.579398303,-0.623112569,2.203961423
1783618396.799829245,0.611246631,-0.693495079,2.254619043
1783618396.801588774,0.649824632,-0.754126539,2.304921208
1783618396.803248167,0.708481180,-0.813356176,2.357724509
1783618396.808955431,0.732483119,-0.898854435,2.417232099
1783618396.810126305,0.816660083,-1.052579654,2.495935519
1783618396.811403513,0.856482571,-1.129782252,2.561822353
1783618396.813038349,0.901258338,-1.211672019,2.603411023
1783618396.814764500,0.946182627,-1.262432205,2.641077153
1783618396.821551085,0.988520419,-1.332247001,2.696595928
1783618396.823108435,1.164150901,-1.759166461,2.856358524
1783618396.824856520,1.216507958,-1.842630865,2.927335550
1783618396.826705217,1.249248512,-1.972500225,3.025224267
1783618396.828092575,1.312158984,-2.110523848,3.094927435
1783618396.833966732,1.351483205,-2.260789893,3.185853586
1783618396.834899187,1.572238430,-2.853065929,3.520290280
1783618396.836554289,1.560128833,-3.109623318,3.755705167
1783618396.838124990,1.615615802,-3.293489590,3.889889916
1783618396.839813471,1.692340046,-3.522256860,4.011919499
1783618396.846597195,1.732334291,-3.720474816,4.155536941
1783618396.848300934,1.950443822,-4.496778952,4.599936724
1783618396.849745989,1.982154590,-4.653044017,4.710042451
1783618396.851578951,1.989066267,-4.761362421,4.801345066
1783618396.853245497,1.994877903,-4.914142372,4.893540631
1783618396.855629444,2.021446061,-5.000517613,4.944450130
1783618396.856547594,2.056866241,-5.110974798,4.997702305
1783618396.858999491,2.074162255,-5.221200297,5.046135076
1783618396.860154390,2.094387008,-5.290239159,5.074140877
1783618396.861467361,2.135403654,-5.370194611,5.111751035
1783618396.863110781,2.136095588,-5.453505849,5.182478638
1783618396.864721298,2.119857874,-5.545871739,5.244608443
1783618396.871577978,2.090004659,-5.606632950,5.301311400
1783618396.873269558,2.189134189,-6.009384741,5.518774434
1783618396.874732018,2.194461083,-6.083805257,5.602631726
1783618396.876582623,2.171995004,-6.159333152,5.676081960
1783618396.878124714,2.205378090,-6.252407950,5.709238203
1783618396.883904457,2.173128417,-6.299617303,5.767150232
1783618396.884830952,2.201245554,-6.390384957,5.777474111
1783618396.886457205,2.185641275,-6.392370036,5.788028018
1783618396.888085365,2.168950594,-6.413612393,5.814363899
1783618396.889739513,2.166256246,-6.446868368,5.805968745
1783618396.896684170,2.143744219,-6.466525351,5.821879314
1783618396.898136139,2.159114698,-6.611450739,5.892334701
1783618396.899823666,2.145934191,-6.614379938,5.909849618
1783618396.901618242,2.121890916,-6.643296738,5.935358195
1783618396.903041601,2.118270202,-6.675342764,5.934455202
1783618396.908984661,2.096365076,-6.673435012,5.952914983
1783618396.910115004,2.092547628,-6.761131686,5.970548007
1783618396.911393166,2.096816050,-6.776531517,5.970305693
1783618396.913063049,2.066821848,-6.765887346,5.989479910
1783618396.914782763,2.039039097,-6.760434779,5.990098923
1783618396.918205738,2.012998785,-6.724403600,5.992179267
1783618396.921540260,2.001823523,-6.680189556,5.953163750
1783618396.923075199,1.984798791,-6.620086766,5.907731331
1783618396.924725533,1.945168052,-6.567373449,5.903117388
1783618396.926675797,1.905631363,-6.540363672,5.919253032
1783618396.928243637,1.890359175,-6.527077699,5.902786594
1783618396.933231831,1.845536845,-6.473249043,5.903589128
1783618396.934893370,1.810627320,-6.385710156,5.840285449
1783618396.936382771,1.759615369,-6.315805509,5.854581539
1783618396.939087629,1.716813602,-6.267937956,5.854804355
1783618396.940002203,1.687583170,-6.165690648,5.819096078
1783618396.941420317,1.632545906,-6.092599569,5.833100525
1783618396.946589470,1.622916018,-6.040342506,5.793719649
1783618396.948199749,1.596536020,-5.941362206,5.775868664
1783618396.949883223,1.548816537,-5.873463369,5.787411721
1783618396.951627970,1.501943477,-5.786815949,5.797309845
1783618396.953265429,1.459351749,-5.687993998,5.792510118
1783618396.958974838,1.453759506,-5.592193941,5.757104155
1783618396.960087776,1.414918689,-5.239305686,5.578483647
1783618396.961360693,1.397857696,-5.153906039,5.534324550
1783618396.963041782,1.357760280,-5.054050371,5.520389199
1783618396.964718103,1.315716724,-4.915848781,5.502070809
1783618396.971466541,1.284432303,-4.820539721,5.494642387
1783618396.973103523,1.228594666,-4.518087208,5.389792429
1783618396.974864960,1.202294689,-4.418375993,5.369507073
1783618396.976675034,1.188887654,-4.328206609,5.321022835
1783618396.978298187,1.186813227,-4.233637141,5.279352075
1783618396.983993292,1.166337233,-4.123764301,5.259773588
1783618396.984935760,1.140532492,-3.810553756,5.135428148
1783618396.986618042,1.111555053,-3.714418965,5.117338898
1783618396.988039255,1.095130557,-3.595985335,5.092018330
1783618396.989734411,1.094027375,-3.488098859,5.050195726
1783618396.993649483,1.078380593,-3.402825292,5.036655605
1783618396.994750500,1.065353670,-3.280269390,4.968396424
1783618396.996542692,1.055233780,-3.167836757,4.921248654
1783618396.998191833,1.046634870,-3.073639745,4.886829934
1783618396.999857903,1.032114324,-2.952509988,4.845541779
1783618397.001586199,1.012049288,-2.825802126,4.808637712
1783618397.003041506,1.008834809,-2.715907294,4.761790467
1783618397.008667946,0.982161967,-2.612393714,4.723840715
1783618397.009989977,0.943425599,-2.286998266,4.598665718
1783618397.011529922,0.922338512,-2.179400678,4.549810917
1783618397.013171434,0.905668651,-2.077536944,4.512380665
1783618397.014781713,0.893006495,-1.969979377,4.478410351
1783618397.021496534,0.880801377,-1.864375075,4.434473845
1783618397.023269415,0.834090799,-1.466310868,4.229889601
1783618397.024828911,0.827438673,-1.355181054,4.168576661
1783618397.026694536,0.824896129,-1.243881924,4.110208398
1783618397.028267622,0.818986149,-1.145689403,4.051121021
1783618397.033972979,0.810305831,-1.051824814,3.981836515
1783618397.034901142,0.795379484,-0.674789688,3.687672611
1783618397.036615849,0.784351373,-0.561118761,3.600009957
1783618397.038043976,0.778330158,-0.469338633,3.521024266
1783618397.039765835,0.769852195,-0.408675692,3.459977881
1783618397.046584129,0.753496333,-0.351773007,3.401086913
1783618397.048072338,0.730669896,-0.164322526,3.216238456
1783618397.049789190,0.714767232,-0.089083776,3.140310101
1783618397.051614285,0.718646707,-0.011375468,3.053374425
1783618397.053267479,0.698382547,0.041444768,3.003904369
1783618397.055614948,0.687358460,0.084954746,2.942636656
1783618397.056535721,0.686908251,0.241336709,2.763255040
1783618397.059016705,0.665734490,0.280121199,2.716256595
1783618397.060187817,0.670380245,0.352246678,2.628316373
1783618397.061490297,0.669543534,0.421450265,2.560548920
1783618397.063167810,0.637778945,0.465523348,2.500344445
1783618397.064774752,0.620313507,0.521033589,2.420679818
1783618397.071323156,0.609406393,0.585759219,2.369319818
1783618397.072187185,0.584357935,0.733702697,2.167668592
1783618397.073184013,0.576229832,0.788731601,2.099741177
1783618397.074904919,0.540869805,0.818960515,2.038021999
1783618397.076568604,0.520909566,0.854577768,1.992462692
1783618397.078104973,0.504852517,0.927353871,1.918385655
1783618397.084012270,0.485356513,0.950469959,1.871691057
1783618397.084939480,0.456942361,1.097630719,1.688383396
1783618397.086572409,0.434027639,1.118809992,1.646444710
1783618397.088075876,0.412456657,1.160924792,1.591447148
1783618397.089794397,0.398229449,1.201145814,1.543024768
1783618397.096667528,0.369981542,1.211888367,1.505303128
1783618397.098164797,0.354019793,1.299823694,1.362486287
1783618397.099876881,0.318394648,1.304640993,1.327067360
1783618397.101589203,0.306292490,1.336080059,1.285427150
1783618397.103518963,0.295861583,1.355859912,1.246179392
1783618397.109201908,0.275648511,1.352256266,1.232208130
1783618397.110458612,0.252270486,1.421707606,1.105840273
1783618397.111486912,0.248066158,1.446155624,1.086822028
1783618397.113190889,0.229930294,1.437828493,1.090298354
1783618397.114812136,0.214216053,1.444565631,1.081336691
1783618397.117515802,0.204556473,1.457029720,1.078746563
1783618397.118398666,0.206116439,1.467586089,1.061842336
1783618397.121501207,0.202237435,1.455392957,1.061040475
1783618397.123080254,0.196094576,1.466106489,1.049814936
1783618397.124706030,0.181337062,1.469954266,1.043368144
1783618397.126620770,0.166527221,1.448033554,1.058286392
1783618397.128202677,0.154234701,1.444491270,1.056541468
1783618397.133089542,0.150300964,1.442259552,1.060387106
1783618397.134903193,0.138323366,1.447815993,1.024075915
1783618397.136410475,0.130701325,1.446906819,1.022768449
1783618397.139128447,0.115784321,1.417980743,1.028243361
1783618397.140075207,0.114812818,1.425919755,1.023197967
1783618397.141518831,0.096881800,1.410127994,1.026452745
1783618397.146578312,0.093138017,1.403550681,1.003390340
1783618397.148180008,0.096001749,1.410915981,0.998539145
1783618397.149888992,0.076831988,1.388421286,0.997794937
1783618397.151634932,0.065552043,1.398023711,0.983170469
1783618397.153099298,0.076130409,1.399591970,0.986296205
1783618397.159028053,0.062159334,1.379914252,0.980012739
1783618397.160192013,0.063082853,1.356526100,0.978311312
1783618397.161484003,0.043905222,1.337071001,0.972080254
1783618397.163128614,0.035645606,1.318235982,0.975894729
1783618397.164958239,0.030164347,1.291818737,0.999728075
1783618397.171517134,0.021701815,1.250785696,1.004786134
1783618397.173211098,-0.004869868,1.180533898,1.021370949
1783618397.174745083,-0.000673428,1.135987839,1.042820051
1783618397.176645517,-0.016839311,1.123540106,1.050796623
1783618397.178236008,-0.019270615,1.097980165,1.073100300
1783618397.183963537,-0.032657840,1.065492712,1.078483127
1783618397.184910297,-0.041863460,1.013699435,1.107554021
1783618397.186576843,-0.055998483,0.984143395,1.108996595
1783618397.188120604,-0.064190923,0.970507216,1.116771976
1783618397.189764738,-0.065838395,0.966076827,1.132100535
1783618397.194621325,-0.066981947,0.949063737,1.130806672
1783618397.195640087,-0.079175745,0.913390587,1.137908880
1783618397.196509600,-0.075400102,0.893362024,1.145402864
1783618397.198114395,-0.073252866,0.875175212,1.147112405
1783618397.199817896,-0.081124076,0.879146449,1.142258639
1783618397.201589108,-0.082019053,0.879126642,1.153317498
1783618397.203132391,-0.079063234,0.862333189,1.144983537
1783618397.208998203,-0.090115315,0.841825426,1.148815304
1783618397.210131645,-0.071002696,0.817592086,1.152316916
1783618397.211532116,-0.067426245,0.832244557,1.141255654
1783618397.213220596,-0.069419018,0.837030078,1.141964158
1783618397.214842081,-0.066101770,0.816337262,1.145025804
1783618397.221515894,-0.076886204,0.798452646,1.152763527
1783618397.223129988,-0.071954999,0.780117279,1.146939874
1783618397.224868774,-0.074795560,0.785990146,1.146629843
1783618397.226720095,-0.061385067,0.805271016,1.134602476
1783618397.228132963,-0.056886232,0.794657947,1.127463487
1783618397.233983755,-0.058482014,0.770942242,1.137075255
1783618397.234916925,-0.037677096,0.781698212,1.107644161
1783618397.236573935,-0.042678864,0.783642434,1.098117046
1783618397.238105297,-0.044646887,0.780332172,1.111720404
1783618397.239765167,-0.037019430,0.774404031,1.093480721
1783618397.246597290,-0.040761301,0.762789023,1.081100850
1783618397.248307705,-0.041312543,0.746118443,1.082618218
1783618397.249789238,-0.035044661,0.754325176,1.082350108
1783618397.251612186,-0.043834833,0.736372679,1.092071974
1783618397.253250599,-0.048316588,0.712766162,1.095674580
1783618397.256602049,-0.047539008,0.718236496,1.089628927
1783618397.259028196,-0.037519612,0.703634749,1.096706483
1783618397.260170221,-0.029256372,0.668515213,1.117674434
1783618397.261468649,-0.021796954,0.660819905,1.123454906
1783618397.263161898,-0.035465319,0.653716876,1.138499748
1783618397.264799118,-0.035786538,0.628141333,1.161401371
1783618397.271594763,-0.040303582,0.600190279,1.164239823
1783618397.273336887,-0.041228632,0.557256979,1.185363946
1783618397.275022507,-0.043380063,0.561162172,1.180188975
1783618397.276579380,-0.039548394,0.542248970,1.197072220
1783618397.278219938,-0.041494837,0.505047820,1.213136114
1783618397.284030199,-0.050468293,0.498767337,1.200717583
1783618397.285096169,-0.037743108,0.368539170,1.257091012
1783618397.286611319,-0.041100849,0.320129213,1.286669834
1783618397.288279295,-0.038912543,0.268060907,1.310111223
1783618397.289861917,-0.033278771,0.200432861,1.336882463
1783618397.296608686,-0.032192210,0.153917975,1.353456717
1783618397.298154354,-0.011277034,-0.089986930,1.444384150
1783618397.299864292,-0.008096309,-0.161530638,1.474778879
1783618397.301585436,-0.005443386,-0.261659535,1.510675928
1783618397.303246498,0.010706140,-0.380041919,1.542099521
1783618397.309138536,0.024972554,-0.491677867,1.588887884
1783618397.310304403,0.073059253,-0.909919255,1.755652810
1783618397.311610222,0.091337612,-1.010492106,1.800845331
1783618397.313078403,0.104095799,-1.136032410,1.849467234
1783618397.314728737,0.131199522,-1.251806202,1.889091829
1783618397.320585251,0.153025838,-1.345670417,1.936334290
1783618397.321534395,0.199715870,-1.539977606,2.033476423
1783618397.323115587,0.222139916,-1.651483538,2.075673813
1783618397.324773073,0.256492176,-1.738773399,2.131384331
1783618397.326653004,0.280670473,-1.832647521,2.185004162
1783618397.328137159,0.314834671,-1.941559741,2.237780003
1783618397.334006310,0.352289760,-2.047519073,2.291088087
1783618397.334986210,0.516482985,-2.569710590,2.544926853
1783618397.336400747,0.552072586,-2.729013534,2.623641405
1783618397.338063002,0.615442338,-2.908215798,2.767074287
1783618397.339776039,0.608821452,-3.081027524,2.779558581
1783618397.346659422,0.666780251,-3.116044011,2.752411830
1783618397.348164320,0.781413258,-3.692816633,3.012794632
1783618397.349881649,0.804216476,-3.854282899,3.104153149
1783618397.351638556,0.804977165,-3.992563857,3.175581009
1783618397.353132010,0.844851771,-4.174807003,3.243840448
1783618397.359090805,0.808711874,-4.286534095,3.357505142
1783618397.360321760,0.984966207,-4.965753247,3.637129523
1783618397.361629009,1.039148905,-5.119392620,3.711080592
1783618397.363092661,1.033233909,-5.250804604,3.793801519
1783618397.364706039,1.035771237,-5.385135854,3.866694405
1783618397.367478371,1.035834358,-5.476819757,3.940173714
1783618397.368397951,1.068096850,-5.597197513,3.999259426
1783618397.371491671,1.088315709,-5.735985263,4.061086293
1783618397.373185396,1.125598628,-5.862659987,4.108310937
1783618397.374859571,1.102329051,-5.966982407,4.177403860
1783618397.376662016,1.085156092,-6.033631763,4.233587959
1783618397.378301859,1.109583359,-6.145012601,4.276793179
1783618397.383074045,1.082113048,-6.239085747,4.343199855
1783618397.384733677,1.124544269,-6.469875762,4.416697239
1783618397.386468887,1.094220986,-6.534327600,4.455407140
1783618397.389053583,1.063364003,-6.600560677,4.517157732
1783618397.389990091,1.093491002,-6.749370848,4.578119179
1783618397.391408443,1.061725266,-6.817233562,4.630725416
1783618397.396631002,1.065798624,-6.876237714,4.653095900
1783618397.398288250,1.093967872,-7.033547864,4.712512603
1783618397.399789572,1.063181660,-7.114290920,4.769970661
1783618397.401632071,1.025906199,-7.157395518,4.813228577
1783618397.403049946,1.035165147,-7.221637624,4.832775291
1783618397.409042835,1.006329550,-7.280813059,4.894220390
1783618397.410196781,1.019608980,-7.467609829,4.972503898
1783618397.411493301,1.031291415,-7.533014014,5.007185636
1783618397.413170338,1.005902892,-7.583787032,5.049443553
1783618397.414762735,0.975213611,-7.632503240,5.097114964
1783618397.421552420,0.932557260,-7.668732791,5.160026058
1783618397.423075914,0.935134160,-7.874567494,5.250527316
1783618397.424721241,0.907371873,-7.920669227,5.293079477
1783618397.426791191,0.855430557,-7.963847960,5.330063221
1783618397.428085804,0.862683867,-7.999502168,5.336899677
1783618397.430088520,0.807395011,-8.022179039,5.380388627
1783618397.434031487,0.789313878,-8.086342581,5.413851021
1783618397.435000896,0.746467252,-8.148862969,5.451772639
1783618397.436430216,0.709567568,-8.176409333,5.493760357
1783618397.438149691,0.663086717,-8.207006428,5.539496843
1783618397.439820766,0.644381155,-8.247778306,5.559379286
1783618397.446249008,0.595460609,-8.244980767,5.600656722
1783618397.447248697,0.499793275,-8.252728963,5.678945428
1783618397.448298931,0.477822846,-8.236097702,5.699900710
1783618397.449791431,0.423112253,-8.222802140,5.722165272
1783618397.451412439,0.366693692,-8.159949299,5.730454130
1783618397.453196287,0.325323532,-8.111730019,5.746076899
1783618397.459013462,0.307892427,-8.087069040,5.750446556
1783618397.460141897,0.269736643,-8.016270498,5.744109156
1783618397.461424112,0.265168495,-7.975696937,5.732015249
1783618397.463198423,0.202073366,-7.916540014,5.748479979
1783618397.464847088,0.138130964,-7.852213879,5.760675574
1783618397.471528292,0.071001148,-7.766084521,5.776151135
1783618397.473173141,0.024963048,-7.480764474,5.604730098
1783618397.474827051,-0.034354380,-7.359626939,5.586222082
1783618397.476779699,-0.103780655,-7.251316311,5.585981667
1783618397.478286505,-0.112230822,-7.177433161,5.535963765
1783618397.479806900,-0.128475147,-7.125434426,5.493939369
1783618397.484031200,-0.192541212,-7.025392497,5.491487450
1783618397.484994411,-0.231174549,-6.833443259,5.380241622
1783618397.486458063,-0.292126479,-6.724320121,5.366235651
1783618397.488126516,-0.338346627,-6.622940665,5.354972580
1783618397.489808559,-0.356693877,-6.568362562,5.317924576
1783618397.492167711,-0.411387682,-6.478467729,5.312397569
1783618397.493237495,-0.418967423,-6.398779183,5.263653126
1783618397.496587276,-0.423244702,-6.318030881,5.223063523
1783618397.498230219,-0.436559610,-6.264318359,5.172388652
1783618397.499893188,-0.490845571,-6.151818123,5.147578464
1783618397.501619101,-0.533737074,-6.029913595,5.140220124
1783618397.503030062,-0.542459476,-5.940010534,5.093602644
1783618397.507540941,-0.575582741,-5.818547441,5.054283894
1783618397.508465528,-0.587245514,-5.522977970,4.886477485
1783618397.509985209,-0.603388511,-5.428467285,4.816956019
1783618397.511589766,-0.622123486,-5.294620845,4.782741524
1783618397.513078213,-0.646179526,-5.152535440,4.726066179
1783618397.514902115,-0.653473573,-5.043463498,4.667412943
1783618397.521520853,-0.668774020,-4.914432915,4.616268349
1783618397.523161888,-0.688950501,-4.544540109,4.432670931
1783618397.524914980,-0.713402018,-4.427624278,4.374242122
1783618397.526661158,-0.698055117,-4.298522167,4.303667133
1783618397.528298616,-0.703475286,-4.174117529,4.242012144
1783618397.533964396,-0.715382976,-4.057042189,4.198076747
1783618397.534889936,-0.706788628,-3.555126232,3.915149480
1783618397.536516428,-0.708140578,-3.412182155,3.854264922
1783618397.538037777,-0.707310064,-3.279643962,3.790148054
1783618397.539864302,-0.726068735,-3.178798871,3.735446136
1783618397.546750069,-0.714606808,-3.047846335,3.662598465
1783618397.548338413,-0.711127383,-2.705164243,3.479794664
1783618397.549801111,-0.706981996,-2.586863401,3.422970603
1783618397.551644564,-0.718031044,-2.487502626,3.384645964
1783618397.553280115,-0.707310563,-2.404172590,3.332593323
1783618397.559019089,-0.720976859,-2.303248836,3.277835312
1783618397.560266256,-0.718514214,-1.973359367,3.137535774
1783618397.561570168,-0.719563468,-1.886088190,3.086076429
1783618397.563207150,-0.708114540,-1.792031505,3.042514099
1783618397.564802408,-0.730434455,-1.756005408,3.033093058
1783618397.570596218,-0.734458250,-1.687330202,2.989374425
1783618397.571505547,-0.732043356,-1.481993185,2.896340875
1783618397.573242664,-0.727819950,-1.408287894,2.849760793
1783618397.574783802,-0.719897319,-1.338434983,2.819982485
1783618397.576687336,-0.725785317,-1.287094352,2.782690332
1783618397.578118324,-0.728522215,-1.226675546,2.750466536
1783618397.584029675,-0.720304741,-1.160275055,2.719009649
1783618397.584988594,-0.721504748,-0.974755148,2.635793406
1783618397.586448669,-0.717644159,-0.922719465,2.595635570
1783618397.588139296,-0.716407750,-0.879689798,2.561219935
1783618397.589841843,-0.715157220,-0.840200777,2.547056482
1783618397.596625328,-0.725897410,-0.794136671,2.510703010
1783618397.598178625,-0.719101226,-0.651605660,2.446661047
1783618397.599879026,-0.713532878,-0.596908111,2.414403643
1783618397.601459742,-0.703600831,-0.574174884,2.397082145
1783618397.603258848,-0.711154065,-0.535414919,2.391073163
1783618397.608996153,-0.713413025,-0.524157612,2.369316104
1783618397.610136986,-0.695581502,-0.387104186,2.297744683
1783618397.611428261,-0.695345537,-0.356179584,2.282121092
1783618397.613119602,-0.694136267,-0.323837151,2.256131553
1783618397.614747286,-0.686194919,-0.297745174,2.231496591
1783618397.616968393,-0.701498773,-0.301379880,2.227749905
1783618397.621496916,-0.699623645,-0.263787558,2.214978048
1783618397.623240232,-0.700157195,-0.210427068,2.185165813
1783618397.624766827,-0.692188225,-0.173388888,2.175027021
1783618397.626644373,-0.690382524,-0.159980894,2.166202979
1783618397.628213882,-0.693648227,-0.147577175,2.154509081
1783618397.632030249,-0.692128426,-0.131628127,2.134680007
1783618397.633954763,-0.690760065,-0.085042280,2.131977224
1783618397.634991646,-0.693865159,-0.081083334,2.127251535
1783618397.636488676,-0.700182255,-0.060031500,2.106501229
1783618397.638147593,-0.696648118,-0.032760358,2.092961174
1783618397.639787436,-0.697360575,-0.020896420,2.091094843
1783618397.646706820,-0.698404062,-0.015687447,2.073795137
1783618397.648350477,-0.704128102,0.063032695,2.042929438
1783618397.649744511,-0.703828196,0.087965320,2.029089839
1783618397.651467085,-0.719264019,0.083690862,2.037742044
1783618397.653100014,-0.731288151,0.064158296,2.026081536
1783618397.659033298,-0.734727657,0.063675388,2.018358860
1783618397.660225391,-0.729744191,0.077195953,2.006653760
1783618397.661552429,-0.743432189,0.094698763,1.996140291
1783618397.663295746,-0.730889661,0.104146919,1.990195942
1783618397.664899111,-0.755062496,0.054575333,1.996821628
1783618397.671506643,-0.757908375,0.054688443,1.982603134
1783618397.673238993,-0.742731735,0.102943219,1.958947000
1783618397.674767494,-0.725833706,0.120170092,1.949629608
1783618397.676720619,-0.736995062,0.102154597,1.934955183
1783618397.678276777,-0.722980013,0.122127274,1.928709615
1783618397.684237003,-0.722249829,0.128793202,1.923791498
1783618397.685230970,-0.694076151,0.174277894,1.881517150
1783618397.686445236,-0.687236694,0.169239477,1.887162188
1783618397.688143492,-0.694204814,0.175443579,1.876833803
1783618397.689826488,-0.683314096,0.209459769,1.849319361
1783618397.694863558,-0.674004091,0.191853788,1.854549746
1783618397.696570396,-0.670466473,0.187986473,1.847734980
1783618397.698205709,-0.663804021,0.209790915,1.839324532
1783618397.699854612,-0.657758756,0.219496708,1.843919058
1783618397.701584101,-0.649236393,0.217737889,1.835750993
1783618397.703254938,-0.640267683,0.234040062,1.836251564
1783618397.708967924,-0.633571398,0.253847696,1.829768147
1783618397.710127831,-0.618863650,0.292835735,1.825539790
1783618397.711459398,-0.593895994,0.319076542,1.834614032
1783618397.713162899,-0.594272923,0.313365128,1.835308807
1783618397.714807272,-0.593735536,0.325976405,1.830115669
1783618397.721576452,-0.590745405,0.341244772,1.828989202
1783618397.723037004,-0.569017684,0.346873136,1.823015130
1783618397.724761963,-0.563412600,0.361336290,1.826873661
1783618397.726709843,-0.554135642,0.358411594,1.833983085
1783618397.728201151,-0.558203245,0.342874889,1.838203876
1783618397.733985186,-0.550750993,0.342237960,1.845528457
1783618397.735034704,-0.543665345,0.344905361,1.868435009
1783618397.736541271,-0.545060145,0.350199780,1.874298717
1783618397.738234282,-0.539352667,0.346128553,1.874591706
1783618397.739903688,-0.534298113,0.340827357,1.883549949
1783618397.746889114,-0.530062851,0.328013019,1.887056535
1783618397.748105288,-0.506598547,0.309651602,1.910265961
1783618397.749913692,-0.505131113,0.294130397,1.917729856
1783618397.751451254,-0.503201732,0.293950395,1.920753655
1783618397.753053904,-0.509233201,0.278215915,1.927003598
1783618397.755568027,-0.515576064,0.240659289,1.925434849
1783618397.756540775,-0.514186019,0.235801128,1.930098159
1783618397.759010315,-0.512683939,0.235360909,1.939820193
1783618397.760221958,-0.512421704,0.177773949,1.957617909
1783618397.761532307,-0.517698775,0.178027255,1.959676966
1783618397.763182163,-0.521716984,0.158013459,1.974806993
1783618397.764789581,-0.528285619,0.109844248,1.987717974
1783618397.771012306,-0.533925494,0.078011926,1.978662652
1783618397.771882296,-0.527889234,0.009092600,2.006100447
1783618397.773140430,-0.521697847,-0.003055137,2.004392855
1783618397.774846315,-0.517916295,-0.028408932,2.009596829
1783618397.776698112,-0.531134196,-0.079204991,2.022605165
1783618397.778281212,-0.518648992,-0.115879571,2.026109287
1783618397.783907890,-0.521730546,-0.141177099,2.035627539
1783618397.784839869,-0.508737133,-0.243085741,2.067613433
1783618397.786556005,-0.510050187,-0.270687134,2.084590486
1783618397.788036108,-0.500929412,-0.323659148,2.097495905
1783618397.789861679,-0.511770022,-0.361607055,2.100885424
1783618397.796755314,-0.511611057,-0.394312105,2.106835936
1783618397.798190594,-0.514398617,-0.514026883,2.143404799
1783618397.799902678,-0.510332712,-0.559450634,2.146117203
1783618397.801614523,-0.514026410,-0.622202736,2.157970637
1783618397.803046227,-0.520614447,-0.680863097,2.165811584
1783618397.808962107,-0.520679522,-0.718174980,2.156363057
1783618397.810064554,-0.505762229,-0.927107584,2.208019605
1783618397.811631203,-0.500681398,-1.001191728,2.212053328
1783618397.813072205,-0.500612336,-1.080623165,2.232742571
1783618397.814858675,-0.496253672,-1.140874161,2.241264278
1783618397.817514420,-0.483466677,-1.200177997,2.263065294
1783618397.818488359,-0.471876768,-1.280149139,2.283481536
1783618397.821599960,-0.467212574,-1.355374059,2.301373798
1783618397.823253155,-0.455170374,-1.414613262,2.311957418
1783618397.824790955,-0.439291384,-1.479096438,2.340253994
1783618397.826594353,-0.429026725,-1.567709974,2.355024461
1783618397.828194380,-0.417716410,-1.645175530,2.377193680
1783618397.833468437,-0.403118908,-1.706869314,2.402318070
1783618397.834946156,-0.352297344,-1.913838288,2.452854718
1783618397.836377382,-0.313814244,-1.975633814,2.456199325
1783618397.839173555,-0.299253324,-2.063388955,2.482109203
1783618397.840117216,-0.257686864,-2.242539014,2.521304134
1783618397.841547012,-0.218907294,-2.328880807,2.543671120
1783618397.846541882,-0.188710846,-2.425816249,2.549931249
1783618397.848081350,-0.112196907,-2.622053655,2.604642861
1783618397.849942684,-0.085361879,-2.757659807,2.634364191
1783618397.851683617,-0.064878487,-2.870255625,2.662156866
1783618397.853137970,-0.024616298,-3.002044694,2.694143347
1783618397.859150171,-0.006687869,-3.152163352,2.756208465
1783618397.860251904,0.117052809,-3.791988805,2.920820084
1783618397.861586094,0.154520826,-3.953394075,2.958310557
1783618397.863038063,0.167240591,-4.120699306,3.036653544
1783618397.865121841,0.185507325,-4.259436485,3.082550156
1783618397.871500254,0.202807383,-4.358835565,3.100978417
1783618397.873221397,0.252288007,-4.727732294,3.236581263
1783618397.874782562,0.274391645,-4.852039194,3.268096706
1783618397.876672029,0.265286721,-4.980782673,3.336134098
1783618397.878236771,0.283351103,-5.092163141,3.375305210
1783618397.883984089,0.288467307,-5.204379911,3.438036243
1783618397.884942293,0.396926003,-5.713962438,3.636684990
1783618397.886359930,0.392032589,-5.854523527,3.704296486
1783618397.888048649,0.395611790,-5.943619518,3.771547722
1783618397.889772892,0.420676238,-6.065972063,3.816820717
1783618397.895188093,0.415971153,-6.209091826,3.903151256
1783618397.896470308,0.471422479,-6.451719092,3.970605473
1783618397.898101091,0.490906950,-6.606364498,4.025311718
1783618397.899772406,0.486157190,-6.744431451,4.097867344
1783618397.901522875,0.493876266,-6.853568081,4.168818872
1783618397.903198481,0.498181755,-6.961426525,4.248386305
1783618397.908936977,0.508877842,-7.107220255,4.307643405
1783618397.910017014,0.555396647,-7.448040036,4.444937921
1783618397.911376715,0.575730474,-7.558876526,4.483622190
1783618397.913072109,0.558784680,-7.646654352,4.555511048
1783618397.914831877,0.539818911,-7.732034532,4.638824269
1783618397.921523094,0.515118134,-7.784249511,4.697886194
1783618397.923160076,0.486238438,-8.082497040,4.874724468
1783618397.924933672,0.464908260,-8.129069833,4.928556903
1783618397.926574469,0.464250148,-8.160925309,4.953343840
1783618397.928136587,0.463090333,-8.198461708,4.969651865
1783618397.934059620,0.434058821,-8.227577530,5.006521908
1783618397.935058355,0.428361178,-8.341032952,5.018470115
1783618397.936509609,0.398753927,-8.338202346,5.034637715
1783618397.938160658,0.378211407,-8.345170601,5.069777805
1783618397.939816236,0.384115167,-8.358278827,5.068051981
1783618397.946639061,0.345450712,-8.347765139,5.086895037
1783618397.948146105,0.336547188,-8.278697597,5.049639654
1783618397.949825287,0.317516619,-8.241251837,5.055883589
1783618397.951633215,0.280559766,-8.184762585,5.053281104
1783618397.953042507,0.293925500,-8.117800261,5.030824964
1783618397.956230879,0.265467691,-8.047834704,5.025514281
1783618397.957117081,0.256050930,-7.926342041,4.967229402
1783618397.958973885,0.254213595,-7.863014274,4.956283347
1783618397.960083485,0.242256023,-7.831024570,4.938141032
1783618397.961381674,0.233175745,-7.779417579,4.930102977
1783618397.963119507,0.208013975,-7.707610020,4.921520960
1783618397.964898825,0.210400217,-7.652260792,4.902147699
1783618397.971496344,0.183790901,-7.599751777,4.913255010
1783618397.973210096,0.150025591,-7.459318991,4.899483115
1783618397.974818945,0.156946315,-7.417292936,4.885445499
1783618397.976788521,0.121556016,-7.357510701,4.911982142
1783618397.978107452,0.127385507,-7.319062151,4.911850644
1783618397.984092712,0.087392592,-7.252987243,4.919725615
1783618397.985033512,0.066022232,-6.994831574,4.840139603
1783618397.986441612,0.045747969,-6.887921988,4.846500061
1783618397.988137007,0.010578963,-6.804912003,4.854513843
1783618397.989798546,0.007940405,-6.708997719,4.812450308
1783618397.996606588,-0.017262567,-6.587825341,4.805347841
1783618397.998301506,-0.041309968,-6.319219301,4.694325008
1783618397.999753475,-0.061600440,-6.199930262,4.697860138
1783618398.001639128,-0.091961730,-6.087172607,4.700963838
1783618398.003107071,-0.103091382,-6.004975459,4.653474091
1783618398.009102583,-0.134420861,-5.875447886,4.644303388
1783618398.010207176,-0.149762544,-5.585415105,4.523081896
1783618398.011496305,-0.141976821,-5.456468992,4.466249220
1783618398.013171196,-0.167427702,-5.316427650,4.455219011
1783618398.014849186,-0.198912394,-5.198134221,4.438294330
1783618398.018059492,-0.225850312,-5.041177051,4.411586698
1783618398.021497250,-0.222219339,-4.766637339,4.301192452
1783618398.023180962,-0.232080446,-4.437434081,4.197708026
1783618398.024717808,-0.224641384,-4.279263835,4.129246036
1783618398.026618481,-0.235194236,-4.105751244,4.082550460
1783618398.028173447,-0.226860714,-3.948536327,4.016700949
1783618398.033057213,-0.224869527,-3.735901336,3.955865136
1783618398.034792185,-0.223477452,-3.247018546,3.741619894
1783618398.036417961,-0.214359493,-3.050612163,3.680225346
1783618398.039124489,-0.208302067,-2.876387336,3.623437474
1783618398.040060282,-0.197743323,-2.571095169,3.479434217
1783618398.041514397,-0.186515368,-2.406584112,3.432607395
1783618398.046520948,-0.181357357,-2.264363773,3.370196743
1783618398.048106670,-0.177267880,-2.008168242,3.245773418
1783618398.049802542,-0.180417336,-1.878263057,3.217593708
1783618398.051663160,-0.166094932,-1.753545071,3.168216401
1783618398.053265810,-0.166855527,-1.642011741,3.120381244
1783618398.059006691,-0.156480704,-1.524459998,3.077367024
1783618398.060101032,-0.132031429,-1.118349288,2.895845587
1783618398.061378241,-0.138384897,-1.035483250,2.864102418
1783618398.063057184,-0.131045671,-0.951701992,2.823160273
1783618398.064783096,-0.125253665,-0.850437837,2.775324722
1783618398.071500301,-0.125828758,-0.760901504,2.732387806
1783618398.073153257,-0.130475049,-0.537606449,2.635045584
1783618398.074718714,-0.126982616,-0.461816872,2.606226923
1783618398.076680660,-0.118716518,-0.404128276,2.576349361
1783618398.078197002,-0.126479657,-0.354642565,2.552508023
1783618398.083979607,-0.127403262,-0.283272429,2.522239228
1783618398.084950686,-0.147920402,-0.106986802,2.443681516
1783618398.086410284,-0.150058846,-0.078358093,2.424093517
1783618398.088056564,-0.166851790,-0.069730894,2.426092482
1783618398.089831829,-0.178205251,-0.031691039,2.389522079
1783618398.095329046,-0.175410569,0.000286435,2.374949961
1783618398.096418142,-0.200887591,0.027731609,2.372206100
1783618398.098032475,-0.211322408,0.075820420,2.341105817
1783618398.099924803,-0.226812105,0.079238628,2.338078238
1783618398.101695776,-0.237594641,0.092739535,2.335334541
1783618398.103238583,-0.260246363,0.113873126,2.327857715
1783618398.109085321,-0.269530382,0.143402400,2.306234716
1783618398.110335588,-0.310566331,0.229249249,2.264177814
1783618398.111394405,-0.329995005,0.227368501,2.258218011
1783618398.113161564,-0.356862440,0.212659863,2.257497529
1783618398.114824772,-0.377214901,0.229726643,2.243904957
1783618398.121431351,-0.395186904,0.251956402,2.230290915
1783618398.123064280,-0.444699589,0.271565311,2.213187877
1783618398.124903440,-0.460206941,0.298285503,2.186259895
1783618398.126674891,-0.469733984,0.305780323,2.195105790
1783618398.128236294,-0.488082358,0.317847086,2.178112623
1783618398.133965969,-0.511587664,0.326532661,2.163344269
1783618398.134918451,-0.552821058,0.376244234,2.122171573
1783618398.136542082,-0.572985549,0.383512970,2.113477089
1783618398.138070107,-0.589936094,0.382874458,2.100546538
1783618398.139810085,-0.606695207,0.373173520,2.099155566
1783618398.146743298,-0.630698013,0.370107722,2.082563748
1783618398.148249149,-0.618308818,0.397677587,2.069800746
1783618398.149726391,-0.653808630,0.390324483,2.052516216
1783618398.151657343,-0.666732428,0.382853348,2.052841709
1783618398.153087616,-0.671081320,0.365461032,2.060537219
1783618398.156697035,-0.684782047,0.350445707,2.060440321
1783618398.159145832,-0.679443771,0.377071850,2.039950848
1783618398.160312891,-0.680968255,0.357407864,2.046388217
1783618398.161652088,-0.682621846,0.370376478,2.042674499
1783618398.163111210,-0.679634225,0.385557714,2.018994563
1783618398.164789200,-0.684990304,0.357068581,2.025983266
1783618398.171502590,-0.687836842,0.365345052,1.999202959
1783618398.173090458,-0.673326100,0.375837361,1.995690791
1783618398.174806118,-0.668676853,0.380599039,1.984333662
1783618398.176701307,-0.672732418,0.382720494,1.989999041
1783618398.178235531,-0.661686930,0.390786190,1.975107115
1783618398.183998823,-0.660065605,0.383011437,1.965703201
1783618398.184920311,-0.627782967,0.400713896,1.940656747
1783618398.186561346,-0.615689435,0.424244321,1.922154872
1783618398.188063145,-0.605718481,0.419554756,1.913562544
1783618398.189818859,-0.602524607,0.413725711,1.909556308
1783618398.196674824,-0.595079496,0.416135323,1.899078196
1783618398.198150158,-0.566402671,0.428848559,1.894832345
1783618398.199872494,-0.568369404,0.416756218,1.899419139
1783618398.201576710,-0.554199304,0.441887193,1.868595783
1783618398.203250885,-0.546919943,0.444864976,1.875898365
1783618398.209040403,-0.542150651,0.426955928,1.878778974
1783618398.210171700,-0.511967403,0.441937305,1.878239562
1783618398.211458683,-0.509327307,0.432608000,1.874035731
1783618398.213162661,-0.501441948,0.425016543,1.878431410
1783618398.214808226,-0.491658528,0.430483772,1.876951710
1783618398.218580008,-0.489428784,0.413764791,1.879586771
1783618398.221495867,-0.470677254,0.416215153,1.875382415
1783618398.223197222,-0.459342840,0.377155049,1.882600637
1783618398.224821091,-0.468922989,0.377395267,1.884825936
1783618398.227020025,-0.458305590,0.362092738,1.884059410
1783618398.228046179,-0.444608894,0.369155175,1.888414203
1783618398.233945370,-0.451577329,0.347213856,1.897447069
1783618398.234896898,-0.438588721,0.329265243,1.892165175
1783618398.236573458,-0.436612615,0.296055320,1.900436954
1783618398.238106251,-0.449496236,0.265522572,1.901587684
1783618398.239786148,-0.436498839,0.284601393,1.894842771
1783618398.246656418,-0.443137644,0.248037805,1.906491454
1783618398.248088837,-0.425159820,0.212197784,1.918512399
1783618398.249730587,-0.433301464,0.175597818,1.914502669
1783618398.251630545,-0.437594005,0.140596031,1.918863791
1783618398.253057718,-0.433694417,0.163754900,1.909999525
1783618398.258951426,-0.430184498,0.145929874,1.921725385
1783618398.260060310,-0.426381957,0.139213434,1.917983198
1783618398.261590719,-0.437895322,0.095238722,1.922919372
1783618398.263065577,-0.433965152,0.102789614,1.922780665
1783618398.264834166,-0.432388130,0.084726485,1.923510446
1783618398.271457911,-0.436034420,0.069877739,1.922001970
1783618398.273087978,-0.431756912,0.027069390,1.941562857
1783618398.274895906,-0.436595525,-0.007267837,1.943332203
1783618398.276739836,-0.433235704,-0.013317816,1.943207013
1783618398.278052330,-0.432634469,-0.004767983,1.947208255
1783618398.284243345,-0.440371969,-0.033291253,1.937156293
1783618398.285426140,-0.444130453,-0.075810857,1.938362160
1783618398.286460400,-0.449361115,-0.099229427,1.945775442
1783618398.288228273,-0.453636027,-0.106653410,1.939662009
1783618398.289921045,-0.449410610,-0.128537120,1.946031835
1783618398.295356512,-0.458863246,-0.161889149,1.946302656
1783618398.296557665,-0.464125476,-0.201850206,1.956284099
1783618398.298258781,-0.462413013,-0.208049792,1.970013276
1783618398.299695492,-0.473498385,-0.240369621,1.964370789
1783618398.301717281,-0.490086983,-0.285658053,1.966838994
1783618398.303058624,-0.476439575,-0.291566274,1.981160701
1783618398.309094191,-0.485419311,-0.309239899,1.982307343
1783618398.310234308,-0.495925602,-0.358022177,1.998444293
1783618398.311596155,-0.491547214,-0.381234908,2.004811932
1783618398.313094139,-0.490518713,-0.420256671,1.994397466
1783618398.314751625,-0.492757615,-0.433950406,1.997034804
1783618398.321523428,-0.494793276,-0.462649255,1.995152653
1783618398.323181868,-0.497433414,-0.559473844,1.997421367
1783618398.324765444,-0.494888077,-0.594812767,1.989433294
1783618398.326723814,-0.496956800,-0.636891710,1.986042908
1783618398.328112125,-0.484583377,-0.663351294,1.986315088
1783618398.333990812,-0.486652005,-0.685894334,1.974631902
1783618398.334927797,-0.476109052,-0.854806964,1.979353644
1783618398.336546898,-0.479332983,-0.921341028,1.978280421
1783618398.338095188,-0.477711518,-0.987858842,1.979536633
1783618398.339782715,-0.479237227,-1.058390604,1.984263965
1783618398.346719742,-0.476561867,-1.124569147,1.975586676
1783618398.348310709,-0.468676143,-1.316778261,1.997257453
1783618398.349808455,-0.465509310,-1.368585523,1.994403173
1783618398.351605177,-0.461506273,-1.433155487,2.007617279
1783618398.353046656,-0.455764215,-1.490643333,2.012840979
1783618398.356004238,-0.455546232,-1.567116365,2.014242076
1783618398.356813431,-0.427874395,-1.685516881,2.028932780
1783618398.359174728,-0.413070216,-1.761156088,2.039720067
1783618398.360388517,-0.411606826,-1.883537149,2.065407536
1783618398.361445427,-0.394120575,-1.947573202,2.091031309
1783618398.363168001,-0.367252505,-2.036109671,2.107839700
1783618398.364838839,-0.338250254,-2.118184034,2.129132906
1783618398.371644497,-0.309613453,-2.120564687,2.096198289
1783618398.373045683,-0.216640503,-2.558841907,2.241311150
1783618398.374729395,-0.182343551,-2.661028574,2.250858546
1783618398.376740217,-0.145313175,-2.763678123,2.281230373
1783618398.378040075,-0.094008193,-2.891267531,2.317096618
1783618398.384003401,-0.075829595,-3.077178371,2.384735950
1783618398.384919882,0.105574251,-3.742239801,2.572219047
1783618398.386570454,0.133958466,-3.889131956,2.627396379
1783618398.388148785,0.157943265,-4.040052160,2.690180112
1783618398.389881372,0.194734439,-4.235228091,2.744224698
1783618398.396775961,0.209957361,-4.382495778,2.819688399
1783618398.398367882,0.335051066,-4.873688120,2.994574807
1783618398.399838686,0.355725579,-4.992421800,3.069412134
1783618398.401397705,0.370838799,-5.139439741,3.145822736
1783618398.403229952,0.378430306,-5.280751752,3.234119370
1783618398.409103394,0.411992262,-5.424192033,3.299047142
1783618398.410281420,0.593029186,-5.960884318,3.539800250
1783618398.411601305,0.635790660,-6.102693530,3.603643650
1783618398.413039923,0.638873398,-6.212000961,3.691178831
1783618398.414713144,0.659404694,-6.289103511,3.774462654
1783618398.419004202,0.668567107,-6.377373829,3.875420475
1783618398.419900894,0.748836214,-6.608417953,3.979900131
1783618398.421460152,0.790644548,-6.707591202,4.047549629
1783618398.423178673,0.794186034,-6.807774010,4.142121782
1783618398.424727678,0.840457929,-6.918003842,4.185295985
1783618398.426685572,0.854390046,-7.017410174,4.272874722
1783618398.428283215,0.884974298,-7.104668154,4.330371568
1783618398.433968306,0.897724652,-7.212192030,4.418893145
1783618398.434906006,1.020307329,-7.620199802,4.637681064
1783618398.436556578,1.037138382,-7.727809514,4.761161400
1783618398.438077450,1.037246468,-7.832520161,4.859255115
1783618398.439802408,1.059296863,-7.929355424,4.914619400
1783618398.446679592,1.060213225,-8.016493988,5.013435414
1783618398.448213816,1.101940861,-8.279524022,5.190726608
1783618398.449942827,1.096017341,-8.316374311,5.270832511
1783618398.451611519,1.079712171,-8.312079341,5.327161993
1783618398.453260899,1.059542058,-8.333784055,5.388013276
1783618398.459019661,1.056389629,-8.386145210,5.426847623
1783618398.460189819,1.075061206,-8.460474865,5.511505848
1783618398.461505175,1.074443549,-8.479518176,5.530453712
1783618398.463191509,1.062600177,-8.451417358,5.574769571
1783618398.464859724,1.051250211,-8.437222026,5.626867114
1783618398.466551781,1.003797257,-8.414820927,5.663469742
1783618398.471515894,0.988877262,-8.397195709,5.669076425
1783618398.473180532,0.981848375,-8.350874467,5.727942371
1783618398.474730730,0.998050399,-8.348767243,5.733036124
1783618398.476761818,0.961570920,-8.326127056,5.780592027
1783618398.478094339,0.993399367,-8.302784209,5.788830992
1783618398.481840611,0.954433302,-8.290318474,5.835504958
1783618398.484158754,0.937931816,-8.263165890,5.855087622
1783618398.485136032,0.908476402,-8.207144757,5.871826977
1783618398.486564636,0.908669984,-8.170333185,5.891965498
1783618398.488033772,0.930460616,-8.114252155,5.893780824
1783618398.489788532,0.933007680,-8.031242881,5.919370525
1783618398.496640921,0.887438121,-7.975784901,5.928401091
1783618398.498274326,0.889880916,-7.770786805,5.877057311
1783618398.499737501,0.848746869,-7.672395464,5.869556959
1783618398.501622915,0.839784423,-7.588565677,5.879099499
1783618398.503077984,0.862217212,-7.514148331,5.855744683
1783618398.509114265,0.812616273,-7.393628632,5.842725665
1783618398.510252237,0.751174730,-7.111635137,5.707714289
1783618398.511609554,0.774916827,-7.029823821,5.677942767
1783618398.513111115,0.754063322,-6.938215796,5.680331809
1783618398.514786482,0.730237624,-6.853086395,5.686719778
1783618398.521643400,0.689344028,-6.748032885,5.676826297
1783618398.523052692,0.670605427,-6.516836989,5.564802674
1783618398.524717093,0.644337132,-6.398191986,5.559937424
1783618398.526707888,0.606866936,-6.277407091,5.550137862
1783618398.528286695,0.603081905,-6.191454496,5.510425095
1783618398.533990860,0.556532828,-6.094467745,5.502602191
1783618398.534915209,0.534219255,-5.804083442,5.351670112
1783618398.536550999,0.497662498,-5.680372981,5.330117530
1783618398.538079262,0.481657441,-5.544011723,5.308439287
1783618398.539793253,0.476074533,-5.434110067,5.258782110
1783618398.542478561,0.439098460,-5.301042573,5.220258920
1783618398.543525219,0.434242772,-5.071754036,5.086857992
1783618398.546586037,0.427740189,-4.954422464,5.028030526
1783618398.548274279,0.418091147,-4.839751197,4.963080171
1783618398.549738407,0.397204483,-4.689457249,4.921099140
1783618398.551663160,0.382561918,-4.523111792,4.873698402
1783618398.553107738,0.370140418,-4.390615354,4.794381184
1783618398.557502985,0.356417500,-4.243526468,4.751281835
1783618398.558418036,0.344429076,-3.792128357,4.505273544
1783618398.559945822,0.343357271,-3.634420247,4.429755369
1783618398.561420441,0.344157747,-3.444336371,4.358627529
1783618398.563095808,0.338856689,-3.277780883,4.291247513
1783618398.564810038,0.329266919,-3.132042854,4.206368345
1783618398.571608543,0.337769609,-2.935287782,4.123524734
1783618398.573255539,0.343927092,-2.461245119,3.896611741
1783618398.574869871,0.343612122,-2.323397146,3.818242399
1783618398.576725245,0.348602062,-2.144572557,3.738007894
1783618398.578072309,0.357141923,-2.009567019,3.663915400
1783618398.584008694,0.352815955,-1.878433511,3.602824087
1783618398.584950686,0.375048373,-1.497751187,3.406722459
1783618398.586366892,0.376510081,-1.389531079,3.354609428
1783618398.588040113,0.377384730,-1.266848431,3.298890000
1783618398.589815617,0.384766041,-1.142149732,3.232924990
1783618398.596676111,0.390540897,-1.045294027,3.186608785
1783618398.598192692,0.389030795,-0.678742809,3.003348830
1783618398.599896908,0.376584274,-0.594807700,2.962491596
1783618398.601698637,0.387478647,-0.500573471,2.920496822
1783618398.603103638,0.383092613,-0.443436920,2.879911159
1783618398.605650187,0.379031769,-0.363556129,2.843923580
1783618398.606552601,0.383720382,-0.295742758,2.820666366
1783618398.609152079,0.384911571,-0.223260934,2.777673746
1783618398.610356092,0.369643734,-0.134559875,2.731984646
1783618398.611390352,0.373829937,-0.077146989,2.703934191
1783618398.613095045,0.369406651,-0.037043155,2.696977904
1783618398.614771366,0.356463675,-0.006241241,2.671531355
1783618398.621670485,0.343585659,0.034394656,2.654069098
1783618398.623170614,0.332918550,0.145538592,2.587038126
1783618398.625086546,0.321834507,0.198255374,2.568986946
1783618398.626412868,0.318418098,0.239656570,2.544383858
1783618398.628088951,0.317616392,0.262584679,2.539020823
1783618398.633944035,0.297119542,0.276141928,2.525065950
1783618398.634896755,0.266872078,0.356318271,2.491694710
1783618398.636544466,0.248913544,0.385497573,2.472675573
1783618398.638116121,0.231316181,0.411685030,2.458638888
1783618398.639777184,0.214290904,0.420397449,2.457908142
1783618398.646650076,0.191253287,0.421424682,2.456840363
1783618398.648123980,0.171908808,0.497551736,2.427598463
1783618398.649870396,0.141060305,0.512105292,2.430183373
1783618398.651732445,0.127316967,0.525987361,2.423575361
1783618398.653175116,0.115031494,0.563474939,2.405644673
1783618398.659150600,0.094836813,0.565353905,2.408552479
1783618398.660260439,0.058464850,0.638202964,2.400056911
1783618398.661546946,0.043468500,0.635184354,2.396219050
1783618398.663224697,0.023585289,0.667374115,2.383767508
1783618398.664873123,0.005911828,0.670030113,2.390727080
1783618398.668540716,-0.021122465,0.657823051,2.392369238
1783618398.671594381,-0.021109226,0.664626799,2.393655924
1783618398.673036337,-0.058148903,0.678141811,2.395286746
1783618398.674747467,-0.081937214,0.676196595,2.396151735
1783618398.676691771,-0.098395558,0.693901414,2.386563775
1783618398.678205490,-0.116011446,0.700877245,2.395926751
1783618398.684085608,-0.131894500,0.672176965,2.393868922
1783618398.685047865,-0.151353384,0.721628207,2.374423454
1783618398.686462164,-0.166073800,0.731629636,2.366665726
1783618398.688105583,-0.190903339,0.712567042,2.369838886
1783618398.689835072,-0.193046674,0.720306960,2.353680078
1783618398.696741581,-0.207408968,0.739490053,2.343444540
1783618398.698284626,-0.208001860,0.770893358,2.290214491
1783618398.699784517,-0.209265210,0.777764513,2.293058253
1783618398.701577187,-0.220831739,0.777632975,2.286832187
1783618398.703243971,-0.224595205,0.765717082,2.272197187
1783618398.709173203,-0.220147535,0.786934811,2.256493938
1783618398.710303307,-0.207351671,0.807140198,2.195881812
1783618398.711585283,-0.204538252,0.818739985,2.183432154
1783618398.713261604,-0.210726954,0.804128541,2.172166109
1783618398.714931488,-0.212449776,0.802349302,2.152841188
1783618398.721493006,-0.208248391,0.818805778,2.144729136
1783618398.723133087,-0.208604662,0.814476680,2.097596334
1783618398.724986315,-0.209789858,0.808101895,2.089321335
1783618398.726780891,-0.211919791,0.794298612,2.075753960
1783618398.728287458,-0.201746680,0.816381013,2.041484931
1783618398.731651068,-0.197218265,0.802746443,2.046727213
1783618398.734071255,-0.197664441,0.796648355,1.998398273
1783618398.735045433,-0.179730079,0.810234841,1.959008254
1783618398.736471653,-0.186277432,0.789950552,1.945287954
1783618398.738146067,-0.187957322,0.799905847,1.928902985
1783618398.739805698,-0.183245428,0.787415713,1.926555141
1783618398.746657848,-0.187946538,0.760510682,1.911988914
1783618398.748285294,-0.182994843,0.758664932,1.870056577
1783618398.750550032,-0.190572325,0.742467527,1.853709116
1783618398.751673698,-0.180436937,0.748480173,1.845208231
1783618398.753165007,-0.194973782,0.731112509,1.853972592
1783618398.754872084,-0.207136689,0.698754902,1.840768645
1783618398.759185314,-0.202470346,0.699840535,1.826745376
1783618398.760381460,-0.206698875,0.681900670,1.810249737
1783618398.761397600,-0.203981648,0.678863922,1.799292681
1783618398.763177395,-0.214074235,0.646681155,1.805476953
1783618398.764856100,-0.223179848,0.634040042,1.786540207
1783618398.771462917,-0.239121123,0.620409681,1.786374994
1783618398.773175955,-0.236665238,0.593954773,1.786638239
1783618398.774811983,-0.226240576,0.601346367,1.783404318
1783618398.776728153,-0.233392707,0.570804095,1.786738814
1783618398.778257370,-0.228941163,0.567697963,1.779435207
1783618398.784077406,-0.233995748,0.569223889,1.778097337
1783618398.785000801,-0.190106600,0.584127984,1.742569173
1783618398.786399841,-0.191285367,0.567989124,1.734684764
1783618398.788086176,-0.193019293,0.542695286,1.727779727
1783618398.789767265,-0.177808570,0.564330288,1.705759317
1783618398.793277025,-0.178520765,0.566446088,1.699142213
1783618398.797016144,-0.166654646,0.558992019,1.692366777
1783618398.798094988,-0.136946662,0.578506519,1.658508882
1783618398.799864292,-0.135166190,0.594514311,1.648871044
1783618398.801388979,-0.122856308,0.578166031,1.649405691
1783618398.803223372,-0.132952384,0.573598146,1.629573068
1783618398.809065104,-0.110495046,0.583665052,1.619762301
1783618398.810208082,-0.084289518,0.652550899,1.568347446
1783618398.811496973,-0.060024733,0.670247399,1.560751384
1783618398.813201666,-0.066386887,0.665562757,1.551447379
1783618398.814858913,-0.072329377,0.673177378,1.528432573
1783618398.821527719,-0.072567907,0.687379012,1.520004100
1783618398.823179722,-0.076542769,0.729132954,1.464437779
1783618398.824821711,-0.078790431,0.737180212,1.454869252
1783618398.826775074,-0.085158849,0.724636522,1.446056825
1783618398.828196287,-0.083948812,0.751552215,1.433405215
1783618398.834055185,-0.082850651,0.768830449,1.416143975
1783618398.835030317,-0.087765037,0.804395980,1.385232518
1783618398.836445093,-0.096292403,0.788203115,1.382667877
1783618398.838096380,-0.105139845,0.782381846,1.376341754
1783618398.839873314,-0.108274530,0.798081862,1.369711218
1783618398.846646786,-0.122299154,0.800773141,1.364716582
1783618398.848128080,-0.125405309,0.793046157,1.350679678
1783618398.849834442,-0.130767604,0.760320640,1.354165892
1783618398.851682186,-0.145350287,0.751596991,1.347828186
1783618398.853099585,-0.140315900,0.743807749,1.356695771
1783618398.855187654,-0.148648244,0.715101800,1.367246869
1783618398.859184027,-0.146459997,0.696003317,1.355739267
1783618398.860321283,-0.148485380,0.687653433,1.362729533
1783618398.861612558,-0.152669370,0.668007642,1.364611204
1783618398.863098621,-0.154800456,0.648969419,1.362805446
1783618398.864777327,-0.158850739,0.661195043,1.365360329
1783618398.870519161,-0.168108370,0.621470504,1.376094658
1783618398.871392250,-0.173138606,0.602886726,1.362129041
1783618398.873027802,-0.169773917,0.574312474,1.354019935
1783618398.874760151,-0.176122363,0.562259936,1.360062990
1783618398.876672983,-0.178164083,0.547230535,1.359155699
1783618398.878244877,-0.173733210,0.508536620,1.357611444
1783618398.884010315,-0.180879386,0.479478260,1.363071704
1783618398.884965897,-0.157575077,0.325657096,1.382716820
1783618398.886430264,-0.148085671,0.271001829,1.399277308
1783618398.888155222,-0.143236801,0.204938986,1.415824451
1783618398.889820814,-0.133985865,0.122261754,1.427310939
1783618398.896833181,-0.132367402,0.064958264,1.438099156
1783618398.898289204,-0.103667082,-0.177033986,1.473099431
1783618398.899769545,-0.090979334,-0.236863825,1.502073071
1783618398.901580095,-0.073648949,-0.327280200,1.521885614
1783618398.903077364,-0.062566289,-0.422864682,1.544534928
1783618398.909169674,-0.053568171,-0.496371121,1.566447696
1783618398.910391331,0.006461393,-0.800110247,1.656894372
1783618398.911433697,0.036458017,-0.876304166,1.672590388
1783618398.913161039,0.058873734,-0.952471990,1.698067501
1783618398.914839268,0.077698329,-0.990707307,1.720009856
1783618398.917518616,0.108170727,-1.045254082,1.741317653
1783618398.918475866,0.135224317,-1.136421303,1.770652822
1783618398.921652794,0.169071015,-1.193916515,1.803316539
1783618398.923259735,0.205275879,-1.266786370,1.832737590
1783618398.924823284,0.235338811,-1.327007897,1.869429017
1783618398.926708460,0.267408590,-1.381531048,1.908278516
1783618398.928185225,0.304627745,-1.451311375,1.944982342
1783618398.933481216,0.343169853,-1.515164824,1.991653061
1783618398.934937239,0.462083130,-1.784451468,2.131458680
1783618398.936384439,0.491552752,-1.882862086,2.191851142
1783618398.938047886,0.520083901,-1.972986826,2.248315264
1783618398.939783573,0.564396920,-2.066829958,2.297158887
1783618398.946639299,0.596387308,-2.163124475,2.377371581
1783618398.948090553,0.718459976,-2.608844716,2.598954250
1783618398.949950695,0.790238139,-2.725807522,2.636963817
1783618398.951672316,0.824836630,-2.894729782,2.781162552
1783618398.953152657,0.899947787,-3.001233819,2.807427624
1783618398.959107637,0.873811434,-3.072585155,2.836496450
1783618398.960242510,1.092625393,-3.669950430,3.100136017
1783618398.961519718,1.139095707,-3.796733078,3.175077711
1783618398.963195324,1.170586715,-3.984052014,3.286800608
1783618398.964898348,1.178854826,-4.119671562,3.378387541
1783618398.971595287,1.185833132,-4.283337495,3.496795361
1783618398.973232508,1.275955268,-4.772487487,3.803350289
1783618398.974829674,1.313584050,-4.908936707,3.870594778
1783618398.976848602,1.314445888,-5.042834570,3.972769657
1783618398.978080273,1.349165961,-5.170837877,4.045906290
1783618398.984182358,1.339978208,-5.295818284,4.173396941
1783618398.985143185,1.460944906,-5.754940717,4.411572854
1783618398.986559391,1.430912054,-5.850013692,4.490812503
1783618398.988218307,1.433231722,-5.911350914,4.572174273
1783618398.989878654,1.465611243,-6.000402048,4.623773765
1783618398.994678259,1.439827876,-6.070212914,4.685671970
1783618398.995659828,1.454751106,-6.238156899,4.799032244
1783618398.996514320,1.482727204,-6.334297193,4.856236504
1783618398.998064518,1.507877707,-6.432659299,4.905541617
1783618398.999711752,1.491538316,-6.493973358,4.993206650
1783618399.001676321,1.459925813,-6.543765642,5.058883866
1783618399.003231287,1.474369084,-6.624422565,5.113340244
1783618399.009099245,1.443067118,-6.691499114,5.189774985
1783618399.010279179,1.457650824,-6.884928474,5.312737449
1783618399.011561394,1.465913276,-6.947904471,5.362614276
1783618399.013087511,1.430375581,-6.998052735,5.439738819
1783618399.014790058,1.392470630,-7.051762613,5.505920574
1783618399.021660089,1.345266531,-7.104235598,5.568043295
1783618399.023052931,1.350415730,-7.309991619,5.713178829
1783618399.024874687,1.323588556,-7.367393510,5.801820438
1783618399.026899576,1.286927012,-7.438455093,5.892489941
1783618399.028225183,1.297791290,-7.499372437,5.938343000
1783618399.034036875,1.261508488,-7.545898507,6.011763548
1783618399.035011053,1.260277580,-7.726085902,6.203543741
1783618399.036503792,1.232610373,-7.759087266,6.266710447
1783618399.038189411,1.207053708,-7.806439411,6.339890493
1783618399.039888144,1.215231000,-7.826640286,6.374524658
1783618399.046601295,1.173586144,-7.838770878,6.445254193
1783618399.048304558,1.167194623,-7.916181963,6.529599105
1783618399.049719334,1.146523959,-7.900520970,6.584524090
1783618399.051695824,1.106364955,-7.903236621,6.616546364
1783618399.053056717,1.104037661,-7.881707636,6.615308042
1783618399.055695534,1.071512604,-7.839616065,6.640440126
1783618399.056590319,1.033325323,-7.785894651,6.611488595
1783618399.059129715,1.019484409,-7.743350957,6.588762681
1783618399.060308695,0.997800579,-7.695969389,6.580933994
1783618399.061623096,0.997210416,-7.651071843,6.566592372
1783618399.063094139,0.951633345,-7.573059631,6.572378052
1783618399.064806223,0.922183028,-7.480607274,6.578540025
1783618399.071513891,0.861015920,-7.391146939,6.566132194
1783618399.073250055,0.817319645,-7.199090764,6.513656961
1783618399.074785948,0.755626298,-7.113840264,6.514939495
1783618399.076800108,0.693923733,-7.035340862,6.521521743
1783618399.078230619,0.687811721,-6.954337370,6.490563073
1783618399.084024191,0.627008248,-6.870966299,6.500778772
1783618399.085014820,0.572993406,-6.645594865,6.388291957
1783618399.086450100,0.534070008,-6.528153775,6.385691744
1783618399.088159800,0.479502907,-6.420657239,6.371511411
1783618399.089828491,0.471550319,-6.335385721,6.335137795
1783618399.096765757,0.433337632,-6.206233625,6.304157153
1783618399.098222971,0.378781227,-5.861260118,6.109134100
1783618399.099703312,0.328359297,-5.753920291,6.086083128
1783618399.101739168,0.303478455,-5.636218618,6.065054345
1783618399.103078842,0.298661817,-5.526338593,6.013320979
1783618399.109214544,0.250732716,-5.435905559,6.002508185
1783618399.110345602,0.172805694,-5.100590532,5.805767376
1783618399.111625910,0.157082118,-5.007712846,5.770831727
1783618399.113060713,0.134439590,-4.889374490,5.748964248
1783618399.114731789,0.105259151,-4.800798738,5.749569481
1783618399.118701935,0.057635947,-4.711326262,5.727287904
1783618399.121590376,0.041054352,-4.628312539,5.686798155
1783618399.123259544,-0.014343590,-4.440080705,5.636262649
1783618399.124881744,-0.027034309,-4.356902260,5.599827739
1783618399.126734495,-0.062124964,-4.229868191,5.568840268
1783618399.128209352,-0.070068454,-4.130826602,5.523184766
1783618399.133647680,-0.109931674,-4.019390694,5.491789300
1783618399.134846687,-0.161688272,-3.698594477,5.324380442
1783618399.136575937,-0.179538050,-3.558155343,5.265525152
1783618399.138096809,-0.185384009,-3.416653841,5.213775416
1783618399.139856815,-0.191056804,-3.294423733,5.158180664
1783618399.146685123,-0.218283148,-3.169734658,5.104900696
1783618399.148160696,-0.262337166,-2.714077120,4.843146257
1783618399.149884939,-0.269376382,-2.572662541,4.783222598
1783618399.152847290,-0.263731708,-2.444261774,4.714820055
1783618399.153866053,-0.293566382,-2.227151455,4.574315413
1783618399.154837608,-0.297539335,-2.094928824,4.493748417
1783618399.159898996,-0.305251404,-1.981402319,4.428727630
1783618399.161533833,-0.320538427,-1.736695831,4.272219986
1783618399.163087368,-0.312387765,-1.622629942,4.202068969
1783618399.164985657,-0.326046408,-1.531171095,4.147642856
1783618399.166505098,-0.333825139,-1.432114620,4.078763144
1783618399.171743393,-0.315553519,-1.323337346,4.015030690
1783618399.173327923,-0.345321903,-1.062848303,3.831980284
1783618399.174838305,-0.332103569,-0.980299472,3.770475343
1783618399.176575422,-0.338674277,-0.914012817,3.716535676
1783618399.178144217,-0.336725918,-0.846041599,3.674616661
1783618399.184086323,-0.327858344,-0.778000177,3.619231522
1783618399.185172796,-0.342400570,-0.553121422,3.486496302
1783618399.186470032,-0.349452128,-0.508210277,3.455399134
1783618399.188188314,-0.352773986,-0.456939355,3.423352472
1783618399.189900160,-0.334828410,-0.419714264,3.394878897
1783618399.194203377,-0.336570288,-0.386071806,3.362398305
1783618399.195236683,-0.335117869,-0.292300864,3.297457716
1783618399.196629047,-0.328777642,-0.246943371,3.276406051
1783618399.198297739,-0.338057481,-0.229009766,3.253571467
1783618399.199820757,-0.330782289,-0.192800400,3.202363372
1783618399.201608896,-0.320536322,-0.156396364,3.176947629
1783618399.203268051,-0.319412288,-0.145388846,3.157204442
1783618399.209321976,-0.332393978,-0.148210433,3.173183033
1783618399.210657835,-0.323458379,-0.041165470,3.092874559
1783618399.211882830,-0.333412067,-0.013498568,3.069792375
1783618399.213324308,-0.322125886,0.031530723,3.043163346
1783618399.214737177,-0.322633025,0.041772891,3.030076063
1783618399.216500998,-0.321930425,0.050446151,3.018768788
1783618399.218255997,-0.315406688,0.083961292,2.998251172
1783618399.221550226,-0.317755988,0.110384859,2.989860802
1783618399.223083496,-0.303850149,0.139036634,2.980335952
1783618399.225087404,-0.308085689,0.144695420,2.974261664
1783618399.226841211,-0.309366973,0.163771810,2.958063886
1783618399.228404045,-0.307917703,0.190101095,2.953019715
1783618399.229780912,-0.311497543,0.204472006,2.939385929
1783618399.234068394,-0.310392050,0.223247599,2.936740992
1783618399.235121250,-0.302347460,0.302118332,2.891136592
1783618399.236448288,-0.303240957,0.326117531,2.859375087
1783618399.238305807,-0.309338488,0.327899821,2.850841985
1783618399.239821672,-0.305971068,0.344701435,2.834556740
1783618399.246807814,-0.310381146,0.347339736,2.828787539
1783618399.248058558,-0.290216800,0.384218184,2.817402038
1783618399.249874353,-0.310468317,0.379473778,2.798432824
1783618399.251456738,-0.320124977,0.368371592,2.799541210
1783618399.253279686,-0.327341505,0.371675529,2.798424476
1783618399.255645037,-0.328770926,0.373787898,2.801556578
1783618399.256639481,-0.323465137,0.383639659,2.793138618
1783618399.259233475,-0.318389295,0.396643748,2.791614707
1783618399.260542870,-0.321283363,0.395249557,2.775906389
1783618399.261636496,-0.333137997,0.408284197,2.759360456
1783618399.263056993,-0.331863585,0.405112511,2.746639713
1783618399.264796972,-0.352787209,0.401576680,2.731508993
1783618399.266535759,-0.365637654,0.371947269,2.732387340
1783618399.271709681,-0.367989766,0.389190588,2.709537590
1783618399.273161411,-0.367595459,0.380569019,2.691594573
1783618399.275054932,-0.379246260,0.390605747,2.660219885
1783618399.276588678,-0.400481809,0.390860534,2.644509471
1783618399.278209686,-0.397349749,0.371532743,2.629193786
1783618399.279715538,-0.410351126,0.357554319,2.623147246
1783618399.284178734,-0.412581481,0.379044086,2.599862116
1783618399.285365820,-0.406116769,0.387193998,2.533678269
1783618399.286410809,-0.406127743,0.381642282,2.527058619
1783618399.288471222,-0.417415195,0.357281918,2.516488512
1783618399.289972067,-0.424920092,0.377714738,2.490761547
1783618399.291656494,-0.415141647,0.382666158,2.476308027
1783618399.293281078,-0.421045226,0.362689310,2.464244519
1783618399.296782970,-0.417381371,0.355033696,2.437971454
1783618399.298175812,-0.420032275,0.358141622,2.421787485
1783618399.299776316,-0.421151119,0.350817499,2.410526024
1783618399.301572323,-0.434406177,0.330188617,2.401459178
1783618399.303236008,-0.434562466,0.329286939,2.383308110
1783618399.309271097,-0.422680203,0.333320891,2.370828787
1783618399.310626507,-0.407024985,0.312690840,2.338237955
1783618399.311691999,-0.414044330,0.298542880,2.328763785
1783618399.313252211,-0.410759251,0.292722958,2.324765579
1783618399.314910889,-0.414043158,0.276946207,2.325012686
1783618399.316461086,-0.419518983,0.264740416,2.316886680
1783618399.319162607,-0.422589559,0.256428072,2.299523242
1783618399.319978237,-0.402429453,0.267428318,2.296802813
1783618399.321587086,-0.409211487,0.256152416,2.290835635
1783618399.323041677,-0.395288967,0.237124252,2.294278843
1783618399.324744225,-0.400728744,0.231077183,2.282557592
1783618399.326700687,-0.401154091,0.212150916,2.280474817
1783618399.328069210,-0.405285883,0.205809368,2.264235465
1783618399.334022284,-0.399840169,0.195733097,2.260266562
1783618399.334984303,-0.385736309,0.179765652,2.260856897
1783618399.336400032,-0.395940079,0.170112956,2.251998004
1783618399.338060617,-0.390555023,0.152678325,2.250971807
1783618399.339824677,-0.396842084,0.138586894,2.244610448
1783618399.346767187,-0.389896653,0.130077499,2.232640441
1783618399.348286390,-0.355230321,0.124080554,2.214235728
1783618399.349810600,-0.354660878,0.112843804,2.206585404
1783618399.351396084,-0.357234335,0.098285794,2.195216764
1783618399.353200674,-0.361607608,0.088868282,2.196775960
1783618399.359277010,-0.345545303,0.082020924,2.205069022
1783618399.360525846,-0.322250155,0.089889724,2.200495862
1783618399.361596346,-0.315800854,0.098995311,2.207292021
1783618399.363091707,-0.310006926,0.092834275,2.206642924
1783618399.364756584,-0.312152639,0.071921156,2.205366390
1783618399.367225409,-0.315193286,0.067080013,2.202235654
1783618399.368160009,-0.305233674,0.081936996,2.208328574
1783618399.371571302,-0.293851784,0.079633673,2.217967321
1783618399.373120308,-0.290742886,0.064285250,2.212082794
1783618399.374924183,-0.292579667,0.067683987,2.212271591
1783618399.376754999,-0.286070614,0.058786692,2.216564698
1783618399.378274202,-0.294507832,0.049134541,2.210519560
1783618399.383166313,-0.295431181,0.044015053,2.212410198
1783618399.384810686,-0.266690002,0.030836033,2.226882141
1783618399.386608124,-0.278736064,0.036245333,2.219364106
1783618399.388052940,-0.266418396,0.036487742,2.224609091
1783618399.389824629,-0.272494428,0.025761301,2.238204256
1783618399.396772146,-0.272270437,0.023715115,2.234014628
1783618399.398262501,-0.260157616,0.070851577,2.243379494
1783618399.399793863,-0.261748765,0.059457152,2.257766400
1783618399.401409388,-0.267707970,0.037039459,2.266438247
1783618399.403278351,-0.281050622,0.046830218,2.262080297
1783618399.409122229,-0.281524944,0.047226692,2.284222648
1783618399.410264492,-0.294550091,0.013386746,2.328486117
1783618399.411577463,-0.300066353,0.004723073,2.328217142
1783618399.413058281,-0.324056983,0.002441601,2.337130003
1783618399.414776087,-0.327980429,-0.026444694,2.338011035
1783618399.421673059,-0.346593953,-0.044730220,2.336873247
1783618399.423074245,-0.353541589,-0.067973663,2.320956115
1783618399.424818516,-0.366920726,-0.081104855,2.314393079
1783618399.426732302,-0.373127415,-0.078898874,2.315915847
1783618399.428133488,-0.380157116,-0.105821204,2.336818444
1783618399.434062481,-0.380184410,-0.137409468,2.322740610
1783618399.435047388,-0.386865249,-0.219349720,2.340461636
1783618399.436514378,-0.395621287,-0.240547008,2.339897208
1783618399.438195467,-0.397832673,-0.282672810,2.347071087
1783618399.439871311,-0.401071172,-0.335496999,2.348791160
1783618399.444446802,-0.401400370,-0.368235512,2.355527406
1783618399.445423365,-0.378839580,-0.467621073,2.372793398
1783618399.446367025,-0.376555841,-0.494325586,2.391966133
1783618399.448095083,-0.370715197,-0.537516995,2.402177943
1783618399.449739695,-0.364396070,-0.624720369,2.447321885
1783618399.451677799,-0.362770361,-0.677209477,2.455752509
1783618399.453259945,-0.362106665,-0.733901361,2.481673902
1783618399.459173918,-0.359534299,-0.817611249,2.532447239
1783618399.460408688,-0.327236201,-1.057348206,2.634167290
1783618399.461433649,-0.319164018,-1.161775448,2.664697058
1783618399.463196516,-0.318035014,-1.243421769,2.689719589
1783618399.464865923,-0.305665497,-1.312836656,2.736391817
1783618399.471623182,-0.291871945,-1.415278007,2.777932659
1783618399.473097563,-0.220739032,-1.685863169,2.898981961
1783618399.474786282,-0.198058062,-1.795331226,2.942647152
1783618399.476856232,-0.167756289,-1.862498644,2.988193712
1783618399.478257418,-0.138499113,-1.957000430,3.033546549
1783618399.484082460,-0.093315470,-2.042500992,3.088145514
1783618399.485026121,0.081386984,-2.392681113,3.226604649
1783618399.486432314,0.120826787,-2.468476046,3.272878412
1783618399.488085508,0.160304042,-2.548356451,3.321948455
1783618399.489853144,0.208763828,-2.672494256,3.354760696
1783618399.496833324,0.241227489,-2.738377327,3.408523459
1783618399.498063087,0.387465986,-3.050140080,3.534789963
1783618399.499860287,0.413497763,-3.148714024,3.604363325
1783618399.501404524,0.444626450,-3.271078203,3.667324203
1783618399.503199100,0.467121022,-3.379326426,3.728673867
1783618399.507282257,0.516184190,-3.492789257,3.796267035
1783618399.508298397,0.615223467,-3.765028363,3.924131477
1783618399.509819508,0.665232752,-3.874694167,3.963781834
1783618399.511663914,0.675914325,-4.013819933,4.065402447
1783618399.513164759,0.683521945,-4.002864832,4.054966060
1783618399.514839172,0.720870328,-4.098997827,4.064039535
1783618399.521642685,0.766318034,-4.371475226,4.295884078
1783618399.523104906,0.984342700,-4.851145069,4.522298311
1783618399.524843693,1.007393787,-4.955857299,4.611944691
1783618399.526718855,1.032544445,-5.036622328,4.679201143
1783618399.528241396,1.091021655,-5.175648748,4.772621873
1783618399.533976078,1.096258296,-5.343063855,4.899583670
1783618399.534939528,1.234660964,-5.700367003,5.153679122
1783618399.536581039,1.259337039,-5.847920448,5.267087604
1783618399.538142443,1.257380720,-5.962212328,5.385795021
1783618399.539849997,1.334549085,-6.090637134,5.457258119
1783618399.546672821,1.321651535,-6.231036135,5.570496154
1783618399.548177719,1.499426240,-6.718041498,5.912247258
1783618399.549929857,1.502887670,-6.823711401,6.021021396
1783618399.551643610,1.484206915,-6.914793452,6.104595278
1783618399.553061008,1.521756699,-7.004257098,6.182025734
1783618399.559247255,1.489163547,-7.072855111,6.284454940
1783618399.560479641,1.549953576,-7.311448179,6.487702866
1783618399.561531067,1.581284130,-7.353306998,6.515180981
1783618399.563258410,1.543215577,-7.379529976,6.563193241
1783618399.564929247,1.516460538,-7.373077129,6.594007606
1783618399.569345713,1.464566311,-7.381430780,6.634368366
1783618399.570180893,1.460680882,-7.441133197,6.677904773
1783618399.571557045,1.457946691,-7.438482628,6.692939048
1783618399.573246002,1.418241140,-7.448741562,6.735192833
1783618399.574897051,1.442051161,-7.476365035,6.739040048
1783618399.576693296,1.396514106,-7.467595483,6.777378469
1783618399.578222513,1.408094078,-7.493899837,6.813384400
1783618399.584097385,1.361691102,-7.521362538,6.850806978
1783618399.585020065,1.355553659,-7.562298832,6.930156528
1783618399.586456060,1.329917036,-7.546039843,6.942727720
1783618399.588116884,1.302292625,-7.512228316,6.967814215
1783618399.589838982,1.311066984,-7.485900921,6.958306810
1783618399.596677542,1.265645775,-7.455825029,6.965923999
1783618399.598170280,1.262097517,-7.323608237,6.912427298
1783618399.599878550,1.227261878,-7.271581494,6.901697426
1783618399.601662636,1.181212087,-7.211830191,6.893244957
1783618399.603119373,1.184391482,-7.166302908,6.872007052
1783618399.609129190,1.133159517,-7.129345969,6.864292410
1783618399.610256672,1.145926412,-7.000735008,6.800751079
1783618399.611597300,1.154007103,-6.927396570,6.772161908
1783618399.613048077,1.112957531,-6.886151991,6.780669114
1783618399.614711523,1.061322417,-6.843366943,6.785379317
1783618399.621606350,1.007083611,-6.784337119,6.781905685
1783618399.623056412,1.019765432,-6.533478107,6.716068815
1783618399.624824762,0.963502412,-6.455650134,6.690072753
1783618399.626707554,0.893037970,-6.348296450,6.644335401
1783618399.628228903,0.903468807,-6.241351691,6.584662574
1783618399.631360769,0.851233824,-6.134286175,6.544702419
1783618399.632305861,0.845042369,-5.966345974,6.431268727
1783618399.633195877,0.854141173,-5.867539096,6.368001981
1783618399.634765625,0.855981689,-5.787103556,6.324176336
1783618399.636540651,0.787368434,-5.690102484,6.277269947
1783618399.638071060,0.745074127,-5.568476572,6.240164978
1783618399.639772415,0.750612992,-5.484005617,6.186027533
1783618399.646445990,0.692785596,-5.389865699,6.144180897
1783618399.648076296,0.692447987,-5.105256463,5.981479345
1783618399.649771929,0.647557821,-4.976575207,5.931507181
1783618399.651735783,0.601911227,-4.846134034,5.886357233
1783618399.653263807,0.597996056,-4.744405411,5.824595574
1783618399.659060717,0.558396255,-4.599106199,5.758045831
1783618399.660227299,0.539977472,-4.226536643,5.509007996
1783618399.661584377,0.543709093,-4.100887958,5.441448575
1783618399.663136244,0.517137998,-3.965427713,5.373895341
1783618399.664781809,0.497209153,-3.794179609,5.283331075
1783618399.671530962,0.482079042,-3.659706879,5.218998309
1783618399.673250198,0.480349746,-3.089590144,4.849455983
1783618399.674941778,0.491165503,-2.947287240,4.760048279
1783618399.676641941,0.483785058,-2.780014875,4.659524705
1783618399.678241968,0.488929825,-2.642450777,4.574985147
1783618399.684146404,0.484725323,-2.500155662,4.482571264
1783618399.685071707,0.499604882,-1.966647295,4.146059628
1783618399.686503887,0.515701098,-1.832064726,4.089462415
1783618399.688205719,0.510420561,-1.700701202,4.006179572
1783618399.689857483,0.515325656,-1.583882497,3.934691233
1783618399.692571163,0.525998404,-1.443133501,3.858760196
1783618399.693568468,0.521672067,-1.349704363,3.799186130
1783618399.696665287,0.519736787,-1.239455154,3.736925538
1783618399.698042154,0.530957635,-1.122116279,3.677551303
1783618399.699755430,0.525831767,-1.030285845,3.640337921
1783618399.701639891,0.522342803,-0.946276832,3.588438663
1783618399.703091145,0.524296907,-0.827472394,3.534485508
1783618399.708624363,0.527778001,-0.757847748,3.509045666
1783618399.710026503,0.519044074,-0.507641565,3.371584277
1783618399.711432457,0.513333283,-0.444085585,3.339032575
1783618399.713227510,0.508642162,-0.373871077,3.308462859
1783618399.714866400,0.506066412,-0.294168046,3.272851867
1783618399.721626759,0.495403726,-0.247246609,3.237456141
1783618399.723161697,0.461669160,-0.052838842,3.129793806
1783618399.724801540,0.459123877,0.017716793,3.096551136
1783618399.726659775,0.447151781,0.053347533,3.080500603
1783618399.728144407,0.428746959,0.097270849,3.046379838
1783618399.733994961,0.418961474,0.141295658,3.030655324
1783618399.734940052,0.391534362,0.291034004,2.919013044
1783618399.736587763,0.365675478,0.297589531,2.920426606
1783618399.738123894,0.338648332,0.324039960,2.895369909
1783618399.739930153,0.324284515,0.365934711,2.878197414
1783618399.746745586,0.300642527,0.393188030,2.851575849
1783618399.748301506,0.256351250,0.466821861,2.782105187
1783618399.749823332,0.223091263,0.464517217,2.760473763
1783618399.751371384,0.215511994,0.495609506,2.733170687
1783618399.753143311,0.183772891,0.504017103,2.716586788
1783618399.759240150,0.173497063,0.512988168,2.689452434
1783618399.760440111,0.106046499,0.586527368,2.591330255
1783618399.761478186,0.086294219,0.616640027,2.557178582
1783618399.763234854,0.059977096,0.613110927,2.555728313
1783618399.764881372,0.032201917,0.628940071,2.523366906
1783618399.769139051,0.014246908,0.644026002,2.511152338
1783618399.770042658,-0.011408792,0.668262602,2.475292111
1783618399.771524191,-0.033779012,0.690270377,2.461769954
1783618399.773064375,-0.046248469,0.719060670,2.431656178
1783618399.774994850,-0.071870546,0.718187928,2.417103025
1783618399.776711464,-0.105961451,0.721669703,2.402930562
1783618399.778235197,-0.116044614,0.744052933,2.374322369
1783618399.784090519,-0.143868628,0.739305780,2.366561285
1783618399.785058975,-0.172866807,0.790574402,2.310081236
1783618399.786520004,-0.214060224,0.787667826,2.295229281
1783618399.788197994,-0.231727161,0.787282277,2.280241821
1783618399.789843082,-0.248558271,0.811366880,2.269567972
1783618399.796770096,-0.270102115,0.796005997,2.252715674
1783618399.798203945,-0.289399941,0.816375127,2.210154238
1783618399.799886942,-0.311073180,0.804562312,2.188221402
1783618399.801669121,-0.324184729,0.804115946,2.168870641
1783618399.803091049,-0.335344889,0.823292723,2.158092327
1783618399.809172153,-0.356057036,0.802265025,2.143115459
1783618399.810314417,-0.366603105,0.819598939,2.090201470
1783618399.811607838,-0.373260095,0.834331460,2.075628340
1783618399.813079357,-0.383927569,0.846209511,2.053280647
1783618399.814727545,-0.394435790,0.800200670,2.066785375
1783618399.817108870,-0.417061596,0.808654763,2.053008016
1783618399.818071604,-0.415046855,0.827284729,2.030790486
1783618399.821553946,-0.414341854,0.826701647,2.031374569
1783618399.823261023,-0.435870173,0.809505928,2.015717748
1783618399.824988365,-0.435761444,0.833814180,1.999744591
1783618399.826643229,-0.445571304,0.827732318,1.995064314
1783618399.828108311,-0.446381629,0.811396941,1.992288490
1783618399.831994772,-0.453145807,0.812740669,1.981076418
1783618399.833079815,-0.460084134,0.818112561,1.973978121
1783618399.834921360,-0.462543392,0.825657881,1.949505614
1783618399.836409092,-0.463327220,0.826936217,1.943499929
1783618399.839212418,-0.477760603,0.812374962,1.937134504
1783618399.840131283,-0.491799554,0.799650784,1.919397309
1783618399.841495514,-0.481172138,0.808865217,1.915879626
1783618399.846579075,-0.495447853,0.776510314,1.915330887
1783618399.848059893,-0.496978611,0.796387587,1.901696147
1783618399.849707365,-0.502021291,0.772228630,1.892074397
1783618399.851647377,-0.514971921,0.753077597,1.882348044
1783618399.853103638,-0.505249868,0.765940741,1.872249379
1783618399.859264612,-0.507963673,0.764831744,1.881829597
1783618399.860449791,-0.497822808,0.747602486,1.883891425
1783618399.861476421,-0.505996554,0.728180439,1.887738838
1783618399.863289833,-0.506836794,0.733954495,1.887454275
1783618399.864763021,-0.514322074,0.725059017,1.886926688
1783618399.871599913,-0.517441677,0.699738676,1.883606793
1783618399.873258114,-0.534756956,0.679716417,1.889297462
1783618399.874999523,-0.532098329,0.664580209,1.885981826
1783618399.876663208,-0.540020596,0.663647630,1.893487868
1783618399.878130436,-0.538697089,0.651228036,1.899275871
1783618399.884082079,-0.557647666,0.620396884,1.899933380
1783618399.885019541,-0.547459058,0.614441220,1.903623352
1783618399.886573553,-0.559980438,0.600820779,1.898472166
1783618399.888226271,-0.564152585,0.590451404,1.889656977
1783618399.889705181,-0.553887641,0.563898361,1.905377266
1783618399.893719196,-0.573785117,0.544884428,1.895736375
1783618399.894815683,-0.559390151,0.555752348,1.895369193
1783618399.896777868,-0.565547429,0.537724424,1.895005152
1783618399.898150682,-0.558869506,0.538594440,1.893728408
1783618399.899861813,-0.566257337,0.537740608,1.892481721
1783618399.901681900,-0.570769574,0.503976449,1.888512613
1783618399.903094292,-0.568818001,0.496627953,1.892875369
1783618399.909169436,-0.582474451,0.494376986,1.896926252
1783618399.910356283,-0.573269983,0.473762758,1.899811568
1783618399.911379099,-0.567100464,0.486814942,1.900106342
1783618399.913160563,-0.574198890,0.441715892,1.924434060
1783618399.914839029,-0.585271902,0.416867913,1.908939149
1783618399.921613216,-0.589374385,0.405188170,1.915624019
1783618399.923237801,-0.596632439,0.354475216,1.942583244
1783618399.925020933,-0.596126770,0.351246941,1.939614327
1783618399.926525354,-0.599346952,0.303157566,1.949077490
1783618399.928143978,-0.599033644,0.299922129,1.946275512
1783618399.934109926,-0.608968490,0.273234011,1.953179272
1783618399.935138702,-0.612074999,0.222231846,1.953534236
1783618399.936356783,-0.611835196,0.206306009,1.954596723
1783618399.938241959,-0.626314719,0.150276240,1.964301089
1783618399.939931631,-0.630700324,0.130688716,1.954131888
1783618399.946806908,-0.636473019,0.110278041,1.957473673
1783618399.948224306,-0.657207637,0.026994289,1.964011841
1783618399.949700594,-0.671204745,-0.017005746,1.951955192
1783618399.951745987,-0.672669453,-0.040613772,1.943665993
1783618399.953172684,-0.672650322,-0.055649186,1.949175487
1783618399.959263325,-0.675690098,-0.093551739,1.948777216
1783618399.960440159,-0.704093615,-0.198964928,1.927726300
1783618399.961460590,-0.710180545,-0.218921437,1.916882094
1783618399.963176966,-0.715706393,-0.239960768,1.913518228
1783618399.964858055,-0.720808541,-0.278898504,1.911708005
1783618399.969569445,-0.725469312,-0.319240430,1.898040945
1783618399.970476866,-0.737779002,-0.368661176,1.903563805
1783618399.971451044,-0.750154616,-0.414569851,1.903105751
1783618399.973163128,-0.745703778,-0.440564319,1.906432260
1783618399.974958420,-0.753076659,-0.474826335,1.908351338
1783618399.976717710,-0.765752405,-0.519002579,1.896045932
1783618399.978253365,-0.759287141,-0.558699607,1.906523250
1783618399.984122038,-0.773680257,-0.594243639,1.904454257
1783618399.985073805,-0.793603382,-0.713484168,1.892563008
1783618399.986486197,-0.802443920,-0.748695124,1.902862520
1783618399.988173485,-0.795827149,-0.795554885,1.903122765
1783618399.989832401,-0.805521385,-0.847643852,1.911461235
1783618399.996724844,-0.814092782,-0.887396437,1.912501144
1783618399.998125315,-0.824251376,-1.025097836,1.942466280
1783618399.999799252,-0.815862987,-1.063513573,1.943611841
1783618400.001705647,-0.817154873,-1.130615530,1.981669456
1783618400.003170490,-0.821066656,-1.190235544,1.974056770
1783618400.009294033,-0.829954404,-1.257935747,1.991218167
1783618400.010472059,-0.831799796,-1.498448390,2.008507264
1783618400.011482954,-0.828804004,-1.544868807,2.011199790
1783618400.013200045,-0.817581050,-1.614555380,2.015009506
1783618400.014840841,-0.816377797,-1.674959106,2.007394141
1783618400.021732569,-0.817193975,-1.704870157,2.001597787
1783618400.023134708,-0.789659965,-1.858455136,1.984391944
1783618400.024934053,-0.783639495,-1.910143268,1.987920495
1783618400.026712656,-0.776120096,-1.973211779,2.000328888
1783618400.028145790,-0.757092334,-2.021967179,1.985059875
1783618400.031651497,-0.743115544,-2.057873457,2.002225064
1783618400.034189701,-0.713368079,-2.160185147,1.995941438
1783618400.035133362,-0.664613682,-2.234454133,1.990083971
1783618400.036436081,-0.639696184,-2.283017981,1.973830853
1783618400.038086414,-0.617722078,-2.306754631,1.979226934
1783618400.039843559,-0.599877390,-2.371353740,1.984498607
1783618400.046698093,-0.587907718,-2.418984608,1.985488641
1783618400.048174858,-0.506682995,-2.593012077,1.971626108
1783618400.049867392,-0.492396454,-2.656196929,1.970381545
1783618400.051728010,-0.482750817,-2.695999469,1.973477307
1783618400.053163528,-0.445041177,-2.747744687,1.976043096
1783618400.059205055,-0.434321593,-2.815999068,1.983017358
1783618400.060353756,-0.351824979,-3.091852684,2.014609750
1783618400.061658144,-0.328561807,-3.158545780,2.026991078
1783618400.063118696,-0.333487925,-3.242470483,2.079041535
1783618400.064766884,-0.378082200,-3.405259024,2.155829609
1783618400.071649075,-0.356201377,-3.397742061,2.142169752
1783618400.073067188,-0.343153712,-3.560520934,2.185489154
1783618400.074850321,-0.365270727,-3.574604575,2.203964784
1783618400.076668262,-0.346097511,-3.594952271,2.193690767
1783618400.078172207,-0.344422863,-3.686136367,2.238309709
1783618400.084024191,-0.335600725,-3.659931558,2.201383955
1783618400.084949493,-0.299317804,-3.801229808,2.241126853
1783618400.086583614,-0.302507490,-3.829914198,2.256030143
1783618400.088104248,-0.314463377,-3.879745026,2.284383035
1783618400.089859962,-0.294838045,-3.918606604,2.295503174
1783618400.092907667,-0.308524458,-3.959649061,2.343851663
1783618400.093889713,-0.299642604,-4.000450364,2.347603569
1783618400.094716072,-0.287324544,-4.026079730,2.369254578
1783618400.096753120,-0.275868296,-4.076610606,2.395408997
1783618400.098073244,-0.261409298,-4.119996283,2.391356539
1783618400.099770784,-0.259118941,-4.121450764,2.401533889
1783618400.101733208,-0.264315536,-4.132398794,2.440804723
1783618400.103157282,-0.245105818,-4.186030519,2.458047343
1783618400.108904600,-0.252430205,-4.180187893,2.469678270
1783618400.109916210,-0.217356683,-4.226005198,2.501185558
1783618400.111567974,-0.202721501,-4.250748940,2.496985549
1783618400.113054752,-0.195532734,-4.243537958,2.518466940
1783618400.114699841,-0.192718508,-4.266865304,2.542236670
1783618400.121694803,-0.191609484,-4.279689812,2.559651275
1783618400.123270988,-0.134990954,-4.388001153,2.629889028
1783618400.124963284,-0.126623858,-4.395524415,2.657445093
1783618400.126418591,-0.126156912,-4.428531223,2.693393737
1783618400.128258228,-0.126830345,-4.448156055,2.719471807
1783618400.134113550,-0.111656769,-4.447917065,2.738984802
1783618400.135051489,-0.041594581,-4.561395455,2.770846388
1783618400.136449814,-0.043815263,-4.613095018,2.810999026
1783618400.138146400,-0.045664186,-4.649577973,2.843052467
1783618400.139895916,-0.010368165,-4.692036010,2.862402122
1783618400.146717072,-0.029530766,-4.743736921,2.891291529
1783618400.148101568,-0.025424617,-4.824031033,2.947572052
1783618400.149785757,-0.050626046,-4.869553674,2.975457305
1783618400.151749849,-0.049630105,-4.878305021,2.990959719
1783618400.153222322,-0.053856673,-4.886333693,2.995134988
1783618400.155488253,-0.068592060,-4.877769694,2.995281447
1783618400.156362534,-0.078704749,-4.886928753,2.995957724
1783618400.159120798,-0.100861350,-4.865156357,2.978958060
1783618400.160254002,-0.072730924,-4.880067942,2.986810184
1783618400.161568403,-0.067275894,-4.869995303,2.980574282
1783618400.163244724,-0.084948507,-4.892089558,2.984418956
1783618400.164912462,-0.095452443,-4.871883701,2.987979332
1783618400.171477079,-0.116526547,-4.854035028,3.004952965
1783618400.173182011,-0.118389245,-4.859896109,3.030338324
1783618400.174759865,-0.140920466,-4.848991722,3.047877462
1783618400.176715136,-0.181223450,-4.816885676,3.061545030
1783618400.178227186,-0.170785709,-4.795301889,3.053838081
1783618400.184135199,-0.200998266,-4.748156714,3.064900217
1783618400.185064316,-0.220813161,-4.576791592,3.007438542
1783618400.186480522,-0.247296895,-4.513669893,3.009370588
1783618400.188164949,-0.281368472,-4.424391049,3.000192072
1783618400.189872503,-0.276245031,-4.369589130,2.984892227
1783618400.196817636,-0.306468636,-4.301652011,2.994360006
1783618400.198210239,-0.308149595,-4.121634178,2.954764084
1783618400.199879169,-0.342003975,-4.051036550,2.955512352
1783618400.201696873,-0.354859381,-3.948030179,2.960425306
1783618400.203186989,-0.353558102,-3.895643370,2.946306830
1783618400.209299803,-0.381648370,-3.820546220,2.942649617
1783618400.210425615,-0.358932964,-3.556839491,2.846547540
1783618400.211464643,-0.345807886,-3.484908313,2.816217408
1783618400.213189363,-0.363629553,-3.404301809,2.824347087
1783618400.214833975,-0.372413559,-3.335284159,2.823401254
1783618400.218605042,-0.384841152,-3.274853999,2.819306041
1783618400.219725609,-0.381564556,-3.211485371,2.800716197
1783618400.221622467,-0.367260538,-3.148144338,2.792874368
1783618400.223115921,-0.366004524,-3.112818285,2.766669476
1783618400.225008249,-0.371164913,-3.030885361,2.763173882
1783618400.226742268,-0.376367110,-2.966676963,2.765097010
1783618400.228198528,-0.374937050,-2.933063882,2.751030064
1783618400.234028816,-0.377860166,-2.860914454,2.743527429
1783618400.234888315,-0.363210804,-2.699331695,2.685633836
1783618400.236400366,-0.350411355,-2.626213418,2.666636033
1783618400.238035202,-0.351151506,-2.555503383,2.649751113
1783618400.239872932,-0.352510720,-2.484800508,2.630450434
1783618400.246801138,-0.354758856,-2.402554588,2.618597861
1783618400.248126745,-0.322460573,-2.138626228,2.523743575
1783618400.249816418,-0.323924448,-2.060381942,2.518360164
1783618400.251672029,-0.316542433,-1.991250345,2.497429106
1783618400.253110886,-0.303278280,-1.910120317,2.482385932
1783618400.259269476,-0.296604870,-1.838445236,2.457074047
1783618400.260448217,-0.277433918,-1.586242666,2.383935003
1783618400.261488914,-0.258454495,-1.508820537,2.368533306
1783618400.263234138,-0.252882450,-1.452601282,2.364623342
1783618400.264908791,-0.252818343,-1.388027047,2.355349908
1783618400.271688700,-0.234917694,-1.324982090,2.348952693
1783618400.273143768,-0.218798805,-1.143551106,2.309337447
1783618400.274983644,-0.208910158,-1.083262927,2.317296260
1783618400.276767731,-0.197761628,-1.053680734,2.337456472
1783618400.278230906,-0.192232003,-0.993117388,2.321108625
1783618400.280997515,-0.180399773,-0.926237627,2.311262751
1783618400.281883001,-0.167599358,-0.847685976,2.314785430
1783618400.284078121,-0.171417213,-0.813357613,2.318310697
1783618400.285035372,-0.163697479,-0.755529450,2.310131471
1783618400.286471605,-0.156564096,-0.706544136,2.307188800
1783618400.288201571,-0.152398289,-0.686676990,2.313767912
1783618400.289858341,-0.153431323,-0.648976183,2.320105718
1783618400.296176434,-0.146176462,-0.590921934,2.316248778
1783618400.297414303,-0.137085916,-0.508703300,2.334981988
1783618400.298510313,-0.138846218,-0.476775230,2.331633850
1783618400.299800396,-0.138877429,-0.452661699,2.331502379
1783618400.301457882,-0.136912796,-0.404362629,2.324776066
1783618400.303183079,-0.138175918,-0.393236553,2.343979311
1783618400.309230566,-0.141309483,-0.381672088,2.337362056
1783618400.310468912,-0.124064218,-0.299659784,2.353409494
1783618400.311501980,-0.127240540,-0.254029129,2.345621705
1783618400.313324690,-0.117545774,-0.231062380,2.342304266
1783618400.314845085,-0.118859644,-0.221107659,2.347424431
1783618400.316410780,-0.128303412,-0.211960861,2.352129232
1783618400.321578741,-0.127376449,-0.188544022,2.347506039
1783618400.323091030,-0.133384767,-0.164497966,2.354459511
1783618400.324970961,-0.141821801,-0.149441150,2.352020564
1783618400.326744556,-0.138778821,-0.135875581,2.352531534
1783618400.328231096,-0.151813397,-0.136616485,2.356802866
1783618400.334158182,-0.153237379,-0.123476266,2.354239367
1783618400.335083723,-0.166586549,-0.058140174,2.345185088
1783618400.336516857,-0.180873424,-0.071933207,2.340650895
1783618400.338176250,-0.198579946,-0.056210083,2.320699219
1783618400.339846611,-0.204693735,-0.031659785,2.315345259
1783618400.342345715,-0.213384994,-0.027351377,2.302022930
1783618400.343391180,-0.222116024,-0.038883923,2.299734233
1783618400.346714735,-0.235093972,-0.005640896,2.269410238
1783618400.348141670,-0.232669161,0.016448224,2.257516942
1783618400.349825144,-0.250602639,0.012990393,2.242977324
1783618400.351685047,-0.252820550,0.003694760,2.212728926
1783618400.353088379,-0.256547874,0.039100283,2.189758341
1783618400.357630491,-0.272665573,0.039604887,2.177024433
1783618400.358806610,-0.289734555,0.065882508,2.129190872
1783618400.360065222,-0.295235221,0.060615909,2.118836668
1783618400.361639500,-0.303409943,0.061019254,2.100992054
1783618400.363056898,-0.302824146,0.083073199,2.081589832
1783618400.364824533,-0.313989329,0.072591446,2.070144812
1783618400.371651649,-0.331887643,0.064262967,2.062515543
1783618400.373070955,-0.329610324,0.093867953,2.035356192
1783618400.375072718,-0.348224572,0.099236308,2.030096890
1783618400.376725912,-0.348160464,0.102026909,2.036193301
1783618400.378207684,-0.350120174,0.104132672,2.031331283
1783618400.384145021,-0.351044785,0.094783804,2.027939022
1783618400.385069609,-0.339505949,0.143326538,2.028719768
1783618400.386476278,-0.334779175,0.165099037,2.031423977
1783618400.388146877,-0.344271897,0.151302116,2.043711372
1783618400.389735699,-0.342828205,0.158055373,2.032677865
1783618400.396686077,-0.345173428,0.166256103,2.032547427
1783618400.398121357,-0.333501957,0.182486521,2.031666014
1783618400.399823904,-0.342737818,0.196349004,2.033082245
1783618400.401682615,-0.342637438,0.174883362,2.036222089
1783618400.403117895,-0.346109067,0.179325062,2.026896472
1783618400.409264803,-0.347965478,0.197924667,2.022402204
1783618400.410413742,-0.330426313,0.217271100,2.027106125
1783618400.411434889,-0.328804326,0.209170487,2.025525288
1783618400.413149118,-0.338750774,0.209667687,2.027173402
1783618400.414800644,-0.339506398,0.224065661,2.035525344
1783618400.420023203,-0.335237217,0.214183712,2.027682116
1783618400.421516418,-0.330642148,0.246684962,2.020939148
1783618400.423113823,-0.325961462,0.246110889,2.027300683
1783618400.424813032,-0.337792261,0.238214258,2.014198821
1783618400.426748753,-0.333241687,0.248900834,2.018158224
1783618400.428058624,-0.333711444,0.255371103,2.021146193
1783618400.434160233,-0.340833859,0.242797081,2.019285504
1783618400.435103655,-0.314925468,0.255404744,2.006087545
1783618400.436555862,-0.324543839,0.273514418,1.993540265
1783618400.438061714,-0.317993722,0.276763761,2.006112680
1783618400.439893484,-0.328821277,0.246442935,2.003120205
1783618400.446809292,-0.337240728,0.240143762,1.999869867
1783618400.448273182,-0.331306575,0.248827297,1.991459964
1783618400.449762106,-0.329073937,0.253421574,1.981185575
1783618400.451674700,-0.337093836,0.260500793,1.981403814
1783618400.453172207,-0.336523025,0.248807229,1.977031282
1783618400.459294081,-0.331056576,0.248730778,1.978296768
1783618400.460493326,-0.303430695,0.272358576,1.986999173
1783618400.461540937,-0.303658809,0.272292357,1.992948538
1783618400.463039875,-0.304804810,0.254346706,1.996369989
1783618400.464721203,-0.316171355,0.244275524,1.989429155
1783618400.471708536,-0.323969081,0.243761022,2.001024831
1783618400.473190308,-0.303991963,0.247456140,2.006534416
1783618400.474813938,-0.311512760,0.230893703,2.013736257
1783618400.476743460,-0.315306298,0.198855561,2.015559557
1783618400.478248119,-0.308269030,0.206201418,2.016111272
1783618400.481735706,-0.317091558,0.210610440,2.015584367
1783618400.484199047,-0.310997014,0.180432188,2.019919095
1783618400.485158920,-0.294375587,0.193157726,2.031954891
1783618400.486581326,-0.304878149,0.169806542,2.024997384
1783618400.488240719,-0.308319937,0.151524112,2.027338021
1783618400.489902020,-0.307219810,0.168213657,2.028701771
1783618400.496802568,-0.310887255,0.155472711,2.039793396
1783618400.498279095,-0.294852868,0.122521249,2.047433021
1783618400.499755859,-0.301930218,0.118194562,2.052129563
1783618400.501798630,-0.305364585,0.081192242,2.067960115
1783618400.503171444,-0.305353157,0.067772730,2.059672111
1783618400.509294510,-0.312206451,0.063378954,2.062444841
1783618400.510447979,-0.282803944,0.021812638,2.051339461
1783618400.511487007,-0.278298221,0.006731327,2.051497011
1783618400.513103247,-0.289146662,-0.033569627,2.061088052
1783618400.514837265,-0.280324947,-0.043208316,2.057919977
1783618400.516400099,-0.281487753,-0.059219626,2.059194614
1783618400.521670580,-0.272444392,-0.095228071,2.062341310
1783618400.523087263,-0.258680658,-0.141219049,2.091859852
1783618400.524969578,-0.254881366,-0.187021605,2.104286049
1783618400.526805401,-0.252072853,-0.232222925,2.107080776
1783618400.528129101,-0.254193686,-0.242679404,2.121381644
1783618400.534152508,-0.238016442,-0.283029650,2.137644962
1783618400.535089254,-0.191784224,-0.421025797,2.159084912
1783618400.536501884,-0.182039617,-0.463529074,2.166910485
1783618400.538159370,-0.173203017,-0.491321690,2.168207984
1783618400.539856672,-0.158295870,-0.537361280,2.193768234
1783618400.543988705,-0.144079115,-0.587518144,2.198026381
1783618400.544914484,-0.130761648,-0.643476354,2.209390523
1783618400.546615601,-0.110888660,-0.659810954,2.221346114
1783618400.548205614,-0.097098996,-0.703572630,2.234125749
1783618400.549908876,-0.084656531,-0.758272025,2.243429669
1783618400.551692247,-0.075950864,-0.771664382,2.256703097
1783618400.553105116,-0.051328926,-0.811886494,2.265278811
1783618400.559356451,-0.039363956,-0.868329697,2.282861817
1783618400.560600996,0.034894787,-1.047030264,2.356669504
1783618400.561680317,0.059133369,-1.069852787,2.374620399
1783618400.563192129,0.074507658,-1.129180556,2.399655022
1783618400.564850807,0.085929157,-1.163201891,2.424647445
1783618400.571645975,0.113956893,-1.174969647,2.449551633
1783618400.573048592,0.190076167,-1.319409638,2.532767841
1783618400.574890375,0.220981400,-1.314776090,2.503379616
1783618400.576703310,0.237181567,-1.399316865,2.540977762
1783618400.578257799,0.246095031,-1.480620052,2.569650287
1783618400.584163189,0.258136545,-1.510031450,2.596577814
1783618400.585086823,0.351310165,-1.754549148,2.681355598
1783618400.586517096,0.395769649,-1.779886680,2.652650223
1783618400.588190794,0.376181110,-1.745600120,2.602659665
1783618400.589861393,0.405989331,-1.839522492,2.642989986
1783618400.596835136,0.401727776,-1.911309706,2.658780101
1783618400.598306417,0.476858068,-2.116526249,2.695702662
1783618400.599811554,0.479181304,-2.181441305,2.722218119
1783618400.601709843,0.495004367,-2.228033446,2.734287174
1783618400.603179455,0.514197223,-2.318720945,2.752862307
1783618400.606382608,0.522997159,-2.417008534,2.785228063
1783618400.609380722,0.563990227,-2.587240547,2.853914787
1783618400.610499859,0.609209082,-2.801466388,2.931134080
1783618400.611503363,0.637114726,-2.894655864,2.978781487
1783618400.613224983,0.655190603,-2.999049398,3.026528975
1783618400.614878654,0.662735882,-3.113212297,3.083990191
1783618400.621655703,0.672251271,-3.183227891,3.140178732
1783618400.623076439,0.722722685,-3.447732807,3.271678995
1783618400.624939680,0.739853706,-3.520431857,3.319441695
1783618400.626797676,0.724056215,-3.582354489,3.368519109
1783618400.628242970,0.730883802,-3.635925565,3.389909505
1783618400.634166479,0.716490914,-3.688867712,3.423687917
1783618400.635111570,0.736931008,-3.825296209,3.489128777
1783618400.636531353,0.722467726,-3.847535300,3.506323231
1783618400.638250589,0.712486925,-3.837416075,3.510212862
1783618400.639900684,0.733802018,-3.843099468,3.518472713
1783618400.646630049,0.708079812,-3.869045650,3.507403133
1783618400.648237705,0.725820459,-3.897235442,3.523335522
1783618400.649879694,0.715415068,-3.895401702,3.530811861
1783618400.651734591,0.703069886,-3.883292210,3.539043136
1783618400.653153896,0.711150346,-3.902491520,3.552561673
1783618400.659225464,0.689090170,-3.924688098,3.571182871
1783618400.660368443,0.685883464,-3.997218103,3.611374228
1783618400.661370516,0.678224018,-4.007662293,3.624101822
1783618400.663173914,0.667673341,-4.020703555,3.629074850
1783618400.664826393,0.646802696,-4.029887245,3.639382815
1783618400.668162584,0.621642073,-4.017418173,3.640967521
1783618400.671669483,0.605838707,-4.002046010,3.643402400
1783618400.673071861,0.564364939,-3.994842000,3.616801540
1783618400.674977064,0.546230720,-3.964767765,3.618686227
1783618400.676763535,0.506196413,-3.950800506,3.593542760
1783618400.678238392,0.482996472,-3.952659611,3.588937966
1783618400.683038950,0.442335127,-3.927340838,3.565275737
1783618400.684937000,0.366423138,-3.913229112,3.519916262
1783618400.686502457,0.334709444,-3.905242892,3.523864701
1783618400.688284397,0.304511041,-3.873393157,3.519395471
1783618400.689702511,0.264553191,-3.887519715,3.497013381
1783618400.696743965,0.233113654,-3.869431383,3.494036348
1783618400.698067427,0.160793842,-3.748528683,3.415639022
1783618400.699750185,0.143114236,-3.713290180,3.410029404
1783618400.701724052,0.113383357,-3.670134121,3.384403527
1783618400.703110218,0.100937185,-3.605464245,3.363056544
1783618400.709210396,0.079064511,-3.535216508,3.340587111
1783618400.710331202,0.041009849,-3.278968304,3.194193711
1783618400.711591244,0.029712835,-3.215798892,3.160790709
1783618400.713260412,0.026095489,-3.135022797,3.130123931
1783618400.714993238,0.012042046,-3.064268058,3.114166607
1783618400.721603394,-0.006634087,-2.989159781,3.084024158
1783618400.723085403,-0.013887392,-2.802645102,2.993999246
1783618400.724915028,-0.028675941,-2.741795420,2.977133998
1783618400.726817608,-0.042362085,-2.659710447,2.963032417
1783618400.728035688,-0.044812398,-2.612518786,2.953776309
1783618400.730760336,-0.056340874,-2.563218564,2.955097161
1783618400.731615305,-0.060293703,-2.455806119,2.927507907
1783618400.734150410,-0.070220006,-2.431661495,2.926240041
1783618400.735104322,-0.075986994,-2.391332563,2.916837243
1783618400.736515999,-0.080840915,-2.317115367,2.917228963
1783618400.738192797,-0.087008907,-2.268164771,2.919848851
1783618400.739942551,-0.095340529,-2.232591107,2.908959509
1783618400.746585131,-0.104176801,-2.183442174,2.907746982
1783618400.748094082,-0.117119358,-2.069218536,2.888790306
1783618400.749775648,-0.118412072,-2.008384741,2.895163435
1783618400.751757860,-0.117114104,-1.936625471,2.887030337
1783618400.753155708,-0.125829227,-1.913772440,2.884983467
1783618400.759298086,-0.134848661,-1.866937732,2.873934283
1783618400.760401964,-0.150738395,-1.698817313,2.841263610
1783618400.761395693,-0.153930886,-1.643781598,2.845785763
1783618400.763167620,-0.159394230,-1.593919365,2.847100466
1783618400.764825583,-0.163721104,-1.541332284,2.854039187
1783618400.771593809,-0.164730623,-1.469968340,2.851154340
1783618400.773034096,-0.182725559,-1.348392664,2.846580106
1783618400.774881363,-0.173036077,-1.272338269,2.843735298
1783618400.776717424,-0.171345335,-1.229633908,2.850831604
1783618400.778204441,-0.179565935,-1.181943757,2.841053341
1783618400.784132004,-0.172539660,-1.112736406,2.835328747
1783618400.785071850,-0.184091172,-0.986258826,2.826822442
1783618400.786490917,-0.195615649,-0.942519360,2.834145978
1783618400.788141489,-0.195599458,-0.896909512,2.823417942
1783618400.789871454,-0.202906133,-0.857193211,2.825356161
1783618400.792688370,-0.204071941,-0.804054526,2.835317596
1783618400.793685675,-0.222396312,-0.746418609,2.827568269
1783618400.796770096,-0.222268656,-0.696512517,2.812200830
1783618400.798184156,-0.227280088,-0.662777781,2.814676086
1783618400.799718857,-0.231694140,-0.628728002,2.801166737
1783618400.801625013,-0.235670239,-0.596678470,2.799089121
1783618400.803079605,-0.248378262,-0.539477154,2.785577518
1783618400.808624506,-0.240734584,-0.505785596,2.769606564
1783618400.809976339,-0.267121568,-0.421756378,2.743909266
1783618400.811499596,-0.282953506,-0.397352454,2.726233534
1783618400.813135386,-0.294555252,-0.350135747,2.699139639
1783618400.814796686,-0.311985213,-0.324516119,2.686552974
1783618400.821652174,-0.311058397,-0.300462588,2.668441816
1783618400.823059797,-0.346875024,-0.194563175,2.600076608
1783618400.824995995,-0.351586181,-0.152454085,2.565987077
1783618400.826730967,-0.362699539,-0.137259561,2.542592991
1783618400.828174829,-0.375085668,-0.103031579,2.517377465
1783618400.834156990,-0.388004896,-0.062203276,2.493614434
1783618400.835076332,-0.425336376,0.035081990,2.407642880
1783618400.836467981,-0.446862530,0.042545685,2.377078556
1783618400.838126421,-0.457526965,0.084613173,2.342943831
1783618400.839870214,-0.476260510,0.125616396,2.306936169
1783618400.846724987,-0.482157863,0.147863656,2.279067005
1783618400.848293066,-0.518222599,0.249576812,2.165032518
1783618400.849718809,-0.535083152,0.267364239,2.137587944
1783618400.851740599,-0.545901174,0.296149836,2.096022539
1783618400.853156090,-0.553363105,0.345027375,2.063008957
1783618400.856067657,-0.561615764,0.357384526,2.029980176
1783618400.856993437,-0.577151748,0.429528727,1.984286141
1783618400.859175920,-0.589458548,0.447911617,1.960323943
1783618400.860201359,-0.590942456,0.471314582,1.937238970
1783618400.861454487,-0.608511429,0.507701536,1.903215344
1783618400.863100767,-0.615178115,0.519079793,1.894916544
1783618400.864773273,-0.645392623,0.518043658,1.874464332
1783618400.871764183,-0.651428337,0.523037610,1.847746937
1783618400.873208046,-0.674213366,0.565233001,1.775307624
1783618400.874853849,-0.679600468,0.579192287,1.749510553
1783618400.876769304,-0.690973411,0.594009637,1.724999229
1783618400.878176212,-0.696382786,0.591244593,1.710280017
1783618400.884174109,-0.690795116,0.599617519,1.679394386
1783618400.885093927,-0.665220421,0.603531974,1.616073314
1783618400.886488676,-0.670222241,0.576629605,1.618909201
1783618400.888115168,-0.661355480,0.549653889,1.615622907
1783618400.889910698,-0.680112451,0.536132698,1.622681613
1783618400.896793604,-0.663313543,0.534516402,1.606443071
1783618400.898170471,-0.640790105,0.505463618,1.589462206
1783618400.899870872,-0.641522131,0.507676294,1.573038695
1783618400.901754618,-0.633089684,0.481806171,1.582565086
1783618400.903295755,-0.633046691,0.480923638,1.568000864
1783618400.909361124,-0.628215731,0.483698154,1.559895134
1783618400.910503149,-0.588921880,0.505239965,1.550704011
1783618400.911509037,-0.584837283,0.503521969,1.541285426
1783618400.913255930,-0.591190246,0.477519664,1.545727744
1783618400.914911270,-0.591725179,0.470799626,1.543106888
1783618400.919209003,-0.586133385,0.467877126,1.551515333
1783618400.920108080,-0.572740485,0.451228821,1.536604088
1783618400.921651840,-0.573825382,0.456649392,1.531878717
1783618400.923108339,-0.561749609,0.465372236,1.537871148
1783618400.924996138,-0.562655710,0.442809364,1.531358318
1783618400.926734686,-0.556357282,0.435743236,1.525646454
1783618400.928150892,-0.558516163,0.458082974,1.512464924
1783618400.934138536,-0.544497740,0.451321856,1.519440379
1783618400.935130596,-0.511253083,0.459743248,1.499126508
1783618400.936534405,-0.511048532,0.453105650,1.487126420
1783618400.938204050,-0.509789041,0.435774294,1.489146980
1783618400.939878464,-0.500744818,0.450647387,1.482101087
1783618400.946834087,-0.491919340,0.461466976,1.472886741
1783618400.948151588,-0.454928722,0.477178124,1.481993554
1783618400.949816465,-0.464203392,0.481391886,1.471336020
1783618400.951690197,-0.457060798,0.483514527,1.472948013
1783618400.953153133,-0.446232351,0.520098083,1.475301796
1783618400.959343195,-0.448337786,0.525072315,1.466738595
1783618400.960461855,-0.404924005,0.577767225,1.463695168
1783618400.961477757,-0.402245616,0.588288855,1.452662967
1783618400.963191986,-0.408446260,0.612548127,1.457435801
1783618400.964839697,-0.421823105,0.588525272,1.472311428
1783618400.971644640,-0.414149398,0.576807483,1.484931415
1783618400.973044395,-0.407844345,0.608338302,1.495619166
1783618400.974937916,-0.416101955,0.611929911,1.515969154
1783618400.976794243,-0.416648079,0.609594866,1.531760132
1783618400.978243589,-0.413696989,0.601698251,1.539031152
1783618400.982020378,-0.421249007,0.604369373,1.540314869
1783618400.984198809,-0.407124229,0.613623663,1.546745022
1783618400.985209465,-0.399366294,0.623541767,1.551896773
1783618400.986419678,-0.403335649,0.615031373,1.568835198
1783618400.988105297,-0.407961292,0.612020612,1.568685677
1783618400.989881516,-0.415923000,0.620228916,1.569203328
1783618400.996684551,-0.420026916,0.604015155,1.579342405
1783618400.998286963,-0.429117267,0.592197152,1.604075022
1783618400.999713182,-0.428847076,0.601146134,1.604732841
1783618401.001693010,-0.438445831,0.582573237,1.619599515
1783618401.003112316,-0.439305891,0.563910327,1.623497378
1783618401.009274006,-0.452043209,0.567770726,1.629258561
1783618401.010408163,-0.448880726,0.550176475,1.668221912
1783618401.011414766,-0.448781754,0.535059764,1.675745259
1783618401.013137102,-0.453772107,0.525678483,1.679665221
1783618401.014783144,-0.461963622,0.520755409,1.683163678
1783618401.021700621,-0.458645921,0.511961027,1.703803988
1783618401.023188829,-0.466108556,0.507664825,1.716004947
1783618401.024840355,-0.468510155,0.492667417,1.738359369
1783618401.026721001,-0.473581156,0.471375297,1.738411804
1783618401.028143883,-0.474797491,0.456967987,1.743945397
1783618401.034132957,-0.479378666,0.472245512,1.751577160
1783618401.035058498,-0.486209325,0.436130033,1.789630135
1783618401.036567688,-0.486757101,0.440865208,1.805966420
1783618401.038216114,-0.490315651,0.413303957,1.821595527
1783618401.039859056,-0.495419783,0.405725447,1.831236614
1783618401.045572042,-0.494101317,0.407641432,1.841386106
1783618401.046506643,-0.496543109,0.362970908,1.883186093
1783618401.048217058,-0.499406358,0.375999001,1.887397199
1783618401.049914360,-0.497998120,0.347821019,1.903970593
1783618401.051717758,-0.496084064,0.328363003,1.906581480
1783618401.053259134,-0.497279378,0.342839481,1.908033102
1783618401.059263945,-0.495553227,0.342991589,1.901425234
1783618401.060423613,-0.477179516,0.324351537,1.897150543
1783618401.061455250,-0.477811787,0.315256326,1.892752429
1783618401.063158989,-0.470692105,0.311620456,1.903187474
1783618401.064799309,-0.464666661,0.272311381,1.919524029
1783618401.071620703,-0.466251642,0.243061112,1.921499037
1783618401.073159933,-0.447696914,0.150836700,1.963194530
1783618401.074787378,-0.435344607,0.119046735,1.966612425
1783618401.076750994,-0.429649545,0.085138585,1.981702784
1783618401.078210354,-0.402090737,0.035613261,2.009372113
1783618401.084103584,-0.399594195,-0.032504152,2.018217489
1783618401.085037947,-0.346061931,-0.203391818,2.122576175
1783618401.086426497,-0.318407363,-0.291201797,2.159909961
1783618401.088097095,-0.306887997,-0.353328449,2.200468357
1783618401.089878559,-0.273099971,-0.431370642,2.247933237
1783618401.096774340,-0.261141204,-0.528682429,2.296812973
1783618401.098108768,-0.183398826,-0.854061721,2.486383628
1783618401.099776268,-0.166644760,-0.942118473,2.541335047
1783618401.101727009,-0.145000102,-1.030549364,2.591754784
1783618401.103137493,-0.111401256,-1.122742024,2.632776446
1783618401.106539726,-0.096598134,-1.194755393,2.671315246
1783618401.109386921,-0.034275368,-1.356246115,2.758916348
1783618401.110483646,0.018995801,-1.491900615,2.845425625
1783618401.111476898,0.059621606,-1.571808669,2.900773780
1783618401.113177538,0.081437830,-1.668787316,2.958576321
1783618401.114786148,0.111227181,-1.752509668,3.004290773
1783618401.121668100,0.128234607,-1.834295243,3.065062143
1783618401.123262882,0.232692822,-2.140337503,3.233958316
1783618401.124972820,0.262342541,-2.237581839,3.295677281
1783618401.126730680,0.281341182,-2.358695812,3.361959440
1783618401.128208399,0.329244897,-2.463052321,3.409106766
1783618401.134157896,0.326887487,-2.548758210,3.451328461
1783618401.135095596,0.465870195,-2.883727808,3.549839236
1783618401.136492014,0.489498507,-2.944265160,3.563302789
1783618401.138207197,0.503185832,-3.041605911,3.593344824
1783618401.139949799,0.537440473,-3.107678182,3.603609752
1783618401.146782398,0.547112408,-3.178441592,3.647941061
1783618401.148074627,0.633662897,-3.396227237,3.712348609
1783618401.149754524,0.655908330,-3.508961245,3.748466505
1783618401.151747465,0.656533217,-3.548141733,3.781301936
1783618401.153177977,0.704845034,-3.625272436,3.803243841
1783618401.159202814,0.707883729,-3.720973730,3.856672421
1783618401.160325050,0.817696674,-4.049804066,4.039628400
1783618401.161592007,0.857898306,-4.121783453,4.081040512
1783618401.163265705,0.873932151,-4.225620247,4.134778424
1783618401.164915323,0.884715130,-4.337681174,4.176352338
1783618401.168481112,0.886329387,-4.408273702,4.226858476
1783618401.171727896,0.923492360,-4.493361042,4.284302241
1783618401.173135996,0.989936422,-4.656059602,4.340250824
1783618401.174813271,0.986309353,-4.722184653,4.363746428
1783618401.176813364,0.986945602,-4.814539699,4.411759762
1783618401.178225517,1.018415552,-4.897841189,4.427995646
1783618401.184015036,1.016558747,-4.976759016,4.488539925
1783618401.184908867,1.095123629,-5.296496711,4.657473086
1783618401.186418056,1.120187078,-5.390661542,4.674854744
1783618401.188109398,1.113440976,-5.446908546,4.693281827
1783618401.189879179,1.102681727,-5.485214800,4.716110425
1783618401.196714640,1.078676621,-5.520770020,4.749989510
1783618401.198065281,1.091053775,-5.606272777,4.719045864
1783618401.199788094,1.081000095,-5.653226569,4.723864649
1783618401.201723814,1.037404620,-5.665535552,4.727324148
1783618401.203200102,1.037168178,-5.688427242,4.717617012
1783618401.209251165,1.008527470,-5.707095792,4.728558693
1783618401.210410357,0.996442461,-5.752700128,4.703039416
1783618401.211430311,1.004268927,-5.754987063,4.682698257
1783618401.213159323,0.983866305,-5.762460570,4.684747051
1783618401.214902163,0.967117944,-5.780852812,4.686324562
1783618401.221661568,0.944730354,-5.772639724,4.703078501
1783618401.223070860,0.949868957,-5.805316662,4.708205329
1783618401.224756241,0.938520411,-5.806122591,4.712523498
1783618401.226778507,0.905546321,-5.813816821,4.738487276
1783618401.228197813,0.919528155,-5.838520325,4.734725327
1783618401.230869293,0.889665152,-5.825966162,4.763231085
1783618401.231919527,0.873763031,-5.857914937,4.788330344
1783618401.234223366,0.879566705,-5.857416480,4.816461828
1783618401.235347986,0.878169763,-5.853483395,4.824034210
1783618401.236629248,0.874117587,-5.866462159,4.830212965
1783618401.238068342,0.845975561,-5.873220446,4.849252563
1783618401.246617317,0.795079016,-5.835039032,4.874864743
1783618401.248331547,0.779439631,-5.757409367,4.893169708
1783618401.249849319,0.745057302,-5.730388253,4.912442364
1783618401.251711845,0.713591215,-5.702503504,4.942084863
1783618401.253163338,0.714077086,-5.667184892,4.929687692
1783618401.259285450,0.679632253,-5.631796452,4.967532507
1783618401.260504007,0.667710988,-5.574188491,4.965425843
1783618401.261523962,0.661901303,-5.534677149,4.946988028
1783618401.263069391,0.623931404,-5.472388877,4.965016599
1783618401.264918089,0.587217276,-5.441186709,4.969275745
1783618401.271718025,0.555484298,-5.375348342,4.976661006
1783618401.273038387,0.545553489,-5.254304201,4.932841086
1783618401.274974108,0.506686768,-5.176371190,4.934344633
1783618401.276798964,0.480365028,-5.096829135,4.939973586
1783618401.278277636,0.480100855,-5.052292437,4.920364674
1783618401.284063816,0.448785506,-4.981501869,4.920177598
1783618401.285008430,0.459761075,-4.802224959,4.838145299
1783618401.286410809,0.442483133,-4.735592918,4.851649902
1783618401.288093805,0.414317230,-4.691466100,4.847650197
1783618401.289928675,0.418742569,-4.661843832,4.829632314
1783618401.293673038,0.401675088,-4.613018088,4.852981618
1783618401.296673298,0.399351041,-4.574346039,4.819247887
1783618401.298247099,0.405975239,-4.506307472,4.781106435
1783618401.299914122,0.394250065,-4.447643485,4.781614466
1783618401.301709652,0.374786837,-4.412680522,4.793699130
1783618401.303132772,0.362030970,-4.366531034,4.760188659
1783618401.308859348,0.350933976,-4.315912705,4.762910305
1783618401.310088158,0.340542014,-4.228043315,4.695392053
1783618401.311515570,0.340055789,-4.172174617,4.661304860
1783618401.313033581,0.323890454,-4.112242396,4.661761909
1783618401.314929008,0.300561758,-4.065094573,4.644303296
1783618401.321776152,0.282564754,-4.003337599,4.626380288
1783618401.323149204,0.261101263,-3.785322163,4.500833443
1783618401.324966192,0.251767558,-3.704076453,4.470246609
1783618401.326684713,0.229332826,-3.629907941,4.437136181
1783618401.328039408,0.220521901,-3.529735976,4.370588973
1783618401.334110975,0.211457447,-3.447269316,4.334578475
1783618401.335055590,0.187077991,-3.198605796,4.173414082
1783618401.336457014,0.183519018,-3.106364467,4.136134549
1783618401.338152409,0.164891444,-3.005881911,4.082777216
1783618401.339875221,0.160217097,-2.898996622,4.012673185
1783618401.346810818,0.156054581,-2.788633192,3.958593131
1783618401.348262310,0.134782728,-2.360552879,3.713854676
1783618401.349730253,0.144281528,-2.268733339,3.667339614
1783618401.351773739,0.124185311,-2.155935349,3.604520056
1783618401.353217602,0.127654225,-2.037747560,3.540923332
1783618401.355123520,0.121577579,-1.926119780,3.484110845
1783618401.359333992,0.117440271,-1.838273978,3.427755467
1783618401.360565662,0.103960654,-1.563431859,3.286343307
1783618401.361604214,0.099440007,-1.486302504,3.239222034
1783618401.363112688,0.093912095,-1.408227415,3.202582757
1783618401.364765167,0.094228762,-1.310513935,3.158937910
1783618401.370977402,0.086305151,-1.243747967,3.128703153
1783618401.371853828,0.063963566,-1.029488737,3.024998905
1783618401.373146296,0.062352544,-0.942047482,2.969381235
1783618401.374904156,0.052448954,-0.880210879,2.960775067
1783618401.376469612,0.046790363,-0.824769342,2.931242502
1783618401.378028631,0.033333023,-0.764811933,2.893887960
1783618401.384218454,0.026340348,-0.689152356,2.846944410
1783618401.385271072,0.005336716,-0.603562694,2.797123200
1783618401.386493206,-0.001839835,-0.542600481,2.765747326
1783618401.388051510,-0.015265805,-0.510204751,2.764408935
1783618401.389747143,-0.032206499,-0.474619597,2.728192364
1783618401.396846771,-0.043388461,-0.443421802,2.712687528
1783618401.398250341,-0.078534994,-0.288595549,2.617099967
1783618401.399712801,-0.097066636,-0.275081199,2.596780312
1783618401.401828289,-0.109291635,-0.232862572,2.557070118
1783618401.403059006,-0.120371680,-0.185840879,2.526282551
1783618401.409198523,-0.140429257,-0.181589562,2.515177186
1783618401.410331011,-0.179108719,-0.101632504,2.450164242
1783618401.411607265,-0.196448693,-0.079702073,2.423853052
1783618401.413075686,-0.221678869,-0.068152709,2.398476561
1783618401.414727211,-0.240523033,-0.035600424,2.375172456
1783618401.417947054,-0.255599743,-0.032172986,2.365439261
1783618401.418780088,-0.291164422,0.011992422,2.310133809
1783618401.419711590,-0.307646200,0.036819127,2.291098163
1783618401.421596527,-0.321777667,0.038355966,2.281588596
1783618401.423063755,-0.345169450,0.066011497,2.260102275
1783618401.424763680,-0.356729908,0.084117830,2.238687895
1783618401.426774025,-0.383528350,0.078266750,2.225726384
1783618401.428246021,-0.404971350,0.097254687,2.203386585
1783618401.433011293,-0.421412598,0.118980309,2.187830259
1783618401.433925152,-0.452841293,0.159982602,2.142645780
1783618401.434772015,-0.459002430,0.184623298,2.129129875
1783618401.436626673,-0.486829526,0.182312906,2.115805307
1783618401.438076973,-0.502137795,0.205270669,2.087193391
1783618401.439726830,-0.524639926,0.225090928,2.069924918
1783618401.446673393,-0.547559572,0.217797181,2.064009701
1783618401.448336601,-0.585537006,0.269423052,2.026770726
1783618401.449857235,-0.608920141,0.253053625,2.028178171
1783618401.451767683,-0.633166320,0.246242049,2.015682610
1783618401.453251839,-0.644434953,0.268354248,2.005769194
1783618401.459371805,-0.658274015,0.256061103,2.001326185
1783618401.460618496,-0.699224114,0.260079230,1.978631159
1783618401.461640358,-0.711281671,0.246625764,1.982983666
1783618401.463092089,-0.725010875,0.225512175,1.976869095
1783618401.464763641,-0.740120069,0.221525516,1.978685922
1783618401.471849442,-0.746999681,0.225917974,1.967812868
1783618401.473221302,-0.761856745,0.205340854,1.979091237
1783618401.474979401,-0.778158995,0.189184796,1.973326134
1783618401.476551056,-0.786884937,0.167339068,1.975306659
1783618401.478119373,-0.784334316,0.184772102,1.973841949
1783618401.484093904,-0.788085164,0.155477596,1.988096996
1783618401.485038519,-0.790775718,0.166629155,1.993706327
1783618401.486443281,-0.805357188,0.151377515,1.997559972
1783618401.488138437,-0.813295871,0.126550562,2.005966514
1783618401.489899874,-0.812830341,0.133381395,2.016271860
1783618401.494500637,-0.826934758,0.105139487,2.024064940
1783618401.495503426,-0.819946691,0.113831115,2.042180161
1783618401.496443987,-0.833194432,0.101802380,2.052054698
1783618401.498131275,-0.828791983,0.100836031,2.048952868
1783618401.499794245,-0.840072750,0.096005694,2.063752855
1783618401.501764297,-0.839842131,0.089108074,2.066291657
1783618401.503236771,-0.838713288,0.065999971,2.084218373
1783618401.509433031,-0.838544568,0.056739781,2.080822619
1783618401.510623932,-0.824673773,0.052697230,2.099964173
1783618401.511641741,-0.828466290,0.061678275,2.120000857
1783618401.513126135,-0.822159161,0.053253453,2.130070197
1783618401.514765024,-0.820148210,0.014442832,2.157432714
1783618401.521628380,-0.819170029,0.024847318,2.162956690
1783618401.523083448,-0.806115679,0.025389571,2.220033937
1783618401.525024176,-0.806789492,0.008279448,2.246304921
1783618401.526856184,-0.820424322,-0.026153757,2.250635886
1783618401.528049707,-0.811319289,-0.026632771,2.269721571
1783618401.534123898,-0.814825724,-0.023968545,2.271632517
1783618401.535058498,-0.804129650,-0.033130321,2.314587361
1783618401.536453485,-0.812632387,-0.072366503,2.320444416
1783618401.538096666,-0.822851347,-0.086338589,2.310576985
1783618401.539745092,-0.815936067,-0.082608079,2.318346455
1783618401.546874762,-0.820308604,-0.103195437,2.326981608
1783618401.548269987,-0.814204467,-0.106083463,2.351277097
1783618401.549703121,-0.825704238,-0.133245265,2.353161435
1783618401.551720619,-0.831356226,-0.165524166,2.357384888
1783618401.553116560,-0.825426221,-0.159390581,2.367501100
1783618401.554798126,-0.834170999,-0.176921456,2.365412543
1783618401.559462309,-0.828607858,-0.186058082,2.365963387
1783618401.560688019,-0.838507608,-0.205248866,2.388895727
1783618401.561756372,-0.826458743,-0.199977322,2.388556568
1783618401.563248396,-0.836394728,-0.224162628,2.385055465
1783618401.564913511,-0.842011988,-0.275543877,2.387524767
1783618401.566427469,-0.844851965,-0.294417875,2.385836837
1783618401.570278406,-0.842965481,-0.291742567,2.396430748
1783618401.571454048,-0.847654626,-0.317747419,2.399144225
1783618401.573082209,-0.854027992,-0.311583002,2.390803839
1783618401.574970484,-0.852999007,-0.352849191,2.403052173
1783618401.576555014,-0.857421124,-0.364710311,2.407652056
1783618401.578147650,-0.852213026,-0.404855694,2.402731876
1783618401.584136724,-0.859160596,-0.424203990,2.397693112
1783618401.585150719,-0.868730502,-0.457117768,2.406252285
1783618401.586373091,-0.859194385,-0.457445735,2.398415832
1783618401.588042021,-0.864114021,-0.494346736,2.399171509
1783618401.589895248,-0.874940648,-0.529749440,2.380802491
1783618401.596808195,-0.878060516,-0.545123062,2.368016249
1783618401.598143578,-0.876401944,-0.599047291,2.347661120
1783618401.599825621,-0.873611194,-0.638167542,2.332808690
1783618401.601759195,-0.869098176,-0.660428099,2.323181366
1783618401.603182554,-0.865421774,-0.667425718,2.323751879
1783618401.609300613,-0.873194888,-0.709373872,2.321492389
1783618401.610443115,-0.862566674,-0.776591047,2.315544922
1783618401.611455917,-0.856519772,-0.778793215,2.314198448
1783618401.613166809,-0.852797677,-0.811413703,2.316228293
1783618401.614828348,-0.844916246,-0.848330564,2.306860738
1783618401.621791124,-0.846183654,-0.861782962,2.283555688
1783618401.623242378,-0.822568467,-0.945329154,2.291095685
1783618401.624929667,-0.827523274,-0.970928275,2.283620703
1783618401.626781702,-0.826632572,-0.992254091,2.272191533
1783618401.628193378,-0.814067781,-1.024601228,2.275088989
1783618401.631606102,-0.808660643,-1.045758425,2.266246207
1783618401.634167671,-0.798037388,-1.074445688,2.271074184
1783618401.635133982,-0.788667809,-1.117137349,2.271506836
1783618401.636568308,-0.778883234,-1.137524250,2.271548788
1783618401.638223410,-0.771748799,-1.133051022,2.262211157
1783618401.639871120,-0.757708010,-1.173589399,2.288212780
1783618401.646538496,-0.754406252,-1.209857797,2.275579538
1783618401.648125887,-0.710314570,-1.281341271,2.277175004
1783618401.649784803,-0.695904511,-1.306573718,2.283587425
1783618401.651807308,-0.689473361,-1.333317909,2.281830773
1783618401.653255701,-0.664295007,-1.372901357,2.290335245
1783618401.659216881,-0.666496691,-1.384138278,2.292115018
1783618401.660356283,-0.626640044,-1.467641022,2.312111909
1783618401.661371231,-0.608237367,-1.502057664,2.322266970
1783618401.663234234,-0.598385928,-1.548270123,2.329057974
1783618401.664720058,-0.587389595,-1.572569828,2.343103178
1783618401.671733856,-0.573422553,-1.623966323,2.370168082
1783618401.673314810,-0.540504607,-1.801611444,2.442226713
1783618401.674743891,-0.534322178,-1.853210736,2.453441020
1783618401.676736355,-0.521382737,-1.897710621,2.465633627
1783618401.678205967,-0.506509727,-1.937132210,2.484369163
1783618401.684151411,-0.496807934,-1.982600609,2.489296606
1783618401.685071945,-0.448471313,-2.126316727,2.535781559
1783618401.686469555,-0.445194803,-2.194822215,2.543139667
1783618401.688118219,-0.429060020,-2.247403235,2.558135607
1783618401.689906597,-0.400554507,-2.323192291,2.587028560
1783618401.693035603,-0.388352597,-2.381352918,2.595560664
1783618401.696763992,-0.344260749,-2.509714688,2.622969754
1783618401.698063850,-0.295374627,-2.663715141,2.656447276
1783618401.699778795,-0.272646516,-2.710175011,2.664610803
1783618401.701755762,-0.247682679,-2.742817848,2.691126210
1783618401.703167200,-0.203455468,-2.827684823,2.698470553
1783618401.707866669,-0.185388409,-2.880716370,2.706962165
1783618401.708868504,-0.068866240,-3.064535212,2.742754437
1783618401.709707499,-0.030484451,-3.117874599,2.752228474
1783618401.711554289,0.008365876,-3.177302977,2.770659230
1783618401.713185787,0.031188210,-3.263246551,2.791960585
1783618401.714776754,0.074138675,-3.362552593,2.803414079
1783618401.721634626,0.084281747,-3.431298869,2.845961407
1783618401.723103285,0.227301905,-3.660439865,2.861874071
1783618401.724818230,0.252606099,-3.710744760,2.861264090
1783618401.726521730,0.282096103,-3.779461455,2.873287761
1783618401.728123426,0.326247854,-3.912222960,2.894594131
1783618401.734176159,0.350607364,-3.887826916,2.836901448
1783618401.735105515,0.489552360,-4.142696898,2.881428854
1783618401.736502409,0.512474939,-4.214258352,2.908406118
1783618401.738168716,0.533052406,-4.324168874,2.947900390
1783618401.739938736,0.568510175,-4.360480687,2.955921183
1783618401.746742487,0.575571389,-4.416037108,3.005307066
1783618401.748097420,0.668181976,-4.591025826,3.083255930
1783618401.749764919,0.680574616,-4.621565272,3.115218269
1783618401.751754999,0.674851988,-4.658889969,3.135407313
1783618401.753177643,0.706391077,-4.719879725,3.149971420
1783618401.759418726,0.702721207,-4.719969945,3.164383799
1783618401.760713577,0.748029185,-4.774541139,3.187197168
1783618401.761765718,0.769892239,-4.813817594,3.191861251
1783618401.763044596,0.759698377,-4.835499731,3.215556665
1783618401.770401478,0.749089334,-4.846727521,3.249485539
1783618401.771378994,0.799291144,-4.971828505,3.348734606
1783618401.773057938,0.824341674,-5.009546794,3.396918193
1783618401.774753809,0.820407684,-5.033768451,3.443831295
1783618401.776806116,0.814487713,-5.055977102,3.486863676
1783618401.778102398,0.828435284,-5.082748079,3.497756880
1783618401.784267187,0.818200710,-5.087900435,3.535266342
1783618401.785227537,0.828927271,-5.177163473,3.620853175
1783618401.786447287,0.838386979,-5.167483716,3.620175357
1783618401.788128138,0.830010618,-5.153771629,3.646473261
1783618401.789717436,0.831940797,-5.174042383,3.676062727
1783618401.796735287,0.804675799,-5.173192765,3.695766882
1783618401.798269749,0.798050497,-5.198985408,3.790534986
1783618401.799899101,0.788542663,-5.214407357,3.829051907
1783618401.801804304,0.769832649,-5.179437712,3.852209735
1783618401.803119898,0.775294018,-5.177908410,3.868132540
1783618401.809345722,0.752048150,-5.176281211,3.880680268
1783618401.810526848,0.729185199,-5.189539408,3.949623337
1783618401.811544418,0.730045925,-5.212048000,3.978043166
1783618401.813043118,0.715924964,-5.211143435,4.006999462
1783618401.814699650,0.708386636,-5.237264699,4.044725229
1783618401.823120594,0.668554542,-5.267418545,4.153537690
1783618401.824836969,0.675025105,-5.274754708,4.176726491
1783618401.826813936,0.648585443,-5.269856082,4.207148150
1783618401.828187466,0.657717250,-5.278443422,4.219494280
1783618401.832071781,0.625101459,-5.278052749,4.232498521
1783618401.833055496,0.627441600,-5.281894182,4.264831646
1783618401.834927320,0.637661789,-5.290524372,4.280737312
1783618401.836482525,0.601447968,-5.286426267,4.302670793
1783618401.838117123,0.588593758,-5.270812955,4.328363335
1783618401.839929581,0.594829738,-5.278562572,4.357672411
1783618401.846720695,0.549306008,-5.277182732,4.372108012
1783618401.848074436,0.566868408,-5.221371335,4.385556644
1783618401.849757671,0.546839240,-5.175576777,4.398963159
1783618401.851758718,0.524915442,-5.137236139,4.412412251
1783618401.853192329,0.533947130,-5.116251680,4.418827490
1783618401.859233856,0.494490582,-5.082572749,4.427419808
1783618401.860382318,0.498156596,-4.910919721,4.382526905
1783618401.861399412,0.509989725,-4.851077076,4.378304839
1783618401.863373756,0.484983790,-4.791302972,4.384504188
1783618401.864810944,0.452104003,-4.755307426,4.383102330
1783618401.866585493,0.418767984,-4.682322087,4.380685999
1783618401.871683598,0.422070761,-4.635935625,4.376508035
1783618401.873123884,0.427769305,-4.561703778,4.348969413
1783618401.874779224,0.406759528,-4.492444515,4.356827726
1783618401.876802683,0.368762636,-4.429012315,4.347211550
1783618401.878225803,0.373505081,-4.389445677,4.341462705
1783618401.884209394,0.339484113,-4.329781225,4.330986582
1783618401.885229826,0.319478712,-4.103596038,4.259283594
1783618401.886446476,0.323429929,-4.026199021,4.243979901
1783618401.888134480,0.293789463,-3.959437619,4.232080110
1783618401.889931440,0.262865473,-3.885043916,4.228803880
1783618401.895041943,0.244253806,-3.786315586,4.201705853
1783618401.896767616,0.226212256,-3.645605207,4.158393265
1783618401.898049831,0.234783115,-3.536708983,4.116433492
1783618401.899748802,0.208091847,-3.445839242,4.107920355
1783618401.901730299,0.190059615,-3.358146262,4.082662429
1783618401.903158188,0.182802904,-3.288171095,4.056122531
1783618401.909219503,0.164290028,-3.181201590,4.026588059
1783618401.910396338,0.152579448,-2.820126418,3.880248530
1783618401.911397934,0.142004838,-2.725157472,3.840078858
1783618401.913119555,0.133523208,-2.645179755,3.816465140
1783618401.914774418,0.113802874,-2.542003375,3.773354745
1783618401.921661377,0.107031010,-2.440560605,3.742042792
1783618401.923098803,0.087813492,-2.198487871,3.641746779
1783618401.924741507,0.082239724,-2.104282270,3.619274144
1783618401.926731586,0.059033096,-2.036526692,3.583621435
1783618401.928170681,0.054280863,-1.957211310,3.552506749
1783618401.934190750,0.035824099,-1.878691794,3.514797680
1783618401.935109377,-0.012398286,-1.601455623,3.423944908
1783618401.936532974,-0.027714934,-1.526287652,3.406482661
1783618401.938197613,-0.042504652,-1.481959123,3.382520598
1783618401.939961910,-0.052813318,-1.408814713,3.350496903
1783618401.946836710,-0.053848094,-1.338706443,3.317406394
1783618401.948108196,-0.093129497,-1.199076308,3.256687290
1783618401.949760199,-0.101389437,-1.137895531,3.214484500
1783618401.951740742,-0.112858781,-1.104495641,3.192951097
1783618401.953204870,-0.134845511,-1.060855884,3.166318012
1783618401.956360579,-0.149536629,-1.022237545,3.150592189
1783618401.957341433,-0.183727840,-0.975013495,3.114340380
1783618401.958198786,-0.194518925,-0.926811817,3.099999609
1783618401.959896088,-0.195485219,-0.886912546,3.085487118
1783618401.961452961,-0.224071380,-0.877475363,3.070381414
1783618401.963248968,-0.236937993,-0.853827175,3.052404377
1783618401.964879990,-0.248752141,-0.811051275,3.040264502
1783618401.971653700,-0.260413498,-0.812661886,3.033950220
1783618401.973136902,-0.311747045,-0.740949198,3.000673039
1783618401.974805832,-0.333105630,-0.734864267,2.992835943
1783618401.976798773,-0.354459421,-0.737420163,2.974622256
1783618401.978213549,-0.372571177,-0.701462985,2.961691264
1783618401.984181881,-0.393075200,-0.709731910,2.955966958
1783618401.985106230,-0.456641205,-0.640816931,2.928776791
1783618401.986503601,-0.469449777,-0.613229158,2.902467132
1783618401.988231182,-0.481399645,-0.595150145,2.894874122
1783618401.989964247,-0.504371837,-0.589935166,2.880979393
1783618401.996762991,-0.519779715,-0.577269155,2.855395646
1783618401.998032093,-0.548184156,-0.498915032,2.795791999
1783618401.999716520,-0.560883762,-0.473419281,2.763401679
1783618402.001756430,-0.580969440,-0.459443121,2.754197163
1783618402.003244638,-0.580431057,-0.447537169,2.745446461
1783618402.009154797,-0.596977348,-0.434320528,2.722301462
1783618402.010263205,-0.600377420,-0.318889817,2.649792900
1783618402.011523247,-0.598093004,-0.291675775,2.616612809
1783618402.013233423,-0.602253643,-0.279191470,2.577832846
1783618402.014878273,-0.606312878,-0.253416578,2.557359035
1783618402.017541409,-0.613980394,-0.259790046,2.517426729
1783618402.018453360,-0.611395218,-0.233782833,2.478095340
1783618402.021687746,-0.600810953,-0.216508731,2.458522070
1783618402.023132086,-0.602100170,-0.190690257,2.418501400
1783618402.024783134,-0.605651758,-0.197251402,2.393558041
1783618402.026747227,-0.586249589,-0.166944970,2.366689770
1783618402.028160334,-0.579029181,-0.142987718,2.332490646
1783618402.032522440,-0.573109339,-0.127600124,2.302416765
1783618402.033395529,-0.502782777,-0.063787063,2.231844895
1783618402.034776211,-0.496241921,-0.020369131,2.193790227
1783618402.036457777,-0.475208473,0.007883469,2.163243697
1783618402.038128614,-0.465401164,0.019725134,2.125510448
1783618402.039918184,-0.451555751,0.029814478,2.114318929
1783618402.046777964,-0.440068024,0.057032503,2.100747132
1783618402.048075438,-0.401497564,0.118310305,2.034890943
1783618402.049758196,-0.385736273,0.147881748,2.022284907
1783618402.051773071,-0.388658192,0.152921189,1.999341935
1783618402.053220272,-0.371927704,0.182255525,1.992857273
1783618402.059229136,-0.359791829,0.204795251,1.987594774
1783618402.060368061,-0.300430093,0.275337661,1.960701163
1783618402.061377525,-0.282855197,0.305435536,1.939514483
1783618402.063107967,-0.277378677,0.342463093,1.934970287
1783618402.064789057,-0.275381965,0.338288604,1.925375069
1783618402.071724176,-0.259213551,0.342240770,1.920158991
1783618402.073213339,-0.225102946,0.407415463,1.890404700
1783618402.074808121,-0.218005395,0.422543594,1.873288881
1783618402.076760292,-0.205113571,0.436657800,1.866456332
1783618402.078178406,-0.205148188,0.440009414,1.850831959
1783618402.080192089,-0.199142851,0.457039119,1.835431667
1783618402.084190607,-0.190152078,0.481163605,1.822611021
1783618402.085142136,-0.169716463,0.512818452,1.796237391
1783618402.086551189,-0.163633089,0.503496502,1.789593191
1783618402.088020086,-0.157498017,0.493855374,1.789828459
1783618402.095537424,-0.162276431,0.484467543,1.788269538
1783618402.096827984,-0.152127567,0.501777255,1.773084265
1783618402.098293781,-0.146887951,0.506903824,1.767861204
1783618402.099963903,-0.141563702,0.512750855,1.775011445
1783618402.101536751,-0.147475589,0.480054626,1.785501633
1783618402.103230715,-0.143185826,0.479804067,1.772895580
1783618402.109263182,-0.145325830,0.491296347,1.774373881
1783618402.110425949,-0.136760142,0.456945694,1.779304686
1783618402.111459017,-0.133314647,0.441060450,1.774983355
1783618402.113168478,-0.135242271,0.426447715,1.768020595
1783618402.114846468,-0.140550707,0.443431699,1.772981058
1783618402.121673346,-0.142705454,0.435751028,1.763230785
1783618402.123090267,-0.133505746,0.424637671,1.759969299
1783618402.124750376,-0.148402790,0.402926995,1.751758442
1783618402.126802921,-0.149914343,0.402689525,1.747849919
1783618402.128268719,-0.149298657,0.420488923,1.746340350
1783618402.134157181,-0.153535479,0.397520980,1.741087585
1783618402.135086060,-0.162862242,0.391967238,1.715465533
1783618402.136482239,-0.160663220,0.392638365,1.709054709
1783618402.138131142,-0.161629071,0.399593880,1.702713474
1783618402.139730930,-0.169185213,0.392629618,1.705324830
1783618402.146780252,-0.175557298,0.382639768,1.701191684
1783618402.148087978,-0.165548569,0.361569755,1.701211887
1783618402.149745941,-0.177904676,0.382420906,1.687891327
1783618402.151665211,-0.182345991,0.380949047,1.686485766
1783618402.153094530,-0.185054394,0.352584647,1.688877407
1783618402.156433344,-0.189469302,0.354988160,1.676602858
1783618402.159128666,-0.188515952,0.336604210,1.670320884
1783618402.160159111,-0.190563794,0.330172582,1.671462382
1783618402.161448002,-0.190942205,0.312298710,1.675461355
1783618402.163130522,-0.197878145,0.288047016,1.672312408
1783618402.164892435,-0.193123588,0.279833963,1.666849623
1783618402.171725035,-0.194901582,0.277721595,1.669129907
1783618402.173196316,-0.192845630,0.238471108,1.669914341
1783618402.174824238,-0.190715467,0.239750445,1.673132877
1783618402.176781893,-0.201359876,0.209440441,1.670000912
1783618402.178205490,-0.192514825,0.201477559,1.667102236
1783618402.184155226,-0.183701222,0.212446063,1.666516102
1783618402.185073853,-0.171926038,0.161316319,1.663902404
1783618402.186469793,-0.170585246,0.117517135,1.654084704
1783618402.188168049,-0.168900338,0.103087940,1.651957148
1783618402.189957142,-0.163509209,0.095626744,1.648208701
1783618402.196714640,-0.161998799,0.057838099,1.650336053
1783618402.198208094,-0.143498478,0.008334056,1.649968866
1783618402.199871540,-0.137816815,-0.025344744,1.636604471
1783618402.201764584,-0.140118193,-0.029608335,1.629353018
1783618402.203285217,-0.127029497,-0.044262258,1.632370096
1783618402.209252357,-0.127765928,-0.080806996,1.621898321
1783618402.210400105,-0.102680769,-0.176603417,1.618774359
1783618402.211404800,-0.105047369,-0.209160923,1.617475557
1783618402.213116884,-0.106131944,-0.232339917,1.621348008
1783618402.214771509,-0.097496333,-0.268518562,1.614824894
1783618402.218010902,-0.098181821,-0.298458824,1.615716113
1783618402.221800089,-0.087793858,-0.312649304,1.617799828
1783618402.223264933,-0.079530777,-0.390907490,1.619420802
1783618402.224873304,-0.087153025,-0.393485861,1.603261398
1783618402.226778269,-0.074555008,-0.435074775,1.612536182
1783618402.228188992,-0.072754643,-0.480090049,1.613879042
1783618402.234089375,-0.069844749,-0.521905684,1.612756888
1783618402.234976292,-0.056471403,-0.653644556,1.628355914
1783618402.236490011,-0.040914813,-0.681987763,1.635006009
1783618402.238168240,-0.031244531,-0.727411848,1.653110705
1783618402.239969969,-0.025466525,-0.788627926,1.661161750
1783618402.246796846,-0.028612254,-0.845042226,1.660327255
1783618402.248136520,0.028624892,-1.045248773,1.698363768
1783618402.249732494,0.040168864,-1.062116152,1.701111984
1783618402.251733541,0.051083839,-1.135561090,1.718159991
1783618402.253230572,0.067921329,-1.197817680,1.713516589
1783618402.259221077,0.089553759,-1.235967402,1.737110068
1783618402.260370016,0.133294113,-1.436254311,1.801657222
1783618402.261371613,0.153232521,-1.506238912,1.838641680
1783618402.263072014,0.173168991,-1.580365716,1.871491147
1783618402.264779329,0.190413778,-1.651905280,1.903796564
1783618402.271813393,0.217009442,-1.703111189,1.936930806
1783618402.273267269,0.321659234,-1.989730885,2.053924506
1783618402.274858713,0.353932633,-2.073069592,2.098373571
1783618402.276797056,0.380460374,-2.157475467,2.131128826
1783618402.278223515,0.408493034,-2.223534910,2.169574378
1783618402.284213781,0.421903976,-2.296570205,2.216323362
1783618402.285162210,0.512680302,-2.581472444,2.330775052
1783618402.286571741,0.604008363,-2.570011076,2.291380976
1783618402.288235426,0.584645598,-2.735417052,2.416477883
1783618402.289983273,0.602206794,-2.847344036,2.467572684
1783618402.294333935,0.628455050,-2.945896337,2.503514263
1783618402.295178175,0.730941338,-3.194852167,2.616864877
1783618402.296735764,0.760038108,-3.316563635,2.647549064
1783618402.298278809,0.764554014,-3.417382047,2.671520953
1783618402.299692392,0.775012872,-3.503385848,2.723833043
1783618402.303163767,0.790286830,-3.624373697,2.793302926
1783618402.309266090,0.800323403,-3.756737109,2.830026742
1783618402.310983181,0.894680640,-4.163258333,2.968708408
1783618402.312138796,0.905420540,-4.280820912,3.003722977
1783618402.313173771,0.916986430,-4.366304157,3.030680869
1783618402.314923286,0.922861556,-4.484239112,3.093543664
1783618402.316593170,0.927651720,-4.552910105,3.144343143
1783618402.321765423,0.929063077,-4.622782082,3.218034492
1783618402.323211670,0.948460202,-4.855689280,3.286903025
1783618402.325152636,0.947214727,-4.942628737,3.341012596
1783618402.326574564,0.959364305,-5.053397964,3.428928643
1783618402.328214169,0.968910854,-5.193623633,3.460804178
1783618402.334183693,0.980768599,-5.276784993,3.540802800
1783618402.335127115,1.053184044,-5.650028599,3.720940609
1783618402.336561203,1.051992135,-5.709647594,3.749887580
1783618402.338191986,1.045085897,-5.779064991,3.784860217
1783618402.339978456,1.058692864,-5.852228200,3.793524642
1783618402.346785307,1.057359692,-5.919661762,3.856526863
1783618402.348084688,1.090025083,-6.144277125,3.929292183
1783618402.349771976,1.084893192,-6.197384273,3.977938234
1783618402.351709604,1.069337409,-6.268891739,4.020119797
1783618402.353095531,1.081508348,-6.354739182,4.031199903
1783618402.359299183,1.069622088,-6.402975679,4.092723598
1783618402.360511065,1.111057016,-6.600107212,4.169049797
1783618402.361545324,1.108970785,-6.661581513,4.163844811
1783618402.363057613,1.103156499,-6.672294993,4.196856161
1783618402.364731073,1.106694684,-6.684518373,4.219373532
1783618402.370053053,1.098302361,-6.719431835,4.242065133
1783618402.371686697,1.106307986,-6.745399490,4.267870318
1783618402.373141289,1.117865507,-6.781399111,4.257448702
1783618402.374809742,1.111256671,-6.778595489,4.291435720
1783618402.376811743,1.093802782,-6.780832415,4.348379116
1783618402.378233433,1.107172486,-6.813223138,4.343350915
1783618402.384171963,1.085772868,-6.800637424,4.384971314
1783618402.385112047,1.107547534,-6.813290958,4.372114924
1783618402.386540651,1.098917002,-6.760693370,4.416738487
1783618402.388212919,1.068469087,-6.750648044,4.471774783
1783618402.389734030,1.073958422,-6.730225212,4.460636351
1783618402.396732569,1.037874146,-6.661602469,4.512864434
1783618402.398283720,1.043083061,-6.569433072,4.492083524
1783618402.399915457,1.010414817,-6.506041016,4.548061499
1783618402.401766539,0.970617788,-6.435420509,4.605256907
1783618402.403220892,0.972264880,-6.369556026,4.581223047
1783618402.409261942,0.935873983,-6.264476855,4.630638171
1783618402.410443783,0.931205901,-5.993828534,4.514021525
1783618402.411471605,0.920056983,-5.940271577,4.472654831
1783618402.413208008,0.885833703,-5.807002341,4.490649476
1783618402.414867640,0.853506083,-5.682536356,4.518550306
1783618402.421737909,0.811475785,-5.578843541,4.532369588
1783618402.423228025,0.761354622,-5.409318816,4.451970799
1783618402.424896479,0.719922952,-5.306575440,4.466279336
1783618402.426786423,0.678877216,-5.237435167,4.508116463
1783618402.428210974,0.672276168,-5.212114612,4.502876111
1783618402.430998802,0.637946888,-5.135112552,4.536134155
1783618402.431985378,0.578763108,-5.115282807,4.544733424
1783618402.434186697,0.560835502,-5.101798796,4.541522863
1783618402.435142994,0.543643758,-5.077876910,4.555267467
1783618402.436560154,0.508723812,-5.036936434,4.591032131
1783618402.438200712,0.478049610,-4.977124702,4.630621692
1783618402.439945698,0.462190415,-4.946291762,4.626976308
1783618402.446398735,0.431521849,-4.886115451,4.655674606
1783618402.447417736,0.377403448,-4.720416396,4.593641917
1783618402.448616028,0.350855660,-4.679239539,4.573603187
1783618402.449783087,0.337446885,-4.598297243,4.550855786
1783618402.451402187,0.315888504,-4.484843771,4.550697608
1783618402.453194618,0.288422234,-4.397003796,4.538693853
1783618402.454725266,0.269948272,-4.289656619,4.517261806
1783618402.459275007,0.262296382,-4.194160571,4.481125826
1783618402.460454464,0.210556461,-4.050016940,4.412916416
1783618402.461477041,0.197575450,-3.955588173,4.368515429
1783618402.463202953,0.173691913,-3.852112534,4.358237262
1783618402.464921474,0.152430904,-3.762157295,4.341690376
1783618402.466436863,0.128598369,-3.666023594,4.323685526
1783618402.471740484,0.105879025,-3.579067958,4.288206682
1783618402.473221302,0.072402779,-3.399549620,4.219472772
1783618402.474933386,0.058051541,-3.309987137,4.198996817
1783618402.476742268,0.038838580,-3.202091531,4.170615734
1783618402.478236198,0.020834102,-3.118153337,4.145133004
1783618402.484206676,-0.000695810,-3.036988838,4.125764825
1783618402.485150099,-0.080569324,-2.707301081,4.011575398
1783618402.486575365,-0.088431611,-2.612727146,3.981238115
1783618402.488209009,-0.102724457,-2.522708084,3.965473045
1783618402.489704132,-0.117874823,-2.455104156,3.939302315
1783618402.498193979,-0.183930677,-2.159942845,3.843406499
1783618402.499814987,-0.202926820,-2.076825126,3.806847244
1783618402.501760244,-0.202650106,-2.003711821,3.784756573
1783618402.503022194,-0.223485959,-1.935812238,3.757706560
1783618402.506674767,-0.240711708,-1.880106207,3.745881529
1783618402.509218454,-0.253121907,-1.740424577,3.689304690
1783618402.510340214,-0.274357177,-1.675150384,3.646885049
1783618402.511624336,-0.286785999,-1.595201176,3.617003572
1783618402.513069868,-0.288060724,-1.510431834,3.576353099
1783618402.514723539,-0.298292493,-1.464809244,3.544459334
1783618402.521791697,-0.296965600,-1.404816624,3.510916295
1783618402.523076296,-0.318462827,-1.118397280,3.337538546
1783618402.524825573,-0.315247471,-1.052399397,3.299937687
1783618402.526465654,-0.336348233,-1.006929443,3.253251639
1783618402.528257132,-0.342152494,-0.957133509,3.211420577
1783618402.534132242,-0.343639884,-0.886178588,3.190671221
1783618402.535078287,-0.356231148,-0.708863224,3.081076737
1783618402.536479473,-0.359507535,-0.662267169,3.045272225
1783618402.538245201,-0.377771947,-0.631588815,3.024764110
1783618402.539937496,-0.383924065,-0.575519967,2.973823778
1783618402.546830416,-0.386520601,-0.539480598,2.954037304
1783618402.548107624,-0.389187003,-0.356726721,2.868329717
1783618402.549764872,-0.407481850,-0.342931434,2.846854475
1783618402.551750422,-0.415269307,-0.301038830,2.826875770
1783618402.553184986,-0.430036660,-0.275116233,2.826697263
1783618402.559319735,-0.439896308,-0.264820085,2.815734293
1783618402.560543299,-0.450221591,-0.125410580,2.773676980
1783618402.561581612,-0.469484011,-0.084332565,2.779515877
1783618402.563083887,-0.478418463,-0.057513178,2.754778098
1783618402.564727783,-0.495940838,-0.050342945,2.769517254
1783618402.571687937,-0.526071873,-0.018076470,2.742642472
1783618402.573274612,-0.541401513,0.056298110,2.723822005
1783618402.574974298,-0.563824654,0.056796008,2.726267142
1783618402.576781988,-0.579124409,0.082373279,2.712052262
1783618402.578257561,-0.584969464,0.118667390,2.700621946
1783618402.584217310,-0.592754722,0.121334983,2.692647311
1783618402.585177660,-0.616458262,0.218837248,2.648825570
1783618402.586356163,-0.615814291,0.263954732,2.633050232
1783618402.588246584,-0.645252655,0.249133791,2.632858750
1783618402.589889050,-0.649229541,0.251166845,2.637042605
1783618402.591434002,-0.668918111,0.263430812,2.616536951
1783618402.596655369,-0.665208399,0.292596423,2.615913495
1783618402.598143816,-0.680394460,0.311764481,2.606778978
1783618402.599822760,-0.697592635,0.329332554,2.598694587
1783618402.601761103,-0.685644510,0.331584940,2.586376549
1783618402.603183270,-0.702956643,0.345562551,2.573606795
1783618402.609310389,-0.714414879,0.350699493,2.569679583
1783618402.610461235,-0.699386107,0.401794661,2.551780759
1783618402.611496210,-0.711205137,0.402113345,2.546403693
1783618402.613243818,-0.726465603,0.406640547,2.525179697
1783618402.615112066,-0.726304208,0.431173644,2.513722171
1783618402.616546869,-0.731562719,0.418586679,2.507996551
1783618402.621727705,-0.727224934,0.419771026,2.496290887
1783618402.623208284,-0.720932045,0.456005019,2.468961283
1783618402.624784708,-0.730997209,0.441453179,2.458786610
1783618402.626780987,-0.727838910,0.444779030,2.450830719
1783618402.628192425,-0.726364148,0.467827506,2.457021074
1783618402.634214401,-0.736325283,0.462850137,2.450288088
1783618402.635166407,-0.723368658,0.497971928,2.407649866
1783618402.636363506,-0.725066284,0.522376078,2.386181476
1783618402.638245583,-0.745052877,0.518185691,2.374084853
1783618402.639956951,-0.734588952,0.494749444,2.371229198
1783618402.645058155,-0.740783125,0.483363046,2.370146835
1783618402.646588087,-0.732809713,0.492675346,2.355512939
1783618402.648092031,-0.734546360,0.492686416,2.352039516
1783618402.649752140,-0.736159678,0.496489679,2.348146693
1783618402.651776314,-0.735863699,0.479248226,2.359342681
1783618402.653187990,-0.742999084,0.474432571,2.346815885
1783618402.659346104,-0.755958380,0.461766400,2.342972484
1783618402.660512447,-0.740673498,0.498377195,2.299695370
1783618402.661550999,-0.733829033,0.482303717,2.315502272
1783618402.664748192,-0.755057025,0.453369787,2.302225692
1783618402.671639919,-0.745876816,0.430003164,2.294344298
1783618402.673193932,-0.733694629,0.449303101,2.257493198
1783618402.674754858,-0.746641686,0.428528635,2.263837904
1783618402.676813841,-0.743604235,0.399239661,2.249822079
1783618402.678270102,-0.741305711,0.406508420,2.236497352
1783618402.684175253,-0.748591241,0.403992677,2.234654402
1783618402.685117006,-0.731052190,0.389672387,2.223068843
1783618402.686565638,-0.739685410,0.354807426,2.211429709
1783618402.688040495,-0.739514046,0.365604177,2.206387718
1783618402.689877033,-0.740557096,0.351768094,2.200494402
1783618402.696725368,-0.750659534,0.316606145,2.199399534
1783618402.698232651,-0.742121123,0.318056719,2.183197423
1783618402.699865103,-0.750667699,0.279810610,2.187033998
1783618402.701794624,-0.757765902,0.249572430,2.182686409
1783618402.703238010,-0.757378616,0.256619244,2.180647088
1783618402.707278728,-0.753188025,0.232133384,2.178587667
1783618402.708243608,-0.757761103,0.209434806,2.177816843
1783618402.709797382,-0.764023282,0.195398151,2.188646732
1783618402.711459875,-0.774807757,0.157175831,2.184870832
1783618402.713265896,-0.780775715,0.130101527,2.179813718
1783618402.714710951,-0.775721943,0.128652902,2.190868474
1783618402.721702099,-0.784348114,0.087486932,2.184507243
1783618402.723280907,-0.780399099,0.045372416,2.176912676
1783618402.724875689,-0.784016869,0.021388845,2.184451970
1783618402.726848602,-0.794788182,-0.022078090,2.180917017
1783618402.728038311,-0.795952678,-0.029157995,2.184978830
1783618402.734183788,-0.795152197,-0.041683760,2.179160224
1783618402.735121965,-0.796207913,-0.109654544,2.197236725
1783618402.736549854,-0.796109945,-0.109327761,2.192725098
1783618402.739961863,-0.799158144,-0.154373296,2.203204028
1783618402.741457462,-0.799357134,-0.167577835,2.206409277
1783618402.746696234,-0.795996837,-0.159989983,2.211266489
1783618402.748211861,-0.796961047,-0.191349202,2.217511914
1783618402.749886990,-0.794077069,-0.212802793,2.229921483
1783618402.751818180,-0.793639183,-0.252946814,2.239869998
1783618402.753028154,-0.802823989,-0.255095999,2.237248146
1783618402.759275198,-0.805636559,-0.282289799,2.259867324
1783618402.760415554,-0.804947767,-0.338101650,2.293332346
1783618402.761435270,-0.801765758,-0.361605041,2.296381037
1783618402.763194799,-0.798651740,-0.395321708,2.304356377
1783618402.764861107,-0.809045154,-0.405405708,2.297996809
1783618402.768599987,-0.798236864,-0.436590644,2.319265065
1783618402.771749020,-0.797724917,-0.462513450,2.314652110
1783618402.773314238,-0.794768841,-0.497371387,2.320274853
1783618402.774882793,-0.792557917,-0.534611903,2.318726298
1783618402.776828766,-0.784020363,-0.586895509,2.316006150
1783618402.778028727,-0.778767465,-0.604158443,2.317191453
1783618402.783720493,-0.764569267,-0.660832589,2.331485971
1783618402.784820318,-0.745180181,-0.782516320,2.344063528
1783618402.786454439,-0.732949425,-0.866417962,2.356321438
1783618402.788123369,-0.728243072,-0.926059287,2.359831623
1783618402.789860010,-0.718183218,-0.976963270,2.364343879
1783618402.796716213,-0.705670329,-1.040254957,2.380963253
1783618402.798194408,-0.642545988,-1.329871917,2.449304944
1783618402.800001144,-0.629911830,-1.413893296,2.465811695
1783618402.801762581,-0.604064296,-1.506495891,2.500424957
1783618402.803200722,-0.590077249,-1.549447840,2.505979183
1783618402.809319496,-0.574040651,-1.635930301,2.530395798
1783618402.810446024,-0.492605918,-1.969097710,2.597963531
1783618402.811454296,-0.470069805,-2.041726992,2.607974516
1783618402.813175201,-0.450714640,-2.110651342,2.621360941
1783618402.814960718,-0.427224401,-2.204114755,2.646304679
1783618402.821765661,-0.412055511,-2.272328487,2.658817737
1783618402.823187113,-0.322844981,-2.529535905,2.676621593
1783618402.824809790,-0.298692919,-2.591725548,2.696346135
1783618402.826385975,-0.259591780,-2.662453308,2.711655228
1783618402.828178406,-0.242681897,-2.745161048,2.730312141
1783618402.830872297,-0.197971191,-2.820165868,2.726086565
1783618402.831749201,-0.118173183,-2.997842061,2.741005576
1783618402.834168434,-0.080176763,-3.088010728,2.736447341
1783618402.835134506,-0.082445266,-3.225927099,2.782753495
1783618402.839424372,-0.031324109,-3.256542835,2.777710873
1783618402.840720892,0.045588594,-3.399889435,2.773757958
1783618402.841768742,0.082320803,-3.491541241,2.781186260
1783618402.846789598,0.105885820,-3.590787887,2.795147431
1783618402.848217010,0.163680501,-3.736640693,2.809008979
1783618402.849892378,0.221754616,-3.882891430,2.854909491
1783618402.851855278,0.222635142,-3.917049832,2.866771790
1783618402.853030682,0.278045457,-3.913890166,2.827039761
1783618402.859251022,0.279443333,-3.962835817,2.847184791
1783618402.860405207,0.382738637,-4.236321514,2.930281275
1783618402.861416340,0.430510016,-4.301181287,2.931199066
1783618402.863051891,0.437602423,-4.337617626,2.970694600
1783618402.864712238,0.446063137,-4.394634006,3.010994120
1783618402.871747971,0.464136805,-4.484053509,3.074121271
1783618402.873263836,0.584613929,-4.888685001,3.253127420
1783618402.874843121,0.603495874,-4.950585652,3.314798813
1783618402.876803637,0.603111299,-5.052651642,3.383499872
1783618402.878042221,0.644322865,-5.147915526,3.420083742
1783618402.884181023,0.647808367,-5.209067783,3.465981066
1783618402.885132551,0.729540195,-5.497920514,3.602807945
1783618402.886551142,0.752348815,-5.550565227,3.661125208
1783618402.888212919,0.770273959,-5.621275584,3.741764537
1783618402.889815092,0.810756724,-5.716942984,3.796290703
1783618402.892634630,0.796385920,-5.794167744,3.870155929
1783618402.893531084,0.828992766,-5.899193165,3.954303628
1783618402.896731615,0.844603789,-5.974060421,4.003170771
1783618402.898248911,0.882479243,-6.016091936,4.045768336
1783618402.899889946,0.882415971,-6.067101937,4.125701745
1783618402.901793003,0.872559469,-6.119423464,4.170541732
1783618402.903214693,0.899283916,-6.184017834,4.223684690
1783618402.907626390,0.894085037,-6.201566010,4.268807033
1783618402.908628941,0.942318560,-6.235493804,4.297384522
1783618402.909797907,0.963125947,-6.241297391,4.322383452
1783618402.911436796,0.954446838,-6.226184201,4.345128105
1783618402.913068056,0.958996274,-6.220936644,4.375133423
1783618402.914882183,0.987048495,-6.197872364,4.387492843
1783618402.921679974,0.971588794,-6.196946375,4.418094464
1783618402.923190117,1.004219988,-6.156144947,4.455496910
1783618402.924782753,0.994862687,-6.146673002,4.482862868
1783618402.926795006,0.975615844,-6.119212818,4.513595389
1783618402.928210258,0.992101002,-6.100696126,4.540390803
1783618402.934189558,0.960795468,-6.098460145,4.564217634
1783618402.935109615,0.960732010,-6.046411169,4.616399394
1783618402.936520815,0.947062228,-6.000261720,4.640977937
1783618402.938238382,0.923366995,-5.970745352,4.658916901
1783618402.940099001,0.897766418,-5.949234967,4.664576964
1783618402.941797256,0.887100821,-5.908818951,4.692808543
1783618402.946768522,0.902787870,-5.894601497,4.697824498
1783618402.948104620,0.914706697,-5.819207805,4.700981295
1783618402.949789047,0.892946239,-5.772096071,4.732540936
1783618402.951780558,0.860916483,-5.739520704,4.775453705
1783618402.953217506,0.877431417,-5.718243669,4.781153185
1783618402.959384203,0.832218695,-5.667552497,4.810993459
1783618402.960657597,0.857952171,-5.432396326,4.772840278
1783618402.961683989,0.886716082,-5.343801525,4.753217396
1783618402.963177681,0.851547278,-5.273182153,4.760326945
1783618402.964848518,0.818052743,-5.206907606,4.771705086
1783618402.969027519,0.803713557,-5.116691649,4.771622331
1783618402.969934464,0.821160565,-5.016956067,4.737846916
1783618402.971662283,0.824284262,-4.968275091,4.719904472
1783618402.973362207,0.839572259,-4.907293429,4.712527379
1783618402.974960089,0.814319499,-4.859899536,4.740911476
1783618402.976772547,0.780378485,-4.804704321,4.738893402
1783618402.978198767,0.795800465,-4.758622864,4.733386472
1783618402.984180927,0.760112490,-4.704597190,4.739139233
1783618402.985142946,0.754563696,-4.637200612,4.723123018
1783618402.986577988,0.726802755,-4.590559287,4.731420586
1783618402.989901543,0.722087075,-4.540629698,4.761566714
1783618402.991388798,0.686530722,-4.523509818,4.779822364
1783618402.996760845,0.682493469,-4.498129227,4.763575293
1783618402.998246670,0.696567778,-4.416017168,4.741196487
1783618402.999909639,0.676718290,-4.370039156,4.743858808
1783618403.001882553,0.645043777,-4.320472003,4.747545596
1783618403.003081799,0.659968829,-4.282546186,4.735766328
1783618403.009319544,0.626478817,-4.250486280,4.739284855
1783618403.010473013,0.619468733,-4.098122238,4.657314843
1783618403.011482477,0.606756631,-4.024878855,4.632713511
1783618403.013203621,0.601498719,-3.959710625,4.621245026
1783618403.014863253,0.589570234,-3.907134724,4.614330817
1783618403.021890879,0.568504041,-3.862637267,4.598720716
1783618403.023450613,0.552071377,-3.695794299,4.524478896
1783618403.024798870,0.540340186,-3.639470654,4.506468650
1783618403.026513815,0.527133706,-3.556196352,4.466354491
1783618403.028066635,0.527204817,-3.490919748,4.446648620
1783618403.031993866,0.513146427,-3.439306793,4.420733550
1783618403.034141064,0.490468896,-3.283367135,4.336770142
1783618403.035104036,0.490206793,-3.214326879,4.306007702
1783618403.036576986,0.466863892,-3.135273667,4.271448940
1783618403.038244486,0.464206055,-3.054132722,4.233982447
1783618403.039830923,0.465721528,-2.946236154,4.186789663
1783618403.046805143,0.460695737,-2.860426178,4.144769413
1783618403.048072577,0.425409606,-2.490306836,3.960266458
1783618403.049737692,0.407373889,-2.394399915,3.908624731
1783618403.051799774,0.401587455,-2.291279254,3.858624948
1783618403.053202629,0.407027292,-2.187147987,3.802651081
1783618403.059289455,0.398861755,-2.094664991,3.769195303
1783618403.060413361,0.367469396,-1.741831362,3.596702064
1783618403.061407804,0.362945463,-1.664659523,3.559430317
1783618403.063295126,0.361730903,-1.579364843,3.519170360
1783618403.064826488,0.355697288,-1.488531714,3.486287485
1783618403.066456556,0.335844467,-1.420502236,3.459398382
1783618403.071725130,0.323087251,-1.352150059,3.417536032
1783618403.073245049,0.295735676,-1.188426062,3.352788025
1783618403.074799299,0.277725619,-1.130064894,3.323922657
1783618403.076834440,0.265087647,-1.069518527,3.292172065
1783618403.078252554,0.260559908,-0.980770058,3.251065807
1783618403.084193707,0.246230665,-0.945385621,3.216863447
1783618403.085139990,0.184920397,-0.711949154,3.099613428
1783618403.086552382,0.163946582,-0.680388626,3.077511771
1783618403.088225365,0.155190156,-0.618491459,3.040378661
1783618403.089858532,0.141481423,-0.576224753,3.030175030
1783618403.093873739,0.113757640,-0.536965040,2.999275221
1783618403.094727993,0.107199417,-0.492562017,2.968934401
1783618403.096756220,0.096944164,-0.448392215,2.954552181
1783618403.098062754,0.079012115,-0.413327805,2.926819678
1783618403.099736214,0.069972773,-0.370257709,2.897666181
1783618403.101829767,0.060261922,-0.321470390,2.876616994
1783618403.103243828,0.047320782,-0.319547470,2.883258506
1783618403.108947515,0.031498759,-0.279432173,2.845797676
1783618403.109989882,0.006865731,-0.173744208,2.776490026
1783618403.111564636,-0.001650666,-0.132670634,2.741541270
1783618403.113044739,-0.011733920,-0.100866286,2.730664546
1783618403.114698172,-0.025836693,-0.076474137,2.693377312
1783618403.121716738,-0.040558421,-0.060212802,2.669843067
1783618403.123244286,-0.074650366,0.065641870,2.585075511
1783618403.124782324,-0.083758089,0.083196971,2.576121762
1783618403.126374722,-0.115900011,0.094643047,2.562150604
1783618403.128118992,-0.132496402,0.104984780,2.548635136
1783618403.134215832,-0.142389342,0.142709105,2.538601392
1783618403.135216713,-0.181233575,0.202056695,2.514028770
1783618403.136415958,-0.184958139,0.231167620,2.502987195
1783618403.138105392,-0.200761693,0.248167377,2.497273336
1783618403.139869690,-0.222095106,0.251378355,2.476653894
1783618403.141449451,-0.236705262,0.274811689,2.467784635
1783618403.146655798,-0.243979815,0.311762354,2.456453353
1783618403.148122787,-0.261524321,0.396414455,2.394148217
1783618403.149754047,-0.273245928,0.398237064,2.386421759
1783618403.151822805,-0.288850615,0.395491805,2.374353587
1783618403.153086662,-0.295163515,0.440087209,2.347596639
1783618403.154857159,-0.300230715,0.460385507,2.329651858
1783618403.159356594,-0.302220990,0.474777489,2.311980786
1783618403.160519600,-0.290754160,0.553928918,2.263633470
1783618403.161534786,-0.288624708,0.571758262,2.246096193
1783618403.164750099,-0.307738712,0.565527256,2.239675248
1783618403.170428514,-0.318208631,0.603335472,2.213669195
1783618403.171432734,-0.287786164,0.654697034,2.158897945
1783618403.173129320,-0.283589445,0.672342366,2.142885690
1783618403.175012350,-0.287703303,0.662117260,2.146089955
1783618403.176631212,-0.285687826,0.675375702,2.134222668
1783618403.178064823,-0.276166029,0.695195740,2.126922581
1783618403.184259653,-0.273705435,0.704857016,2.110497819
1783618403.185272932,-0.228045026,0.770627462,2.075049949
1783618403.186508656,-0.225303548,0.779304970,2.071001728
1783618403.188144922,-0.216734400,0.808284616,2.069248853
1783618403.189833641,-0.219019949,0.816543343,2.067258061
1783618403.196768522,-0.219669127,0.807338944,2.072633296
1783618403.198050976,-0.186921239,0.851493954,2.073157858
1783618403.199739695,-0.192069467,0.853366317,2.074523357
1783618403.201541901,-0.186135948,0.887177958,2.082473768
1783618403.203142405,-0.179620375,0.889096289,2.088475760
1783618403.209312916,-0.179163600,0.884219606,2.085336707
1783618403.210458517,-0.150561206,0.931947668,2.112009281
1783618403.211472273,-0.130595148,0.954718396,2.113898523
1783618403.213211298,-0.138375982,0.964864520,2.128891509
1783618403.214886904,-0.148161985,0.954543457,2.123031647
1783618403.217249632,-0.149821342,0.975697315,2.129536976
1783618403.218076468,-0.137024949,0.993093522,2.125875374
1783618403.221784592,-0.127397924,0.990885064,2.127279387
1783618403.223091841,-0.122724128,1.000839074,2.123155152
1783618403.224944115,-0.138311281,1.023112900,2.117486761
1783618403.226803303,-0.134886457,1.022569258,2.106372506
1783618403.228254318,-0.132218825,1.012827711,2.110351806
1783618403.232002497,-0.140134403,1.009923729,2.098728946
1783618403.234216213,-0.130707887,1.030315907,2.087472285
1783618403.235164404,-0.125879680,1.030052581,2.080745063
1783618403.236569166,-0.131287182,1.030112868,2.067924855
1783618403.238235474,-0.143246343,1.035318633,2.072413383
1783618403.239836931,-0.148636404,1.030818715,2.060592016
1783618403.246749163,-0.163822762,1.022795524,2.060291362
1783618403.248060703,-0.159089473,1.023176654,2.056429031
1783618403.249743223,-0.173388702,1.035151130,2.054876271
1783618403.251808882,-0.186377125,1.029219676,2.056291776
1783618403.253223658,-0.194097336,1.016036881,2.056488026
1783618403.259331465,-0.202208055,1.005425688,2.059968213
1783618403.260455370,-0.201604016,1.033330926,2.054735774
1783618403.261449337,-0.202863185,1.024826406,2.058662142
1783618403.263172150,-0.222092774,0.993633272,2.060873852
1783618403.264933109,-0.243893890,1.001565369,2.054231986
1783618403.271785498,-0.256917662,1.006193559,2.058467417
1783618403.273231745,-0.256035534,0.997982326,2.054563227
1783618403.274790525,-0.269570251,0.984235769,2.052655206
1783618403.276760817,-0.289703350,0.970656532,2.045798442
1783618403.278169632,-0.287849880,0.980702738,2.039833185
1783618403.284217119,-0.293481947,0.981929712,2.040972485
1783618403.285194397,-0.280397605,0.972198369,2.040570300
1783618403.286375046,-0.280266173,0.952586349,2.053488594
1783618403.289892912,-0.305052830,0.948260015,2.050817435
1783618403.295013905,-0.318501570,0.935273031,2.067518902
1783618403.296801805,-0.314055574,0.893679261,2.075279042
1783618403.298125029,-0.319560913,0.885321992,2.074552070
1783618403.299788952,-0.333768391,0.862310962,2.081196004
1783618403.301853418,-0.340572907,0.854772966,2.079059616
1783618403.303250551,-0.343667260,0.858058881,2.076309818
1783618403.309298277,-0.344643653,0.834288492,2.068534362
1783618403.310424566,-0.334144255,0.790545400,2.079171932
1783618403.311687946,-0.333474845,0.777645767,2.076152652
1783618403.313252687,-0.337012292,0.771689826,2.096942089
1783618403.314815998,-0.331391778,0.753587258,2.105692009
1783618403.316514492,-0.341591867,0.723891605,2.121149493
1783618403.321710110,-0.343859916,0.702359627,2.130446673
1783618403.323219776,-0.334400067,0.658840335,2.159617842
1783618403.324905634,-0.343646847,0.619740779,2.161855710
1783618403.326827049,-0.338131433,0.598859710,2.171539747
1783618403.328252316,-0.336383474,0.542074258,2.183558131
1783618403.334162951,-0.329071327,0.493693758,2.171343642
1783618403.335102558,-0.287355172,0.334851681,2.171512484
1783618403.336534023,-0.268897697,0.266829518,2.163905723
1783618403.338186264,-0.255159210,0.198826265,2.168221936
1783618403.339780807,-0.236039346,0.127577631,2.189173940
1783618403.346798420,-0.213316683,0.036332987,2.210555824
1783618403.348135471,-0.125759257,-0.356171417,2.318714143
1783618403.349843740,-0.102677388,-0.450225368,2.349618758
1783618403.351783752,-0.080128283,-0.516867244,2.376569596
1783618403.353216410,-0.056960122,-0.602142938,2.407951420
1783618403.357454777,-0.050380233,-0.690702668,2.438949203
1783618403.358465195,-0.001622136,-0.815827476,2.460428619
1783618403.359956741,0.021695116,-0.897630691,2.493592945
1783618403.361438036,0.047448944,-0.968935363,2.508486679
1783618403.363135576,0.071513916,-1.002910077,2.515233298
1783618403.364706278,0.106701516,-1.070985785,2.534868853
1783618403.371758461,0.123635148,-1.131755147,2.538748311
1783618403.373348713,0.242353741,-1.396094553,2.551309970
1783618403.374716520,0.300511452,-1.438533749,2.522022711
1783618403.376806974,0.304621024,-1.421070544,2.516706319
1783618403.378238916,0.354925370,-1.505156848,2.513620257
1783618403.384141207,0.367810906,-1.573263107,2.497858923
1783618403.385107517,0.457189557,-1.728646828,2.441188347
1783618403.386510134,0.495959263,-1.837301010,2.512528052
1783618403.388250589,0.512174569,-1.990997051,2.585767623
1783618403.389809370,0.565451957,-2.104710773,2.604765421
1783618403.396787643,0.585183969,-2.173936371,2.632641092
1783618403.398062468,0.767749715,-2.545148633,2.725083370
1783618403.399706841,0.799091535,-2.672830548,2.794771855
1783618403.401823044,0.815968537,-2.796343399,2.863447901
1783618403.403046608,0.852436795,-2.878777673,2.896254647
1783618403.409336567,0.875528290,-3.001899537,2.988242776
1783618403.410545588,1.040283924,-3.482102435,3.261685063
1783618403.411581039,1.091477100,-3.620020430,3.331336330
1783618403.413069248,1.108743939,-3.722627545,3.424653080
1783618403.418536186,1.107160456,-3.837472877,3.533360505
1783618403.421673536,1.173939942,-4.082831127,3.679841997
1783618403.423353195,1.250009255,-4.323322201,3.822712312
1783618403.424751282,1.246547018,-4.449168903,3.919684524
1783618403.426765680,1.249679060,-4.549481541,4.005129045
1783618403.428192616,1.286207134,-4.651318734,4.072719668
1783618403.433664083,1.273290992,-4.779839510,4.172583896
1783618403.434832811,1.391242887,-5.102296030,4.411565411
1783618403.436425447,1.402436488,-5.214914781,4.506157843
1783618403.438054085,1.393823826,-5.319304853,4.594028743
1783618403.439786196,1.429068798,-5.419409985,4.664366995
1783618403.446768045,1.429665021,-5.480605842,4.754772630
1783618403.448073387,1.552030625,-5.830796719,4.995368028
1783618403.449775219,1.534361029,-5.903688930,5.062439668
1783618403.451780081,1.516536105,-5.973602606,5.147745165
1783618403.453195095,1.547205157,-6.043985337,5.198303505
1783618403.459344387,1.531750501,-6.099245890,5.283827867
1783618403.460515738,1.635069641,-6.343726980,5.466376096
1783618403.461530209,1.643571425,-6.423933966,5.510533850
1783618403.464725494,1.600963938,-6.458414209,5.586341510
1783618403.471903324,1.592517162,-6.514110032,5.663752156
1783618403.473122835,1.649055450,-6.717040075,5.840127267
1783618403.474864960,1.625810767,-6.758860249,5.889742191
1783618403.476594448,1.610993732,-6.789972090,5.944487210
1783618403.478120565,1.637270648,-6.826353907,5.986278762
1783618403.481006145,1.604082258,-6.855124774,6.046488921
1783618403.481924772,1.628535331,-6.907284376,6.120204594
1783618403.484162807,1.623116637,-6.926136214,6.162956686
1783618403.485161066,1.623006349,-6.943467951,6.167616581
1783618403.486568451,1.564454841,-6.914144883,6.191089135
1783618403.488213062,1.553552399,-6.913625408,6.255670671
1783618403.496618271,1.520178199,-6.900632402,6.291286290
1783618403.498290777,1.523496434,-6.834909554,6.294957510
1783618403.499810696,1.456244407,-6.780095093,6.310042619
1783618403.501814365,1.415907451,-6.714764024,6.320973517
1783618403.503239393,1.427972702,-6.691798732,6.315685794
1783618403.509345770,1.351507680,-6.640787891,6.331726339
1783618403.510501385,1.337375891,-6.434975916,6.269187764
1783618403.511532307,1.348595547,-6.367643975,6.253280739
1783618403.514747620,1.232432937,-6.293687848,6.292712319
1783618403.521773338,1.155659100,-6.234823401,6.296782356
1783618403.523118258,1.150665081,-6.002320173,6.212889621
1783618403.524770498,1.084120745,-5.916151242,6.202589568
1783618403.526827097,1.018464927,-5.844232793,6.209758129
1783618403.528159142,1.025726212,-5.786591017,6.182301494
1783618403.534216881,0.943736451,-5.700172944,6.163560688
1783618403.535182714,0.901940609,-5.378851771,6.021859951
1783618403.539286852,0.806962651,-5.273404285,6.022342393
1783618403.540510416,0.779276276,-5.101054935,5.931989926
1783618403.541600704,0.775791134,-5.006881227,5.889352412
1783618403.546878099,0.711082647,-4.928085924,5.862417454
1783618403.548213482,0.702502270,-4.726382632,5.749482486
1783618403.549877405,0.648779797,-4.633812693,5.712074005
1783618403.551820755,0.597853829,-4.540156606,5.657106765
1783618403.553220987,0.594003047,-4.410847801,5.589266978
1783618403.558134556,0.552610010,-4.291690523,5.525130393
1783618403.559938908,0.513269136,-3.947044584,5.316261100
1783618403.561445713,0.489535994,-3.812662881,5.250820751
1783618403.563050985,0.480348383,-3.696426873,5.177284903
1783618403.564745903,0.446061058,-3.573743845,5.110731374
1783618403.571776628,0.423234992,-3.414969524,5.018725088
1783618403.573363066,0.381514242,-2.898733334,4.721842315
1783618403.574799538,0.364318110,-2.767097420,4.645422595
1783618403.576399803,0.343966719,-2.647676661,4.571239748
1783618403.578184366,0.329926145,-2.506464916,4.488542604
1783618403.584163904,0.322270346,-2.377862353,4.427827678
1783618403.585091114,0.284399560,-1.905979575,4.128988789
1783618403.586491823,0.266555304,-1.795984412,4.065178420
1783618403.588346481,0.268383460,-1.672446583,3.996469686
1783618403.589937449,0.245596504,-1.583825165,3.934533141
1783618403.596774817,0.235811224,-1.492501889,3.880447163
1783618403.598214388,0.193961087,-1.236892436,3.713252601
1783618403.599897861,0.179661769,-1.154567464,3.664889764
1783618403.601809025,0.179026567,-1.078305531,3.626940640
1783618403.603036880,0.155552188,-1.033104073,3.596427301
1783618403.609386444,0.140950011,-0.952336218,3.542659768
1783618403.610574007,0.090074925,-0.708196906,3.392995622
1783618403.611612558,0.072128316,-0.680253192,3.370434873
1783618403.613108158,0.065846377,-0.622232310,3.325094859
1783618403.614784241,0.051732296,-0.571185632,3.303610209
1783618403.619610548,0.026831778,-0.544995969,3.265903362
1783618403.620519876,0.002498613,-0.442064247,3.189626709
1783618403.621451378,-0.014769912,-0.412948006,3.169707838
1783618403.623225689,-0.036719842,-0.367246649,3.126057374
1783618403.626912117,-0.065180726,-0.345292256,3.101851515
1783618403.628223658,-0.075058293,-0.299326862,3.051806280
1783618403.634201527,-0.101660692,-0.297793647,3.027771703
1783618403.635140657,-0.159329798,-0.194545988,2.898636956
1783618403.636559486,-0.187705886,-0.161385664,2.862933434
1783618403.638213396,-0.199980289,-0.153514233,2.843159147
1783618403.639797211,-0.219888998,-0.144129447,2.829626563
1783618403.646725416,-0.245994446,-0.143157830,2.797616131
1783618403.648205996,-0.295270748,-0.078480068,2.729954974
1783618403.649863720,-0.320657044,-0.070519747,2.720861783
1783618403.651858568,-0.339546065,-0.057524416,2.693392606
1783618403.653067112,-0.363493738,-0.046715888,2.687491010
1783618403.659334421,-0.386868839,-0.062745550,2.679538302
1783618403.660477161,-0.454969609,0.003274604,2.634735393
1783618403.661495447,-0.467428346,0.035870058,2.624621278
1783618403.663262129,-0.488106179,0.029273767,2.619116983
1783618403.671731710,-0.510136272,-0.000686512,2.601216899
1783618403.673176527,-0.571272154,0.054628122,2.574775875
1783618403.674720526,-0.582700971,0.055200387,2.562721466
1783618403.676832199,-0.597232950,0.038912476,2.568069600
1783618403.678054571,-0.606849829,0.040323657,2.560811980
1783618403.681499004,-0.621486502,0.054434273,2.540449790
1783618403.684217453,-0.634998284,0.086775498,2.521918891
1783618403.685178995,-0.641063320,0.126441105,2.496961976
1783618403.689331293,-0.656340615,0.110365443,2.487900722
1783618403.690513134,-0.669241469,0.135482730,2.463058850
1783618403.691553354,-0.667971472,0.153461609,2.450144474
1783618403.696738005,-0.671257388,0.133998273,2.446302914
1783618403.698106766,-0.676479599,0.166365899,2.427665897
1783618403.699798584,-0.680388325,0.167053945,2.428414016
1783618403.701845169,-0.692831173,0.149150202,2.425627033
1783618403.703073263,-0.698699331,0.171618971,2.417081525
1783618403.709304094,-0.692350214,0.187619148,2.408199998
1783618403.710458517,-0.680016305,0.230185306,2.380724464
1783618403.711470366,-0.679516333,0.255504726,2.361569217
1783618403.713211060,-0.675589985,0.264514123,2.348736811
1783618403.721824884,-0.678421712,0.260161480,2.350397074
1783618403.723332167,-0.639966619,0.314531229,2.291403666
1783618403.724867821,-0.644150250,0.322655389,2.280498387
1783618403.726432323,-0.632417815,0.337104640,2.269947824
1783618403.728232861,-0.632201178,0.348707437,2.263504217
1783618403.734180450,-0.618739442,0.357211556,2.252585202
1783618403.735108137,-0.582817215,0.417130128,2.217362555
1783618403.736512899,-0.579911713,0.408677062,2.201674763
1783618403.738207817,-0.566824244,0.429801117,2.179094018
1783618403.739923000,-0.558236499,0.453793072,2.171257463
1783618403.741394758,-0.548058588,0.454484586,2.170951159
1783618403.744098663,-0.532682128,0.476883131,2.163025787
1783618403.744968414,-0.521390373,0.502288587,2.153993705
1783618403.746754646,-0.510301729,0.514011911,2.149059729
1783618403.748267174,-0.501314579,0.525825511,2.143584411
1783618403.749913692,-0.504912485,0.547442916,2.127494017
1783618403.751785994,-0.487461567,0.551289083,2.132746073
1783618403.753226042,-0.483021785,0.554930938,2.128698592
1783618403.759354591,-0.478039521,0.569584669,2.111601187
1783618403.760499716,-0.428510239,0.617073777,2.091150248
1783618403.761525393,-0.424063965,0.625103579,2.098181039
1783618403.763256550,-0.423253786,0.613614189,2.089647976
1783618403.771687508,-0.431914641,0.603435141,2.087515936
1783618403.773362637,-0.394585935,0.627676394,2.069131471
1783618403.774947405,-0.391651005,0.639201927,2.062499194
1783618403.776809692,-0.398907480,0.605177277,2.069422068
1783618403.778062105,-0.387752759,0.606483136,2.057935229
1783618403.784220934,-0.392585164,0.602398406,2.068016466
1783618403.785221100,-0.372455037,0.590216214,2.046329950
1783618403.786421299,-0.362964613,0.578255299,2.046416457
1783618403.788085222,-0.367085209,0.555140387,2.053281838
1783618403.790026665,-0.366866948,0.538737880,2.060348388
1783618403.796851635,-0.368742371,0.502056015,2.062715174
1783618403.798193216,-0.340918486,0.491241462,2.060971088
1783618403.799904585,-0.347935779,0.443419510,2.068498405
1783618403.801826477,-0.348750638,0.424039154,2.070817424
1783618403.803259850,-0.333669322,0.454039613,2.060316879
1783618403.805239916,-0.331919554,0.415706941,2.058805482
1783618403.809287786,-0.336405164,0.417220465,2.051153845
1783618403.810529709,-0.313198676,0.387448784,2.065900116
1783618403.811606884,-0.292386423,0.387318900,2.062866876
1783618403.813162804,-0.296195166,0.393710067,2.060010480
1783618403.814858198,-0.282450664,0.359355344,2.067570118
1783618403.821162701,-0.295519002,0.334753672,2.069794511
1783618403.822102547,-0.265900889,0.333693529,2.076881121
1783618403.823315144,-0.259846229,0.361460506,2.081078091
1783618403.824900627,-0.255621988,0.345823414,2.090862902
1783618403.826576710,-0.255158452,0.311573831,2.093909776
1783618403.828159094,-0.247439414,0.322561674,2.095731089
1783618403.834223509,-0.242363446,0.321983084,2.108153619
1783618403.835274935,-0.207020315,0.335728863,2.123479684
1783618403.836538553,-0.199771874,0.343469015,2.124713610
1783618403.838214874,-0.185940664,0.314176586,2.137742880
1783618403.839899063,-0.186361913,0.310977230,2.154887875
1783618403.846795559,-0.178383358,0.301616634,2.169850842
1783618403.848230362,-0.139073026,0.288293858,2.201875288
1783618403.849892378,-0.136067653,0.267908702,2.210931258
1783618403.851883888,-0.127327523,0.261553053,2.219356132
1783618403.853079081,-0.113810530,0.256084504,2.241438522
1783618403.859349012,-0.107470233,0.233201404,2.255473025
1783618403.860572815,-0.066193133,0.139363034,2.317825265
1783618403.861633539,-0.048490955,0.128001992,2.335326181
1783618403.863137245,-0.042777924,0.104473970,2.342139538
1783618403.864814520,-0.027854120,0.029311137,2.374119690
1783618403.871838808,-0.015825203,0.003974458,2.379697673
1783618403.873137951,0.036873566,-0.104033605,2.412356417
1783618403.874815702,0.052760788,-0.139441568,2.418852199
1783618403.876515627,0.073815553,-0.162579850,2.442072938
1783618403.878069401,0.089895856,-0.209365465,2.446488121
1783618403.883735418,0.108147505,-0.266435442,2.457269741
1783618403.884843826,0.173410044,-0.414822697,2.522929972
1783618403.886460066,0.189354902,-0.466122846,2.548077615
1783618403.888124228,0.206166158,-0.498956218,2.570222245
1783618403.889893770,0.235638938,-0.564467571,2.600873409
1783618403.896780014,0.254714367,-0.623827084,2.621984840
1783618403.898220301,0.357747181,-0.796947837,2.722846612
1783618403.899927616,0.393727084,-0.835375579,2.752806055
1783618403.901817322,0.420705629,-0.901312452,2.789802738
1783618403.903244257,0.459548508,-0.965712211,2.821157404
1783618403.909345627,0.499061955,-1.019834597,2.864784852
1783618403.910474300,0.629715063,-1.359226988,3.034997235
1783618403.911472797,0.671854828,-1.474928711,3.083864166
1783618403.913183928,0.707628340,-1.559154534,3.135371968
1783618403.914846420,0.749907147,-1.675091045,3.205415833
1783618403.921753645,0.799464526,-1.810404373,3.270811379
1783618403.923094511,0.934886297,-2.277026033,3.486301685
1783618403.924873352,0.988249532,-2.416629950,3.575043242
1783618403.926834583,1.038083583,-2.573606950,3.672425689
1783618403.928240538,1.081112441,-2.764622973,3.760073034
1783618403.930876255,1.125885009,-2.934862033,3.851954687
1783618403.931788445,1.235401407,-3.293089171,4.064092446
1783618403.934270859,1.282800656,-3.499004573,4.160451856
1783618403.935219526,1.334592107,-3.661294124,4.242570508
1783618403.936404705,1.392138478,-3.843820731,4.332907693
1783618403.938061953,1.406992125,-4.002132882,4.431915135
1783618403.946352959,1.400961500,-4.134865707,4.529545579
1783618403.947342873,1.580741692,-4.796383575,4.906807198
1783618403.948336840,1.625182251,-4.944903259,4.988993622
1783618403.949811697,1.642974289,-5.098061190,5.090032792
1783618403.951451302,1.654519139,-5.215656525,5.165218822
1783618403.953225613,1.675040726,-5.330277100,5.255101868
1783618403.959412098,1.713370679,-5.478432646,5.325803232
1783618403.960569143,1.831251377,-5.870031603,5.555988148
1783618403.961619139,1.863409134,-5.986451321,5.611201553
1783618403.963142395,1.861814272,-6.084395768,5.702243110
1783618403.964819193,1.857448754,-6.176019340,5.781368301
1783618403.971701384,1.848645443,-6.280989511,5.852926247
1783618403.973116159,1.937320595,-6.570475758,6.015700390
1783618403.974909782,1.920070343,-6.651476824,6.075041510
1783618403.976918697,1.902909535,-6.709440559,6.139841072
1783618403.978098631,1.921254323,-6.784581997,6.183808382
1783618403.984147072,1.896728178,-6.865108341,6.246402641
1783618403.985185385,1.944925611,-7.072935426,6.363945289
1783618403.986377716,1.974389962,-7.111573247,6.393645814
1783618403.988250017,1.917766694,-7.180040285,6.486214535
1783618403.989928007,1.927588403,-7.247511895,6.531831017
1783618403.991656780,1.892998289,-7.305874593,6.592548913
1783618403.996859074,1.904363486,-7.347155647,6.643057072
1783618403.998071671,1.942178555,-7.490360412,6.758080574
1783618403.999731541,1.910625368,-7.550679098,6.811397880
1783618404.001839876,1.874659783,-7.580678314,6.852279615
1783618404.003246784,1.897361090,-7.607934424,6.887480140
1783618404.006301880,1.867885647,-7.660380420,6.936664508
1783618404.007291317,1.880925093,-7.732394216,6.993325462
1783618404.008132219,1.886506155,-7.778464784,7.015397083
1783618404.009882689,1.893206310,-7.779284928,7.029348241
1783618404.011471510,1.871322357,-7.791599539,7.068142925
1783618404.013149500,1.844367253,-7.799827897,7.095995780
1783618404.020989180,1.810127239,-7.783255309,7.122861417
1783618404.021888018,1.827252427,-7.730535706,7.105450270
1783618404.023339987,1.834872859,-7.724139729,7.118212419
1783618404.024866819,1.781768297,-7.707876142,7.137081894
1783618404.034241676,1.692149802,-7.659950118,7.201928819
1783618404.035267591,1.681182394,-7.635756709,7.216358270
1783618404.036643744,1.689084021,-7.621706890,7.223410622
1783618404.038244724,1.637967170,-7.570551670,7.244360016
1783618404.040093422,1.562672733,-7.537626558,7.258180335
1783618404.041520596,1.564410826,-7.514447040,7.256598632
1783618404.046798229,1.498465952,-7.468670299,7.269829832
1783618404.048222542,1.485144784,-7.416048231,7.241054191
1783618404.049869299,1.424690570,-7.362192714,7.266170783
1783618404.051841259,1.348538824,-7.347598969,7.285059879
1783618404.053060055,1.352356160,-7.337230460,7.280636434
1783618404.059346199,1.280739072,-7.307163036,7.300601951
1783618404.060487270,1.275688067,-7.193386171,7.215351468
1783618404.061488390,1.271356713,-7.163390061,7.199170230
1783618404.063198328,1.209418268,-7.107514385,7.191406642
1783618404.064845085,1.159098396,-7.007218995,7.180571759
1783618404.068226814,1.093279301,-6.929368622,7.160335063
1783618404.071712494,1.089136479,-6.893624040,7.125115773
1783618404.073091984,1.099664218,-6.754630411,7.025370674
1783618404.074865103,1.042662639,-6.673052133,7.003619024
1783618404.076863289,0.980074490,-6.599393160,6.977024945
1783618404.078027487,0.996721536,-6.518763894,6.929513853
1783618404.083027840,0.940273908,-6.455777965,6.918417207
1783618404.084805489,0.942200325,-6.265053118,6.758800446
1783618404.086436033,0.892384496,-6.199497347,6.732475849
1783618404.088077307,0.858690793,-6.111365370,6.701525975
1783618404.090044498,0.858510497,-6.044435240,6.661953458
1783618404.091405630,0.813369881,-5.976033973,6.631742758
1783618404.096724987,0.815027355,-5.901702848,6.570936349
1783618404.098273754,0.784891092,-5.692790779,6.410168056
1783618404.099914074,0.761477826,-5.577708502,6.368077224
1783618404.101842642,0.730935048,-5.462717758,6.314303874
1783618404.103250027,0.717665475,-5.364778075,6.229132911
1783618404.109314442,0.702133156,-5.236109132,6.159377741
1783618404.110429049,0.670128768,-4.780192791,5.797918759
1783618404.111417770,0.660037994,-4.665952253,5.711363571
1783618404.113160372,0.644397130,-4.517617110,5.634863401
1783618404.114849091,0.632321888,-4.399844901,5.562538306
1783618404.121722698,0.616386715,-4.273065866,5.483540044
1783618404.123303413,0.585184726,-3.883945032,5.194373829
1783618404.124806643,0.587218856,-3.727985999,5.095937860
1783618404.126820564,0.578807645,-3.583945808,5.004397314
1783618404.128234386,0.570599028,-3.455224335,4.895391889
1783618404.134216785,0.556513925,-3.306077419,4.800281012
1783618404.135157108,0.539229168,-2.709349221,4.352381734
1783618404.136584520,0.526838153,-2.572748849,4.259424648
1783618404.138232470,0.521745807,-2.434098493,4.153879832
1783618404.139890909,0.515797636,-2.276080499,4.027714230
1783618404.144715309,0.510504037,-2.128652304,3.933581929
1783618404.146767378,0.481805114,-1.862518807,3.720530175
1783618404.148241282,0.479439560,-1.723124992,3.615217736
1783618404.149895191,0.453063369,-1.604371612,3.515194647
1783618404.151791096,0.447239740,-1.469771562,3.419972020
1783618404.153193712,0.439645490,-1.347426227,3.334982601
1783618404.159362555,0.426514751,-1.239877905,3.254864627
1783618404.160569191,0.364476880,-0.861904707,2.961415181
1783618404.161597490,0.339030517,-0.767630105,2.882641032
1783618404.163067818,0.329157980,-0.691794028,2.837852404
1783618404.171889305,0.311308290,-0.622670521,2.778493180
1783618404.173082829,0.241168615,-0.377387408,2.584321899
1783618404.175019741,0.237126663,-0.328581652,2.546240681
1783618404.176381588,0.215209664,-0.296825634,2.503746688
1783618404.178039312,0.186857934,-0.263703305,2.472488134
1783618404.184237480,0.185119388,-0.206733854,2.428222547
1783618404.185205698,0.122225692,-0.070106677,2.316255020
1783618404.189451456,0.110910174,-0.056705338,2.297385472
1783618404.190645218,0.070765985,0.009647762,2.238265839
1783618404.191665411,0.059411654,0.024133771,2.229246094
1783618404.196831465,0.026102890,0.046052393,2.202362318
1783618404.198133230,0.009751688,0.090916699,2.158153810
1783618404.199783564,-0.013993339,0.093567661,2.140459923
1783618404.201823711,-0.042226975,0.090648867,2.133637187
1783618404.203049898,-0.047056364,0.139356804,2.079446874
1783618404.209278822,-0.067882911,0.145808435,2.069486777
1783618404.210441589,-0.122875171,0.178580454,2.002432469
1783618404.211459637,-0.147230736,0.174823473,2.002252168
1783618404.213183403,-0.165516436,0.197238760,1.991823274
1783618404.214854956,-0.179856023,0.212456634,1.981894154
1783618404.220047235,-0.203578367,0.194327369,1.976730747
1783618404.221702814,-0.227842140,0.226714970,1.965679006
1783618404.223092318,-0.231661745,0.216789332,1.965483628
1783618404.224865913,-0.257940322,0.203280393,1.965981086
1783618404.226859093,-0.271536149,0.208077739,1.962845867
1783618404.228040457,-0.276103927,0.231370703,1.952061002
1783618404.234194040,-0.291654474,0.233937576,1.960506877
1783618404.235147715,-0.332911148,0.270101956,1.945879843
1783618404.236578465,-0.341485221,0.272701453,1.946625016
1783618404.238247395,-0.347714917,0.275311936,1.947515200
1783618404.240023851,-0.361605397,0.261323052,1.950476814
1783618404.246743917,-0.372359183,0.276750287,1.944956491
1783618404.248129129,-0.396351917,0.295619789,1.942617191
1783618404.249843597,-0.399431740,0.304543599,1.930096345
1783618404.251403093,-0.424489061,0.285878310,1.946210378
1783618404.253120899,-0.433682482,0.288297810,1.940686344
1783618404.259394407,-0.433845390,0.301955700,1.947142857
1783618404.260567904,-0.451954875,0.333266740,1.938675563
1783618404.261612892,-0.459948458,0.339349195,1.933179838
1783618404.264757395,-0.473364887,0.332622488,1.929945310
1783618404.271724701,-0.469137625,0.334077852,1.928755574
1783618404.273192883,-0.466898226,0.373859200,1.913176313
1783618404.274710655,-0.472175914,0.371510132,1.907022613
1783618404.276909590,-0.477751832,0.356571159,1.915120463
1783618404.278091431,-0.472680857,0.372208786,1.918367634
1783618404.281098843,-0.480731534,0.365741386,1.907328217
1783618404.281956434,-0.477211924,0.377809167,1.917750764
1783618404.284246206,-0.474514222,0.377853139,1.918277118
1783618404.285215855,-0.473889033,0.362360984,1.921582006
1783618404.289444208,-0.468078533,0.363612302,1.909365944
1783618404.290633202,-0.469667625,0.347536723,1.922628865
1783618404.291687012,-0.456396760,0.369567750,1.894473073
1783618404.296358347,-0.456148495,0.378947276,1.896710825
1783618404.298074722,-0.453970979,0.367427822,1.884350596
1783618404.299744606,-0.452359647,0.372096651,1.871359599
1783618404.301882982,-0.443614804,0.372235066,1.875254422
1783618404.303115129,-0.441470379,0.354014616,1.868878980
1783618404.309321880,-0.447910715,0.350791920,1.860654582
1783618404.310447454,-0.413918544,0.388374943,1.826899030
1783618404.311557293,-0.401928746,0.396527028,1.830259271
1783618404.314825773,-0.416432570,0.349183802,1.838816924
1783618404.321728468,-0.425670530,0.340828128,1.824425529
1783618404.323160410,-0.380725837,0.382962555,1.798595605
1783618404.324906588,-0.381198432,0.359345391,1.793589276
1783618404.326881409,-0.380791532,0.346747529,1.800003920
1783618404.328294754,-0.367599315,0.361523127,1.794387747
1783618404.334127426,-0.367600774,0.346604744,1.794254994
1783618404.335171700,-0.335943757,0.377263009,1.791066061
1783618404.336416006,-0.333630219,0.375151354,1.785537499
1783618404.338117361,-0.331778026,0.366224723,1.787717799
1783618404.339884758,-0.330428528,0.367472585,1.781967305
1783618404.341427088,-0.337424498,0.348050165,1.790354985
1783618404.346801996,-0.333715211,0.339864347,1.792628015
1783618404.348051310,-0.306228575,0.357234250,1.794247967
1783618404.349735975,-0.314561828,0.347560062,1.797919694
1783618404.351880312,-0.311055657,0.347407586,1.806436199
1783618404.353052616,-0.313653658,0.341142607,1.794266821
1783618404.356426239,-0.317198826,0.333739859,1.795081101
1783618404.357501030,-0.308230313,0.331426650,1.805828728
1783618404.358432293,-0.306961579,0.328819179,1.805798563
1783618404.359890461,-0.301206179,0.334509857,1.815026998
1783618404.361510038,-0.301705653,0.317714937,1.821372315
1783618404.363133907,-0.308124722,0.312266638,1.818482684
1783618404.364809513,-0.316546548,0.310642575,1.819982324
1783618404.371832132,-0.313820904,0.305587972,1.822467398
1783618404.373367786,-0.300676800,0.290744410,1.835701224
1783618404.374733210,-0.313087232,0.271983491,1.834671054
1783618404.376450062,-0.313432327,0.256238172,1.830331518
1783618404.378246546,-0.315198184,0.258090406,1.846681125
1783618404.384182215,-0.310093172,0.244363433,1.844203211
1783618404.385104895,-0.308056670,0.229023498,1.858880020
1783618404.386504889,-0.311864748,0.224703321,1.851263414
1783618404.388223171,-0.317327538,0.218579331,1.852917475
1783618404.390115738,-0.308369157,0.209661146,1.859507618
1783618404.391530275,-0.313849041,0.176081768,1.874274498
1783618404.396772861,-0.310834824,0.180167163,1.870089346
1783618404.398051500,-0.310007621,0.171602975,1.876981243
1783618404.399720192,-0.307994959,0.176676771,1.885380902
1783618404.401855946,-0.305035718,0.153609948,1.885508108
1783618404.403043032,-0.307012915,0.147911891,1.885930883
1783618404.409318924,-0.314983882,0.158358631,1.898118029
1783618404.410460234,-0.292236978,0.142938719,1.901551218
1783618404.411468744,-0.281970634,0.128369327,1.915430415
1783618404.413220167,-0.281752008,0.110662259,1.917162423
1783618404.414866686,-0.282071545,0.121527723,1.913976601
1783618404.417546988,-0.269494443,0.119100428,1.919129407
1783618404.418459654,-0.262076254,0.104883391,1.918249879
1783618404.421667099,-0.257778069,0.097502613,1.922811452
1783618404.423128605,-0.246118849,0.109774673,1.925793458
1783618404.424826622,-0.241744256,0.106295199,1.926264270
1783618404.426464081,-0.233145607,0.076771314,1.940247236
1783618404.428231955,-0.225651257,0.072433815,1.948930145
1783618404.432551861,-0.210576444,0.065932517,1.959796698
1783618404.433428526,-0.177706962,0.013582997,1.987987592
1783618404.434821606,-0.167569638,0.004553225,1.983074931
1783618404.436533451,-0.149278395,0.001132753,1.985122327
1783618404.438197613,-0.136275927,-0.012944336,1.989685810
1783618404.440036535,-0.121562040,-0.047744520,2.003216455
1783618404.446859598,-0.108486064,-0.048964570,1.999721635
1783618404.448073149,-0.054914832,-0.102751349,2.027402481
1783618404.449840784,-0.025149408,-0.103692178,2.033875891
1783618404.451380968,-0.008876117,-0.148747645,2.055593653
1783618404.453149319,0.010112311,-0.179542004,2.070069586
1783618404.459330320,0.024129140,-0.174317315,2.082089952
1783618404.460552454,0.103633205,-0.287741458,2.144418472
1783618404.461572886,0.115440635,-0.302912933,2.134620928
1783618404.464948893,0.132198317,-0.323278457,2.142370391
1783618404.466465712,0.151497898,-0.339310149,2.156463860
1783618404.471836329,0.161629450,-0.396310821,2.166574489
1783618404.473286152,0.199078253,-0.449733490,2.158926625
1783618404.474884510,0.212581148,-0.476169860,2.156692697
1783618404.476459026,0.226749630,-0.476102045,2.159270572
1783618404.478234291,0.247694843,-0.512132529,2.161684969
1783618404.484224558,0.266024783,-0.523851830,2.160468001
1783618404.485284567,0.332592436,-0.623012619,2.202072073
1783618404.486546993,0.350418588,-0.659012769,2.216892829
1783618404.488245010,0.377393205,-0.697963449,2.232075037
1783618404.489955425,0.394589043,-0.711349986,2.226335248
1783618404.496789694,0.417527167,-0.719605269,2.239783696
1783618404.498139858,0.493116536,-0.797238562,2.249145377
1783618404.499833345,0.520392299,-0.815642166,2.254123916
1783618404.501854658,0.547029748,-0.841250955,2.251600028
1783618404.503026009,0.576309617,-0.852389665,2.250828161
1783618404.507764816,0.598518529,-0.885692414,2.252113367
1783618404.508753300,0.690073284,-0.963906980,2.276017324
1783618404.509931087,0.705789551,-1.023927108,2.301418328
1783618404.511423111,0.741615504,-1.056177054,2.322118813
1783618404.514774561,0.761836899,-1.098150462,2.354256711
1783618404.521800518,0.796563148,-1.159557707,2.387251466
1783618404.523452997,0.902319919,-1.391136745,2.524638476
1783618404.524835110,0.928606280,-1.459303325,2.564363308
1783618404.526535034,0.946490391,-1.504200200,2.594038850
1783618404.528069496,0.970323072,-1.581203807,2.639954341
1783618404.534208059,0.981512477,-1.671109600,2.689763748
1783618404.535132170,1.124825186,-1.980576034,2.833177300
1783618404.536553144,1.133664990,-2.037487640,2.863943811
1783618404.538198471,1.168215330,-2.133159848,2.911050307
1783618404.540015221,1.204512626,-2.206136036,2.942036654
1783618404.546854496,1.227579299,-2.262640415,2.985344458
1783618404.548199892,1.317048424,-2.493846906,3.099858946
1783618404.549871922,1.341942661,-2.559660855,3.152490060
1783618404.551789522,1.349256927,-2.649762748,3.203337853
1783618404.553210020,1.377658619,-2.732780649,3.239898548
1783618404.559424400,1.389382310,-2.800016947,3.297369901
1783618404.560667753,1.494652803,-3.097193726,3.459140629
1783618404.561693430,1.530164374,-3.146476196,3.476081161
1783618404.563211918,1.542901126,-3.203741825,3.527841263
1783618404.564889908,1.558437855,-3.267381390,3.570568161
1783618404.570127010,1.560749813,-3.319385061,3.612711363
1783618404.571817160,1.622582780,-3.418946095,3.671071895
1783618404.573346853,1.649683880,-3.453352326,3.687260568
1783618404.574957371,1.661422655,-3.481805395,3.732359819
1783618404.576426744,1.675848367,-3.533323999,3.780155202
1783618404.578047514,1.706664850,-3.591348858,3.820422404
1783618404.584258556,1.713795499,-3.620687926,3.861137162
1783618404.585244417,1.805466264,-3.804278494,3.982053085
1783618404.586417198,1.851634667,-3.842541387,3.982893260
1783618404.590101004,1.867921335,-3.874681604,4.030366408
1783618404.591528654,1.871981716,-3.913163548,4.085944526
1783618404.596731186,1.897757609,-3.958454812,4.109480622
1783618404.598239899,1.976000971,-4.077912234,4.186726931
1783618404.599888563,1.988157022,-4.125244241,4.237753253
1783618404.601807117,1.984924152,-4.138822699,4.267571716
1783618404.603233099,2.021291355,-4.184147921,4.293202044
1783618404.609328270,2.011154281,-4.230474025,4.318453308
1783618404.610482216,2.054152535,-4.373109604,4.391594150
1783618404.611479282,2.091312887,-4.388533712,4.413496519
1783618404.613200903,2.103676075,-4.395372221,4.441779072
1783618404.614858389,2.110703464,-4.418660166,4.475419125
1783618404.622013330,2.104812789,-4.455952131,4.505660042
1783618404.623392820,2.127043142,-4.513803388,4.555771320
1783618404.624734879,2.149291617,-4.519455402,4.568707984
1783618404.626484632,2.156269217,-4.517846638,4.596931315
1783618404.628168583,2.148812089,-4.513882218,4.633393306
1783618404.632021666,2.123089725,-4.557318872,4.670425353
1783618404.634236336,2.146528527,-4.591716360,4.708688714
1783618404.635159492,2.150862358,-4.622286623,4.732817155
1783618404.636577129,2.133806787,-4.648606089,4.764647747
1783618404.640023708,2.132300961,-4.632898787,4.815112226
1783618404.641379833,2.092285397,-4.636924498,4.856751522
1783618404.646652937,2.092796317,-4.663778781,4.886300361
1783618404.648247004,2.102969034,-4.653086873,4.919111307
1783618404.649893522,2.070928538,-4.619955319,4.951966960
1783618404.651804686,2.013976971,-4.610511951,4.988341305
1783618404.653227806,2.028062605,-4.596105514,4.994133412
1783618404.659354687,1.967466961,-4.569190389,5.024440284
1783618404.660504580,1.928183772,-4.488753702,4.996342638
1783618404.661519527,1.920367319,-4.440362639,4.976365678
1783618404.663232327,1.867381264,-4.381183963,4.982745654
1783618404.664744377,1.821111052,-4.336786760,4.998676970
1783618404.671761751,1.774777981,-4.280662355,4.991000284
1783618404.673318863,1.733486965,-4.122622279,4.908377931
1783618404.674789190,1.692901158,-4.039449216,4.906463320
1783618404.676824808,1.649363598,-3.992713354,4.894101234
1783618404.678202391,1.647806273,-3.925271517,4.841945180
1783618404.684273481,1.618133977,-3.861049225,4.831231560
1783618404.685226202,1.621769789,-3.628373612,4.678263512
1783618404.686400414,1.617103810,-3.592161798,4.652471054
1783618404.689838409,1.565535381,-3.514316952,4.653177885
1783618404.691473484,1.556285964,-3.442462849,4.633179535
1783618404.693282604,1.554081284,-3.408358315,4.622029475
1783618404.696811199,1.551818145,-3.358182175,4.585467671
1783618404.698148727,1.551126047,-3.257070840,4.525630877
1783618404.699847698,1.527734195,-3.194505680,4.503250865
1783618404.701918602,1.518637933,-3.129688496,4.487432899
1783618404.703108788,1.502808149,-3.087162883,4.454329896
1783618404.709382772,1.486881984,-3.032917222,4.432574702
1783618404.710404158,1.456654956,-2.809036592,4.287807723
1783618404.711470842,1.448688581,-2.767882842,4.250368482
1783618404.714725018,1.407499153,-2.706041061,4.238164897
1783618404.721847296,1.400140022,-2.636070742,4.197319040
1783618404.723088503,1.335550567,-2.411280862,4.088149525
1783618404.724750280,1.314413406,-2.363719287,4.058663884
1783618404.726466894,1.286328007,-2.295780643,4.031192595
1783618404.728041410,1.266865151,-2.225234640,3.982711186
1783618404.734240055,1.264756754,-2.156686370,3.954937747
1783618404.735175610,1.201503393,-1.877024049,3.783813419
1783618404.736578226,1.183730163,-1.808256878,3.760124595
1783618404.738239288,1.172640633,-1.706943214,3.704105781
1783618404.746934652,1.154801270,-1.641531257,3.671274423
1783618404.748047590,1.095902465,-1.333476682,3.516951397
1783618404.749789238,1.082172949,-1.276985509,3.496619788
1783618404.751859188,1.069484668,-1.183622755,3.446988142
1783618404.753051519,1.054852897,-1.112574305,3.412092516
1783618404.755118847,1.034976567,-1.043766378,3.371900056
1783618404.759248972,1.013546297,-0.955152766,3.330103576
1783618404.760299921,0.971649829,-0.741516658,3.214158810
1783618404.761583567,0.942343820,-0.653955918,3.178834110
1783618404.764807701,0.931754936,-0.592936925,3.154685839
1783618404.770182610,0.903966039,-0.535484022,3.121749197
1783618404.771894693,0.834748626,-0.358423550,3.032246862
1783618404.773373604,0.824152607,-0.304367131,3.012526890
1783618404.774880648,0.803930609,-0.248673918,3.005018810
1783618404.776414633,0.778974754,-0.206409641,2.983967327
1783618404.778192520,0.750541814,-0.176765736,2.968861135
1783618404.784237623,0.735632607,-0.118454512,2.940569153
1783618404.785277605,0.666566812,0.028975023,2.859233301
1783618404.786780596,0.648355793,0.055366315,2.860006844
1783618404.788228035,0.614382975,0.067951872,2.858471554
1783618404.789907217,0.586745019,0.091383269,2.836220788
1783618404.796884537,0.580498884,0.127068537,2.813783758
1783618404.798200846,0.517966336,0.175509964,2.784743827
1783618404.799887419,0.499938143,0.205482623,2.761877412
1783618404.801814795,0.476701911,0.231187800,2.742107900
1783618404.803039551,0.453877303,0.232220668,2.719868569
1783618404.809383392,0.429129449,0.249663064,2.709493240
1783618404.810549498,0.371766777,0.319478788,2.623400601
1783618404.811571121,0.355644643,0.325023832,2.612913691
1783618404.814756393,0.312048555,0.299209622,2.607889227
1783618404.817381382,0.297034529,0.308328519,2.575722235
1783618404.818364143,0.266641250,0.338937965,2.516448788
1783618404.821810722,0.261151516,0.348535114,2.499888990
1783618404.823288202,0.242512936,0.364625074,2.497132971
1783618404.824782610,0.211774421,0.347146121,2.489151561
1783618404.826830387,0.189587110,0.350969906,2.464569476
1783618404.828257561,0.179305934,0.380510304,2.434828227
1783618404.831981897,0.158711906,0.375934736,2.422758976
1783618404.834191799,0.125843760,0.395362248,2.400033686
1783618404.835120201,0.089164367,0.398454075,2.379810631
1783618404.836534977,0.064185436,0.404045722,2.364619791
1783618404.838194609,0.042941815,0.403434122,2.359928802
1783618404.840021610,0.022608772,0.392816896,2.359708417
1783618404.841459990,-0.006294134,0.371071777,2.367953907
1783618404.846857309,-0.020929935,0.397152387,2.362047471
1783618404.848088264,-0.063293742,0.384265152,2.355570161
1783618404.849763870,-0.064624350,0.380657105,2.349231629
1783618404.851884842,-0.090218344,0.393576313,2.343771524
1783618404.853047848,-0.105747054,0.382892789,2.330653915
1783618404.859379292,-0.120412047,0.382582949,2.314453729
1783618404.860496044,-0.147261266,0.410990812,2.279713642
1783618404.861492872,-0.152985561,0.441008847,2.270676988
1783618404.863229752,-0.170383625,0.425353417,2.287307593
1783618404.864901781,-0.184946191,0.424850557,2.277803701
1783618404.871815681,-0.198240209,0.434815675,2.273659701
1783618404.873165131,-0.214317883,0.459566760,2.286744880
1783618404.874701500,-0.213815953,0.468061596,2.270137374
1783618404.876902819,-0.223538156,0.474169292,2.274441746
1783618404.878095388,-0.226519006,0.471049930,2.279659572
1783618404.884283781,-0.240457828,0.472105110,2.276633034
1783618404.885259151,-0.231517420,0.505422718,2.275710170
1783618404.886444807,-0.230651821,0.510073330,2.273660003
1783618404.888123989,-0.247396323,0.510972953,2.262333578
1783618404.890015364,-0.249818504,0.519439272,2.254426241
1783618404.891468763,-0.247287320,0.524454094,2.254785149
1783618404.896752357,-0.250291699,0.533551833,2.257072480
1783618404.898216963,-0.242089832,0.553702613,2.249370751
1783618404.899847031,-0.249108614,0.554050594,2.256311747
1783618404.901847601,-0.258447445,0.544607685,2.261007083
1783618404.903255939,-0.260836649,0.553962991,2.256870516
1783618404.908262730,-0.259119646,0.570891003,2.246813197
1783618404.909967184,-0.248459737,0.572113170,2.231719428
1783618404.911471844,-0.255387209,0.600674607,2.212343249
1783618404.913125038,-0.257013071,0.582916631,2.220032213
1783618404.914853573,-0.263820151,0.571415544,2.214505857
1783618404.921855927,-0.263206268,0.581156669,2.201104460
1783618404.923306942,-0.245890781,0.595865223,2.184329161
1783618404.924807787,-0.261402530,0.577495113,2.188696468
1783618404.926880836,-0.269724935,0.571357478,2.171773277
1783618404.928121090,-0.266026998,0.582710058,2.161861314
1783618404.934215307,-0.270190580,0.568247862,2.160233628
1783618404.935154915,-0.267714273,0.565755051,2.130900465
1783618404.936555147,-0.272644823,0.538201874,2.128583751
1783618404.938241720,-0.287641368,0.532285849,2.100270087
1783618404.940016508,-0.274937062,0.537277315,2.093293885
1783618404.941433907,-0.289934418,0.507969498,2.097829860
1783618404.946803808,-0.282948349,0.504816691,2.073345409
1783618404.948210478,-0.280050228,0.497911492,2.034525646
1783618404.949842453,-0.289524584,0.482844514,2.024777139
1783618404.951873064,-0.298266679,0.477555815,2.021015414
1783618404.953052282,-0.299784798,0.454053883,1.997697256
1783618404.959323406,-0.308915640,0.427239596,2.000352912
1783618404.960453749,-0.301342921,0.413703323,1.978173852
1783618404.961465359,-0.297300138,0.426631093,1.969094743
1783618404.963179350,-0.308951633,0.391427451,1.966297763
1783618404.964839697,-0.319745793,0.363782834,1.960081063
1783618404.969524384,-0.323611774,0.341227515,1.968764957
1783618404.970408678,-0.325493249,0.325876348,1.946740499
1783618404.971760511,-0.322700322,0.339404644,1.945899466
1783618404.973164797,-0.312966187,0.321768682,1.946626807
1783618404.974897623,-0.334901022,0.294918964,1.941534977
1783618404.976832390,-0.341403582,0.282108772,1.941399271
1783618404.978238821,-0.340605867,0.280306240,1.938234043
1783618404.984197617,-0.344730454,0.247352936,1.940633625
1783618404.985136509,-0.341014239,0.245473376,1.922390145
1783618404.986541271,-0.344112971,0.217924566,1.924637654
1783618404.988186836,-0.347577232,0.225699530,1.916874828
1783618404.989954472,-0.339568440,0.219308189,1.936911841
1783618404.996855736,-0.344951073,0.193165563,1.925392141
1783618404.998052359,-0.334226296,0.187435825,1.926911198
1783618404.999696970,-0.343139645,0.158887520,1.930597213
1783618405.001885414,-0.341418576,0.157998407,1.920798517
1783618405.003225565,-0.340545850,0.162329654,1.924430014
1783618405.009375095,-0.339269863,0.128081822,1.936283977
1783618405.010523081,-0.338025109,0.113369204,1.918167461
1783618405.011532784,-0.331732678,0.115682164,1.925478195
1783618405.014772177,-0.333067726,0.089499823,1.918328481
1783618405.021868944,-0.336319538,0.069640231,1.915688865
1783618405.023355484,-0.318233632,0.059402387,1.910629488
1783618405.024849415,-0.318370318,0.061248986,1.911194784
1783618405.026826143,-0.312272557,0.021628574,1.929897969
1783618405.028252602,-0.311445403,0.008344678,1.934923739
1783618405.031713963,-0.302279242,-0.000447700,1.949826751
1783618405.034251213,-0.293894081,-0.040359095,1.967383880
1783618405.035184860,-0.288344082,-0.093781451,1.976565451
1783618405.036459208,-0.278779923,-0.097451932,1.981847909
1783618405.038115263,-0.278887842,-0.120658547,1.987443751
1783618405.040058374,-0.272099411,-0.165816254,1.991870070
1783618405.046801090,-0.265889155,-0.188267639,1.996680043
1783618405.048177004,-0.239369023,-0.283130791,2.025133037
1783618405.049934149,-0.237104069,-0.301226911,2.037489636
1783618405.051852465,-0.230289644,-0.345095697,2.049305174
1783618405.053029299,-0.223710728,-0.400836203,2.063747635
1783618405.059351683,-0.220323841,-0.423464619,2.066181008
1783618405.060494661,-0.178772862,-0.545811421,2.116890498
1783618405.061511517,-0.169695613,-0.598799442,2.133651552
1783618405.063242197,-0.157318549,-0.661955005,2.150053755
1783618405.064903975,-0.148222562,-0.670253248,2.137030045
1783618405.071736574,-0.132700679,-0.698722025,2.140924318
1783618405.073120356,-0.105515633,-0.819744206,2.170845227
1783618405.074859381,-0.086895997,-0.869330733,2.183021316
1783618405.076904535,-0.070194477,-0.909373337,2.164361562
1783618405.078093290,-0.049435968,-0.908344460,2.148272281
1783618405.084259748,-0.037198846,-0.954379835,2.172394520
1783618405.085198879,0.032555415,-1.106187796,2.210997230
1783618405.089503765,0.041685479,-1.114368279,2.194845906
1783618405.090679884,0.096775682,-1.160599551,2.195405609
1783618405.091707468,0.120343914,-1.184764481,2.191923744
1783618405.096771717,0.139208653,-1.203660840,2.195432322
1783618405.098038197,0.184705005,-1.261435933,2.189670294
1783618405.099712133,0.209993387,-1.276056466,2.200915579
1783618405.101840258,0.230689723,-1.315369501,2.218947431
1783618405.103027821,0.255731835,-1.354494984,2.217891157
1783618405.109284163,0.276625897,-1.376338392,2.229478448
1783618405.110311508,0.385025001,-1.535185063,2.260768129
1783618405.113196850,0.415578600,-1.577278374,2.276025496
1783618405.114898920,0.448790183,-1.608194728,2.306936252
1783618405.121820450,0.468415480,-1.637606202,2.319354905
1783618405.123358250,0.609118458,-1.783035299,2.400642088
1783618405.124889851,0.630425064,-1.826614149,2.413670303
1783618405.126462936,0.665728080,-1.870036031,2.452864963
1783618405.128217220,0.698200932,-1.929093061,2.499167564
1783618405.134207487,0.742188887,-2.009375669,2.527275669
1783618405.135130644,0.917178749,-2.259386353,2.662032285
1783618405.136532784,0.944324914,-2.319172358,2.705892088
1783618405.138187647,0.993046617,-2.374810920,2.728848913
1783618405.139983416,1.028093468,-2.455024264,2.762093828
1783618405.146780491,1.062781385,-2.504151495,2.803340846
1783618405.148056746,1.199227737,-2.762105962,2.968521506
1783618405.149707794,1.234475875,-2.834215701,3.032349024
1783618405.151882410,1.257230175,-2.958244858,3.126526203
1783618405.153079510,1.304797527,-3.044337113,3.178444248
1783618405.155586720,1.333590890,-3.159181573,3.264316363
1783618405.156581879,1.391341268,-3.232142788,3.327970061
1783618405.159219980,1.426395002,-3.337650498,3.400957777
1783618405.160308599,1.513898394,-3.477332676,3.517302824
1783618405.161589146,1.547272237,-3.557663694,3.576153035
1783618405.164804459,1.552983645,-3.667702168,3.664943946
1783618405.171159744,1.564808419,-3.727361513,3.729190065
1783618405.172113657,1.704276245,-3.970984006,3.955891365
1783618405.173249006,1.738067894,-4.022812047,4.009273721
1783618405.176944494,1.721010688,-4.096467339,4.087605459
1783618405.178261995,1.747319252,-4.143448358,4.115839696
1783618405.184243679,1.757136191,-4.172283096,4.164112943
1783618405.185176134,1.948993663,-4.373531856,4.354378315
1783618405.189523458,1.842566975,-4.408079139,4.418379093
1783618405.190711975,1.897361059,-4.450002577,4.465579948
1783618405.191734791,1.920772185,-4.481557033,4.512971479
1783618405.196770430,1.912363429,-4.525405550,4.549337144
1783618405.198125124,1.956608621,-4.546376656,4.588805940
1783618405.199803352,1.955664776,-4.558244250,4.613869637
1783618405.201889992,1.948535494,-4.592743168,4.646210048
1783618405.203088045,1.962670542,-4.587835425,4.670313547
1783618405.209407091,1.961156908,-4.602780424,4.700286008
1783618405.210610390,2.009800220,-4.560492556,4.721016458
1783618405.211627960,2.019656744,-4.543395951,4.721218484
1783618405.213137627,2.011114969,-4.509007719,4.723418847
1783618405.214800596,1.999404996,-4.475863558,4.735683643
1783618405.217535019,1.977854658,-4.458158116,4.734813582
1783618405.218683958,1.990419245,-4.419042326,4.715656098
1783618405.221713305,1.993028795,-4.376166380,4.718140715
1783618405.223220825,2.003218108,-4.358650268,4.711872115
1783618405.224737883,1.974168087,-4.343071919,4.710550778
1783618405.226892948,1.958177838,-4.293432729,4.707642477
1783618405.228084803,1.969411677,-4.272445762,4.701652681
1783618405.232907534,1.945276973,-4.250491238,4.694447919
1783618405.233779192,1.972518262,-4.160725286,4.673607985
1783618405.234926224,1.979524563,-4.115219179,4.661543162
1783618405.239810705,1.921538127,-4.087200497,4.680766769
1783618405.241577387,1.933780273,-4.029442030,4.682916878
1783618405.246733904,1.903710096,-3.991005047,4.691724531
1783618405.248166800,1.915020489,-3.871252750,4.653711994
1783618405.249802113,1.890054343,-3.826044905,4.647697905
1783618405.251863480,1.854944137,-3.795126909,4.641722421
1783618405.253057003,1.853706317,-3.746699804,4.625581376
1783618405.259354115,1.823578579,-3.684392849,4.607050816
1783618405.260534286,1.807271039,-3.499104070,4.515461440
1783618405.261548042,1.796462352,-3.448289176,4.484328671
1783618405.263254642,1.766028991,-3.384442227,4.455439275
1783618405.264961720,1.739523577,-3.332815446,4.441546914
1783618405.266612768,1.704746509,-3.291401695,4.416497893
1783618405.271683455,1.690520613,-3.243847770,4.382491298
1783618405.273088694,1.677428070,-3.151313553,4.341542148
1783618405.274801970,1.640846666,-3.102964683,4.324515504
1783618405.276861429,1.611005735,-3.039718400,4.293855753
1783618405.278038740,1.607770203,-2.984473382,4.272563175
1783618405.280253172,1.568433848,-2.937528812,4.249273625
1783618405.284237623,1.548582956,-2.886898770,4.217476104
1783618405.285186529,1.505057452,-2.695356017,4.098116069
1783618405.289789915,1.467267978,-2.621663643,4.059376573
1783618405.291569710,1.449493473,-2.487019191,3.978146459
1783618405.295266628,1.423610149,-2.442126566,3.950496433
1783618405.296793938,1.402494176,-2.298346271,3.858310763
1783618405.298031807,1.391754675,-2.240334438,3.831367813
1783618405.299896717,1.360663571,-2.188563928,3.797228453
1783618405.301842928,1.342401739,-2.116041585,3.759729626
1783618405.303040028,1.334502314,-2.041656754,3.727170572
1783618405.309383869,1.314515175,-1.989479795,3.701153023
1783618405.310574293,1.246603998,-1.725730371,3.543344830
1783618405.311789513,1.239306084,-1.636537295,3.503829350
1783618405.313174248,1.215949000,-1.567382764,3.471597098
1783618405.314869642,1.186328611,-1.507899097,3.439025890
1783618405.316552401,1.171315578,-1.428330879,3.398404034
1783618405.321724415,1.151991901,-1.339922994,3.368697938
1783618405.323092699,1.110503804,-1.193479933,3.285799330
1783618405.324813366,1.090891771,-1.111241755,3.242934986
1783618405.326915026,1.077268054,-1.026694072,3.204416011
1783618405.328247786,1.051193379,-0.964098878,3.179326488
1783618405.334161043,1.018947629,-0.911972101,3.150695503
1783618405.335136175,0.915068242,-0.670168930,3.034256673
1783618405.336561203,0.893432568,-0.606763919,3.012506604
1783618405.338197231,0.865121970,-0.570510475,2.996076028
1783618405.340026855,0.839194326,-0.510534368,2.961080169
1783618405.346879482,0.824539390,-0.445898450,2.945705875
1783618405.348063707,0.753224190,-0.319770058,2.886906985
1783618405.349879026,0.737470733,-0.287538588,2.873285309
1783618405.351401091,0.700236343,-0.254829032,2.855571219
1783618405.353186131,0.673343724,-0.210947571,2.844156568
1783618405.357238531,0.662458749,-0.172902885,2.825865625
1783618405.358328581,0.619339172,-0.128824765,2.794204850
1783618405.359874487,0.585233457,-0.091385431,2.779079144
1783618405.361502647,0.564130572,-0.045705914,2.763884301
1783618405.363127708,0.540819800,-0.028707412,2.749397323
1783618405.364777803,0.505456931,0.004047684,2.732435564
1783618405.371726274,0.482337507,0.042302880,2.708616069
1783618405.373359203,0.408590551,0.148584597,2.629040181
1783618405.374912500,0.371866779,0.157291700,2.615571691
1783618405.376441717,0.335026684,0.183766223,2.602068451
1783618405.378249407,0.309968962,0.226558518,2.564309170
1783618405.384290457,0.288817805,0.243779740,2.546541117
1783618405.385333300,0.209241975,0.296811787,2.474101457
1783618405.386572838,0.183352184,0.311708184,2.460291949
1783618405.388278961,0.150554224,0.326844294,2.441774836
1783618405.389878988,0.122286043,0.333777003,2.433673158
1783618405.391463518,0.083060540,0.327568199,2.422656923
1783618405.398154974,0.006063374,0.358827433,2.385448235
1783618405.399745464,-0.011080807,0.375459788,2.365912826
1783618405.401903152,-0.035259100,0.388862475,2.353115936
1783618405.403192759,-0.065770293,0.381899973,2.345976669
1783618405.409410238,-0.101010791,0.379337408,2.343165489
1783618405.410570145,-0.150296968,0.441349597,2.287599778
1783618405.411588907,-0.166911901,0.474211905,2.269083722
1783618405.414780378,-0.206878030,0.454962787,2.263592225
1783618405.418387651,-0.229135185,0.441901644,2.257795171
1783618405.421713591,-0.255354720,0.472059157,2.236469955
1783618405.423148394,-0.282775356,0.489469032,2.210677506
1783618405.424881697,-0.303762387,0.494908302,2.197980104
1783618405.426908493,-0.332692958,0.491535472,2.190889852
1783618405.428108215,-0.339379997,0.491753536,2.176251439
1783618405.434074402,-0.350258995,0.491734706,2.179477212
1783618405.435468912,-0.377961944,0.526702551,2.128349911
1783618405.436477661,-0.378144425,0.545514188,2.123294178
1783618405.438214302,-0.396468348,0.541188206,2.123506264
1783618405.439928055,-0.416092023,0.547826626,2.109574378
1783618405.441550732,-0.413927163,0.576225421,2.094525761
1783618405.446825504,-0.423621840,0.576719238,2.073894547
1783618405.448253393,-0.424799619,0.622979752,2.010234408
1783618405.449717999,-0.431012108,0.615971959,1.989640070
1783618405.451865435,-0.434390818,0.635468110,1.971868148
1783618405.453062057,-0.430473684,0.646007427,1.952789434
1783618405.459407330,-0.438407279,0.637485912,1.935313270
1783618405.460637093,-0.412448952,0.673405469,1.851012536
1783618405.461701632,-0.396463309,0.698164573,1.832038912
1783618405.463208199,-0.403558518,0.697571889,1.817384716
1783618405.464988708,-0.406781585,0.689451737,1.813655254
1783618405.466590405,-0.411502996,0.691061879,1.787982119
1783618405.471664429,-0.406165738,0.714087176,1.776457925
1783618405.473108768,-0.399850395,0.711381002,1.756463354
1783618405.474915743,-0.396290231,0.709907995,1.751122866
1783618405.476922750,-0.408836975,0.716212677,1.733556146
1783618405.478219271,-0.401584442,0.712855147,1.722694805
1783618405.480788946,-0.400002955,0.724132234,1.706734352
1783618405.481653929,-0.385639658,0.733679481,1.692008762
1783618405.484285116,-0.388174503,0.728975348,1.681364964
1783618405.485279799,-0.374317688,0.747405341,1.659141099
1783618405.486478329,-0.368246596,0.737532980,1.651358147
1783618405.488155127,-0.376171724,0.719351962,1.645975931
1783618405.490019321,-0.372436225,0.733811312,1.633701073
1783618405.496872425,-0.374715911,0.731941604,1.624205084
1783618405.498226881,-0.354279038,0.726438892,1.609084048
1783618405.499871969,-0.353291992,0.728078346,1.598935494
1783618405.501596928,-0.349573091,0.710147392,1.601306071
1783618405.503051758,-0.345259236,0.718062402,1.594756971
1783618405.509383202,-0.358907605,0.713819061,1.586705255
1783618405.510552645,-0.331521502,0.718375013,1.571144039
1783618405.511577845,-0.324856520,0.735540133,1.566179566
1783618405.514880657,-0.335485998,0.718956752,1.573889757
1783618405.521770477,-0.341632739,0.690742671,1.567416435
1783618405.523253679,-0.322274270,0.695525738,1.563997571
1783618405.524747372,-0.321198179,0.694367310,1.571192877
1783618405.526886225,-0.339657410,0.661601468,1.576064762
1783618405.528136492,-0.346396094,0.672640651,1.564937970
1783618405.534238815,-0.347764151,0.660421748,1.571713326
1783618405.535178900,-0.344354840,0.626848185,1.576035452
1783618405.536612988,-0.353636134,0.629564385,1.578825583
1783618405.539880991,-0.363607183,0.603924103,1.587272578
1783618405.541544676,-0.378894762,0.586706215,1.587113383
1783618405.543632030,-0.378075198,0.577241482,1.595094558
1783618405.546821594,-0.382720451,0.556129978,1.590841874
1783618405.548199415,-0.380350773,0.557884513,1.601489371
1783618405.549910307,-0.397531334,0.534572197,1.601647258
1783618405.551838636,-0.403638766,0.528017049,1.595389170
1783618405.553257942,-0.403794753,0.538576950,1.600907110
1783618405.559458256,-0.413971598,0.507015411,1.607325425
1783618405.560709238,-0.409695470,0.483548228,1.610620641
1783618405.561745405,-0.413969413,0.478015296,1.601920618
1783618405.563246489,-0.424246932,0.468750751,1.610372666
1783618405.564921618,-0.431171186,0.435734114,1.617901366
1783618405.566484690,-0.442514522,0.413260371,1.618617568
1783618405.573152304,-0.443177032,0.392235085,1.630731520
1783618405.574912548,-0.447334568,0.402429080,1.624528871
1783618405.576949596,-0.445979358,0.392018695,1.643871204
1783618405.578217030,-0.445443574,0.390688869,1.642416214
1783618405.584231377,-0.454767951,0.379801320,1.635545917
1783618405.585188150,-0.439478385,0.379428160,1.636992262
1783618405.589572430,-0.452117232,0.373141140,1.653842778
1783618405.590937376,-0.454042121,0.368123521,1.640065767
1783618405.591970444,-0.451927379,0.366770061,1.653282794
1783618405.593183756,-0.450962537,0.355019335,1.657132405
1783618405.596848965,-0.456388569,0.350008240,1.647634956
1783618405.598157406,-0.452759988,0.357244463,1.655455231
1783618405.599813461,-0.452750381,0.336806409,1.659763202
1783618405.601886988,-0.462082065,0.323582190,1.655008085
1783618405.603057146,-0.459747171,0.329584485,1.657669741
1783618405.609407663,-0.458773330,0.323251823,1.654934847
1783618405.610599756,-0.453599460,0.320694945,1.662589006
1783618405.611629963,-0.460811189,0.301508821,1.659410933
1783618405.614845514,-0.464728889,0.311362477,1.653242492
1783618405.620560408,-0.463992520,0.295324905,1.668893797
1783618405.621449709,-0.456955850,0.289992596,1.672950036
1783618405.623274088,-0.473031952,0.264307704,1.670422461
1783618405.624764919,-0.476174594,0.272703052,1.664853568
1783618405.626903057,-0.471549665,0.264578895,1.673647407
1783618405.628232002,-0.474825577,0.262667914,1.671139502
1783618405.634197235,-0.478799863,0.253321974,1.663493468
1783618405.635130405,-0.476496678,0.229970272,1.676869235
1783618405.636569023,-0.489765938,0.236997471,1.681601816
1783618405.639975071,-0.494635023,0.223803603,1.695430384
1783618405.641434669,-0.498809324,0.198452364,1.695245879
1783618405.646858215,-0.499480866,0.208129936,1.699171154
1783618405.648121119,-0.511178975,0.197846899,1.717332501
1783618405.649794817,-0.518394960,0.183991326,1.730461982
1783618405.651935339,-0.522726003,0.164431048,1.737107332
1783618405.653175354,-0.531056406,0.156697699,1.738520061
1783618405.659422159,-0.530301385,0.151197313,1.765501726
1783618405.660597086,-0.558177866,0.088943458,1.801884535
1783618405.661617517,-0.561691743,0.067550091,1.801116165
1783618405.664836645,-0.569599638,0.047706478,1.817669190
1783618405.667464733,-0.574342239,0.029273936,1.834892262
1783618405.668339252,-0.579183704,-0.043968281,1.853964194
1783618405.671653748,-0.579022505,-0.064208487,1.873137384
1783618405.673110485,-0.571552833,-0.125896844,1.901747523
1783618405.674824715,-0.575406474,-0.178441453,1.916218495
1783618405.676948547,-0.566593056,-0.230540022,1.937952246
1783618405.678258419,-0.569574678,-0.285001858,1.975169635
1783618405.682510376,-0.561456804,-0.358404425,2.000600835
1783618405.683378696,-0.546643866,-0.578271258,2.080899167
1783618405.684909105,-0.532500060,-0.656960571,2.104116106
1783618405.686463594,-0.525449168,-0.753684616,2.126999147
1783618405.688131809,-0.513605764,-0.812713269,2.142761114
1783618405.689939976,-0.510097869,-0.896074326,2.181748957
1783618405.696777582,-0.492168097,-0.990400398,2.204541057
1783618405.698181868,-0.461390895,-1.236883962,2.299226953
1783618405.699846029,-0.448881156,-1.311800073,2.322694033
1783618405.701854467,-0.438833290,-1.387050722,2.360730696
1783618405.703025103,-0.428481288,-1.474503051,2.382748504
1783618405.709350109,-0.417575946,-1.551112670,2.411007643
1783618405.710498333,-0.340368178,-1.858614352,2.493749781
1783618405.711497307,-0.315621388,-1.921895770,2.519920232
1783618405.713211298,-0.300214529,-2.000704273,2.544141499
1783618405.714888811,-0.281886480,-2.088619221,2.580341913
1783618405.721663952,-0.266222148,-2.147166565,2.620634822
1783618405.723312140,-0.189326176,-2.428231685,2.709790258
1783618405.724743605,-0.175016606,-2.503943242,2.749156385
1783618405.726888418,-0.152465232,-2.594511241,2.784727735
1783618405.728052378,-0.137240093,-2.683362276,2.820920248
1783618405.734250546,-0.088526588,-2.728245055,2.841231760
1783618405.735176086,0.043362833,-3.112894809,2.948152566
1783618405.736581802,0.046996836,-3.259941096,3.014866331
1783618405.738230467,0.071685340,-3.340655964,3.046563209
1783618405.739917994,0.105858942,-3.400137275,3.035000953
1783618405.744609833,0.105684850,-3.474612059,3.080660702
1783618405.745512724,0.195356241,-3.628555372,3.104456252
1783618405.746476412,0.232704583,-3.712976412,3.117971705
1783618405.749750137,0.250333186,-3.781194783,3.152818383
1783618405.751919985,0.267654300,-3.845682965,3.188521778
1783618405.753116369,0.300787920,-3.948216176,3.208125014
1783618405.759371519,0.321880327,-4.012223157,3.253534344
1783618405.760560751,0.461045694,-4.327122228,3.403183324
1783618405.761604786,0.498634268,-4.442013937,3.465488715
1783618405.764835596,0.482767642,-4.521407565,3.541280677
1783618405.771723986,0.499133443,-4.595353466,3.604133002
1783618405.773206949,0.625046701,-4.893935565,3.765287902
1783618405.774896622,0.644872185,-4.977481320,3.835790310
1783618405.776857615,0.644844343,-5.064243016,3.892861315
1783618405.778202772,0.689150107,-5.129890292,3.924437012
1783618405.784206867,0.698440376,-5.185999726,3.979216140
1783618405.785128832,0.779914511,-5.380382891,4.090907098
1783618405.786539316,0.789955625,-5.441174846,4.141816391
1783618405.788220406,0.792671675,-5.492188289,4.181960336
1783618405.789934635,0.833834683,-5.546639800,4.210904786
1783618405.792132854,0.830737917,-5.619561495,4.267640126
1783618405.793077230,0.859298380,-5.687262285,4.299645914
1783618405.796758413,0.892319776,-5.730203315,4.324750846
1783618405.798095942,0.937094007,-5.879859362,4.402141776
1783618405.799838781,0.944306737,-5.917605232,4.441810389
1783618405.801886559,0.953111692,-5.983812307,4.480775564
1783618405.803064823,0.980440757,-6.045732869,4.514618473
1783618405.807214022,0.978461532,-6.070003609,4.546061177
1783618405.808215141,1.017102703,-6.138051721,4.586395399
1783618405.809818983,1.050105164,-6.186373432,4.609820425
1783618405.811407804,1.049364481,-6.187806909,4.641452138
1783618405.813070774,1.059363946,-6.231907893,4.683188494
1783618405.814846516,1.083950196,-6.268450990,4.706086504
1783618405.821868896,1.070191903,-6.288850774,4.742770372
1783618405.823125362,1.152666003,-6.396143566,4.856092511
1783618405.824918509,1.154244628,-6.440028398,4.898081256
1783618405.826409578,1.159299250,-6.442823812,4.928403436
1783618405.828159094,1.154256777,-6.459843499,4.965353480
1783618405.834252596,1.165723788,-6.496399831,4.986779491
1783618405.835278034,1.228420068,-6.512419898,5.017692437
1783618405.836493015,1.239964006,-6.533077523,5.033711357
1783618405.838157415,1.226696164,-6.507092794,5.062395337
1783618405.846961975,1.149184222,-6.491326733,5.113482524
1783618405.848048449,1.180012649,-6.350571176,5.092962904
1783618405.849761724,1.125809631,-6.264297728,5.090702692
1783618405.851883173,1.081489301,-6.199118263,5.100015682
1783618405.853085279,1.088712121,-6.136437649,5.082352496
1783618405.859324932,1.036109525,-6.053568028,5.054551395
1783618405.860473394,1.051913269,-5.853989540,4.972797258
1783618405.861493587,1.058116576,-5.779388978,4.945746948
1783618405.863209963,1.017476230,-5.684246575,4.939208162
1783618405.864861012,0.969748516,-5.613204013,4.932789836
1783618405.868620396,0.908999394,-5.532800964,4.914004268
1783618405.871702194,0.920097548,-5.357546863,4.830673441
1783618405.873179913,0.933901437,-5.215955062,4.757068141
1783618405.874913692,0.899982748,-5.108144251,4.728931521
1783618405.876908302,0.848297086,-5.032945075,4.709029933
1783618405.878076553,0.853923807,-4.963066565,4.670271526
1783618405.884011507,0.817247243,-4.854845800,4.629617297
1783618405.884896040,0.815585716,-4.646246428,4.505171798
1783618405.886409998,0.818794563,-4.562041394,4.475292827
1783618405.888057470,0.785514250,-4.506007529,4.460396045
1783618405.889766455,0.749630274,-4.430250745,4.432050864
1783618405.891446352,0.722489843,-4.353954509,4.419728633
1783618405.896715879,0.711156857,-4.309796596,4.398037796
1783618405.898171186,0.710583431,-4.144838349,4.311381205
1783618405.899986982,0.683756040,-4.088962164,4.304796808
1783618405.901939869,0.656080376,-4.018453742,4.270613089
1783618405.903220415,0.660144016,-3.973373880,4.249582891
1783618405.909411907,0.633254106,-3.929504427,4.240518369
1783618405.910654068,0.612911091,-3.720146207,4.106700903
1783618405.911687613,0.613338697,-3.652166683,4.076607817
1783618405.913245440,0.590371559,-3.575948350,4.048884712
1783618405.914910316,0.579640847,-3.515452235,4.030532215
1783618405.916815996,0.571629501,-3.440659953,3.985984865
1783618405.921873093,0.555910654,-3.349803234,3.957177176
1783618405.923123837,0.545641306,-3.214355817,3.864989705
1783618405.924709082,0.541241908,-3.114196680,3.821742522
1783618405.926439285,0.546247259,-3.014076389,3.781952212
1783618405.928209543,0.536165558,-2.921092379,3.737005688
1783618405.931428432,0.522078405,-2.859919975,3.697843361
1783618405.934242249,0.531328157,-2.680193156,3.612500784
1783618405.935256004,0.510772538,-2.513722566,3.505829263
1783618405.936476469,0.519242517,-2.424021910,3.469655996
1783618405.938123941,0.513605784,-2.353391836,3.431823955
1783618405.939947367,0.509108511,-2.258262538,3.391829555
1783618405.946851015,0.505572103,-2.172177805,3.364078752
1783618405.948048115,0.485531071,-1.923715591,3.239633204
1783618405.949700356,0.475101603,-1.834472451,3.206932903
1783618405.951898813,0.458797522,-1.759565868,3.171520524
1783618405.953078985,0.453909983,-1.669421765,3.120897368
1783618405.959370375,0.452634024,-1.572790989,3.069493605
1783618405.960513592,0.429542512,-1.262111209,2.906480363
1783618405.961514235,0.410313499,-1.195476414,2.869664607
1783618405.964843988,0.400244365,-1.121635730,2.831924466
1783618405.971784115,0.392048569,-1.048817492,2.800666544
1783618405.973298788,0.360485964,-0.812344674,2.685182094
1783618405.974776030,0.348005260,-0.754153832,2.654050349
1783618405.976957560,0.330458871,-0.695661644,2.625629290
1783618405.978282452,0.329016844,-0.648397182,2.606881222
1783618405.984231472,0.316388303,-0.615380830,2.586899808
1783618405.985159159,0.279793382,-0.431835384,2.478682586
1783618405.986556292,0.271345689,-0.392907400,2.460935117
1783618405.988270283,0.246461909,-0.365452913,2.436165941
1783618405.989978790,0.238730670,-0.315909298,2.415205504
1783618405.992524624,0.223503555,-0.279713248,2.403496370
1783618405.993348360,0.204343136,-0.259112971,2.382522092
1783618405.996699572,0.197712177,-0.227661933,2.359083127
1783618405.998136997,0.185653769,-0.180933137,2.331616394
1783618405.999811411,0.170773078,-0.170036429,2.320365509
1783618406.001866102,0.149201949,-0.138338720,2.293342600
1783618406.003073692,0.141228459,-0.098275944,2.254028136
1783618406.007599831,0.126570861,-0.077561047,2.241453080
1783618406.008652210,0.074525749,-0.027311602,2.188209909
1783618406.009873390,0.072187526,0.016947994,2.135651346
1783618406.011488914,0.046211011,0.019954150,2.121451641
1783618406.013176918,0.028008193,0.050736470,2.099058375
1783618406.014889717,0.017499175,0.062263107,2.071321113
1783618406.021838665,0.000832610,0.071865159,2.053645762
1783618406.023375988,-0.027656882,0.124374287,1.984610790
1783618406.024711609,-0.051858703,0.150354138,1.944673397
1783618406.026416063,-0.062490449,0.174089682,1.918634681
1783618406.028202057,-0.084473509,0.187294521,1.902922109
1783618406.034295559,-0.104797130,0.184865881,1.877559507
1783618406.035421848,-0.145799432,0.256033568,1.788030901
1783618406.038140059,-0.172759529,0.260872187,1.777687501
1783618406.040028095,-0.183118286,0.267545298,1.755245826
1783618406.041443586,-0.204512487,0.265516642,1.739401573
1783618406.046728373,-0.212043160,0.290321403,1.712125223
1783618406.048196316,-0.243182424,0.325264280,1.656410563
1783618406.049823523,-0.247937556,0.337784089,1.635494721
1783618406.051924706,-0.263844340,0.348240961,1.618832085
1783618406.053122520,-0.278368248,0.348520822,1.599857412
1783618406.055047750,-0.289051000,0.364371052,1.578272617
1783618406.059313774,-0.296021780,0.379602403,1.569640873
1783618406.060446024,-0.320640093,0.428779622,1.509923468
1783618406.061471462,-0.324829847,0.428835371,1.498375428
1783618406.063242197,-0.347023445,0.436977478,1.483692257
1783618406.064909697,-0.351386623,0.451601748,1.464800752
1783618406.071160316,-0.365378512,0.467106374,1.459842004
1783618406.072149515,-0.375006895,0.516839980,1.402705805
1783618406.073233366,-0.379764426,0.519143459,1.395954448
1783618406.076996088,-0.409119733,0.507383074,1.382604421
1783618406.078036070,-0.407742539,0.530889177,1.355669713
1783618406.084201574,-0.419646618,0.545554044,1.346490836
1783618406.085139513,-0.426945541,0.575266352,1.317537092
1783618406.086544991,-0.429811361,0.572949339,1.302352319
1783618406.088334322,-0.434061151,0.570683764,1.291264467
1783618406.089962006,-0.446792117,0.596836499,1.275157424
1783618406.091530800,-0.444864591,0.598255984,1.273129784
1783618406.096883774,-0.452940042,0.591127964,1.260404305
1783618406.098259687,-0.446745767,0.618622699,1.235003919
1783618406.099731207,-0.456622309,0.614627986,1.227439657
1783618406.101943493,-0.459704443,0.627701322,1.229121927
1783618406.103182316,-0.458262303,0.626960555,1.214829626
1783618406.109401703,-0.470356038,0.619732292,1.210234873
1783618406.110583544,-0.459303041,0.649978750,1.190965511
1783618406.111611366,-0.456325654,0.640116460,1.191645383
1783618406.114857197,-0.480926836,0.619619489,1.190455256
1783618406.117427349,-0.474986547,0.626074705,1.174432184
1783618406.118318081,-0.478049996,0.639257244,1.177099619
1783618406.121816635,-0.475677009,0.617806800,1.173838708
1783618406.123346090,-0.474972595,0.610576179,1.184151126
1783618406.124867201,-0.476924352,0.609627068,1.173491805
1783618406.126373529,-0.486819422,0.615680738,1.162968066
1783618406.128166676,-0.489205928,0.611504477,1.156903934
1783618406.132374287,-0.493526852,0.591103815,1.153866643
1783618406.133246183,-0.489870630,0.598998827,1.154481816
1783618406.136442423,-0.499007808,0.579614251,1.148137415
1783618406.138236523,-0.497719243,0.580558018,1.138150406
1783618406.139945030,-0.506948537,0.567287981,1.123805262
1783618406.146748304,-0.505379356,0.565268731,1.119342172
1783618406.148195505,-0.503819603,0.559375936,1.091062641
1783618406.149866819,-0.511751802,0.548438653,1.091206278
1783618406.151892662,-0.520899670,0.525933845,1.083394089
1783618406.153074741,-0.522877746,0.533459202,1.076728898
1783618406.159373045,-0.519709237,0.510152686,1.085989555
1783618406.160509825,-0.524858615,0.380132116,1.130136178
1783618406.161533117,-0.529357869,0.355053386,1.141818883
1783618406.163328409,-0.538600178,0.327751445,1.153362756
1783618406.171847582,-0.552122013,0.272867489,1.159762955
1783618406.173079014,-0.554214234,0.221124299,1.163342191
1783618406.174867153,-0.560606346,0.211173887,1.165420179
1783618406.176381588,-0.569071625,0.179420681,1.172831789
1783618406.178164721,-0.573852147,0.164567463,1.161701863
1783618406.184281826,-0.567665924,0.168595322,1.158161157
1783618406.185336590,-0.573533054,0.120274889,1.169831663
1783618406.186565161,-0.581994616,0.107712020,1.170981930
1783618406.188250542,-0.586253224,0.086343403,1.170807209
1783618406.189909458,-0.582104357,0.078386490,1.169240368
1783618406.194543600,-0.595789662,0.065442110,1.173398443
1783618406.195461512,-0.597041065,0.058140461,1.164695590
1783618406.199080706,-0.593693157,0.036691391,1.173613407
1783618406.200154066,-0.587577775,0.020187137,1.180538096
1783618406.201389074,-0.594224952,0.018377161,1.179193628
1783618406.203080654,-0.594764202,0.016881218,1.188250956
1783618406.209374189,-0.600784271,-0.004755115,1.184870840
1783618406.210539103,-0.595709466,-0.021999294,1.204224786
1783618406.211598873,-0.599790538,-0.015746026,1.189027949
1783618406.214851618,-0.603515273,-0.039714466,1.200600012
1783618406.221887112,-0.596402491,-0.058609162,1.201645649
1783618406.223064184,-0.600622707,-0.084464873,1.220024959
1783618406.224831104,-0.602876794,-0.082539212,1.227296545
1783618406.226901054,-0.602894809,-0.096092089,1.238421352
1783618406.228191853,-0.596218093,-0.100819803,1.247922963
1783618406.234241009,-0.608830222,-0.119425732,1.257407598
1783618406.235168695,-0.611338708,-0.140263857,1.291267440
1783618406.239574194,-0.613683498,-0.147229563,1.293706950
1783618406.240723848,-0.619640358,-0.186863400,1.305742265
1783618406.241992950,-0.607715674,-0.186855632,1.319928626
1783618406.243309498,-0.607317142,-0.194200412,1.328481964
1783618406.246853828,-0.613467622,-0.233211758,1.356834121
1783618406.248112917,-0.609503497,-0.255282864,1.363725393
1783618406.249761343,-0.606838979,-0.260481593,1.377753529
1783618406.251904249,-0.600130674,-0.283867745,1.384275011
1783618406.253120184,-0.593700984,-0.312867224,1.397785267
1783618406.256772280,-0.595701304,-0.339185055,1.408932933
1783618406.259290218,-0.575605710,-0.378462841,1.432465070
1783618406.260370255,-0.561166972,-0.450647519,1.466424108
1783618406.263176203,-0.541961357,-0.493487182,1.490320150
1783618406.264880180,-0.526228476,-0.562191096,1.514951744
1783618406.272149801,-0.514697877,-0.604006138,1.526388230
1783618406.273148298,-0.454631688,-0.865952886,1.672299425
1783618406.274769068,-0.441409646,-0.918407820,1.707275282
1783618406.276407719,-0.427775262,-1.006349077,1.741648407
1783618406.278240442,-0.419977153,-1.099905923,1.787642363
1783618406.284293652,-0.401585184,-1.162763048,1.824678368
1783618406.285350561,-0.322596757,-1.484405944,1.945921930
1783618406.286571980,-0.298728073,-1.582610435,1.970218354
1783618406.289798737,-0.276746087,-1.637533854,1.996563248
1783618406.291388273,-0.254787734,-1.705801754,2.034780645
1783618406.296766520,-0.227719481,-1.800717888,2.059139082
1783618406.298248768,-0.146046384,-2.035124418,2.144986638
1783618406.299885035,-0.115971914,-2.096618779,2.167744703
1783618406.301898003,-0.086946809,-2.180832330,2.216637587
1783618406.303134918,-0.048847883,-2.258203311,2.215747192
1783618406.309396267,-0.019972398,-2.316442747,2.249642881
1783618406.310602188,0.151554629,-2.645090274,2.333147343
1783618406.311616421,0.192327992,-2.750528569,2.355234732
1783618406.314892292,0.212978606,-2.828818437,2.415571788
1783618406.319587708,0.236527393,-2.884149486,2.449418199
1783618406.320514917,0.351296357,-3.142301504,2.520293102
1783618406.321481466,0.389125296,-3.222114317,2.550801336
1783618406.323316336,0.429295348,-3.327597486,2.604716360
1783618406.326963902,0.421468194,-3.356565194,2.643821189
1783618406.328039408,0.446964848,-3.455344640,2.722132801
1783618406.334241629,0.545360624,-3.459929144,2.666814817
1783618406.335070372,0.620848497,-3.835935905,2.908428294
1783618406.336497545,0.696452529,-3.868212083,2.957967788
1783618406.338139296,0.727003094,-3.940979754,3.047966087
1783618406.346810818,0.720321640,-3.995377192,3.129733045
1783618406.348181963,0.861666103,-4.223381324,3.256892871
1783618406.349897146,0.864246020,-4.231624314,3.302607447
1783618406.351528168,0.879764817,-4.270349533,3.333871997
1783618406.353137970,0.925103879,-4.338639321,3.365177555
1783618406.359402418,0.926123436,-4.369626969,3.407396957
1783618406.360647678,1.051371622,-4.526181114,3.525999649
1783618406.361704588,1.077006851,-4.552162900,3.528443252
1783618406.363208055,1.079211981,-4.565218164,3.572901937
1783618406.364883900,1.083607813,-4.613401823,3.628398033
1783618406.371950388,1.089027618,-4.623629408,3.661086355
1783618406.373372316,1.133810840,-4.661503701,3.737620578
1783618406.374944687,1.128559179,-4.691778642,3.765608325
1783618406.376374006,1.157482125,-4.671900748,3.769371571
1783618406.378030539,1.159522474,-4.674781786,3.813721802
1783618406.380094767,1.148973195,-4.689394918,3.843828650
1783618406.384244919,1.161905192,-4.691238608,3.851508511
1783618406.385308504,1.200492844,-4.746016851,3.938799709
1783618406.386545181,1.231824878,-4.763210521,3.970042912
1783618406.388245106,1.231602061,-4.775126885,4.011298652
1783618406.389974356,1.237495415,-4.795366792,4.043941127
1783618406.395711184,1.224887476,-4.788792105,4.076860047
1783618406.396584749,1.232533855,-4.808409262,4.138645542
1783618406.398204088,1.263118949,-4.802030811,4.147676464
1783618406.399841785,1.276670322,-4.768565445,4.169762320
1783618406.401914835,1.254175554,-4.785010566,4.192762687
1783618406.403137207,1.290667264,-4.758699733,4.203753074
1783618406.409365654,1.274924406,-4.733610273,4.223629221
1783618406.410551310,1.371204563,-4.677965935,4.271838352
1783618406.411726475,1.334852638,-4.614973601,4.281493024
1783618406.413279295,1.328741260,-4.554274486,4.276697169
1783618406.421841145,1.343797682,-4.499425285,4.275399419
1783618406.423108816,1.376388089,-4.260999802,4.260218283
1783618406.424926043,1.387341121,-4.193327079,4.263811710
1783618406.426491022,1.384930085,-4.136051747,4.254836239
1783618406.428214788,1.398993873,-4.091376962,4.241916825
1783618406.434309244,1.378292844,-4.028633725,4.232677069
1783618406.435313940,1.406145834,-3.789596024,4.153244067
1783618406.436548233,1.434906241,-3.750632628,4.138015937
1783618406.438225031,1.417415806,-3.699118082,4.121491519
1783618406.439937115,1.423330533,-3.630340491,4.107923596
1783618406.446804047,1.403890716,-3.578895768,4.104047937
1783618406.448076487,1.420967398,-3.432687450,4.049015660
1783618406.449746609,1.405220861,-3.388480586,4.040078082
1783618406.451853514,1.376978924,-3.344842605,4.030904787
1783618406.453062534,1.389348072,-3.278939030,4.018760052
1783618406.456525087,1.361925572,-3.249692421,4.015305658
1783618406.459335089,1.365123810,-3.159196799,3.984517004
1783618406.460465670,1.368678229,-3.114080141,3.980121900
1783618406.461487293,1.368311068,-3.083910784,3.969705501
1783618406.463258505,1.353051758,-3.021867472,3.948371658
1783618406.464926481,1.350462941,-2.974438748,3.944520445
1783618406.471564531,1.331444000,-2.951815769,3.955022977
1783618406.473297119,1.329698425,-2.807717637,3.907689788
1783618406.474833727,1.313860225,-2.743236126,3.894774475
1783618406.476960659,1.309240474,-2.690307111,3.880567191
1783618406.478122473,1.302319728,-2.647498003,3.851986286
1783618406.479713440,1.301858861,-2.568269643,3.827539374
1783618406.484301567,1.291787606,-2.513837505,3.805562093
1783618406.485256672,1.285335544,-2.313548474,3.700766792
1783618406.489515781,1.265163180,-2.247877189,3.676983843
1783618406.490711212,1.265159705,-2.116084486,3.614523694
1783618406.491823435,1.252024250,-2.064593749,3.592888371
1783618406.496852160,1.243048507,-1.994118554,3.552839228
1783618406.498279810,1.245075048,-1.857699829,3.497340747
1783618406.499719858,1.231861890,-1.798162357,3.469768005
1783618406.501902819,1.223711492,-1.717152605,3.440318557
1783618406.503128290,1.227603861,-1.647297908,3.411936017
1783618406.509420872,1.217604360,-1.579386804,3.387338242
1783618406.510627270,1.195191689,-1.327147984,3.278013013
1783618406.511695862,1.204900109,-1.239508365,3.238730945
1783618406.513216257,1.187682452,-1.198938079,3.225943451
1783618406.514881849,1.180360518,-1.126529538,3.193478098
1783618406.518392801,1.186607838,-1.053143191,3.171338956
1783618406.521954298,1.177214095,-0.997693598,3.143669697
1783618406.523363352,1.157935382,-0.884537662,3.102807309
1783618406.524858236,1.162078429,-0.818620161,3.085896373
1783618406.526597500,1.139891110,-0.763488317,3.062876919
1783618406.528094292,1.132111179,-0.694488214,3.042045603
1783618406.533001423,1.131123348,-0.623025316,3.018605432
1783618406.533866644,1.101382551,-0.459290328,2.955203872
1783618406.534976959,1.083895877,-0.427422628,2.942688920
1783618406.539561272,1.076308498,-0.372253228,2.942564956
1783618406.540804386,1.047435179,-0.267942231,2.911698140
1783618406.541853905,1.024952881,-0.236240165,2.905657592
1783618406.546796322,1.008112698,-0.192079250,2.896632998
1783618406.548030138,0.971839743,-0.123652277,2.880855600
1783618406.549747467,0.954891614,-0.076188123,2.870974641
1783618406.551892996,0.931079647,-0.035708644,2.873898657
1783618406.553093433,0.919411750,-0.016769670,2.857227924
1783618406.559477568,0.900052025,0.020441041,2.839357931
1783618406.560723066,0.828552429,0.134729151,2.776587251
1783618406.561755419,0.806778451,0.154762664,2.772352813
1783618406.563251495,0.776081076,0.178833351,2.743631687
1783618406.571876049,0.746786859,0.191560434,2.756089871
1783618406.573158503,0.669547902,0.296187478,2.671153596
1783618406.574743986,0.637234472,0.306329215,2.670633476
1783618406.576386929,0.600508210,0.332900070,2.656078488
1783618406.578096151,0.566784142,0.361004618,2.648888612
1783618406.584334612,0.547248221,0.373807193,2.644833871
1783618406.585414886,0.454930871,0.429662590,2.574646993
1783618406.588099718,0.416703765,0.451282424,2.553794505
1783618406.589796066,0.404411728,0.477225989,2.541011634
1783618406.591403723,0.372197923,0.491055228,2.519162950
1783618406.594357729,0.351062918,0.495066595,2.498890041
1783618406.595207453,0.313291340,0.544899605,2.445977931
1783618406.596710920,0.291077054,0.541647723,2.428233938
1783618406.598205090,0.269084238,0.557899027,2.409203313
1783618406.599889994,0.251460693,0.582829363,2.378170797
1783618406.601873159,0.223422164,0.583376854,2.366841608
1783618406.609589815,0.184262332,0.588346271,2.337607510
1783618406.610877752,0.113639609,0.630502510,2.253537850
1783618406.611931801,0.099002714,0.629669758,2.246542107
1783618406.613154411,0.070177747,0.620087962,2.238507131
1783618406.621891975,0.018665369,0.593129341,2.220931854
1783618406.623119593,-0.043509674,0.601498902,2.186005771
1783618406.624893188,-0.066708446,0.609251550,2.175121478
1783618406.626684189,-0.087920345,0.597117116,2.179180868
1783618406.628183603,-0.113716460,0.588257728,2.169119462
1783618406.634317160,-0.131649148,0.598385461,2.154646732
1783618406.635318518,-0.181282111,0.613926253,2.120813869
1783618406.636511087,-0.195488820,0.606266218,2.123177871
1783618406.640011549,-0.230515237,0.595502834,2.118429457
1783618406.641438246,-0.243204259,0.603974915,2.106121890
1783618406.646787167,-0.252536609,0.585386154,2.108292999
1783618406.648040533,-0.271157978,0.610199408,2.085273521
1783618406.649696112,-0.285779085,0.609014970,2.079400412
1783618406.651851654,-0.296314384,0.608780348,2.079858859
1783618406.653026581,-0.308518518,0.609319303,2.073078151
1783618406.656332493,-0.323468911,0.604180583,2.054776305
1783618406.657324314,-0.324049557,0.624055987,2.047979960
1783618406.658153057,-0.322797996,0.621605113,2.043933737
1783618406.659882069,-0.325784435,0.641573473,2.030549213
1783618406.661515236,-0.334112235,0.647913773,2.025567737
1783618406.663191795,-0.346173463,0.634950927,2.030754923
1783618406.664817810,-0.351380392,0.635174620,2.009657695
1783618406.671847582,-0.352560913,0.648008773,2.006112044
1783618406.673057795,-0.355098222,0.660057188,1.976827934
1783618406.674837112,-0.354043634,0.665262308,1.962922848
1783618406.677000046,-0.354910807,0.668694383,1.950912253
1783618406.678025961,-0.350818906,0.669505362,1.941821495
1783618406.684239388,-0.368763523,0.656186993,1.922510416
1783618406.685181379,-0.355695496,0.667294017,1.883596348
1783618406.686398506,-0.354918173,0.667339615,1.868470674
1783618406.688122988,-0.346939641,0.677790197,1.861536189
1783618406.689943790,-0.353867666,0.662014474,1.847963612
1783618406.696702719,-0.360846623,0.655137647,1.840240966
1783618406.698126316,-0.333076444,0.686285100,1.816046033
1783618406.699753523,-0.323685891,0.697467123,1.811511664
1783618406.701897383,-0.336124702,0.670758588,1.815239647
1783618406.703103304,-0.327760997,0.675469053,1.803380627
1783618406.709330559,-0.323345284,0.679718215,1.801220557
1783618406.710483551,-0.297203194,0.705673494,1.787540712
1783618406.711517811,-0.296506706,0.698853284,1.782365988
1783618406.713240385,-0.300146616,0.694595962,1.774282530
1783618406.714915037,-0.306196311,0.703742560,1.779603473
1783618406.718149900,-0.310637442,0.685553864,1.786844011
1783618406.721928120,-0.315448123,0.677103452,1.790555975
1783618406.723216295,-0.312380778,0.708309236,1.785936540
1783618406.724818707,-0.325211281,0.687181507,1.792858109
1783618406.726485252,-0.330952213,0.672795396,1.788661752
1783618406.728227854,-0.348591766,0.678887478,1.795482137
1783618406.733058453,-0.343793263,0.665802731,1.802861994
1783618406.734834909,-0.339953217,0.674511112,1.804882365
1783618406.736526728,-0.357670948,0.651320983,1.796249932
1783618406.738234997,-0.367821359,0.644943584,1.804170496
1783618406.739953279,-0.368163341,0.645257928,1.812416307
1783618406.746747017,-0.371684406,0.617058594,1.817851644
1783618406.748168230,-0.370618856,0.623761388,1.835819245
1783618406.749814510,-0.384005717,0.629907411,1.834725150
1783618406.751936913,-0.388346281,0.591219753,1.845835046
1783618406.753154755,-0.388982933,0.600502357,1.852560046
1783618406.759398699,-0.399933729,0.588300929,1.859301558
1783618406.760547400,-0.372578652,0.591251890,1.856232607
1783618406.761562109,-0.375814090,0.573557793,1.863831088
1783618406.764911413,-0.393938522,0.555888562,1.867779982
1783618406.771842241,-0.390094980,0.538749947,1.881824674
1783618406.773315191,-0.390862988,0.497866936,1.891716295
1783618406.774774790,-0.392779885,0.503895532,1.893768173
1783618406.776995182,-0.402285551,0.488152065,1.907132306
1783618406.778036118,-0.398088118,0.470846934,1.902153107
1783618406.784377098,-0.401705697,0.472889785,1.907081083
1783618406.785336018,-0.402360524,0.440479462,1.909583899
1783618406.786535978,-0.402186529,0.430574681,1.917202609
1783618406.788253546,-0.406116299,0.423775910,1.928977738
1783618406.789948940,-0.410216096,0.395028308,1.931602327
1783618406.795506716,-0.417379149,0.379170628,1.940551732
1783618406.796457529,-0.413549643,0.375181794,1.951050257
1783618406.798036098,-0.413979279,0.345864679,1.958786435
1783618406.799723625,-0.408822294,0.341260669,1.964767643
1783618406.801916599,-0.414756221,0.321951253,1.985910260
1783618406.803107023,-0.409158412,0.287955312,1.982651308
1783618406.809388638,-0.409283134,0.285553634,1.982713249
1783618406.810512781,-0.377906403,0.197518534,2.003176069
1783618406.811611414,-0.366856289,0.154187390,2.001967071
1783618406.814845085,-0.356995788,0.114853490,2.004825665
1783618406.821853161,-0.342340320,0.077293399,2.014195880
1783618406.823317528,-0.269894544,-0.120383258,2.039424002
1783618406.824778795,-0.248180420,-0.189911509,2.059365436
1783618406.827006817,-0.230896191,-0.231550254,2.060968898
1783618406.828081131,-0.204504707,-0.298935515,2.088015398
1783618406.829735518,-0.179710086,-0.365521866,2.092301986
1783618406.834291458,-0.166090962,-0.408938058,2.096443720
1783618406.835305452,-0.086200752,-0.602316203,2.150221951
1783618406.836503267,-0.062723184,-0.627266665,2.169534689
1783618406.838218689,-0.039028312,-0.701601635,2.191029501
1783618406.842401981,-0.011005469,-0.741564876,2.195002198
1783618406.843359709,0.002536358,-0.772008699,2.202623309
1783618406.846843719,0.028308915,-0.829204057,2.215261765
1783618406.848121643,0.078645032,-0.914081081,2.225345095
1783618406.849814177,0.104208047,-0.966524704,2.242191814
1783618406.851948977,0.130026410,-1.019236027,2.275764611
1783618406.853125811,0.172327467,-0.973564811,2.208150045
1783618406.857554197,0.188718810,-1.042455782,2.257561841
1783618406.858553410,0.281367393,-1.137240483,2.239794756
1783618406.861623287,0.300671101,-1.172004407,2.272680672
1783618406.863181591,0.343414721,-1.123419880,2.174520296
1783618406.864850283,0.370859667,-1.179524695,2.202630057
1783618406.871854067,0.394151280,-1.264657824,2.233122796
1783618406.873320580,0.525920911,-1.415763539,2.226857042
1783618406.874807835,0.548919962,-1.434622186,2.246250692
1783618406.876912355,0.574271613,-1.480026688,2.249170594
1783618406.878122807,0.614769949,-1.537358853,2.247064891
1783618406.884237766,0.644141719,-1.573471677,2.270128871
1783618406.885298491,0.787128447,-1.751757526,2.319945346
1783618406.886594296,0.837046517,-1.820840368,2.338069909
1783618406.888324976,0.863405258,-1.884803672,2.363267846
1783618406.889913797,0.877341835,-1.925926265,2.395571067
1783618406.896900892,0.911042068,-1.999019340,2.440383586
1783618406.898052692,1.021640167,-2.176557694,2.536609138
1783618406.899853468,1.042022385,-2.253202408,2.577092785
1783618406.901445150,1.074745327,-2.319809059,2.608535026
1783618406.903252125,1.098988093,-2.397811716,2.679386984
1783618406.909410954,1.128625043,-2.489157107,2.726062854
1783618406.910574198,1.248335634,-2.761375133,2.903028739
1783618406.911605120,1.285135567,-2.814652466,2.919060987
1783618406.914884090,1.288884995,-2.874245695,2.952987515
1783618406.918297291,1.286839068,-2.956889296,3.008568366
1783618406.921950817,1.340070292,-3.050491651,3.042333326
1783618406.923172951,1.374856828,-3.161461727,3.093998443
1783618406.924753189,1.378004329,-3.209755276,3.112328602
1783618406.926418543,1.376269361,-3.243154424,3.128403599
1783618406.928199291,1.380735142,-3.279246827,3.147828253
1783618406.933289528,1.388933782,-3.350116882,3.162587662
1783618406.934847355,1.442981703,-3.481468418,3.194528835
1783618406.936526775,1.446275602,-3.546403529,3.241931630
1783618406.938323259,1.440840126,-3.577587186,3.257474259
1783618406.939952374,1.451293076,-3.621751320,3.292245998
1783618406.941532612,1.438952494,-3.672644999,3.327171982
1783618406.946928740,1.448856040,-3.735546548,3.351693703
1783618406.948174238,1.480693528,-3.842162275,3.423589553
1783618406.949849606,1.470021020,-3.867694180,3.455639043
1783618406.951428413,1.473916417,-3.887125226,3.479776635
1783618406.953102589,1.482371391,-3.921422795,3.496601608
1783618406.959518909,1.473050876,-3.944275260,3.515442379
1783618406.960673332,1.510678781,-3.948980744,3.545085942
1783618406.961718321,1.534335092,-3.923695688,3.526351446
1783618406.963199854,1.518572171,-3.925849382,3.548514612
1783618406.972035885,1.508861712,-3.930887035,3.599910798
1783618406.973257303,1.547017193,-3.885957997,3.654173081
1783618406.974834681,1.533308615,-3.877889878,3.663804000
1783618406.976551294,1.530367490,-3.848661926,3.672132145
1783618406.978128910,1.547426267,-3.833023464,3.677832897
1783618406.984280825,1.526711525,-3.827089744,3.695966510
1783618406.985237837,1.553881369,-3.719064997,3.697587472
1783618406.989548683,1.530020806,-3.675952318,3.711201990
1783618406.990671873,1.532719955,-3.631243762,3.715564290
1783618406.991718531,1.543600340,-3.600457399,3.716294027
1783618406.996837139,1.522301357,-3.573264180,3.721202131
1783618406.998106956,1.525556063,-3.545339275,3.713237365
1783618406.999782801,1.511766305,-3.519429726,3.721655927
1783618407.001869202,1.499353727,-3.501874536,3.737873207
1783618407.003041983,1.498822517,-3.495266558,3.729353690
1783618407.009429216,1.484588967,-3.470517697,3.729150207
1783618407.010625362,1.485465576,-3.391430229,3.746156458
1783618407.011639118,1.497748034,-3.361352509,3.746388233
1783618407.014866829,1.454305683,-3.337862991,3.757886602
1783618407.021927595,1.424796443,-3.299302213,3.757597582
1783618407.023138523,1.417472843,-3.139661519,3.705371808
1783618407.024916649,1.395065447,-3.087707322,3.701254825
1783618407.026467085,1.368048537,-3.053737486,3.690959456
1783618407.028224707,1.344412835,-2.987417042,3.668909000
1783618407.034282446,1.344306230,-2.941772425,3.662469526
1783618407.035327196,1.302635973,-2.793701633,3.584252696
1783618407.036590338,1.298741822,-2.752007644,3.576129788
1783618407.039772749,1.265300907,-2.723091395,3.581105354
1783618407.041430473,1.236149672,-2.625507167,3.554943240
1783618407.046827316,1.226888035,-2.610856353,3.550561533
1783618407.048031092,1.185810878,-2.482261245,3.514197212
1783618407.049733877,1.167061119,-2.438792800,3.501385847
1783618407.051928997,1.154416178,-2.374249045,3.474314301
1783618407.053157091,1.147542710,-2.319983046,3.454569150
1783618407.056993246,1.124073125,-2.283164187,3.448967135
1783618407.058154345,1.107033676,-2.158404651,3.405548152
1783618407.059962273,1.098625967,-2.092649145,3.379409425
1783618407.061461210,1.071093236,-2.042709259,3.365267973
1783618407.063132524,1.059695507,-1.972253743,3.334981971
1783618407.064856052,1.060283256,-1.894139382,3.316358186
1783618407.071882963,1.042896866,-1.828364263,3.292119723
1783618407.073085546,1.008225817,-1.542264834,3.187638114
1783618407.074878693,0.996107614,-1.473956476,3.155238546
1783618407.076389313,0.990121629,-1.380693223,3.126651107
1783618407.078138590,0.998433659,-1.318656867,3.123902381
1783618407.084350586,0.970299778,-1.252037303,3.096486488
1783618407.085389853,0.931321202,-1.046284237,3.025868103
1783618407.088510036,0.926914492,-0.974994650,3.005178738
1783618407.089773417,0.911459639,-0.858363335,2.975136609
1783618407.091403246,0.897388450,-0.787905462,2.947734266
1783618407.096793413,0.891238716,-0.719575283,2.924271008
1783618407.098258495,0.862420355,-0.581989688,2.883710483
1783618407.099899292,0.845405086,-0.535756761,2.871081527
1783618407.101909876,0.829153456,-0.496668539,2.860204474
1783618407.103069782,0.823419252,-0.445556617,2.842988588
1783618407.109323502,0.797898342,-0.430079163,2.844001760
1783618407.110460281,0.740370539,-0.282583009,2.770962016
1783618407.111471415,0.728871219,-0.255292284,2.761984272
1783618407.114843607,0.701300966,-0.220741593,2.746285721
1783618407.120029449,0.681176252,-0.190807133,2.737831346
1783618407.121817112,0.631422308,-0.123513799,2.699676324
1783618407.123300791,0.622145841,-0.085494773,2.687001494
1783618407.124798298,0.608802242,-0.047240883,2.666504211
1783618407.126962900,0.581187643,-0.025685564,2.650054142
1783618407.128286362,0.559749052,0.010024072,2.628239346
1783618407.134248018,0.542388740,0.010631884,2.638078519
1783618407.135217667,0.465943840,0.094917708,2.565329104
1783618407.139544010,0.431966126,0.111401349,2.550446852
1783618407.140671015,0.407539987,0.179758720,2.504519697
1783618407.141681194,0.389122129,0.183694061,2.498371885
1783618407.146761894,0.355300642,0.204832198,2.472564805
1783618407.148247004,0.345510276,0.242494111,2.428960562
1783618407.149892330,0.302958364,0.253921859,2.412987918
1783618407.151961803,0.288775120,0.292989102,2.376848465
1783618407.153162718,0.278100488,0.312337897,2.373624876
1783618407.159383297,0.244757740,0.324614698,2.348454862
1783618407.160564661,0.177297120,0.407503301,2.233609418
1783618407.161574364,0.165891439,0.443195392,2.205344348
1783618407.164838076,0.136804161,0.446558617,2.183672405
1783618407.171982527,0.103049188,0.459212672,2.153529766
1783618407.173263788,0.041269631,0.506587654,2.073557144
1783618407.174801350,0.023793092,0.521156486,2.051095780
1783618407.176440954,-0.014998989,0.519967429,2.048532720
1783618407.178198814,-0.031921792,0.519932886,2.021891424
1783618407.181423903,-0.043611441,0.524857357,2.007942116
1783618407.184274912,-0.080721050,0.544225564,1.998386511
1783618407.185317755,-0.106165623,0.583316680,1.976642509
1783618407.186551571,-0.119062034,0.598423998,1.961283943
1783618407.189997196,-0.154638513,0.586458645,1.943041979
1783618407.191390276,-0.176801117,0.607166713,1.931200787
1783618407.196809769,-0.178544821,0.616102714,1.926740224
1783618407.198044062,-0.207353134,0.645494785,1.878254195
1783618407.199923754,-0.236728024,0.631287806,1.865940014
1783618407.201966763,-0.252657890,0.619011332,1.858781822
1783618407.203151703,-0.255857571,0.637309827,1.845769059
1783618407.209507704,-0.275690642,0.628437797,1.831568866
1783618407.210658312,-0.295679322,0.634146524,1.789745512
1783618407.211674690,-0.292054007,0.650796061,1.782171015
1783618407.214946747,-0.311449672,0.628025170,1.782607188
1783618407.216393709,-0.329050097,0.624640514,1.765832042
1783618407.221930504,-0.321411310,0.644505665,1.752012257
1783618407.223217964,-0.336586969,0.657313671,1.714853753
1783618407.224839211,-0.333079954,0.672490890,1.709230210
1783618407.226507664,-0.342549504,0.660616950,1.696747874
1783618407.228071928,-0.355900308,0.651747037,1.683908413
1783618407.234195471,-0.357138216,0.660654402,1.679458092
1783618407.235134363,-0.365282301,0.673395882,1.644103177
1783618407.236547470,-0.377638016,0.649481253,1.643530419
1783618407.238280773,-0.383253441,0.648953247,1.620605949
1783618407.239917517,-0.373681830,0.666560417,1.616812173
1783618407.243043900,-0.388005715,0.652045305,1.610031947
1783618407.246899128,-0.385456634,0.645474577,1.601708301
1783618407.248108864,-0.381297956,0.656010320,1.589113740
1783618407.249759436,-0.385816429,0.636514935,1.579157268
1783618407.251971483,-0.393288110,0.636784900,1.564071794
1783618407.253143787,-0.389979247,0.647796654,1.575311931
1783618407.258877516,-0.398346196,0.611952251,1.575849053
1783618407.259872913,-0.399599386,0.616223341,1.547540329
1783618407.261480808,-0.396133191,0.631370537,1.542715516
1783618407.263155937,-0.398936073,0.614613107,1.542316503
1783618407.264750481,-0.416021249,0.608597332,1.525415891
1783618407.271852493,-0.427556411,0.608867978,1.526885062
1783618407.273274422,-0.411562295,0.624925496,1.509008976
1783618407.274915695,-0.426786568,0.604385126,1.514083693
1783618407.276445627,-0.436384588,0.589735888,1.501908506
1783618407.278161526,-0.431065045,0.614089615,1.498828290
1783618407.284370899,-0.439347426,0.592286964,1.499464192
1783618407.285310030,-0.433020688,0.578914244,1.481610021
1783618407.286499739,-0.430173125,0.595179690,1.470732460
1783618407.288252354,-0.436325791,0.594070005,1.471349371
1783618407.290012121,-0.447608274,0.563251734,1.467175110
1783618407.296848059,-0.461743291,0.549012146,1.465367252
1783618407.298088789,-0.455915692,0.550609063,1.463569328
1783618407.299769640,-0.459013005,0.541970652,1.462833329
1783618407.301962852,-0.467909679,0.510607958,1.473908922
1783618407.303138971,-0.463274195,0.509075120,1.476679864
1783618407.305010557,-0.479898892,0.515567077,1.465810539
1783618407.309290171,-0.471632856,0.493554769,1.480912378
1783618407.310362101,-0.466217782,0.484397190,1.476828330
1783618407.311625957,-0.459612496,0.469746465,1.476227296
1783618407.314873934,-0.481765623,0.463092345,1.476287628
1783618407.320122957,-0.488895563,0.436023043,1.484287604
1783618407.321781874,-0.480549758,0.422151562,1.481848057
1783618407.323239803,-0.477003956,0.418264968,1.474485225
1783618407.324713707,-0.483272099,0.413057981,1.483353322
1783618407.327017307,-0.485083289,0.382123236,1.481954597
1783618407.328170061,-0.489166700,0.389314658,1.475323055
1783618407.329754591,-0.488240441,0.381634891,1.483235839
1783618407.334372997,-0.487433609,0.362684421,1.483923850
1783618407.335314989,-0.489283584,0.357989395,1.481691434
1783618407.336470366,-0.481391632,0.343673966,1.483814703
1783618407.339841604,-0.494877238,0.334301438,1.486654353
1783618407.341480255,-0.494881565,0.293669286,1.496188863
1783618407.346800804,-0.509445678,0.296538715,1.494181594
1783618407.348250628,-0.507941588,0.263603891,1.493180074
1783618407.349901915,-0.516737376,0.255449298,1.494934349
1783618407.352033854,-0.515371252,0.235335697,1.498856530
1783618407.353163719,-0.518270232,0.198196119,1.501708639
1783618407.354942799,-0.520196609,0.203471732,1.508595439
1783618407.359364748,-0.527350400,0.188867009,1.518659678
1783618407.360423326,-0.536546228,0.149802013,1.533939636
1783618407.361424923,-0.543619685,0.152705639,1.542030500
1783618407.364897251,-0.570491383,0.089635473,1.551979061
1783618407.371964216,-0.579286013,0.058403383,1.561601335
1783618407.373208761,-0.610447698,-0.078485984,1.603690845
1783618407.374768257,-0.619275435,-0.141880717,1.619248391
1783618407.376390457,-0.624891490,-0.204649745,1.619226469
1783618407.378143787,-0.628548845,-0.227486762,1.618396494
1783618407.384306192,-0.618288516,-0.295066723,1.620825492
1783618407.385375738,-0.591376226,-0.464187961,1.617978538
1783618407.386611700,-0.567306729,-0.561746389,1.628894688
1783618407.389810324,-0.557126430,-0.627282317,1.625057470
1783618407.391385794,-0.512879832,-0.792626471,1.639223887
1783618407.394930840,-0.496165833,-0.866517840,1.651213079
1783618407.396833420,-0.450351047,-1.015814124,1.675402554
1783618407.398077488,-0.426221891,-1.100170990,1.683241185
1783618407.399763823,-0.407262149,-1.169618689,1.696806966
1783618407.401922703,-0.375637753,-1.231764934,1.713212360
1783618407.403109074,-0.355127808,-1.314908494,1.723440981
1783618407.409405470,-0.312242099,-1.358143303,1.735700267
1783618407.410572290,-0.219152622,-1.527414743,1.752710048
1783618407.411590815,-0.176223450,-1.564904362,1.741030353
1783618407.414858580,-0.133946367,-1.598649174,1.741971981
1783618407.421877861,-0.050826267,-1.666491160,1.732219896
1783618407.423338413,0.134386042,-1.848610223,1.743418622
1783618407.424847841,0.166058969,-1.896148970,1.769688414
1783618407.426400185,0.198146021,-1.960878305,1.796139204
1783618407.428245306,0.230533112,-2.003149153,1.818671528
1783618407.434402704,0.268051496,-2.064303910,1.845057449
1783618407.435323000,0.442035337,-2.331564341,1.936918375
1783618407.439606905,0.359384748,-2.449843975,2.021013863
1783618407.440948009,0.622750353,-2.545310832,1.966781847
1783618407.442004442,0.549523289,-2.740884027,2.065911104
1783618407.446853876,0.610082976,-2.667403819,2.088073908
1783618407.448166132,0.753909379,-2.813835188,2.165195077
1783618407.449862957,0.770009637,-2.888769738,2.211287472
1783618407.452001333,0.776384694,-2.963540964,2.263454288
1783618407.453198195,0.834584664,-3.055864924,2.304089429
1783618407.456091642,0.854196300,-3.127288636,2.345501749
1783618407.457608938,0.896797638,-3.185303989,2.395584998
1783618407.458510160,0.971586207,-3.361839025,2.495224962
1783618407.461714506,0.962704953,-3.391329999,2.524618025
1783618407.463022470,1.008975874,-3.483096809,2.591482457
1783618407.464851379,1.016419254,-3.552420991,2.630476352
1783618407.471007586,1.013554405,-3.603716342,2.669425109
1783618407.472008705,1.092836775,-3.848924898,2.821834296
1783618407.474920511,1.096599932,-3.915493556,2.892730884
1783618407.476944447,1.082716723,-4.005802410,2.954955705
1783618407.478263140,1.119954771,-4.043200870,2.996688683
1783618407.484378338,1.091312764,-4.088255433,3.039350528
1783618407.485321522,1.161193731,-4.231536103,3.175133737
1783618407.486586332,1.186327476,-4.268341137,3.205676849
1783618407.488257647,1.170711225,-4.266326589,3.236550752
1783618407.489997387,1.143169510,-4.275323691,3.265420254
1783618407.496784925,1.125954469,-4.299871189,3.303594983
1783618407.498236895,1.162896064,-4.309254450,3.349738707
1783618407.499859571,1.149419195,-4.299194659,3.356352337
1783618407.501636505,1.132427272,-4.294556576,3.376500999
1783618407.503099680,1.149118950,-4.293903364,3.391778444
1783618407.509591103,1.124438273,-4.290210354,3.393457386
1783618407.510773659,1.143054120,-4.252956714,3.429212613
1783618407.511800528,1.165036040,-4.216372923,3.434982764
1783618407.513274193,1.152836609,-4.188751832,3.432440883
1783618407.516582966,1.130062269,-4.176263907,3.456382845
1783618407.521901131,1.136465646,-4.137535526,3.456881163
1783618407.523131609,1.179460871,-4.034649421,3.439775752
1783618407.524699211,1.168024160,-4.000609294,3.459505063
1783618407.526435852,1.165214354,-3.968043113,3.462331487
1783618407.528168678,1.153162518,-3.947064662,3.482130312
1783618407.532019377,1.158616235,-3.908942084,3.476129362
1783618407.533049822,1.178494004,-3.860379647,3.495546461
1783618407.534826517,1.183880449,-3.838052269,3.500244569
1783618407.536565781,1.174284316,-3.794127862,3.503631502
1783618407.538290977,1.169018977,-3.775272830,3.509624461
1783618407.539984941,1.175179330,-3.752154202,3.507898283
1783618407.546845913,1.168295429,-3.724260862,3.506925929
1783618407.548088074,1.188407399,-3.601310696,3.464664353
1783618407.549819469,1.176504704,-3.593715173,3.470235268
1783618407.551943541,1.155641056,-3.565098631,3.463088476
1783618407.553167105,1.157285890,-3.557374720,3.477810039
1783618407.559432268,1.136145918,-3.543851473,3.479932823
1783618407.560608387,1.129930124,-3.473547009,3.481748707
1783618407.561614990,1.132573948,-3.432330487,3.466624883
1783618407.564907551,1.095447933,-3.418699674,3.491249307
1783618407.571979761,1.071472727,-3.398438106,3.479495850
1783618407.573224783,1.062540379,-3.306949251,3.482562121
1783618407.574770212,1.032816535,-3.288420866,3.488858879
1783618407.576407671,1.009395354,-3.256443476,3.494246487
1783618407.578311205,0.988322321,-3.207883175,3.494789195
1783618407.584291935,0.980173890,-3.184183434,3.491229710
1783618407.585338831,0.932322637,-3.047476972,3.434652145
1783618407.586592913,0.924929234,-2.993076863,3.409930078
1783618407.588324308,0.902394272,-2.947289839,3.403610551
1783618407.593701124,0.868871615,-2.895737731,3.398477731
1783618407.596865654,0.842383053,-2.810538557,3.371313737
1783618407.598146439,0.824881408,-2.716243545,3.325355285
1783618407.599842548,0.811003509,-2.658525849,3.302519477
1783618407.601953983,0.797799942,-2.599744734,3.293176813
1783618407.603150129,0.789061099,-2.563260173,3.285694526
1783618407.609568596,0.763556672,-2.513343434,3.274380605
1783618407.610750198,0.721493015,-2.271878844,3.189348693
1783618407.611765385,0.716173185,-2.194308178,3.172865051
1783618407.613273621,0.700682360,-2.147654590,3.165727085
1783618407.614923000,0.687073797,-2.073492462,3.145732724
1783618407.621913671,0.687781950,-1.997299405,3.127498812
1783618407.623114347,0.666202372,-1.785928340,3.044806920
1783618407.624923468,0.647044748,-1.733475645,3.031618081
1783618407.626559258,0.640469534,-1.668407169,3.022255832
1783618407.628116846,0.633022194,-1.585583253,3.002944627
1783618407.634300232,0.626656007,-1.527295629,2.993464528
1783618407.635258913,0.599512312,-1.273027199,2.904027146
1783618407.639477015,0.594923656,-1.197147892,2.884683667
1783618407.640576363,0.564370515,-1.091878245,2.858227397
1783618407.641596317,0.554700040,-1.027356733,2.839324820
1783618407.646861076,0.546979083,-0.974008698,2.834071838
1783618407.648083687,0.513725103,-0.867073037,2.799353449
1783618407.649722338,0.508188811,-0.802203872,2.790971374
1783618407.652005911,0.500166695,-0.749308821,2.778872567
1783618407.653211832,0.478518316,-0.710282596,2.773372550
1783618407.656894922,0.479638076,-0.642879322,2.763863165
1783618407.659430504,0.438235239,-0.575248799,2.749821911
1783618407.660512924,0.415972647,-0.485650219,2.737772926
1783618407.661522627,0.393859595,-0.456659120,2.727025540
1783618407.663230419,0.380244015,-0.401072175,2.706251777
1783618407.664884567,0.372371992,-0.359010184,2.701073691
1783618407.671924591,0.344081752,-0.338940626,2.680343994
1783618407.673085451,0.304495048,-0.230443668,2.638365798
1783618407.674868345,0.278036716,-0.208839995,2.618954192
1783618407.676407099,0.264006742,-0.174243538,2.598506814
1783618407.678194284,0.244458488,-0.134435336,2.578937369
1783618407.684375048,0.223305145,-0.138890290,2.571861369
1783618407.685296774,0.173872260,-0.012709363,2.472011972
1783618407.689587116,0.151433881,0.026777427,2.444122394
1783618407.690705299,0.123175029,0.076923550,2.384575117
1783618407.691689730,0.123772919,0.115523771,2.357053576
1783618407.696760416,0.116863050,0.128137314,2.323395080
1783618407.698248386,0.080269740,0.201027125,2.249410367
1783618407.699904919,0.064150808,0.227474754,2.223579160
1783618407.701957226,0.037802016,0.233385392,2.204234085
1783618407.703188896,0.025581268,0.281242103,2.161157414
1783618407.709448576,0.013467482,0.295376009,2.133664084
1783618407.710581541,-0.025312531,0.386485426,2.004092307
1783618407.711579084,-0.040241877,0.415052229,1.986227924
1783618407.714859962,-0.078071610,0.449350854,1.951338325
1783618407.718522072,-0.089151136,0.464041552,1.929170451
1783618407.721840620,-0.104915433,0.496115921,1.895569446
1783618407.723285198,-0.123639419,0.540128123,1.862685761
1783618407.724798441,-0.139242880,0.534132746,1.846678086
1783618407.726938248,-0.159268713,0.568289323,1.823441996
1783618407.728122711,-0.168903444,0.592157751,1.803877715
1783618407.733651400,-0.185937740,0.595928879,1.786745135
1783618407.734869719,-0.182484532,0.651617503,1.719058990
1783618407.736452818,-0.214904588,0.650650978,1.704953491
1783618407.738115072,-0.216180346,0.695472677,1.673675713
1783618407.739742994,-0.213835715,0.700324774,1.676371905
1783618407.746770144,-0.231743001,0.694510633,1.664554223
1783618407.748240471,-0.240174434,0.753652785,1.592401979
1783618407.749922037,-0.247687490,0.773366138,1.579720842
1783618407.751985788,-0.249936675,0.772088810,1.570495117
1783618407.753156185,-0.257208430,0.779363699,1.553349967
1783618407.759367943,-0.267426943,0.778037015,1.550511727
1783618407.760490179,-0.257154672,0.809297220,1.523243562
1783618407.763226271,-0.283342159,0.815859790,1.516574086
1783618407.764887333,-0.287726112,0.803124302,1.510805886
1783618407.771922112,-0.294394645,0.807246815,1.502410134
1783618407.773048878,-0.284637987,0.812367385,1.495885640
1783618407.774833202,-0.295835169,0.824883893,1.482159567
1783618407.776950359,-0.297015315,0.823873014,1.486682217
1783618407.778145313,-0.303408663,0.813627778,1.490471896
1783618407.784311295,-0.307649534,0.806996109,1.484617457
1783618407.785272121,-0.287869879,0.858707007,1.470187979
1783618407.788167000,-0.290796941,0.866321082,1.464302002
1783618407.789770126,-0.281754572,0.869044831,1.460291277
1783618407.791427135,-0.291489993,0.867830207,1.458556488
1783618407.795260668,-0.283487289,0.883882801,1.453637230
1783618407.796826601,-0.266094302,0.887791593,1.454116338
1783618407.798046112,-0.259130521,0.892587479,1.438811103
1783618407.799706459,-0.257223234,0.916143193,1.433276189
1783618407.801936626,-0.265317848,0.900499523,1.433628793
1783618407.803139687,-0.256470211,0.893513427,1.427537710
1783618407.809370041,-0.255737843,0.909401542,1.416967691
1783618407.810484648,-0.220671099,0.922313811,1.421596929
1783618407.811597109,-0.219579862,0.917075171,1.406680405
1783618407.814739704,-0.236950702,0.896249093,1.414430196
1783618407.821949244,-0.243634947,0.900063507,1.405422124
1783618407.823179483,-0.214658628,0.896582585,1.397791286
1783618407.824746609,-0.227270346,0.881845803,1.392763931
1783618407.826442003,-0.240112642,0.881649123,1.392020399
1783618407.828249693,-0.246677662,0.879086739,1.391982194
1783618407.834308386,-0.237409051,0.867328036,1.393923571
1783618407.835245848,-0.218294176,0.869928751,1.378800305
1783618407.839537382,-0.238172052,0.851048533,1.400650811
1783618407.840655088,-0.237097801,0.819759044,1.408847171
1783618407.841803074,-0.234688978,0.854288411,1.400298935
1783618407.846846819,-0.243178655,0.837356145,1.396932629
1783618407.848191023,-0.244876075,0.834179197,1.397165629
1783618407.849879503,-0.253564664,0.827939725,1.396522930
1783618407.852000475,-0.270138522,0.804819760,1.390057125
1783618407.853207588,-0.263285926,0.800355421,1.402624675
1783618407.857061386,-0.271703130,0.796892817,1.396704202
1783618407.858141661,-0.268404609,0.778418658,1.388119206
1783618407.859782696,-0.257452778,0.784576784,1.393019519
1783618407.861424923,-0.267160062,0.755540172,1.399261371
1783618407.863219023,-0.277593142,0.747932674,1.398871359
1783618407.864866257,-0.279304365,0.751518616,1.387237810
1783618407.871806145,-0.283320644,0.720001111,1.396719336
1783618407.873331070,-0.269875742,0.695325728,1.389530759
1783618407.874845743,-0.280141029,0.707072306,1.375940289
1783618407.876372576,-0.276424708,0.672071610,1.382214084
1783618407.878194332,-0.287369837,0.662224427,1.374037484
1783618407.884306908,-0.290009241,0.669081539,1.374102191
1783618407.885245323,-0.267214505,0.648070244,1.347016925
1783618407.889548779,-0.282754239,0.632113708,1.349853326
1783618407.890720129,-0.274893494,0.624779979,1.351345369
1783618407.891793013,-0.279495556,0.618507947,1.337640359
1783618407.896965504,-0.278218132,0.616053988,1.322851193
1783618407.898089647,-0.267952778,0.608261567,1.308419124
1783618407.899865866,-0.269052820,0.604742306,1.299234474
1783618407.901426554,-0.275446907,0.606392472,1.292626059
1783618407.903261423,-0.270573870,0.590735665,1.286475575
1783618407.909473181,-0.264896275,0.583781699,1.277556910
1783618407.910677910,-0.252033091,0.569642359,1.239134098
1783618407.911714077,-0.245944344,0.547099969,1.242165452
1783618407.913199663,-0.256480091,0.528748545,1.220325504
1783618407.914886951,-0.254145810,0.528415506,1.215949230
1783618407.918656349,-0.252043109,0.513874899,1.210585904
1783618407.921942949,-0.243625963,0.493298823,1.204492314
1783618407.923168898,-0.239905262,0.483628274,1.191816518
1783618407.924760818,-0.246434565,0.460839209,1.194130362
1783618407.926450968,-0.242969669,0.449507535,1.180903772
1783618407.928244591,-0.246737024,0.449777534,1.181753783
1783618407.933725119,-0.237026338,0.432779087,1.178918405
1783618407.934753418,-0.231657306,0.418658957,1.164580904
1783618407.936588287,-0.232373168,0.402629196,1.165141293
1783618407.938344002,-0.221703411,0.385676639,1.171005110
1783618407.939743996,-0.222666485,0.391762204,1.165954716
1783618407.941491127,-0.225852715,0.375966543,1.166907558
1783618407.946854115,-0.222969127,0.358082896,1.180252738
1783618407.948050499,-0.224579804,0.335519503,1.176565357
1783618407.949968815,-0.222413694,0.324225871,1.173628368
1783618407.951448917,-0.224457338,0.330222118,1.176301514
1783618407.953250408,-0.217816527,0.303900323,1.185637798
1783618407.959507942,-0.222727968,0.284089461,1.186621585
1783618407.960661173,-0.221198138,0.260670238,1.202390592
1783618407.961681366,-0.220619446,0.260018896,1.211866798
1783618407.964750051,-0.222108022,0.234463691,1.226992110
1783618407.971940994,-0.216700018,0.221359602,1.232132642
1783618407.973118782,-0.213138646,0.157737540,1.258992626
1783618407.974923134,-0.204110832,0.131016898,1.272838920
1783618407.976372957,-0.194566425,0.085703941,1.280345250
1783618407.978187084,-0.189566303,0.066079118,1.279417325
1783618407.980518579,-0.179407551,0.054848250,1.284647583
1783618407.981410980,-0.164374297,0.001947458,1.301361452
1783618407.984435081,-0.156514024,-0.039260638,1.306584874
1783618407.985355616,-0.138133040,-0.092920414,1.329561025
1783618407.986572266,-0.124810032,-0.156397248,1.349452876
1783618407.989848375,-0.119958845,-0.208792455,1.364101711
1783618407.991390228,-0.098516330,-0.243399659,1.377601489
1783618407.996640444,-0.092637634,-0.296121406,1.387243980
1783618407.998238087,-0.046312250,-0.405196055,1.431452431
1783618407.999896049,-0.035980592,-0.444171536,1.429708176
1783618408.001945972,-0.016326869,-0.450186842,1.428271554
1783618408.003135681,-0.001109283,-0.469968344,1.436797169
1783618408.009497404,0.022165276,-0.509067857,1.441013064
1783618408.010600567,0.089607350,-0.615952556,1.472221704
1783618408.011741400,0.120457771,-0.630228393,1.471419622
1783618408.013179064,0.147733124,-0.629743476,1.489891637
1783618408.022035837,0.145176702,-0.684350854,1.509922416
1783618408.023241997,0.249238008,-0.790094388,1.557442075
1783618408.024811506,0.304080346,-0.783929786,1.524084820
1783618408.026462793,0.325876836,-0.776794304,1.512258391
1783618408.028149128,0.362436506,-0.847154456,1.535751008
1783618408.034353495,0.384061768,-0.842998025,1.506501796
1783618408.035292387,0.495861866,-1.000415096,1.487383557
1783618408.038130760,0.521971443,-1.041235768,1.473618199
1783618408.039834023,0.561218739,-1.071528708,1.459234786
1783618408.041467428,0.592152362,-1.126644883,1.460632270
1783618408.046938896,0.630908931,-1.173634530,1.466341425
1783618408.048175812,0.732574459,-1.348112909,1.468122899
1783618408.049824715,0.778779676,-1.456074086,1.482404616
1783618408.051978111,0.801512192,-1.518515023,1.508500650
1783618408.053161860,0.831049298,-1.557419602,1.529767145
1783618408.057498455,0.862101791,-1.674012218,1.588567110
1783618408.058438778,0.905119272,-1.807479114,1.670104212
1783618408.059958458,0.936810153,-1.904503548,1.713303118
1783618408.061640501,0.939860068,-1.965018282,1.724132535
1783618408.064938784,0.971700514,-2.032944988,1.754576736
1783618408.072141886,1.004620768,-2.194985158,1.820735322
1783618408.073331594,1.124754914,-2.415311049,1.876854496
1783618408.074909925,1.142782976,-2.449132578,1.885180554
1783618408.076367855,1.173834299,-2.503498851,1.894246973
1783618408.078036547,1.179403478,-2.558945481,1.914227014
1783618408.084378958,1.184587296,-2.605235678,1.947581753
1783618408.085303068,1.259667485,-2.784451923,2.066003623
1783618408.088197708,1.261957761,-2.848729622,2.101163270
1783618408.089790106,1.262977226,-2.905985211,2.132370714
1783618408.091413736,1.265278586,-2.926273400,2.159796240
1783618408.096928120,1.278535512,-2.963569981,2.188199796
1783618408.098131895,1.315578431,-3.028495494,2.244815714
1783618408.099786282,1.301496081,-3.066338679,2.267270229
1783618408.101943970,1.293180128,-3.052849757,2.272375293
1783618408.103140831,1.302411232,-3.053724364,2.280620800
1783618408.109535456,1.291099965,-3.088590214,2.295639220
1783618408.110662222,1.299043239,-3.045728365,2.291260767
1783618408.111656904,1.317076584,-3.030524398,2.298295472
1783618408.114738941,1.288487346,-3.025974866,2.309763931
1783618408.118539333,1.277824974,-3.038736031,2.312173720
1783618408.122016430,1.291878711,-3.006397525,2.305389256
1783618408.123156309,1.284909011,-2.984554014,2.289993470
1783618408.124703169,1.287363621,-2.974486491,2.286102830
1783618408.126395702,1.274917229,-2.974062742,2.282939493
1783618408.128190756,1.261371197,-2.945324709,2.275462491
1783618408.133545637,1.268839607,-2.930311303,2.273747199
1783618408.134777308,1.262136822,-2.854572410,2.261728089
1783618408.136685610,1.244210787,-2.838809413,2.264752234
1783618408.138273954,1.231961415,-2.812269238,2.252843186
1783618408.139930487,1.204740212,-2.746435809,2.249300641
1783618408.146936655,1.181928557,-2.716800240,2.244564232
1783618408.148113489,1.148259258,-2.555893189,2.187162243
1783618408.149792910,1.113341263,-2.495502036,2.168149347
1783618408.151937246,1.086029579,-2.453949279,2.170356172
1783618408.153094530,1.072958779,-2.430641141,2.152741919
1783618408.159388542,1.046404505,-2.387546182,2.141966683
1783618408.160494804,0.983273856,-2.249438235,2.105198759
1783618408.163267374,0.931434160,-2.209343862,2.108281807
1783618408.164908409,0.915987709,-2.168859702,2.099825919
1783618408.171886683,0.881348320,-2.144693942,2.102099721
1783618408.173340797,0.810401109,-2.007924698,2.052749319
1783618408.174818516,0.782805288,-1.952963829,2.061231898
1783618408.176992178,0.750618773,-1.926136792,2.060695030
1783618408.178231239,0.729224807,-1.883791602,2.050977920
1783618408.180390358,0.705147510,-1.834635800,2.052436241
1783618408.184392691,0.692106376,-1.802044560,2.042893170
1783618408.185319185,0.652044083,-1.654361669,2.003437892
1783618408.186596394,0.628206971,-1.617652339,2.002608013
1783618408.189836979,0.607057582,-1.551537244,1.995953958
1783618408.191493750,0.587303038,-1.490766450,1.999161707
1783618408.195141077,0.567005509,-1.451535597,1.986053420
1783618408.196792841,0.538724851,-1.342168743,1.974197565
1783618408.198029995,0.524597516,-1.296928966,1.960696538
1783618408.199714184,0.502477696,-1.228387085,1.946863353
1783618408.201930285,0.496746834,-1.162776840,1.939177525
1783618408.203109741,0.475143322,-1.123405451,1.933378467
1783618408.209364414,0.460570938,-1.053565919,1.912331551
1783618408.210528374,0.419759847,-0.845357563,1.871004441
1783618408.211538792,0.406375724,-0.777436583,1.856198548
1783618408.213258505,0.390694213,-0.745840466,1.866412349
1783618408.222048044,0.376449588,-0.683418536,1.866639183
1783618408.223236799,0.351329445,-0.515962830,1.850989111
1783618408.224803209,0.329792149,-0.468494725,1.853034765
1783618408.226440907,0.308838960,-0.440834621,1.854305878
1783618408.228224277,0.306640889,-0.378217564,1.846486862
1783618408.234421015,0.293106784,-0.354747651,1.856378695
1783618408.235388279,0.253582697,-0.235047116,1.848791157
1783618408.236565113,0.245801549,-0.192946474,1.828956393
1783618408.239804983,0.240853634,-0.149032951,1.827865785
1783618408.241403818,0.211410326,-0.130761914,1.814494350
1783618408.246827364,0.215449862,-0.095320591,1.792419027
1783618408.248042583,0.170808007,-0.018152970,1.774437843
1783618408.249697447,0.173486990,0.027378221,1.764660041
1783618408.251988173,0.173217284,0.046242554,1.749897071
1783618408.253201485,0.155260804,0.043725374,1.752401762
1783618408.256167889,0.133748654,0.086664844,1.720711133
1783618408.257104397,0.140375329,0.170874416,1.661003307
1783618408.259972095,0.132434240,0.199174795,1.644190333
1783618408.261652946,0.120334845,0.217435718,1.642921064
1783618408.263081551,0.118424142,0.254606849,1.620168974
1783618408.264889002,0.093876504,0.271721906,1.588813465
1783618408.271745682,0.088288659,0.317645017,1.566540579
1783618408.273113012,0.056257600,0.387847884,1.505588636
1783618408.274894476,0.048423750,0.431196292,1.488443208
1783618408.276416302,0.025175946,0.458438899,1.454457660
1783618408.278146267,-0.002233198,0.501617413,1.423075300
1783618408.284445286,-0.001831604,0.523170542,1.413213804
1783618408.285480022,-0.037541686,0.600851199,1.329540457
1783618408.286532640,-0.053639181,0.611364939,1.307653247
1783618408.289815187,-0.074412104,0.628323890,1.291828694
1783618408.291379213,-0.098229068,0.647604391,1.279245165
1783618408.296947718,-0.105024626,0.654505630,1.269801189
1783618408.298263073,-0.128392255,0.705486501,1.227857370
1783618408.299696922,-0.150560167,0.701134254,1.210136962
1783618408.301977158,-0.164563484,0.724946346,1.185381404
1783618408.303192854,-0.173416692,0.749729352,1.173319166
1783618408.304815769,-0.178962634,0.751143371,1.166183144
1783618408.309443951,-0.195355843,0.754658798,1.150918140
1783618408.310473919,-0.202336729,0.798242173,1.112041971
1783618408.313132286,-0.217225856,0.816281815,1.098171451
1783618408.314697981,-0.222412076,0.810064328,1.093975144
1783618408.317500114,-0.235497167,0.822410971,1.069681432
1783618408.318322897,-0.230705013,0.837335423,1.066322423
1783618408.321974754,-0.231367835,0.841633267,1.057588376
1783618408.323191643,-0.235527981,0.867202866,1.025143445
1783618408.324742317,-0.244919746,0.883345940,1.026357029
1783618408.326421499,-0.263141887,0.877544917,1.018760440
1783618408.328188181,-0.260103112,0.882538403,1.007971525
1783618408.333065271,-0.263683288,0.899163801,0.996184068
1783618408.334902525,-0.257813914,0.934427379,0.958664413
1783618408.336568594,-0.260909239,0.926471458,0.955476372
1783618408.338152647,-0.269474246,0.916327325,0.961870469
1783618408.339729309,-0.266401346,0.935844725,0.949339993
1783618408.346877098,-0.267238786,0.933000136,0.947495474
1783618408.348040819,-0.262555885,0.949418338,0.902256021
1783618408.349917412,-0.266169635,0.955646732,0.897564454
1783618408.351453304,-0.272179061,0.976443744,0.886796555
1783618408.353134155,-0.268681407,0.960640600,0.881835645
1783618408.359490156,-0.268780154,0.954479576,0.885261151
1783618408.360675335,-0.251035793,0.967835954,0.851735653
1783618408.361684799,-0.239647204,0.992203091,0.835387228
1783618408.365068674,-0.247571902,0.969869882,0.844828583
1783618408.366715908,-0.243978465,0.967803102,0.835859142
1783618408.368102074,-0.244456641,0.982685417,0.824254168
1783618408.372217655,-0.232540745,0.974581754,0.826410590
1783618408.373540878,-0.226711428,0.962315908,0.828971010
1783618408.374877214,-0.224433429,0.953452128,0.829793975
1783618408.376553059,-0.226575138,0.934291018,0.840040676
1783618408.378200293,-0.221811799,0.943484965,0.838478252
1783618408.384443998,-0.219453432,0.919228760,0.854848716
1783618408.385401726,-0.207213223,0.889921910,0.874915876
1783618408.386585951,-0.204720159,0.872340854,0.885135829
1783618408.389873743,-0.205185429,0.867389248,0.884736785
1783618408.391437292,-0.209952823,0.839644347,0.902925849
1783618408.394266367,-0.211766815,0.820853645,0.916194726
1783618408.395086527,-0.200847374,0.820802213,0.922483520
1783618408.396862030,-0.201597369,0.805585869,0.935063662
1783618408.399883509,-0.205645192,0.778893931,0.951233437
1783618408.402031183,-0.198012589,0.758814661,0.982092759
1783618408.403223276,-0.198294728,0.750942298,0.987286221
1783618408.409388304,-0.202560050,0.745686410,1.006185133
1783618408.410334110,-0.182948775,0.745075843,1.028853392
1783618408.413185596,-0.194827435,0.719498321,1.043592450
1783618408.414802313,-0.200936752,0.708315744,1.054583074
1783618408.416398525,-0.211369465,0.693976306,1.072624360
1783618408.421979189,-0.213022937,0.679211033,1.086095970
1783618408.423217297,-0.213103633,0.670325437,1.115454009
1783618408.424811363,-0.231139550,0.658364143,1.122519054
1783618408.426471472,-0.227966086,0.663988237,1.125507007
1783618408.428236723,-0.236401841,0.632777100,1.151840818
1783618408.434392691,-0.243615673,0.624181515,1.157607906
1783618408.435316324,-0.244388181,0.605708554,1.191965663
1783618408.438176155,-0.259464222,0.599039338,1.202806415
1783618408.439822197,-0.261911122,0.584819343,1.202478490
1783618408.441428900,-0.271254968,0.564183650,1.214752272
1783618408.446873665,-0.272104115,0.575423691,1.222711570
1783618408.448203802,-0.269438642,0.555875099,1.243760831
1783618408.449855566,-0.281269431,0.527683736,1.281085775
1783618408.451970339,-0.280222157,0.516143922,1.273279820
1783618408.453134298,-0.291348761,0.524912279,1.268275982
1783618408.459499598,-0.298824934,0.522989211,1.281781325
1783618408.460701466,-0.291016571,0.512006265,1.316746886
1783618408.461734533,-0.292269020,0.517209525,1.314972365
1783618408.464876890,-0.294649580,0.505898922,1.331890575
1783618408.469807386,-0.303876839,0.500276996,1.344500512
1783618408.471975088,-0.308434503,0.492291248,1.357426188
1783618408.473220587,-0.301316636,0.488601979,1.359806510
1783618408.474811316,-0.312081072,0.473756182,1.376048511
1783618408.476479530,-0.321516220,0.486457418,1.374135079
1783618408.478242397,-0.318319190,0.468436537,1.380565087
1783618408.484459639,-0.324976933,0.457503565,1.394742168
1783618408.485554218,-0.333063992,0.445067375,1.427495664
1783618408.486537457,-0.333588420,0.439213032,1.434337386
1783618408.488322020,-0.343720838,0.455226871,1.434954793
1783618408.496998787,-0.344766600,0.420347197,1.452242608
1783618408.498042583,-0.359224172,0.399327700,1.468497953
1783618408.499710560,-0.368792157,0.405073564,1.474630341
1783618408.501965523,-0.367811579,0.386682563,1.477199447
1783618408.503152609,-0.378082176,0.378353439,1.473560900
1783618408.509513140,-0.379712239,0.373844248,1.481802450
1783618408.510615110,-0.401389884,0.344710397,1.470952918
1783618408.511622429,-0.387833112,0.321962476,1.478668725
1783618408.514750719,-0.410365420,0.276097418,1.481923056
1783618408.522130489,-0.411141462,0.260312356,1.468881200
1783618408.523419619,-0.402366668,0.173402607,1.466304740
1783618408.524750710,-0.400592621,0.141652287,1.458089412
1783618408.526434183,-0.399054698,0.098415073,1.449944605
1783618408.528084993,-0.389975961,0.067510739,1.458863537
1783618408.531997681,-0.385213182,0.003472525,1.473101186
1783618408.534420252,-0.369443490,-0.112058233,1.474675789
1783618408.535360336,-0.339846620,-0.237995745,1.511879578
1783618408.536540270,-0.327202945,-0.306178894,1.528849269
1783618408.538384199,-0.309788941,-0.365215101,1.550289517
1783618408.546995878,-0.294105143,-0.444726359,1.569613711
1783618408.548275948,-0.236029749,-0.723566116,1.667171907
1783618408.549726963,-0.219876406,-0.766879018,1.680806550
1783618408.552003384,-0.201636406,-0.791224554,1.690254490
1783618408.553198338,-0.178316424,-0.859900339,1.717431419
1783618408.559563160,-0.146643478,-0.902254539,1.729335459
1783618408.560719252,-0.069494965,-1.071137313,1.758068413
1783618408.561753511,-0.041152036,-1.105071270,1.762670062
1783618408.563274384,-0.012396852,-1.147099464,1.761466588
1783618408.572127819,0.022786701,-1.148548703,1.774498147
1783618408.573404789,0.170925960,-1.242244048,1.760594186
1783618408.574702501,0.214534368,-1.281521426,1.766044381
1783618408.576569319,0.244569581,-1.306175973,1.775643909
1783618408.578068495,0.284569641,-1.336923099,1.773035527
1783618408.584482431,0.319253703,-1.349486886,1.792153808
1783618408.585561991,0.450471960,-1.570852974,1.910411516
1783618408.586539030,0.475204462,-1.646429138,1.960412829
1783618408.589850426,0.500324017,-1.679036910,1.986422197
1783618408.591407299,0.539975589,-1.766542172,2.037805547
1783618408.595029593,0.575829914,-1.755134147,2.053844736
1783618408.596969366,0.627982793,-1.887576879,2.130852162
1783618408.598234415,0.670634571,-1.973725309,2.176100113
1783618408.599905491,0.692937085,-2.060248150,2.225010250
1783618408.601953268,0.724586179,-2.087464850,2.241678649
1783618408.603137016,0.771457858,-2.152157069,2.278970221
1783618408.609382391,0.783574862,-2.233521738,2.324702358
1783618408.610580444,0.874269191,-2.411672814,2.421618488
1783618408.611615658,0.891806480,-2.506075164,2.479093382
1783618408.613116503,0.904614537,-2.548693182,2.507733348
1783618408.614800692,0.923280026,-2.643387837,2.561416968
1783618408.622112751,0.929318174,-2.707765578,2.600467344
1783618408.623296738,1.029612161,-2.996747336,2.766518084
1783618408.624838114,1.047482725,-3.055107504,2.826504597
1783618408.626396894,1.066876143,-3.130607949,2.872603518
1783618408.628100395,1.067645097,-3.208361726,2.916360361
1783618408.634434700,1.075933532,-3.240101401,2.965060736
1783618408.635373116,1.145944639,-3.454067876,3.146751368
1783618408.638225079,1.133623127,-3.503544427,3.191891708
1783618408.639967203,1.156535772,-3.534118065,3.200919766
1783618408.646868706,1.149568416,-3.554568384,3.247753554
1783618408.648126602,1.211578742,-3.665630698,3.308036707
1783618408.649816036,1.222212080,-3.682765281,3.332381957
1783618408.651983500,1.215789343,-3.683113130,3.358296696
1783618408.653181314,1.232019742,-3.721697473,3.374373157
1783618408.656924963,1.219375049,-3.737680570,3.398184743
1783618408.659347534,1.246212749,-3.794381015,3.430176664
1783618408.660352230,1.260732217,-3.822348983,3.440778923
1783618408.661607742,1.270699403,-3.846116922,3.457700798
1783618408.663264036,1.268399778,-3.889986130,3.480583047
1783618408.664852142,1.276323170,-3.925485315,3.497328312
1783618408.671948195,1.268747671,-3.947449021,3.522535623
1783618408.673202753,1.286099974,-4.017465224,3.586014339
1783618408.674757719,1.277168824,-4.040203180,3.595982587
1783618408.676449299,1.270408972,-4.040385123,3.597948813
1783618408.678229332,1.264094354,-4.041918080,3.615832880
1783618408.684405088,1.258480483,-4.067521526,3.628144044
1783618408.685347795,1.239836148,-4.077122357,3.633514513
1783618408.686563015,1.237501159,-4.076500964,3.611145904
1783618408.688333273,1.225319257,-4.068687265,3.611675576
1783618408.697020769,1.212937840,-4.056123559,3.603829343
1783618408.698251724,1.178792827,-4.042230358,3.600822801
1783618408.699894667,1.147919940,-4.053784549,3.609336958
1783618408.701995134,1.127040096,-4.032650331,3.614238490
1783618408.703226805,1.126401114,-4.009327931,3.607621596
1783618408.709425688,1.097448802,-3.987650793,3.612643645
1783618408.710477829,1.047466742,-3.881337665,3.564733376
1783618408.713180542,1.017898834,-3.844818701,3.564226370
1783618408.714927435,1.004955489,-3.805587290,3.545355328
1783618408.718519449,0.988469834,-3.770169270,3.547907718
1783618408.721932173,0.963977798,-3.702373985,3.517801723
1783618408.723108768,0.933758891,-3.650685526,3.504115515
1783618408.724921703,0.918420960,-3.587188043,3.485941350
1783618408.726459742,0.893622875,-3.541648047,3.466653528
1783618408.728224993,0.859894488,-3.511514605,3.459652284
1783618408.733544827,0.845648333,-3.461157965,3.428609522
1783618408.734826088,0.795764146,-3.327061629,3.363511007
1783618408.736676455,0.781921402,-3.263557046,3.348172549
1783618408.738077402,0.764885584,-3.208012802,3.322298480
1783618408.739839554,0.732505939,-3.159671352,3.311365794
1783618408.741399050,0.706699392,-3.098578618,3.296255066
1783618408.746818304,0.695970813,-3.028774024,3.260586915
1783618408.748056412,0.642168007,-2.841585991,3.152989083
1783618408.749914646,0.623685990,-2.761724229,3.125104303
1783618408.751388788,0.602525533,-2.688660158,3.082427340
1783618408.753087521,0.584135103,-2.622716211,3.043981751
1783618408.759534597,0.575334116,-2.530716067,3.012418763
1783618408.760641336,0.525491230,-2.280837883,2.876104472
1783618408.761661530,0.505641144,-2.216974338,2.848694973
1783618408.764739275,0.496008193,-2.132570244,2.838977306
1783618408.772104502,0.473299357,-2.072520210,2.816221005
1783618408.773296595,0.425437192,-1.835063574,2.707713523
1783618408.774832964,0.410206621,-1.753543650,2.680941582
1783618408.776490688,0.407271751,-1.694100203,2.668078764
1783618408.778087378,0.383120449,-1.651122569,2.641402802
1783618408.779998541,0.376883028,-1.563603514,2.619197028
1783618408.784339905,0.364691477,-1.513817785,2.601061442
1783618408.785341501,0.329190228,-1.330388671,2.528352514
1783618408.786542416,0.317675778,-1.280156686,2.509294511
1783618408.789831161,0.304228131,-1.222800207,2.490249694
1783618408.791466951,0.296269296,-1.152978803,2.472305900
1783618408.795892715,0.285504072,-1.104030258,2.470356737
1783618408.796761751,0.255806912,-0.947096201,2.398779285
1783618408.798245430,0.242637988,-0.908290585,2.391704674
1783618408.801967382,0.225578689,-0.861620320,2.375583007
1783618408.803168774,0.218997584,-0.814762129,2.356814832
1783618408.809530973,0.205827601,-0.768668190,2.347883310
1783618408.810584307,0.171728026,-0.625649766,2.294109706
1783618408.811585903,0.154732062,-0.595373150,2.258910357
1783618408.814783335,0.142659861,-0.544924152,2.243329840
1783618408.821971655,0.130023893,-0.519448712,2.234890691
1783618408.823191166,0.098997507,-0.393690289,2.139777709
1783618408.824736118,0.077932228,-0.370958186,2.108798960
1783618408.826398134,0.071043742,-0.324435426,2.077381563
1783618408.828241825,0.060930763,-0.294644809,2.053534155
1783618408.834286451,0.045495540,-0.274970642,2.022768479
1783618408.835216761,0.006603005,-0.159607810,1.909651262
1783618408.839618444,-0.003475766,-0.132031950,1.900546741
1783618408.840698481,-0.034720563,-0.104141353,1.854649879
1783618408.841704369,-0.040105324,-0.062965256,1.820604401
1783618408.846837997,-0.048481444,-0.048672741,1.793419455
1783618408.848136902,-0.067986838,-0.004070318,1.757857159
1783618408.849818707,-0.084793562,0.034990261,1.720282536
1783618408.852001190,-0.102570600,0.031009799,1.710460988
1783618408.853198767,-0.113514093,0.063327705,1.691836862
1783618408.859138966,-0.120845153,0.089595098,1.667108137
1783618408.860055208,-0.147457602,0.148058324,1.611527089
1783618408.861586809,-0.158022417,0.172179749,1.604814602
1783618408.863020420,-0.164501125,0.187609720,1.590682895
1783618408.864752293,-0.180162680,0.194452031,1.581888812
1783618408.872079134,-0.196330995,0.201522890,1.556790887
1783618408.873214960,-0.225210122,0.276172028,1.494065411
1783618408.874806404,-0.231260421,0.297815906,1.479564716
1783618408.876452684,-0.254599887,0.299844516,1.462319720
1783618408.878232241,-0.264935346,0.310410605,1.443829524
1783618408.884429932,-0.274050178,0.338911985,1.414612056
1783618408.885359526,-0.296676534,0.399389660,1.365186320
1783618408.888212681,-0.311491502,0.396047868,1.350529193
1783618408.889854908,-0.325165267,0.404554076,1.335428633
1783618408.891444683,-0.328445221,0.413511823,1.326014343
1783618408.896866322,-0.323351574,0.432046316,1.308079807
1783618408.898077250,-0.340808033,0.480069270,1.268676978
1783618408.899747133,-0.344343996,0.465656041,1.263463962
1783618408.902043581,-0.351144050,0.495117722,1.243251402
1783618408.903208017,-0.346825637,0.515074641,1.242567272
1783618408.905235767,-0.358635341,0.511830183,1.237697193
1783618408.909513712,-0.354775520,0.526932951,1.220273518
1783618408.910573721,-0.355782981,0.573564229,1.193110254
1783618408.911550760,-0.342274987,0.606572601,1.174960886
1783618408.913269997,-0.358922640,0.618030715,1.168935271
1783618408.914921045,-0.368965353,0.608277898,1.162531590
1783618408.920504093,-0.366501160,0.602494701,1.148318070
1783618408.921485662,-0.356147748,0.615204995,1.135282524
1783618408.923241854,-0.360647440,0.627726329,1.126415896
1783618408.924707890,-0.355639395,0.624926227,1.127816571
1783618408.927064180,-0.361067449,0.631245440,1.113893732
1783618408.928105593,-0.349806441,0.626945886,1.107814385
1783618408.934402466,-0.358566348,0.647928069,1.094396425
1783618408.935341835,-0.339473251,0.673996432,1.085790062
1783618408.936584949,-0.344587011,0.661235385,1.093865935
1783618408.938295841,-0.348726286,0.669936651,1.079923364
1783618408.946875811,-0.349243309,0.669415819,1.086750780
1783618408.948098421,-0.341834977,0.687052037,1.077896816
1783618408.949736118,-0.358045519,0.673603478,1.072106795
1783618408.951687574,-0.366726969,0.668544146,1.080252186
1783618408.953109264,-0.360116654,0.684923043,1.072549774
1783618408.959554195,-0.367021036,0.668163625,1.076404399
1783618408.960716009,-0.372660861,0.681523840,1.066338952
1783618408.961740494,-0.369848808,0.696203346,1.056767017
1783618408.963279009,-0.378059957,0.689593937,1.057179484
1783618408.967172861,-0.410503337,0.663600101,1.064038914
1783618408.968040943,-0.400998234,0.673233111,1.063989261
1783618408.972118616,-0.401392461,0.695716611,1.059290008
1783618408.973316193,-0.398638996,0.691091832,1.054981772
1783618408.974866867,-0.409265639,0.691008178,1.048896248
1783618408.976552486,-0.421200388,0.674671793,1.058654923
1783618408.978097439,-0.411026299,0.663233370,1.064876050
1783618408.982964277,-0.429064627,0.675099319,1.061274374
1783618408.983798742,-0.422014227,0.706338788,1.054897985
1783618408.986747265,-0.426982455,0.662836778,1.082629471
1783618408.988292694,-0.426012591,0.672936394,1.074798628
1783618408.989872217,-0.439112099,0.663563325,1.069831665
1783618408.991430283,-0.444537154,0.671785828,1.076111529
1783618408.996835232,-0.444842401,0.656775012,1.085166945
1783618408.998033285,-0.438299165,0.658528385,1.088989824
1783618408.999816418,-0.453530473,0.629894397,1.086658744
1783618409.001990318,-0.470540287,0.613557109,1.091142589
1783618409.003208160,-0.465957509,0.626494095,1.097170329
1783618409.004820585,-0.474652913,0.588929305,1.106162994
1783618409.009452105,-0.474802378,0.586829086,1.099455643
1783618409.010441065,-0.477295571,0.552162836,1.111141588
1783618409.013163328,-0.489441718,0.538248645,1.128989740
1783618409.014722347,-0.493940269,0.518039984,1.131193044
1783618409.022094488,-0.509333590,0.492415630,1.133272064
1783618409.023254395,-0.513419954,0.453521581,1.149688158
1783618409.024788141,-0.520907340,0.436413966,1.168097116
1783618409.026469707,-0.529133553,0.399517289,1.169566286
1783618409.028228998,-0.537527544,0.376794949,1.172079120
1783618409.030066490,-0.541698562,0.362052750,1.181323994
1783618409.034425974,-0.529894903,0.354392471,1.189005634
1783618409.035439491,-0.543121223,0.292220505,1.212403218
1783618409.038340807,-0.554341288,0.261952961,1.229821975
1783618409.039807796,-0.550857280,0.202193666,1.245535276
1783618409.041405201,-0.554838028,0.195117815,1.252107101
1783618409.044902802,-0.560158489,0.166372720,1.270251875
1783618409.046957016,-0.565760033,0.087440693,1.299167868
1783618409.048155785,-0.567626567,0.066694750,1.313977024
1783618409.049836159,-0.564459607,0.025137113,1.331136547
1783618409.051947117,-0.571012198,-0.029888543,1.339900252
1783618409.053138494,-0.566076770,-0.068899654,1.350972943
1783618409.059489012,-0.559446315,-0.114565691,1.384350446
1783618409.060560942,-0.531740667,-0.314883291,1.437892149
1783618409.061537981,-0.532139216,-0.369834741,1.460957009
1783618409.064758301,-0.520759226,-0.425461116,1.485471119
1783618409.071948290,-0.518053174,-0.489880225,1.512537270
1783618409.073111773,-0.487731810,-0.774548555,1.634766964
1783618409.074878454,-0.477333515,-0.833979545,1.657567119
1783618409.076552391,-0.463086618,-0.890386278,1.694928837
1783618409.078139305,-0.450156901,-0.961309261,1.719626507
1783618409.084396124,-0.438832035,-1.037464448,1.747303010
1783618409.085312843,-0.391190597,-1.244447120,1.835285174
1783618409.088136911,-0.375417525,-1.308529201,1.858779429
1783618409.089840412,-0.365872133,-1.362935808,1.871925821
1783618409.091460705,-0.338074558,-1.403282954,1.889085248
1783618409.096961737,-0.338223716,-1.447411713,1.913227134
1783618409.098205566,-0.302922529,-1.601984833,1.964431106
1783618409.099872112,-0.287675893,-1.668172402,1.987415417
1783618409.101949930,-0.290390317,-1.715961101,2.001991044
1783618409.103116512,-0.270001356,-1.742128713,2.014247681
1783618409.107061386,-0.257588072,-1.786084623,2.039134764
1783618409.108097792,-0.247596673,-1.889032731,2.062791306
1783618409.109741449,-0.217075008,-1.874875419,2.028960842
1783618409.111634493,-0.227897410,-1.957599871,2.081136415
1783618409.113083363,-0.215464850,-2.010974668,2.081186278
1783618409.114791632,-0.211445576,-2.012876915,2.077552985
1783618409.122123480,-0.174322339,-2.059195236,2.086499778
1783618409.123321772,-0.130884854,-2.158414073,2.056062833
1783618409.124881744,-0.120062179,-2.174116589,2.061878551
1783618409.126535177,-0.108165966,-2.179885502,2.056215216
1783618409.128064156,-0.098281977,-2.219126361,2.048821348
1783618409.134422302,-0.096056448,-2.235877895,2.058238594
1783618409.135338783,-0.029628002,-2.323287678,2.035964157
1783618409.138157129,-0.017324415,-2.350281916,2.058410102
1783618409.139812708,-0.000200522,-2.402858408,2.052816061
1783618409.141415358,0.011628087,-2.426917553,2.050612647
1783618409.146807194,0.031572705,-2.437212377,2.036304910
1783618409.148228884,0.108092868,-2.528515255,2.034445605
1783618409.149888754,0.130455130,-2.522487648,2.028510961
1783618409.151998997,0.144913055,-2.562771196,2.054469130
1783618409.153218985,0.160280720,-2.582131172,2.038491587
1783618409.159515858,0.188128893,-2.587864197,2.038286777
1783618409.160548449,0.262668509,-2.717989750,2.066947113
1783618409.163218737,0.290996170,-2.760142840,2.095842648
1783618409.164731503,0.309546476,-2.802966191,2.097523246
1783618409.169530392,0.334013736,-2.839673692,2.116353454
1783618409.170417309,0.410928494,-2.972993830,2.170140831
1783618409.173070908,0.429902923,-3.009140385,2.205443659
1783618409.174849510,0.451966791,-3.060401966,2.210295949
1783618409.177000999,0.465840231,-3.098579808,2.235185866
1783618409.178205252,0.492891218,-3.135225819,2.252738787
1783618409.184461117,0.514361898,-3.183565959,2.286801618
1783618409.185424805,0.575281171,-3.395333533,2.392639152
1783618409.188175440,0.590684148,-3.419111987,2.410270830
1783618409.189863682,0.610375493,-3.489408830,2.447330454
1783618409.191454649,0.612577914,-3.548803415,2.482155852
1783618409.196910381,0.631477520,-3.586963488,2.500787706
1783618409.198101759,0.675190354,-3.682041318,2.558761622
1783618409.199741602,0.682909927,-3.701926422,2.591149668
1783618409.201636791,0.680053271,-3.718300328,2.604930656
1783618409.203025103,0.691886398,-3.692335204,2.598625684
1783618409.209539652,0.682820998,-3.694731855,2.618811512
1783618409.210633516,0.718641406,-3.730871619,2.655117302
1783618409.211639404,0.729029468,-3.750255817,2.667720020
1783618409.214775801,0.727331010,-3.739486164,2.688192496
1783618409.222121000,0.729523401,-3.741568348,2.719742553
1783618409.223351955,0.775738144,-3.744762107,2.756549629
1783618409.224907160,0.781086547,-3.751128424,2.777639195
1783618409.226609468,0.791632959,-3.724629203,2.789481198
1783618409.228161573,0.797478807,-3.717676079,2.811801318
1783618409.231979370,0.796966426,-3.717599887,2.822765897
1783618409.234404087,0.826617532,-3.671622200,2.847404326
1783618409.235348225,0.852909494,-3.647621973,2.878867000
1783618409.238226891,0.845396105,-3.588660648,2.881402992
1783618409.239770889,0.854922113,-3.561840231,2.893763326
1783618409.241394043,0.851269488,-3.568240895,2.924072912
1783618409.246901035,0.862094209,-3.514638422,2.925134494
1783618409.248177290,0.883990263,-3.429804954,2.934025626
1783618409.249912500,0.902572631,-3.369827550,2.944503473
1783618409.252007723,0.890344972,-3.348538981,2.946677277
1783618409.253176212,0.894220271,-3.315873817,2.950527930
1783618409.259490728,0.898761780,-3.264882193,2.962315636
1783618409.260523558,0.919502961,-3.171637336,2.980007274
1783618409.263118267,0.912369063,-3.135924659,2.978798864
1783618409.264725685,0.909652097,-3.090803704,2.984205578
1783618409.271971464,0.904228365,-3.070764104,2.998319098
1783618409.273129225,0.919115252,-2.968703277,2.972025881
1783618409.274903774,0.913765720,-2.934957544,2.985879169
1783618409.276439905,0.912282921,-2.889611258,2.986065112
1783618409.278374672,0.902615848,-2.875055111,2.993718210
1783618409.284460306,0.896918947,-2.865728768,2.993842274
1783618409.285422802,0.911406397,-2.768302353,2.982666158
1783618409.288257360,0.890085895,-2.750069177,3.006446351
1783618409.289794207,0.894045828,-2.727324611,3.002240801
1783618409.291392088,0.888245697,-2.693746547,3.014250784
1783618409.293989658,0.887120354,-2.681201048,3.013815856
1783618409.294900894,0.884057481,-2.666041450,3.016906263
1783618409.296832561,0.883754058,-2.629959777,3.011997814
1783618409.298058987,0.884482199,-2.626474672,3.027076352
1783618409.299736738,0.874261049,-2.600253133,3.021412043
1783618409.302017689,0.874536368,-2.560209830,3.018227531
1783618409.303246021,0.875036202,-2.539679549,3.025852953
1783618409.304791927,0.866607966,-2.521900987,3.028792910
1783618409.309546471,0.865071040,-2.479359036,3.017073446
1783618409.310637951,0.858296428,-2.407445837,3.008108992
1783618409.311734915,0.866477931,-2.353045181,2.990523607
1783618409.314924002,0.847568950,-2.311090363,2.999050670
1783618409.322663069,0.840377210,-2.288535163,3.000636712
1783618409.323985100,0.832414005,-2.083135961,2.933069344
1783618409.325062037,0.833577671,-2.026552009,2.924862299
1783618409.328135490,0.815215242,-1.994953219,2.916673145
1783618409.329926491,0.823251721,-1.868744619,2.881972690
1783618409.334534645,0.815790351,-1.827228314,2.880242859
1783618409.335743189,0.810145454,-1.664224230,2.841536355
1783618409.336964846,0.806391200,-1.621098830,2.834281698
1783618409.338357687,0.803779953,-1.573375270,2.812300878
1783618409.340063810,0.796467831,-1.515282973,2.805289570
1783618409.347089767,0.792831399,-1.462926688,2.790773287
1783618409.348337412,0.776350790,-1.304534677,2.741121203
1783618409.349946022,0.766768650,-1.245633629,2.723510014
1783618409.351479292,0.774737410,-1.192055604,2.715472351
1783618409.353214979,0.760833666,-1.151628762,2.704773764
1783618409.355667353,0.755882266,-1.089667801,2.678584123
1783618409.356695175,0.747558559,-1.060769381,2.679304042
1783618409.359447956,0.740468945,-1.017976785,2.662458031
1783618409.360579014,0.730522250,-0.910072634,2.614953347
1783618409.361611605,0.713451432,-0.872317565,2.599102191
1783618409.365072489,0.702252058,-0.823345876,2.581885020
1783618409.366539717,0.700940562,-0.775309874,2.574572925
1783618409.371525526,0.672357481,-0.751699065,2.563216576
1783618409.373030901,0.649160115,-0.628470811,2.497669562
1783618409.374465942,0.633284479,-0.599309688,2.481026611
1783618409.375725746,0.624586228,-0.557645088,2.471201241
1783618409.376949787,0.602593777,-0.537245650,2.460379657
1783618409.379853487,0.586230778,-0.505638296,2.457491537
1783618409.384469748,0.568745564,-0.445373644,2.422870691
1783618409.385622501,0.526921286,-0.355282902,2.359830163
1783618409.387036085,0.514641647,-0.328386126,2.333781090
1783618409.388780355,0.481287832,-0.321256337,2.323602349
1783618409.390440941,0.464371675,-0.290185226,2.296633633
1783618409.391698599,0.447475138,-0.264904633,2.285973531
1783618409.394850492,0.410045484,-0.240264157,2.254967543
1783618409.396992207,0.407965567,-0.204607097,2.218212325
1783618409.398304701,0.376951027,-0.192106121,2.225915770
1783618409.399837017,0.354768311,-0.174315186,2.191042968
1783618409.401590347,0.333159059,-0.134435031,2.144418315
1783618409.403468609,0.325480865,-0.102902277,2.113014508
1783618409.404898167,0.292098889,-0.075155013,2.077305132
1783618409.406616211,0.275471048,-0.048992041,2.052218052
1783618409.409422874,0.250760196,-0.015990419,2.028173518
1783618409.410382509,0.208390768,0.031622788,1.964642062
1783618409.411589146,0.203890442,0.076083319,1.930072612
1783618409.414750099,0.174538251,0.092461662,1.898367810
1783618409.416424990,0.143033608,0.116537311,1.865618840
1783618409.422201633,0.120294817,0.169002346,1.825980962
1783618409.423585653,0.070705529,0.237373739,1.742574108
1783618409.425045013,0.056408977,0.282956504,1.724260800
1783618409.426402092,0.030840885,0.302409093,1.678286502
1783618409.428126812,0.005608415,0.322491355,1.654958563
1783618409.433198214,-0.020233623,0.342563591,1.618727834
1783618409.434932232,-0.056959386,0.421400949,1.546578273
1783618409.436520100,-0.074503513,0.454316206,1.513052271
1783618409.438382387,-0.097733784,0.458531873,1.494309887
1783618409.439982891,-0.110431195,0.479367740,1.473041727
1783618409.441597462,-0.120767273,0.504861054,1.448601080
1783618409.447075129,-0.147420447,0.499018132,1.433954355
1783618409.448276758,-0.193509792,0.536781139,1.395990129
1783618409.449973345,-0.218369402,0.541202566,1.382796324
1783618409.451516628,-0.231503971,0.557213222,1.366202667
1783618409.453254700,-0.251538686,0.566821420,1.360267598
1783618409.459703445,-0.284399204,0.553307947,1.336230444
1783618409.461052895,-0.311748391,0.604240832,1.300393464
1783618409.462129116,-0.321394088,0.603520382,1.297864002
1783618409.464884281,-0.346262321,0.602043307,1.282014253
1783618409.466650009,-0.353714176,0.621380735,1.277979052
1783618409.472231388,-0.371428446,0.625603236,1.279740344
1783618409.473560810,-0.384718424,0.638034155,1.278086125
1783618409.474877596,-0.402512901,0.629002289,1.277743298
1783618409.476576090,-0.408932816,0.627313462,1.274475533
1783618409.478028059,-0.420881407,0.642782735,1.266313006
1783618409.480715990,-0.429737429,0.624938916,1.271591277
1783618409.481705189,-0.432468177,0.633175401,1.269823280
1783618409.484411716,-0.427913223,0.624985231,1.287506152
1783618409.485368013,-0.431688040,0.661494184,1.248863151
1783618409.486593485,-0.431884949,0.669011097,1.263580936
1783618409.488307953,-0.443092950,0.644543764,1.273115052
1783618409.495436430,-0.451162765,0.630929542,1.286063041
1783618409.496434689,-0.445857816,0.663952715,1.253482910
1783618409.498053551,-0.434734651,0.671331461,1.260814849
1783618409.499850988,-0.445932621,0.648553293,1.254164217
1783618409.502020597,-0.444828325,0.668950933,1.252757662
1783618409.503197670,-0.438685447,0.672187348,1.263300942
1783618409.509521008,-0.437837676,0.666111655,1.257085717
1783618409.510601997,-0.428288779,0.658185557,1.274225278
1783618409.511599779,-0.420256465,0.674158131,1.273266630
1783618409.514746189,-0.416980882,0.664220438,1.271892882
1783618409.522121668,-0.428239412,0.649939383,1.282110338
1783618409.523411512,-0.405628606,0.650403983,1.284739270
1783618409.524711847,-0.403345837,0.649551174,1.295760251
1783618409.526441336,-0.405696614,0.641447007,1.304174694
1783618409.528220177,-0.416541162,0.650342503,1.303693648
1783618409.534435987,-0.411830263,0.649331435,1.299000031
1783618409.535391569,-0.394763537,0.658220609,1.309626499
1783618409.536571264,-0.392121497,0.656372186,1.309301800
1783618409.539882898,-0.401924219,0.639784791,1.326808687
1783618409.541413784,-0.409098249,0.640087604,1.317699483
1783618409.546866655,-0.405127410,0.635695112,1.320096068
1783618409.548127890,-0.389040458,0.640554401,1.329286116
1783618409.549801111,-0.408024107,0.624009857,1.326931359
1783618409.552012682,-0.405967704,0.624410134,1.331034258
1783618409.553191185,-0.404827850,0.619291402,1.342372295
1783618409.557773829,-0.417309295,0.596747822,1.339617164
1783618409.558770418,-0.407225055,0.597150373,1.356859834
1783618409.559946299,-0.405135625,0.614005868,1.345663662
1783618409.564546108,-0.425836333,0.589958339,1.359774114
1783618409.565533638,-0.422722425,0.586809169,1.352431988
1783618409.572191000,-0.428478310,0.583990728,1.368773200
1783618409.573521137,-0.417979514,0.576044854,1.359317247
1783618409.574872494,-0.414546690,0.570020739,1.362874927
1783618409.576433897,-0.423522545,0.542096124,1.367702719
1783618409.578147650,-0.436675415,0.555144864,1.365620836
1783618409.584467173,-0.438347538,0.540593603,1.358176450
1783618409.585391521,-0.434827506,0.522390884,1.398517639
1783618409.586559296,-0.424694000,0.504640257,1.413424390
1783618409.589908600,-0.446044970,0.467554024,1.427177095
1783618409.591459990,-0.457449538,0.461669456,1.431816299
1783618409.597015142,-0.455349657,0.453229664,1.450616417
1783618409.598196983,-0.455059055,0.434705002,1.474509639
1783618409.599869728,-0.461680079,0.403143458,1.486988043
1783618409.601973295,-0.484911617,0.411290548,1.474247789
1783618409.603147984,-0.463994372,0.409748791,1.494339250
1783618409.604775906,-0.466917141,0.393850950,1.507457532
1783618409.609509468,-0.466398562,0.370899440,1.525608102
1783618409.610505104,-0.454484604,0.349134804,1.573353229
1783618409.613189936,-0.459510949,0.321595480,1.588061964
1783618409.614746094,-0.460605306,0.326642398,1.595929371
1783618409.618594885,-0.455296478,0.315096304,1.609548019
1783618409.622070551,-0.435123325,0.271392710,1.642922326
1783618409.623257637,-0.428184028,0.247072510,1.677071532
1783618409.624851942,-0.432820619,0.215019609,1.682808011
1783618409.626551151,-0.423547660,0.187743975,1.702054466
1783618409.628118515,-0.421157675,0.182480636,1.719266930
1783618409.634406805,-0.411708228,0.148957991,1.737584082
1783618409.635431528,-0.377166743,0.000003459,1.837662743
1783618409.638216257,-0.375741868,-0.051424348,1.848646550
1783618409.639897108,-0.368034737,-0.080673847,1.855002834
1783618409.646968126,-0.354453454,-0.117346582,1.884252625
1783618409.648279190,-0.289095024,-0.317638769,1.954463720
1783618409.649756908,-0.271739317,-0.371825316,1.973156208
1783618409.651394367,-0.259829106,-0.408636128,1.987340717
1783618409.653184652,-0.231942367,-0.443492638,2.013556655
1783618409.659509420,-0.213028395,-0.486491932,2.031485560
1783618409.660575390,-0.121640877,-0.622219709,2.093512339
1783618409.661582232,-0.094734233,-0.676854292,2.112779279
1783618409.664769888,-0.058792648,-0.685754578,2.131422581
1783618409.672045946,-0.023787097,-0.706338940,2.164592033
1783618409.673221827,0.084500797,-0.823647813,2.274274987
1783618409.674756050,0.130105143,-0.854500865,2.300535794
1783618409.676418066,0.163592218,-0.884443902,2.314335354
1783618409.678220272,0.209120589,-0.893357963,2.337446336
1783618409.680912733,0.245604412,-0.921547024,2.345059574
1783618409.681803942,0.278442850,-0.994151506,2.415779578
1783618409.684448719,0.316356761,-0.975634578,2.420148116
1783618409.685392857,0.441671600,-1.015141284,2.493960743
1783618409.686598539,0.428173047,-0.970683376,2.382809627
1783618409.688250542,0.484795899,-1.006688220,2.422993750
1783618409.696728230,0.521814807,-1.077425477,2.511193309
1783618409.698135853,0.715561983,-1.196600594,2.562959965
1783618409.699775457,0.758591853,-1.232160345,2.578241832
1783618409.702004433,0.795980382,-1.241309518,2.597355227
1783618409.703217745,0.845367062,-1.318675386,2.638385964
1783618409.709448099,0.881684484,-1.378814339,2.671840172
1783618409.710490465,1.054768593,-1.582000114,2.797996051
1783618409.713133574,1.083887024,-1.625495348,2.845915170
1783618409.714723825,1.114043754,-1.716757929,2.908616386
1783618409.721965075,1.148771414,-1.778150991,2.963271221
1783618409.723127604,1.309244040,-1.989899586,3.217861271
1783618409.724887848,1.337318616,-2.044456185,3.285619968
1783618409.726424456,1.360848573,-2.119233732,3.351719556
1783618409.728216648,1.387277239,-2.164513177,3.408789956
1783618409.734411716,1.419692548,-2.203178574,3.468582721
1783618409.735356331,1.558761237,-2.334578666,3.653727900
1783618409.738183260,1.562307230,-2.382547374,3.692992202
1783618409.739877224,1.596752287,-2.410968037,3.742047719
1783618409.741373301,1.625569722,-2.429396550,3.793305378
1783618409.744007349,1.659263829,-2.449847544,3.840659261
1783618409.744827271,1.696944058,-2.495125920,3.887093761
1783618409.746945143,1.732561427,-2.500680871,3.925387127
1783618409.748157024,1.766265285,-2.521954547,3.977502427
1783618409.749824762,1.781860001,-2.569983083,4.032864126
1783618409.752005100,1.802859843,-2.577864380,4.078773264
1783618409.753247976,1.839851718,-2.603346110,4.129429727
1783618409.754751921,1.854584977,-2.657114531,4.198620958
1783618409.759485722,1.884993619,-2.680507279,4.253361286
1783618409.760367155,1.976353428,-2.788618046,4.422263346
1783618409.763257504,1.978137496,-2.811425384,4.474079634
1783618409.764770031,2.009949986,-2.849763114,4.531957601
1783618409.772009611,2.021771132,-2.903475142,4.578406685
1783618409.773149252,2.109904567,-2.997056453,4.746606224
1783618409.774792910,2.117388263,-3.014144792,4.788381361
1783618409.776482344,2.130296091,-3.049287761,4.822381253
1783618409.778251886,2.137506312,-3.087509499,4.854293686
1783618409.784425735,2.159948592,-3.100414154,4.897509894
1783618409.785344124,2.227827498,-3.237554262,5.043894392
1783618409.788138866,2.229807391,-3.259490500,5.073804568
1783618409.789885521,2.246742076,-3.264350110,5.096651682
1783618409.791382790,2.260839824,-3.286656804,5.132763792
1783618409.796957254,2.269300360,-3.323986002,5.162681067
1783618409.798176289,2.327285139,-3.395513383,5.241206329
1783618409.799828768,2.321058442,-3.405500829,5.243910842
1783618409.802046776,2.337735855,-3.407937506,5.274445955
1783618409.803254604,2.343674741,-3.424044708,5.295341232
1783618409.804796457,2.342860372,-3.436956257,5.303865459
1783618409.809497356,2.357755915,-3.415524642,5.307157370
1783618409.810523748,2.370051575,-3.386681274,5.343997408
1783618409.813249111,2.353972141,-3.382804776,5.339003452
1783618409.814705133,2.352018524,-3.383005485,5.350428958
1783618409.821055889,2.344106067,-3.367585619,5.345892258
1783618409.822275639,2.337541427,-3.276192766,5.335094516
1783618409.823612213,2.332221556,-3.266017275,5.333067785
1783618409.826588869,2.290707644,-3.271141311,5.326930326
1783618409.828192949,2.283310053,-3.236752911,5.300843051
1783618409.834456682,2.267856433,-3.221851718,5.296149425
1783618409.835477114,2.223864061,-3.147547461,5.262650343
1783618409.838181973,2.193196467,-3.163975834,5.248580034
1783618409.839880705,2.164254263,-3.140916975,5.245075551
1783618409.841377020,2.147236238,-3.117299810,5.234691655
1783618409.846958160,2.123711337,-3.111667658,5.221553303
1783618409.848163843,2.079459087,-3.034212007,5.158427329
1783618409.849836111,2.049271413,-3.016129602,5.128055991
1783618409.852055311,2.016083607,-2.981400455,5.114012647
1783618409.853255749,2.001017970,-2.952955575,5.077951476
1783618409.854786396,1.968075562,-2.932236451,5.053147635
1783618409.859400272,1.954657735,-2.873028916,5.013012931
1783618409.860371113,1.893841433,-2.753716659,4.909173085
1783618409.861581087,1.878725932,-2.713240708,4.871255599
1783618409.863250017,1.838794670,-2.681135684,4.835800146
1783618409.872214317,1.811137614,-2.623697042,4.792877141
1783618409.873476744,1.727644915,-2.387128793,4.620749070
1783618409.874897480,1.701570625,-2.334249724,4.581365325
1783618409.876585484,1.668460109,-2.281792491,4.533083153
1783618409.878237486,1.642359596,-2.203970909,4.481231966
1783618409.881441116,1.613515687,-2.127625608,4.438159955
1783618409.884458780,1.568580008,-1.988596385,4.341864833
1783618409.885386467,1.517493505,-1.850915637,4.244433645
1783618409.886610031,1.490553054,-1.796952707,4.199522432
1783618409.888304472,1.470720664,-1.707905072,4.140003642
1783618409.896544456,1.438391965,-1.648332971,4.101505923
1783618409.898043156,1.320480491,-1.372123259,3.910654848
1783618409.899734735,1.288977409,-1.292087819,3.857081657
1783618409.901968956,1.263568148,-1.222521961,3.805457956
1783618409.903194904,1.228246014,-1.176007996,3.765527706
1783618409.909554958,1.199444028,-1.098610628,3.710040403
1783618409.910692453,1.076855127,-0.848919985,3.517872057
1783618409.911757231,1.041123707,-0.806574525,3.476337323
1783618409.914746284,0.996048232,-0.761933613,3.431744590
1783618409.922090530,0.964390140,-0.708055871,3.385442454
1783618409.923268318,0.824804477,-0.548069645,3.223144935
1783618409.924803019,0.783332230,-0.519196181,3.178841030
1783618409.926481009,0.738139956,-0.473215908,3.117145509
1783618409.928235531,0.708588473,-0.420936875,3.066803126
1783618409.934419155,0.680373435,-0.386541696,3.028555560
1783618409.935385942,0.536803302,-0.271881564,2.871392731
1783618409.936587334,0.494803275,-0.238905904,2.835506961
1783618409.938260317,0.459966868,-0.198680258,2.795529141
1783618409.942988396,0.427451910,-0.176086265,2.747535823
1783618409.943868876,0.373564239,-0.119021011,2.657056836
1783618409.946952105,0.350825694,-0.108008168,2.621077552
1783618409.948188305,0.309682053,-0.097259588,2.582911685
1783618409.949881792,0.285921858,-0.062444681,2.536276239
1783618409.952047110,0.260217912,-0.037057624,2.497714993
1783618409.953240395,0.233055157,-0.025488746,2.447559356
1783618409.954800367,0.194106515,0.000654695,2.389641573
1783618409.957647324,0.178613548,0.037806841,2.343131937
1783618409.958487272,0.148848551,0.045775839,2.319856214
1783618409.961717129,0.113858182,0.040172465,2.283655195
1783618409.963200808,0.066734596,0.092713465,2.221672659
1783618409.964707851,0.041045654,0.100174977,2.185381220
1783618409.972053051,0.001476184,0.102799395,2.151200912
1783618409.973379612,-0.081129864,0.176510708,2.035352679
1783618409.974759340,-0.092924921,0.204240355,1.991321709
1783618409.976458788,-0.125298813,0.199031602,1.981252060
1783618409.978126287,-0.162780873,0.186761573,1.959085349
1783618409.984432936,-0.172926605,0.193962985,1.935652505
1783618409.985391617,-0.242771472,0.250332044,1.863457098
1783618409.986595392,-0.253098791,0.250116285,1.858223657
1783618409.988326788,-0.293507454,0.236408138,1.835139594
1783618409.997012377,-0.317107100,0.236004384,1.824161826
1783618409.998273611,-0.350235923,0.298252761,1.763521123
1783618409.999701023,-0.373015185,0.288863624,1.763099455
1783618410.002014637,-0.395909533,0.281634321,1.752525448
1783618410.003250360,-0.397711105,0.310081664,1.740758316
1783618410.004809856,-0.407090190,0.322277084,1.738125752
1783618410.009449720,-0.425521574,0.327309968,1.730678280
1783618410.010421276,-0.430104464,0.396015985,1.692355092
1783618410.013128042,-0.467742602,0.374823473,1.688807576
1783618410.014704704,-0.469711543,0.391028382,1.675490818
1783618410.018541813,-0.482623194,0.416087512,1.675167631
1783618410.022063494,-0.499657636,0.424045221,1.658294974
1783618410.023231506,-0.494475762,0.473953578,1.635078822
1783618410.024773121,-0.503911778,0.460040644,1.630238132
1783618410.026434660,-0.522021635,0.468146319,1.607934699
1783618410.028229475,-0.527848867,0.484338831,1.597803086
1783618410.034038305,-0.522718309,0.502490084,1.578793189
1783618410.034897804,-0.518802380,0.546680914,1.536391647
1783618410.036532402,-0.521324087,0.539891547,1.526641328
1783618410.038293123,-0.531965027,0.530197086,1.513651427
1783618410.039765835,-0.535382193,0.553061223,1.494219053
1783618410.047002077,-0.542550706,0.561984445,1.485947960
1783618410.048039198,-0.542749869,0.576806326,1.451667023
1783618410.049749851,-0.544854141,0.585178958,1.445495237
1783618410.052029133,-0.555667464,0.609041960,1.436327004
1783618410.053238153,-0.552414562,0.609440396,1.433332419
1783618410.054732800,-0.553426909,0.608656771,1.428117178
1783618410.059438705,-0.546429599,0.624898661,1.406814244
1783618410.060401678,-0.527716262,0.634500854,1.386381312
1783618410.061594725,-0.518064325,0.655750385,1.372988079
1783618410.063259840,-0.517289429,0.660206452,1.367330002
1783618410.072165489,-0.520227970,0.639452679,1.364435648
1783618410.073384523,-0.493005135,0.672415064,1.333078151
1783618410.074694872,-0.487753774,0.675595699,1.329213732
1783618410.076414824,-0.482116416,0.690095051,1.329467995
1783618410.078074455,-0.489533713,0.667526974,1.320975561
1783618410.080798388,-0.495459128,0.680110527,1.311432797
1783618410.081748009,-0.473615696,0.686310544,1.317759759
1783618410.084451675,-0.473093886,0.679817874,1.318538239
1783618410.085412741,-0.452634479,0.700289909,1.304327657
1783618410.086618185,-0.451664091,0.709349217,1.306061694
1783618410.088302374,-0.457112923,0.683161188,1.309184118
1783618410.096835136,-0.473156884,0.680368676,1.308536712
1783618410.098036289,-0.455674075,0.682356114,1.321856520
1783618410.099713326,-0.457148577,0.701838694,1.304806084
1783618410.102066994,-0.470043353,0.683816329,1.318075217
1783618410.103038311,-0.473731245,0.690224042,1.303410887
1783618410.104756832,-0.475055832,0.683719168,1.324738365
1783618410.109452486,-0.472010499,0.678545039,1.329889880
1783618410.110400200,-0.468163832,0.679440179,1.322460963
1783618410.111647367,-0.463296874,0.672493284,1.324076841
1783618410.114807129,-0.475300769,0.640565423,1.321883477
1783618410.122081518,-0.501346294,0.650125150,1.314591291
1783618410.123243809,-0.483826639,0.627260230,1.316559276
1783618410.124771118,-0.493670436,0.615587806,1.313755197
1783618410.126489878,-0.505596186,0.586768433,1.314765262
1783618410.128075838,-0.503483306,0.600538591,1.310883349
1783618410.134421349,-0.512256600,0.595619203,1.311441788
1783618410.135386944,-0.508529917,0.568520674,1.328766497
1783618410.138179064,-0.518236905,0.536090445,1.324410960
1783618410.139839888,-0.519712274,0.532798857,1.320992836
1783618410.141458750,-0.520907529,0.529566001,1.309424779
1783618410.143619299,-0.521542043,0.526701718,1.317186423
1783618410.146941900,-0.520916325,0.515066666,1.315140564
1783618410.148156166,-0.514733254,0.518436654,1.321560640
1783618410.149803638,-0.516319766,0.507394313,1.315773787
1783618410.152012587,-0.523488938,0.484729623,1.316231858
1783618410.153228045,-0.521850928,0.486516994,1.321674269
1783618410.154737711,-0.517576649,0.485335695,1.325341908
1783618410.159136772,-0.520168689,0.473760062,1.327370927
1783618410.160027027,-0.514441524,0.465660949,1.327689819
1783618410.161598921,-0.503616232,0.452849074,1.344616898
1783618410.163081646,-0.519407503,0.427121268,1.349363164
1783618410.164769411,-0.516696705,0.425904317,1.343925696
1783618410.172054529,-0.524100673,0.418324045,1.358797499
1783618410.173233271,-0.517706559,0.378758465,1.392821348
1783618410.174841881,-0.526557916,0.346689084,1.410209584
1783618410.176431417,-0.534190879,0.363482904,1.414841881
1783618410.178092480,-0.537654413,0.340466799,1.425321147
1783618410.184426785,-0.533104931,0.313572571,1.430299910
1783618410.185349941,-0.548617182,0.233472034,1.478933476
1783618410.188190699,-0.556365012,0.204336256,1.492528417
1783618410.189907074,-0.567873842,0.184562044,1.503711189
1783618410.191478014,-0.566483399,0.136061067,1.519771580
1783618410.196996450,-0.569899061,0.101565366,1.523116262
1783618410.198215961,-0.552577109,-0.022738739,1.558724727
1783618410.199893713,-0.559342665,-0.049251359,1.565574498
1783618410.202023745,-0.532087072,-0.110303684,1.566401983
1783618410.203251600,-0.530050367,-0.187494039,1.594512650
1783618410.204893827,-0.524890652,-0.243738073,1.608249216
1783618410.209491014,-0.508210517,-0.329258999,1.629109410
1783618410.210494280,-0.460914726,-0.554475054,1.692060828
1783618410.213152885,-0.446037949,-0.648492064,1.720109748
1783618410.214710474,-0.430630718,-0.720960629,1.737359074
1783618410.220613241,-0.411234792,-0.791210983,1.759048322
1783618410.221591711,-0.352982877,-1.031739820,1.811268402
1783618410.223046780,-0.331677581,-1.129443939,1.835937472
1783618410.224725485,-0.316337538,-1.208239008,1.847045405
1783618410.227090836,-0.301902986,-1.279529183,1.859867808
1783618410.228130102,-0.282358954,-1.391381088,1.885543563
1783618410.234484196,-0.256984208,-1.454226190,1.896204019
1783618410.235433578,-0.165494903,-1.766249471,1.932782505
1783618410.238345385,-0.154401080,-1.803857897,1.950169814
1783618410.239832640,-0.122600102,-1.874059606,1.933195140
1783618410.241436243,-0.104495047,-1.950544469,1.938674483
1783618410.246911049,-0.076107841,-1.996244008,1.920830925
1783618410.248098612,0.015326455,-2.197499408,1.896455396
1783618410.249755144,0.034317037,-2.189009996,1.883515176
1783618410.251691818,0.070285246,-2.288482616,1.920062099
1783618410.253290653,0.116950082,-2.423098587,1.892811587
1783618410.259493351,0.127242671,-2.346251863,1.866811210
1783618410.260493517,0.253928587,-2.556860018,1.905045390
1783618410.263196707,0.246845855,-2.606209477,1.920082578
1783618410.264725924,0.285622770,-2.643500695,1.929331501
1783618410.266491175,0.309206518,-2.683753328,1.964334974
1783618410.272122145,0.345851955,-2.753478005,1.986333779
1783618410.273323774,0.464198021,-2.918577223,2.086324107
1783618410.274886370,0.482728574,-2.966023522,2.134449873
1783618410.276555777,0.507606740,-3.028893353,2.186510160
1783618410.278162241,0.545154756,-3.082493569,2.218191606
1783618410.282287598,0.562859046,-3.160340681,2.263930898
1783618410.283092499,0.641294390,-3.257559479,2.332474797
1783618410.284891367,0.674608825,-3.325970872,2.365841780
1783618410.286772013,0.694518978,-3.372322671,2.417896451
1783618410.288313150,0.738289456,-3.414473356,2.438817940
1783618410.289812565,0.746808771,-3.456697689,2.497290715
1783618410.297061682,0.750402622,-3.508043863,2.538332011
1783618410.298164606,0.857172412,-3.661766800,2.674590739
1783618410.299918413,0.858239561,-3.699330469,2.702376046
1783618410.301444054,0.862626517,-3.758766098,2.754995903
1783618410.303242445,0.868643344,-3.759652240,2.782963467
1783618410.309477329,0.883636320,-3.768654999,2.797944467
1783618410.310502291,0.956054935,-3.834738358,2.865742253
1783618410.313251495,0.941744113,-3.819517557,2.882186253
1783618410.314785004,0.959030344,-3.821829099,2.888598684
1783618410.316367388,0.956184239,-3.808872638,2.899016857
1783618410.322087288,0.973853246,-3.774711940,2.894140228
1783618410.323232412,1.012144497,-3.746478682,2.927324723
1783618410.324755192,1.007387318,-3.727591720,2.951739695
1783618410.326406717,1.003445982,-3.713536046,2.953168967
1783618410.328173161,1.010692275,-3.664749855,2.961634488
1783618410.334366083,1.018794542,-3.647597783,2.973905511
1783618410.335301876,1.041244625,-3.550197081,2.996931107
1783618410.338186026,1.043040691,-3.499729425,3.015346023
1783618410.339842319,1.050402466,-3.472776664,3.030280212
1783618410.341450453,1.054799699,-3.455775717,3.043571777
1783618410.344838142,1.062351632,-3.414579819,3.037625506
1783618410.346966028,1.073541282,-3.356496849,3.054684944
1783618410.348220348,1.092513079,-3.301469408,3.056442283
1783618410.349908829,1.103608907,-3.258431079,3.078647439
1783618410.352008343,1.094724343,-3.225424969,3.087447740
1783618410.353207588,1.103550420,-3.179181921,3.081277421
1783618410.354772329,1.057946778,-3.120796065,3.098827184
1783618410.359428883,1.096037584,-3.079686091,3.106833774
1783618410.360448837,1.103621874,-2.945024706,3.111336039
1783618410.363197327,1.093039240,-2.884791459,3.106694245
1783618410.364797831,1.086871044,-2.850055091,3.117810039
1783618410.372098684,1.085683341,-2.798102240,3.131720618
1783618410.373308182,1.059189019,-2.642426272,3.110920961
1783618410.374839067,1.026608380,-2.608595074,3.112544202
1783618410.376625061,1.040697753,-2.545419784,3.098477976
1783618410.378207922,1.019396922,-2.512696870,3.101644227
1783618410.384484291,0.990671642,-2.472651633,3.083021130
1783618410.385479450,0.946151340,-2.331274712,3.035030828
1783618410.388161421,0.923864252,-2.305823292,3.038497436
1783618410.389830112,0.899584323,-2.263484369,3.023896139
1783618410.391447306,0.885135155,-2.218604592,3.030034563
1783618410.397004128,0.868365747,-2.196540100,3.027705043
1783618410.398043633,0.811861268,-2.077922100,3.000304229
1783618410.399741411,0.781691576,-2.040651750,3.006947220
1783618410.402064085,0.771511429,-1.969979184,2.992871291
1783618410.403265715,0.753078302,-1.922404803,2.990671727
1783618410.404767513,0.726691723,-1.885303934,2.983821472
1783618410.409544945,0.721517776,-1.821443672,2.970340403
1783618410.410559177,0.666444627,-1.647100879,2.933236081
1783618410.413131237,0.653945068,-1.587441203,2.937906495
1783618410.414750338,0.632305682,-1.537894367,2.921303269
1783618410.421685696,0.622868796,-1.463106904,2.912840827
1783618410.423320770,0.584765463,-1.237536502,2.877537447
1783618410.424782276,0.572497001,-1.189798727,2.864517340
1783618410.427115679,0.563397892,-1.135240266,2.859727143
1783618410.428207636,0.560009306,-1.067837087,2.855082810
1783618410.429790020,0.547009453,-1.018020201,2.839043064
1783618410.434478045,0.545118126,-0.979159808,2.831980523
1783618410.435405016,0.509315440,-0.855189520,2.817713105
1783618410.436661005,0.501435507,-0.816907326,2.821398863
1783618410.439801216,0.492684673,-0.762622236,2.812873945
1783618410.441412210,0.477955689,-0.731979468,2.818260392
1783618410.446976662,0.462351777,-0.687698485,2.809266242
1783618410.448173523,0.427256707,-0.600606726,2.800962530
1783618410.449808359,0.420955224,-0.543730222,2.802653375
1783618410.452020407,0.408144565,-0.527648611,2.793201589
1783618410.453095436,0.399169946,-0.491494974,2.779665232
1783618410.454794168,0.384688278,-0.452373779,2.769770576
1783618410.459507704,0.374442757,-0.423634061,2.752068521
1783618410.460578203,0.342671923,-0.342165534,2.715598860
1783618410.461574793,0.327447033,-0.312416231,2.687217648
1783618410.463253021,0.310259326,-0.272645927,2.657778606
1783618410.467191696,0.299600734,-0.260065753,2.658058932
1783618410.468144417,0.277377592,-0.231152113,2.637259544
1783618410.472162962,0.272408543,-0.210586448,2.611606281
1783618410.473392487,0.242070644,-0.178481506,2.592464008
1783618410.474711895,0.230767554,-0.142660455,2.565789914
1783618410.476405382,0.213714236,-0.128269710,2.553999844
1783618410.478065491,0.194617198,-0.106233725,2.530416184
1783618410.483086586,0.179138010,-0.087974049,2.501499556
1783618410.484915018,0.147370525,-0.025787565,2.435468860
1783618410.486771584,0.131314837,-0.006495345,2.404387368
1783618410.488336086,0.115260463,-0.009415525,2.402133088
1783618410.489858150,0.093658440,0.010873541,2.369758003
1783618410.491382837,0.080479659,0.033658362,2.341623125
1783618410.497049093,0.068396757,0.037634177,2.317280106
1783618410.498098135,0.035471731,0.094394834,2.253851926
1783618410.499854326,0.015091099,0.096968749,2.245854128
1783618410.501383543,0.000657607,0.130797225,2.205072561
1783618410.503271818,-0.024345289,0.134428200,2.185271223
1783618410.509511948,-0.035280762,0.156738037,2.157826237
1783618410.510549784,-0.071941381,0.222499283,2.081831721
1783618410.513273478,-0.085857304,0.234272639,2.058210743
1783618410.514798880,-0.101505425,0.239404025,2.042011694
1783618410.516425610,-0.116177323,0.262463498,2.024173183
1783618410.522186756,-0.118112366,0.283559770,1.995330060
1783618410.523396254,-0.143705828,0.337583043,1.948451556
1783618410.524702311,-0.156746880,0.351796299,1.926527578
1783618410.526399612,-0.167165777,0.364358109,1.909719343
1783618410.528059721,-0.178584850,0.379444226,1.905552035
1783618410.534516811,-0.194742686,0.393241451,1.884083861
1783618410.535489321,-0.228237788,0.439192392,1.828784802
1783618410.538201094,-0.237183602,0.464831796,1.803356165
1783618410.539894581,-0.254740289,0.470245618,1.794066211
1783618410.541391611,-0.272332470,0.451507576,1.792890317
1783618410.544222116,-0.272551183,0.486086960,1.755816250
1783618410.545137644,-0.272781674,0.494704773,1.755724226
1783618410.546961784,-0.282084814,0.500319186,1.736511048
1783618410.548197985,-0.274346492,0.509045343,1.722147500
1783618410.549906731,-0.294892499,0.521491896,1.715408789
1783618410.552078485,-0.299985700,0.518264763,1.706969708
1783618410.559699535,-0.317338347,0.514421680,1.694942691
1783618410.560920477,-0.309928617,0.568440123,1.619335700
1783618410.561977625,-0.310886556,0.581982973,1.605905758
1783618410.564839125,-0.323719852,0.563202851,1.608143622
1783618410.566375494,-0.336003493,0.579800720,1.586888499
1783618410.572164774,-0.330852799,0.604045360,1.573010627
1783618410.573438883,-0.338315543,0.632227804,1.531738594
1783618410.574748516,-0.328620505,0.644186385,1.509063005
1783618410.576441288,-0.340034157,0.636406419,1.508556707
1783618410.578150272,-0.343608053,0.655137181,1.484373942
1783618410.584449530,-0.336267011,0.672111574,1.470325097
1783618410.585371494,-0.331745811,0.708634545,1.395144536
1783618410.588186502,-0.343533098,0.700913993,1.387521168
1783618410.589895248,-0.337435585,0.708885720,1.378398469
1783618410.591519117,-0.328312373,0.730781519,1.350867915
1783618410.597058535,-0.337562627,0.718378835,1.344323496
1783618410.598206282,-0.328078023,0.725912330,1.307461783
1783618410.599737406,-0.318654609,0.754570321,1.293510263
1783618410.601424217,-0.322035401,0.744781155,1.291694430
1783618410.603238106,-0.327844913,0.729424735,1.282324602
1783618410.605656385,-0.313835475,0.752743786,1.273148919
1783618410.606730461,-0.314447149,0.741385808,1.265762892
1783618410.609566450,-0.306211039,0.746108358,1.266664767
1783618410.610581875,-0.296049793,0.742617171,1.263107146
1783618410.613077402,-0.308790517,0.745583969,1.241601069
1783618410.614745855,-0.310508428,0.738209421,1.240369817
1783618410.621785402,-0.311272061,0.745041038,1.243899518
1783618410.623508215,-0.294261818,0.773497135,1.217946105
1783618410.624935865,-0.295030755,0.757112554,1.229747091
1783618410.626510620,-0.300202980,0.735775712,1.233750298
1783618410.628064394,-0.302406760,0.747906069,1.232583514
1783618410.629714251,-0.311473325,0.722887043,1.244462706
1783618410.634531975,-0.291428015,0.721980951,1.241334626
1783618410.635566235,-0.296518334,0.710144940,1.257318034
1783618410.636638165,-0.302530913,0.697018681,1.258602592
1783618410.639768839,-0.314533221,0.695211679,1.264446851
1783618410.646868706,-0.320878168,0.692665424,1.274445445
1783618410.648059607,-0.322229323,0.662972044,1.299239190
1783618410.649709225,-0.333826528,0.632407801,1.313168046
1783618410.651663065,-0.343536088,0.627547702,1.314666515
1783618410.653076410,-0.344142004,0.626358938,1.326994591
1783618410.659574986,-0.358463819,0.588055928,1.333674396
1783618410.660638571,-0.368401228,0.562477910,1.359718176
1783618410.661630392,-0.370038956,0.560492997,1.374854877
1783618410.664756060,-0.396325517,0.521122946,1.385656751
1783618410.666468382,-0.408533197,0.499081150,1.389575521
1783618410.672095776,-0.417013105,0.487887169,1.403771601
1783618410.673270226,-0.446466647,0.441121277,1.420091971
1783618410.674823999,-0.460105538,0.404578889,1.436594905
1783618410.676488400,-0.478633554,0.377914931,1.446025057
1783618410.678049088,-0.488913214,0.353242271,1.451924454
1783618410.682074785,-0.512154573,0.339818890,1.465523276
1783618410.684414387,-0.537392448,0.288162985,1.476186675
1783618410.685347795,-0.575915314,0.239956866,1.513581454
1783618410.686632395,-0.593488531,0.192128300,1.530586634
1783618410.689804554,-0.635967322,0.129732755,1.540081253
1783618410.696999788,-0.652046571,0.093180607,1.553729473
1783618410.698203087,-0.736668020,-0.167424763,1.642655066
1783618410.699876785,-0.756228586,-0.274401148,1.644785600
1783618410.702070713,-0.768736486,-0.365586503,1.651720917
1783618410.703035116,-0.771648587,-0.460369324,1.667705691
1783618410.704791069,-0.774276282,-0.574073650,1.686886127
1783618410.709446430,-0.775913372,-0.662781533,1.690808053
1783618410.710396767,-0.771072520,-0.989447090,1.794505191
1783618410.711575985,-0.758428611,-1.081420942,1.822290875
1783618410.714795113,-0.747476544,-1.215980643,1.852090040
1783618410.722116470,-0.729182414,-1.338234407,1.876579874
1783618410.723280668,-0.663971201,-1.750063726,1.973718665
1783618410.724839687,-0.620840535,-1.816319084,1.994461995
1783618410.726542950,-0.587036694,-1.912412076,2.020869789
1783618410.728087187,-0.553968584,-1.988478121,2.032153139
1783618410.734463215,-0.518546485,-2.063253755,2.050092497
1783618410.735399008,-0.367482973,-2.337196922,2.034770142
1783618410.738173723,-0.333747976,-2.387234446,2.033998454
1783618410.739872456,-0.291663110,-2.412797204,2.011376822
1783618410.741438866,-0.258376595,-2.508781441,2.050415058
1783618410.743561745,-0.201871172,-2.522596740,2.014467112
1783618410.747006178,-0.156225272,-2.561019340,1.973703077
1783618410.748259783,-0.047775261,-2.655060261,1.950506805
1783618410.749714375,-0.004802452,-2.607548501,1.864679545
1783618410.752068520,0.062109136,-2.637849792,1.885105851
1783618410.753298283,0.090806010,-2.753263851,1.956234639
1783618410.754765749,0.134968637,-2.766846914,1.944634558
1783618410.759124756,0.190745774,-2.800616462,1.962661295
1783618410.759928942,0.282778410,-2.873368997,1.955064038
1783618410.761408091,0.319648849,-2.930151753,1.979510905
1783618410.763062239,0.353150589,-2.963188157,2.013482995
1783618410.764754772,0.395471788,-2.998773448,2.037475812
1783618410.772181749,0.420679959,-3.034628147,2.077695076
1783618410.773347855,0.601756736,-3.157632487,2.143813620
1783618410.774920464,0.627253506,-3.223323551,2.196394236
1783618410.776568413,0.667778644,-3.294328731,2.230526940
1783618410.778080225,0.717272256,-3.331742626,2.233753393
1783618410.784514666,0.739321609,-3.372638946,2.270948935
1783618410.785555601,0.908221181,-3.607583917,2.357158152
1783618410.788207293,0.922568236,-3.671151045,2.380174025
1783618410.789834023,0.929350496,-3.737489762,2.422192261
1783618410.791429281,0.935931162,-3.744734624,2.442965614
1783618410.797004700,0.972317065,-3.804704371,2.467168405
1783618410.798197508,1.038601301,-3.919331842,2.544532205
1783618410.799841166,1.036645546,-3.937892090,2.564317088
1783618410.802081108,1.020487129,-3.965738436,2.590282279
1783618410.803040504,1.032979406,-3.992382044,2.595976952
1783618410.804822683,1.039475705,-4.007452405,2.620649897
1783618410.809475660,1.048913579,-4.025154062,2.634700342
1783618410.810448885,1.077653213,-4.067797285,2.678885072
1783618410.813099146,1.047989176,-4.062358639,2.705117094
1783618410.814821005,1.049953657,-4.072495988,2.722547761
1783618410.820515394,1.034401818,-4.095891805,2.750743415
1783618410.821507215,1.048902009,-4.113373132,2.796478221
1783618410.823232412,1.063649503,-4.104880652,2.788823615
1783618410.824702024,1.057439219,-4.096153792,2.822764731
1783618410.827121019,1.038595266,-4.085355534,2.823937366
1783618410.828155279,1.041952344,-4.075779592,2.842496407
1783618410.829720259,1.036750594,-4.059742471,2.855002209
1783618410.834431410,1.049796413,-4.037099028,2.868962671
1783618410.835416794,1.073636583,-3.955952967,2.902355776
1783618410.838192701,1.066630300,-3.931917566,2.916756443
1783618410.839895487,1.061024186,-3.888739720,2.931344611
1783618410.841362000,1.060916798,-3.838752270,2.947463944
1783618410.846951008,1.069110551,-3.815584770,2.956833359
1783618410.848142385,1.081889445,-3.703370842,2.965720645
1783618410.849777699,1.083230673,-3.655377353,2.973222182
1783618410.852095127,1.086696489,-3.602618091,2.976056216
1783618410.853074551,1.085427248,-3.567380654,2.970936716
1783618410.854735851,1.086529984,-3.512524684,2.963101720
1783618410.859452724,1.092101213,-3.467621663,2.955527689
1783618410.860414505,1.093213991,-3.344421768,2.926572754
1783618410.863077164,1.069931434,-3.322370670,2.944876514
1783618410.864812136,1.078522472,-3.296610016,2.939002478
1783618410.872158527,1.053991986,-3.257147125,2.931299162
1783618410.873302698,1.048393567,-3.102721476,2.891931968
1783618410.874832630,1.034799485,-3.081016264,2.882799628
1783618410.876463890,1.021059045,-3.036645569,2.879808540
1783618410.878235579,0.992479193,-2.993358836,2.869016034
1783618410.882010698,0.993842369,-2.956226571,2.857297668
1783618410.884480000,0.965503955,-2.895129345,2.848339049
1783618410.885518551,0.936958727,-2.829839797,2.829174970
1783618410.886595011,0.924013885,-2.782196733,2.807455572
1783618410.889770031,0.905334079,-2.738580538,2.817867359
1783618410.896988869,0.879183358,-2.714024902,2.819204720
1783618410.898242235,0.833620505,-2.530518962,2.764255402
1783618410.899881124,0.820890032,-2.461569754,2.756661407
1783618410.902040720,0.797136912,-2.425229774,2.749362693
1783618410.903245926,0.777854424,-2.375101424,2.734665817
1783618410.904733896,0.771654415,-2.305712891,2.710278377
1783618410.909467220,0.762105376,-2.257065758,2.701671132
1783618410.910442829,0.730701013,-2.107569651,2.672576157
1783618410.913156986,0.700706062,-2.049539140,2.661581044
1783618410.914818764,0.694887954,-1.991159592,2.654959632
1783618410.916377544,0.685627393,-1.931921092,2.645767211
1783618410.922061205,0.669750370,-1.879984513,2.640035359
1783618410.923217535,0.639841279,-1.721344255,2.603915522
1783618410.924756765,0.617169495,-1.673426615,2.600755988
1783618410.926414490,0.613973339,-1.605777852,2.594846506
1783618410.928207159,0.602938036,-1.539591655,2.587431646
1783618410.934469700,0.583190344,-1.495395195,2.574210240
1783618410.935449600,0.546337316,-1.261501364,2.568220999
1783618410.938160896,0.540131008,-1.199585687,2.566694778
1783618410.939866066,0.521833333,-1.157501041,2.571944932
1783618410.941437483,0.514495031,-1.095933765,2.565161136
1783618410.944401026,0.499349061,-1.031750058,2.556240741
1783618410.945247173,0.473456096,-0.949568036,2.555978514
1783618410.946951866,0.460933962,-0.910893345,2.556772908
1783618410.949882984,0.448054205,-0.863041029,2.566592285
1783618410.952089310,0.429759538,-0.823863353,2.546959368
1783618410.953089952,0.423043192,-0.768378830,2.542411717
1783618410.954767942,0.414288603,-0.726103197,2.542380875
1783618410.959068537,0.394957156,-0.699768767,2.537802064
1783618410.959957600,0.375248924,-0.607555466,2.527161378
1783618410.961518764,0.364277966,-0.585128354,2.518968421
1783618410.963199615,0.357959571,-0.542341280,2.505552577
1783618410.964819431,0.351398573,-0.501248360,2.506732077
1783618410.972084045,0.337518169,-0.475959211,2.501442677
1783618410.973262072,0.297709496,-0.342336415,2.434739761
1783618410.974839926,0.292918008,-0.306612258,2.414372704
1783618410.976509809,0.280074240,-0.273472803,2.418692003
1783618410.978066683,0.255685011,-0.256532592,2.401212946
1783618410.984455585,0.240132562,-0.223980010,2.369017779
1783618410.985419750,0.214015053,-0.108502927,2.298126796
1783618410.988208294,0.188712964,-0.104905651,2.302490457
1783618410.989864111,0.179087573,-0.083868745,2.267744930
1783618410.991409779,0.169145369,-0.048475517,2.244663295
1783618410.997033119,0.156673073,-0.032192861,2.215426497
1783618410.998067617,0.123267153,0.022364290,2.138983029
1783618410.999780178,0.106904295,0.056196843,2.094950172
1783618411.002088785,0.088437200,0.067192031,2.080327519
1783618411.003080606,0.083702343,0.066218531,2.061580140
1783618411.004724503,0.059591447,0.093335748,2.035727545
1783618411.009462118,0.049904605,0.110809556,2.010303796
1783618411.010436773,0.021703118,0.168776962,1.924945705
1783618411.013118029,-0.012514270,0.179867546,1.887288773
1783618411.014850855,-0.023242079,0.200405756,1.868059419
1783618411.016398191,-0.040487764,0.230004249,1.842667561
1783618411.021366358,-0.047252993,0.243752928,1.826799214
1783618411.022377968,-0.073873126,0.294886787,1.772741099
1783618411.023418665,-0.082424007,0.328998532,1.745706244
1783618411.027126789,-0.103539495,0.349480552,1.722884057
1783618411.028219461,-0.109387430,0.352509790,1.724356645
1783618411.029783249,-0.128308642,0.358866545,1.706299618
1783618411.034489393,-0.130641770,0.389687183,1.686149325
1783618411.035431385,-0.144556229,0.441974549,1.629595261
1783618411.038120031,-0.156382168,0.468692167,1.601241373
1783618411.039833069,-0.170378027,0.460149937,1.594642320
1783618411.041425228,-0.193393471,0.467499483,1.578483425
1783618411.046998024,-0.184903608,0.500945348,1.559988718
1783618411.048181057,-0.204752217,0.547236512,1.516324975
1783618411.049834967,-0.210360206,0.551096852,1.519454431
1783618411.052067280,-0.219742441,0.554687147,1.513505799
1783618411.053193808,-0.220082270,0.577448680,1.502413783
1783618411.054900885,-0.231715025,0.591851064,1.495393347
1783618411.059504986,-0.224851561,0.601591958,1.494636592
1783618411.060449839,-0.229193264,0.656163700,1.472259852
1783618411.063170910,-0.257233500,0.636136452,1.469614297
1783618411.064815760,-0.257280632,0.647934558,1.482186508
1783618411.067997694,-0.258770227,0.679847906,1.462926833
1783618411.068845749,-0.262995009,0.688558716,1.453106326
1783618411.072102547,-0.251188301,0.709345031,1.452209390
1783618411.073271275,-0.263717913,0.697526894,1.452845411
1783618411.074796677,-0.274328438,0.703156873,1.437219348
1783618411.076457739,-0.278469266,0.726034514,1.429993779
1783618411.078236818,-0.282755698,0.726429536,1.432414536
1783618411.084006786,-0.290874893,0.725010773,1.429376266
1783618411.084895372,-0.285111442,0.750896192,1.408098532
1783618411.086497784,-0.285609671,0.764289015,1.397946044
1783618411.088222027,-0.295854468,0.776495647,1.394852470
1783618411.089784622,-0.294219297,0.773745879,1.386680983
1783618411.097087145,-0.300295287,0.764643854,1.383478407
1783618411.098093748,-0.293192348,0.810914998,1.347455592
1783618411.099771261,-0.296155168,0.798330989,1.354148229
1783618411.102050304,-0.300990516,0.797208020,1.341115635
1783618411.103046417,-0.300609661,0.805484813,1.342422221
1783618411.104807138,-0.306049602,0.807523385,1.338526306
1783618411.109505892,-0.299034270,0.808200009,1.335913508
1783618411.110449791,-0.291278874,0.826188207,1.312350315
1783618411.113090038,-0.296647094,0.816854204,1.308762445
1783618411.114798307,-0.289443050,0.831776070,1.305528580
1783618411.116418839,-0.292248783,0.831622221,1.306990800
1783618411.122156382,-0.290458194,0.822772778,1.291805672
1783618411.123284578,-0.274356835,0.843882756,1.270334718
1783618411.124825239,-0.274239865,0.855485071,1.256013006
1783618411.126482010,-0.269631166,0.869968041,1.254904469
1783618411.128246546,-0.273286575,0.855591265,1.251314253
1783618411.130598307,-0.266813914,0.859882586,1.234629519
1783618411.131533384,-0.260081151,0.880687548,1.220588584
1783618411.134493589,-0.258028911,0.891601635,1.220688093
1783618411.135448217,-0.245861067,0.886845399,1.198576495
1783618411.138299704,-0.258315482,0.894793504,1.187361847
1783618411.139826536,-0.258607821,0.888360075,1.184829687
1783618411.141396284,-0.263731911,0.883145495,1.185080707
1783618411.146656513,-0.252299857,0.913687983,1.161349101
1783618411.148160696,-0.231353201,0.918197419,1.128984721
1783618411.149838209,-0.236782141,0.896824097,1.126453131
1783618411.152089834,-0.253874004,0.882533323,1.114695885
1783618411.153155565,-0.247433030,0.895422682,1.108984397
1783618411.154793739,-0.244982719,0.880521286,1.105170517
1783618411.159502029,-0.258125336,0.871881687,1.101091201
1783618411.160447836,-0.251776894,0.849435109,1.093527469
1783618411.163189411,-0.280324043,0.827413872,1.083904304
1783618411.164896011,-0.268963252,0.826993335,1.084833905
1783618411.166457653,-0.281590277,0.799937618,1.080467571
1783618411.172076941,-0.293706419,0.775442679,1.077194217
1783618411.173228502,-0.291670010,0.725907994,1.087504029
1783618411.174760103,-0.311042561,0.720476981,1.085344332
1783618411.176422119,-0.321149038,0.697637208,1.088357848
1783618411.178233147,-0.341155603,0.649180901,1.102360815
1783618411.184437513,-0.344625940,0.657985632,1.097160728
1783618411.185395479,-0.353419755,0.587101053,1.128134499
1783618411.186677694,-0.355516980,0.565895943,1.144763214
1783618411.189793587,-0.378829932,0.510728323,1.158678502
1783618411.192844629,-0.392885753,0.507199269,1.171375980
1783618411.193845272,-0.383056545,0.463505346,1.192534357
1783618411.196971178,-0.398164610,0.463831065,1.193509726
1783618411.198221207,-0.375734931,0.448782125,1.204976022
1783618411.199889660,-0.379578583,0.407303294,1.221732183
1783618411.202034950,-0.381442274,0.369913739,1.230651421
1783618411.203346252,-0.384278089,0.362342393,1.250713967
1783618411.204725504,-0.379331364,0.331528858,1.257016119
1783618411.208133698,-0.368776761,0.304586190,1.260135989
1783618411.209774494,-0.353110634,0.261691314,1.274379246
1783618411.211694717,-0.346468227,0.204478106,1.295983927
1783618411.213118315,-0.338909696,0.193323108,1.287096383
1783618411.214773178,-0.321662923,0.173507559,1.294021455
1783618411.222201347,-0.308620143,0.125816344,1.308424857
1783618411.223434925,-0.229498241,-0.009822000,1.382581362
1783618411.224749088,-0.210714905,-0.036602166,1.406120280
1783618411.226446152,-0.192196630,-0.077575996,1.425438308
1783618411.228133678,-0.173375071,-0.130256454,1.445287242
1783618411.234535933,-0.151124516,-0.157520004,1.473992016
1783618411.235519171,-0.071521257,-0.270674567,1.535879182
1783618411.238285542,-0.042719508,-0.305195938,1.538174079
1783618411.239874125,-0.023527118,-0.330068199,1.559886284
1783618411.241373301,0.003881899,-0.362354596,1.573480892
1783618411.247068882,0.026986959,-0.389475958,1.593781227
1783618411.248032093,0.103928821,-0.454159024,1.648364455
1783618411.249696493,0.130729599,-0.492620675,1.657495616
1783618411.252093315,0.153435683,-0.497080227,1.668627198
1783618411.253134966,0.179095482,-0.508760348,1.686317360
1783618411.254924774,0.206528095,-0.538962296,1.689270030
1783618411.259481192,0.225553894,-0.523072674,1.690319659
1783618411.260464907,0.298393518,-0.598929118,1.705786051
1783618411.263111353,0.346074769,-0.614400958,1.707370724
1783618411.264819145,0.361200585,-0.654074678,1.730017782
1783618411.266395092,0.398565748,-0.696016735,1.718973961
1783618411.270327568,0.452331225,-0.671611489,1.677904777
1783618411.271442890,0.446373181,-0.885724823,1.802985924
1783618411.273187637,0.479149005,-0.864419911,1.762396979
1783618411.274860382,0.522097372,-0.938240160,1.774324125
1783618411.277091742,0.541053557,-1.020934259,1.791381354
1783618411.278156757,0.557958690,-1.044514178,1.779109572
1783618411.279741526,0.585194045,-1.102133859,1.801107635
1783618411.284408569,0.613761157,-1.179718103,1.822159581
1783618411.285382986,0.701743855,-1.314584984,1.837190551
1783618411.288207769,0.749553685,-1.385390698,1.843691700
1783618411.289875746,0.758287384,-1.458089096,1.873071037
1783618411.291369915,0.780417193,-1.536632529,1.894238727
1783618411.297000408,0.800538477,-1.587074987,1.912998449
1783618411.298205614,0.891194373,-1.736460747,1.929598767
1783618411.299879074,0.925090092,-1.795215060,1.944346179
1783618411.302062511,0.937640429,-1.838252295,1.961903986
1783618411.303343773,0.967811500,-1.881915760,1.950730074
1783618411.304803848,0.993053276,-1.920253402,1.953546015
1783618411.309475660,1.017301708,-1.943333658,1.958838737
1783618411.310429811,1.083964944,-2.020613819,1.981303902
1783618411.313074350,1.098681886,-2.055655705,1.983563692
1783618411.314846039,1.109735984,-2.101033733,2.002000313
1783618411.316395760,1.122996114,-2.132294043,2.022151008
1783618411.322304010,1.154311761,-2.168903772,2.038724661
1783618411.323529482,1.213042411,-2.242066792,2.043663226
1783618411.324815273,1.249897359,-2.283189329,2.045135209
1783618411.326490164,1.257833329,-2.310950755,2.038571827
1783618411.328158140,1.282895736,-2.315371220,2.029892767
1783618411.331985950,1.284135772,-2.358702524,2.042801703
1783618411.334519148,1.309397678,-2.406188518,2.050752277
1783618411.335534811,1.331449703,-2.446678996,2.071467908
1783618411.338268518,1.345756723,-2.473897813,2.080326123
1783618411.339828253,1.358288527,-2.475397527,2.088125427
1783618411.341418028,1.357834796,-2.501159821,2.088013112
1783618411.346993446,1.372075456,-2.501530426,2.083942084
1783618411.348250628,1.417969521,-2.531850525,2.091512411
1783618411.349909306,1.429910630,-2.525501638,2.091912660
1783618411.352100134,1.431604039,-2.540620154,2.112769431
1783618411.353094816,1.428815230,-2.556131804,2.109269476
1783618411.354759693,1.440728824,-2.536744320,2.102113756
1783618411.359486103,1.453375952,-2.552690201,2.107090006
1783618411.360445976,1.475615134,-2.562387051,2.088494365
1783618411.363088608,1.480011008,-2.565944640,2.084849723
1783618411.364932299,1.495813107,-2.551664747,2.084980595
1783618411.366402626,1.494462782,-2.571174421,2.078574165
1783618411.372124434,1.503187383,-2.570590289,2.072831545
1783618411.373317003,1.520372076,-2.587972311,2.085037110
1783618411.374870062,1.519881038,-2.588122100,2.101663685
1783618411.376543283,1.523094786,-2.585420129,2.109850855
1783618411.378108025,1.524284175,-2.589259240,2.111366510
1783618411.384529829,1.516629461,-2.579703177,2.128036169
1783618411.385657310,1.551256951,-2.553018920,2.169066147
1783618411.386945486,1.538024841,-2.547825535,2.174703068
1783618411.389756918,1.527222087,-2.529742390,2.172234608
1783618411.391435862,1.535827166,-2.500559405,2.196344979
1783618411.394566774,1.532081702,-2.495325457,2.211808383
1783618411.395576715,1.538126714,-2.437658317,2.212327420
1783618411.398092031,1.515808770,-2.434750557,2.220494570
1783618411.399917841,1.515326543,-2.428324003,2.237930227
1783618411.402104378,1.506283567,-2.391844950,2.233718677
1783618411.403186560,1.512337929,-2.369306261,2.244510817
1783618411.404850483,1.492022568,-2.354906393,2.244779680
1783618411.409372807,1.494109306,-2.316441889,2.248217783
1783618411.410221100,1.482279925,-2.292471543,2.255336861
1783618411.413165569,1.464253273,-2.255348166,2.269446375
1783618411.414838791,1.451163076,-2.220844480,2.283993018
1783618411.416378498,1.434781534,-2.200085967,2.293565511
1783618411.422296762,1.424075374,-2.161020518,2.299341777
1783618411.423481941,1.416218485,-2.101837064,2.328094374
1783618411.424773693,1.399123598,-2.082290599,2.330974427
1783618411.426520109,1.375924250,-2.069203399,2.351051162
1783618411.428187132,1.356711398,-2.028059261,2.363391731
1783618411.434449911,1.339253614,-2.022377179,2.389786494
1783618411.435394764,1.280267560,-1.930341523,2.419323713
1783618411.436663151,1.263410157,-1.892887269,2.434129267
1783618411.439832926,1.239872586,-1.862146747,2.453239898
1783618411.441455126,1.210874996,-1.838198533,2.469955443
1783618411.447003365,1.197856309,-1.785287822,2.465245402
1783618411.448207140,1.153976519,-1.666816578,2.492540102
1783618411.449860096,1.139605751,-1.620322725,2.504523611
1783618411.452106237,1.114066649,-1.596658644,2.519941083
1783618411.453131437,1.099817388,-1.551261498,2.515540521
1783618411.454775810,1.088355214,-1.488580045,2.521146081
1783618411.459526300,1.070303855,-1.457318056,2.530604692
1783618411.460499287,1.019682364,-1.335984475,2.547896093
1783618411.463207245,0.993124555,-1.279365683,2.554041427
1783618411.464814663,0.981944683,-1.222319688,2.553182928
1783618411.471301794,0.960200169,-1.184081977,2.564696027
1783618411.472343683,0.893933156,-1.017706617,2.575421388
1783618411.473424911,0.882712522,-0.970674991,2.578294721
1783618411.477156878,0.861278751,-0.919977762,2.577104811
1783618411.478200197,0.843351441,-0.892385279,2.575180082
1783618411.479789972,0.823983830,-0.830182395,2.572663467
1783618411.484464407,0.810847669,-0.801293096,2.578071848
1783618411.485404015,0.773822811,-0.689240992,2.575293228
1783618411.488164902,0.749266084,-0.652302768,2.584080439
1783618411.489945889,0.739132379,-0.590917279,2.560322326
1783618411.491440773,0.721904912,-0.552419580,2.567795317
1783618411.497012138,0.704390063,-0.527680614,2.559375244
1783618411.498213053,0.666872514,-0.429252164,2.559388436
1783618411.499855518,0.647681949,-0.390001528,2.553520080
1783618411.502122402,0.640318936,-0.347041830,2.546181646
1783618411.503333092,0.623287077,-0.320213510,2.532555417
1783618411.504830122,0.608951141,-0.280760656,2.507475852
1783618411.509473801,0.595300770,-0.243605493,2.507249266
1783618411.510435104,0.571503915,-0.162059962,2.467736515
1783618411.513100624,0.543013811,-0.138870893,2.457876861
1783618411.514760256,0.533978475,-0.117036213,2.445154514
1783618411.518497705,0.525562160,-0.064213851,2.420656369
1783618411.522137642,0.494597551,-0.029217385,2.380669111
1783618411.523382425,0.484096045,0.025028071,2.339669803
1783618411.524716139,0.466225957,0.048556482,2.314969947
1783618411.526362896,0.448537415,0.082444632,2.297580478
1783618411.528031826,0.438751668,0.107175389,2.278525042
1783618411.533495188,0.425301724,0.111433686,2.257761343
1783618411.534817219,0.399538465,0.168844520,2.181023089
1783618411.536399126,0.376712005,0.187511640,2.158591082
1783618411.538271189,0.366076452,0.210379680,2.132387091
1783618411.539908648,0.358809895,0.219167827,2.105944207
1783618411.541431189,0.332849031,0.229102894,2.076264617
1783618411.547003984,0.329269296,0.259175352,2.039074505
1783618411.548199892,0.287416300,0.290065263,1.989270398
1783618411.549839973,0.273251661,0.295542134,1.964960510
1783618411.552085876,0.255192229,0.296561002,1.939709457
1783618411.553044796,0.248831337,0.316825938,1.906414350
1783618411.554845333,0.233317234,0.334227992,1.894089680
1783618411.559500456,0.223692872,0.332231126,1.867628927
1783618411.560484409,0.198103211,0.374501794,1.788998528
1783618411.563162088,0.170774162,0.371599017,1.779664314
1783618411.564866304,0.175089242,0.395899331,1.762972511
1783618411.566418409,0.155771503,0.407531100,1.722074840
1783618411.572219133,0.144988399,0.425327036,1.691198715
1783618411.573460579,0.139155923,0.465391923,1.645777355
1783618411.574760675,0.128566698,0.481133520,1.611760685
1783618411.576428652,0.121325774,0.502796695,1.590668839
1783618411.578074455,0.109540240,0.500883217,1.575213925
1783618411.580173969,0.104303604,0.527175720,1.549409251
1783618411.584504604,0.104108806,0.561400277,1.518077042
1783618411.585529089,0.099646522,0.602628415,1.460552875
1783618411.588334799,0.085036063,0.605929910,1.443451993
1783618411.589886904,0.072750331,0.623333614,1.412523361
1783618411.591370106,0.076032193,0.647748876,1.396621595
1783618411.595168114,0.064574184,0.653753226,1.380790509
1783618411.596998453,0.073533132,0.702684745,1.330224446
1783618411.598127365,0.061872635,0.704109322,1.313057884
1783618411.599717617,0.065795853,0.713873860,1.293551362
1783618411.601361275,0.065132211,0.749903591,1.282404439
1783618411.603208542,0.057307642,0.750534767,1.271457601
1783618411.609543562,0.051729607,0.759026654,1.257206587
1783618411.610651731,0.062067494,0.817646483,1.213610922
1783618411.611686707,0.063135167,0.826374484,1.205547405
1783618411.614825249,0.043775867,0.825975146,1.192577542
1783618411.616478682,0.044155720,0.838355589,1.181166053
1783618411.622194052,0.046702678,0.852034698,1.159700191
1783618411.623357773,0.049326192,0.858637096,1.154071894
1783618411.624910355,0.039117820,0.843523914,1.138048825
1783618411.626394749,0.041110614,0.856407893,1.123422229
1783618411.628093958,0.038250095,0.858980930,1.126956007
1783618411.634454966,0.025481360,0.831256670,1.122058417
1783618411.635437012,0.024467351,0.861721236,1.091235592
1783618411.638305664,0.017037968,0.850303853,1.098501716
1783618411.639795065,0.018356379,0.838272768,1.097756654
1783618411.641451597,0.003934880,0.844443618,1.088183086
1783618411.646880150,0.013624865,0.851415436,1.076890347
1783618411.648120403,0.007125953,0.849040824,1.069866621
1783618411.649766207,0.004061800,0.851855037,1.067030695
1783618411.652056694,-0.006994206,0.838669068,1.063477984
1783618411.653097391,-0.007424176,0.831122592,1.049647966
1783618411.654803991,-0.006935535,0.851534136,1.037955541
1783618411.657171249,0.000245085,0.856125700,1.034979730
1783618411.658050537,-0.006275207,0.832702707,1.040537762
1783618411.659832001,0.001893799,0.839564342,1.032645834
1783618411.661390305,-0.008084292,0.847232756,1.033984475
1783618411.663185358,-0.021478547,0.827685829,1.029917185
1783618411.664828300,-0.014481489,0.823112039,1.032032815
1783618411.672114611,-0.017635032,0.834282818,1.034363260
1783618411.673280716,-0.014095092,0.824371143,1.038236033
1783618411.674820662,-0.018061987,0.823998771,1.036103867
1783618411.676492929,-0.039220413,0.800977076,1.030713805
1783618411.678029299,-0.038261011,0.806591034,1.032350330
1783618411.684414148,-0.042463710,0.809579230,1.053293850
1783618411.685349226,-0.047266920,0.780515255,1.043628558
1783618411.686640978,-0.047475088,0.771769823,1.062738312
1783618411.689895391,-0.066301002,0.734079577,1.071728511
1783618411.691370010,-0.069049164,0.725244654,1.099197343
1783618411.696996689,-0.071587767,0.703777095,1.105116903
1783618411.698167086,-0.068411968,0.674972258,1.127347485
1783618411.699805737,-0.074620382,0.662818878,1.133403531
1783618411.702145338,-0.087136021,0.657918703,1.148822991
1783618411.703393698,-0.076446763,0.632962683,1.160057237
1783618411.704777241,-0.068835569,0.623416435,1.170054223
1783618411.709493637,-0.079873661,0.606515113,1.175102661
1783618411.710426807,-0.077687188,0.578928583,1.201894326
1783618411.713085413,-0.085440197,0.527229223,1.231811116
1783618411.714878798,-0.087677836,0.503730640,1.238549472
1783618411.716413021,-0.082003006,0.495681620,1.247523401
1783618411.722124815,-0.085343833,0.478643894,1.273534953
1783618411.723313332,-0.073245682,0.452376752,1.296923143
1783618411.724846601,-0.087291248,0.410017192,1.314323173
1783618411.726530552,-0.085488371,0.389331596,1.324547178
1783618411.728094816,-0.083206450,0.394186105,1.349114230
1783618411.733080149,-0.079653431,0.374247019,1.356036091
1783618411.734754562,-0.073276779,0.347737090,1.387860171
1783618411.736765385,-0.077649746,0.331125012,1.395646736
1783618411.738190413,-0.070063286,0.343588056,1.400267212
1783618411.739758492,-0.075217132,0.306416940,1.413711883
1783618411.747148514,-0.076317265,0.289392901,1.422428451
1783618411.748188019,-0.065968644,0.282876730,1.441120500
1783618411.749882221,-0.066726432,0.241507169,1.458144868
1783618411.751411438,-0.065754554,0.230122617,1.468587001
1783618411.753298998,-0.060437183,0.228608388,1.486840685
1783618411.759501934,-0.057208224,0.217995838,1.507851894
1783618411.760482788,-0.045892954,0.162097360,1.580534492
1783618411.763194561,-0.043830833,0.164069918,1.590114108
1783618411.764798403,-0.046667939,0.129573988,1.609026778
1783618411.766384602,-0.037232680,0.132515821,1.625970023
1783618411.772077799,-0.034303619,0.117951250,1.649597019
1783618411.773258924,-0.009291348,0.083838400,1.706172080
1783618411.774786472,0.001545454,0.053340253,1.718607798
1783618411.776475906,0.009188170,0.040701382,1.729679508
1783618411.778030634,0.026892306,0.022019591,1.758955420
1783618411.784531116,0.032836751,-0.020878805,1.785448253
1783618411.785476208,0.081802636,-0.140514321,1.840323169
1783618411.788124800,0.098676860,-0.166635878,1.859810173
1783618411.789892197,0.125164059,-0.129109974,1.803686076
1783618411.791447401,0.134514970,-0.201937843,1.838795970
1783618411.795267105,0.126850188,-0.265146557,1.860502361
1783618411.796990633,0.186952638,-0.336656740,1.860316839
1783618411.798204660,0.196581015,-0.372492099,1.864335659
1783618411.799851418,0.222576873,-0.385007082,1.858908598
1783618411.802100897,0.249409944,-0.427767346,1.867332804
1783618411.803162336,0.265340858,-0.479635802,1.864641604
1783618411.804744005,0.287286569,-0.497025418,1.872460565
1783618411.809468508,0.306784195,-0.529697371,1.879141893
1783618411.810624599,0.382859615,-0.595776111,1.904788551
1783618411.811780453,0.416719562,-0.641525286,1.924465683
1783618411.814797401,0.425413966,-0.695509234,1.945016551
1783618411.822115660,0.440851414,-0.699956400,1.947247363
1783618411.823311567,0.568131067,-0.900543066,2.006680367
1783618411.824821949,0.595195901,-0.938311031,2.012187792
1783618411.826527834,0.617054629,-0.992248812,2.023712023
1783618411.828084946,0.650659281,-1.048680102,2.041816399
1783618411.834515810,0.686134653,-1.089600406,2.053466436
1783618411.835437536,0.811228557,-1.387126091,2.129415015
1783618411.838317633,0.858291620,-1.450872910,2.151118354
1783618411.839868307,0.893403395,-1.544458784,2.192785703
1783618411.841444731,0.919317983,-1.641925234,2.238306190
1783618411.847085953,0.956787905,-1.698182259,2.261798777
1783618411.848233461,1.047143081,-1.972760748,2.382560284
1783618411.849803686,1.084446297,-2.057457913,2.443844061
1783618411.851489067,1.101989634,-2.152237483,2.489066889
1783618411.853143454,1.134133137,-2.241001144,2.520460078
1783618411.857190132,1.146771185,-2.315537515,2.567924907
1783618411.858134985,1.204435682,-2.490106818,2.619917208
1783618411.859757900,1.230074483,-2.566903592,2.662864125
1783618411.861367702,1.237135055,-2.655180533,2.698739753
1783618411.863156319,1.256491723,-2.727369118,2.712503638
1783618411.864850283,1.274319941,-2.767336158,2.737253357
1783618411.866396427,1.281594817,-2.851485060,2.779146505
1783618411.872086525,1.298501226,-2.861345579,2.759643688
1783618411.873322487,1.350801143,-3.012809316,2.800973025
1783618411.874918699,1.354195511,-3.042833274,2.819724512
1783618411.876389980,1.358641076,-3.077257310,2.820808316
1783618411.878036261,1.360935640,-3.081300919,2.833364762
1783618411.884464025,1.358606205,-3.102956067,2.861747586
1783618411.885385036,1.378192223,-3.217772478,2.893550632
1783618411.888145685,1.383704817,-3.207308689,2.891275142
1783618411.889878035,1.377674915,-3.192249731,2.894592517
1783618411.891468525,1.383037632,-3.238093720,2.905043166
1783618411.896968365,1.391779907,-3.266168023,2.907147056
1783618411.898156643,1.410283749,-3.368478361,2.927224401
1783618411.899800539,1.406836836,-3.392426955,2.952584746
1783618411.902092457,1.414355301,-3.415662508,2.979846190
1783618411.903163195,1.407837767,-3.468289087,2.999056654
1783618411.904843569,1.404012266,-3.464883666,3.025922975
1783618411.909476519,1.408262818,-3.497204261,3.035070883
1783618411.910414696,1.389774818,-3.567366901,3.068605906
1783618411.913134813,1.392032521,-3.586195891,3.093011795
1783618411.914790392,1.381180914,-3.611862369,3.094810858
1783618411.918493509,1.378212490,-3.632318737,3.123307923
1783618411.922082186,1.357781727,-3.691044985,3.143501378
1783618411.923235416,1.343093601,-3.712637435,3.160690714
1783618411.924760818,1.313397363,-3.717059570,3.163516125
1783618411.926446199,1.290156694,-3.708244581,3.169672660
1783618411.928222895,1.278607709,-3.726398506,3.181031271
1783618411.934485435,1.265923527,-3.767469554,3.188653360
1783618411.935439348,1.223643324,-3.859395162,3.236579301
1783618411.938152790,1.207463587,-3.849333124,3.248777985
1783618411.939854383,1.176753765,-3.843165637,3.263764388
1783618411.941478729,1.139210345,-3.837250735,3.270863081
1783618411.947014570,1.143690230,-3.812742700,3.276633390
1783618411.948212385,1.106477757,-3.738941737,3.247685727
1783618411.949842930,1.087425732,-3.703414693,3.260274555
1783618411.952102900,1.060560529,-3.668821334,3.262038779
1783618411.953168392,1.052523592,-3.606524108,3.240969671
1783618411.954740047,1.036577608,-3.554121083,3.258098429
1783618411.959477901,1.017115182,-3.508701954,3.237061814
1783618411.960420370,0.999577493,-3.356719965,3.185750981
1783618411.963095427,0.976104549,-3.266131129,3.192695860
1783618411.964842081,0.972078300,-3.209299902,3.169396592
1783618411.966398954,0.958978978,-3.157354576,3.159046716
1783618411.972119808,0.939322417,-3.093679583,3.138683109
1783618411.973310471,0.920840286,-2.916728046,3.057994619
1783618411.974841595,0.907457604,-2.836652845,3.032517187
1783618411.976502180,0.896756756,-2.749290505,3.017283848
1783618411.978037119,0.887671262,-2.704884177,2.983461294
1783618411.980595827,0.871003900,-2.629993430,2.961772793
1783618411.981471300,0.872242574,-2.555994470,2.920155116
1783618411.984482288,0.862894477,-2.514143666,2.898002038
1783618411.985415697,0.857592480,-2.466628203,2.861146531
1783618411.988107204,0.848447945,-2.386724619,2.837875364
1783618411.989875793,0.825353714,-2.296516019,2.788736603
1783618411.991443157,0.816922402,-2.222075268,2.765687332
1783618411.996540785,0.805265508,-2.187535968,2.749678303
1783618411.998068810,0.784332376,-2.042980515,2.666408332
1783618411.999888659,0.757674805,-1.999498058,2.646209082
1783618412.002107620,0.752432348,-1.938503012,2.629859638
1783618412.003201962,0.744002476,-1.878771558,2.606853034
1783618412.004818678,0.724016099,-1.838723984,2.596427224
1783618412.009492397,0.717675395,-1.782724076,2.563973837
1783618412.010449171,0.676408355,-1.635944163,2.506103069
1783618412.013108492,0.669167074,-1.562905888,2.491886310
1783618412.014881134,0.664168532,-1.506364933,2.470100985
1783618412.016456842,0.645995014,-1.466636103,2.465471044
1783618412.022113562,0.629270237,-1.412256310,2.444495835
1783618412.023350954,0.583296101,-1.253107243,2.394353591
1783618412.024931908,0.583117592,-1.176939100,2.379409167
1783618412.026573181,0.570865613,-1.126903056,2.370204144
1783618412.028240919,0.553606728,-1.082689034,2.350054157
1783618412.034490824,0.553470975,-1.003460032,2.323832008
1783618412.035419226,0.499868997,-0.825098352,2.262378273
1783618412.038226366,0.488586124,-0.789572419,2.256566543
1783618412.039908886,0.467428262,-0.745008108,2.243495975
1783618412.041390419,0.474014501,-0.690087909,2.238319638
1783618412.047036171,0.460459546,-0.650771953,2.216298248
1783618412.048032522,0.432151892,-0.545552595,2.181254669
1783618412.049707651,0.426136164,-0.523526656,2.186650197
1783618412.052102804,0.415754044,-0.478606997,2.158736001
1783618412.053204298,0.404295415,-0.432155030,2.151467111
1783618412.054828405,0.400342840,-0.417774355,2.150175329
1783618412.057478428,0.384020897,-0.384717365,2.132003288
1783618412.058306932,0.370283008,-0.358859765,2.127181308
1783618412.059740067,0.365092896,-0.317269514,2.119802942
1783618412.061736107,0.351261261,-0.292032895,2.104671209
1783618412.063198805,0.339835080,-0.271745381,2.095754797
1783618412.064750433,0.337272745,-0.241782520,2.085334140
1783618412.072048664,0.326194849,-0.210539898,2.074031904
1783618412.073224545,0.285707456,-0.107374917,2.042369749
1783618412.074744463,0.275075814,-0.068328323,2.024552368
1783618412.076440573,0.261292723,-0.049695476,2.026027003
1783618412.078031063,0.250879407,-0.036102863,2.017813078
1783618412.084465265,0.249761841,-0.002111595,2.009584051
1783618412.085409403,0.228340861,0.093421499,1.948910520
1783618412.088311434,0.214128278,0.125302691,1.918314744
1783618412.089861631,0.219797464,0.156957467,1.895716272
1783618412.091465712,0.210433068,0.186974306,1.881821215
1783618412.096991777,0.195934813,0.193233944,1.863358962
1783618412.098198652,0.197127763,0.266419853,1.786630274
1783618412.099859238,0.183455086,0.290182139,1.757914902
1783618412.102054596,0.171680660,0.318107183,1.742914776
1783618412.103125095,0.164082104,0.335569412,1.720210924
1783618412.104803324,0.148968143,0.343488810,1.701214088
1783618412.109495878,0.147526108,0.369135446,1.666180108
1783618412.110455990,0.126276132,0.420437596,1.599829789
1783618412.113070726,0.124007509,0.442405268,1.582491804
1783618412.114833593,0.118018132,0.443276709,1.564939746
1783618412.118499994,0.095681917,0.467224908,1.537830972
1783618412.122049093,0.097707999,0.509812274,1.518002393
1783618412.123222113,0.082281762,0.541115746,1.488966632
1783618412.124759912,0.067832739,0.550850872,1.495339405
1783618412.126450300,0.045702600,0.550814901,1.477205399
1783618412.128223419,0.039218226,0.570795494,1.462904983
1783618412.134517670,0.040612708,0.587949412,1.462465891
1783618412.135749578,0.011475031,0.643656387,1.405345241
1783618412.137011766,0.009243389,0.679623669,1.394879760
1783618412.139820576,-0.013114263,0.680532814,1.395091391
1783618412.141404390,-0.036200425,0.675791365,1.390311658
1783618412.146982908,-0.030212716,0.705010816,1.371200980
1783618412.148180962,-0.053456361,0.743925285,1.333332640
1783618412.149864197,-0.062161934,0.763491652,1.316568398
1783618412.152121305,-0.074153992,0.760650050,1.326014708
1783618412.153233528,-0.080997214,0.753256237,1.314138855
1783618412.154803038,-0.088126987,0.768666574,1.317653090
1783618412.159475565,-0.091174799,0.796082294,1.282478449
1783618412.160415888,-0.092551338,0.821862017,1.249047836
1783618412.163098097,-0.119152124,0.820371941,1.230860175
1783618412.164879322,-0.122991426,0.833445513,1.220325232
1783618412.166414738,-0.117093528,0.842474655,1.213254698
1783618412.172064066,-0.131717741,0.843082618,1.198878560
1783618412.173203230,-0.124206591,0.858223804,1.168626223
1783618412.174721241,-0.137167750,0.866649756,1.151688190
1783618412.176412582,-0.138966253,0.882585912,1.143918483
1783618412.178199291,-0.147010219,0.876584117,1.133218455
1783618412.179877758,-0.149231859,0.881473433,1.122102825
1783618412.184461594,-0.143466920,0.905575282,1.108007121
1783618412.185381651,-0.131625808,0.933566205,1.072304384
1783618412.188285112,-0.141157073,0.924599838,1.082440489
1783618412.189840078,-0.141452139,0.919603271,1.072110498
1783618412.191399813,-0.147913111,0.937185993,1.056809221
1783618412.195013523,-0.141260282,0.940686776,1.057239266
1783618412.197046757,-0.141903467,0.949558036,1.033450998
1783618412.198259115,-0.142322158,0.964253433,1.028250624
1783618412.199911356,-0.144478952,0.960469912,1.013356023
1783618412.202102184,-0.160216250,0.954748224,1.017285209
1783618412.203192949,-0.157947234,0.965395101,1.007524449
1783618412.204749107,-0.157416415,0.960649073,1.006205629
1783618412.209471703,-0.155782350,0.959528049,0.998959729
1783618412.210525751,-0.151632729,0.967237785,0.984109152
1783618412.213241100,-0.179173883,0.948122837,0.992361627
1783618412.214892149,-0.164512876,0.959938534,0.989820855
1783618412.216412306,-0.179336757,0.951406692,0.983747367
1783618412.222066641,-0.180474873,0.941098922,0.981471042
1783618412.223215342,-0.169569568,0.962041577,0.970874836
1783618412.224737883,-0.180491771,0.970536978,0.964275853
1783618412.226474285,-0.183078125,0.950937426,0.967353592
1783618412.228193998,-0.201005076,0.954391613,0.967076833
1783618412.234488487,-0.206747602,0.954811466,0.968958504
1783618412.235478163,-0.209771918,0.951406034,0.962561704
1783618412.236627579,-0.215559242,0.946711991,0.965518298
1783618412.239878893,-0.244372050,0.916912810,0.962536290
1783618412.241455555,-0.260628523,0.909987072,0.961952015
1783618412.247055054,-0.265576139,0.896517291,0.969552784
1783618412.248049736,-0.271314164,0.872375375,0.968746746
1783618412.249687672,-0.292192070,0.858685838,0.969000615
1783618412.252111912,-0.309283077,0.847047454,0.971259497
1783618412.253192425,-0.307428797,0.851449722,0.967933962
1783618412.254732847,-0.321172975,0.816585434,0.966984619
1783618412.259508133,-0.328739585,0.804187692,0.972735546
1783618412.260447025,-0.334612483,0.781602738,0.967102490
1783618412.263066769,-0.356604679,0.773649876,0.971026145
1783618412.264853001,-0.359314275,0.760508073,0.975146206
1783618412.266375780,-0.369497018,0.731360233,0.986322793
1783618412.271209955,-0.378450303,0.738839254,0.977047564
1783618412.272538900,-0.384027484,0.705234178,0.988643170
1783618412.273481846,-0.375902344,0.707236879,0.992751411
1783618412.276563406,-0.392951236,0.666425736,1.009445116
1783618412.278072834,-0.403972481,0.648439932,1.003069733
1783618412.284485579,-0.398043132,0.656748368,1.009100072
1783618412.285483837,-0.396911742,0.605281151,1.039857105
1783618412.286636114,-0.397351915,0.589084356,1.043950542
1783618412.289802313,-0.415405972,0.582656812,1.051306973
1783618412.297016621,-0.421506695,0.583904974,1.058442572
1783618412.298193693,-0.423835434,0.508678436,1.109209763
1783618412.299852371,-0.422645991,0.474844985,1.105761285
1783618412.302120209,-0.429784190,0.457355083,1.124169017
1783618412.303411722,-0.425071147,0.440390447,1.139605823
1783618412.304823875,-0.425114071,0.403855519,1.165196893
1783618412.309479713,-0.429849235,0.385233738,1.173601654
1783618412.310431004,-0.427846053,0.279576232,1.228504111
1783618412.313127518,-0.425168657,0.259361720,1.227975352
1783618412.314862728,-0.422561867,0.204611246,1.243046582
1783618412.316453457,-0.421913607,0.186595666,1.259762826
1783618412.322041035,-0.411944702,0.123764850,1.278242446
1783618412.323210001,-0.384396495,-0.019093982,1.342485884
1783618412.324758291,-0.372795497,-0.074229216,1.351977034
1783618412.326412916,-0.366041709,-0.115989724,1.372825206
1783618412.328205109,-0.347871844,-0.167883580,1.400982853
1783618412.331922293,-0.328977719,-0.233490690,1.428585014
1783618412.334499598,-0.301392111,-0.312875136,1.483275866
1783618412.335439444,-0.260143554,-0.423925277,1.533125343
1783618412.338249683,-0.242135564,-0.439682334,1.556905387
1783618412.339958191,-0.220678530,-0.476814862,1.589983896
1783618412.341446161,-0.201375666,-0.518889158,1.603691673
1783618412.346980810,-0.176343269,-0.550916395,1.625661070
1783618412.348322630,-0.121594548,-0.664221309,1.685674171
1783618412.349845886,-0.101551844,-0.674124865,1.701767615
1783618412.351373196,-0.078712763,-0.704305376,1.722136493
1783618412.353273869,-0.060225399,-0.756069707,1.741799892
1783618412.359512091,-0.031096607,-0.792267329,1.757389775
1783618412.360499620,0.055402430,-0.902740696,1.779420583
1783618412.363261223,0.086149045,-0.927854701,1.802581729
1783618412.364869595,0.109123566,-0.968494474,1.808330101
1783618412.366427183,0.128341639,-0.970264306,1.811447944
1783618412.372201204,0.146887854,-1.013398307,1.826467183
1783618412.373395205,0.234467928,-1.075177024,1.800467106
1783618412.374933243,0.283237651,-1.098035825,1.785950945
1783618412.376583815,0.292237172,-1.119506159,1.789427180
1783618412.378078699,0.319632751,-1.154183002,1.808376359
1783618412.384531498,0.337123168,-1.200984629,1.819464930
1783618412.385590315,0.485285720,-1.392160134,1.916606749
1783618412.386730909,0.489023272,-1.411530540,1.901093784
1783618412.389896393,0.524725411,-1.413887622,1.882230317
1783618412.391453266,0.546396666,-1.453155277,1.903875332
1783618412.394091606,0.587572327,-1.478121412,1.921947916
1783618412.395145893,0.627283672,-1.515248487,1.943018510
1783618412.397015810,0.652552781,-1.570801315,1.969404900
1783618412.398047686,0.682392851,-1.604632708,1.992483192
1783618412.399857998,0.724548520,-1.634530262,2.020711819
1783618412.402082682,0.740840583,-1.683284205,2.056237760
1783618412.403277636,0.770815327,-1.742914184,2.099349529
1783618412.404853106,0.791471565,-1.760372661,2.124735964
1783618412.409294605,0.811925381,-1.802552216,2.152007515
1783618412.410193205,0.862205095,-1.880582080,2.217402579
1783618412.411624193,0.904129431,-1.912018591,2.233401517
1783618412.413133621,0.921099852,-1.953893341,2.267284434
1783618412.414852619,0.934141379,-1.992525095,2.294564358
1783618412.416403294,0.957985991,-2.008823466,2.300375995
1783618412.422252893,0.981969157,-2.032288155,2.317622886
1783618412.423467398,1.051696682,-2.125594706,2.396378140
1783618412.424804688,1.061452275,-2.189981850,2.424649455
1783618412.426481009,1.067308222,-2.206668573,2.433982553
1783618412.428128004,1.079215563,-2.221693789,2.451130573
1783618412.434485674,1.083008644,-2.285643901,2.488768747
1783618412.435409784,1.139835020,-2.395892909,2.563621650
1783618412.438122511,1.149958621,-2.414387049,2.581002808
1783618412.439849138,1.145364355,-2.445416342,2.605018472
1783618412.441453218,1.146662602,-2.477501352,2.612532806
1783618412.447024107,1.156047897,-2.491279267,2.628881147
1783618412.448199987,1.188697259,-2.569019373,2.689427231
1783618412.449872017,1.192657051,-2.577229682,2.702162907
1783618412.452215433,1.174661661,-2.615543323,2.727605459
1783618412.453416586,1.189195859,-2.627769568,2.733253242
1783618412.454883099,1.204028833,-2.633959617,2.742727085
1783618412.459533215,1.199550522,-2.660348966,2.761529296
1783618412.460569143,1.224365607,-2.705035653,2.785970514
1783618412.463117361,1.206056328,-2.731289566,2.797563998
1783618412.464862108,1.211218282,-2.731329472,2.802291381
1783618412.466421604,1.210931518,-2.729871639,2.804831127
1783618412.469538927,1.226026130,-2.744538674,2.812580562
1783618412.470566750,1.237889473,-2.745564967,2.816537941
1783618412.473089695,1.255367370,-2.724710732,2.812856466
1783618412.474709988,1.256451798,-2.733425415,2.828023775
1783618412.477047443,1.254898231,-2.715619385,2.818460737
1783618412.478240013,1.269689938,-2.701471687,2.829792928
1783618412.484507799,1.266459135,-2.707328714,2.848814054
1783618412.485496521,1.297743717,-2.611332460,2.874235913
1783618412.488327980,1.310326620,-2.562737193,2.857127866
1783618412.489886999,1.310245257,-2.532686716,2.880185322
1783618412.491349936,1.308368820,-2.510334781,2.878922640
1783618412.496937990,1.316682326,-2.464128939,2.876542080
1783618412.498164415,1.320963137,-2.359973893,2.875503781
1783618412.499799252,1.321093235,-2.302315427,2.873024433
1783618412.502241611,1.318573686,-2.270271419,2.865134875
1783618412.503423452,1.315620825,-2.243250220,2.856068566
1783618412.504745483,1.318764356,-2.198763210,2.839771282
1783618412.509537697,1.315866173,-2.171323041,2.836316605
1783618412.510468245,1.318756268,-2.136990828,2.836311647
1783618412.513137817,1.300202953,-2.158768828,2.842705959
1783618412.514831305,1.283137263,-2.161083531,2.841973653
1783618412.516422510,1.292220626,-2.149280136,2.843867355
1783618412.522106409,1.286831567,-2.152545018,2.841031833
1783618412.523255110,1.288477380,-2.144737522,2.854585061
1783618412.524785995,1.281415836,-2.153114962,2.863706967
1783618412.526464224,1.269517925,-2.137715044,2.864151903
1783618412.528032303,1.272456717,-2.135334610,2.874812893
1783618412.532061577,1.249511106,-2.138577481,2.874901567
1783618412.533040524,1.240211372,-2.109397056,2.883477969
1783618412.534774065,1.228877248,-2.114335879,2.887815426
1783618412.536516666,1.221473211,-2.088311333,2.874806865
1783618412.538143635,1.224934793,-2.069611245,2.887407216
1783618412.539799452,1.200819331,-2.070903041,2.886218246
1783618412.546991110,1.184518589,-2.048228678,2.877507038
1783618412.548194408,1.152089847,-1.950794265,2.863983826
1783618412.549699783,1.143746336,-1.917010142,2.863072316
1783618412.552223682,1.133569530,-1.894206256,2.850834223
1783618412.553383827,1.125418781,-1.867705615,2.840661028
1783618412.554775476,1.120281502,-1.829383511,2.829349866
1783618412.559523106,1.099651065,-1.814766845,2.824814120
1783618412.560545444,1.065462158,-1.737753540,2.800183377
1783618412.563089848,1.042779450,-1.719997395,2.802926366
1783618412.564937592,1.029700800,-1.687214644,2.795548712
1783618412.566435099,1.016301396,-1.643176576,2.787149861
1783618412.572194338,0.998869476,-1.633734904,2.783133196
1783618412.573425293,0.956867603,-1.540531275,2.763529274
1783618412.574743748,0.949979888,-1.510906741,2.754990078
1783618412.576447725,0.924742963,-1.476449857,2.752305704
1783618412.578128576,0.918469413,-1.435996027,2.737121488
1783618412.584536314,0.904929824,-1.405182588,2.731744972
1783618412.585491419,0.853323380,-1.273181869,2.694257519
1783618412.588262081,0.841860851,-1.241881207,2.689553046
1783618412.589920998,0.831993451,-1.189835693,2.675614510
1783618412.591396809,0.812811951,-1.153240495,2.673304932
1783618412.594618082,0.794295710,-1.128960145,2.666291744
1783618412.595507860,0.768886812,-1.039395364,2.646441498
1783618412.598183155,0.760256405,-1.006552453,2.637328088
1783618412.599720955,0.735337626,-0.961730080,2.627148244
1783618412.602234602,0.729234756,-0.912865199,2.625900358
1783618412.603512764,0.711432456,-0.889201390,2.608856755
1783618412.604862690,0.682769155,-0.858900147,2.602959901
1783618412.609575987,0.677507792,-0.797324498,2.583458136
1783618412.610627890,0.620128523,-0.703659621,2.563723088
1783618412.613236904,0.599744494,-0.634812486,2.546831909
1783618412.614876747,0.592740832,-0.606062129,2.545781533
1783618412.616408587,0.572114337,-0.573532163,2.521342066
1783618412.622162104,0.552911258,-0.532896609,2.505086943
1783618412.623371601,0.507562760,-0.460723473,2.491254890
1783618412.624982595,0.477863151,-0.423278982,2.479324072
1783618412.626416683,0.466458733,-0.388022564,2.484581710
1783618412.628175259,0.441084907,-0.377454813,2.485919896
1783618412.634544611,0.420742434,-0.342766840,2.453984341
1783618412.635550976,0.352117649,-0.251687261,2.408110630
1783618412.636673689,0.338868811,-0.241145789,2.411712704
1783618412.639799356,0.299739717,-0.234281125,2.410607112
1783618412.641429663,0.278858323,-0.199516657,2.393084035
1783618412.646909475,0.271592040,-0.177398170,2.378583473
1783618412.648123503,0.227304450,-0.101172981,2.326541859
1783618412.649798155,0.211700186,-0.085094738,2.319031428
1783618412.652197361,0.180436572,-0.083108052,2.319023280
1783618412.653384209,0.165057277,-0.050125417,2.292110729
1783618412.655026913,0.140819238,-0.014439136,2.266451428
1783618412.659537554,0.131338371,-0.005774575,2.250845883
1783618412.660573006,0.091359139,0.079587362,2.188378550
1783618412.663128376,0.058497016,0.101161598,2.169459859
1783618412.664856195,0.051403157,0.144479239,2.139763298
1783618412.666385889,0.033178314,0.153123793,2.125461433
1783618412.669784307,0.012789052,0.179629281,2.095955836
1783618412.674908638,-0.005139149,0.249791128,2.019763086
1783618412.676423550,-0.037915589,0.343821002,1.922009356
1783618412.678141832,-0.064197721,0.359910963,1.895373666
1783618412.679823160,-0.083013845,0.396635268,1.856750795
1783618412.684495211,-0.093163848,0.412137749,1.834432055
1783618412.685447216,-0.134439151,0.494002594,1.743701885
1783618412.688143015,-0.158619744,0.499429462,1.714523560
1783618412.689932346,-0.178942076,0.517427927,1.702288047
1783618412.691418886,-0.191144022,0.539951857,1.681988707
1783618412.697044611,-0.207219317,0.555568415,1.658429603
1783618412.698242188,-0.237833841,0.601659416,1.597271868
1783618412.699912786,-0.259034391,0.588609968,1.590969533
1783618412.702116489,-0.274811897,0.611726791,1.563490393
1783618412.703241110,-0.286089307,0.631485621,1.548969145
1783618412.704793930,-0.307767878,0.614524119,1.543165772
1783618412.709514618,-0.318124898,0.632627656,1.521036076
1783618412.710469723,-0.337840691,0.675933171,1.474247391
1783618412.713127375,-0.368062652,0.671143757,1.458750119
1783618412.714903831,-0.365942981,0.695316131,1.444174551
1783618412.716449022,-0.388299939,0.678707867,1.441353642
1783618412.722157001,-0.392722083,0.695830553,1.411980158
1783618412.723298311,-0.405854861,0.727752398,1.368007926
1783618412.724830389,-0.411643283,0.742345983,1.345526153
1783618412.726495743,-0.414572080,0.731405525,1.349005919
1783618412.728062868,-0.426135669,0.726184897,1.336689246
1783618412.734506845,-0.430616691,0.755464619,1.309779456
1783618412.735481262,-0.439548295,0.775497424,1.272939860
1783618412.738224506,-0.446842024,0.772444222,1.270426873
1783618412.739904881,-0.453360262,0.770049177,1.258915100
1783618412.741372108,-0.456743515,0.783163939,1.243550542
1783618412.745534182,-0.458254150,0.794070806,1.247584860
1783618412.746378660,-0.453736935,0.812607956,1.209660113
1783618412.748230219,-0.459514378,0.805829386,1.206282727
1783618412.749732494,-0.460033171,0.813606754,1.194433503
1783618412.752121210,-0.461162893,0.831426518,1.185428405
1783618412.753237009,-0.461997032,0.834312812,1.172727054
1783618412.754777670,-0.461871758,0.833248495,1.180482257
1783618412.759520531,-0.453392493,0.859626422,1.154247349
1783618412.760464430,-0.446839322,0.899003018,1.118301896
1783618412.763128519,-0.439808679,0.905811570,1.119835186
1783618412.764827490,-0.436347207,0.888104762,1.104625930
1783618412.766422272,-0.442934904,0.916304501,1.091797013
1783618412.772141933,-0.434648349,0.914092999,1.083294122
1783618412.773312807,-0.407581228,0.946473541,1.059182541
1783618412.774855852,-0.408440400,0.941613407,1.050196639
1783618412.776559830,-0.404886411,0.958936364,1.038049560
1783618412.778143883,-0.399796099,0.972437119,1.034860782
1783618412.784528255,-0.393347619,0.965194570,1.026759349
1783618412.785509586,-0.360535110,1.003556367,1.009193003
1783618412.788286448,-0.365129490,1.012741074,1.013468619
1783618412.789915800,-0.358128309,1.005031400,1.012556239
1783618412.791382551,-0.365757216,1.000593829,1.017972981
1783618412.797064304,-0.348395030,1.017431386,1.009219697
1783618412.798038960,-0.319224807,1.009693884,1.011003707
1783618412.799707413,-0.310831878,1.018686287,1.017606428
1783618412.802064896,-0.323270976,0.975558009,1.034312919
1783618412.803192139,-0.316145355,0.985930468,1.020650147
1783618412.804745674,-0.311956868,0.998174509,1.034361942
1783618412.807968616,-0.319205601,0.961418025,1.040873240
1783618412.808792114,-0.294129051,0.989547773,1.021319262
1783618412.811837912,-0.305427427,0.979794629,1.018905837
1783618412.813053131,-0.297599577,0.980526792,1.014433074
1783618412.814818382,-0.299261457,0.992077621,1.012773710
1783618412.822122097,-0.303647402,0.975855876,1.020870284
1783618412.823278189,-0.302229341,0.981832398,1.025748607
1783618412.824913025,-0.300219508,0.997134164,1.021180129
1783618412.826615572,-0.315122054,0.984139046,1.028869839
1783618412.828165293,-0.323103517,0.962136516,1.043510702
1783618412.829706192,-0.335821543,0.950635648,1.056127924
1783618412.834503412,-0.335747575,0.962619364,1.042516130
1783618412.835483789,-0.332888447,0.939693318,1.070213283
1783618412.838148832,-0.351053081,0.909361269,1.085389306
1783618412.840036869,-0.361357442,0.888342721,1.094091144
1783618412.841511488,-0.374687947,0.882349510,1.103441436
1783618412.847035408,-0.373945302,0.864336036,1.116097868
1783618412.848212004,-0.392722814,0.821378266,1.152331526
1783618412.849867105,-0.396964517,0.786656656,1.170438531
1783618412.852069616,-0.409246975,0.759180490,1.185375729
1783618412.853189230,-0.416993866,0.760873059,1.193310039
1783618412.854706764,-0.423057690,0.732605943,1.213566138
1783618412.859616518,-0.422472223,0.709518228,1.230554498
1783618412.860641003,-0.422141402,0.642898344,1.279943859
1783618412.863193989,-0.434863656,0.595171101,1.293907849
1783618412.864933014,-0.427106797,0.587883711,1.315317140
1783618412.866435528,-0.432575183,0.543001199,1.337305366
1783618412.870825052,-0.434340837,0.506675458,1.361560567
1783618412.871874094,-0.418904696,0.448030353,1.417691348
1783618412.873068571,-0.414010649,0.386707284,1.453696860
1783618412.874839306,-0.417522072,0.344062352,1.480187675
1783618412.876367569,-0.420440355,0.302167130,1.524105997
1783618412.878161192,-0.406436618,0.221329483,1.556297847
1783618412.884527683,-0.399007482,0.163352949,1.579676922
1783618412.885613680,-0.333445406,-0.102065650,1.727722132
1783618412.886870623,-0.315299928,-0.167064882,1.766900079
1783618412.889880896,-0.300144198,-0.252629320,1.800972138
1783618412.891457319,-0.282968153,-0.331225605,1.842103494
1783618412.897037745,-0.258270112,-0.380333508,1.867567104
1783618412.898224592,-0.211389760,-0.558215400,1.945679066
1783618412.899880886,-0.184954950,-0.621844592,1.979495646
1783618412.902076721,-0.175422144,-0.668955305,2.008956500
1783618412.903245926,-0.159331528,-0.699898666,2.018518201
1783618412.904834986,-0.130780178,-0.731501429,2.041338454
1783618412.909492016,-0.117188127,-0.786886662,2.057889773
1783618412.910475016,-0.040022656,-0.869219162,2.100025812
1783618412.913130283,-0.012723404,-0.907217924,2.125956413
1783618412.914817333,0.005380732,-0.921827135,2.143160740
1783618412.916393280,0.040275018,-0.939020593,2.161198578
1783618412.922236204,0.057376187,-0.964464711,2.177767408
1783618412.923438787,0.127785773,-1.060563515,2.279592923
1783618412.924753666,0.162392075,-1.080933182,2.271701780
1783618412.926438093,0.200891351,-1.067449553,2.273756237
1783618412.928095818,0.228754142,-1.118545451,2.331250647
1783618412.933066607,0.252972366,-1.150574332,2.358016239
1783618412.934729815,0.381485620,-1.220717718,2.412384723
1783618412.936833143,0.418319324,-1.277108881,2.502612206
1783618412.938143492,0.428383605,-1.287542282,2.505048569
1783618412.939840317,0.468324934,-1.277336870,2.468849761
1783618412.941377401,0.502408278,-1.288393702,2.488450472
1783618412.947000504,0.545275929,-1.338232844,2.533626566
1783618412.948199987,0.641450397,-1.506402691,2.613868722
1783618412.949892759,0.668043591,-1.563145145,2.640335153
1783618412.952078342,0.689983516,-1.607790542,2.661317864
1783618412.953226566,0.732513798,-1.657945343,2.706960340
1783618412.954775572,0.758326956,-1.736821988,2.768475267
1783618412.959493399,0.778673028,-1.761292601,2.769920463
1783618412.960454941,0.869668174,-1.975436738,2.906012128
1783618412.963093996,0.882099102,-1.999848786,2.928202379
1783618412.964869499,0.909732324,-2.062873099,2.965626137
1783618412.966425896,0.941385398,-2.141015827,3.022530871
1783618412.972095966,0.962117835,-2.180075045,3.051625766
1783618412.973217487,1.053532481,-2.332680757,3.177539260
1783618412.974748135,1.101115311,-2.371548833,3.220947320
1783618412.976401567,1.107417269,-2.412772413,3.260334237
1783618412.978204727,1.127443645,-2.473066784,3.290020035
1783618412.979818583,1.162811963,-2.486558074,3.317617506
1783618412.984505653,1.187825059,-2.521037751,3.359250962
1783618412.985464334,1.269775290,-2.627560467,3.447808414
1783618412.988116264,1.274670096,-2.675051061,3.477347625
1783618412.989926100,1.295812624,-2.692158501,3.502197724
1783618412.991366386,1.315548110,-2.718744697,3.518666091
1783618412.995393515,1.320433995,-2.754223811,3.541548001
1783618412.996422291,1.377288427,-2.799012603,3.614268060
1783618412.998028994,1.402303149,-2.857082004,3.634765793
1783618412.999912500,1.426342275,-2.880339629,3.643891841
1783618413.002076149,1.437816410,-2.912096547,3.683050983
1783618413.003171682,1.460079867,-2.947861532,3.714716452
1783618413.004706860,1.483810732,-2.978045948,3.719682651
1783618413.009481907,1.506183906,-3.008889281,3.756121130
1783618413.010426521,1.583215974,-3.091356621,3.827643974
1783618413.013231993,1.598294845,-3.126169910,3.826906178
1783618413.014895916,1.609336089,-3.157492393,3.855017672
1783618413.016448021,1.623176141,-3.166253699,3.860257510
1783618413.022092342,1.641332715,-3.209287045,3.896538835
1783618413.023248434,1.687884297,-3.256399643,3.941826388
1783618413.024829149,1.697487098,-3.301146739,3.948860994
1783618413.026521683,1.723096540,-3.310904476,3.956868093
1783618413.028670073,1.738517907,-3.308275557,3.963622969
1783618413.029900551,1.756182558,-3.324711071,3.951216657
1783618413.034539700,1.761398099,-3.327351732,3.957919790
1783618413.035583258,1.808442793,-3.303796738,3.977512024
1783618413.036900997,1.827807207,-3.288600851,3.971623091
1783618413.039865017,1.838594927,-3.276806851,3.965778070
1783618413.041441202,1.842948745,-3.274323448,3.961617725
1783618413.047046185,1.828728404,-3.220294655,3.947410133
1783618413.048033476,1.875503003,-3.201916776,3.971991804
1783618413.049700499,1.889515976,-3.179684161,3.970167040
1783618413.052096844,1.901524094,-3.164824200,3.968645835
1783618413.053229570,1.905185833,-3.139910382,3.950231042
1783618413.054769754,1.925263395,-3.119739852,3.947929326
1783618413.056574583,1.923157118,-3.079272863,3.938709325
1783618413.059587240,1.930876831,-3.071016995,3.946132072
1783618413.060607910,1.942840657,-2.995815851,3.923405790
1783618413.063045740,1.937879129,-2.961329251,3.903750548
1783618413.064947844,1.924468733,-2.940545732,3.899781850
1783618413.066373348,1.924069009,-2.901473541,3.877591201
1783618413.071523905,1.925145486,-2.855220756,3.864755840
1783618413.073114157,1.918846598,-2.732769967,3.813146189
1783618413.074769974,1.906455829,-2.715665573,3.799300684
1783618413.077164412,1.893700152,-2.691557074,3.781298538
1783618413.078205109,1.893619666,-2.644814280,3.764793053
1783618413.079767227,1.882102997,-2.624276913,3.750743139
1783618413.084484816,1.875831934,-2.602929690,3.736711774
1783618413.085436106,1.867044135,-2.509706369,3.691649826
1783618413.088095665,1.850019124,-2.510051340,3.686196692
1783618413.089944601,1.842058928,-2.483975444,3.673731895
1783618413.091403008,1.829104464,-2.452073387,3.660998496
1783618413.097119570,1.817182675,-2.436356597,3.662761751
1783618413.098069906,1.783213609,-2.327456072,3.617758027
1783618413.099708080,1.762490443,-2.315968532,3.609740385
1783618413.102078676,1.745255838,-2.285485077,3.588208387
1783618413.103447914,1.746774244,-2.214497059,3.550269664
1783618413.104794502,1.737248054,-2.187497704,3.533041047
1783618413.109539270,1.706321093,-2.165303125,3.508738047
1783618413.110578299,1.668669599,-2.028749300,3.450122777
1783618413.113111258,1.648593815,-2.014681728,3.421068938
1783618413.114856720,1.640170376,-1.958437574,3.393550128
1783618413.116381407,1.623713624,-1.913439617,3.384373890
1783618413.122181654,1.605227797,-1.889957732,3.359164994
1783618413.123359203,1.568427240,-1.751290418,3.305906243
1783618413.124899387,1.544907109,-1.709219894,3.283051857
1783618413.126616001,1.538474436,-1.656097529,3.260163277
1783618413.128150940,1.526799772,-1.610119641,3.238762390
1783618413.132569790,1.501785573,-1.572606555,3.232306900
1783618413.133478880,1.481010451,-1.461288748,3.177418220
1783618413.134745121,1.467859260,-1.424045190,3.155999423
1783618413.136516809,1.448303626,-1.368550682,3.134243375
1783618413.138224840,1.440009886,-1.301249737,3.106513660
1783618413.139832735,1.429660603,-1.258684652,3.097247241
1783618413.146986485,1.407197810,-1.209520560,3.071872481
1783618413.148226261,1.359583626,-0.980726743,2.970651279
1783618413.149905920,1.349628600,-0.924191631,2.954805329
1783618413.152152300,1.331885460,-0.879430697,2.934929523
1783618413.153329372,1.316385567,-0.844046093,2.909213577
1783618413.154906750,1.307595332,-0.775948354,2.895685214
1783618413.159493208,1.287637463,-0.759304577,2.892496244
1783618413.160438299,1.231472836,-0.615236086,2.817303428
1783618413.163122892,1.212561522,-0.580164912,2.795231638
1783618413.164893627,1.189814721,-0.548870527,2.771585448
1783618413.166392326,1.182248647,-0.490025160,2.758712756
1783618413.172189951,1.162915164,-0.456954931,2.729567890
1783618413.173319578,1.107717325,-0.352413309,2.667750324
1783618413.174868345,1.076570973,-0.328093525,2.649468600
1783618413.176536798,1.059408896,-0.288143026,2.609867911
1783618413.178100824,1.043838283,-0.241428886,2.584821096
1783618413.184512854,1.014351253,-0.226239463,2.573351740
1783618413.185569525,0.919760380,-0.121720886,2.454479587
1783618413.186680555,0.897474035,-0.069331180,2.420827163
1783618413.189862490,0.884732642,-0.038024126,2.401537752
1783618413.191407681,0.841604361,-0.044024912,2.390084496
1783618413.195064783,0.817866569,-0.002316152,2.355111337
1783618413.197079897,0.771369733,0.025514237,2.304212369
1783618413.198028088,0.752468832,0.055676282,2.271408621
1783618413.199912548,0.725494887,0.080940020,2.257469624
1783618413.202063322,0.688021221,0.095713046,2.226687930
1783618413.203199625,0.667554068,0.095014394,2.212890221
1783618413.204747200,0.648181482,0.143979296,2.177769768
1783618413.209495306,0.623161208,0.138839331,2.159197380
1783618413.210542679,0.561158581,0.194297342,2.067711214
1783618413.213284969,0.528596032,0.214528468,2.043604113
1783618413.214913607,0.503711823,0.253647961,2.007867526
1783618413.216373682,0.487812737,0.266031035,1.991224887
1783618413.222165346,0.459735000,0.273480506,1.959825602
1783618413.223289728,0.408345029,0.308289297,1.887313503
1783618413.224824905,0.386272108,0.332840721,1.851975037
1783618413.226508617,0.364069005,0.353441559,1.826695492
1783618413.228069067,0.350291042,0.363039049,1.799069992
1783618413.234535694,0.325088639,0.371517732,1.775092575
1783618413.235518217,0.259884251,0.427627738,1.676662218
1783618413.238288879,0.235838059,0.453240979,1.658701957
1783618413.239725828,0.221899841,0.458697927,1.632686533
1783618413.241520882,0.194634143,0.457112384,1.618707160
1783618413.247057438,0.177360712,0.480152502,1.595077839
1783618413.248239756,0.138651956,0.519830690,1.538210484
1783618413.249892950,0.117149916,0.546878200,1.510044081
1783618413.252065659,0.089057135,0.544132849,1.494540799
1783618413.253263474,0.081749365,0.554096142,1.464783636
1783618413.254807949,0.072889094,0.570678060,1.452828360
1783618413.259534359,0.056972753,0.588081854,1.437285136
1783618413.260569811,0.028438520,0.620979256,1.394587943
1783618413.263105392,-0.013942522,0.626115490,1.362082190
1783618413.264931917,-0.007365413,0.649563481,1.347452170
1783618413.266376257,-0.033663630,0.641631934,1.340406172
1783618413.270928144,-0.042489435,0.646411072,1.325685972
1783618413.272092581,-0.049794555,0.682623549,1.300166871
1783618413.274845362,-0.073268464,0.649570058,1.318207784
1783618413.277207851,-0.085859777,0.698944263,1.283428658
1783618413.278237343,-0.098826021,0.696207683,1.268939557
1783618413.279717445,-0.114676659,0.703311778,1.265349043
1783618413.284506559,-0.113381737,0.729332054,1.260503299
1783618413.285544395,-0.128948111,0.759365261,1.231494717
1783618413.286727667,-0.127462805,0.774747680,1.222729403
1783618413.289868832,-0.143995066,0.763341950,1.217452308
1783618413.291441202,-0.148373961,0.790381809,1.198726098
1783618413.297024488,-0.139810894,0.805805870,1.199717365
1783618413.298216581,-0.134395071,0.842225609,1.162161622
1783618413.299854040,-0.142291946,0.844143027,1.143725131
1783618413.302145958,-0.138704161,0.857895033,1.141921262
1783618413.303370953,-0.137509946,0.885529919,1.127800277
1783618413.304713011,-0.127045275,0.891983727,1.128636624
1783618413.309506893,-0.139149318,0.891906977,1.117630817
1783618413.310434580,-0.116365036,0.940585138,1.100653301
1783618413.313057899,-0.123546975,0.949616118,1.090969237
1783618413.314839125,-0.118886961,0.979251909,1.078528108
1783618413.316430092,-0.110511128,0.987763072,1.068646997
1783618413.322225571,-0.116232388,0.982261118,1.064485874
1783618413.323398113,-0.084147526,1.032314543,1.030755776
1783618413.324697733,-0.072317462,1.055957977,1.027997238
1783618413.326359272,-0.077897804,1.052997100,1.018681599
1783618413.328047037,-0.080095678,1.053565444,1.006767877
1783618413.332031965,-0.075851208,1.084040595,1.000924169
1783618413.333046198,-0.070470087,1.088969872,0.985652465
1783618413.334751368,-0.055812163,1.118504388,0.969333217
1783618413.336853981,-0.068253266,1.116099887,0.980587063
1783618413.338234186,-0.062735798,1.114954434,0.961744591
1783618413.339803219,-0.069163174,1.137917113,0.950648541
1783618413.347071886,-0.080283374,1.142345176,0.956370701
1783618413.348274231,-0.066913541,1.137572383,0.930879845
1783618413.349753380,-0.083897057,1.147196136,0.928383527
1783618413.351405382,-0.088434616,1.148948541,0.935270754
1783618413.353212595,-0.087926463,1.134358802,0.930873953
1783618413.359554529,-0.100737802,1.140938805,0.923423836
1783618413.360598087,-0.087485378,1.165093454,0.905119964
1783618413.363261461,-0.120078487,1.149138480,0.914376102
1783618413.364917517,-0.121173295,1.151795137,0.903245667
1783618413.366363049,-0.127285721,1.168272338,0.898249069
1783618413.372126341,-0.125817411,1.173619205,0.900103874
1783618413.373329401,-0.127569821,1.179223007,0.892437212
1783618413.374868631,-0.134188378,1.158418001,0.898878998
1783618413.376542091,-0.156159672,1.156606341,0.905252974
1783618413.378130913,-0.148378979,1.172398756,0.906046235
1783618413.384443283,-0.166152057,1.166075148,0.914366258
1783618413.385423183,-0.159016866,1.155531946,0.923703504
1783618413.388181210,-0.164112549,1.166599683,0.915438038
1783618413.389925003,-0.175847951,1.173238881,0.920859421
1783618413.391407251,-0.190236312,1.161553936,0.910596711
1783618413.393225193,-0.183345188,1.149081963,0.918003498
1783618413.397075415,-0.175392942,1.168083908,0.903670255
1783618413.398075104,-0.158568523,1.158611863,0.915639370
1783618413.399732113,-0.169129604,1.147182649,0.915160185
1783618413.402204037,-0.169847280,1.156693738,0.921119105
1783618413.403406858,-0.162697067,1.144457511,0.928127801
1783618413.404943705,-0.167054683,1.132132243,0.932457611
1783618413.408773899,-0.165016863,1.128265351,0.942451425
1783618413.409852505,-0.156240343,1.109611015,0.949728506
1783618413.411507368,-0.152283045,1.130323347,0.949706620
1783618413.413218498,-0.153573679,1.120638603,0.966800751
1783618413.414905310,-0.161878869,1.099881571,0.983766085
1783618413.416395664,-0.161078376,1.095469242,0.991205820
1783618413.422116518,-0.161235891,1.121753778,0.994355539
1783618413.423310041,-0.143840527,1.131147953,1.006010142
1783618413.425171614,-0.136021921,1.137792020,1.015433406
1783618413.426414251,-0.144182647,1.134505301,1.020831410
1783618413.428215265,-0.143346206,1.128375521,1.017871322
1783618413.429883480,-0.152698752,1.150467356,1.020994134
1783618413.434564829,-0.152206319,1.140745441,1.028904024
1783618413.435518742,-0.142460136,1.137483244,1.044820995
1783618413.438263178,-0.146175683,1.127778427,1.059084134
1783618413.439966440,-0.147677947,1.145978250,1.067668427
1783618413.441439390,-0.149596438,1.138201264,1.083477864
1783618413.447071314,-0.147467910,1.119663052,1.095462684
1783618413.448256731,-0.127148087,1.142006643,1.122741080
1783618413.449725628,-0.133964814,1.139821707,1.135078755
1783618413.452121735,-0.129146381,1.146670052,1.153995262
1783618413.453308344,-0.126584794,1.134553092,1.184046780
1783618413.454868793,-0.122707620,1.113108938,1.208833903
1783618413.459544182,-0.124948005,1.123581731,1.212150807
1783618413.460602045,-0.101905129,1.097238898,1.276377647
1783618413.463174582,-0.096327921,1.118752119,1.288875262
1783618413.464841127,-0.097678660,1.106278290,1.315032557
1783618413.466384172,-0.091782239,1.081103011,1.325929081
1783618413.470666885,-0.085405826,1.085024988,1.346551798
1783618413.471683025,-0.077111485,1.088670979,1.371968524
1783618413.473157883,-0.059042895,1.072936360,1.403693286
1783618413.474823236,-0.053444716,1.077862359,1.421760180
1783618413.477175713,-0.037183090,1.072922351,1.428979453
1783618413.478248119,-0.022188751,1.071903715,1.427020835
1783618413.479726553,0.004578077,1.083482424,1.447142083
1783618413.484488249,0.020669519,1.074589691,1.477116543
1783618413.485462427,0.092928727,1.005296305,1.569123949
1783618413.488295078,0.120182243,0.971013943,1.600196956
1783618413.489943504,0.151931097,0.946612040,1.639911342
1783618413.491417408,0.178055393,0.931574609,1.679074085
1783618413.497036934,0.208231638,0.890567159,1.725208945
1783618413.498225689,0.305802155,0.806570220,1.854279250
1783618413.499859810,0.343589191,0.773641942,1.895667222
1783618413.502204180,0.381033636,0.751025631,1.947726585
1783618413.503401518,0.421999188,0.732729510,1.991020373
1783618413.504703522,0.447887253,0.686288824,2.041903797
1783618413.509533405,0.493923612,0.662175630,2.078297764
1783618413.510582685,0.584488270,0.577083240,2.202502054
1783618413.513219833,0.627422060,0.553844256,2.236254418
1783618413.514921427,0.654983491,0.501240222,2.276646565
1783618413.516549826,0.694254630,0.457242623,2.310791599
1783618413.522172213,0.726652365,0.430204970,2.351412703
1783618413.523339033,0.813103974,0.297914470,2.460607108
1783618413.524870872,0.856319410,0.264266346,2.489222177
1783618413.526539326,0.887721405,0.227508812,2.524037611
1783618413.528074503,0.906097110,0.207660627,2.554261133
1783618413.531614542,0.955544309,0.185161292,2.589161542
1783618413.534500599,1.016319839,0.090056641,2.642538160
1783618413.535509348,1.146115475,0.027385916,2.698377547
1783618413.538089514,1.163299430,0.028041867,2.714875989
1783618413.539945126,1.123204071,-0.028716311,2.785344813
1783618413.541392326,1.146982848,-0.052810007,2.838481932
1783618413.547015905,1.185555105,-0.145420213,2.876064375
1783618413.548031569,1.283183640,-0.267444874,2.990631079
1783618413.549724102,1.324991555,-0.302431467,3.008676279
1783618413.552276850,1.360985463,-0.329732282,3.050574288
1783618413.553555489,1.392828394,-0.359660410,3.067016878
1783618413.554891825,1.427680939,-0.414474613,3.100408871
1783618413.559545994,1.467249543,-0.440132957,3.148220096
1783618413.560617208,1.581872097,-0.549287878,3.244969634
1783618413.563064098,1.629529641,-0.577847737,3.288335147
1783618413.565263748,1.693997680,-0.656171293,3.346153825
1783618413.566465855,1.738133045,-0.667239521,3.374802662
1783618413.572144985,1.793814946,-0.715649506,3.423094546
1783618413.573364496,1.917194317,-0.860049719,3.586239349
1783618413.574924231,1.958285676,-0.956119040,3.660312228
1783618413.576580524,2.015296815,-1.010209922,3.709935245
1783618413.578201294,2.055737803,-1.037158235,3.749944922
1783618413.584480286,2.086786899,-1.099921498,3.822275079
1783618413.585460663,2.193211356,-1.236184162,3.980702367
1783618413.588179111,2.211366824,-1.315792847,4.055646419
1783618413.589984179,2.294739118,-1.388453387,4.145312566
1783618413.591479063,2.345525743,-1.444816502,4.183943489
1783618413.593770981,2.370164939,-1.454196203,4.220886775
1783618413.594725370,2.404209601,-1.470590875,4.260205950
1783618413.597035408,2.429413309,-1.494171730,4.286279662
1783618413.598258972,2.467673350,-1.513488402,4.325417387
1783618413.599697828,2.505137657,-1.534810412,4.351075355
1783618413.602214813,2.538614169,-1.554858835,4.387869352
1783618413.603423595,2.564258828,-1.591914611,4.428917686
1783618413.604720354,2.602268417,-1.588429184,4.460856316
1783618413.608604908,2.632927849,-1.645693040,4.517937289
1783618413.609787703,2.691972727,-1.699523095,4.604968546
1783618413.611737013,2.724716386,-1.701572732,4.641147461
1783618413.613267899,2.752349555,-1.729211409,4.678369519
1783618413.614794254,2.765258031,-1.745099931,4.708982766
1783618413.622165680,2.795746863,-1.757898675,4.752028785
1783618413.623349905,2.867825750,-1.805497998,4.868135674
1783618413.624711275,2.891210594,-1.793145855,4.883815711
1783618413.626404285,2.917999220,-1.781147334,4.883707347
1783618413.628074408,2.932396299,-1.787126904,4.901638493
1783618413.634493828,2.946651983,-1.783456794,4.904081982
1783618413.635509014,2.985563108,-1.768020728,4.936512692
1783618413.638193607,3.012145995,-1.776471510,4.954166175
1783618413.639854670,3.017044729,-1.807116388,4.948358457
1783618413.641467333,3.035191665,-1.811894369,4.958307568
1783618413.647415638,3.064791451,-1.834676073,4.975250240
1783618413.648418665,3.085761158,-1.899514490,5.042461322
1783618413.649888754,3.106813827,-1.915914847,5.065048132
1783618413.651591301,3.118681970,-1.951114172,5.078837037
1783618413.653142452,3.122529908,-1.960270242,5.084638282
1783618413.659553289,3.128198998,-1.963899269,5.080256861
1783618413.660531998,3.145532712,-1.967212777,5.081488979
1783618413.663180351,3.136179346,-2.000279956,5.062391485
1783618413.664951086,3.138849846,-1.982959736,5.040909647
1783618413.666410685,3.144344119,-1.976453634,5.033312672
1783618413.669777393,3.140229551,-1.971808069,5.037334171
1783618413.672027349,3.147044662,-1.967042995,5.041505844
1783618413.673079491,3.150718705,-1.952440402,5.047852365
1783618413.674871206,3.154736439,-1.961024176,5.051434017
1783618413.676424980,3.149106709,-1.953652738,5.027131019
1783618413.678189754,3.154781116,-1.959188241,5.043502387
1783618413.684531689,3.148233894,-1.953808349,5.043013152
1783618413.685588598,3.144911917,-1.810336560,4.980023109
1783618413.688199043,3.143911767,-1.805880306,4.976056759
1783618413.689933777,3.146421633,-1.798766257,4.960539170
1783618413.691390038,3.140673838,-1.781964368,4.939747908
1783618413.697032213,3.138316346,-1.735580660,4.931997030
1783618413.698246002,3.139930315,-1.621356681,4.868830049
1783618413.699939489,3.142868671,-1.583666997,4.830119130
1783618413.701394796,3.139475461,-1.575761118,4.801384593
1783618413.703216791,3.144275394,-1.535172491,4.782706464
1783618413.709514618,3.152666569,-1.513258474,4.770763208
1783618413.710481644,3.155934315,-1.404309981,4.711317202
1783618413.713097334,3.164057419,-1.399396733,4.693640000
1783618413.714906216,3.171416406,-1.352072115,4.666752469
1783618413.716403723,3.175807408,-1.337808832,4.664921006
1783618413.722186089,3.165206617,-1.322611508,4.653846386
1783618413.723317385,3.150914589,-1.262774286,4.618111657
1783618413.724850893,3.151499806,-1.216411517,4.586939313
1783618413.726586819,3.156100580,-1.198892847,4.577017983
1783618413.728122711,3.136456085,-1.177951292,4.559419248
1783618413.730993271,3.129328185,-1.169443111,4.539988538
1783618413.731913328,3.119617119,-1.134397126,4.527881783
1783618413.734497786,3.101861531,-1.115766292,4.512734309
1783618413.735545635,3.072000819,-1.059827868,4.475235914
1783618413.738212109,3.058999255,-1.047174288,4.464463067
1783618413.739942789,3.043449404,-1.023798386,4.427249680
1783618413.741438627,3.032398050,-0.979059385,4.397281135
1783618413.746575594,3.015161675,-0.941683643,4.368714256
1783618413.748152494,2.980264093,-0.837469247,4.270120252
1783618413.749883652,2.973049290,-0.814598585,4.232165839
1783618413.751455307,2.955426730,-0.771445521,4.198828531
1783618413.753317595,2.950940645,-0.725320491,4.173339564
1783618413.759553432,2.942163766,-0.702443154,4.141449431
1783618413.760611773,2.898220045,-0.578282553,4.040425014
1783618413.763166904,2.895527543,-0.530838684,4.005739468
1783618413.764973640,2.890639103,-0.493119832,3.977593581
1783618413.766421795,2.864035060,-0.451295000,3.952129889
1783618413.772162437,2.852809282,-0.437796123,3.931182907
1783618413.773304462,2.811850222,-0.348572755,3.839183744
1783618413.774837971,2.801735441,-0.280445817,3.792641988
1783618413.776512384,2.796833170,-0.241502832,3.768344949
1783618413.778077841,2.772449354,-0.223779076,3.739053832
1783618413.784500122,2.754218693,-0.182484334,3.705966538
1783618413.785498619,2.696858527,-0.062006562,3.597812799
1783618413.788167000,2.680273670,-0.027437470,3.576821847
1783618413.789971828,2.660127777,-0.001314345,3.557065790
1783618413.791412830,2.634974440,0.009832147,3.545429596
1783618413.793737173,2.628848496,0.057689217,3.518225340
1783618413.794799328,2.616101352,0.086839040,3.501491182
1783618413.797106028,2.599777241,0.093869260,3.505821323
1783618413.798049212,2.578948629,0.130655482,3.500831127
1783618413.799732208,2.556655189,0.168334991,3.508971521
1783618413.802142382,2.524068212,0.170758913,3.506822145
1783618413.803340197,2.501737797,0.251043855,3.532568374
1783618413.804908991,2.452619930,0.312086273,3.600826564
1783618413.808525324,2.422339019,0.380986360,3.590130457
1783618413.809801579,2.357791596,0.509516421,3.567239676
1783618413.811783552,2.321762910,0.588868946,3.525671197
1783618413.813022614,2.289666680,0.678447758,3.436959633
1783618413.814827919,2.266471864,0.767983573,3.362386298
1783618413.822134733,2.240992044,0.867399490,3.276124805
1783618413.823323488,2.171965733,1.114816906,3.008781316
1783618413.824891806,2.140373260,1.179059338,2.948555665
1783618413.826575756,2.102238258,1.217341605,2.940214906
1783618413.828120708,2.088248460,1.251924761,2.907407433
1783618413.834533691,2.044407297,1.280959802,2.865349380
1783618413.835644007,1.996880377,1.340909097,2.758945680
1783618413.836691618,1.988373852,1.376549598,2.721428965
1783618413.839959383,1.929495516,1.391456212,2.736583921
1783618413.841407776,1.890036278,1.406650130,2.722733535
1783618413.847126007,1.895027448,1.411969836,2.718432382
1783618413.848075390,1.868225077,1.440304717,2.689359585
1783618413.849713802,1.837773939,1.449894241,2.707298165
1783618413.852158785,1.811700331,1.455975523,2.726669864
1783618413.853302002,1.801097336,1.474025979,2.715572419
1783618413.854956150,1.784552275,1.492960831,2.722974995
1783618413.859552145,1.780371906,1.483770792,2.725886467
1783618413.860645056,1.783616696,1.525625068,2.683992953
1783618413.861715078,1.779395644,1.525954828,2.667748707
1783618413.864960432,1.741695868,1.560548185,2.657360474
1783618413.866428852,1.726447474,1.605011212,2.626712134
1783618413.869380951,1.711429265,1.603726454,2.613878487
1783618413.870387554,1.718748198,1.611555380,2.593028758
1783618413.872087717,1.710655304,1.620348109,2.584564984
1783618413.874771118,1.681119093,1.629800283,2.584929499
1783618413.877193689,1.661993785,1.650533591,2.566813084
1783618413.878197432,1.656112294,1.632242659,2.550952577
1783618413.879772902,1.645341201,1.649009125,2.550281409
1783618413.884454012,1.652748200,1.651997412,2.533266753
1783618413.885503769,1.643321373,1.605442161,2.538016521
1783618413.888099194,1.617425565,1.572593542,2.564229647
1783618413.889973402,1.594825033,1.566051304,2.571516527
1783618413.891440630,1.582135888,1.550681445,2.593078695
1783618413.897096634,1.578832771,1.524839467,2.625505598
1783618413.898133039,1.564504746,1.458748673,2.666138751
1783618413.899802208,1.543897150,1.442218988,2.665645423
1783618413.901463032,1.532601345,1.446552116,2.683758965
1783618413.903388500,1.524602045,1.436418572,2.691100932
1783618413.904834270,1.504244253,1.411228666,2.702657371
1783618413.909628630,1.501993734,1.397794884,2.705220137
1783618413.910807848,1.481948356,1.381963125,2.708218321
1783618413.911889315,1.463517689,1.376309007,2.711112778
1783618413.914924383,1.444098221,1.390692548,2.706515051
1783618413.916428089,1.431900887,1.382334774,2.710306011
1783618413.922131538,1.417413298,1.384566071,2.684607313
1783618413.923307896,1.389133058,1.384562030,2.669532937
1783618413.924863815,1.371942711,1.387144924,2.679121557
1783618413.926508665,1.369596438,1.388317676,2.687495396
1783618413.928055525,1.343336254,1.364859325,2.687797968
1783618413.931974649,1.329684261,1.379576776,2.670772073
